base_policy,restriction,path_id,path_content_sha256,released_information_path_sha256,training_seed,decision_periods,clearance_followup_periods,physical_scope,decision_operational_loss,clearance_operational_loss,terminal_correction,total_operational_objective,loss_queue,loss_waiting,loss_exit,loss_overflow,loss_route_resource,loss_action,peak_pressure,overload,waiting_model_unit_weeks,direct_sue_exit,duration_attrition,total_exit,delivered_landbridge,ending_outstanding_mass,clearance_status,clearance_weeks_observed,right_censored,numerical_failure,transition_audits_passed,maximum_transition_residual,accepted,loss_direct_sue_exit,loss_duration_attrition,loss_component_sum_with_terminal,all_step_acceptance_passed,mean_decision_time_seconds,maximum_decision_time_seconds,action_dimension,projector_id,kernel_id,information_source,restricted_clearance_time_contribution
Passive,full_action,test_000_4ae657b9eeec,4ae657b9eeecf70786804d24952478895a67cdd02d3cb00a5f23d60565e89d40,8b83c669d56287c61d40a0703b8fe7ebc8aa642d9fff413ea893b4f328a3116c,,21,78,decision_plus_clearance,45344.78581403905,248690.32679992574,0.0,294035.11261396477,6972.769936723648,271882.57539146213,11624.829647350156,2718.4647273642336,836.4729110646418,0.0,45.0249198448649,1451.3075691446465,16154.261007582938,7.296815539878496e-05,553.5632435723281,553.5633165404836,1187.809557973801,6.496137428442157e-07,cleared,78,False,False,True,9.482431742504024e-07,True,0.0015323312633744842,11624.82811501889,294035.1126139648,True,2.1166644901746795e-05,4.12999652326107e-05,34,shared_weighted_euclidean_projector,shared_model_kernel_rcmsa_tagged_transition,released_hmm_filter,78
Passive,full_action,test_001_dde9993de777,dde9993de777ead4870656b2cec02bf256c4174b03458346cc5fc13db98f082b,8b83c669d56287c61d40a0703b8fe7ebc8aa642d9fff413ea893b4f328a3116c,,21,78,decision_plus_clearance,40689.382326725245,243268.5274980212,0.0,283957.9098247464,6486.286585170654,262996.59838574013,11244.893491448718,2438.4785383320796,791.6528240549533,0.0,43.17370766834465,1319.213171004269,15626.288991209738,6.167135922072723e-05,535.4710569690559,535.4711186404152,1162.6810009020444,8.051995118877808e-07,cleared,78,False,False,True,9.635223777137198e-07,True,0.001295098543635272,11244.892196350174,283957.90982474654,True,4.3895261894379344e-05,0.0004773000255227089,34,shared_weighted_euclidean_projector,shared_model_kernel_rcmsa_tagged_transition,released_hmm_filter,78
Passive,full_action,test_002_f01217ab0e79,f01217ab0e7903b1b91cb3f87068f20b75f716d08632ca2b15c76649d7f00a8c,8b83c669d56287c61d40a0703b8fe7ebc8aa642d9fff413ea893b4f328a3116c,,21,78,decision_plus_clearance,43749.61242358987,238450.44583081026,0.0,282200.05825440015,6398.738135447388,261480.0680717976,11180.051472331032,2362.716385956454,778.484188867785,0.0,42.160515897751026,1302.6431960948232,15536.182345377467,5.959118570393071e-05,532.3833438531492,532.3834034443349,1131.9846525235535,5.684522882676763e-07,cleared,78,False,False,True,9.446710762237979e-07,True,0.0012514148997825449,11180.050220916133,282200.05825440027,True,2.2671429351681755e-05,3.9400067180395126e-05,34,shared_weighted_euclidean_projector,shared_model_kernel_rcmsa_tagged_transition,released_hmm_filter,78
Passive,full_action,test_003_eb3106001035,eb3106001035e1bd9c52b845bd9616d282a52a699d46aca5269b5370622454fc,8b83c669d56287c61d40a0703b8fe7ebc8aa642d9fff413ea893b4f328a3116c,,21,78,decision_plus_clearance,42235.16543168602,246914.99129957822,0.0,289150.15673126426,6693.7886271178195,267613.56028344715,11442.30011764335,2592.507185683569,808.00051737225,0.0,44.0349233621146,1382.3649974679104,15900.611857596032,6.746744054170538e-05,544.8713667060523,544.8714341734928,1164.128554633835,7.280185960729902e-07,cleared,78,False,False,True,9.92281865067465e-07,True,0.001416816251375813,11442.298700827097,289150.1567312642,True,2.4438126101380303e-05,3.7499936297535896e-05,34,shared_weighted_euclidean_projector,shared_model_kernel_rcmsa_tagged_transition,released_hmm_filter,78
Passive,full_action,test_004_55a330aff5c4,55a330aff5c4a0576082656af4ffca48ee935b03b126b46b442653f81477abfb,8b83c669d56287c61d40a0703b8fe7ebc8aa642d9fff413ea893b4f328a3116c,,21,78,decision_plus_clearance,44414.883397419624,239708.50439380005,0.0,284123.3877912197,6562.967016469673,263063.2063790293,11247.74141592305,2466.087119853753,783.3858599438904,0.0,42.98056430479818,1348.857429879755,15630.246591790654,6.0610183370534717e-05,535.6066734813904,535.6067340915738,1142.831287818136,6.524740824822686e-07,cleared,78,False,False,True,9.565452865897484e-07,True,0.0012728138507812291,11247.740143109198,284123.3877912197,True,2.090475477633022e-05,4.560011439025402e-05,34,shared_weighted_euclidean_projector,shared_model_kernel_rcmsa_tagged_transition,released_hmm_filter,78
Passive,full_action,test_005_981c73a17708,981c73a17708f6a8f2159189b725895e9b78b4ffca7b2cc292d9f5cb6c138259,8b83c669d56287c61d40a0703b8fe7ebc8aa642d9fff413ea893b4f328a3116c,,21,78,decision_plus_clearance,42787.64081628002,235642.68820612584,0.0,278430.32902240584,6439.103457801338,257804.92147651964,11022.913866735316,2389.6796274981134,773.7105938514375,0.0,42.844303188860785,1324.902231309155,15317.81867514774,5.456126731253414e-05,524.9006057594621,524.9006603207295,1159.0420707149283,7.337601552337193e-07,cleared,78,False,False,True,9.916610956156682e-07,True,0.001145786613563217,11022.912720948705,278430.32902240584,True,2.7366669937258675e-05,0.00010040006600320339,34,shared_weighted_euclidean_projector,shared_model_kernel_rcmsa_tagged_transition,released_hmm_filter,78
Passive,full_action,test_006_daba4b1e9814,daba4b1e9814b4a66b4b77a1db00896fa1b3246def31f9ebaa0c7ced46e92af5,8b83c669d56287c61d40a0703b8fe7ebc8aa642d9fff413ea893b4f328a3116c,,21,78,decision_plus_clearance,44164.044450653884,241603.77587502133,0.0,285767.8203256752,6575.911068747774,264653.0932839343,11315.71992661845,2429.7000303383693,793.3960160362561,0.0,43.36546837181539,1358.3904842936997,15724.711815374036,6.255666632546781e-05,538.8437434727837,538.84380602945,1150.0707780117264,7.900922695745474e-07,cleared,78,False,False,True,9.64689150136632e-07,True,0.0013136899928348242,11315.718612928456,285767.82032567513,True,2.835715366970925e-05,8.46001785248518e-05,34,shared_weighted_euclidean_projector,shared_model_kernel_rcmsa_tagged_transition,released_hmm_filter,78
Passive,full_action,test_007_925513ee8ec6,925513ee8ec62fc55ab4f4e4980ba11972ca8c6ab89cbb52b03a5fe88f85fa31,8b83c669d56287c61d40a0703b8fe7ebc8aa642d9fff413ea893b4f328a3116c,,21,78,decision_plus_clearance,52676.62965750771,262336.42317722156,0.0,315013.05283472926,7834.193674409985,290461.0489645208,12419.186322573521,3374.746150416697,923.8777228083444,0.0,48.51882715021879,1697.531451313089,17258.125463130626,0.0001038512690445095,591.3897210331844,591.3898248844534,1233.208194630252,6.004628364288005e-07,cleared,78,False,False,True,9.970664311565906e-07,True,0.0021808766499346994,12419.184141696873,315013.0528347293,True,2.943336342771848e-05,9.900005534291267e-05,34,shared_weighted_euclidean_projector,shared_model_kernel_rcmsa_tagged_transition,released_hmm_filter,78
Passive,full_action,test_008_fabe46a0ea00,fabe46a0ea0025c65c0c7b807dc0f70b60fa5f50100dd7bd2d9ad2a46e9df6b5,8b83c669d56287c61d40a0703b8fe7ebc8aa642d9fff413ea893b4f328a3116c,,21,78,decision_plus_clearance,40033.45554517875,232046.17222397059,0.0,272079.6277691493,5993.370886101989,252390.37698739461,10791.405182254932,2168.7048531241594,735.7698602735558,0.0,40.45991701908616,1195.2105864619898,14996.106389167753,4.962184957957056e-05,513.8763876283853,513.8764372502349,1108.8956732109334,7.583923092454196e-07,cleared,78,False,False,True,9.493585409658198e-07,True,0.0010420588411709816,10791.404140196091,272079.62776914926,True,2.3166671217907042e-05,4.179985262453556e-05,34,shared_weighted_euclidean_projector,shared_model_kernel_rcmsa_tagged_transition,released_hmm_filter,78
Passive,full_action,test_009_c8ef87e47101,c8ef87e471016915d86795cd09c50907b7668afc7c30bcb05a14726a2af75061,8b83c669d56287c61d40a0703b8fe7ebc8aa642d9fff413ea893b4f328a3116c,,21,78,decision_plus_clearance,40122.719941936346,237770.2498662864,0.0,277892.9698082227,6421.542734076155,257305.04115686315,11001.540587725245,2397.383768675245,767.461560882992,0.0,43.26228770206564,1329.3179798776569,15288.117628755797,5.474573457227614e-05,523.882830384039,523.8828851297736,1145.6073860997128,8.300955547251829e-07,cleared,78,False,False,True,9.892861397595878e-07,True,0.001149660426017799,11001.53943806482,277892.9698082228,True,2.6133299494783085e-05,9.069987572729588e-05,34,shared_weighted_euclidean_projector,shared_model_kernel_rcmsa_tagged_transition,released_hmm_filter,78
Passive,full_action,test_010_613ab99db82c,613ab99db82c659cd8ff6e1475e7317b5ab19503260bfedec209a4c7abd2eb88,8b83c669d56287c61d40a0703b8fe7ebc8aa642d9fff413ea893b4f328a3116c,,21,78,decision_plus_clearance,40688.85308084786,223770.2538025405,0.0,264459.10688338836,5839.323343571438,245357.69680788272,10490.710152601943,2059.5246238759837,711.8519554563935,0.0,39.593238868467836,1159.428097055056,14578.250441503502,4.248065120955916e-05,499.55758383372705,499.55762631437824,1096.6090029499126,7.468517160829897e-07,cleared,78,False,False,True,9.758874355877813e-07,True,0.0008920936754007423,10490.709260508269,264459.1068833885,True,2.326664426142261e-05,4.540011286735535e-05,34,shared_weighted_euclidean_projector,shared_model_kernel_rcmsa_tagged_transition,released_hmm_filter,78
Passive,full_action,test_011_8a2e74b38d5d,8a2e74b38d5d3fa099c53fd66f114b907a8d9576d5dcc067dc484a7c19e7da8b,8b83c669d56287c61d40a0703b8fe7ebc8aa642d9fff413ea893b4f328a3116c,,21,78,decision_plus_clearance,42627.220879920606,255203.5377922956,0.0,297830.7586722162,7139.614057487095,275213.6570465055,11767.256143554763,2858.3741496886732,851.8572749801485,0.0,46.4431559664592,1503.5638482463391,16352.181608847586,7.850616988672822e-05,560.345452139295,560.3455306454649,1207.98346192061,8.290191628271597e-07,cleared,78,False,False,True,9.61288248711315e-07,True,0.0016486295676212926,11767.254494925197,297830.7586722162,True,2.192857763951733e-05,3.469991497695446e-05,34,shared_weighted_euclidean_projector,shared_model_kernel_rcmsa_tagged_transition,released_hmm_filter,78
Passive,full_action,test_012_b6bdc05b20a7,b6bdc05b20a7bd7872689e9fd93f49c5864d83dbaa6c13c7b8023906ab88c1ae,8b83c669d56287c61d40a0703b8fe7ebc8aa642d9fff413ea893b4f328a3116c,,21,78,decision_plus_clearance,44727.823477718295,249704.88051673048,0.0,294432.70399444876,7011.662930275648,272182.11154512747,11637.636850201307,2762.523062318558,838.769606525827,0.0,45.44617963546125,1466.5124164347824,16172.058342788378,7.284274457776188e-05,554.1731105001747,554.1731833429193,1203.6110458864152,7.206973087735273e-07,cleared,78,False,False,True,9.93782426870573e-07,True,0.0015296976361329994,11637.63532050367,294432.7039944488,True,2.1957171459992726e-05,3.410014323890209e-05,34,shared_weighted_euclidean_projector,shared_model_kernel_rcmsa_tagged_transition,released_hmm_filter,78
Passive,full_action,test_013_040653995d85,040653995d85cc962bcb3d75b933864971de686f9683c73e392ab9224c3c2124,8b83c669d56287c61d40a0703b8fe7ebc8aa642d9fff413ea893b4f328a3116c,,21,78,decision_plus_clearance,40766.72085752496,221809.93488309204,0.0,262576.655740617,5802.734031108847,243669.78175660182,10418.540292372852,1983.8349871272505,701.7646734062596,0.0,39.7381293437365,1177.4610988532238,14477.960746627843,4.149033517199383e-05,496.12092481313397,496.1209663034691,1074.2019124806573,6.124905818146904e-07,cleared,78,False,False,True,9.678252302049446e-07,True,0.0008712970386118704,10418.539421075813,262576.655740617,True,2.3757140817386763e-05,3.96000687032938e-05,34,shared_weighted_euclidean_projector,shared_model_kernel_rcmsa_tagged_transition,released_hmm_filter,78
Passive,full_action,test_014_f00647451070,f00647451070accd7f5177b412ddbd68c73d8b7f2cb6c77b8469ffbc7c614a43,8b83c669d56287c61d40a0703b8fe7ebc8aa642d9fff413ea893b4f328a3116c,,21,78,decision_plus_clearance,39676.30490077075,232052.51710120498,0.0,271728.8220019757,6003.456337871984,252042.5935627197,10776.535074387826,2175.294894004042,730.942132992195,0.0,40.72679710531099,1212.3420679363485,14975.442378989726,4.9465397235872886e-05,513.1682874102136,513.1683368756107,1098.281690835903,7.077688955883266e-07,cleared,78,False,False,True,9.905066451658678e-07,True,0.0010387733419533307,10776.534035614484,271728.8220019758,True,2.31523798512561e-05,4.600011743605137e-05,34,shared_weighted_euclidean_projector,shared_model_kernel_rcmsa_tagged_transition,released_hmm_filter,78
Passive,full_action,test_015_643a837775f9,643a837775f944f0e897fff5495209f1a59016e336af0b18defb50bf86cbf809,8b83c669d56287c61d40a0703b8fe7ebc8aa642d9fff413ea893b4f328a3116c,,21,78,decision_plus_clearance,50811.61564433896,273792.9690319864,0.0,324604.5846763253,8248.68788445907,298941.07310120977,12781.76541777312,3657.5486400329128,975.5096328505599,0.0,50.52300401235319,1788.5844410336451,17761.977257241208,0.0001240840980994243,608.6553720003362,608.6554960844343,1277.5620132091858,7.02193063445898e-07,cleared,78,False,False,True,9.530112124582732e-07,True,0.0026057660600879106,12781.76281200706,324604.58467632544,True,2.471904181653545e-05,3.3400021493434906e-05,34,shared_weighted_euclidean_projector,shared_model_kernel_rcmsa_tagged_transition,released_hmm_filter,78
Passive,full_action,test_016_45a90ccef8bd,45a90ccef8bdd374ee00dbc87ec9b3752c6a102ea41ee1fc73e6c34df9d0ef6a,8b83c669d56287c61d40a0703b8fe7ebc8aa642d9fff413ea893b4f328a3116c,,21,78,decision_plus_clearance,43521.940586773155,254445.02747258457,0.0,297966.9680593577,7173.841117505077,275296.5531436049,11770.800521881434,2871.183303048213,854.5899733180663,0.0,46.33352579807686,1506.8318597142204,16357.106988728634,7.873619762079401e-05,560.514231829585,560.5143105657826,1206.1905203290491,7.036946345282313e-07,cleared,78,False,False,True,9.695161509552523e-07,True,0.0016534601500366743,11770.798868421285,297966.96805935766,True,2.5342894895445733e-05,8.479994721710682e-05,34,shared_weighted_euclidean_projector,shared_model_kernel_rcmsa_tagged_transition,released_hmm_filter,78
Passive,full_action,test_017_ebd333a3cdba,ebd333a3cdbaf4583dc4bbdc159fa86380b9858d554b85820a961aee779a82c0,8b83c669d56287c61d40a0703b8fe7ebc8aa642d9fff413ea893b4f328a3116c,,21,78,decision_plus_clearance,45428.53173279179,244218.7679347553,0.0,289647.2996675471,6830.566572252555,267921.40945388854,11455.462737388998,2629.937403582172,809.9235004348155,0.0,44.35220161842456,1421.254011959938,15918.903121708294,6.634484397430764e-05,545.4981592451084,545.4982255899523,1168.3744655270564,8.090455265970931e-07,cleared,78,False,False,True,9.843302621538683e-07,True,0.0013932417234604603,11455.461344147276,289647.29966754705,True,2.635241530480839e-05,7.019983604550362e-05,34,shared_weighted_euclidean_projector,shared_model_kernel_rcmsa_tagged_transition,released_hmm_filter,78
Passive,full_action,test_018_9466cee538c9,9466cee538c90a351ebb4cc641f0fb605f60f7a5370deb739961de94e8407d65,8b83c669d56287c61d40a0703b8fe7ebc8aa642d9fff413ea893b4f328a3116c,,21,78,decision_plus_clearance,45513.38908354733,252343.00586145872,0.0,297856.39494500606,7074.502790820238,275357.15403366747,11773.391608367465,2806.589832898913,844.7566792519928,0.0,45.399400708140064,1474.9445500445138,16360.707670230468,7.807909958371447e-05,560.6376175574463,560.6376956365459,1187.0253455599707,6.828506151883756e-07,cleared,78,False,False,True,9.155293864189705e-07,True,0.0016396610912580037,11773.389968706373,297856.39494500606,True,2.492378864969526e-05,4.4899992644786835e-05,34,shared_weighted_euclidean_projector,shared_model_kernel_rcmsa_tagged_transition,released_hmm_filter,78
Passive,full_action,test_019_9d2b7462a57a,9d2b7462a57ab18c9c816164b4cf31fe355ef525f834131b7e4bee6c19475a44,8b83c669d56287c61d40a0703b8fe7ebc8aa642d9fff413ea893b4f328a3116c,,21,78,decision_plus_clearance,48359.39950648781,258248.8146462067,0.0,306608.2141526945,7490.178140706757,282993.5775528287,12099.900870130536,3147.6319069201963,876.9256821081663,0.0,47.485577742161624,1615.2186700850702,16814.435822936142,9.001286988015817e-05,576.1856657076319,576.1857557205018,1198.081197075883,6.968176383416689e-07,cleared,78,False,False,True,9.008269851453054e-07,True,0.0018902702674833216,12099.898979860269,306608.2141526943,True,2.4661898524278686e-05,3.8800062611699104e-05,34,shared_weighted_euclidean_projector,shared_model_kernel_rcmsa_tagged_transition,released_hmm_filter,78
Passive,full_action,test_020_701c8d28bc45,701c8d28bc45b0352a2505312c03123c85798d4dd0b786857dc34cb69fe2061b,8b83c669d56287c61d40a0703b8fe7ebc8aa642d9fff413ea893b4f328a3116c,,21,78,decision_plus_clearance,44401.556168581454,253276.14720502836,0.0,297677.7033736098,7155.319093993586,275054.33474787336,11760.44403277481,2856.302162127672,851.3033368402994,0.0,46.01276509254214,1499.7044433820843,16342.715263632233,7.839577152759498e-05,560.0210660220765,560.0211444178481,1196.9422322758965,6.472207686306129e-07,cleared,78,False,False,True,9.949756229046505e-07,True,0.0016463112020794945,11760.442386463606,297677.70337360975,True,2.234284987761861e-05,3.6899931728839874e-05,34,shared_weighted_euclidean_projector,shared_model_kernel_rcmsa_tagged_transition,released_hmm_filter,78
Passive,full_action,test_021_69299bc5d0bf,69299bc5d0bf379cc97bdd78ee18bea9a8ffc622a60d0cff22ec8965b5a58972,8b83c669d56287c61d40a0703b8fe7ebc8aa642d9fff413ea893b4f328a3116c,,21,78,decision_plus_clearance,44592.15820096964,239852.84631123827,0.0,284445.00451220793,6517.910502493712,263465.12057069194,11264.925994859741,2407.6946173367824,789.3528268258125,0.0,42.88814704278148,1340.1122940875364,15654.126852460648,6.134898352619451e-05,536.4249860252899,536.4250473742734,1145.5085556525062,6.623786970468818e-07,cleared,78,False,False,True,9.895900737702106e-07,True,0.0012883286540500848,11264.924706531086,284445.004512208,True,2.395713125311193e-05,4.320009611546993e-05,34,shared_weighted_euclidean_projector,shared_model_kernel_rcmsa_tagged_transition,released_hmm_filter,78
Passive,full_action,test_022_1b3e72c80b5f,1b3e72c80b5f8d5862204b809782bba3d065c565c21a1919e08c2b86b7b1841f,8b83c669d56287c61d40a0703b8fe7ebc8aa642d9fff413ea893b4f328a3116c,,21,78,decision_plus_clearance,46107.70962072213,243101.4662183143,0.0,289209.17583903647,6730.830414003588,267668.95246964274,11444.668485023278,2557.2857143809388,807.4387559859658,0.0,43.76492634639147,1395.8831460096558,15903.903056778276,6.622204559337451e-05,544.9841473504914,544.984213572537,1162.8733903188004,6.576608594843782e-07,cleared,78,False,False,True,9.483369872137851e-07,True,0.0013906629574608647,11444.66709436032,289209.1758390365,True,2.3638120009785607e-05,5.260016769170761e-05,34,shared_weighted_euclidean_projector,shared_model_kernel_rcmsa_tagged_transition,released_hmm_filter,78
Passive,full_action,test_023_90a8af416c5a,90a8af416c5a6e79abe970bf714eca061d636b83c012d16275b0083f8782fa25,8b83c669d56287c61d40a0703b8fe7ebc8aa642d9fff413ea893b4f328a3116c,,21,78,decision_plus_clearance,46209.2191198592,258109.41378895874,0.0,304318.63290881796,7373.187168657929,280993.3940704911,12014.379371919635,3071.3215616877997,866.350736061512,0.0,47.27226664597604,1590.3949189511295,16695.592289927212,8.729533890263416e-05,572.1132161294056,572.1133034247445,1191.101592034689,8.117901732565116e-07,cleared,78,False,False,True,9.599475519232214e-07,True,0.0018332021169553173,12014.377538717517,304318.63290881796,True,2.7452340526949792e-05,6.16998877376318e-05,34,shared_weighted_euclidean_projector,shared_model_kernel_rcmsa_tagged_transition,released_hmm_filter,78
Passive,full_action,test_024_e90f261f99e2,e90f261f99e247c3e3c066941073cd14924ea1eec3b7043270db54af5285d79a,8b83c669d56287c61d40a0703b8fe7ebc8aa642d9fff413ea893b4f328a3116c,,21,78,decision_plus_clearance,42299.40527877881,242857.01157574158,0.0,285156.4168545204,6736.336869559527,263774.8273139578,11278.168075935573,2566.96716938092,800.1174256865361,0.0,44.20459097290476,1390.3127400757871,15672.528486876608,6.203095499898029e-05,537.0555606326437,537.0556226635987,1168.7267051246504,7.711079318052175e-07,cleared,78,False,False,True,9.635399767865704e-07,True,0.001302650054978586,11278.166773285519,285156.4168545204,True,2.4338097621997196e-05,3.909994848072529e-05,34,shared_weighted_euclidean_projector,shared_model_kernel_rcmsa_tagged_transition,released_hmm_filter,78
Passive,full_action,test_025_0c3eeaae0824,0c3eeaae08241ee112c7df9413dd57d8fb7bc6ef2bac58f6ca7de012fc948c72,8b83c669d56287c61d40a0703b8fe7ebc8aa642d9fff413ea893b4f328a3116c,,21,78,decision_plus_clearance,42964.68890774519,244922.39949578684,0.0,287887.08840353205,6631.785359345151,266507.535464713,11395.009985788716,2550.9886490550703,801.7689446299667,0.0,43.64826754075847,1362.1621025082316,15834.895938095417,6.500669874830511e-05,542.6194581260972,542.619523132796,1170.2994936923249,8.183687988187597e-07,cleared,78,False,False,True,9.135426376876221e-07,True,0.0013651406737144073,11395.008620648043,287887.08840353193,True,2.452379669107142e-05,3.4899916499853134e-05,34,shared_weighted_euclidean_projector,shared_model_kernel_rcmsa_tagged_transition,released_hmm_filter,78
Passive,full_action,test_026_770d47ae1768,770d47ae17682b043d9c912886a238fdb23a8c0a8289016ef57c0235fe5d0b06,8b83c669d56287c61d40a0703b8fe7ebc8aa642d9fff413ea893b4f328a3116c,,21,78,decision_plus_clearance,40869.999577080045,245450.59265091788,0.0,286320.59222799796,6704.842204691198,264915.0546326709,11326.920588893074,2564.1951384669183,809.5796632759317,0.0,44.545807502539894,1390.7921325441926,15740.276593860464,6.420219313526691e-05,539.3771066974771,539.3771708996702,1180.468058067803,8.248609706373868e-07,cleared,78,False,False,True,9.74203337726706e-07,True,0.0013482460558406051,11326.91924064702,286320.59222799796,True,2.6142878812693415e-05,5.6999968364834785e-05,34,shared_weighted_euclidean_projector,shared_model_kernel_rcmsa_tagged_transition,released_hmm_filter,78
Passive,full_action,test_027_df5d670513fa,df5d670513fa35262df8ea203ff162de2bc1a2f4598ac89786b63793aaa8dbd0,8b83c669d56287c61d40a0703b8fe7ebc8aa642d9fff413ea893b4f328a3116c,,21,78,decision_plus_clearance,44989.70090924774,242648.02078980696,0.0,287637.7216990547,6648.217267789098,266279.26984099764,11385.250081917104,2521.188156866009,803.7963514848147,0.0,43.479338900699965,1373.1679288544613,15821.333234256035,6.499777717009843e-05,542.1547008077991,542.1547658055763,1160.600414598123,6.003779392977795e-07,cleared,78,False,False,True,9.24959750627639e-07,True,0.001364953320572067,11385.248716963782,287637.7216990547,True,2.917140677926086e-05,8.350005373358727e-05,34,shared_weighted_euclidean_projector,shared_model_kernel_rcmsa_tagged_transition,released_hmm_filter,78
Passive,full_action,test_028_e9fb02365dd3,e9fb02365dd39d4a479796939c6b75136b323e6bb5414d58fe16c9eb23eb080e,8b83c669d56287c61d40a0703b8fe7ebc8aa642d9fff413ea893b4f328a3116c,,21,78,decision_plus_clearance,40484.99799285972,231737.95850983955,0.0,272222.9565026993,6012.674035428688,252537.40892142404,10797.691811497749,2134.3668471230926,740.8148872256505,0.0,40.66507318041839,1206.6290849179736,15004.842484057124,5.021516189299872e-05,514.17575033235,514.1758005475119,1108.9806838375534,6.116819471551075e-07,cleared,78,False,False,True,9.996480492254093e-07,True,0.001054518399752973,10797.690756979351,272222.9565026992,True,2.3109516838476773e-05,5.360017530620098e-05,34,shared_weighted_euclidean_projector,shared_model_kernel_rcmsa_tagged_transition,released_hmm_filter,78
Passive,full_action,test_029_b44f60718c5a,b44f60718c5a51721bd1be86466c0bb83a8f075ec00e497e8853122651b88be6,8b83c669d56287c61d40a0703b8fe7ebc8aa642d9fff413ea893b4f328a3116c,,21,78,decision_plus_clearance,40301.16770894519,234801.16404498616,0.0,275102.33175393136,6197.967839475593,254993.62462209712,10902.71176203912,2255.0044636817015,753.0230666378533,0.0,41.44754241379832,1236.682069957424,15150.78177357102,5.198902490779088e-05,519.1766985842665,519.1767505732914,1130.8767364533355,8.230382346282695e-07,cleared,78,False,False,True,9.495781346420404e-07,True,0.0010917695230636085,10902.710670269598,275102.3317539314,True,2.5233342534019832e-05,3.829994238913059e-05,34,shared_weighted_euclidean_projector,shared_model_kernel_rcmsa_tagged_transition,released_hmm_filter,78
Passive,full_action,test_030_038f4c53d11f,038f4c53d11f455d906ca9a381763816040bd2f31fb252156466a1f74c404471,8b83c669d56287c61d40a0703b8fe7ebc8aa642d9fff413ea893b4f328a3116c,,21,78,decision_plus_clearance,43760.14570465387,239539.7425021092,0.0,283299.8882067631,6466.343138284243,262440.4138634111,11221.112796800806,2390.289150919824,781.7292573471357,0.0,42.78183277092744,1333.7770170425977,15593.242555215289,6.0363792908955275e-05,534.3386442457693,534.3387046095622,1133.8256577632396,6.989336498200964e-07,cleared,78,False,False,True,9.792676524497892e-07,True,0.0012676396510880607,11221.111529161155,283299.8882067631,True,2.4157166037531125e-05,5.140015855431557e-05,34,shared_weighted_euclidean_projector,shared_model_kernel_rcmsa_tagged_transition,released_hmm_filter,78
Passive,full_action,test_031_0a6ff70351b5,0a6ff70351b53c8e7f1de0d141b5084d11039bc524ccd9933f5b23b35b3abd3c,8b83c669d56287c61d40a0703b8fe7ebc8aa642d9fff413ea893b4f328a3116c,,21,78,decision_plus_clearance,41133.71735837742,232851.7930687075,0.0,273985.5104270849,6256.051608422419,253853.3798611443,10853.958524500185,2267.3873211301516,754.7331118879099,0.0,41.69319768650734,1256.5856753491532,15083.032630022886,5.080401323550357e-05,516.8551170293289,516.8551678333421,1135.243475278401,7.371596435748541e-07,cleared,78,False,False,True,9.241842715218337e-07,True,0.001066884277945575,10853.957457615907,273985.510427085,True,2.4357145386082785e-05,4.710000939667225e-05,34,shared_weighted_euclidean_projector,shared_model_kernel_rcmsa_tagged_transition,released_hmm_filter,78
Passive,full_action,test_032_efdf826e6bc3,efdf826e6bc3db036d5fbf1436f2dc6c248eaee1538597a28304017514dc1eb9,8b83c669d56287c61d40a0703b8fe7ebc8aa642d9fff413ea893b4f328a3116c,,21,78,decision_plus_clearance,46424.94181499263,248089.3451491833,0.0,294514.28696417593,6966.092306983119,272365.2931967452,11645.469109938742,2703.686732139133,833.7456183696871,0.0,45.01384677242109,1458.3433186722286,16182.942321376035,7.27620048557296e-05,554.5460753303163,554.5461480923211,1185.0104720594145,6.736465262454038e-07,cleared,78,False,False,True,9.877146527820101e-07,True,0.0015280021019703214,11645.467581936642,294514.28696417593,True,2.2176143136762438e-05,3.6899931728839874e-05,34,shared_weighted_euclidean_projector,shared_model_kernel_rcmsa_tagged_transition,released_hmm_filter,78
Passive,full_action,test_033_de0c441dba67,de0c441dba67f4c18af55eaa8c66ff0e1b4ea0b5a489e9d3e38964a74fdf2af7,8b83c669d56287c61d40a0703b8fe7ebc8aa642d9fff413ea893b4f328a3116c,,21,78,decision_plus_clearance,44209.120618390414,246590.59999189587,0.0,290799.7206102863,6850.373189996785,268990.84878095775,11501.188586562057,2636.0421836681357,821.267869101557,0.0,44.56163528972831,1418.3269419282876,15982.445266029885,6.859948949885696e-05,547.675578379656,547.6756469791455,1180.006467743925,7.122083018052459e-07,cleared,78,False,False,True,9.950096377263861e-07,True,0.001440589279475996,11501.187145972777,290799.7206102863,True,2.4681012811405318e-05,5.8300094678997993e-05,34,shared_weighted_euclidean_projector,shared_model_kernel_rcmsa_tagged_transition,released_hmm_filter,78
Passive,full_action,test_034_a00d80b83640,a00d80b8364074d2d18768806f48ec2e34d59c8935d9982f8be9eed0f991c2da,8b83c669d56287c61d40a0703b8fe7ebc8aa642d9fff413ea893b4f328a3116c,,21,78,decision_plus_clearance,42527.93834755911,245838.10909107837,0.0,288366.04743863747,6695.033846286848,266904.740498836,11411.993226226308,2545.1821550107147,809.0977122777132,0.0,44.054473401822705,1378.8694375574908,15858.4963975354,6.617427971482653e-05,543.4281826936397,543.4282488679194,1171.3538771826204,7.620217411960082e-07,cleared,78,False,False,True,9.806268685809763e-07,True,0.0013896598740113571,11411.991836566433,288366.0474386375,True,2.6966666891461327e-05,4.0400074794888496e-05,34,shared_weighted_euclidean_projector,shared_model_kernel_rcmsa_tagged_transition,released_hmm_filter,78
Passive,full_action,test_035_51fd398978b7,51fd398978b78ec8627904227f514de39808dc8e62092971f9c9d9d0c1a0e84a,8b83c669d56287c61d40a0703b8fe7ebc8aa642d9fff413ea893b4f328a3116c,,21,78,decision_plus_clearance,40762.25867587575,232560.26941815822,0.0,273322.52809403394,6137.617445769899,253396.90356350146,10834.4410445191,2209.6569421633167,743.9090980802576,0.0,41.43505129821486,1243.3867269956252,15055.910490663102,5.012743708537046e-05,515.925713897282,515.9257640247191,1121.5724845783723,8.242963987626834e-07,cleared,78,False,False,True,9.639249237935793e-07,True,0.0010526761787927796,10834.43999184292,273322.528094034,True,2.2100007516287623e-05,3.060000017285347e-05,34,shared_weighted_euclidean_projector,shared_model_kernel_rcmsa_tagged_transition,released_hmm_filter,78
Passive,full_action,test_036_7eb6ac1ca077,7eb6ac1ca077683a4409f4f2c9dbb73ac1a32707576f47c8cadd46a203595435,8b83c669d56287c61d40a0703b8fe7ebc8aa642d9fff413ea893b4f328a3116c,,21,78,decision_plus_clearance,44353.350206206494,237873.15959344342,0.0,282226.50979964994,6592.966687750747,261244.00394501982,11169.958102260001,2432.1719137809077,787.4091508384835,0.0,43.25373747753949,1355.4709902802774,15522.15628529576,5.851737477282779e-05,531.9027082569111,531.9027667742859,1154.4416991530547,6.703769757709541e-07,cleared,78,False,False,True,8.922687444616994e-07,True,0.0012288648702293836,11169.956873395133,282226.50979965,True,2.3652355940569014e-05,3.100000321865082e-05,34,shared_weighted_euclidean_projector,shared_model_kernel_rcmsa_tagged_transition,released_hmm_filter,78
Passive,full_action,test_037_f096257ecaa4,f096257ecaa456c423dd2e587c7a0f76747a52746a718c0ca85345f8faa2c9df,8b83c669d56287c61d40a0703b8fe7ebc8aa642d9fff413ea893b4f328a3116c,,21,78,decision_plus_clearance,52868.82328031585,270354.19156435406,0.0,323223.0148446699,8229.481097141941,297627.22727571527,12725.58950112983,3678.9497582202175,961.7672124627161,0.0,50.19071102011145,1793.4404031950826,17683.913377706398,0.00012031555937701651,605.9803321191945,605.9804524347538,1260.3256107269235,5.72887355015766e-07,cleared,78,False,False,True,9.598912854377557e-07,True,0.0025266267469173467,12725.586974503085,323223.01484466996,True,2.4704739362710998e-05,3.769993782043457e-05,34,shared_weighted_euclidean_projector,shared_model_kernel_rcmsa_tagged_transition,released_hmm_filter,78
Passive,full_action,test_038_b05abc6e01b3,b05abc6e01b3718868c375b47078f5b62629d6eac8227c2b0618a70ea26128fc,8b83c669d56287c61d40a0703b8fe7ebc8aa642d9fff413ea893b4f328a3116c,,21,78,decision_plus_clearance,45113.904081806875,251220.59886884355,0.0,296334.5029506504,7120.063617273066,273798.9008974596,11706.765646033526,2874.2582294619947,834.5145604222114,0.0,46.05122505684399,1520.5852728931402,16268.122009530825,7.57406454653048e-05,557.4649550228557,557.4650307635012,1170.6125945031888,6.809128921099778e-07,cleared,78,False,False,True,9.194147501158676e-07,True,0.0015905535547714007,11706.764055479971,296334.5029506504,True,2.723336885018008e-05,6.46000262349844e-05,34,shared_weighted_euclidean_projector,shared_model_kernel_rcmsa_tagged_transition,released_hmm_filter,78
Passive,full_action,test_039_9c0d1ebe6c19,9c0d1ebe6c190d77dea3345bb6f3b600dad24feb171cfa5b624fa948a7b1d203,8b83c669d56287c61d40a0703b8fe7ebc8aa642d9fff413ea893b4f328a3116c,,21,78,decision_plus_clearance,43346.05209338257,240395.14265285086,0.0,283741.1947462334,6668.754762071266,262566.7878912759,11226.516138249763,2485.842895436689,793.2930591997374,0.0,43.93490821608708,1381.3867212543341,15600.751234916374,6.00796522399587e-05,534.5959465036699,534.5960065833222,1161.0084506811763,7.818668214726251e-07,cleared,78,False,False,True,9.98294673159622e-07,True,0.0012616726970391327,11226.514876577068,283741.19474623335,True,2.7676245995930264e-05,7.040007039904594e-05,34,shared_weighted_euclidean_projector,shared_model_kernel_rcmsa_tagged_transition,released_hmm_filter,78
Passive,full_action,test_040_11a8950c659e,11a8950c659e50fc01d8e1413f71ec94f8cee0fde048ef4f8feaf64bf17ebc31,8b83c669d56287c61d40a0703b8fe7ebc8aa642d9fff413ea893b4f328a3116c,,21,78,decision_plus_clearance,40212.742836568694,235661.9912072021,0.0,275874.7340437708,6225.863341283155,255672.09849203585,10931.721152802083,2295.1451102348074,749.9059474148697,0.0,42.21412869746769,1286.5069948074483,15191.094191266226,5.29806523072392e-05,520.5580971527802,520.5581501334325,1117.7168145622181,8.026064414364925e-07,cleared,78,False,False,True,9.974133989873894e-07,True,0.0011125936984520233,10931.720040208384,275874.7340437707,True,2.381904050707817e-05,4.509999416768551e-05,34,shared_weighted_euclidean_projector,shared_model_kernel_rcmsa_tagged_transition,released_hmm_filter,78
Passive,full_action,test_041_e58f21dcc209,e58f21dcc209cc30ce7f3c41ea3bb5ca1044d9230ccb95693e6230e9d330fb88,8b83c669d56287c61d40a0703b8fe7ebc8aa642d9fff413ea893b4f328a3116c,,21,78,decision_plus_clearance,43578.6264401782,244975.16008701271,0.0,288553.78652719094,6722.35975661117,267038.3506721361,11417.705966144094,2562.2133082995983,813.1568239998869,0.0,44.071721726945405,1387.0012576127424,15866.43502165451,6.600651050730221e-05,543.7002180955892,543.7002841020997,1178.5034014668875,7.380885363885921e-07,cleared,78,False,False,True,9.510584155630482e-07,True,0.0013861367206533463,11417.704580007374,288553.7865271909,True,2.5004747190645764e-05,4.559988155961037e-05,34,shared_weighted_euclidean_projector,shared_model_kernel_rcmsa_tagged_transition,released_hmm_filter,78
Passive,full_action,test_042_a77d2ece213a,a77d2ece213ae69417f02560c0642cd54460ae2e8b62820c3370f54e0b0c843f,8b83c669d56287c61d40a0703b8fe7ebc8aa642d9fff413ea893b4f328a3116c,,21,78,decision_plus_clearance,38732.63160189283,223467.5931302658,0.0,262200.22473215865,5853.919023414377,243225.67564877612,10399.551729950374,2009.1205771742118,711.957752843558,0.0,40.38336997476316,1179.71083281534,14451.573598816947,4.123771463881863e-05,495.21670780754124,495.2167490452559,1103.5189436634455,7.683320383360318e-07,cleared,78,False,False,True,9.564885028562608e-07,True,0.0008659920074151912,10399.550863958366,262200.22473215865,True,2.292381776940255e-05,4.109996370971203e-05,34,shared_weighted_euclidean_projector,shared_model_kernel_rcmsa_tagged_transition,released_hmm_filter,78
Passive,full_action,test_043_f1174106175c,f1174106175ca0507fd2efedad3b19e57bbe656b669a63b5f3bddc88ed93905a,8b83c669d56287c61d40a0703b8fe7ebc8aa642d9fff413ea893b4f328a3116c,,21,78,decision_plus_clearance,51637.08916064892,256548.68373676686,0.0,308185.7728974158,7504.081142962687,284504.43734244735,12164.500447884664,3121.2758790471544,891.4780850738476,0.0,47.11580570099644,1612.811666691587,16904.205544718472,9.240469997982499e-05,579.2618336850459,579.2619260897459,1210.217091147796,5.658714453084486e-07,cleared,78,False,False,True,9.708022676800484e-07,True,0.0019404986995763247,12164.498507385963,308185.77289741574,True,2.5128579831549098e-05,4.329998046159744e-05,34,shared_weighted_euclidean_projector,shared_model_kernel_rcmsa_tagged_transition,released_hmm_filter,78
Passive,full_action,test_044_ed401c94714a,ed401c94714a1b658a7305d216d392780815b859f07387d4086dea53af39e785,8b83c669d56287c61d40a0703b8fe7ebc8aa642d9fff413ea893b4f328a3116c,,21,78,decision_plus_clearance,41032.805465006786,237102.1086211843,0.0,278134.9140861911,6281.411002325455,257773.12670347604,11021.554433373456,2292.0764133672496,766.7455336488754,0.0,42.12970901380988,1273.462825236082,15315.92954727793,5.5049448262160756e-05,524.8358703492877,524.835925398736,1142.0261066019907,7.969506216338734e-07,cleared,78,False,False,True,9.944215368540315e-07,True,0.0011560384135053758,11021.553277335042,278134.91408619104,True,2.1461896332246916e-05,3.1400006264448166e-05,34,shared_weighted_euclidean_projector,shared_model_kernel_rcmsa_tagged_transition,released_hmm_filter,78
Passive,full_action,test_045_af7d3f616c1d,af7d3f616c1d242f60f09f068fd7a769245912bd59097557b89958e0f930fd8e,8b83c669d56287c61d40a0703b8fe7ebc8aa642d9fff413ea893b4f328a3116c,,21,78,decision_plus_clearance,44868.49838364583,246038.724825774,0.0,290907.2232094198,6856.994327218596,269123.8102855985,11506.873588711373,2597.6654310764648,821.8795768148764,0.0,44.5583920949078,1416.9394718788708,15990.345349145893,6.835488802553247e-05,547.9462930123202,547.9463613672083,1181.9230228291672,7.651792119094162e-07,cleared,78,False,False,True,9.83923929756767e-07,True,0.0014354526485361818,11506.872153258724,290907.22320941987,True,2.5642836200339453e-05,6.109988316893578e-05,34,shared_weighted_euclidean_projector,shared_model_kernel_rcmsa_tagged_transition,released_hmm_filter,78
Passive,full_action,test_046_e35b743e6617,e35b743e661721e2867313f4a6007e66923f4308dd844f736246ad22f905305e,8b83c669d56287c61d40a0703b8fe7ebc8aa642d9fff413ea893b4f328a3116c,,21,78,decision_plus_clearance,42549.68942443262,246093.8393475338,0.0,288643.5287719664,6690.69127340901,267181.49854468927,11423.826517502806,2535.4350222108137,812.07741415462,0.0,44.00881127363538,1372.9549602993154,15874.940341427586,6.639115350802286e-05,543.9916725375516,543.9917389287051,1176.3596481754857,8.222918164874447e-07,cleared,78,False,False,True,9.93429306210756e-07,True,0.00139421422366848,11423.825123288583,288643.5287719665,True,2.3628573953395798e-05,4.8900023102760315e-05,34,shared_weighted_euclidean_projector,shared_model_kernel_rcmsa_tagged_transition,released_hmm_filter,78
Passive,full_action,test_047_20c1f89391c1,20c1f89391c1a8fce9e63acefb218921593c303986fc79bf1eaf29fd9b27694e,8b83c669d56287c61d40a0703b8fe7ebc8aa642d9fff413ea893b4f328a3116c,,21,78,decision_plus_clearance,41907.13583362775,247580.04426423137,0.0,289487.1800978591,6860.212135708766,267728.86969329906,11447.230386647787,2625.4172128387536,825.4506693648458,0.0,44.8467398674039,1409.5294363993419,15907.46311824962,6.788241400624264e-05,545.1061410055759,545.1062088879899,1189.3721438910868,7.781224956898692e-07,cleared,78,False,False,True,9.967210390959696e-07,True,0.0014255306941310954,11447.228961117093,289487.18009785924,True,2.4942858588127864e-05,3.610015846788883e-05,34,shared_weighted_euclidean_projector,shared_model_kernel_rcmsa_tagged_transition,released_hmm_filter,78
Passive,full_action,test_048_eeaf6a6a0a15,eeaf6a6a0a158e1862d5cbdc734d51cf09860f78311911e19e234cde4f8662d2,8b83c669d56287c61d40a0703b8fe7ebc8aa642d9fff413ea893b4f328a3116c,,21,78,decision_plus_clearance,41171.64016743904,246166.32050049456,0.0,287337.9606679336,6725.726784144595,265837.2573987586,11366.351048358238,2610.256457690711,798.3689789814142,0.0,44.518400578634655,1407.510691169742,15795.07048455312,6.526496263755671e-05,541.2547465616201,541.2548118265827,1152.593996815536,7.886315519641247e-07,cleared,78,False,False,True,9.920329102877129e-07,True,0.001370564215388691,11366.349677794022,287337.96066793357,True,2.0885707012244632e-05,2.9199989512562752e-05,34,shared_weighted_euclidean_projector,shared_model_kernel_rcmsa_tagged_transition,released_hmm_filter,78
Passive,full_action,test_049_343da3774e7e,343da3774e7e8e5143d50e3c5214e3dab09c23d71b2e4947c09263a8e3d1d8f7,8b83c669d56287c61d40a0703b8fe7ebc8aa642d9fff413ea893b4f328a3116c,,21,78,decision_plus_clearance,43305.35006421181,227877.46842256992,0.0,271182.81848678173,6064.095894192084,251490.22426452112,10752.91751119998,2134.444725156155,741.1360917123989,0.0,40.73230595526236,1231.068682731016,14942.622629260319,4.8349725422367034e-05,512.0436426597975,512.0436910095228,1117.936815699617,5.56784382820161e-07,cleared,78,False,False,True,8.726769952973095e-07,True,0.0010153442338697077,10752.916495855747,271182.8184867818,True,2.47761629344452e-05,3.7999823689460754e-05,34,shared_weighted_euclidean_projector,shared_model_kernel_rcmsa_tagged_transition,released_hmm_filter,78
Passive,full_action,test_050_1c7612d8bc63,1c7612d8bc6352712fb0a5140912bb4dcf0178405305be2a668e7cf192566507,8b83c669d56287c61d40a0703b8fe7ebc8aa642d9fff413ea893b4f328a3116c,,21,78,decision_plus_clearance,41203.69482595773,223769.44330864446,0.0,264973.1381346022,5896.951826047757,245846.96583693518,10511.62973970013,2000.0761361247048,717.5145957942736,0.0,40.15469187015637,1185.5575991589878,14607.321004774836,4.298459613542758e-05,500.55375414398156,500.5537971285777,1100.7629395903853,7.54471144488972e-07,cleared,78,False,False,True,9.318479317209449e-07,True,0.0009026765188439792,10511.628837023613,264973.13813460205,True,2.4433347529598643e-05,4.3899985030293465e-05,34,shared_weighted_euclidean_projector,shared_model_kernel_rcmsa_tagged_transition,released_hmm_filter,78
Passive,full_action,test_051_5747c87e6d9a,5747c87e6d9ace089dca37ca64fb5e904cbbd79136b0c4d74ea0a4390bb94034,8b83c669d56287c61d40a0703b8fe7ebc8aa642d9fff413ea893b4f328a3116c,,21,78,decision_plus_clearance,38130.38530327956,222688.2686922488,0.0,260818.65399552835,5823.635424075704,241876.10791914348,10341.848521492773,2075.9537357991408,701.1083950171883,0.0,40.02137279021734,1174.259203069839,14371.387255661635,4.047507670961801e-05,492.4689367388649,492.4689772139416,1082.3905942100023,6.878203878688033e-07,cleared,78,False,False,True,9.914015597276932e-07,True,0.0008499766109019782,10341.847671516163,260818.6539955283,True,2.2828556774627595e-05,3.1899893656373024e-05,34,shared_weighted_euclidean_projector,shared_model_kernel_rcmsa_tagged_transition,released_hmm_filter,78
Passive,full_action,test_052_9760565f31de,9760565f31de15242f359a838a120dd71ffb6d8dd1020fdd4287b6afdf35b97c,8b83c669d56287c61d40a0703b8fe7ebc8aa642d9fff413ea893b4f328a3116c,,21,78,decision_plus_clearance,45003.041379753944,246398.83574089277,0.0,291401.8771206467,6816.663111397847,269614.60880134115,11527.858592723782,2627.3066020189885,815.4400131648188,0.0,44.31522370867094,1420.0807839876888,16019.506787885712,6.974781791163722e-05,548.9455775247432,548.945647272561,1159.7521602588517,6.203046829686883e-07,cleared,78,False,False,True,9.988788141237287e-07,True,0.0014647041761443815,11527.857128019607,291401.8771206466,True,2.333807892033032e-05,3.609992563724518e-05,34,shared_weighted_euclidean_projector,shared_model_kernel_rcmsa_tagged_transition,released_hmm_filter,78
Passive,full_action,test_053_4473e6f72168,4473e6f7216884984406f8aef487c6686108cdbdbead4e89b46bcc827017f85e,8b83c669d56287c61d40a0703b8fe7ebc8aa642d9fff413ea893b4f328a3116c,,21,78,decision_plus_clearance,44054.45445311981,242377.86888343826,0.0,286432.32333655807,6756.045768354876,264942.4332863979,11328.091202370622,2606.6318918808283,799.1211875539234,0.0,44.08361122446521,1405.6446395533744,15741.903331283675,6.357770882602945e-05,539.4328508208922,539.432914398601,1152.982397176168,6.225322373210701e-07,cleared,78,False,False,True,9.706219054304425e-07,True,0.0013351318853466185,11328.089867238736,286432.3233365582,True,2.4119048335012937e-05,5.250005051493645e-05,34,shared_weighted_euclidean_projector,shared_model_kernel_rcmsa_tagged_transition,released_hmm_filter,78
Passive,full_action,test_054_c66f0b1dacc4,c66f0b1dacc4b499fb5fafd7b24077901e59bb19b93546020b7316e75636dc3c,8b83c669d56287c61d40a0703b8fe7ebc8aa642d9fff413ea893b4f328a3116c,,21,78,decision_plus_clearance,41437.46310965999,238554.37924309028,0.0,279991.84235275025,6444.338564654063,259311.21655656188,11087.318269795243,2365.750544308431,783.2184174306295,0.0,42.87548541484252,1308.03529838114,15407.317179638963,5.6946103853517704e-05,527.9674797108125,527.9675366569164,1162.354785098997,7.474199165824792e-07,cleared,78,False,False,True,9.731154278189322e-07,True,0.0011958681809238717,11087.317073927063,279991.84235275025,True,2.2347617362226758e-05,5.019991658627987e-05,34,shared_weighted_euclidean_projector,shared_model_kernel_rcmsa_tagged_transition,released_hmm_filter,78
Passive,full_action,test_055_f90330578051,f90330578051a0ac7d073b0006ba832b11d6170521fff7ce97460ddcd2cba92c,8b83c669d56287c61d40a0703b8fe7ebc8aa642d9fff413ea893b4f328a3116c,,21,78,decision_plus_clearance,45624.27644890332,254155.91508812198,0.0,299780.1915370253,7317.723340057581,276824.47580593347,11836.129619935651,2942.4548879551894,859.4078831434773,0.0,46.72753117248863,1542.3218820611687,16447.890524919167,7.968460901171209e-05,563.6251403123267,563.6252199969357,1209.3321849468875,7.835225100978824e-07,cleared,78,False,False,True,9.475221550237511e-07,True,0.0016733767892459538,11836.127946558861,299780.1915370254,True,2.2328591772488187e-05,3.100000321865082e-05,34,shared_weighted_euclidean_projector,shared_model_kernel_rcmsa_tagged_transition,released_hmm_filter,78
Passive,full_action,test_056_b2c64046cef9,b2c64046cef9c3c8c1d997032493b7ac82c1af8485fa09f9c11b9c6d822ea478,8b83c669d56287c61d40a0703b8fe7ebc8aa642d9fff413ea893b4f328a3116c,,21,78,decision_plus_clearance,43701.196768331,233282.1604676788,0.0,276983.3572360098,6350.181996266179,256604.89583756356,10971.604585082267,2293.1770624604364,763.4977546373642,0.0,42.074018733185355,1294.758730174671,15246.517572403374,5.3163291949924596e-05,522.4573080311017,522.4573611943936,1136.5455114477613,6.992513948731731e-07,cleared,78,False,False,True,9.739782905789647e-07,True,0.0011164291309484166,10971.603468653135,276983.35723600985,True,2.2109509223983403e-05,3.6800047382712364e-05,34,shared_weighted_euclidean_projector,shared_model_kernel_rcmsa_tagged_transition,released_hmm_filter,78
Passive,full_action,test_057_bf11b8e004e2,bf11b8e004e2675983bf718fcc9085ea691c39d83a93ed2726c993f568ae7b13,8b83c669d56287c61d40a0703b8fe7ebc8aa642d9fff413ea893b4f328a3116c,,21,78,decision_plus_clearance,40883.0543019566,239461.29216810735,0.0,280344.34647006396,6322.505760604383,259770.19316982554,11106.94264696551,2374.451003114387,770.2538895541514,0.0,42.122486260248166,1274.7034719983121,15434.587879362743,5.7317482024093566e-05,528.9019734903994,528.9020308078815,1143.2088182155028,7.859471071612282e-07,cleared,78,False,False,True,8.216618773579107e-07,True,0.0012036671225059649,11106.941443298389,280344.346470064,True,2.2028572857379913e-05,4.8900023102760315e-05,34,shared_weighted_euclidean_projector,shared_model_kernel_rcmsa_tagged_transition,released_hmm_filter,78
Passive,full_action,test_058_fbcfbffca03e,fbcfbffca03e44547ea319ed2d43b06e5f628f750b3d1a41c39a0846aecd36c4,8b83c669d56287c61d40a0703b8fe7ebc8aa642d9fff413ea893b4f328a3116c,,21,78,decision_plus_clearance,46701.41846474983,256088.2909296263,0.0,302789.70939437614,7327.690431303679,279688.0283364211,11958.56604978209,2947.151515338647,868.2730615306012,0.0,46.69295699509227,1546.1285497731096,16618.03226659827,8.41902377221533e-05,569.4554419898618,569.4555261800996,1209.274036954319,7.468505177840378e-07,cleared,78,False,False,True,9.63273006703986e-07,True,0.0017679949921652193,11958.564281787098,302789.70939437614,True,2.3842866842945416e-05,3.0100112780928612e-05,34,shared_weighted_euclidean_projector,shared_model_kernel_rcmsa_tagged_transition,released_hmm_filter,78
Passive,full_action,test_059_d22925a9593f,d22925a9593fa401ece13fc7588e32d8a890971a8c128175ef3afe51e59bbbae,8b83c669d56287c61d40a0703b8fe7ebc8aa642d9fff413ea893b4f328a3116c,,21,78,decision_plus_clearance,40824.91744802594,238890.25767373748,0.0,279715.17512176343,6348.02869435088,259138.4672288664,11079.932056454469,2381.2545990317994,767.4925430597941,0.0,42.302788141218734,1287.307066904908,15397.05305122367,5.671397261293564e-05,527.615755498145,527.6158122121176,1138.0923866188477,7.810309209631134e-07,cleared,78,False,False,True,9.591445122363005e-07,True,0.0011909934248716485,11079.930865461043,279715.1751217634,True,2.5123801259767442e-05,4.9900030717253685e-05,34,shared_weighted_euclidean_projector,shared_model_kernel_rcmsa_tagged_transition,released_hmm_filter,78
Passive,full_action,test_060_b3feb9e274c2,b3feb9e274c243af57931bb81154ddcd4db25503aef66fcc12b42f42f154b7ce,8b83c669d56287c61d40a0703b8fe7ebc8aa642d9fff413ea893b4f328a3116c,,21,78,decision_plus_clearance,44480.72496245839,244812.73994381318,0.0,289293.46490627155,6805.240162514194,267647.0247676849,11443.730931705459,2581.8828985360633,815.5861458309101,0.0,44.3262675355316,1405.522869521625,15902.60019405256,6.651979562656175e-05,544.9395016566548,544.9395681764504,1177.3496060570858,7.414301426378225e-07,cleared,78,False,False,True,9.791099790061022e-07,True,0.0013969157081577968,11443.72953478975,289293.46490627155,True,2.344285270997456e-05,3.3800024539232254e-05,34,shared_weighted_euclidean_projector,shared_model_kernel_rcmsa_tagged_transition,released_hmm_filter,78
Passive,full_action,test_061_627abde70c26,627abde70c260fe7d7dfdd8a0ae46ef10630e9ce7d5542c218bfb019b77707b7,8b83c669d56287c61d40a0703b8fe7ebc8aa642d9fff413ea893b4f328a3116c,,21,78,decision_plus_clearance,42753.163593303354,245970.3202560121,0.0,288723.48384931544,6688.910168631145,267219.63265541714,11425.45702433878,2580.4365499891483,809.047450939157,0.0,43.751937183387795,1369.5826032026614,15877.206128770598,6.696387836641521e-05,544.0693151474921,544.0693821113705,1169.6798941160057,6.646450313901052e-07,cleared,78,False,False,True,9.950012160571353e-07,True,0.0014062414456947193,11425.455618097336,288723.4838493153,True,2.467623423962366e-05,3.9800070226192474e-05,34,shared_weighted_euclidean_projector,shared_model_kernel_rcmsa_tagged_transition,released_hmm_filter,78
Passive,full_action,test_062_0c9ea14e9507,0c9ea14e9507679b12568ca09440ee0d472e13c1d2a4d4df4f22d9720c95b81b,8b83c669d56287c61d40a0703b8fe7ebc8aa642d9fff413ea893b4f328a3116c,,21,78,decision_plus_clearance,42853.20914571748,249640.66789882712,0.0,292493.8770445446,6847.524618850954,270575.7237339033,11568.952814655679,2674.8771905895323,826.7986865450658,0.0,44.74590258034717,1414.652819252436,16076.612697494884,7.109473783575921e-05,550.902443888866,550.9025149836037,1190.1698435011936,7.901910151322766e-07,cleared,78,False,False,True,9.016238475564887e-07,True,0.0014929894945509435,11568.951321666185,292493.87704454456,True,2.345239876636437e-05,3.410014323890209e-05,34,shared_weighted_euclidean_projector,shared_model_kernel_rcmsa_tagged_transition,released_hmm_filter,78
Passive,full_action,test_063_44f0f2a191ef,44f0f2a191eff5a5bb9fb795dad447d7fc7e78fd849c2393842ed70164a5fcda,8b83c669d56287c61d40a0703b8fe7ebc8aa642d9fff413ea893b4f328a3116c,,21,78,decision_plus_clearance,38164.29997768792,235775.81000767322,0.0,273940.10998536117,6175.820967187788,253839.47407266725,10853.363972155814,2326.7022615379324,744.7487118123553,0.0,42.053290400639476,1264.5731234667633,15082.206399754365,5.1551360639469366e-05,516.826804265583,516.8268558169436,1121.1612367358352,8.073344045201447e-07,cleared,78,False,False,True,9.495241069146566e-07,True,0.0010825785734288568,10853.362889577242,273940.10998536117,True,2.5619032038819223e-05,6.659980863332748e-05,34,shared_weighted_euclidean_projector,shared_model_kernel_rcmsa_tagged_transition,released_hmm_filter,78
Passive,full_action,test_064_27d69866b791,27d69866b79138686724529a21cb6e323bfdcf5210778f504d0eb950a434b33a,8b83c669d56287c61d40a0703b8fe7ebc8aa642d9fff413ea893b4f328a3116c,,21,78,decision_plus_clearance,38726.32618731572,225976.50953012364,0.0,264702.83571743936,5687.823056381991,245818.93620186212,10510.431294015647,1984.439831677708,701.2053335018568,0.0,38.568038731336024,1103.1864077876473,14605.655586984787,4.352885796696246e-05,500.49668475760143,500.4967282864594,1064.1163847604491,7.338970450227402e-07,cleared,78,False,False,True,9.555819986138132e-07,True,0.0009141060173062116,10510.43037990963,264702.8357174393,True,2.4114269763231277e-05,4.5800115913152695e-05,34,shared_weighted_euclidean_projector,shared_model_kernel_rcmsa_tagged_transition,released_hmm_filter,78
Passive,full_action,test_065_930038cc16e9,930038cc16e99dda3abddced3121095d94183071473ae7d8535bf0ab56c97fc9,8b83c669d56287c61d40a0703b8fe7ebc8aa642d9fff413ea893b4f328a3116c,,21,78,decision_plus_clearance,40538.36052121741,236204.2320193459,0.0,276742.5925405633,6265.438131302614,256469.06421857586,10965.796861220142,2280.3756436278563,761.9176858368608,0.0,42.16391817708738,1267.8541043383836,15238.446959457011,5.3376411897413636e-05,522.180749538833,522.1808029152448,1145.8338876483747,9.218095263593231e-07,cleared,78,False,False,True,9.405359701482073e-07,True,0.0011209046498456864,10965.795740315492,276742.5925405633,True,2.2090505808591843e-05,4.2400090023875237e-05,34,shared_weighted_euclidean_projector,shared_model_kernel_rcmsa_tagged_transition,released_hmm_filter,78
Passive,full_action,test_066_28fb87ba4913,28fb87ba4913ced186980dcbc093c47e083f79b8e740a1acb42c6392df84b3a3,8b83c669d56287c61d40a0703b8fe7ebc8aa642d9fff413ea893b4f328a3116c,,21,78,decision_plus_clearance,45851.61658665674,255254.89309612004,0.0,301106.50968277676,7432.587119121688,277875.95744377736,11881.087636143586,3054.843996176255,862.0334875579221,0.0,47.1817758680611,1573.7166106869195,16510.365690559844,8.111690054563974e-05,565.7659967946987,565.7660779115993,1209.3847978930926,8.478756633101086e-07,cleared,78,False,False,True,9.017621884233507e-07,True,0.0017034549114584346,11881.085932688673,301106.5096827768,True,2.463807218841144e-05,6.860005669295788e-05,34,shared_weighted_euclidean_projector,shared_model_kernel_rcmsa_tagged_transition,released_hmm_filter,78
Passive,full_action,test_067_4d46fa716471,4d46fa716471fa4d60109942ef5bb2dd1232241a3c67bc5b1cfc29fc39cbfd18,8b83c669d56287c61d40a0703b8fe7ebc8aa642d9fff413ea893b4f328a3116c,,21,78,decision_plus_clearance,40211.10427361801,238894.51713354595,0.0,279105.62140716397,6468.7446327414145,258387.0236398927,11047.80272644297,2427.000319007445,775.0500890793234,0.0,43.155543009730195,1325.7664757305727,15352.40504141412,5.6278794120555114e-05,526.0857878375377,526.0858441163318,1147.7828476541451,7.656129622247054e-07,cleared,78,False,False,True,9.987045169528415e-07,True,0.0011818546765316575,11047.801544588292,279105.62140716385,True,2.47238093011436e-05,3.300001844763756e-05,34,shared_weighted_euclidean_projector,shared_model_kernel_rcmsa_tagged_transition,released_hmm_filter,78
Passive,full_action,test_068_93da1d4ae1ba,93da1d4ae1ba5b053059e9b89e557fda34a240b0e754e3a555372b254463a63a,8b83c669d56287c61d40a0703b8fe7ebc8aa642d9fff413ea893b4f328a3116c,,21,78,decision_plus_clearance,45925.36032935281,253701.26312235568,0.0,299626.62345170847,7271.599840998405,276763.4399726283,11833.519916153042,2898.014895026794,860.048826901792,0.0,46.525571181159314,1529.522607745417,16444.264000569518,7.93502812552509e-05,563.5008690379589,563.5009483882401,1214.5806435689785,7.846759595524645e-07,cleared,78,False,False,True,9.710770800615966e-07,True,0.001666355906360269,11833.518249797136,299626.62345170835,True,2.4390451255298796e-05,4.9900030717253685e-05,34,shared_weighted_euclidean_projector,shared_model_kernel_rcmsa_tagged_transition,released_hmm_filter,78
Passive,full_action,test_069_5b01ea54b2fa,5b01ea54b2fa549608732665cf72566100e6d5765b097dd29e2f07654d97e94a,8b83c669d56287c61d40a0703b8fe7ebc8aa642d9fff413ea893b4f328a3116c,,21,78,decision_plus_clearance,43387.23925147117,238617.06464707994,0.0,282004.3038985511,6505.730576307827,261071.8195391508,11162.596050943612,2487.5701515391115,776.587580609671,0.0,42.64337343673397,1329.3621062998764,15511.925722019274,5.8607762828788875e-05,531.5521342943139,531.5521929020767,1142.6690343622554,6.373076147932231e-07,cleared,78,False,False,True,9.97045591745401e-07,True,0.0012307630194045664,11162.594820180591,282004.303898551,True,2.3423838207409497e-05,3.950018435716629e-05,34,shared_weighted_euclidean_projector,shared_model_kernel_rcmsa_tagged_transition,released_hmm_filter,78
Passive,full_action,test_070_0cd9bcac96c3,0cd9bcac96c35799fee58a41df95758c42fc0c84363a570dadf82c310f780fc2,8b83c669d56287c61d40a0703b8fe7ebc8aa642d9fff413ea893b4f328a3116c,,21,78,decision_plus_clearance,45398.934387528534,251309.27726360483,0.0,296708.2116511334,7253.543952439079,273987.42963568994,11714.826525862136,2902.035788440368,850.3757487018149,0.0,46.17510724288362,1512.7892651074212,16279.323692876296,7.55233465444693e-05,557.8488066605647,557.8488821839113,1204.9253407858007,7.222836572581174e-07,cleared,78,False,False,True,9.56604817977448e-07,True,0.0015859902774338552,11714.82493987186,296708.2116511334,True,2.579047300276302e-05,6.450014188885689e-05,34,shared_weighted_euclidean_projector,shared_model_kernel_rcmsa_tagged_transition,released_hmm_filter,78
Passive,full_action,test_071_34f77888383f,34f77888383fb5b7dddc8c7fc1f8ab1980f574da89d48920167bc6e4a5baac19,8b83c669d56287c61d40a0703b8fe7ebc8aa642d9fff413ea893b4f328a3116c,,21,78,decision_plus_clearance,38216.87567337723,223584.7543654036,0.0,261801.63003878086,5722.444478352395,243024.38000508773,10390.9449802962,1959.2990535110393,704.5615215335366,0.0,39.60087233825942,1146.543513298093,14439.613352669314,4.152311855099955e-05,494.80686230051003,494.8069038236286,1084.462411604681,6.785528238465902e-07,cleared,78,False,False,True,9.989163563519137e-07,True,0.0008719854895709906,10390.94410831071,261801.6300387809,True,2.545714821843874e-05,3.7899939343333244e-05,34,shared_weighted_euclidean_projector,shared_model_kernel_rcmsa_tagged_transition,released_hmm_filter,78
Passive,full_action,test_072_8e59fac0e6c8,8e59fac0e6c81b34fdbf7517a855653a3cd0a095878de09734040c0d4127fdc1,8b83c669d56287c61d40a0703b8fe7ebc8aa642d9fff413ea893b4f328a3116c,,21,78,decision_plus_clearance,42409.19780621266,234071.61718294918,0.0,276480.81498916185,6438.284914884274,255973.2486241403,10944.59736315402,2355.42819861178,769.2558883714802,0.0,42.68024272793896,1312.6298764582602,15208.987422265851,5.271027326362484e-05,521.171250297061,521.1713030073342,1153.2963507498514,7.413850187053815e-07,cleared,78,False,False,True,9.790252596552637e-07,True,0.0011069157385361216,10944.596256238281,276480.81498916185,True,2.5509546200434368e-05,7.030018605291843e-05,34,shared_weighted_euclidean_projector,shared_model_kernel_rcmsa_tagged_transition,released_hmm_filter,78
Passive,full_action,test_073_69349232969b,69349232969bf4c86d2f494ebcfdc30419a510d14224ddded4cf0b0572c985f7,8b83c669d56287c61d40a0703b8fe7ebc8aa642d9fff413ea893b4f328a3116c,,21,78,decision_plus_clearance,43460.33104260001,250391.51002799827,0.0,293851.8410705983,6926.948410352959,271750.2484146061,11619.17177181951,2733.0011890037836,822.4712848160358,0.0,44.98613516172512,1446.0370790513323,16146.398626611597,7.312663723297211e-05,553.2938207695299,553.2938938961672,1162.728836732144,7.259493370915843e-07,cleared,78,False,False,True,9.852691060063e-07,True,0.0015356593818924144,11619.17023616013,293851.8410705984,True,2.5571423715778758e-05,3.6800047382712364e-05,34,shared_weighted_euclidean_projector,shared_model_kernel_rcmsa_tagged_transition,released_hmm_filter,78
Passive,full_action,test_074_212affc962e2,212affc962e28f58fe45099916e12acf08d12bd5b6ae1e8be69e32f2992b7426,8b83c669d56287c61d40a0703b8fe7ebc8aa642d9fff413ea893b4f328a3116c,,21,78,decision_plus_clearance,43408.10004509538,248590.07615710405,0.0,291998.1762021994,6861.309720092724,270079.41976956784,11547.732438043971,2695.158575675598,814.5556988192961,0.0,45.03656093541257,1452.4352560893863,16047.124143914538,7.063376752443604e-05,549.8919502254693,549.8920208592368,1158.0211424486445,7.244138314849582e-07,cleared,78,False,False,True,9.771269237287752e-07,True,0.001483309118013157,11547.730954734854,291998.1762021995,True,2.347615857919057e-05,3.700004890561104e-05,34,shared_weighted_euclidean_projector,shared_model_kernel_rcmsa_tagged_transition,released_hmm_filter,78
Passive,full_action,test_075_8de4e41c7ad9,8de4e41c7ad941d139487bf1af6be7e835a7c841f83db6f4b9e0876bff23bb48,8b83c669d56287c61d40a0703b8fe7ebc8aa642d9fff413ea893b4f328a3116c,,21,78,decision_plus_clearance,40628.959333632745,232023.2867401105,0.0,272652.2460737432,6109.65870261842,252811.9532694549,10809.430454624075,2180.820943037202,740.3827040085839,0.0,41.23231442214929,1242.2785852653926,15021.154897899423,5.0518996852233626e-05,514.7347330345304,514.7347835535273,1101.9228213473502,6.287160494499201e-07,cleared,78,False,False,True,9.731927165057565e-07,True,0.0010608989338969062,10809.429393725139,272652.2460737432,True,2.237142152374699e-05,3.2400013878941536e-05,34,shared_weighted_euclidean_projector,shared_model_kernel_rcmsa_tagged_transition,released_hmm_filter,78
Passive,full_action,test_076_48339f21c8ec,48339f21c8ec04a89d1fa33ffb9bd38ffc2087720a9e6d22241a14418438a684,8b83c669d56287c61d40a0703b8fe7ebc8aa642d9fff413ea893b4f328a3116c,,21,78,decision_plus_clearance,46336.89110835769,255958.66051356422,0.0,302295.5516219219,7417.506578226399,279052.17277217883,11931.378865063822,3026.8276326442824,867.6657738084976,0.0,47.10145651846107,1565.4748433045697,16580.252072239207,8.249491864640714e-05,568.1608158414538,568.1608983363724,1224.4508547156047,8.622439229983498e-07,cleared,78,False,False,True,9.852695555300426e-07,True,0.00173239329157455,11931.377132670528,302295.5516219218,True,2.5171453931501935e-05,3.5400036722421646e-05,34,shared_weighted_euclidean_projector,shared_model_kernel_rcmsa_tagged_transition,released_hmm_filter,78
Passive,full_action,test_077_b1f2e84dc844,b1f2e84dc844662b5d1fd981486515a77f37fa4bd91d8f1c5bdc9de643205101,8b83c669d56287c61d40a0703b8fe7ebc8aa642d9fff413ea893b4f328a3116c,,21,78,decision_plus_clearance,45161.327720846486,243302.87699614893,0.0,288464.2047169954,6771.340284207281,266865.71201529796,11410.324476492251,2616.0465497335335,800.7813912643131,0.0,44.224900709035765,1420.8860694554955,15856.177468546479,6.534351164782106e-05,543.3487192513574,543.348784594869,1147.713663870495,7.182577252146571e-07,cleared,78,False,False,True,9.071027321329878e-07,True,0.0013722137446042424,11410.323104278505,288464.2047169953,True,2.2842825966931524e-05,3.0800001695752144e-05,34,shared_weighted_euclidean_projector,shared_model_kernel_rcmsa_tagged_transition,released_hmm_filter,78
Passive,full_action,test_078_367d379a9297,367d379a9297286f557f72f155581887362331484e75dc530b5d1e7702215749,8b83c669d56287c61d40a0703b8fe7ebc8aa642d9fff413ea893b4f328a3116c,,21,78,decision_plus_clearance,47179.35338806972,236111.25368544407,0.0,283290.6070735138,6695.670759405704,262123.0277881151,11207.542352677337,2471.0425898509993,793.3235834647122,0.0,43.65732121568057,1392.8433284159648,15574.38464345441,5.8789624505604736e-05,533.6924341950106,533.6924929846351,1160.6017794283598,6.338008861768131e-07,cleared,78,False,False,True,9.307489659780564e-07,True,0.0012345821146176996,11207.541118095223,283290.60707351385,True,2.1738077824314434e-05,3.5400036722421646e-05,34,shared_weighted_euclidean_projector,shared_model_kernel_rcmsa_tagged_transition,released_hmm_filter,78
Passive,full_action,test_079_bce06ca59758,bce06ca59758dbd98389f738153975aa7a35c811fa8594d1d0e258628ef96d65,8b83c669d56287c61d40a0703b8fe7ebc8aa642d9fff413ea893b4f328a3116c,,21,78,decision_plus_clearance,38295.67321589672,227172.75819136837,0.0,265468.4314072651,5693.670144683802,246553.6964211489,10541.847303198934,1971.8808950533976,707.336643180031,0.0,38.736054007051216,1101.569239418913,14649.3123325496,4.4293076166800776e-05,501.99268443068263,501.9927287237588,1073.4419075631542,7.68038490697106e-07,cleared,78,False,False,True,9.004625041252604e-07,True,0.0009301545995028163,10541.846373044335,265468.4314072651,True,2.5023817129078364e-05,5.21000474691391e-05,34,shared_weighted_euclidean_projector,shared_model_kernel_rcmsa_tagged_transition,released_hmm_filter,78
Passive,full_action,test_080_e669407a98d7,e669407a98d788999f61cc42f0d91ad3f73f1d4c7c567a28c5df008483262012,8b83c669d56287c61d40a0703b8fe7ebc8aa642d9fff413ea893b4f328a3116c,,21,78,decision_plus_clearance,42725.58514754646,253786.42042813502,0.0,296512.00557568145,6988.052584793063,274146.65541243163,11721.634554995218,2811.4541057086626,844.2089177527146,0.0,45.33308675766585,1451.2588885205898,16288.784301628033,7.762724023326027e-05,558.1729964201511,558.1730740473913,1191.4280619453773,6.749146802872264e-07,cleared,78,False,False,True,9.712848005239645e-07,True,0.0016301720448984656,11721.632924823172,296512.00557568134,True,2.5638101977251826e-05,6.0099875554442406e-05,34,shared_weighted_euclidean_projector,shared_model_kernel_rcmsa_tagged_transition,released_hmm_filter,78
Passive,full_action,test_081_fbbd80304765,fbbd803047650db226feaa75de7119d49ed8d237f46bb4c3b1122439776b0ba3,8b83c669d56287c61d40a0703b8fe7ebc8aa642d9fff413ea893b4f328a3116c,,21,78,decision_plus_clearance,38975.62459772402,236841.40840241069,0.0,275817.0330001347,6181.852395096892,255702.32908554326,10933.013720187784,2242.0304050025,757.8073943043862,0.0,41.54512861486228,1227.4636405425197,15192.89038199514,5.319917166860262e-05,520.6196477621514,520.6197009613231,1135.7947303218004,8.39217148332286e-07,cleared,78,False,False,True,9.918093485790737e-07,True,0.0011171826050406551,10933.01260300518,275817.03300013475,True,2.424758193748338e-05,3.300001844763756e-05,34,shared_weighted_euclidean_projector,shared_model_kernel_rcmsa_tagged_transition,released_hmm_filter,78
Passive,full_action,test_082_2cf496ac3a99,2cf496ac3a99b59959fd7b5de1a04776b86b60eee9dcd086bd37dfc0c4edb16c,8b83c669d56287c61d40a0703b8fe7ebc8aa642d9fff413ea893b4f328a3116c,,21,78,decision_plus_clearance,45800.12158520252,250685.5787285044,0.0,296485.7003137069,7077.2017203175865,274058.81847080815,11717.878901478422,2784.7394665327047,847.0617545699876,0.0,45.50373771681054,1478.2284545574776,16283.56535367011,7.627823335194144e-05,557.994157125501,557.9942334037344,1195.0465391427238,6.012360017193752e-07,cleared,78,False,False,True,9.956977628061371e-07,True,0.0016018429003907702,11717.877299635522,296485.7003137069,True,2.479046538826965e-05,3.809994086623192e-05,34,shared_weighted_euclidean_projector,shared_model_kernel_rcmsa_tagged_transition,released_hmm_filter,78
Passive,full_action,test_083_4cbdde5f376f,4cbdde5f376f40f80c1ddb1ed6bdd46a705c890728c9a5d74d7af9a990a98cc8,8b83c669d56287c61d40a0703b8fe7ebc8aa642d9fff413ea893b4f328a3116c,,21,78,decision_plus_clearance,43170.54838608693,246990.02955140322,0.0,290160.57793749013,6680.299820577603,268618.9684567938,11485.288177623,2566.926296455244,809.0951860405122,0.0,43.58935492889731,1364.9927044621948,15960.349507055591,6.871063509156732e-05,546.9184159380793,546.9184846487144,1159.3353802729002,6.915303810179872e-07,cleared,78,False,False,True,9.608889642681261e-07,True,0.0014429233369229136,11485.286734699665,290160.5779374902,True,2.3471424356102943e-05,3.200001083314419e-05,34,shared_weighted_euclidean_projector,shared_model_kernel_rcmsa_tagged_transition,released_hmm_filter,78
Passive,full_action,test_084_513eb18f351c,513eb18f351c0ae9049df078bb1de046440084ba5b9f75437cb0aee0bdfd9e44,8b83c669d56287c61d40a0703b8fe7ebc8aa642d9fff413ea893b4f328a3116c,,21,78,decision_plus_clearance,42548.842798214784,247366.31721832164,0.0,289915.1600165364,6728.149814103281,268290.54749543755,11471.245941757483,2615.2638666113194,809.9528986267936,0.0,44.18218038715562,1393.9633159186617,15940.83594379221,6.839397633932766e-05,546.2497383563799,546.2498067503562,1163.6629390689181,7.441675227049516e-07,cleared,78,False,False,True,9.806489503682184e-07,True,0.0014362735031258809,11471.244505483977,289915.16001653636,True,2.433811979634421e-05,4.1300198063254356e-05,34,shared_weighted_euclidean_projector,shared_model_kernel_rcmsa_tagged_transition,released_hmm_filter,78
Passive,full_action,test_085_650c50514b66,650c50514b6644e496b372654068cbdc1711c214d31c247c6f969a86a61106c0,8b83c669d56287c61d40a0703b8fe7ebc8aa642d9fff413ea893b4f328a3116c,,21,78,decision_plus_clearance,48651.55191085362,254219.49095060505,0.0,302871.04286145867,7377.4407596341225,279659.0357635138,11957.326421013922,3007.3164103303566,869.9235069663747,0.0,46.65794542069903,1563.085073675229,16616.309633959107,8.414321132194121e-05,569.3964120955469,569.3964962387582,1203.800958630072,6.289058140535358e-07,cleared,78,False,False,True,8.917209424128983e-07,True,0.0017670074377607655,11957.324654006485,302871.0428614586,True,2.2633344910684084e-05,3.2700132578611374e-05,34,shared_weighted_euclidean_projector,shared_model_kernel_rcmsa_tagged_transition,released_hmm_filter,78
Passive,full_action,test_086_754dc8e1ab0e,754dc8e1ab0e7268d5ce0dd2ffc19bdf7c2959cd70067092fd5ee3f03e2bf486,8b83c669d56287c61d40a0703b8fe7ebc8aa642d9fff413ea893b4f328a3116c,,21,78,decision_plus_clearance,47307.714065820284,251128.76420382576,0.0,298436.47826964606,7210.456541314474,275748.3696424708,11790.11872106721,2829.4795603540415,858.0538044394725,0.0,46.231397929482775,1521.52536940057,16383.95226115406,7.750233274366224e-05,561.4341473103916,561.4342248127243,1208.9185496547725,7.903446400434136e-07,cleared,78,False,False,True,9.536962384043108e-07,True,0.0016275489876169072,11790.117093518224,298436.478269646,True,2.4580917808981168e-05,9.680003859102726e-05,34,shared_weighted_euclidean_projector,shared_model_kernel_rcmsa_tagged_transition,released_hmm_filter,78
Passive,full_action,test_087_cbc79ee243dd,cbc79ee243dd0e237a5023163791e895019f33bb871350474ccaace9587409dc,8b83c669d56287c61d40a0703b8fe7ebc8aa642d9fff413ea893b4f328a3116c,,21,78,decision_plus_clearance,41185.83964221164,247428.1232459421,0.0,288613.96288815374,6794.195492654815,266944.5515092386,11413.695429487852,2650.2098601489784,811.3105966234424,0.0,44.811229030449276,1415.600527096089,15860.861821261322,6.676093538478332e-05,543.5092394051528,543.5093061660882,1175.250846580593,7.855476955427745e-07,cleared,78,False,False,True,9.996346674619843e-07,True,0.0014019796430804498,11413.694027508209,288613.9628881537,True,2.256189916460287e-05,3.9899954572319984e-05,34,shared_weighted_euclidean_projector,shared_model_kernel_rcmsa_tagged_transition,released_hmm_filter,78
Reactive,full_action,test_000_4ae657b9eeec,4ae657b9eeecf70786804d24952478895a67cdd02d3cb00a5f23d60565e89d40,8b83c669d56287c61d40a0703b8fe7ebc8aa642d9fff413ea893b4f328a3116c,,21,79,decision_plus_clearance,13878.839393259646,87901.54603505063,0.0,101780.38542831028,8259.405177009156,85117.18422024854,3414.081473771674,3018.2498368866654,1343.9694673116978,627.4952530825634,40.50513828504795,1268.6790921596364,6971.908092515702,0.0003696053647076741,162.57493866947692,162.57530827484163,1578.7975663715204,5.17536209792126e-07,cleared,79,False,False,True,9.407351015063886e-07,True,0.007761712658861156,3414.073712059015,101780.38542831031,True,0.00017839045973405953,0.00030349986627697945,34,shared_weighted_euclidean_projector,shared_model_kernel_rcmsa_tagged_transition,released_hmm_filter,79
Reactive,full_action,test_001_dde9993de777,dde9993de777ead4870656b2cec02bf256c4174b03458346cc5fc13db98f082b,8b83c669d56287c61d40a0703b8fe7ebc8aa642d9fff413ea893b4f328a3116c,,21,79,decision_plus_clearance,12704.492813649858,92917.29940745217,0.0,105621.79222110203,7813.246477262753,89665.30920168382,3621.7202464927486,2716.081992541921,1248.932332958082,556.5019701626769,38.63031232855608,1141.4873778644048,7142.1991045110435,0.000309715324683209,172.46255916528239,172.46286888060706,1525.6892507991033,6.679487571411239e-07,cleared,79,False,False,True,9.893139256674327e-07,True,0.006504021818347389,3621.71374247093,105621.792221102,True,0.00015876665046172484,0.00021580001339316368,34,shared_weighted_euclidean_projector,shared_model_kernel_rcmsa_tagged_transition,released_hmm_filter,79
Reactive,full_action,test_002_f01217ab0e79,f01217ab0e7903b1b91cb3f87068f20b75f716d08632ca2b15c76649d7f00a8c,8b83c669d56287c61d40a0703b8fe7ebc8aa642d9fff413ea893b4f328a3116c,,21,79,decision_plus_clearance,13397.034104173046,78666.31052912372,0.0,92063.34463329676,7734.230324206205,76697.65448568195,3059.5084617314083,2690.346407037829,1276.8655043825395,604.7394502567918,37.613909167703596,1130.5288855082977,6420.538309738966,0.00033557769482342367,145.69054355237225,145.69087913006706,1518.677176961557,4.4471670001880823e-07,cleared,79,False,False,True,9.995614721068065e-07,True,0.007047131591291897,3059.501414599817,92063.34463329673,True,0.00016721906805677072,0.00034689996391534805,34,shared_weighted_euclidean_projector,shared_model_kernel_rcmsa_tagged_transition,released_hmm_filter,79
Reactive,full_action,test_003_eb3106001035,eb3106001035e1bd9c52b845bd9616d282a52a699d46aca5269b5370622454fc,8b83c669d56287c61d40a0703b8fe7ebc8aa642d9fff413ea893b4f328a3116c,,21,79,decision_plus_clearance,13288.472478537611,87364.79936915447,0.0,100653.27184769209,7954.132078103889,84579.37275638546,3398.9038539804615,2829.225709082904,1315.5170566920349,576.1203934473706,39.40995522252122,1195.8099990126589,6887.433403802217,0.00035532532601519946,161.85220914993405,161.85256447526007,1547.1474245285299,5.315565639507003e-07,cleared,79,False,False,True,9.736359631675444e-07,True,0.007461831846319189,3398.896392148615,100653.27184769213,True,0.000184204773090425,0.00030800001695752144,34,shared_weighted_euclidean_projector,shared_model_kernel_rcmsa_tagged_transition,released_hmm_filter,79
Reactive,full_action,test_004_55a330aff5c4,55a330aff5c4a0576082656af4ffca48ee935b03b126b46b442653f81477abfb,8b83c669d56287c61d40a0703b8fe7ebc8aa642d9fff413ea893b4f328a3116c,,21,79,decision_plus_clearance,13490.547402093625,79998.92444313072,0.0,93489.47184522434,7859.352644421801,77849.20884826282,3107.8706334326816,2765.7922565169456,1292.1409881510879,615.1064744390285,38.643507185377985,1183.9332687000233,6493.947948163133,0.00032416640093307984,147.9935155208696,147.99383968727054,1530.4441823838893,4.91024217315202e-07,cleared,79,False,False,True,9.61988264972482e-07,True,0.006807494419594677,3107.863825938262,93489.47184522437,True,0.0001657190289170969,0.0002421000972390175,34,shared_weighted_euclidean_projector,shared_model_kernel_rcmsa_tagged_transition,released_hmm_filter,79
Reactive,full_action,test_005_981c73a17708,981c73a17708f6a8f2159189b725895e9b78b4ffca7b2cc292d9f5cb6c138259,8b83c669d56287c61d40a0703b8fe7ebc8aa642d9fff413ea893b4f328a3116c,,21,79,decision_plus_clearance,12900.856540809522,86739.31870942094,0.0,99640.17525023046,7743.924258287892,84014.18775300335,3381.205826214773,2658.65813257281,1256.7571647950444,585.4421153566635,38.231330135409934,1144.9097077798456,6809.154722186509,0.000290961882777276,161.00951028643973,161.0098012483225,1522.9329299878505,5.332448657850177e-07,cleared,79,False,False,True,9.589836483678245e-07,True,0.006110199538322795,3381.1997160152346,99640.17525023053,True,0.00018609524704515934,0.0004939001519232988,34,shared_weighted_euclidean_projector,shared_model_kernel_rcmsa_tagged_transition,released_hmm_filter,79
Reactive,full_action,test_006_daba4b1e9814,daba4b1e9814b4a66b4b77a1db00896fa1b3246def31f9ebaa0c7ced46e92af5,8b83c669d56287c61d40a0703b8fe7ebc8aa642d9fff413ea893b4f328a3116c,,21,79,decision_plus_clearance,13424.00767118866,85187.2983278284,0.0,98611.30599901706,7856.006612930428,82763.41898285529,3316.9460554917355,2770.7040045916538,1284.5291017417642,619.7012414062038,38.86580105945512,1184.3787100084216,6786.12425568202,0.00032618866334311724,157.94948597760978,157.94981216627312,1530.9647720325174,6.324779083276349e-07,cleared,79,False,False,True,9.525320281145506e-07,True,0.006849961930205462,3316.9392055298053,98611.30599901707,True,0.00017075717360490845,0.0002321999054402113,34,shared_weighted_euclidean_projector,shared_model_kernel_rcmsa_tagged_transition,released_hmm_filter,79
Reactive,full_action,test_007_925513ee8ec6,925513ee8ec62fc55ab4f4e4980ba11972ca8c6ab89cbb52b03a5fe88f85fa31,8b83c669d56287c61d40a0703b8fe7ebc8aa642d9fff413ea893b4f328a3116c,,21,79,decision_plus_clearance,15870.237723904347,83571.68731778488,0.0,99441.92504168922,9050.444303541597,81399.8325279937,3223.7303734250886,3553.020464038958,1504.7023955784223,710.1949771114984,44.21241223407628,1510.2269709356171,6949.585030200125,0.0005111177853418255,153.51045904531412,153.51097016309947,1671.0870494416426,5.104260934558628e-07,cleared,79,False,False,True,9.654002197289923e-07,True,0.010733473492178335,3223.7196399515965,99441.92504168928,True,0.0001735619069742305,0.00023330003023147583,34,shared_weighted_euclidean_projector,shared_model_kernel_rcmsa_tagged_transition,released_hmm_filter,79
Reactive,full_action,test_008_fabe46a0ea00,fabe46a0ea0025c65c0c7b807dc0f70b60fa5f50100dd7bd2d9ad2a46e9df6b5,8b83c669d56287c61d40a0703b8fe7ebc8aa642d9fff413ea893b4f328a3116c,,21,79,decision_plus_clearance,12496.250767645548,80286.99687356842,0.0,92783.24764121397,7297.333271667622,78183.58943171643,3136.4437913472007,2390.672263019902,1221.0220771995225,554.1868062632799,35.917622259062476,1026.3727184404545,6416.530301896196,0.0002899859086027272,149.35417626872,149.35446625462862,1473.4176444244113,5.405207578626676e-07,cleared,79,False,False,True,9.818992665684836e-07,True,0.006089704080657271,3136.4377016431204,92783.24764121398,True,0.00017301906787213825,0.0002935999073088169,34,shared_weighted_euclidean_projector,shared_model_kernel_rcmsa_tagged_transition,released_hmm_filter,79
Reactive,full_action,test_009_c8ef87e47101,c8ef87e471016915d86795cd09c50907b7668afc7c30bcb05a14726a2af75061,8b83c669d56287c61d40a0703b8fe7ebc8aa642d9fff413ea893b4f328a3116c,,21,79,decision_plus_clearance,12438.847683843554,92187.54611032209,0.0,104626.39379416565,7702.603337056506,88852.78435163116,3593.5377129044045,2687.869411515621,1229.6668693042934,559.9321117536606,38.7073580708288,1150.979879909025,7045.043396141462,0.0002764778230818663,171.12056699381523,171.12084347163832,1498.3694279396886,6.482552457467098e-07,cleared,79,False,False,True,9.515477649951533e-07,True,0.0058060342847191925,3593.5319068701197,104626.39379416563,True,0.00017060951462813785,0.00026130001060664654,34,shared_weighted_euclidean_projector,shared_model_kernel_rcmsa_tagged_transition,released_hmm_filter,79
Reactive,full_action,test_010_613ab99db82c,613ab99db82c659cd8ff6e1475e7317b5ab19503260bfedec209a4c7abd2eb88,8b83c669d56287c61d40a0703b8fe7ebc8aa642d9fff413ea893b4f328a3116c,,21,79,decision_plus_clearance,12193.837874450684,78884.42649359078,0.0,91078.26436804148,7176.292895813061,76787.00387712469,3082.351555217767,2310.6618193553786,1177.216494807895,544.7377257227017,35.14838237485409,1000.127118260456,6296.763588461726,0.0002475133677930409,146.77839797319254,146.77864548656032,1449.3879840087432,5.158391172822506e-07,cleared,79,False,False,True,9.839852353311858e-07,True,0.005197780723653859,3082.3463574370435,91078.2643680415,True,0.00014820955471978302,0.00019999989308416843,34,shared_weighted_euclidean_projector,shared_model_kernel_rcmsa_tagged_transition,released_hmm_filter,79
Reactive,full_action,test_011_8a2e74b38d5d,8a2e74b38d5d3fa099c53fd66f114b907a8d9576d5dcc067dc484a7c19e7da8b,8b83c669d56287c61d40a0703b8fe7ebc8aa642d9fff413ea893b4f328a3116c,,21,79,decision_plus_clearance,13477.001310307594,98330.73830494727,0.0,111807.73961525486,8389.908320587254,94531.73871967458,3821.4775875601295,3110.190401934143,1353.6663129098613,600.758272588873,41.87656301689179,1310.9337240647326,7501.257048196157,0.0003712087632759429,181.97475200838574,181.97512321714902,1586.353869528369,6.495759043829751e-07,cleared,79,False,False,True,8.901813379452756e-07,True,0.007795384028794801,3821.4697921761003,111807.73961525486,True,0.0001800190546505508,0.0003030998632311821,34,shared_weighted_euclidean_projector,shared_model_kernel_rcmsa_tagged_transition,released_hmm_filter,79
Reactive,full_action,test_012_b6bdc05b20a7,b6bdc05b20a7bd7872689e9fd93f49c5864d83dbaa6c13c7b8023906ab88c1ae,8b83c669d56287c61d40a0703b8fe7ebc8aa642d9fff413ea893b4f328a3116c,,21,79,decision_plus_clearance,13704.274548631558,90309.27844971704,0.0,104013.55299834859,8290.380650711319,87265.37649249088,3507.2632596084964,2998.500045808333,1354.7515041852976,597.2810455442687,40.98242146920743,1283.4425350954064,7103.156983131786,0.00036295672662403785,167.01217321510654,167.01253617183318,1590.7716932319643,5.462347666310055e-07,cleared,79,False,False,True,9.921368668997399e-07,True,0.007622091259104795,3507.2556375172376,104013.5529983486,True,0.00018049047018090883,0.0002836999483406544,34,shared_weighted_euclidean_projector,shared_model_kernel_rcmsa_tagged_transition,released_hmm_filter,79
Reactive,full_action,test_013_040653995d85,040653995d85cc962bcb3d75b933864971de686f9683c73e392ab9224c3c2124,8b83c669d56287c61d40a0703b8fe7ebc8aa642d9fff413ea893b4f328a3116c,,21,79,decision_plus_clearance,12278.371852250779,75375.81242128873,0.0,87654.18427353952,7120.755854706866,73540.19686132367,2940.5857175308797,2326.0780148385847,1149.765888053458,576.8019370860859,35.28567129509237,1019.73125543029,6101.050359015705,0.00024533632299078833,140.0276459746713,140.02789131099428,1430.2949875902843,4.953385084046646e-07,cleared,79,False,False,True,9.88002794627076e-07,True,0.005152062782806555,2940.580565468097,87654.18427353953,True,0.0001751238125420752,0.0003714000340551138,34,shared_weighted_euclidean_projector,shared_model_kernel_rcmsa_tagged_transition,released_hmm_filter,79
Reactive,full_action,test_014_f00647451070,f00647451070accd7f5177b412ddbd68c73d8b7f2cb6c77b8469ffbc7c614a43,8b83c669d56287c61d40a0703b8fe7ebc8aa642d9fff413ea893b4f328a3116c,,21,79,decision_plus_clearance,12508.653536043783,79071.51898238638,0.0,91580.17251843016,7320.676283476362,76957.31079145319,3083.548712426988,2439.3515573791165,1214.046934284661,565.2382394098298,36.22050572126871,1045.4188344212853,6337.9023015247385,0.000290408359653463,146.83536256435409,146.83565297271375,1464.6143749237192,5.22849589704919e-07,cleared,79,False,False,True,9.452494767242268e-07,True,0.006098575552722724,3083.542613851436,91580.17251843015,True,0.0001604524108448199,0.00020700017921626568,34,shared_weighted_euclidean_projector,shared_model_kernel_rcmsa_tagged_transition,released_hmm_filter,79
Reactive,full_action,test_015_643a837775f9,643a837775f944f0e897fff5495209f1a59016e336af0b18defb50bf86cbf809,8b83c669d56287c61d40a0703b8fe7ebc8aa642d9fff413ea893b4f328a3116c,,21,79,decision_plus_clearance,15943.310778585917,93656.47065265579,0.0,109599.7814312417,9413.41140728303,90528.05784379979,3614.7808723066396,3779.008829569949,1575.3956818495908,689.1267964326563,45.978174619990746,1577.3883275237988,7506.667636046599,0.0005795743081051263,172.13184291648423,172.13242249079232,1714.0850869439653,5.610555521812837e-07,cleared,79,False,False,True,9.881206891165114e-07,True,0.012171060470207651,3614.768701246169,109599.78143124166,True,0.00014950478050325598,0.00022699986584484577,34,shared_weighted_euclidean_projector,shared_model_kernel_rcmsa_tagged_transition,released_hmm_filter,79
Reactive,full_action,test_016_45a90ccef8bd,45a90ccef8bdd374ee00dbc87ec9b3752c6a102ea41ee1fc73e6c34df9d0ef6a,8b83c669d56287c61d40a0703b8fe7ebc8aa642d9fff413ea893b4f328a3116c,,21,79,decision_plus_clearance,13659.83756825176,94186.69914476022,0.0,107846.53671301198,8425.670721879404,90663.5587099048,3653.8751483062642,3132.703716076981,1365.9920644957333,604.7363523488302,41.797118442707905,1316.6473160897567,7291.440248681507,0.0003783787695253266,173.99367630248116,173.99405468125067,1592.7107763640522,5.53223827954471e-07,cleared,79,False,False,True,9.84075016997711e-07,True,0.00794595416003186,3653.8672023521044,107846.53671301201,True,0.00016692857302370525,0.00024099997244775295,34,shared_weighted_euclidean_projector,shared_model_kernel_rcmsa_tagged_transition,released_hmm_filter,79
Reactive,full_action,test_017_ebd333a3cdba,ebd333a3cdbaf4583dc4bbdc159fa86380b9858d554b85820a961aee779a82c0,8b83c669d56287c61d40a0703b8fe7ebc8aa642d9fff413ea893b4f328a3116c,,21,79,decision_plus_clearance,13754.525171920235,85458.57354730844,0.0,99213.09871922867,8069.285040409414,82962.95362152983,3324.275020376885,2900.60957384753,1327.5312051352628,628.4442579297684,39.97697314127937,1248.163296349198,6814.955014810725,0.00033610647192905765,158.29847438766546,158.2988104941374,1555.5738808205726,6.113441307872711e-07,cleared,79,False,False,True,9.55781246335555e-07,True,0.007058235910510211,3324.2679621409748,99213.0987192287,True,0.00015170476399362087,0.00022080005146563053,34,shared_weighted_euclidean_projector,shared_model_kernel_rcmsa_tagged_transition,released_hmm_filter,79
Reactive,full_action,test_018_9466cee538c9,9466cee538c90a351ebb4cc641f0fb605f60f7a5370deb739961de94e8407d65,8b83c669d56287c61d40a0703b8fe7ebc8aa642d9fff413ea893b4f328a3116c,,21,79,decision_plus_clearance,14204.8091696196,85183.67243576162,0.0,99388.48160538122,8321.468906255837,82675.68148675778,3304.87571371128,3058.4143159004243,1392.128489768079,635.9126929878408,40.829614102833204,1286.5924775467088,6859.530889146505,0.00040847853545464285,157.37462550771596,157.37503398625142,1590.2880073888039,5.04312022872422e-07,cleared,79,False,False,True,9.498366887964546e-07,True,0.0085780492445475,3304.8671356620353,99388.48160538124,True,0.00014983337106449262,0.00026290002278983593,34,shared_weighted_euclidean_projector,shared_model_kernel_rcmsa_tagged_transition,released_hmm_filter,79
Reactive,full_action,test_019_9d2b7462a57a,9d2b7462a57ab18c9c816164b4cf31fe355ef525f834131b7e4bee6c19475a44,8b83c669d56287c61d40a0703b8fe7ebc8aa642d9fff413ea893b4f328a3116c,,21,79,decision_plus_clearance,14943.629831109964,85852.323841439,0.0,100795.95367254897,8686.964971058434,83333.7437211342,3319.434724934643,3344.6642227499715,1437.4712649352086,673.6747677364773,42.97956826278846,1420.4793810758372,6964.470523002485,0.00044646150259155333,158.06787377348041,158.06832023498302,1616.198632692967,5.652524937733544e-07,cleared,79,False,False,True,9.8083530200951e-07,True,0.00937569155442262,3319.425349243089,100795.95367254895,True,0.00016318568738088723,0.0002212999388575554,34,shared_weighted_euclidean_projector,shared_model_kernel_rcmsa_tagged_transition,released_hmm_filter,79
Reactive,full_action,test_020_701c8d28bc45,701c8d28bc45b0352a2505312c03123c85798d4dd0b786857dc34cb69fe2061b,8b83c669d56287c61d40a0703b8fe7ebc8aa642d9fff413ea893b4f328a3116c,,21,79,decision_plus_clearance,13914.820173076023,90441.84739993748,0.0,104356.6675730135,8395.575631559017,87331.96968866314,3509.718965546562,3114.877022944816,1379.03986317803,625.4864011219283,41.520779080918096,1313.2626416187534,7104.139234969685,0.0003912880125878666,167.1290832618237,167.1294745498363,1589.8339022985201,4.926089225149061e-07,cleared,79,False,False,True,9.768590620828602e-07,True,0.0082170482643452,3509.7107484982976,104356.66757301349,True,0.00017412380492758182,0.0002576000988483429,34,shared_weighted_euclidean_projector,shared_model_kernel_rcmsa_tagged_transition,released_hmm_filter,79
Reactive,full_action,test_021_69299bc5d0bf,69299bc5d0bf379cc97bdd78ee18bea9a8ffc622a60d0cff22ec8965b5a58972,8b83c669d56287c61d40a0703b8fe7ebc8aa642d9fff413ea893b4f328a3116c,,21,79,decision_plus_clearance,13487.041255972985,81662.48618979586,0.0,95149.52744576885,7831.129291276029,79495.23962660515,3176.7771387072444,2747.811368942774,1281.5659506127097,617.0040696249273,38.33057718357779,1165.1343932580003,6600.550952998591,0.000330722534235945,151.27477112066788,151.27510184320212,1530.6585013124336,5.335226463404046e-07,cleared,79,False,False,True,9.495142455046849e-07,True,0.006945173218954845,3176.7701935340256,95149.52744576884,True,0.00015682859035829702,0.00020650005899369717,34,shared_weighted_euclidean_projector,shared_model_kernel_rcmsa_tagged_transition,released_hmm_filter,79
Reactive,full_action,test_022_1b3e72c80b5f,1b3e72c80b5f8d5862204b809782bba3d065c565c21a1919e08c2b86b7b1841f,8b83c669d56287c61d40a0703b8fe7ebc8aa642d9fff413ea893b4f328a3116c,,21,79,decision_plus_clearance,13963.584580634155,80169.31467460757,0.0,94132.89925524172,8036.654416619482,78146.53720858839,3112.487389449571,2875.351131674304,1335.8074040464903,626.0617048634698,39.1767944080107,1215.4193214481022,6570.035181608556,0.0003625864690389442,148.2133226254153,148.21368521188433,1559.643918843946,4.931679902215474e-07,cleared,79,False,False,True,9.285957055465307e-07,True,0.007614315849817829,3112.479775133721,94132.8992552417,True,0.00015932857058942318,0.0002478999085724354,34,shared_weighted_euclidean_projector,shared_model_kernel_rcmsa_tagged_transition,released_hmm_filter,79
Reactive,full_action,test_023_90a8af416c5a,90a8af416c5a6e79abe970bf714eca061d636b83c012d16275b0083f8782fa25,8b83c669d56287c61d40a0703b8fe7ebc8aa642d9fff413ea893b4f328a3116c,,21,79,decision_plus_clearance,14586.360070403414,87678.14576444123,0.0,102264.50583484465,8563.833744602172,84950.05626782488,3395.737506770627,3278.5627376673956,1418.4648770109516,657.850700968602,42.82731184122233,1399.7406514134082,7016.703348509705,0.00043803957706486165,161.70134799711946,161.70178603669652,1601.5131096008045,6.33722797096315e-07,cleared,79,False,False,True,9.724537127014771e-07,True,0.009198831118362094,3395.7283079395083,102264.50583484463,True,0.00016375713139062836,0.00022929999977350235,34,shared_weighted_euclidean_projector,shared_model_kernel_rcmsa_tagged_transition,released_hmm_filter,79
Reactive,full_action,test_024_e90f261f99e2,e90f261f99e247c3e3c066941073cd14924ea1eec3b7043270db54af5285d79a,8b83c669d56287c61d40a0703b8fe7ebc8aa642d9fff413ea893b4f328a3116c,,21,79,decision_plus_clearance,13094.178601222475,89723.21906165394,0.0,102817.39766287642,8005.404214320105,86545.10020016345,3488.2376256942975,2879.5910475052283,1298.027805955577,601.0367692377774,39.70093870434509,1211.7146104607996,6969.175805115393,0.00031478556995014886,166.1062388189204,166.10655360449033,1539.6757743977366,5.571300934891363e-07,cleared,79,False,False,True,9.889172420766707e-07,True,0.0066104969689531265,3488.2310151973284,102817.39766287642,True,0.00016620000159101828,0.00025509996339678764,34,shared_weighted_euclidean_projector,shared_model_kernel_rcmsa_tagged_transition,released_hmm_filter,79
Reactive,full_action,test_025_0c3eeaae0824,0c3eeaae08241ee112c7df9413dd57d8fb7bc6ef2bac58f6ca7de012fc948c72,8b83c669d56287c61d40a0703b8fe7ebc8aa642d9fff413ea893b4f328a3116c,,21,79,decision_plus_clearance,13176.311499110592,89086.48165785661,0.0,102262.79315696721,7944.557928354848,86238.44486468079,3466.088607218863,2762.9766705893458,1280.888422842724,569.8366632806561,39.1006586685726,1180.7063811676956,6998.693354335427,0.0003271742879921547,165.05151126470548,165.05183843899349,1547.8671785381503,6.663459925138164e-07,cleared,79,False,False,True,9.529290905684891e-07,True,0.006870660047835249,3466.081736558815,102262.79315696721,True,0.000152357133282792,0.00021700002253055573,34,shared_weighted_euclidean_projector,shared_model_kernel_rcmsa_tagged_transition,released_hmm_filter,79
Reactive,full_action,test_026_770d47ae1768,770d47ae17682b043d9c912886a238fdb23a8c0a8289016ef57c0235fe5d0b06,8b83c669d56287c61d40a0703b8fe7ebc8aa642d9fff413ea893b4f328a3116c,,21,79,decision_plus_clearance,12759.89445316365,97007.78424452918,0.0,109767.67869769283,8018.427678019519,93266.34398974765,3776.321488780567,2877.0059269599174,1262.5159889080983,567.0636252771228,39.89641414044789,1203.1127618851153,7358.286161378999,0.000311235528831853,179.8245215635458,179.82483279907464,1540.0203962987541,6.945054197733061e-07,cleared,79,False,False,True,9.457219560306558e-07,True,0.006535946105468913,3776.314952834462,109767.67869769287,True,0.0001804143012989135,0.0002367000561207533,34,shared_weighted_euclidean_projector,shared_model_kernel_rcmsa_tagged_transition,released_hmm_filter,79
Reactive,full_action,test_027_df5d670513fa,df5d670513fa35262df8ea203ff162de2bc1a2f4598ac89786b63793aaa8dbd0,8b83c669d56287c61d40a0703b8fe7ebc8aa642d9fff413ea893b4f328a3116c,,21,79,decision_plus_clearance,13670.084741929883,82268.72781939249,0.0,95938.81256132237,7976.686700571537,80026.88196409901,3196.9027864311615,2817.0434487817392,1307.6227799803507,613.6748814586119,38.986857737334475,1198.0557959212088,6658.316418992536,0.00035076092072916574,152.23311525961077,152.2334660205315,1550.5217145043946,4.791513699171737e-07,cleared,79,False,False,True,9.472170174342838e-07,True,0.007365979335312481,3196.8954204518263,95938.81256132241,True,0.00018231431022286415,0.0003013999667018652,34,shared_weighted_euclidean_projector,shared_model_kernel_rcmsa_tagged_transition,released_hmm_filter,79
Reactive,full_action,test_028_e9fb02365dd3,e9fb02365dd39d4a479796939c6b75136b323e6bb5414d58fe16c9eb23eb080e,8b83c669d56287c61d40a0703b8fe7ebc8aa642d9fff413ea893b4f328a3116c,,21,79,decision_plus_clearance,12454.12879045252,80557.77070752178,0.0,93011.8994979743,7340.7732761721745,78330.16506871216,3141.7686121279976,2442.0969196583637,1197.9506755236955,559.1449457799021,36.013081480606495,1034.2931322506417,6429.965221312837,0.00028222348140178623,149.60774692547088,149.60802914895228,1473.5484553648707,4.82924395956841e-07,cleared,79,False,False,True,9.501644199456385e-07,True,0.0059266931094375105,3141.762685434888,93011.89949797429,True,0.00018124286794946309,0.00023030000738799572,34,shared_weighted_euclidean_projector,shared_model_kernel_rcmsa_tagged_transition,released_hmm_filter,79
Reactive,full_action,test_029_b44f60718c5a,b44f60718c5a51721bd1be86466c0bb83a8f075ec00e497e8853122651b88be6,8b83c669d56287c61d40a0703b8fe7ebc8aa642d9fff413ea893b4f328a3116c,,21,79,decision_plus_clearance,12377.089751972508,86990.55362196069,0.0,99367.6433739332,7509.731018296838,84183.15376648834,3395.9557824294966,2510.925744322661,1223.1511486043933,544.7259137915073,37.02183837283213,1071.2647529778824,6765.224558373841,0.00027795560001168485,161.7119021600903,161.7121801156903,1488.3413071555901,5.783848250803041e-07,cleared,79,False,False,True,9.646282161866095e-07,True,0.005837067600245382,3395.949945361896,99367.64337393323,True,0.00016772382271786532,0.0002657999284565449,34,shared_weighted_euclidean_projector,shared_model_kernel_rcmsa_tagged_transition,released_hmm_filter,79
Reactive,full_action,test_030_038f4c53d11f,038f4c53d11f455d906ca9a381763816040bd2f31fb252156466a1f74c404471,8b83c669d56287c61d40a0703b8fe7ebc8aa642d9fff413ea893b4f328a3116c,,21,79,decision_plus_clearance,13387.928776884444,81204.03579927214,0.0,94591.96457615658,7768.890323376972,79047.3966231506,3160.073306966161,2729.358891401628,1276.0367945949586,610.2086366662397,38.21074618303831,1158.3147663193793,6554.221493443653,0.0003294130111557286,150.47935187109175,150.4796812841029,1517.6846812384892,5.491433479003015e-07,cleared,79,False,False,True,9.41293589743624e-07,True,0.0069176732342703,3160.066389292927,94591.96457615656,True,0.00017511903397029354,0.0002272999845445156,34,shared_weighted_euclidean_projector,shared_model_kernel_rcmsa_tagged_transition,released_hmm_filter,79
Reactive,full_action,test_031_0a6ff70351b5,0a6ff70351b53c8e7f1de0d141b5084d11039bc524ccd9933f5b23b35b3abd3c,8b83c669d56287c61d40a0703b8fe7ebc8aa642d9fff413ea893b4f328a3116c,,21,79,decision_plus_clearance,12512.156721084319,85498.66764078615,0.0,98010.82436187047,7567.415142420264,82765.12067159948,3334.7401914487577,2548.937453869751,1229.1566620450583,565.4542404871394,37.31826735486967,1093.6607806830332,6686.138436013195,0.0002733976108899759,158.79687857613948,158.79715197375037,1493.3014913464706,5.286820509372494e-07,cleared,79,False,False,True,9.734863808957467e-07,True,0.005741349828689494,3334.734450098929,98010.82436187044,True,0.00018501426980254196,0.00029710005037486553,34,shared_weighted_euclidean_projector,shared_model_kernel_rcmsa_tagged_transition,released_hmm_filter,79
Reactive,full_action,test_032_efdf826e6bc3,efdf826e6bc3db036d5fbf1436f2dc6c248eaee1538597a28304017514dc1eb9,8b83c669d56287c61d40a0703b8fe7ebc8aa642d9fff413ea893b4f328a3116c,,21,79,decision_plus_clearance,14048.581534909978,86007.1862519023,0.0,100055.76778681227,8258.112887153102,83477.41881062671,3338.8772989296167,2997.145736243038,1349.3877065220063,634.8253473378034,40.627034085273486,1283.1147386415098,6901.089703997219,0.000370940274996575,158.99378615161152,158.9941570918865,1580.5624631869653,5.465303765177481e-07,cleared,79,False,False,True,9.81163145288166e-07,True,0.007789745774928075,3338.8695091838417,100055.76778681226,True,0.00016633808124987852,0.000256099971011281,34,shared_weighted_euclidean_projector,shared_model_kernel_rcmsa_tagged_transition,released_hmm_filter,79
Reactive,full_action,test_033_de0c441dba67,de0c441dba67f4c18af55eaa8c66ff0e1b4ea0b5a489e9d3e38964a74fdf2af7,8b83c669d56287c61d40a0703b8fe7ebc8aa642d9fff413ea893b4f328a3116c,,21,79,decision_plus_clearance,13540.71439952007,89453.9065028813,0.0,102994.62090240138,8139.168817015379,86528.31239198404,3478.5282579855975,2921.953001303978,1318.0779660510293,608.5804680613148,40.15642872680188,1243.2911501664885,7023.8951937295,0.0003446907764976807,165.64385807044243,165.64420276121893,1562.037912104489,5.695710797946565e-07,cleared,79,False,False,True,9.656320697754793e-07,True,0.0072385063064512945,3478.521019479291,102994.62090240135,True,0.0001617095411001217,0.00025599985383450985,34,shared_weighted_euclidean_projector,shared_model_kernel_rcmsa_tagged_transition,released_hmm_filter,79
Reactive,full_action,test_034_a00d80b83640,a00d80b8364074d2d18768806f48ec2e34d59c8935d9982f8be9eed0f991c2da,8b83c669d56287c61d40a0703b8fe7ebc8aa642d9fff413ea893b4f328a3116c,,21,79,decision_plus_clearance,13242.7294434266,90408.13250149472,0.0,103650.86194492131,7984.372767631925,87405.61856628711,3519.627000658262,2843.477235520049,1306.414665703973,591.3517091200018,39.445979380075286,1195.0561199640767,7051.133671266546,0.0003413351919712727,167.60094441043955,167.60128574563151,1547.1808404894161,5.775141756153896e-07,cleared,79,False,False,True,9.504521494986287e-07,True,0.0071680390313967265,3519.6198326192307,103650.86194492133,True,0.00016481901652046612,0.00023529981262981892,34,shared_weighted_euclidean_projector,shared_model_kernel_rcmsa_tagged_transition,released_hmm_filter,79
Reactive,full_action,test_035_51fd398978b7,51fd398978b78ec8627904227f514de39808dc8e62092971f9c9d9d0c1a0e84a,8b83c669d56287c61d40a0703b8fe7ebc8aa642d9fff413ea893b4f328a3116c,,21,79,decision_plus_clearance,12518.526436940796,84773.31678552162,0.0,97291.84322246241,7457.921016280766,82229.93465250045,3308.419389116507,2507.320275165712,1215.5280291981692,572.7198602007861,36.92988322951419,1075.133280040454,6660.481339661326,0.00027694993871883196,157.54350348418066,157.54378043411938,1479.95446838095,6.123184855978248e-07,cleared,79,False,False,True,9.536580293101922e-07,True,0.005815948713095471,3308.413573167794,97291.8432224624,True,0.00016600474537838074,0.00025679985992610455,34,shared_weighted_euclidean_projector,shared_model_kernel_rcmsa_tagged_transition,released_hmm_filter,79
Reactive,full_action,test_036_7eb6ac1ca077,7eb6ac1ca077683a4409f4f2c9dbb73ac1a32707576f47c8cadd46a203595435,8b83c669d56287c61d40a0703b8fe7ebc8aa642d9fff413ea893b4f328a3116c,,21,79,decision_plus_clearance,13219.488992835908,85275.38257306589,0.0,98494.87156590179,7854.183470405725,82682.73167452369,3318.7931869729036,2767.4286056677643,1265.0768830188833,606.6577453128291,38.81313547041583,1184.9295289024544,6754.780254262165,0.0002982122413724694,158.03747259599214,158.03777080823352,1528.3066952473034,5.421808376966531e-07,cleared,79,False,False,True,9.74786139810774e-07,True,0.006262457068821857,3318.786924515835,98494.8715659018,True,0.00017991429194808006,0.0002794000320136547,34,shared_weighted_euclidean_projector,shared_model_kernel_rcmsa_tagged_transition,released_hmm_filter,79
Reactive,full_action,test_037_f096257ecaa4,f096257ecaa456c423dd2e587c7a0f76747a52746a718c0ca85345f8faa2c9df,8b83c669d56287c61d40a0703b8fe7ebc8aa642d9fff413ea893b4f328a3116c,,21,79,decision_plus_clearance,16257.151424480153,86705.37662185733,0.0,102962.52804633748,9393.033745490951,84167.41575929748,3336.129928326875,3782.552783726503,1568.8694882508569,714.526341244815,45.7342379536604,1588.428128331538,7157.195028214741,0.0005733279277027352,158.86275659239968,158.86332992032737,1707.4427333489914,4.6524614889417146e-07,cleared,79,False,False,True,9.767536532129234e-07,True,0.01203988648175744,3336.117888440393,102962.52804633747,True,0.0001692333303037144,0.0003239000216126442,34,shared_weighted_euclidean_projector,shared_model_kernel_rcmsa_tagged_transition,released_hmm_filter,79
Reactive,full_action,test_038_b05abc6e01b3,b05abc6e01b3718868c375b47078f5b62629d6eac8227c2b0618a70ea26128fc,8b83c669d56287c61d40a0703b8fe7ebc8aa642d9fff413ea893b4f328a3116c,,21,79,decision_plus_clearance,14086.9271608876,85752.59331527477,0.0,99839.52047616238,8326.126000757364,83060.04601605919,3323.4058783260975,3120.2847414271923,1364.8026583971441,644.8551811953964,41.63249805185745,1337.4902288280687,6849.118080849771,0.0003829367651691273,158.25703984066806,158.25742277743322,1569.8202026271324,5.430373188626293e-07,cleared,79,False,False,True,9.838808042458609e-07,True,0.008041672068551673,3323.397836654029,99839.52047616238,True,0.00017689528786355541,0.0002723999787122011,34,shared_weighted_euclidean_projector,shared_model_kernel_rcmsa_tagged_transition,released_hmm_filter,79
Reactive,full_action,test_039_9c0d1ebe6c19,9c0d1ebe6c190d77dea3345bb6f3b600dad24feb171cfa5b624fa948a7b1d203,8b83c669d56287c61d40a0703b8fe7ebc8aa642d9fff413ea893b4f328a3116c,,21,79,decision_plus_clearance,13100.983247641852,89489.21899727019,0.0,102590.20224491204,7930.144236348432,86470.92322571918,3483.1523911415193,2818.1968787728983,1275.2015731346808,612.5839397953104,39.5255381514452,1209.7206974417882,6965.378963183829,0.00029735542322465087,165.86410222274435,165.86439957816756,1529.740057862199,6.059990283320097e-07,cleared,79,False,False,True,9.85217675362658e-07,True,0.006244463887717668,3483.1461466776314,102590.20224491201,True,0.0001633952349601757,0.0002123001031577587,34,shared_weighted_euclidean_projector,shared_model_kernel_rcmsa_tagged_transition,released_hmm_filter,79
Reactive,full_action,test_040_11a8950c659e,11a8950c659e50fc01d8e1413f71ec94f8cee0fde048ef4f8feaf64bf17ebc31,8b83c669d56287c61d40a0703b8fe7ebc8aa642d9fff413ea893b4f328a3116c,,21,79,decision_plus_clearance,12601.938277846175,84625.06450373876,0.0,97227.00278158493,7521.70464597317,82041.5224521272,3298.6666202632805,2577.91377037991,1221.5270181681306,565.6682746732118,37.66322381824633,1112.2196237920252,6653.289501790531,0.00029042996910194055,157.07907243971093,157.07936286968004,1481.19560199735,6.31227120759277e-07,cleared,79,False,False,True,9.716146422988943e-07,True,0.006099029351140752,3298.6605212339296,97227.00278158489,True,0.00015613331370765255,0.00024649989791214466,34,shared_weighted_euclidean_projector,shared_model_kernel_rcmsa_tagged_transition,released_hmm_filter,79
Reactive,full_action,test_041_e58f21dcc209,e58f21dcc209cc30ce7f3c41ea3bb5ca1044d9230ccb95693e6230e9d330fb88,8b83c669d56287c61d40a0703b8fe7ebc8aa642d9fff413ea893b4f328a3116c,,21,79,decision_plus_clearance,13373.68479329912,89543.56860923958,0.0,102917.2534025387,8050.521132305839,86632.948485958,3485.0187899376742,2852.7531108471935,1305.7880034589507,590.2238800310251,39.61621984357713,1211.2800142257925,7021.533223103587,0.00034041545592988136,165.95293529586186,165.9532757113178,1556.2504100221665,5.73591314592078e-07,cleared,79,False,False,True,9.54042784239246e-07,True,0.007148724574527508,3485.011641213099,102917.25340253867,True,0.00017036192695654573,0.00022569997236132622,34,shared_weighted_euclidean_projector,shared_model_kernel_rcmsa_tagged_transition,released_hmm_filter,79
Reactive,full_action,test_042_a77d2ece213a,a77d2ece213ae69417f02560c0642cd54460ae2e8b62820c3370f54e0b0c843f,8b83c669d56287c61d40a0703b8fe7ebc8aa642d9fff413ea893b4f328a3116c,,21,79,decision_plus_clearance,11655.951603996884,86614.30056088536,0.0,98270.25216488224,7156.330800769919,83772.85358863322,3386.5665277821395,2314.7434131307664,1124.2756004887092,515.4822340774734,35.8815394704418,1015.8221467732794,6669.560687265279,0.0002231250363884724,161.26484962649408,161.26507275153048,1437.470620119227,6.062759664636441e-07,cleared,79,False,False,True,9.61249022148183e-07,True,0.004685625764157921,3386.561842156376,98270.25216488223,True,0.0001625047575327612,0.00023499992676079273,34,shared_weighted_euclidean_projector,shared_model_kernel_rcmsa_tagged_transition,released_hmm_filter,79
Reactive,full_action,test_043_f1174106175c,f1174106175ca0507fd2efedad3b19e57bbe656b669a63b5f3bddc88ed93905a,8b83c669d56287c61d40a0703b8fe7ebc8aa642d9fff413ea893b4f328a3116c,,21,79,decision_plus_clearance,15460.834962909537,80162.85709279032,0.0,95623.69205569985,8779.13139442212,78240.64004141073,3092.7605374450754,3362.0721343221667,1456.0042311960742,693.0837169037051,42.76946474166602,1430.5504584220116,6732.4876738035155,0.00047202221397929853,147.2738392846944,147.27431130690837,1642.2047060095904,4.869144078330714e-07,cleared,79,False,False,True,9.395272805054917e-07,True,0.009912466493565269,3092.750624978582,95623.69205569988,True,0.00017247620659569898,0.00032240012660622597,34,shared_weighted_euclidean_projector,shared_model_kernel_rcmsa_tagged_transition,released_hmm_filter,79
Reactive,full_action,test_044_ed401c94714a,ed401c94714a1b658a7305d216d392780815b859f07387d4086dea53af39e785,8b83c669d56287c61d40a0703b8fe7ebc8aa642d9fff413ea893b4f328a3116c,,21,79,decision_plus_clearance,12622.749749430586,87970.3926868472,0.0,100593.14243627779,7615.910772462552,85168.3900065771,3430.7333784926036,2588.5079060523985,1227.6887730359979,561.9115996570961,37.66106036794029,1104.2992274708395,6859.8745529304915,0.000289591805656403,163.36796652688977,163.36825611869543,1503.4937760350929,6.438892866845235e-07,cleared,79,False,False,True,9.460412025693297e-07,True,0.006081427918784463,3430.7272970646854,100593.14243627775,True,0.0001681618880303133,0.0002485997974872589,34,shared_weighted_euclidean_projector,shared_model_kernel_rcmsa_tagged_transition,released_hmm_filter,79
Reactive,full_action,test_045_af7d3f616c1d,af7d3f616c1d242f60f09f068fd7a769245912bd59097557b89958e0f930fd8e,8b83c669d56287c61d40a0703b8fe7ebc8aa642d9fff413ea893b4f328a3116c,,21,79,decision_plus_clearance,13585.08382928503,90308.83809026031,0.0,103893.92191954533,8152.316011729262,87347.64263631473,3512.206099255384,2948.3145123245054,1319.993418428392,613.4492414930862,40.009025246234536,1236.2308207076208,7079.968989811385,0.00034002394178469044,167.24756946440982,167.2479094883516,1562.6214748787995,5.94403660041166e-07,cleared,79,False,False,True,9.296130944723934e-07,True,0.007140502777478499,3512.1989587526064,103893.92191954536,True,0.00016738090752845718,0.0002492999192327261,34,shared_weighted_euclidean_projector,shared_model_kernel_rcmsa_tagged_transition,released_hmm_filter,79
Reactive,full_action,test_046_e35b743e6617,e35b743e661721e2867313f4a6007e66923f4308dd844f736246ad22f905305e,8b83c669d56287c61d40a0703b8fe7ebc8aa642d9fff413ea893b4f328a3116c,,21,79,decision_plus_clearance,13209.517316278921,91902.27888731322,0.0,105111.79620359215,8001.129835644541,88807.64221098249,3579.8043776040518,2833.722599820122,1301.7964631024288,587.7007164385009,39.466227870446595,1192.9302506855831,7135.697602704409,0.0003384798303005166,170.46653664417215,170.46687512400246,1549.8845121697823,6.3269802528973e-07,cleared,79,False,False,True,9.870386773645683e-07,True,0.007108076436310848,3579.7972695276153,105111.79620359214,True,0.00018140948599293117,0.00027219997718930244,34,shared_weighted_euclidean_projector,shared_model_kernel_rcmsa_tagged_transition,released_hmm_filter,79
Reactive,full_action,test_047_20c1f89391c1,20c1f89391c1a8fce9e63acefb218921593c303986fc79bf1eaf29fd9b27694e,8b83c669d56287c61d40a0703b8fe7ebc8aa642d9fff413ea893b4f328a3116c,,21,79,decision_plus_clearance,12987.051601269159,96931.13628347359,0.0,109918.18788474274,8147.768210195915,93167.23384432787,3770.449764421672,2963.6355537320537,1289.9544254319453,579.146086633325,40.31548011926989,1227.7057298900738,7369.387011662917,0.000322176520279318,179.5449047007022,179.5452268772225,1554.9331260478166,6.321600491611357e-07,cleared,79,False,False,True,9.64390868221922e-07,True,0.006765706925865677,3770.4429987147464,109918.18788474279,True,0.00015827618716728119,0.00024870014749467373,34,shared_weighted_euclidean_projector,shared_model_kernel_rcmsa_tagged_transition,released_hmm_filter,79
Reactive,full_action,test_048_eeaf6a6a0a15,eeaf6a6a0a158e1862d5cbdc734d51cf09860f78311911e19e234cde4f8662d2,8b83c669d56287c61d40a0703b8fe7ebc8aa642d9fff413ea893b4f328a3116c,,21,79,decision_plus_clearance,13109.101825265256,90129.39984978847,0.0,103238.50167505373,7967.310810150921,86983.97366726224,3505.515202496998,2885.246917861451,1293.6240768157186,602.8310004664219,40.138956374923325,1232.7888912092144,6984.155594016542,0.0003303656160609255,166.92896499138382,166.9292953569999,1526.9195134513402,6.224102179705678e-07,cleared,79,False,False,True,9.732578194056378e-07,True,0.006937677937279436,3505.50826481906,103238.50167505376,True,0.00016963331117516472,0.0002973999362438917,34,shared_weighted_euclidean_projector,shared_model_kernel_rcmsa_tagged_transition,released_hmm_filter,79
Reactive,full_action,test_049_343da3774e7e,343da3774e7e8e5143d50e3c5214e3dab09c23d71b2e4947c09263a8e3d1d8f7,8b83c669d56287c61d40a0703b8fe7ebc8aa642d9fff413ea893b4f328a3116c,,21,79,decision_plus_clearance,12842.451245451331,76508.60944081422,0.0,89351.06068626555,7473.827297073345,74626.29626650193,2978.097887043633,2499.1692903934804,1206.1046727337393,567.5652725194091,36.194893632430215,1066.5511576650752,6252.850303903331,0.0002807608245252375,141.81390433649133,141.81418509731586,1488.166321734294,4.343144683493382e-07,cleared,79,False,False,True,9.921092893662307e-07,True,0.0058959773150299875,2978.091991066318,89351.06068626553,True,0.00017129999053265368,0.0002373000606894493,34,shared_weighted_euclidean_projector,shared_model_kernel_rcmsa_tagged_transition,released_hmm_filter,79
Reactive,full_action,test_050_1c7612d8bc63,1c7612d8bc6352712fb0a5140912bb4dcf0178405305be2a668e7cf192566507,8b83c669d56287c61d40a0703b8fe7ebc8aa642d9fff413ea893b4f328a3116c,,21,79,decision_plus_clearance,12240.009105069332,81949.54152540515,0.0,94189.55063047448,7219.328596002763,79691.19147085036,3203.6405401379757,2359.3281700617085,1153.0798203462323,562.9820330754355,35.735746495173814,1028.6691048219902,6473.780935180432,0.0002393833696461574,152.55407205177204,152.5543114351417,1448.7624254176144,6.206780481936617e-07,cleared,79,False,False,True,9.577098987651861e-07,True,0.005027050762569305,3203.635513087213,94189.55063047446,True,0.00016228571933295046,0.0002544999588280916,34,shared_weighted_euclidean_projector,shared_model_kernel_rcmsa_tagged_transition,released_hmm_filter,79
Reactive,full_action,test_051_5747c87e6d9a,5747c87e6d9ace089dca37ca64fb5e904cbbd79136b0c4d74ea0a4390bb94034,8b83c669d56287c61d40a0703b8fe7ebc8aa642d9fff413ea893b4f328a3116c,,21,79,decision_plus_clearance,11832.174398799436,79520.38851086632,0.0,91352.56290966576,7140.889353735988,77056.41206958068,3101.812261498744,2363.0887228839297,1157.553426031319,532.807075935087,35.60625902551289,1015.0934760758915,6257.964760957432,0.00023868808098636378,147.7051070975735,147.7053457856545,1427.1542258570973,4.69012333078549e-07,cleared,79,False,False,True,9.981144614288912e-07,True,0.0050124497007136394,3101.807249049043,91352.56290966574,True,0.00016330953110896406,0.00024310010485351086,34,shared_weighted_euclidean_projector,shared_model_kernel_rcmsa_tagged_transition,released_hmm_filter,79
Reactive,full_action,test_052_9760565f31de,9760565f31de15242f359a838a120dd71ffb6d8dd1020fdd4287b6afdf35b97c,8b83c669d56287c61d40a0703b8fe7ebc8aa642d9fff413ea893b4f328a3116c,,21,79,decision_plus_clearance,13806.51601555084,83056.90403736901,0.0,96863.42005291984,8074.752691150558,80699.3808744706,3224.1325179631576,2915.221195700872,1325.0216450308249,624.911128603875,39.869974509953614,1243.6684370716662,6700.971329000365,0.00036240432181909257,153.52975749868568,153.5301199030075,1555.1676877436562,5.05053945039698e-07,cleared,79,False,False,True,9.55311503762367e-07,True,0.007610490758200944,3224.124907472399,96863.42005291987,True,0.00016056664199346588,0.0002756000030785799,34,shared_weighted_euclidean_projector,shared_model_kernel_rcmsa_tagged_transition,released_hmm_filter,79
Reactive,full_action,test_053_4473e6f72168,4473e6f7216884984406f8aef487c6686108cdbdbead4e89b46bcc827017f85e,8b83c669d56287c61d40a0703b8fe7ebc8aa642d9fff413ea893b4f328a3116c,,21,79,decision_plus_clearance,13550.99131289706,82725.26412990596,0.0,96276.25544280303,8006.256569775495,80217.08173039716,3210.752320145169,2899.3868525400485,1317.8334528443752,624.9445171007831,39.591842723545895,1227.5337610045474,6626.896794531952,0.00033267510819600814,152.89263495085223,152.8929676259604,1539.5223441045625,4.66778262223166e-07,cleared,79,False,False,True,9.767963302824289e-07,True,0.006986177272116171,3210.745333967897,96276.25544280303,True,0.0001655666689787592,0.00023559993132948875,34,shared_weighted_euclidean_projector,shared_model_kernel_rcmsa_tagged_transition,released_hmm_filter,79
Reactive,full_action,test_054_c66f0b1dacc4,c66f0b1dacc4b499fb5fafd7b24077901e59bb19b93546020b7316e75636dc3c,8b83c669d56287c61d40a0703b8fe7ebc8aa642d9fff413ea893b4f328a3116c,,21,79,decision_plus_clearance,12658.902718193496,91805.27754369749,0.0,104464.18026189099,7781.319174828077,88605.3626728946,3578.8533297846247,2691.3775345419535,1237.4899272796624,569.777622562134,38.335901175063675,1133.4222099744873,7068.576122891495,0.0002908696461215505,170.42129626295505,170.42158713260116,1519.9007347698803,6.008520576062927e-07,cleared,79,False,False,True,9.565288080213789e-07,True,0.006108262568552561,3578.8472215220563,104464.18026189106,True,0.00017039044316680658,0.00025949999690055847,34,shared_weighted_euclidean_projector,shared_model_kernel_rcmsa_tagged_transition,released_hmm_filter,79
Reactive,full_action,test_055_f90330578051,f90330578051a0ac7d073b0006ba832b11d6170521fff7ce97460ddcd2cba92c,8b83c669d56287c61d40a0703b8fe7ebc8aa642d9fff413ea893b4f328a3116c,,21,79,decision_plus_clearance,14017.202713920027,93928.90851239365,0.0,107946.11122631367,8520.21099892452,90551.33036324655,3645.3878020015813,3199.930003535884,1382.4069834915317,646.8450751135973,42.38907261833726,1361.7707119086979,7300.269077665183,0.0003691942844746008,173.58952613912416,173.58989533340863,1599.367509778134,6.158033860035939e-07,cleared,79,False,False,True,9.756539906986984e-07,True,0.007753079973966617,3645.3800489216073,107946.11122631367,True,0.0001738142953919513,0.00034760008566081524,34,shared_weighted_euclidean_projector,shared_model_kernel_rcmsa_tagged_transition,released_hmm_filter,79
Reactive,full_action,test_056_b2c64046cef9,b2c64046cef9c3c8c1d997032493b7ac82c1af8485fa09f9c11b9c6d822ea478,8b83c669d56287c61d40a0703b8fe7ebc8aa642d9fff413ea893b4f328a3116c,,21,79,decision_plus_clearance,13023.612434151357,81441.10155887718,0.0,94464.71399302853,7653.781305695534,79182.2297378851,3172.3779654307123,2624.266007854485,1243.5525997882476,588.5063763744533,37.70080439098545,1132.3023870504242,6528.904719328048,0.00028740880892623764,151.06532999265355,151.06561740146248,1507.9372554181416,5.218023847342236e-07,cleared,79,False,False,True,9.615472107932815e-07,True,0.00603558498745099,3172.3719298457245,94464.71399302855,True,0.00016086184907527197,0.00020100013352930546,34,shared_weighted_euclidean_projector,shared_model_kernel_rcmsa_tagged_transition,released_hmm_filter,79
Reactive,full_action,test_057_bf11b8e004e2,bf11b8e004e2675983bf718fcc9085ea691c39d83a93ed2726c993f568ae7b13,8b83c669d56287c61d40a0703b8fe7ebc8aa642d9fff413ea893b4f328a3116c,,21,79,decision_plus_clearance,12790.813448257903,85339.22313361404,0.0,98130.03658187194,7599.140405555388,82793.47853359967,3328.4546751150306,2585.737947770748,1265.6842926426916,557.540727188392,37.50777796067623,1095.4310352005652,6734.200773867848,0.00031600295845920373,158.49752566918585,158.49784167214432,1513.6130075706214,5.665657586345114e-07,cleared,79,False,False,True,9.910045230140357e-07,True,0.006636062127643279,3328.448039052903,98130.03658187191,True,0.00017225716839588823,0.0003084999043494463,34,shared_weighted_euclidean_projector,shared_model_kernel_rcmsa_tagged_transition,released_hmm_filter,79
Reactive,full_action,test_058_fbcfbffca03e,fbcfbffca03e44547ea319ed2d43b06e5f628f750b3d1a41c39a0846aecd36c4,8b83c669d56287c61d40a0703b8fe7ebc8aa642d9fff413ea893b4f328a3116c,,21,79,decision_plus_clearance,14343.212121994744,91520.53803166114,0.0,105863.75015365588,8548.869158048714,88518.69039779465,3549.6283251400514,3202.256345919494,1398.0899828033691,646.2159439495879,42.29220537777603,1362.2796948911591,7228.899019118824,0.0004034532531923366,169.02951679151116,169.02992024476436,1609.699643014452,6.220528142024818e-07,cleared,79,False,False,True,9.78081508355357e-07,True,0.008472518317039069,3549.6198526217345,105863.75015365586,True,0.0001667190697931108,0.00024319998919963837,34,shared_weighted_euclidean_projector,shared_model_kernel_rcmsa_tagged_transition,released_hmm_filter,79
Reactive,full_action,test_059_d22925a9593f,d22925a9593fa401ece13fc7588e32d8a890971a8c128175ef3afe51e59bbbae,8b83c669d56287c61d40a0703b8fe7ebc8aa642d9fff413ea893b4f328a3116c,,21,79,decision_plus_clearance,12771.020226210745,85260.11587890281,0.0,98031.13610511356,7651.91811354133,82622.57186534871,3323.141282975882,2621.480777862886,1258.4299465443794,553.5941188403568,37.82068198421158,1115.0441966202584,6713.077867946124,0.00031159799557019783,158.24451140085594,158.2448229988515,1507.4633760680078,5.451368328581323e-07,cleared,79,False,False,True,9.780906585334768e-07,True,0.006543557906974155,3323.1347394179747,98031.13610511353,True,0.00016962855477773009,0.0002678998280316591,34,shared_weighted_euclidean_projector,shared_model_kernel_rcmsa_tagged_transition,released_hmm_filter,79
Reactive,full_action,test_060_b3feb9e274c2,b3feb9e274c243af57931bb81154ddcd4db25503aef66fcc12b42f42f154b7ce,8b83c669d56287c61d40a0703b8fe7ebc8aa642d9fff413ea893b4f328a3116c,,21,79,decision_plus_clearance,13520.166465927363,88485.39553136466,0.0,102005.56199729202,8088.444040969529,85627.34057144853,3440.3736928084186,2918.6139552692875,1320.6181912217353,610.171545574527,39.73961421324276,1223.1033876987337,6966.671942515337,0.0003347888070871452,163.82698391635572,163.8273187051628,1558.4618557086467,5.611568566548842e-07,cleared,79,False,False,True,9.959121459847346e-07,True,0.007030564948830049,3440.36666224347,102005.56199729202,True,0.0001581333732853333,0.0002429999876767397,34,shared_weighted_euclidean_projector,shared_model_kernel_rcmsa_tagged_transition,released_hmm_filter,79
Reactive,full_action,test_061_627abde70c26,627abde70c260fe7d7dfdd8a0ae46ef10630e9ce7d5542c218bfb019b77707b7,8b83c669d56287c61d40a0703b8fe7ebc8aa642d9fff413ea893b4f328a3116c,,21,79,decision_plus_clearance,13413.569822564565,86503.52100036471,0.0,99917.09082292927,7991.536978296635,83813.57964829427,3364.8244445604655,2826.9745436203975,1327.2916051738387,592.8836029837025,39.222001935742,1189.603180597952,6854.029328351523,0.00036090249018460983,160.22937455277008,160.22973545526025,1553.5195409484265,4.883346927993927e-07,cleared,79,False,False,True,9.252717886292262e-07,True,0.0075789522938768065,3364.8168656081716,99917.0908229293,True,0.0001643095276362839,0.00023820018395781517,34,shared_weighted_euclidean_projector,shared_model_kernel_rcmsa_tagged_transition,released_hmm_filter,79
Reactive,full_action,test_062_0c9ea14e9507,0c9ea14e9507679b12568ca09440ee0d472e13c1d2a4d4df4f22d9720c95b81b,8b83c669d56287c61d40a0703b8fe7ebc8aa642d9fff413ea893b4f328a3116c,,21,79,decision_plus_clearance,13409.692402350607,92198.35452299891,0.0,105608.04692534951,8139.797600282923,89043.56135292357,3586.523220069629,2908.8954329160647,1336.5526988242068,592.7166203331203,40.217604774951404,1230.5239958019522,7176.833212934889,0.00035925647402500096,170.78646074684164,170.78682000331565,1570.2855386669987,6.046740235105086e-07,cleared,79,False,False,True,9.96099580606896e-07,True,0.0075443859545250205,3586.5156756836745,105608.04692534951,True,0.00017275241026211354,0.00026500015519559383,34,shared_weighted_euclidean_projector,shared_model_kernel_rcmsa_tagged_transition,released_hmm_filter,79
Reactive,full_action,test_063_44f0f2a191ef,44f0f2a191eff5a5bb9fb795dad447d7fc7e78fd849c2393842ed70164a5fcda,8b83c669d56287c61d40a0703b8fe7ebc8aa642d9fff413ea893b4f328a3116c,,21,79,decision_plus_clearance,12218.766808299031,87653.89685648575,0.0,99872.66366478478,7453.017818519734,84711.7861756796,3420.837277052098,2521.961186707284,1224.3586340212441,540.7025728048411,37.465045557987416,1086.0513572208695,6771.371559032453,0.0002869573101097243,162.89672623564695,162.89701319295708,1475.0910795924879,5.746683108748615e-07,cleared,79,False,False,True,9.443044527065808e-07,True,0.006026103512304211,3420.831250948586,99872.6636647848,True,0.00017515716275998523,0.00023630005307495594,34,shared_weighted_euclidean_projector,shared_model_kernel_rcmsa_tagged_transition,released_hmm_filter,79
Reactive,full_action,test_064_27d69866b791,27d69866b79138686724529a21cb6e323bfdcf5210778f504d0eb950a434b33a,8b83c669d56287c61d40a0703b8fe7ebc8aa642d9fff413ea893b4f328a3116c,,21,79,decision_plus_clearance,11916.752375071106,77553.79963406199,0.0,89470.5520091331,6964.620375972959,75600.09919723988,3034.349393260259,2201.525562068016,1146.5660273083292,523.3914532836545,34.13191055287304,946.7255039519504,6191.96534167397,0.00024585241192597577,144.4925823980766,144.49282825048851,1420.1202849828467,5.474702685043604e-07,cleared,79,False,False,True,9.979860989077758e-07,True,0.0051629006504454915,3034.3442303596084,89470.55200913308,True,0.00016484761034094153,0.00028449995443224907,34,shared_weighted_euclidean_projector,shared_model_kernel_rcmsa_tagged_transition,released_hmm_filter,79
Reactive,full_action,test_065_930038cc16e9,930038cc16e99dda3abddced3121095d94183071473ae7d8535bf0ab56c97fc9,8b83c669d56287c61d40a0703b8fe7ebc8aa642d9fff413ea893b4f328a3116c,,21,79,decision_plus_clearance,12443.360811778866,91298.52877389452,0.0,103741.88958567339,7572.216370424502,88252.28701836293,3566.0815949345724,2562.2858585461277,1225.8166406000466,563.2021028051959,37.664052654867305,1096.4386469754809,7020.345422374691,0.0002761419149180738,169.8131331406838,169.8134092825987,1498.2012814984946,7.043357200551839e-07,cleared,79,False,False,True,9.478391214529226e-07,True,0.00579898021327955,3566.0757959543594,103741.88958567337,True,0.0001577667093702725,0.00021070009097456932,34,shared_weighted_euclidean_projector,shared_model_kernel_rcmsa_tagged_transition,released_hmm_filter,79
Reactive,full_action,test_066_28fb87ba4913,28fb87ba4913ced186980dcbc093c47e083f79b8e740a1acb42c6392df84b3a3,8b83c669d56287c61d40a0703b8fe7ebc8aa642d9fff413ea893b4f328a3116c,,21,79,decision_plus_clearance,14203.487571574396,91962.19238779203,0.0,106165.67995936643,8629.56416567845,88626.63606566661,3562.629551014717,3292.161009428505,1411.9925945196617,642.6965730584756,42.781039810605684,1387.328696957743,7193.358762769132,0.00037771776147133663,169.64864852103457,169.64902623879604,1605.5018498036345,6.101368908657623e-07,cleared,79,False,False,True,9.538116795904988e-07,True,0.007932072990898069,3562.621618941726,106165.6799593664,True,0.00016116189016472725,0.0002392998430877924,34,shared_weighted_euclidean_projector,shared_model_kernel_rcmsa_tagged_transition,released_hmm_filter,79
Reactive,full_action,test_067_4d46fa716471,4d46fa716471fa4d60109942ef5bb2dd1232241a3c67bc5b1cfc29fc39cbfd18,8b83c669d56287c61d40a0703b8fe7ebc8aa642d9fff413ea893b4f328a3116c,,21,79,decision_plus_clearance,12557.829806039092,90681.16350666509,0.0,103238.99331270419,7749.055743479057,87421.1339881332,3533.8556934743224,2724.728960206279,1243.9533018396194,566.2656255716987,38.61826367423266,1148.9744017888197,6960.502210291145,0.0002875559422381058,168.27855499045407,168.2788425463963,1505.589849413762,5.759319050993034e-07,cleared,79,False,False,True,9.828748205414921e-07,True,0.006038674787000221,3533.8496547995355,103238.99331270417,True,0.0001523380744315329,0.0002563998568803072,34,shared_weighted_euclidean_projector,shared_model_kernel_rcmsa_tagged_transition,released_hmm_filter,79
Reactive,full_action,test_068_93da1d4ae1ba,93da1d4ae1ba5b053059e9b89e557fda34a240b0e754e3a555372b254463a63a,8b83c669d56287c61d40a0703b8fe7ebc8aa642d9fff413ea893b4f328a3116c,,21,79,decision_plus_clearance,14030.024555622973,94099.98816054413,0.0,108130.01271616711,8512.57609005225,90769.95795247765,3654.380547051875,3169.1463742214914,1384.1384684093207,639.813283954484,42.195295393594414,1350.967365225462,7322.802724720346,0.0003733174053043684,174.01774797077923,174.01812128818452,1604.0634708520317,6.016784255660936e-07,cleared,79,False,False,True,9.504621133007272e-07,True,0.007839665511391737,3654.372707386364,108130.01271616707,True,0.00015897146381792568,0.00022580008953809738,34,shared_weighted_euclidean_projector,shared_model_kernel_rcmsa_tagged_transition,released_hmm_filter,79
Reactive,full_action,test_069_5b01ea54b2fa,5b01ea54b2fa549608732665cf72566100e6d5765b097dd29e2f07654d97e94a,8b83c669d56287c61d40a0703b8fe7ebc8aa642d9fff413ea893b4f328a3116c,,21,79,decision_plus_clearance,13417.723529867357,78942.65820535415,0.0,92360.38173522151,7775.15787153351,76898.59953676027,3071.344482422856,2706.258831519032,1306.8720671274184,602.1489458583846,38.120140087772576,1153.2518272715236,6418.597176755005,0.0003335415061292893,146.254165621487,146.25449916299314,1527.9667282907728,4.478737301188077e-07,cleared,79,False,False,True,9.83960562525025e-07,True,0.0070043716287150745,3071.337478051227,92360.38173522147,True,0.0001720619121832507,0.0002747999969869852,34,shared_weighted_euclidean_projector,shared_model_kernel_rcmsa_tagged_transition,released_hmm_filter,79
Reactive,full_action,test_070_0cd9bcac96c3,0cd9bcac96c35799fee58a41df95758c42fc0c84363a570dadf82c310f780fc2,8b83c669d56287c61d40a0703b8fe7ebc8aa642d9fff413ea893b4f328a3116c,,21,79,decision_plus_clearance,13980.814480094306,89466.88182049913,0.0,103447.69630059344,8479.737994847821,86298.8306229002,3465.7083029263463,3180.6992311184094,1387.9302661685458,634.7898826321481,41.7120219756103,1327.9142317364272,7043.654251766847,0.00036497450364045487,165.03336373627474,165.03372871077838,1597.740494461399,5.19818334618205e-07,cleared,79,False,False,True,9.911237397716989e-07,True,0.007664464576449552,3465.7006384617694,103447.69630059348,True,0.00017354759343323254,0.00027379998937249184,34,shared_weighted_euclidean_projector,shared_model_kernel_rcmsa_tagged_transition,released_hmm_filter,79
Reactive,full_action,test_071_34f77888383f,34f77888383fb5b7dddc8c7fc1f8ab1980f574da89d48920167bc6e4a5baac19,8b83c669d56287c61d40a0703b8fe7ebc8aa642d9fff413ea893b4f328a3116c,,21,79,decision_plus_clearance,11703.867354619322,81133.05823796461,0.0,92836.92559258392,7081.058055822584,78631.27947956402,3166.882188361662,2325.4093223788636,1122.8769804297337,509.4195660270388,34.967425347221,981.0972233976645,6364.4444118313995,0.00023508577306265393,150.80367864573466,150.80391373150772,1428.4654018526396,5.227151089130096e-07,cleared,79,False,False,True,9.959770216021092e-07,True,0.004936801234315733,3166.877251560428,92836.9255925839,True,0.00015649998870988688,0.0002694998402148485,34,shared_weighted_euclidean_projector,shared_model_kernel_rcmsa_tagged_transition,released_hmm_filter,79
Reactive,full_action,test_072_8e59fac0e6c8,8e59fac0e6c81b34fdbf7517a855653a3cd0a095878de09734040c0d4127fdc1,8b83c669d56287c61d40a0703b8fe7ebc8aa642d9fff413ea893b4f328a3116c,,21,79,decision_plus_clearance,12750.423315533293,87656.35683154583,0.0,100406.78014707912,7742.263402443624,84735.76056380423,3415.828581694501,2685.4116091194946,1244.0399868754816,583.4760031417496,38.3334864011585,1149.016822410672,6823.235141451232,0.00027307469723821974,162.65823081551707,162.65850389021432,1511.8091500501705,5.581857741636358e-07,cleared,79,False,False,True,9.804142706294917e-07,True,0.005734568642002615,3415.8228471258585,100406.78014707907,True,0.00016483813080759275,0.0002280999906361103,34,shared_weighted_euclidean_projector,shared_model_kernel_rcmsa_tagged_transition,released_hmm_filter,79
Reactive,full_action,test_073_69349232969b,69349232969bf4c86d2f494ebcfdc30419a510d14224ddded4cf0b0572c985f7,8b83c669d56287c61d40a0703b8fe7ebc8aa642d9fff413ea893b4f328a3116c,,21,79,decision_plus_clearance,13755.041557540086,86779.27502398894,0.0,100534.31658152903,8144.061982760963,84045.7227347856,3370.426252686385,2995.87515916107,1346.3620543934344,631.8683977415666,40.599151781894584,1268.8571594116881,6876.3254090532355,0.000375206293289199,160.4961130168679,160.49648822316118,1555.5262425736607,5.574387565080685e-07,cleared,79,False,False,True,8.947000340612335e-07,True,0.00787933215907318,3370.418373354226,100534.31658152901,True,0.00015407618844792958,0.0002218999434262514,34,shared_weighted_euclidean_projector,shared_model_kernel_rcmsa_tagged_transition,released_hmm_filter,79
Reactive,full_action,test_074_212affc962e2,212affc962e28f58fe45099916e12acf08d12bd5b6ae1e8be69e32f2992b7426,8b83c669d56287c61d40a0703b8fe7ebc8aa642d9fff413ea893b4f328a3116c,,21,79,decision_plus_clearance,13697.736721104771,85413.66318793962,0.0,99111.39990904438,8102.614867291785,82779.65222774578,3315.3573635098405,2958.2670713340804,1335.1236952587437,620.3846839041455,40.44203122243576,1264.266232394183,6806.998149985713,0.0003720084156414583,157.8737881587196,157.87416016713524,1550.0390032990397,5.661201236710304e-07,cleared,79,False,False,True,9.781087092614295e-07,True,0.007812176728470625,3315.349551333112,99111.3999090444,True,0.00016078570236762366,0.0002601000014692545,34,shared_weighted_euclidean_projector,shared_model_kernel_rcmsa_tagged_transition,released_hmm_filter,79
Reactive,full_action,test_075_8de4e41c7ad9,8de4e41c7ad941d139487bf1af6be7e835a7c841f83db6f4b9e0876bff23bb48,8b83c669d56287c61d40a0703b8fe7ebc8aa642d9fff413ea893b4f328a3116c,,21,79,decision_plus_clearance,12561.231779586831,80635.37480681844,0.0,93196.60658640527,7421.184069064248,78311.61084603122,3141.8550295856458,2540.1845607716073,1199.0340275166536,582.7380534358505,36.715556641046284,1075.7733439462131,6415.932817341042,0.0002822267570564835,149.61186203922605,149.61214426598312,1467.045460766988,4.966224154576986e-07,cleared,79,False,False,True,9.380071434175444e-07,True,0.005926761898186153,3141.849102823747,93196.60658640522,True,0.0001460809726268053,0.00019950000569224358,34,shared_weighted_euclidean_projector,shared_model_kernel_rcmsa_tagged_transition,released_hmm_filter,79
Reactive,full_action,test_076_48339f21c8ec,48339f21c8ec04a89d1fa33ffb9bd38ffc2087720a9e6d22241a14418438a684,8b83c669d56287c61d40a0703b8fe7ebc8aa642d9fff413ea893b4f328a3116c,,21,79,decision_plus_clearance,14254.80457678418,93338.45531972594,0.0,107593.25989651012,8623.182896373402,90045.13256547973,3620.764783408911,3241.5792140421213,1421.079766609459,641.5206705965171,42.68195404971788,1377.9357844397568,7298.352810290346,0.00038670834405039227,172.41698393017552,172.41737063851957,1620.194382646497,6.292045821872435e-07,cleared,79,False,False,True,9.89183513040095e-07,True,0.008120875225058237,3620.756662533686,107593.25989651014,True,0.0001688094898348763,0.0002452000044286251,34,shared_weighted_euclidean_projector,shared_model_kernel_rcmsa_tagged_transition,released_hmm_filter,79
Reactive,full_action,test_077_b1f2e84dc844,b1f2e84dc844662b5d1fd981486515a77f37fa4bd91d8f1c5bdc9de643205101,8b83c669d56287c61d40a0703b8fe7ebc8aa642d9fff413ea893b4f328a3116c,,21,79,decision_plus_clearance,13787.392337510817,82787.0753221015,0.0,96574.46765961232,8000.760260096711,80511.32298436556,3217.104665836656,2893.2294087528035,1314.1404360159477,637.909904544633,39.7100133368413,1240.7513025078472,6667.606946754018,0.00034318934409417854,153.1951170885919,153.195460277936,1537.8669883227835,5.82902506315441e-07,cleared,79,False,False,True,9.834123802237427e-07,True,0.007206976225977749,3217.09745886043,96574.4676596123,True,0.0001618142816282454,0.0002497001551091671,34,shared_weighted_euclidean_projector,shared_model_kernel_rcmsa_tagged_transition,released_hmm_filter,79
Reactive,full_action,test_078_367d379a9297,367d379a9297286f557f72f155581887362331484e75dc530b5d1e7702215749,8b83c669d56287c61d40a0703b8fe7ebc8aa642d9fff413ea893b4f328a3116c,,21,79,decision_plus_clearance,13603.70819914397,84045.5119382719,0.0,97649.22013741586,7993.067661027474,81612.80196143458,3265.174117008774,2866.7718753386835,1269.585318230631,641.8192043756809,39.24897468632119,1224.7849664157561,6733.932084710425,0.0003007511016678457,155.4841810112209,155.48448176232256,1538.8097907299968,5.544765062876472e-07,cleared,79,False,False,True,9.761096935731518e-07,True,0.006315773135024761,3265.1678012356388,97649.22013741583,True,0.00018056666123725118,0.0002671000547707081,34,shared_weighted_euclidean_projector,shared_model_kernel_rcmsa_tagged_transition,released_hmm_filter,79
Reactive,full_action,test_079_bce06ca59758,bce06ca59758dbd98389f738153975aa7a35c811fa8594d1d0e258628ef96d65,8b83c669d56287c61d40a0703b8fe7ebc8aa642d9fff413ea893b4f328a3116c,,21,79,decision_plus_clearance,11784.986346863072,80506.21118890215,0.0,92291.19753576521,6964.370403199745,78325.5935853812,3151.444172388194,2198.4400582826106,1135.3079559895534,516.0413605239512,34.19772935388926,939.8689197048708,6353.6242525998,0.00024060528642748464,150.06852950843708,150.0687701137235,1425.3658663429844,5.982437505998965e-07,cleared,79,False,False,True,9.487733756182885e-07,True,0.005052711014977177,3151.4391196771785,92291.19753576524,True,0.00015613333588199957,0.00021279999054968357,34,shared_weighted_euclidean_projector,shared_model_kernel_rcmsa_tagged_transition,released_hmm_filter,79
Reactive,full_action,test_080_e669407a98d7,e669407a98d788999f61cc42f0d91ad3f73f1d4c7c567a28c5df008483262012,8b83c669d56287c61d40a0703b8fe7ebc8aa642d9fff413ea893b4f328a3116c,,21,79,decision_plus_clearance,13669.871485303198,91476.61614876441,0.0,105146.48763406761,8279.621188715608,88327.19271894074,3555.466949690753,3031.2083890329827,1365.8862656755623,587.1121220119596,40.808250498051606,1264.4056115082133,7144.380976774733,0.0004041432130048388,169.30754584206096,169.30794998527398,1580.2931861693976,5.130118313765696e-07,cleared,79,False,False,True,8.992500272220419e-07,True,0.008487007473101615,3555.4584626832802,105146.48763406761,True,0.00018060476785259589,0.0002497001551091671,34,shared_weighted_euclidean_projector,shared_model_kernel_rcmsa_tagged_transition,released_hmm_filter,79
Reactive,full_action,test_081_fbbd80304765,fbbd803047650db226feaa75de7119d49ed8d237f46bb4c3b1122439776b0ba3,8b83c669d56287c61d40a0703b8fe7ebc8aa642d9fff413ea893b4f328a3116c,,21,79,decision_plus_clearance,12089.608430449367,91372.94875919279,0.0,103462.55718964216,7467.839339332242,88208.74302278909,3570.2336481042635,2479.537748488888,1204.9835122850507,531.219918642596,36.99988688226411,1054.742567639079,6987.280718805316,0.0002707642984374166,170.01085533590458,170.01112610020303,1486.4033053914757,6.306618941506483e-07,cleared,79,False,False,True,9.440655536966157e-07,True,0.005686050267185748,3570.227962053996,103462.55718964213,True,0.00016998571698509512,0.00039579998701810837,34,shared_weighted_euclidean_projector,shared_model_kernel_rcmsa_tagged_transition,released_hmm_filter,79
Reactive,full_action,test_082_2cf496ac3a99,2cf496ac3a99b59959fd7b5de1a04776b86b60eee9dcd086bd37dfc0c4edb16c,8b83c669d56287c61d40a0703b8fe7ebc8aa642d9fff413ea893b4f328a3116c,,21,79,decision_plus_clearance,13991.889164929587,88505.00368546833,0.0,102496.89285039791,8366.495856399344,85627.66065306163,3432.623329025865,3080.9607341016826,1357.631439419634,631.5208383897652,40.96165669653292,1292.546199593359,7023.136174401424,0.00037877291006244325,163.45787499022637,163.45825376313644,1589.5825188923461,4.922115880804184e-07,cleared,79,False,False,True,9.98229453786646e-07,True,0.007954231111311308,3432.6153747947537,102496.89285039793,True,0.0001617333341744684,0.00021569989621639252,34,shared_weighted_euclidean_projector,shared_model_kernel_rcmsa_tagged_transition,released_hmm_filter,79
Reactive,full_action,test_083_4cbdde5f376f,4cbdde5f376f40f80c1ddb1ed6bdd46a705c890728c9a5d74d7af9a990a98cc8,8b83c669d56287c61d40a0703b8fe7ebc8aa642d9fff413ea893b4f328a3116c,,21,79,decision_plus_clearance,13582.806959233782,84424.1897017974,0.0,98006.99666103118,7957.4781639954035,82001.68268699733,3284.1031759402617,2823.452830503906,1332.5126429181576,607.7671606760998,39.07708490110365,1186.65481862183,6757.216521878443,0.00037159538199762186,156.38549392558286,156.38586552096487,1549.867999575017,5.171633315756599e-07,cleared,79,False,False,True,9.199828459206124e-07,True,0.007803503021950059,3284.0953724372403,98006.99666103117,True,0.00017182856044244198,0.00023690005764365196,34,shared_weighted_euclidean_projector,shared_model_kernel_rcmsa_tagged_transition,released_hmm_filter,79
Reactive,full_action,test_084_513eb18f351c,513eb18f351c0ae9049df078bb1de046440084ba5b9f75437cb0aee0bdfd9e44,8b83c669d56287c61d40a0703b8fe7ebc8aa642d9fff413ea893b4f328a3116c,,21,79,decision_plus_clearance,13448.014342109296,87369.99242875131,0.0,100818.00677086061,8001.576939348878,84629.66880426434,3399.436147280308,2860.4240630086288,1327.1279491641906,599.772867794264,39.60467327898298,1209.5070876487725,6896.772703133247,0.0003646996232369017,161.8775470756295,161.87791177525276,1548.0348342360176,5.521717324031374e-07,cleared,79,False,False,True,9.318631995458473e-07,True,0.007658692087974936,3399.42848858822,100818.00677086061,True,0.00016481427121020498,0.0002834999468177557,34,shared_weighted_euclidean_projector,shared_model_kernel_rcmsa_tagged_transition,released_hmm_filter,79
Reactive,full_action,test_085_650c50514b66,650c50514b6644e496b372654068cbdc1711c214d31c247c6f969a86a61106c0,8b83c669d56287c61d40a0703b8fe7ebc8aa642d9fff413ea893b4f328a3116c,,21,79,decision_plus_clearance,14662.64102221124,87939.64673333368,0.0,102602.28775554492,8594.466110042498,85274.54322275957,3407.356543221353,3255.075913128212,1397.135634878316,673.7103315148927,42.280527889520044,1380.5173361195032,7052.661615038912,0.000407158731032335,162.25466632800007,162.2550734867311,1610.9423814682175,5.427876376755938e-07,cleared,79,False,False,True,9.7415464208118e-07,True,0.008550333351679035,3407.3479928880015,102602.28775554485,True,0.00015787620629583086,0.0002880999818444252,34,shared_weighted_euclidean_projector,shared_model_kernel_rcmsa_tagged_transition,released_hmm_filter,79
Reactive,full_action,test_086_754dc8e1ab0e,754dc8e1ab0e7268d5ce0dd2ffc19bdf7c2959cd70067092fd5ee3f03e2bf486,8b83c669d56287c61d40a0703b8fe7ebc8aa642d9fff413ea893b4f328a3116c,,21,79,decision_plus_clearance,14145.870904917256,92505.94088932505,0.0,106651.81179424231,8486.953896548792,89409.72572319958,3592.103052170117,3157.4237772735646,1358.7865808977294,646.8187641525967,41.874512050674674,1344.4306557297455,7259.37691367725,0.00036694998228327597,171.0521593438328,171.0525262938151,1599.300248310114,6.5391263721229e-07,cleared,79,False,False,True,9.816721619465409e-07,True,0.0077059496279487955,3592.095346220489,106651.81179424237,True,0.00018241903966381435,0.0004096999764442444,34,shared_weighted_euclidean_projector,shared_model_kernel_rcmsa_tagged_transition,released_hmm_filter,79
Reactive,full_action,test_087_cbc79ee243dd,cbc79ee243dd0e237a5023163791e895019f33bb871350474ccaace9587409dc,8b83c669d56287c61d40a0703b8fe7ebc8aa642d9fff413ea893b4f328a3116c,,21,79,decision_plus_clearance,13049.217524428595,93573.41051796034,0.0,106622.62804238893,8077.686672087398,90109.3969945392,3640.3243280819147,2911.2520313384493,1303.0909383430806,580.8770779988864,40.32611366948733,1234.0342568851615,7180.783644648582,0.0003358230924244982,173.34844170461778,173.3487775277102,1545.4113754039417,6.005770579048403e-07,cleared,79,False,False,True,9.648217388256997e-07,True,0.007052284940914462,3640.3172757969733,106622.62804238893,True,0.00015599523404879228,0.0002741999924182892,34,shared_weighted_euclidean_projector,shared_model_kernel_rcmsa_tagged_transition,released_hmm_filter,79
Model-guided constrained SAC,full_action,test_000_4ae657b9eeec,4ae657b9eeecf70786804d24952478895a67cdd02d3cb00a5f23d60565e89d40,8b83c669d56287c61d40a0703b8fe7ebc8aa642d9fff413ea893b4f328a3116c,301721597.0,21,79,decision_plus_clearance,16177.665782055814,100709.62252901608,0.0,116887.2883110719,8961.153137989593,98053.60606013116,3912.4031566143717,3605.1116939102526,1392.2076839850001,962.806578441547,44.322510324498936,1450.643311992146,7945.030745814889,0.0005771474939404957,186.30433507223805,186.304912219732,1555.06796241535,5.288165242826415e-07,cleared,79,False,False,True,9.865862305938332e-07,True,0.012120097372750408,3912.391036516999,116887.28831107193,True,2.417520142869935,3.617268899921328,34,shared_weighted_euclidean_projector,shared_model_kernel_rcmsa_tagged_transition,released_hmm_filter,79
Model-guided constrained SAC,full_action,test_001_dde9993de777,dde9993de777ead4870656b2cec02bf256c4174b03458346cc5fc13db98f082b,8b83c669d56287c61d40a0703b8fe7ebc8aa642d9fff413ea893b4f328a3116c,301721597.0,21,79,decision_plus_clearance,14892.926133980944,106081.4132558332,0.0,120974.33938981415,8360.185288234356,102970.73998303602,4136.812815194806,3253.9314390185073,1284.7299574370525,967.9399068933792,42.43898054670657,1315.400132333434,8129.776602411305,0.0004606961730344733,196.99062574167485,196.99108643784788,1501.1610332221926,6.87618760116584e-07,cleared,79,False,False,True,9.367992603287447e-07,True,0.009674619633723939,4136.803140575172,120974.33938981412,True,2.4043789523808905,3.8072471998166293,34,shared_weighted_euclidean_projector,shared_model_kernel_rcmsa_tagged_transition,released_hmm_filter,79
Model-guided constrained SAC,full_action,test_002_f01217ab0e79,f01217ab0e7903b1b91cb3f87068f20b75f716d08632ca2b15c76649d7f00a8c,8b83c669d56287c61d40a0703b8fe7ebc8aa642d9fff413ea893b4f328a3116c,301721597.0,21,79,decision_plus_clearance,15653.549122673174,90505.73212536666,0.0,106159.28124803983,8363.562391452671,88765.09698077985,3521.2163096701443,3224.6509719026462,1319.9649854216423,964.7896088128857,41.435579824259335,1301.597653301484,7340.689606461157,0.0005071630903297602,167.6764599640594,167.67696712714974,1496.6910889549545,4.5423669587358314e-07,cleared,79,False,False,True,9.70280200741082e-07,True,0.010650424896924963,3521.2056592452473,106159.28124803984,True,2.4240845285932577,3.602699800161645,34,shared_weighted_euclidean_projector,shared_model_kernel_rcmsa_tagged_transition,released_hmm_filter,79
Model-guided constrained SAC,full_action,test_003_eb3106001035,eb3106001035e1bd9c52b845bd9616d282a52a699d46aca5269b5370622454fc,8b83c669d56287c61d40a0703b8fe7ebc8aa642d9fff413ea893b4f328a3116c,301721597.0,21,79,decision_plus_clearance,15539.450618507606,99789.75021092664,0.0,115329.20082943424,8630.344582094023,97079.99066260995,3879.851608714632,3424.911105988488,1348.2013014150593,965.9015686120729,43.293763056726284,1378.3219322182542,7833.081192932736,0.0005466371204857813,184.7542918731001,184.7548385102206,1524.2451504835678,5.41558093316667e-07,cleared,79,False,False,True,9.611559704519587e-07,True,0.011479379530201407,3879.840129335102,115329.20082943422,True,2.417808666658987,3.7964836000464857,34,shared_weighted_euclidean_projector,shared_model_kernel_rcmsa_tagged_transition,released_hmm_filter,79
Model-guided constrained SAC,full_action,test_004_55a330aff5c4,55a330aff5c4a0576082656af4ffca48ee935b03b126b46b442653f81477abfb,8b83c669d56287c61d40a0703b8fe7ebc8aa642d9fff413ea893b4f328a3116c,301721597.0,21,79,decision_plus_clearance,15739.965476617906,92054.50934047364,0.0,107794.47481709154,8520.397969763075,90124.04010579092,3575.770193979131,3281.991052664116,1328.37255728073,963.902937613579,42.2952908736167,1348.1474388263307,7437.814701980796,0.0004963278780872152,170.2742748139853,170.2747711418634,1508.163250918461,5.018595873825297e-07,cleared,79,False,False,True,9.591742069163356e-07,True,0.01042288543983152,3575.759771093691,107794.47481709154,True,2.3935617333322408,3.7531771000940353,34,shared_weighted_euclidean_projector,shared_model_kernel_rcmsa_tagged_transition,released_hmm_filter,79
Model-guided constrained SAC,full_action,test_005_981c73a17708,981c73a17708f6a8f2159189b725895e9b78b4ffca7b2cc292d9f5cb6c138259,8b83c669d56287c61d40a0703b8fe7ebc8aa642d9fff413ea893b4f328a3116c,301721597.0,21,79,decision_plus_clearance,15057.333152124513,98617.15985881763,0.0,113674.49301094214,8345.305591583347,96070.48042591917,3840.9342504867177,3171.6674157882385,1279.3588753696863,966.7464517949917,42.01251707411571,1314.960131873418,7737.266843894036,0.00042553257851428634,182.90120544297946,182.90163097555796,1501.041100248678,5.451818345040024e-07,cleared,79,False,False,True,9.77196056023483e-07,True,0.008936184148800014,3840.9253143025685,113674.49301094214,True,2.3974670428738354,3.6409587000962347,34,shared_weighted_euclidean_projector,shared_model_kernel_rcmsa_tagged_transition,released_hmm_filter,79
Model-guided constrained SAC,full_action,test_006_daba4b1e9814,daba4b1e9814b4a66b4b77a1db00896fa1b3246def31f9ebaa0c7ced46e92af5,8b83c669d56287c61d40a0703b8fe7ebc8aa642d9fff413ea893b4f328a3116c,301721597.0,21,79,decision_plus_clearance,15658.076359365012,96661.88115314784,0.0,112319.95751251286,8541.333829886556,94387.69616886353,3760.2820455125743,3335.9134827594844,1330.3544170373757,964.3775684533729,42.71410593644581,1361.9407809554139,7679.200350292509,0.0004971021966742544,179.06055268411637,179.06104978631305,1509.8535344012432,6.43712370294556e-07,cleared,79,False,False,True,9.04565028252248e-07,True,0.010439146130159341,3760.271606366444,112319.9575125129,True,2.4094658285667676,3.749074599938467,34,shared_weighted_euclidean_projector,shared_model_kernel_rcmsa_tagged_transition,released_hmm_filter,79
Model-guided constrained SAC,full_action,test_007_925513ee8ec6,925513ee8ec62fc55ab4f4e4980ba11972ca8c6ab89cbb52b03a5fe88f85fa31,8b83c669d56287c61d40a0703b8fe7ebc8aa642d9fff413ea893b4f328a3116c,301721597.0,21,79,decision_plus_clearance,18415.71863037862,96067.3706135887,0.0,114483.08924396732,9946.547540508218,94041.83771180084,3704.8286905351506,4262.329825432184,1572.866753814461,954.6787218764479,47.83190613186507,1695.3812230126175,7918.155093709782,0.000854127658563588,176.4195597073486,176.42041383500717,1648.1776057611426,5.190185695481178e-07,cleared,79,False,False,True,9.832149168689032e-07,True,0.017936680829835346,3704.810753854321,114483.08924396732,True,2.4331211571337743,3.601198999909684,34,shared_weighted_euclidean_projector,shared_model_kernel_rcmsa_tagged_transition,released_hmm_filter,79
Model-guided constrained SAC,full_action,test_008_fabe46a0ea00,fabe46a0ea0025c65c0c7b807dc0f70b60fa5f50100dd7bd2d9ad2a46e9df6b5,8b83c669d56287c61d40a0703b8fe7ebc8aa642d9fff413ea893b4f328a3116c,301721597.0,21,79,decision_plus_clearance,14581.347245743198,91771.36988896907,0.0,106352.71713471226,7859.8797621782005,89820.41749760733,3581.1073875207417,2888.727732997691,1233.2361708794726,969.3485835288359,39.73659795918938,1190.700309448511,7308.60751895824,0.0004130606889975279,170.5285101545844,170.5289232152734,1452.2431874548065,5.494806691338203e-07,cleared,79,False,False,True,9.252928483058507e-07,True,0.008674274468948086,3581.0987132462724,106352.71713471226,True,2.386250128581499,3.6852265000343323,34,shared_weighted_euclidean_projector,shared_model_kernel_rcmsa_tagged_transition,released_hmm_filter,79
Model-guided constrained SAC,full_action,test_009_c8ef87e47101,c8ef87e471016915d86795cd09c50907b7668afc7c30bcb05a14726a2af75061,8b83c669d56287c61d40a0703b8fe7ebc8aa642d9fff413ea893b4f328a3116c,301721597.0,21,79,decision_plus_clearance,14463.137490534655,104293.83099372363,0.0,118756.9684842583,8285.943943636847,101010.0845947061,4061.558277137793,3179.7280244138706,1251.2841963193925,968.3694480442981,42.61573954049883,1329.2393046617592,7965.898815979101,0.0003998442316488588,193.40713716232995,193.4075370065616,1476.0827343867538,6.662667805010783e-07,cleared,79,False,False,True,9.974551731485307e-07,True,0.008396728864626035,4061.549880408929,118756.9684842583,True,2.401787699965228,3.9585806999821216,34,shared_weighted_euclidean_projector,shared_model_kernel_rcmsa_tagged_transition,released_hmm_filter,79
Model-guided constrained SAC,full_action,test_010_613ab99db82c,613ab99db82c659cd8ff6e1475e7317b5ab19503260bfedec209a4c7abd2eb88,8b83c669d56287c61d40a0703b8fe7ebc8aa642d9fff413ea893b4f328a3116c,301721597.0,21,79,decision_plus_clearance,14186.2842783047,89612.79771321107,0.0,103799.08199151576,7665.093184830044,87691.41092887353,3497.0893893972907,2737.958814718198,1176.6647270038807,1030.8649466927864,38.80941543470795,1158.9406460921864,7144.600477391594,0.00033562056437339287,166.52773054121138,166.52806616177577,1429.6385633244831,5.248839770145352e-07,cleared,79,False,False,True,9.880516695896726e-07,True,0.00704803185184125,3497.082341365439,103799.08199151573,True,2.3675326761856144,3.5792535999789834,34,shared_weighted_euclidean_projector,shared_model_kernel_rcmsa_tagged_transition,released_hmm_filter,79
Model-guided constrained SAC,full_action,test_011_8a2e74b38d5d,8a2e74b38d5d3fa099c53fd66f114b907a8d9576d5dcc067dc484a7c19e7da8b,8b83c669d56287c61d40a0703b8fe7ebc8aa642d9fff413ea893b4f328a3116c,301721597.0,21,79,decision_plus_clearance,15638.137068424594,111489.58399866245,0.0,127127.72106708704,9083.44482582155,107652.5629946729,4330.288963427857,3711.746980865546,1384.7079225202324,964.9693797789251,45.783600707285764,1503.148238944842,8477.19644179673,0.0005724584909719068,206.2036638952165,206.20423635370747,1562.1247563759907,6.653958114614883e-07,cleared,79,False,False,True,9.791605745813653e-07,True,0.012021628310410043,4330.276941799546,127127.72106708701,True,2.4325079142914285,4.0607455999124795,34,shared_weighted_euclidean_projector,shared_model_kernel_rcmsa_tagged_transition,released_hmm_filter,79
Model-guided constrained SAC,full_action,test_012_b6bdc05b20a7,b6bdc05b20a7bd7872689e9fd93f49c5864d83dbaa6c13c7b8023906ab88c1ae,8b83c669d56287c61d40a0703b8fe7ebc8aa642d9fff413ea893b4f328a3116c,301721597.0,21,79,decision_plus_clearance,16006.107707522575,103430.2224274775,0.0,119436.33013500008,8982.834865818068,100496.63775386836,4016.331794569122,3589.567125051869,1387.240895990744,963.7176997019508,44.66286730330029,1459.091861194656,8100.900560683547,0.0005640657518959066,191.2533309137301,191.253894979482,1566.530334412145,5.584049274258609e-07,cleared,79,False,False,True,9.629787124208566e-07,True,0.01184538078981404,4016.3199491883324,119436.33013500011,True,2.4699407904519743,3.7821403997950256,34,shared_weighted_euclidean_projector,shared_model_kernel_rcmsa_tagged_transition,released_hmm_filter,79
Model-guided constrained SAC,full_action,test_013_040653995d85,040653995d85cc962bcb3d75b933864971de686f9683c73e392ab9224c3c2124,8b83c669d56287c61d40a0703b8fe7ebc8aa642d9fff413ea893b4f328a3116c,301721597.0,21,79,decision_plus_clearance,14340.040404824089,86300.16077245245,0.0,100640.20117727654,7681.958969046924,84658.20897580408,3363.9467691102577,2784.3710402538486,1183.6119574249076,968.103465636537,39.134872287664294,1182.0625798428885,6959.821296374036,0.0003479312316189583,160.1875934549711,160.18794138620274,1410.1349375017896,5.086246978561587e-07,cleared,79,False,False,True,9.922948103317886e-07,True,0.007306555863998124,3363.9394625543932,100640.20117727655,True,2.41390084282362,3.654043700080365,34,shared_weighted_euclidean_projector,shared_model_kernel_rcmsa_tagged_transition,released_hmm_filter,79
Model-guided constrained SAC,full_action,test_014_f00647451070,f00647451070accd7f5177b412ddbd68c73d8b7f2cb6c77b8469ffbc7c614a43,8b83c669d56287c61d40a0703b8fe7ebc8aa642d9fff413ea893b4f328a3116c,301721597.0,21,79,decision_plus_clearance,14542.666400003644,90545.51847385748,0.0,105088.18487386112,7885.391749419997,88551.50285937774,3528.3184006289334,2923.0754713163274,1231.1003562670596,968.7960368510751,40.067105215351745,1211.8207947932653,7220.425366774786,0.0004181271537118666,168.0147438075574,168.01516193471113,1443.4348659511077,5.33463814445167e-07,cleared,79,False,False,True,9.788349549437713e-07,True,0.008780670227949199,3528.3096199587058,105088.18487386114,True,2.4089351714300435,3.727100299904123,34,shared_weighted_euclidean_projector,shared_model_kernel_rcmsa_tagged_transition,released_hmm_filter,79
Model-guided constrained SAC,full_action,test_015_643a837775f9,643a837775f944f0e897fff5495209f1a59016e336af0b18defb50bf86cbf809,8b83c669d56287c61d40a0703b8fe7ebc8aa642d9fff413ea893b4f328a3116c,301721597.0,21,79,decision_plus_clearance,18402.187290418336,107455.3606714324,0.0,125857.54796185074,10340.336946034942,104245.28138215802,4145.493216706472,4546.621012124915,1624.1143722385368,955.7010325878302,49.84788548435829,1786.116457404886,8525.847051076991,0.0009787358024208983,197.40346015498193,197.40443889078435,1688.8130705350375,5.699913923759914e-07,cleared,79,False,False,True,9.264385135229603e-07,True,0.020553451850838865,4145.472663254621,125857.54796185072,True,2.4674244714302143,3.7995268998201936,34,shared_weighted_euclidean_projector,shared_model_kernel_rcmsa_tagged_transition,released_hmm_filter,79
Model-guided constrained SAC,full_action,test_016_45a90ccef8bd,45a90ccef8bdd374ee00dbc87ec9b3752c6a102ea41ee1fc73e6c34df9d0ef6a,8b83c669d56287c61d40a0703b8fe7ebc8aa642d9fff413ea893b4f328a3116c,301721597.0,21,79,decision_plus_clearance,15885.004501815172,107450.7400032716,0.0,123335.74450508677,9137.687642481113,103924.72369855663,4167.929094388485,3739.1233015150265,1402.2537632164128,964.0270049291458,45.67948229579895,1507.39352178692,8278.394156426548,0.0005919506930995448,198.4722220678062,198.4728140184993,1568.2320170124228,5.676044415282915e-07,cleared,79,False,False,True,9.63431558300212e-07,True,0.012430964555090442,4167.91666342393,123335.74450508681,True,2.3883989142874875,3.730087999952957,34,shared_weighted_euclidean_projector,shared_model_kernel_rcmsa_tagged_transition,released_hmm_filter,79
Model-guided constrained SAC,full_action,test_017_ebd333a3cdba,ebd333a3cdbaf4583dc4bbdc159fa86380b9858d554b85820a961aee779a82c0,8b83c669d56287c61d40a0703b8fe7ebc8aa642d9fff413ea893b4f328a3116c,301721597.0,21,79,decision_plus_clearance,16004.791084447948,97663.60840500539,0.0,113668.39948945334,8784.881797984655,95294.46522008906,3795.207170987055,3469.7124248737578,1360.963103284686,963.1697722340972,43.68114108295514,1421.1488564536994,7759.791523658367,0.0005145807395647975,180.72363641864402,180.7241509993836,1533.148540305391,6.212800068007235e-07,cleared,79,False,False,True,9.660182457228843e-07,True,0.010806195530860747,3795.1963647915245,113668.39948945328,True,2.364433776177022,3.5009808000177145,34,shared_weighted_euclidean_projector,shared_model_kernel_rcmsa_tagged_transition,released_hmm_filter,79
Model-guided constrained SAC,full_action,test_018_9466cee538c9,9466cee538c90a351ebb4cc641f0fb605f60f7a5370deb739961de94e8407d65,8b83c669d56287c61d40a0703b8fe7ebc8aa642d9fff413ea893b4f328a3116c,301721597.0,21,79,decision_plus_clearance,16479.73256890324,98095.06148764867,0.0,114574.79405655191,9069.105973705926,95633.79896845228,3805.0492822905653,3679.4625557908876,1425.1587312585418,962.2185450537509,44.67216356588384,1472.0835829590785,7831.8189303872105,0.0006424189338412573,181.19218054728356,181.1928229662174,1566.4702184004416,5.127082357213975e-07,cleared,79,False,False,True,9.268066488105729e-07,True,0.013490797610666403,3805.0357914929546,114574.79405655195,True,2.3933140381039784,3.631771699991077,34,shared_weighted_euclidean_projector,shared_model_kernel_rcmsa_tagged_transition,released_hmm_filter,79
Model-guided constrained SAC,full_action,test_019_9d2b7462a57a,9d2b7462a57ab18c9c816164b4cf31fe355ef525f834131b7e4bee6c19475a44,8b83c669d56287c61d40a0703b8fe7ebc8aa642d9fff413ea893b4f328a3116c,301721597.0,21,79,decision_plus_clearance,17269.77475803369,97441.41923796812,0.0,114711.1939960018,9537.000717208843,94936.61048112618,3761.0155687440138,4028.0919006720983,1490.4223935425407,958.0529347080615,46.89406077226095,1619.0111720439756,7860.061682673266,0.0007254336007881887,179.09525403039987,179.09597946400066,1595.1709734536937,5.755082411161112e-07,cleared,79,False,False,True,9.864180848242735e-07,True,0.015234105616551962,3761.0003346383974,114711.19399600172,True,2.3757165428694513,3.750437800073996,34,shared_weighted_euclidean_projector,shared_model_kernel_rcmsa_tagged_transition,released_hmm_filter,79
Model-guided constrained SAC,full_action,test_020_701c8d28bc45,701c8d28bc45b0352a2505312c03123c85798d4dd0b786857dc34cb69fe2061b,8b83c669d56287c61d40a0703b8fe7ebc8aa642d9fff413ea893b4f328a3116c,301721597.0,21,79,decision_plus_clearance,16142.821758263985,103316.5591854077,0.0,119459.38094367168,9131.602009504992,100210.09503510268,4006.8415369406075,3734.290578411308,1413.4115673366987,963.1402163754013,45.388177056091166,1502.5974600250552,8071.631045662195,0.0006109600886806447,190.80136698946404,190.80197794955274,1566.1613988876047,5.038080350744985e-07,cleared,79,False,False,True,9.665323729397643e-07,True,0.012830161862293538,4006.828706778745,119459.3809436717,True,2.4396477999897406,3.7158478000201285,34,shared_weighted_euclidean_projector,shared_model_kernel_rcmsa_tagged_transition,released_hmm_filter,79
Model-guided constrained SAC,full_action,test_021_69299bc5d0bf,69299bc5d0bf379cc97bdd78ee18bea9a8ffc622a60d0cff22ec8965b5a58972,8b83c669d56287c61d40a0703b8fe7ebc8aa642d9fff413ea893b4f328a3116c,301721597.0,21,79,decision_plus_clearance,15766.918050394024,93413.46438348589,0.0,109180.38243387992,8492.08329868464,91462.6475140963,3633.910875593397,3296.8624620067058,1330.8195407723258,964.0587427265224,42.14690487350733,1338.5801706303605,7515.509759316732,0.0005056282650998708,173.0428693999919,173.043375028257,1508.890228116973,5.439284015495454e-07,cleared,79,False,False,True,9.917921664927813e-07,True,0.010618193567097287,3633.90025739983,109180.3824338799,True,2.400038747604759,3.6789347999729216,34,shared_weighted_euclidean_projector,shared_model_kernel_rcmsa_tagged_transition,released_hmm_filter,79
Model-guided constrained SAC,full_action,test_022_1b3e72c80b5f,1b3e72c80b5f8d5862204b809782bba3d065c565c21a1919e08c2b86b7b1841f,8b83c669d56287c61d40a0703b8fe7ebc8aa642d9fff413ea893b4f328a3116c,301721597.0,21,79,decision_plus_clearance,16270.201936493915,91387.05331992092,0.0,107657.25525641484,8725.921987972564,89605.9777962346,3545.757902824097,3440.5404793848675,1376.4172183639325,962.6398716347269,42.93730924400385,1388.7193674434982,7466.385246817562,0.0005628201144001062,168.8450516000807,168.8456144201951,1539.0119896272681,5.015352782026586e-07,cleared,79,False,False,True,9.934805799473793e-07,True,0.011819222402402229,3545.7460836016944,107657.2552564148,True,2.3929567238138545,3.624535500071943,34,shared_weighted_euclidean_projector,shared_model_kernel_rcmsa_tagged_transition,released_hmm_filter,79
Model-guided constrained SAC,full_action,test_023_90a8af416c5a,90a8af416c5a6e79abe970bf714eca061d636b83c012d16275b0083f8782fa25,8b83c669d56287c61d40a0703b8fe7ebc8aa642d9fff413ea893b4f328a3116c,301721597.0,21,79,decision_plus_clearance,16845.58133264875,99649.60536458688,0.0,116495.18669723564,9390.419092971479,96873.08332420157,3853.961472522661,3952.651312242339,1464.201109401764,960.8703858958464,46.730405074869424,1597.1693655876645,7919.388480157687,0.0007050636253695861,183.52126981840613,183.5219748820315,1579.6929207467872,6.424053029136518e-07,cleared,79,False,False,True,9.797287379828573e-07,True,0.014806336132761309,3853.9466661865285,116495.18669723565,True,2.2436920523953936,3.3739159000106156,34,shared_weighted_euclidean_projector,shared_model_kernel_rcmsa_tagged_transition,released_hmm_filter,79
Model-guided constrained SAC,full_action,test_024_e90f261f99e2,e90f261f99e247c3e3c066941073cd14924ea1eec3b7043270db54af5285d79a,8b83c669d56287c61d40a0703b8fe7ebc8aa642d9fff413ea893b4f328a3116c,301721597.0,21,79,decision_plus_clearance,15202.574089209176,102136.78404239407,0.0,117339.35813160324,8641.459158236987,99032.36247861302,3970.15824315609,3406.21133843731,1322.7956358410438,966.3712773187681,43.582393983269796,1393.007087671472,7909.927090232608,0.00047555079010412724,189.05467888521417,189.05515443600427,1516.727173554279,5.690738277818597e-07,cleared,79,False,False,True,9.982197365705142e-07,True,0.009986566592186672,3970.1482565894976,117339.35813160324,True,2.3670300000591116,3.6830366000067443,34,shared_weighted_euclidean_projector,shared_model_kernel_rcmsa_tagged_transition,released_hmm_filter,79
Model-guided constrained SAC,full_action,test_025_0c3eeaae0824,0c3eeaae08241ee112c7df9413dd57d8fb7bc6ef2bac58f6ca7de012fc948c72,8b83c669d56287c61d40a0703b8fe7ebc8aa642d9fff413ea893b4f328a3116c,301721597.0,21,79,decision_plus_clearance,15412.932880395138,101701.98927514597,0.0,117114.9221555411,8514.874359505631,99056.88254641325,3957.9496671320303,3305.9608650126474,1313.7159797669053,965.5387377106,42.81993970007528,1350.9544084296692,7967.207752858979,0.0004929480509609155,188.47330072490288,188.47379367295383,1524.4452232863202,6.842157014647161e-07,cleared,79,False,False,True,9.133468640768279e-07,True,0.010351909070179225,3957.9393152229604,117114.92215554105,True,2.3629753476319215,3.6879310999065638,34,shared_weighted_euclidean_projector,shared_model_kernel_rcmsa_tagged_transition,released_hmm_filter,79
Model-guided constrained SAC,full_action,test_026_770d47ae1768,770d47ae17682b043d9c912886a238fdb23a8c0a8289016ef57c0235fe5d0b06,8b83c669d56287c61d40a0703b8fe7ebc8aa642d9fff413ea893b4f328a3116c,301721597.0,21,79,decision_plus_clearance,15011.11781286081,110531.21832223069,0.0,125542.33613509151,8627.845493331059,106884.73595548069,4304.80797132501,3448.656160900714,1308.9104275334557,967.3801265205433,43.656146182281844,1386.7177213045193,8364.380817528234,0.00047376226598111557,204.99038201511544,204.99085577738143,1514.8543733011147,7.138382440475186e-07,cleared,79,False,False,True,9.632338206959824e-07,True,0.009949007585603426,4304.7980223174245,125542.33613509146,True,2.3890571809772934,3.741605299990624,34,shared_weighted_euclidean_projector,shared_model_kernel_rcmsa_tagged_transition,released_hmm_filter,79
Model-guided constrained SAC,full_action,test_027_df5d670513fa,df5d670513fa35262df8ea203ff162de2bc1a2f4598ac89786b63793aaa8dbd0,8b83c669d56287c61d40a0703b8fe7ebc8aa642d9fff413ea893b4f328a3116c,301721597.0,21,79,decision_plus_clearance,15976.7872508861,94393.0102618074,0.0,110369.7975126935,8637.738696523342,92363.89422722133,3668.2680851070445,3383.2120453555012,1353.2036044121724,963.4808540740372,42.707459794647534,1368.7306737148886,7600.41178323779,0.0005385801498964196,174.6788940439951,174.679432624145,1528.0757478897394,4.901930999204254e-07,cleared,79,False,False,True,9.275725042284608e-07,True,0.011310183147824811,3668.256774923897,110369.79751269343,True,2.3919691380579025,3.72229399997741,34,shared_weighted_euclidean_projector,shared_model_kernel_rcmsa_tagged_transition,released_hmm_filter,79
Model-guided constrained SAC,full_action,test_028_e9fb02365dd3,e9fb02365dd39d4a479796939c6b75136b323e6bb5414d58fe16c9eb23eb080e,8b83c669d56287c61d40a0703b8fe7ebc8aa642d9fff413ea893b4f328a3116c,301721597.0,21,79,decision_plus_clearance,14713.407511679077,92411.05883317266,0.0,107124.46634485174,7938.4554139722995,90407.9818332572,3604.211230648658,2963.0666960802937,1242.4442247916943,968.3069461015476,39.89013117829323,1202.6518795166119,7351.616973145158,0.00042241131426848404,171.62868381005038,171.62910622136465,1451.5273782797187,4.95663884087552e-07,cleared,79,False,False,True,9.455735760418507e-07,True,0.008870637599638164,3604.202360011058,107124.4663448517,True,2.322731295245744,3.661355100106448,34,shared_weighted_euclidean_projector,shared_model_kernel_rcmsa_tagged_transition,released_hmm_filter,79
Model-guided constrained SAC,full_action,test_029_b44f60718c5a,b44f60718c5a51721bd1be86466c0bb83a8f075ec00e497e8853122651b88be6,8b83c669d56287c61d40a0703b8fe7ebc8aa642d9fff413ea893b4f328a3116c,301721597.0,21,79,decision_plus_clearance,14376.923880027387,98645.47543428496,0.0,113022.39931431235,8028.17804740628,95895.81785583033,3847.3612948088685,2995.30700565571,1225.4441498248725,1030.2909607863096,40.70775919491078,1239.466782319252,7652.170545868754,0.0003860167766729521,183.20729468840756,183.20768070518423,1466.8458065555978,5.888831024854935e-07,cleared,79,False,False,True,9.082699308564151e-07,True,0.008106352310131994,3847.3531884565587,113022.39931431238,True,2.3488987238102017,3.64988819998689,34,shared_weighted_euclidean_projector,shared_model_kernel_rcmsa_tagged_transition,released_hmm_filter,79
Model-guided constrained SAC,full_action,test_030_038f4c53d11f,038f4c53d11f455d906ca9a381763816040bd2f31fb252156466a1f74c404471,8b83c669d56287c61d40a0703b8fe7ebc8aa642d9fff413ea893b4f328a3116c,301721597.0,21,79,decision_plus_clearance,15622.913817149793,92933.23545282175,0.0,108556.14926997155,8425.875855622155,90953.21810197462,3616.2254934831053,3275.838307994864,1320.5055625285504,964.4859483682931,42.1018777023538,1335.4647378829682,7459.592757327292,0.000499255436321007,172.20071471994967,172.201213975386,1495.9631485379978,5.583516380831498e-07,cleared,79,False,False,True,9.70848867183351e-07,True,0.010484364162741146,3616.2150091189433,108556.14926997159,True,2.3546491571413797,3.4793814001604915,34,shared_weighted_euclidean_projector,shared_model_kernel_rcmsa_tagged_transition,released_hmm_filter,79
Model-guided constrained SAC,full_action,test_031_0a6ff70351b5,0a6ff70351b53c8e7f1de0d141b5084d11039bc524ccd9933f5b23b35b3abd3c,8b83c669d56287c61d40a0703b8fe7ebc8aa642d9fff413ea893b4f328a3116c,301721597.0,21,79,decision_plus_clearance,14607.039711164833,98124.32485941454,0.0,112731.36457057938,8101.119593563882,95582.34925497374,3828.300220610029,3009.142405757547,1241.7691797307186,968.6839159434454,40.96707414829109,1251.900040483586,7653.491330866483,0.00038832918574965126,182.29962217605373,182.30001050523947,1469.7986328034826,5.40180991273987e-07,cleared,79,False,False,True,9.96295697789859e-07,True,0.008154912900742677,3828.2920656971282,112731.36457057938,True,2.3640774428800104,3.749545299913734,34,shared_weighted_euclidean_projector,shared_model_kernel_rcmsa_tagged_transition,released_hmm_filter,79
Model-guided constrained SAC,full_action,test_032_efdf826e6bc3,efdf826e6bc3db036d5fbf1436f2dc6c248eaee1538597a28304017514dc1eb9,8b83c669d56287c61d40a0703b8fe7ebc8aa642d9fff413ea893b4f328a3116c,301721597.0,21,79,decision_plus_clearance,16298.898996053,98134.64810235749,0.0,114433.54709841049,8992.992208327527,95610.09157057157,3805.150015606573,3611.4470634272825,1391.6263797148117,1022.2398607626816,44.32824219567834,1467.6383068159193,7821.248594851428,0.0005706126901945537,181.197049178099,181.1976197907892,1558.3590004762898,5.583032152747476e-07,cleared,79,False,False,True,9.12652404499205e-07,True,0.011982866494085628,3805.1380327400793,114433.54709841046,True,2.3874841190408915,3.7000571999233216,34,shared_weighted_euclidean_projector,shared_model_kernel_rcmsa_tagged_transition,released_hmm_filter,79
Model-guided constrained SAC,full_action,test_033_de0c441dba67,de0c441dba67f4c18af55eaa8c66ff0e1b4ea0b5a489e9d3e38964a74fdf2af7,8b83c669d56287c61d40a0703b8fe7ebc8aa642d9fff413ea893b4f328a3116c,301721597.0,21,79,decision_plus_clearance,15711.042531766818,102201.42932266644,0.0,117912.47185443326,8822.783580975714,99239.41688391016,3970.921373958536,3502.620150624961,1352.2416390392493,1024.4882259246197,43.88784888925569,1427.0261047450947,7972.91660569612,0.0005192983404848976,189.09097469968506,189.09149399802556,1538.590620854299,5.82954265023686e-07,cleared,79,False,False,True,9.548016401617784e-07,True,0.01090526515018285,3970.9104686933865,117912.47185443324,True,2.3818330285361125,3.648722399957478,34,shared_weighted_euclidean_projector,shared_model_kernel_rcmsa_tagged_transition,released_hmm_filter,79
Model-guided constrained SAC,full_action,test_034_a00d80b83640,a00d80b8364074d2d18768806f48ec2e34d59c8935d9982f8be9eed0f991c2da,8b83c669d56287c61d40a0703b8fe7ebc8aa642d9fff413ea893b4f328a3116c,301721597.0,21,79,decision_plus_clearance,15441.082305673932,102254.6305129847,0.0,117695.71281865863,8637.041868605478,99362.39341157029,3977.0387144607694,3414.8016255870048,1338.4137472549376,966.0234511801976,43.3309940692422,1377.0031289867245,7966.272457614785,0.0005171625257590261,189.38227876417753,189.3827959267033,1525.399330296162,5.896966956107854e-07,cleared,79,False,False,True,9.20638038839923e-07,True,0.010860413040939548,3977.027854047728,117695.71281865866,True,2.389579747637202,3.7795720000285655,34,shared_weighted_euclidean_projector,shared_model_kernel_rcmsa_tagged_transition,released_hmm_filter,79
Model-guided constrained SAC,full_action,test_035_51fd398978b7,51fd398978b78ec8627904227f514de39808dc8e62092971f9c9d9d0c1a0e84a,8b83c669d56287c61d40a0703b8fe7ebc8aa642d9fff413ea893b4f328a3116c,301721597.0,21,79,decision_plus_clearance,14589.871280116926,95897.0327374249,0.0,110486.90401754183,8023.373352491753,93531.92173913294,3738.9445906814844,2987.47202647182,1236.780452741016,968.411856022846,40.75432488243918,1242.4304762207132,7534.155325587163,0.0003991071034936114,178.04458140153864,178.04498050864214,1459.4532682945073,6.242382746201503e-07,cleared,79,False,False,True,8.749932967251074e-07,True,0.00838124917336584,3738.9362094323114,110486.90401754186,True,2.3456027619097206,3.6486218001227826,34,shared_weighted_euclidean_projector,shared_model_kernel_rcmsa_tagged_transition,released_hmm_filter,79
Model-guided constrained SAC,full_action,test_036_7eb6ac1ca077,7eb6ac1ca077683a4409f4f2c9dbb73ac1a32707576f47c8cadd46a203595435,8b83c669d56287c61d40a0703b8fe7ebc8aa642d9fff413ea893b4f328a3116c,301721597.0,21,79,decision_plus_clearance,15394.473954673624,97448.74845569914,0.0,112843.22241037276,8542.511592668588,94845.14111787305,3788.0593090302477,3337.597827601083,1304.8729806502804,1025.0395825495286,42.5869689777611,1366.502295635122,7670.134953029418,0.00044185528065214286,180.38333476520734,180.383776620488,1505.9606894209962,5.562333566075735e-07,cleared,79,False,False,True,9.259501062788207e-07,True,0.009278960893695,3788.050030069354,112843.22241037276,True,2.378205195213446,3.722948200069368,34,shared_weighted_euclidean_projector,shared_model_kernel_rcmsa_tagged_transition,released_hmm_filter,79
Model-guided constrained SAC,full_action,test_037_f096257ecaa4,f096257ecaa456c423dd2e587c7a0f76747a52746a718c0ca85345f8faa2c9df,8b83c669d56287c61d40a0703b8fe7ebc8aa642d9fff413ea893b4f328a3116c,301721597.0,21,79,decision_plus_clearance,18775.391742646745,99149.1706312717,0.0,117924.56237391845,10349.126677110506,96629.42200447686,3811.376257551629,4549.094759413197,1632.1967365200744,953.3459388462044,49.525807371082216,1791.1181266922829,8110.917090599147,0.0009799867644203133,181.49312751569408,181.4941075024585,1684.8119557582113,4.7389508442493735e-07,cleared,79,False,False,True,9.825701818616388e-07,True,0.020579722052826578,3811.3556778295756,117924.56237391847,True,2.4126494190367382,3.76019429997541,34,shared_weighted_euclidean_projector,shared_model_kernel_rcmsa_tagged_transition,released_hmm_filter,79
Model-guided constrained SAC,full_action,test_038_b05abc6e01b3,b05abc6e01b3718868c375b47078f5b62629d6eac8227c2b0618a70ea26128fc,8b83c669d56287c61d40a0703b8fe7ebc8aa642d9fff413ea893b4f328a3116c,301721597.0,21,79,decision_plus_clearance,16286.099708158794,97686.09182902986,0.0,113972.19153718866,9111.986874265629,94955.89641526752,3780.1275740925385,3754.2977372081837,1407.8552652721005,962.0276710827828,45.55799487926047,1530.9015523187454,7753.083290779584,0.0006018460534401903,180.00547311073413,180.00607495678756,1548.0715504368166,5.539988447302275e-07,cleared,79,False,False,True,9.800626267379306e-07,True,0.012638767122243995,3780.114935325417,113972.19153718874,True,2.2357712666770175,3.540840300032869,34,shared_weighted_euclidean_projector,shared_model_kernel_rcmsa_tagged_transition,released_hmm_filter,79
Model-guided constrained SAC,full_action,test_039_9c0d1ebe6c19,9c0d1ebe6c190d77dea3345bb6f3b600dad24feb171cfa5b624fa948a7b1d203,8b83c669d56287c61d40a0703b8fe7ebc8aa642d9fff413ea893b4f328a3116c,301721597.0,21,79,decision_plus_clearance,15255.934782673148,102056.73888361252,0.0,117312.67366628567,8584.933509271843,99128.9607066832,3970.790237874168,3354.02660254408,1308.4926995831622,965.4699103292007,43.31167299052451,1385.0660135068003,7919.96140428783,0.00044310361084017985,189.0848063189686,189.08524942257944,1506.5192080032841,6.205017088798503e-07,cleared,79,False,False,True,9.583729938984214e-07,True,0.009305175827643777,3970.78093269834,117312.67366628566,True,2.3895511142909527,3.9035837999545038,34,shared_weighted_euclidean_projector,shared_model_kernel_rcmsa_tagged_transition,released_hmm_filter,79
Model-guided constrained SAC,full_action,test_040_11a8950c659e,11a8950c659e50fc01d8e1413f71ec94f8cee0fde048ef4f8feaf64bf17ebc31,8b83c669d56287c61d40a0703b8fe7ebc8aa642d9fff413ea893b4f328a3116c,301721597.0,21,79,decision_plus_clearance,14647.813191914482,96248.67856904512,0.0,110896.4917609596,8119.516175559676,93731.39560074186,3747.9381230957224,3081.2260258431993,1248.7989816548584,967.6168540643166,41.592147857606705,1288.4458024582575,7539.811373773279,0.0004248449752568935,178.4728191119639,178.47324395693917,1459.8017208961014,6.45216367789829e-07,cleared,79,False,False,True,9.045185434819708e-07,True,0.008921744480394763,3747.9292013512418,110896.49176095963,True,2.3375801618898375,3.654262699885294,34,shared_weighted_euclidean_projector,shared_model_kernel_rcmsa_tagged_transition,released_hmm_filter,79
Model-guided constrained SAC,full_action,test_041_e58f21dcc209,e58f21dcc209cc30ce7f3c41ea3bb5ca1044d9230ccb95693e6230e9d330fb88,8b83c669d56287c61d40a0703b8fe7ebc8aa642d9fff413ea893b4f328a3116c,301721597.0,21,79,decision_plus_clearance,15640.01614096586,102346.88568532253,0.0,117986.90182628839,8673.019313099772,99614.04469424453,3984.5339851444287,3408.4645231447303,1341.8325983485029,965.0067123064587,43.32517457173391,1383.1846883440332,7998.160096029926,0.0005151588386159714,189.7391984194675,189.73971357830612,1532.4639721430724,5.85697347586376e-07,cleared,79,False,False,True,9.977707725673586e-07,True,0.0108183356109354,3984.5231668088177,117986.90182628843,True,2.3803443190575178,3.81563530000858,34,shared_weighted_euclidean_projector,shared_model_kernel_rcmsa_tagged_transition,released_hmm_filter,79
Model-guided constrained SAC,full_action,test_042_a77d2ece213a,a77d2ece213ae69417f02560c0642cd54460ae2e8b62820c3370f54e0b0c843f,8b83c669d56287c61d40a0703b8fe7ebc8aa642d9fff413ea893b4f328a3116c,301721597.0,21,79,decision_plus_clearance,13732.123957114645,98543.47365406352,0.0,112275.59761117816,7667.146853044394,95848.86771920283,3850.876713185074,2783.2753598284908,1154.3531609637337,971.0778049536361,39.71453592210286,1179.8772275201811,7583.541687404837,0.00031198438524906964,183.37476959585638,183.37508158024164,1415.3606112727487,6.240430365043359e-07,cleared,79,False,False,True,9.990633001661465e-07,True,0.0065516720902304626,3850.870161512984,112275.59761117815,True,2.3048927714449485,3.7106977999210358,34,shared_weighted_euclidean_projector,shared_model_kernel_rcmsa_tagged_transition,released_hmm_filter,79
Model-guided constrained SAC,full_action,test_043_f1174106175c,f1174106175ca0507fd2efedad3b19e57bbe656b669a63b5f3bddc88ed93905a,8b83c669d56287c61d40a0703b8fe7ebc8aa642d9fff413ea893b4f328a3116c,301721597.0,21,79,decision_plus_clearance,17990.10200393148,92384.93138189336,0.0,110375.03338582483,9614.465539179173,90688.95042534609,3565.9784026172592,4024.3060215903074,1525.4525671905924,955.8804299013876,46.376060643889936,1609.1446663321317,7688.508345437908,0.0007789268138985626,169.80771643591274,169.80849536272663,1619.670521945167,4.955198192700233e-07,cleared,79,False,False,True,9.841181177809932e-07,True,0.016357463091869813,3565.9620451541673,110375.0333858248,True,2.394642333300518,3.645952999824658,34,shared_weighted_euclidean_projector,shared_model_kernel_rcmsa_tagged_transition,released_hmm_filter,79
Model-guided constrained SAC,full_action,test_044_ed401c94714a,ed401c94714a1b658a7305d216d392780815b859f07387d4086dea53af39e785,8b83c669d56287c61d40a0703b8fe7ebc8aa642d9fff413ea893b4f328a3116c,301721597.0,21,79,decision_plus_clearance,14780.55263573011,100326.15040522393,0.0,115106.70304095405,8179.088063626149,97693.90378617783,3912.5780883476436,3092.0092466836013,1261.3221212440908,967.8017348747695,41.44810127957168,1272.7405313306638,7804.35293692828,0.00042464809375119227,186.312817654175,186.31324230226875,1480.5487898348265,6.605822478914204e-07,cleared,79,False,False,True,9.967424491287042e-07,True,0.008917609968775038,3912.569170737675,115106.70304095407,True,2.542479999995391,4.418901699827984,34,shared_weighted_euclidean_projector,shared_model_kernel_rcmsa_tagged_transition,released_hmm_filter,79
Model-guided constrained SAC,full_action,test_045_af7d3f616c1d,af7d3f616c1d242f60f09f068fd7a769245912bd59097557b89958e0f930fd8e,8b83c669d56287c61d40a0703b8fe7ebc8aa642d9fff413ea893b4f328a3116c,301721597.0,21,79,decision_plus_clearance,15866.649278087132,102092.23688671581,0.0,117958.88616480294,8817.99255185216,99337.50035897823,3968.6323264662365,3507.8088569295246,1362.8699352614656,964.082135315305,43.802664162529666,1414.160152487024,8006.2906686631,0.0005264515923026536,188.98196528489515,188.98249173648745,1540.8868926180155,6.070517437416742e-07,cleared,79,False,False,True,8.882420131038935e-07,True,0.011055483438355725,3968.6212709827983,117958.88616480291,True,2.5861932999631834,4.2748426999896765,34,shared_weighted_euclidean_projector,shared_model_kernel_rcmsa_tagged_transition,released_hmm_filter,79
Model-guided constrained SAC,full_action,test_046_e35b743e6617,e35b743e661721e2867313f4a6007e66923f4308dd844f736246ad22f905305e,8b83c669d56287c61d40a0703b8fe7ebc8aa642d9fff413ea893b4f328a3116c,301721597.0,21,79,decision_plus_clearance,15435.342804516815,104315.28288723635,0.0,119750.62569175316,8621.360969445004,101371.04036083502,4062.60073282769,3394.75654158328,1334.7795105049704,966.0875765572578,43.26371667760119,1369.6422972393138,8085.471436135558,0.0005104086217671951,193.45666734507776,193.45717775369954,1526.8942095278794,6.449038074586337e-07,cleared,79,False,False,True,8.967959335192877e-07,True,0.010718581057111097,4062.590014246633,119750.62569175322,True,2.5928535952476697,4.398716300027445,34,shared_weighted_euclidean_projector,shared_model_kernel_rcmsa_tagged_transition,released_hmm_filter,79
Model-guided constrained SAC,full_action,test_047_20c1f89391c1,20c1f89391c1a8fce9e63acefb218921593c303986fc79bf1eaf29fd9b27694e,8b83c669d56287c61d40a0703b8fe7ebc8aa642d9fff413ea893b4f328a3116c,301721597.0,21,79,decision_plus_clearance,15214.04104447179,110040.49437693576,0.0,125254.53542140755,8762.834393143901,106395.18807516167,4283.169107926823,3510.7003242149044,1336.0077307117415,966.6357902484779,44.172071396413855,1410.2173133367244,8353.424711645739,0.0004950585617878835,203.95993865223932,203.9604337108011,1530.5179191973384,6.490597406483928e-07,cleared,79,False,False,True,9.639165291168305e-07,True,0.010396229797545554,4283.158711697026,125254.53542140752,True,2.6145787000035248,4.376252199988812,34,shared_weighted_euclidean_projector,shared_model_kernel_rcmsa_tagged_transition,released_hmm_filter,79
Model-guided constrained SAC,full_action,test_048_eeaf6a6a0a15,eeaf6a6a0a158e1862d5cbdc734d51cf09860f78311911e19e234cde4f8662d2,8b83c669d56287c61d40a0703b8fe7ebc8aa642d9fff413ea893b4f328a3116c,301721597.0,21,79,decision_plus_clearance,15154.491631943622,102264.91476158607,0.0,117419.40639352969,8641.559284091012,99078.87930134943,3972.477956737212,3438.6014586784277,1322.2101967082385,965.6781959654274,44.005432546438065,1415.4805995943343,7895.170559043313,0.0004980937200290515,189.16511889376628,189.16561698748632,1504.6831918064008,6.368633175306252e-07,cleared,79,False,False,True,9.81507812003078e-07,True,0.010459968120610081,3972.4674967690917,117419.40639352976,True,2.723863166634969,4.235653300071135,34,shared_weighted_euclidean_projector,shared_model_kernel_rcmsa_tagged_transition,released_hmm_filter,79
Model-guided constrained SAC,full_action,test_049_343da3774e7e,343da3774e7e8e5143d50e3c5214e3dab09c23d71b2e4947c09263a8e3d1d8f7,8b83c669d56287c61d40a0703b8fe7ebc8aa642d9fff413ea893b4f328a3116c,301721597.0,21,79,decision_plus_clearance,15045.936682124588,88000.6628886472,0.0,103046.5995707718,8017.694172436182,86338.07103991149,3427.3032826196954,2993.3243714208375,1243.327205235439,1026.8794991481718,39.97353499373076,1236.9985903475467,7142.922768661436,0.0004051589803829995,163.20451306100512,163.2049182199855,1466.7755886013251,4.446136963330733e-07,cleared,79,False,False,True,9.456427539433098e-07,True,0.00850833858804299,3427.2947742811075,103046.59957077182,True,2.717473519045771,4.180166500154883,34,shared_weighted_euclidean_projector,shared_model_kernel_rcmsa_tagged_transition,released_hmm_filter,79
Model-guided constrained SAC,full_action,test_050_1c7612d8bc63,1c7612d8bc6352712fb0a5140912bb4dcf0178405305be2a668e7cf192566507,8b83c669d56287c61d40a0703b8fe7ebc8aa642d9fff413ea893b4f328a3116c,301721597.0,21,79,decision_plus_clearance,14270.664116725831,93374.76301599942,0.0,107645.42713272525,7779.108845829994,91186.4312878701,3645.670222072324,2823.4813463115606,1181.7379398910793,1028.9974907501683,39.57611635269735,1196.4139982454742,7345.778006631168,0.0003329324969952639,173.6030109757089,173.60334390820591,1427.7133929296592,6.35569040089434e-07,cleared,79,False,False,True,9.636419250791954e-07,True,0.0069915824369005414,3645.663230489887,107645.42713272524,True,2.6716739666714733,4.068923000013456,34,shared_weighted_euclidean_projector,shared_model_kernel_rcmsa_tagged_transition,released_hmm_filter,79
Model-guided constrained SAC,full_action,test_051_5747c87e6d9a,5747c87e6d9ace089dca37ca64fb5e904cbbd79136b0c4d74ea0a4390bb94034,8b83c669d56287c61d40a0703b8fe7ebc8aa642d9fff413ea893b4f328a3116c,301721597.0,21,79,decision_plus_clearance,13848.860518228723,91842.68838050746,0.0,105691.54889873619,7639.7150872872535,89598.15442518018,3584.6179158338296,2788.981956586352,1168.7015531303732,911.3779607182543,39.135544547643015,1168.480189729715,7202.78719377836,0.0003331174818574476,170.6957581127005,170.69609123018236,1404.163480401995,4.795869846340299e-07,cleared,79,False,False,True,9.604480078202607e-07,True,0.0069954671190064,3584.6109203667106,105691.54889873626,True,2.539002800038794,4.068066099891439,34,shared_weighted_euclidean_projector,shared_model_kernel_rcmsa_tagged_transition,released_hmm_filter,79
Model-guided constrained SAC,full_action,test_052_9760565f31de,9760565f31de15242f359a838a120dd71ffb6d8dd1020fdd4287b6afdf35b97c,8b83c669d56287c61d40a0703b8fe7ebc8aa642d9fff413ea893b4f328a3116c,301721597.0,21,79,decision_plus_clearance,16111.1054159205,95076.4143220016,0.0,111187.51973792209,8815.246074402034,92827.17645122165,3687.9513175028956,3517.564806404165,1377.0075422421448,962.5735461492009,43.70904279249128,1425.1600119435439,7627.558451996536,0.0005698902327381985,175.61615951466706,175.6167294048998,1533.081078230177,5.166409704552927e-07,cleared,79,False,False,True,9.742735043342536e-07,True,0.011967694887502168,3687.939349808008,111187.51973792209,True,2.7388868618512614,4.281510199885815,34,shared_weighted_euclidean_projector,shared_model_kernel_rcmsa_tagged_transition,released_hmm_filter,79
Model-guided constrained SAC,full_action,test_053_4473e6f72168,4473e6f7216884984406f8aef487c6686108cdbdbead4e89b46bcc827017f85e,8b83c669d56287c61d40a0703b8fe7ebc8aa642d9fff413ea893b4f328a3116c,301721597.0,21,79,decision_plus_clearance,15699.819607513658,94639.22966553808,0.0,110339.04927305173,8702.886175428404,92189.00437887966,3670.003258770317,3464.956887462629,1348.0690038505174,964.1295686602193,43.46521788730103,1409.2289553304497,7539.184929083406,0.0005055756642797774,174.7615543657794,174.76205994144368,1517.6532517783232,4.775344425378594e-07,cleared,79,False,False,True,9.823716668768864e-07,True,0.010617088949875326,3669.9926416813673,110339.04927305174,True,2.7160534666230283,4.271139899967238,34,shared_weighted_euclidean_projector,shared_model_kernel_rcmsa_tagged_transition,released_hmm_filter,79
Model-guided constrained SAC,full_action,test_054_c66f0b1dacc4,c66f0b1dacc4b499fb5fafd7b24077901e59bb19b93546020b7316e75636dc3c,8b83c669d56287c61d40a0703b8fe7ebc8aa642d9fff413ea893b4f328a3116c,301721597.0,21,79,decision_plus_clearance,14841.500823949013,104552.42816645386,0.0,119393.92899040287,8334.890469017668,101535.29461033175,4077.531151528104,3203.614740154073,1274.7597925267335,967.8382268445911,42.13472126144881,1304.8640364848982,8039.1672410539295,0.00042834870252531705,194.16772172406436,194.16815007276688,1496.1541718126725,6.178938809438889e-07,cleared,79,False,False,True,9.404928668390615e-07,True,0.008995322753031658,4077.5221562053516,119393.92899040291,True,2.7326566476064422,4.270782500039786,34,shared_weighted_euclidean_projector,shared_model_kernel_rcmsa_tagged_transition,released_hmm_filter,79
Model-guided constrained SAC,full_action,test_055_f90330578051,f90330578051a0ac7d073b0006ba832b11d6170521fff7ce97460ddcd2cba92c,8b83c669d56287c61d40a0703b8fe7ebc8aa642d9fff413ea893b4f328a3116c,301721597.0,21,79,decision_plus_clearance,16258.195799705369,106524.97364974578,0.0,122783.16944945115,9288.037536564292,103166.40230513185,4129.019355712988,3818.042757241384,1419.4912556337977,962.1762391668532,46.15425418347619,1547.6721989284713,8262.227131259346,0.0005819121721672796,196.61938740749392,196.6199693196661,1576.3374357781456,6.295341719575426e-07,cleared,79,False,False,True,9.403352955806573e-07,True,0.012220155615512873,4129.007135557372,122783.16944945118,True,2.74849224758024,4.2168783999513835,34,shared_weighted_euclidean_projector,shared_model_kernel_rcmsa_tagged_transition,released_hmm_filter,79
Model-guided constrained SAC,full_action,test_056_b2c64046cef9,b2c64046cef9c3c8c1d997032493b7ac82c1af8485fa09f9c11b9c6d822ea478,8b83c669d56287c61d40a0703b8fe7ebc8aa642d9fff413ea893b4f328a3116c,301721597.0,21,79,decision_plus_clearance,15174.12987451596,93387.75962511492,0.0,108561.88949963088,8292.396349437053,91185.15330670994,3634.877195014858,3148.8717635090047,1274.2573725614054,1026.3335123986324,41.38945028917525,1304.0001340538186,7436.357444345563,0.0004199350767441334,173.088970303726,173.08939023880274,1485.9134825708115,5.317921043525416e-07,cleared,79,False,False,True,9.710204609183478e-07,True,0.008818636611626803,3634.868376378246,108561.88949963088,True,2.5262235047717003,3.6003345001954585,34,shared_weighted_euclidean_projector,shared_model_kernel_rcmsa_tagged_transition,released_hmm_filter,79
Model-guided constrained SAC,full_action,test_057_bf11b8e004e2,bf11b8e004e2675983bf718fcc9085ea691c39d83a93ed2726c993f568ae7b13,8b83c669d56287c61d40a0703b8fe7ebc8aa642d9fff413ea893b4f328a3116c,301721597.0,21,79,decision_plus_clearance,15031.433574670644,97095.54388940589,0.0,112126.97746407654,8236.132521776599,94711.56225756419,3782.0399570592103,3138.7926242453705,1290.2410799943027,968.2090234368765,41.324413723009165,1266.6823650643262,7656.32360704731,0.0004759212351590364,180.0966648911082,180.09714081234335,1492.0137084195235,5.774647612203236e-07,cleared,79,False,False,True,9.994519276964094e-07,True,0.009994345938339765,3782.029962713272,112126.97746407655,True,2.5266296476170065,3.751299199881032,34,shared_weighted_euclidean_projector,shared_model_kernel_rcmsa_tagged_transition,released_hmm_filter,79
Model-guided constrained SAC,full_action,test_058_fbcfbffca03e,fbcfbffca03e44547ea319ed2d43b06e5f628f750b3d1a41c39a0846aecd36c4,8b83c669d56287c61d40a0703b8fe7ebc8aa642d9fff413ea893b4f328a3116c,301721597.0,21,79,decision_plus_clearance,16675.43125636315,103870.59639394583,0.0,120546.02765030898,9337.120225339151,100934.6787348499,4023.493602439531,3843.7669367542317,1446.2395137439416,960.7286371822628,46.05791976612471,1548.4836285279764,8181.4892324640105,0.0006459900515053135,191.59428745944996,191.59493344950147,1587.1346297954183,6.363494177348711e-07,cleared,79,False,False,True,9.980625604571496e-07,True,0.013565791081611584,4023.480036648449,120546.02765030901,True,2.569372361902857,3.7481994999106973,34,shared_weighted_euclidean_projector,shared_model_kernel_rcmsa_tagged_transition,released_hmm_filter,79
Model-guided constrained SAC,full_action,test_059_d22925a9593f,d22925a9593fa401ece13fc7588e32d8a890971a8c128175ef3afe51e59bbbae,8b83c669d56287c61d40a0703b8fe7ebc8aa642d9fff413ea893b4f328a3116c,301721597.0,21,79,decision_plus_clearance,14949.428493824069,97088.35094925942,0.0,112037.77944308349,8240.927444252307,94613.62444171551,3781.8552768496747,3150.933917217096,1282.4045501904875,968.0338128584218,41.618038119730286,1285.4265956518152,7631.0535945374,0.0004653378153891084,180.0878811788358,180.0883465166512,1485.61985254065,5.546952331193617e-07,cleared,79,False,False,True,9.71122122773062e-07,True,0.009772094123171277,3781.8455047555517,112037.7794430835,True,2.516104476160503,3.7087928000837564,34,shared_weighted_euclidean_projector,shared_model_kernel_rcmsa_tagged_transition,released_hmm_filter,79
Model-guided constrained SAC,full_action,test_060_b3feb9e274c2,b3feb9e274c243af57931bb81154ddcd4db25503aef66fcc12b42f42f154b7ce,8b83c669d56287c61d40a0703b8fe7ebc8aa642d9fff413ea893b4f328a3116c,301721597.0,21,79,decision_plus_clearance,15751.905123324821,100677.64133457739,0.0,116429.54645790221,8756.469342586863,97966.2311453405,3912.9246364331016,3473.291611147643,1355.9973745407856,964.6323478533236,43.59029842630936,1403.3268677614524,7908.283135715578,0.0005118887859909001,186.32923270326646,186.32974459205244,1535.9594298093298,5.735841568820878e-07,cleared,79,False,False,True,9.796297867462633e-07,True,0.010749664505808902,3912.9138867685956,116429.54645790222,True,2.433413028572908,3.9232431000564247,34,shared_weighted_euclidean_projector,shared_model_kernel_rcmsa_tagged_transition,released_hmm_filter,79
Model-guided constrained SAC,full_action,test_061_627abde70c26,627abde70c260fe7d7dfdd8a0ae46ef10630e9ce7d5542c218bfb019b77707b7,8b83c669d56287c61d40a0703b8fe7ebc8aa642d9fff413ea893b4f328a3116c,301721597.0,21,79,decision_plus_clearance,15613.139063452814,98827.50680464815,0.0,114440.64586810095,8634.349483613281,96254.94928739163,3842.3734914410998,3392.9990509035833,1350.3104065029424,965.6641482484321,42.99214316685554,1363.9273024053052,7798.849644116851,0.0005435931988667189,182.9696226659011,182.97016625909998,1530.7791101343803,4.985412197415942e-07,cleared,79,False,False,True,9.974435277854246e-07,True,0.011415457176201096,3842.362075983923,114440.64586810098,True,2.4569632619441975,4.068528299918398,34,shared_weighted_euclidean_projector,shared_model_kernel_rcmsa_tagged_transition,released_hmm_filter,79
Model-guided constrained SAC,full_action,test_062_0c9ea14e9507,0c9ea14e9507679b12568ca09440ee0d472e13c1d2a4d4df4f22d9720c95b81b,8b83c669d56287c61d40a0703b8fe7ebc8aa642d9fff413ea893b4f328a3116c,301721597.0,21,79,decision_plus_clearance,15604.02709166484,104907.91903487853,0.0,120511.94612654338,8790.443813850816,101832.50453213387,4078.8609039973435,3483.749668325203,1360.915459771808,965.4717484643827,43.98909684452703,1408.4221849200526,8141.724628175805,0.0005447517491527115,194.23092686717197,194.23147161892112,1546.840887038174,6.178933828504117e-07,cleared,79,False,False,True,9.137225280149255e-07,True,0.011439786732206943,4078.8494642106116,120511.94612654341,True,2.450248847604685,4.100867999950424,34,shared_weighted_euclidean_projector,shared_model_kernel_rcmsa_tagged_transition,released_hmm_filter,79
Model-guided constrained SAC,full_action,test_063_44f0f2a191ef,44f0f2a191eff5a5bb9fb795dad447d7fc7e78fd849c2393842ed70164a5fcda,8b83c669d56287c61d40a0703b8fe7ebc8aa642d9fff413ea893b4f328a3116c,301721597.0,21,79,decision_plus_clearance,14255.480545135963,99155.73630805651,0.0,113411.21685319247,8027.90289899038,96319.7655750964,3862.4527799417324,3057.6703878870185,1233.0508495050208,910.3743617719133,41.050725233228796,1251.8354646354228,7668.069635011524,0.0004109751754261256,183.92591187919277,183.92632285436818,1454.0617699185373,5.872076426853277e-07,cleared,79,False,False,True,8.73308741020015e-07,True,0.008630478683948638,3862.4441494630482,113411.21685319245,True,2.285196285739186,3.8117372000124305,34,shared_weighted_euclidean_projector,shared_model_kernel_rcmsa_tagged_transition,released_hmm_filter,79
Model-guided constrained SAC,full_action,test_064_27d69866b791,27d69866b79138686724529a21cb6e323bfdcf5210778f504d0eb950a434b33a,8b83c669d56287c61d40a0703b8fe7ebc8aa642d9fff413ea893b4f328a3116c,301721597.0,21,79,decision_plus_clearance,13892.526303718781,88822.99646183313,0.0,102715.52276555191,7394.937297995611,87118.98576938082,3473.802385147196,2606.040971316131,1150.4068420685296,971.349499643643,37.86703494832642,1097.7922918716454,7075.548546994723,0.0003315627239673374,165.41882963476158,165.41916119748555,1399.193952024424,5.588959475595181e-07,cleared,79,False,False,True,9.551702458910354e-07,True,0.006962817203314086,3473.795422329993,102715.52276555194,True,2.396399423790475,3.5362958000041544,34,shared_weighted_euclidean_projector,shared_model_kernel_rcmsa_tagged_transition,released_hmm_filter,79
Model-guided constrained SAC,full_action,test_065_930038cc16e9,930038cc16e99dda3abddced3121095d94183071473ae7d8535bf0ab56c97fc9,8b83c669d56287c61d40a0703b8fe7ebc8aa642d9fff413ea893b4f328a3116c,301721597.0,21,79,decision_plus_clearance,14525.237311028994,102702.7146272518,0.0,117227.95193828079,8139.1722689398275,99814.33479474715,4006.5631350270814,3052.615388012942,1246.183289532879,969.0830620209387,41.44271128072944,1264.0587962805173,7914.186660628472,0.00039731234218112245,190.78832340323314,190.78872071557532,1477.2259700498028,7.200510096482181e-07,cleared,79,False,False,True,8.423305345197893e-07,True,0.00834355918580357,4006.554791467896,117227.95193828084,True,2.431731580967261,3.7857137001119554,34,shared_weighted_euclidean_projector,shared_model_kernel_rcmsa_tagged_transition,released_hmm_filter,79
Model-guided constrained SAC,full_action,test_066_28fb87ba4913,28fb87ba4913ced186980dcbc093c47e083f79b8e740a1acb42c6392df84b3a3,8b83c669d56287c61d40a0703b8fe7ebc8aa642d9fff413ea893b4f328a3116c,301721597.0,21,79,decision_plus_clearance,16397.97690659583,104774.11862731887,0.0,121172.09553391469,9380.796409136128,101437.88864174888,4056.185436917618,3896.6280141395123,1438.7485006056088,961.8485313669296,46.60466085834876,1577.5676730369375,8163.002999036758,0.000605361743698788,193.15108211052382,193.15168747226753,1581.9991885595848,6.207151767152414e-07,cleared,79,False,False,True,9.075494466498833e-07,True,0.012712596617674548,4056.1727243210003,121172.09553391467,True,2.436505999981559,3.628968399949372,34,shared_weighted_euclidean_projector,shared_model_kernel_rcmsa_tagged_transition,released_hmm_filter,79
Model-guided constrained SAC,full_action,test_067_4d46fa716471,4d46fa716471fa4d60109942ef5bb2dd1232241a3c67bc5b1cfc29fc39cbfd18,8b83c669d56287c61d40a0703b8fe7ebc8aa642d9fff413ea893b4f328a3116c,301721597.0,21,79,decision_plus_clearance,14555.541369374869,103874.23363278732,0.0,118429.77500216219,8306.84154406648,100656.18942918433,4048.7341591434056,3189.442863375023,1260.0724267173475,968.4945796755974,42.49912308370646,1324.61386588229,7938.645712781221,0.00041167867717178296,192.79645304243738,192.79686472111456,1481.07182722457,5.904056860825926e-07,cleared,79,False,False,True,9.708870520455836e-07,True,0.008645252220607443,4048.725513891185,118429.77500216219,True,2.418326557148248,3.737128600012511,34,shared_weighted_euclidean_projector,shared_model_kernel_rcmsa_tagged_transition,released_hmm_filter,79
Model-guided constrained SAC,full_action,test_068_93da1d4ae1ba,93da1d4ae1ba5b053059e9b89e557fda34a240b0e754e3a555372b254463a63a,8b83c669d56287c61d40a0703b8fe7ebc8aa642d9fff413ea893b4f328a3116c,301721597.0,21,79,decision_plus_clearance,16305.408076322536,107119.83448557807,0.0,123425.24256190061,9238.919048883412,103895.41770092792,4157.86687501409,3753.176615345607,1417.552516337143,962.3098053924251,45.81492785516676,1526.2704433614101,8319.981817184225,0.0005848238877844659,197.99307589106888,197.99366071495666,1580.0879314123003,6.146376603481869e-07,cleared,79,False,False,True,9.71304803364806e-07,True,0.012281301643473784,4157.854593712446,123425.24256190061,True,2.441315352373446,3.7683733000885695,34,shared_weighted_euclidean_projector,shared_model_kernel_rcmsa_tagged_transition,released_hmm_filter,79
Model-guided constrained SAC,full_action,test_069_5b01ea54b2fa,5b01ea54b2fa549608732665cf72566100e6d5765b097dd29e2f07654d97e94a,8b83c669d56287c61d40a0703b8fe7ebc8aa642d9fff413ea893b4f328a3116c,301721597.0,21,79,decision_plus_clearance,15584.42784258577,90499.77457686799,0.0,106084.20241945377,8431.338247039545,88610.35467511245,3516.037858176338,3237.9430393734497,1323.1940122545716,965.3345874974394,41.89259927793175,1323.010194039794,7329.961023186795,0.0005012426899350309,167.4298729561833,167.4303741988732,1506.7908532470487,4.5571779240608956e-07,cleared,79,False,False,True,9.686805406855741e-07,True,0.01052609648863565,3516.027332079849,106084.2024194538,True,2.3986888809373514,3.664395899977535,34,shared_weighted_euclidean_projector,shared_model_kernel_rcmsa_tagged_transition,released_hmm_filter,79
Model-guided constrained SAC,full_action,test_070_0cd9bcac96c3,0cd9bcac96c35799fee58a41df95758c42fc0c84363a570dadf82c310f780fc2,8b83c669d56287c61d40a0703b8fe7ebc8aa642d9fff413ea893b4f328a3116c,301721597.0,21,79,decision_plus_clearance,16192.753962302075,102765.79875529435,0.0,118958.55271759642,9197.094428224378,99634.32124977515,3981.971742786851,3764.5790237482674,1417.7691778212043,962.817095240589,45.536453583622794,1514.2348818194293,8040.491614472537,0.0005798428715481277,189.61712219459756,189.61770203746912,1573.1565211232498,5.312766296935304e-07,cleared,79,False,False,True,9.327376832903537e-07,True,0.012176700302510682,3981.959566086549,118958.55271759644,True,2.406761704755592,3.632077099988237,34,shared_weighted_euclidean_projector,shared_model_kernel_rcmsa_tagged_transition,released_hmm_filter,79
Model-guided constrained SAC,full_action,test_071_34f77888383f,34f77888383fb5b7dddc8c7fc1f8ab1980f574da89d48920167bc6e4a5baac19,8b83c669d56287c61d40a0703b8fe7ebc8aa642d9fff413ea893b4f328a3116c,301721597.0,21,79,decision_plus_clearance,13894.552219241372,93621.5992668551,0.0,107516.15148609648,7560.339584834496,91398.69443522145,3661.456287228613,2761.502424713638,1163.1002691610945,971.0584849372195,38.87461768813617,1144.97434783271,7313.5956906889505,0.0003396039394450492,174.35472169266117,174.3550612966006,1404.9142542737427,5.36519242531066e-07,cleared,79,False,False,True,9.86199475190826e-07,True,0.007131682728346033,3661.4491555458844,107516.15148609651,True,2.3707026047521227,3.69735290016979,34,shared_weighted_euclidean_projector,shared_model_kernel_rcmsa_tagged_transition,released_hmm_filter,79
Model-guided constrained SAC,full_action,test_072_8e59fac0e6c8,8e59fac0e6c81b34fdbf7517a855653a3cd0a095878de09734040c0d4127fdc1,8b83c669d56287c61d40a0703b8fe7ebc8aa642d9fff413ea893b4f328a3116c,301721597.0,21,79,decision_plus_clearance,14757.657220627323,100393.63721664589,0.0,115151.29443727322,8338.190793643495,97440.54050680637,3909.5853128464946,3177.824560144226,1257.322252156012,1027.8310116765779,42.02989665014721,1322.3345860221943,7767.216539079343,0.00038446308333680554,186.17034472008308,186.17072918316643,1488.2969247434792,5.719250898245163e-07,cleared,79,False,False,True,9.900408507086595e-07,True,0.008073724750072916,3909.5772391217447,115151.29443727319,True,2.4104790714502866,3.8290331999305636,34,shared_weighted_euclidean_projector,shared_model_kernel_rcmsa_tagged_transition,released_hmm_filter,79
Model-guided constrained SAC,full_action,test_073_69349232969b,69349232969bf4c86d2f494ebcfdc30419a510d14224ddded4cf0b0572c985f7,8b83c669d56287c61d40a0703b8fe7ebc8aa642d9fff413ea893b4f328a3116c,301721597.0,21,79,decision_plus_clearance,15931.369505187155,98743.54742730648,0.0,114674.91693249362,8890.05865486826,96005.4427850162,3830.0513377649913,3603.0694323758926,1382.7272652026684,963.5674572656135,44.41783635250923,1452.1787439766517,7783.649548705296,0.0005846841891331912,182.38281235223903,182.38339703642816,1533.6393337497973,5.680351432898938e-07,cleared,79,False,False,True,9.766882704559626e-07,True,0.012278367971797016,3830.0390593970196,114674.91693249364,True,2.4279766190531,3.7674764001276344,34,shared_weighted_euclidean_projector,shared_model_kernel_rcmsa_tagged_transition,released_hmm_filter,79
Model-guided constrained SAC,full_action,test_074_212affc962e2,212affc962e28f58fe45099916e12acf08d12bd5b6ae1e8be69e32f2992b7426,8b83c669d56287c61d40a0703b8fe7ebc8aa642d9fff413ea893b4f328a3116c,301721597.0,21,79,decision_plus_clearance,15858.567335929634,97243.15150918688,0.0,113101.71884511651,8833.454772634821,94599.12988991111,3769.978752872293,3563.2515446298157,1371.770774149831,964.1331109187096,44.418202279111,1455.7059385826394,7702.247263722752,0.0005742218353758374,179.52222353398813,179.5227977558235,1528.390365699919,5.765529193275847e-07,cleared,79,False,False,True,9.028804033758287e-07,True,0.012058658542892585,3769.9666942137505,113101.7188451166,True,2.2678124333199645,3.655985100194812,34,shared_weighted_euclidean_projector,shared_model_kernel_rcmsa_tagged_transition,released_hmm_filter,79
Model-guided constrained SAC,full_action,test_075_8de4e41c7ad9,8de4e41c7ad941d139487bf1af6be7e835a7c841f83db6f4b9e0876bff23bb48,8b83c669d56287c61d40a0703b8fe7ebc8aa642d9fff413ea893b4f328a3116c,301721597.0,21,79,decision_plus_clearance,14712.826206483762,92061.18666011398,0.0,106774.01286659774,8034.525969110836,89893.55555437844,3586.1613792921594,3048.2686128024043,1243.898451325178,967.6028996886971,40.633116848894346,1248.522035838682,7297.454577546278,0.00041973269356995307,170.76916975740926,170.76958949010282,1445.8880155312813,5.082095868739248e-07,cleared,79,False,False,True,9.884229173237105e-07,True,0.008814386564969015,3586.1525649055943,106774.01286659772,True,2.383299747603901,3.7266750999260694,34,shared_weighted_euclidean_projector,shared_model_kernel_rcmsa_tagged_transition,released_hmm_filter,79
Model-guided constrained SAC,full_action,test_076_48339f21c8ec,48339f21c8ec04a89d1fa33ffb9bd38ffc2087720a9e6d22241a14418438a684,8b83c669d56287c61d40a0703b8fe7ebc8aa642d9fff413ea893b4f328a3116c,301721597.0,21,79,decision_plus_clearance,16508.106835725615,105723.07456964065,0.0,122231.18140536627,9373.821636576135,102514.26485444825,4095.495139681237,3841.481659878764,1444.101007297396,962.0171074845065,46.346236010931015,1558.1031149107068,8263.97223504762,0.0006190169658864568,195.02295906309303,195.0235780800589,1597.5881751939485,6.402137639218166e-07,cleared,79,False,False,True,9.981216848335909e-07,True,0.012999356283615593,4095.4821403249534,122231.1814053663,True,2.4293061571661383,3.7732367999851704,34,shared_weighted_euclidean_projector,shared_model_kernel_rcmsa_tagged_transition,released_hmm_filter,79
Model-guided constrained SAC,full_action,test_077_b1f2e84dc844,b1f2e84dc844662b5d1fd981486515a77f37fa4bd91d8f1c5bdc9de643205101,8b83c669d56287c61d40a0703b8fe7ebc8aa642d9fff413ea893b4f328a3116c,301721597.0,21,79,decision_plus_clearance,16000.391382506341,93998.2847326861,0.0,109998.67611519243,8734.795491185594,91817.16306333368,3646.274606081472,3480.3811813151146,1357.4157569924312,962.646016284122,43.59407557643758,1423.7295764477822,7546.050782966441,0.0005259891648607223,173.63159810995285,173.6321240991177,1517.4303244904925,5.940117576765448e-07,cleared,79,False,False,True,9.96778407007862e-07,True,0.011045772462075169,3646.26356030901,109998.6761151924,True,2.4148361237852702,3.7139668001327664,34,shared_weighted_euclidean_projector,shared_model_kernel_rcmsa_tagged_transition,released_hmm_filter,79
Model-guided constrained SAC,full_action,test_078_367d379a9297,367d379a9297286f557f72f155581887362331484e75dc530b5d1e7702215749,8b83c669d56287c61d40a0703b8fe7ebc8aa642d9fff413ea893b4f328a3116c,301721597.0,21,79,decision_plus_clearance,15931.759991857203,95702.8169946337,0.0,111634.57698649091,8661.302991972141,93566.94187457926,3718.7850423570712,3394.5227729226203,1330.5765942602916,962.4477103995433,42.93170726797151,1392.6645177914324,7658.443210889458,0.0004573952295339986,177.08454462177386,177.0850020170034,1517.2092704591332,5.706593356043207e-07,cleared,79,False,False,True,9.456499796832702e-07,True,0.00960529982021397,3718.775437057251,111634.57698649094,True,2.4176209809901636,3.8144700000993907,34,shared_weighted_euclidean_projector,shared_model_kernel_rcmsa_tagged_transition,released_hmm_filter,79
Model-guided constrained SAC,full_action,test_079_bce06ca59758,bce06ca59758dbd98389f738153975aa7a35c811fa8594d1d0e258628ef96d65,8b83c669d56287c61d40a0703b8fe7ebc8aa642d9fff413ea893b4f328a3116c,301721597.0,21,79,decision_plus_clearance,13689.784166606947,92342.97117205872,0.0,106032.75533866567,7393.666485130551,90219.00593742062,3611.9411834095868,2637.328004940896,1138.217746058634,1032.5959817053997,38.06406357250165,1103.192726220668,7238.510946636116,0.0003189711939742916,171.99688023878636,171.99719920998032,1403.437437232602,6.123693922103571e-07,cleared,79,False,False,True,9.81448269526231e-07,True,0.006698395073460123,3611.9344850145135,106032.75533866568,True,2.3872196571568827,3.7073866999708116,34,shared_weighted_euclidean_projector,shared_model_kernel_rcmsa_tagged_transition,released_hmm_filter,79
Model-guided constrained SAC,full_action,test_080_e669407a98d7,e669407a98d788999f61cc42f0d91ad3f73f1d4c7c567a28c5df008483262012,8b83c669d56287c61d40a0703b8fe7ebc8aa642d9fff413ea893b4f328a3116c,301721597.0,21,79,decision_plus_clearance,15921.595871761027,104784.38191553038,0.0,120705.9777872914,8937.030350798004,101694.48002649976,4073.463379128731,3642.087107674734,1394.0887229547254,964.8282002353969,44.62460352278691,1448.1675017444609,8137.079545331471,0.0006192608538544364,193.97382736432382,193.97444662517768,1555.6266895190072,5.234986428598419e-07,cleared,79,False,False,True,9.642577057979813e-07,True,0.013004477930943165,4073.4503746508003,120705.97778729134,True,2.478869442861261,4.096000900026411,34,shared_weighted_euclidean_projector,shared_model_kernel_rcmsa_tagged_transition,released_hmm_filter,79
Model-guided constrained SAC,full_action,test_081_fbbd80304765,fbbd803047650db226feaa75de7119d49ed8d237f46bb4c3b1122439776b0ba3,8b83c669d56287c61d40a0703b8fe7ebc8aa642d9fff413ea893b4f328a3116c,301721597.0,21,79,decision_plus_clearance,14146.478685750972,103438.65971606658,0.0,117585.13840181756,7957.628516241327,100426.2937010317,4039.6504296238427,2973.9811890552705,1216.5646697571572,971.0198961083306,40.77211632451091,1220.0183880321777,7912.294545489013,0.00037911160754626884,192.3639270609564,192.36430617256394,1464.0501253036941,6.460824956766514e-07,cleared,79,False,False,True,9.914368614122729e-07,True,0.007961343758471646,4039.6424682800844,117585.13840181762,True,2.470064442837611,4.099923899862915,34,shared_weighted_euclidean_projector,shared_model_kernel_rcmsa_tagged_transition,released_hmm_filter,79
Model-guided constrained SAC,full_action,test_082_2cf496ac3a99,2cf496ac3a99b59959fd7b5de1a04776b86b60eee9dcd086bd37dfc0c4edb16c,8b83c669d56287c61d40a0703b8fe7ebc8aa642d9fff413ea893b4f328a3116c,301721597.0,21,79,decision_plus_clearance,16318.81164762491,101635.18633099193,0.0,117953.99797861684,9068.089601035195,98900.62872531114,3944.021319688371,3670.7149281110346,1408.2906618430395,962.2527426280121,44.73623362208263,1473.3495761261943,8021.0957147483705,0.000594684185874857,187.8099443485937,187.81053903277956,1565.230233608845,5.060696351978093e-07,cleared,79,False,False,True,9.383202583007517e-07,True,0.012488367903371997,3944.0088313204674,117953.9979786168,True,2.510260609521841,4.031568799866363,34,shared_weighted_euclidean_projector,shared_model_kernel_rcmsa_tagged_transition,released_hmm_filter,79
Model-guided constrained SAC,full_action,test_083_4cbdde5f376f,4cbdde5f376f40f80c1ddb1ed6bdd46a705c890728c9a5d74d7af9a990a98cc8,8b83c669d56287c61d40a0703b8fe7ebc8aa642d9fff413ea893b4f328a3116c,301721597.0,21,79,decision_plus_clearance,15791.774152643518,96830.20047601277,0.0,112621.97462865629,8641.4719276634,94485.76182850302,3764.6398524020065,3404.0006844499035,1361.0326937586267,965.0676418793439,42.88848558176391,1363.4289224258016,7699.492698612189,0.000566350232820335,179.26799804986274,179.26856440009556,1526.985300686394,5.266556279456883e-07,cleared,79,False,False,True,9.63037258034888e-07,True,0.011893354889227036,3764.6279590471177,112621.97462865629,True,2.465147695249124,4.021004900103435,34,shared_weighted_euclidean_projector,shared_model_kernel_rcmsa_tagged_transition,released_hmm_filter,79
Model-guided constrained SAC,full_action,test_084_513eb18f351c,513eb18f351c0ae9049df078bb1de046440084ba5b9f75437cb0aee0bdfd9e44,8b83c669d56287c61d40a0703b8fe7ebc8aa642d9fff413ea893b4f328a3116c,301721597.0,21,79,decision_plus_clearance,15618.074215317933,99584.96185008678,0.0,115203.03606540471,8675.03425820931,96895.16870271822,3871.359534745497,3443.140879018885,1352.9607585174113,965.3719321954007,43.492800649696434,1392.5775320193998,7824.203987524389,0.0005517968081063392,184.34990223869175,184.35045403549987,1525.562291966167,5.617750345071473e-07,cleared,79,False,False,True,9.356183983812887e-07,True,0.011587732970233125,3871.3479470125267,115203.03606540473,True,2.4564917428929003,3.633576499996707,34,shared_weighted_euclidean_projector,shared_model_kernel_rcmsa_tagged_transition,released_hmm_filter,79
Model-guided constrained SAC,full_action,test_085_650c50514b66,650c50514b6644e496b372654068cbdc1711c214d31c247c6f969a86a61106c0,8b83c669d56287c61d40a0703b8fe7ebc8aa642d9fff413ea893b4f328a3116c,301721597.0,21,79,decision_plus_clearance,17046.904252381606,100048.04859866998,0.0,117094.95285105158,9406.55950022118,97488.17520513451,3872.142356722968,3907.71319937081,1461.7929400764897,958.5696495257035,46.034063821363986,1566.1403868287928,7994.105543427031,0.0006550392450808153,184.3870762332772,184.3877312725223,1588.8097236686108,5.566030874811804e-07,cleared,79,False,False,True,9.575938346187322e-07,True,0.013755824146697121,3872.1286008988213,117094.95285105164,True,2.4723933952239654,3.779332500183955,34,shared_weighted_euclidean_projector,shared_model_kernel_rcmsa_tagged_transition,released_hmm_filter,79
Model-guided constrained SAC,full_action,test_086_754dc8e1ab0e,754dc8e1ab0e7268d5ce0dd2ffc19bdf7c2959cd70067092fd5ee3f03e2bf486,8b83c669d56287c61d40a0703b8fe7ebc8aa642d9fff413ea893b4f328a3116c,301721597.0,21,79,decision_plus_clearance,16436.871556853737,105037.28525820654,0.0,121474.15681506027,9225.227454560965,101964.21230459509,4076.6257185428562,3775.7763765125874,1411.1190181818497,1021.1959426669127,45.57154797883127,1532.816831704653,8202.086385014729,0.0005708118859291565,194.12446340444058,194.1250342163265,1576.2277403749072,6.666079054923017e-07,cleared,79,False,False,True,9.74226040651698e-07,True,0.011987049604512287,4076.613731493252,121474.15681506027,True,2.4630426190394377,3.823838399956003,34,shared_weighted_euclidean_projector,shared_model_kernel_rcmsa_tagged_transition,released_hmm_filter,79
Model-guided constrained SAC,full_action,test_087_cbc79ee243dd,cbc79ee243dd0e237a5023163791e895019f33bb871350474ccaace9587409dc,8b83c669d56287c61d40a0703b8fe7ebc8aa642d9fff413ea893b4f328a3116c,301721597.0,21,79,decision_plus_clearance,15139.662464795487,106454.82599929831,0.0,121594.4884640938,8699.82402498083,103004.40679205679,4140.207451478043,3456.992395132994,1326.5387108520379,966.5190895930593,44.197688422019695,1417.3104066688288,8141.163160126413,0.0005018610478454038,197.15223392362088,197.15273578466872,1521.6074171327768,6.147833809965667e-07,cleared,79,False,False,True,9.867474379026934e-07,True,0.010539082004753479,4140.196912396039,121594.48846409375,True,2.4616848809666756,3.8011753000319004,34,shared_weighted_euclidean_projector,shared_model_kernel_rcmsa_tagged_transition,released_hmm_filter,79
Model-guided constrained SAC,full_action,test_000_4ae657b9eeec,4ae657b9eeecf70786804d24952478895a67cdd02d3cb00a5f23d60565e89d40,8b83c669d56287c61d40a0703b8fe7ebc8aa642d9fff413ea893b4f328a3116c,554911178.0,21,79,decision_plus_clearance,16553.126072163872,103298.40435027427,0.0,119851.53042243814,8920.72274643734,101013.69367540102,4021.7702585991015,3577.4076989399773,1384.874255813811,933.0617872468748,44.321484184298306,1449.3056403486235,8178.303289418074,0.0005629619141769593,191.5123064951859,191.51286945710007,1549.8600051759524,5.308456485022752e-07,cleared,79,False,False,True,9.614530465255149e-07,True,0.011822200197716147,4021.758436398904,119851.53042243814,True,2.4855112285419767,4.046574799809605,34,shared_weighted_euclidean_projector,shared_model_kernel_rcmsa_tagged_transition,released_hmm_filter,79
Model-guided constrained SAC,full_action,test_001_dde9993de777,dde9993de777ead4870656b2cec02bf256c4174b03458346cc5fc13db98f082b,8b83c669d56287c61d40a0703b8fe7ebc8aa642d9fff413ea893b4f328a3116c,554911178.0,21,79,decision_plus_clearance,15230.285183216703,108749.5307886785,0.0,123979.81597189521,8320.12483611484,105968.27562747568,4249.2371098247195,3228.731520123643,1277.5596867064842,935.8871916498493,42.44177105313671,1314.3802330986405,8359.569208289373,0.0004481524140843563,202.34417612495352,202.34462427736761,1495.8074953806529,6.896385256698399e-07,cleared,79,False,False,True,9.781055910097888e-07,True,0.009411200695771484,4249.227698624024,123979.81597189522,True,2.4963788237932714,4.301540200132877,34,shared_weighted_euclidean_projector,shared_model_kernel_rcmsa_tagged_transition,released_hmm_filter,79
Model-guided constrained SAC,full_action,test_002_f01217ab0e79,f01217ab0e7903b1b91cb3f87068f20b75f716d08632ca2b15c76649d7f00a8c,8b83c669d56287c61d40a0703b8fe7ebc8aa642d9fff413ea893b4f328a3116c,554911178.0,21,79,decision_plus_clearance,16015.076171722529,92920.84379252544,0.0,108935.91996424797,8325.543468621783,91541.48242990243,3623.233885661536,3197.8712390393544,1313.1727974939115,934.6161435289301,41.434799825221695,1300.337655033461,7561.5599019410565,0.0004957563514609043,172.53445117991217,172.53494693626362,1491.8331091439254,4.561519358323487e-07,cleared,79,False,False,True,9.669860193227935e-07,True,0.010410883380678991,3623.2234747781554,108935.91996424794,True,2.5045863047486083,4.12271529994905,34,shared_weighted_euclidean_projector,shared_model_kernel_rcmsa_tagged_transition,released_hmm_filter,79
Model-guided constrained SAC,full_action,test_003_eb3106001035,eb3106001035e1bd9c52b845bd9616d282a52a699d46aca5269b5370622454fc,8b83c669d56287c61d40a0703b8fe7ebc8aa642d9fff413ea893b4f328a3116c,554911178.0,21,79,decision_plus_clearance,15899.643364237458,102283.26645527982,0.0,118182.90981951728,8590.645035409796,99932.42842510605,3985.213391917376,3397.931196874587,1341.5434039579209,935.1483662515827,43.29366568526723,1377.166029620562,8057.425884795355,0.0005342845547394365,189.77153199722508,189.77206628177981,1519.2279227100348,5.435317656415753e-07,cleared,79,False,False,True,9.94005781047162e-07,True,0.011219975649528166,3985.2021719417266,118182.90981951731,True,2.5372780428511934,4.46268290001899,34,shared_weighted_euclidean_projector,shared_model_kernel_rcmsa_tagged_transition,released_hmm_filter,79
Model-guided constrained SAC,full_action,test_004_55a330aff5c4,55a330aff5c4a0576082656af4ffca48ee935b03b126b46b442653f81477abfb,8b83c669d56287c61d40a0703b8fe7ebc8aa642d9fff413ea893b4f328a3116c,554911178.0,21,79,decision_plus_clearance,16122.49835681956,94468.51002768338,0.0,110591.00838450294,8481.23229104171,92921.72124222683,3678.0075319877415,3254.9170389273377,1321.407416469937,933.7228638493802,42.29151649691885,1346.738961297922,7661.796666163166,0.00048644844629094745,175.14272936049377,175.14321580894006,1503.294806249442,5.038020302447685e-07,cleared,79,False,False,True,9.655785443353662e-07,True,0.010215417372109896,3677.997316570369,110591.00838450294,True,2.807903176206829,4.458803300047293,34,shared_weighted_euclidean_projector,shared_model_kernel_rcmsa_tagged_transition,released_hmm_filter,79
Model-guided constrained SAC,full_action,test_005_981c73a17708,981c73a17708f6a8f2159189b725895e9b78b4ffca7b2cc292d9f5cb6c138259,8b83c669d56287c61d40a0703b8fe7ebc8aa642d9fff413ea893b4f328a3116c,554911178.0,21,79,decision_plus_clearance,15446.327272431256,101344.93321510073,0.0,116791.26048753198,8303.77789784493,99179.03098139152,3956.2325336821364,3145.631284986254,1271.4495170854293,935.1382725417383,42.018921234240146,1314.181534315295,7977.93988992355,0.0004152118285612097,188.39161020160648,188.39202541343505,1495.550705808698,5.472848817732718e-07,cleared,79,False,False,True,9.98333061193456e-07,True,0.008719448399785404,3956.223814233736,116791.26048753202,True,2.8087700809285576,4.292367700021714,34,shared_weighted_euclidean_projector,shared_model_kernel_rcmsa_tagged_transition,released_hmm_filter,79
Model-guided constrained SAC,full_action,test_006_daba4b1e9814,daba4b1e9814b4a66b4b77a1db00896fa1b3246def31f9ebaa0c7ced46e92af5,8b83c669d56287c61d40a0703b8fe7ebc8aa642d9fff413ea893b4f328a3116c,554911178.0,21,79,decision_plus_clearance,16024.894921061818,99186.54342058775,0.0,115211.43834164957,8503.26739626411,97274.0028001319,3866.9702756438523,3310.0220990537377,1322.9408999584439,934.2348705975182,42.71153831948687,1360.5666745497406,7906.3621363284365,0.00048654206917793277,184.14095515525713,184.14144169732631,1504.773142488207,6.457352588567288e-07,cleared,79,False,False,True,9.71846941375626e-07,True,0.010217383452736588,3866.9600582604,115211.43834164955,True,2.7975471714134548,4.390467700082809,34,shared_weighted_euclidean_projector,shared_model_kernel_rcmsa_tagged_transition,released_hmm_filter,79
Model-guided constrained SAC,full_action,test_007_925513ee8ec6,925513ee8ec62fc55ab4f4e4980ba11972ca8c6ab89cbb52b03a5fe88f85fa31,8b83c669d56287c61d40a0703b8fe7ebc8aa642d9fff413ea893b4f328a3116c,554911178.0,21,79,decision_plus_clearance,18806.420608546672,98282.58116748929,0.0,117089.00177603596,9906.753924330866,96654.18001387232,3798.8036303018457,4234.420936655305,1566.275370970041,928.5678999055947,47.82353364664101,1693.8492104189324,8135.5879162775145,0.0008392917637211806,180.89457167499083,180.89541096675455,1643.7026086276228,5.207908340472398e-07,cleared,79,False,False,True,9.874747000722134e-07,True,0.017625127038144794,3798.7860051748075,117089.00177603598,True,2.8828089666619365,4.3247071001678705,34,shared_weighted_euclidean_projector,shared_model_kernel_rcmsa_tagged_transition,released_hmm_filter,79
Model-guided constrained SAC,full_action,test_008_fabe46a0ea00,fabe46a0ea0025c65c0c7b807dc0f70b60fa5f50100dd7bd2d9ad2a46e9df6b5,8b83c669d56287c61d40a0703b8fe7ebc8aa642d9fff413ea893b4f328a3116c,554911178.0,21,79,decision_plus_clearance,14943.501901562482,94384.65711158776,0.0,109328.15901315025,7818.518579126578,92790.8044232481,3691.7381186091307,2864.162757352505,1225.9738696394043,936.9612651745017,39.73946046928166,1189.7435625614603,7537.1363303755015,0.00040277007604595187,175.7966504970254,175.79705326710146,1446.9750574012696,5.511895351037603e-07,cleared,79,False,False,True,9.501847554728392e-07,True,0.008458171596964988,3691.7296604375338,109328.15901315023,True,2.831688576189446,4.384097799891606,34,shared_weighted_euclidean_projector,shared_model_kernel_rcmsa_tagged_transition,released_hmm_filter,79
Model-guided constrained SAC,full_action,test_009_c8ef87e47101,c8ef87e471016915d86795cd09c50907b7668afc7c30bcb05a14726a2af75061,8b83c669d56287c61d40a0703b8fe7ebc8aa642d9fff413ea893b4f328a3116c,554911178.0,21,79,decision_plus_clearance,14820.498092322216,106848.48513684326,0.0,121668.98322916547,8247.78553821743,103916.34133413836,4169.374000829988,3154.650204415338,1244.238966597175,936.5931849671916,42.60996638640225,1327.7383267310663,8191.94722175636,0.00039054945259263006,198.5412285376897,198.5416190871423,1470.94865230383,6.686098632035378e-07,cleared,79,False,False,True,9.77811561501187e-07,True,0.008201538504445232,4169.365799291484,121668.98322916547,True,2.860868714284152,4.685376999899745,34,shared_weighted_euclidean_projector,shared_model_kernel_rcmsa_tagged_transition,released_hmm_filter,79
Model-guided constrained SAC,full_action,test_010_613ab99db82c,613ab99db82c659cd8ff6e1475e7317b5ab19503260bfedec209a4c7abd2eb88,8b83c669d56287c61d40a0703b8fe7ebc8aa642d9fff413ea893b4f328a3116c,554911178.0,21,79,decision_plus_clearance,14555.492218457466,92154.5054396435,0.0,106709.99765810097,7637.4727301051225,90579.29854329478,3603.8473386894707,2722.4760712153666,1170.3674287514718,996.5355460448092,38.84499412637821,1157.979750303662,7370.095035732094,0.00032863277387557824,171.61144940005806,171.61177803283195,1424.5548514515442,5.26766419834366e-07,cleared,79,False,False,True,9.997420287507428e-07,True,0.006901288251387143,3603.8404374012193,106709.99765810101,True,2.8241997095312747,4.220198400085792,34,shared_weighted_euclidean_projector,shared_model_kernel_rcmsa_tagged_transition,released_hmm_filter,79
Model-guided constrained SAC,full_action,test_011_8a2e74b38d5d,8a2e74b38d5d3fa099c53fd66f114b907a8d9576d5dcc067dc484a7c19e7da8b,8b83c669d56287c61d40a0703b8fe7ebc8aa642d9fff413ea893b4f328a3116c,554911178.0,21,79,decision_plus_clearance,16116.599148468178,114506.74402488595,0.0,130623.34317335412,9059.750505544289,111144.46338595732,4456.666279046543,3704.988317062148,1382.1890706897734,875.2856150539994,45.469403041958905,1489.9850546150901,8757.110796326579,0.0005670793618216953,212.2216366847593,212.2222037641211,1556.1067889631324,6.678404524332353e-07,cleared,79,False,False,True,9.494682336012667e-07,True,0.011908666598255601,4456.654370379945,130623.34317335408,True,2.926032819097773,4.8045912000816315,34,shared_weighted_euclidean_projector,shared_model_kernel_rcmsa_tagged_transition,released_hmm_filter,79
Model-guided constrained SAC,full_action,test_012_b6bdc05b20a7,b6bdc05b20a7bd7872689e9fd93f49c5864d83dbaa6c13c7b8023906ab88c1ae,8b83c669d56287c61d40a0703b8fe7ebc8aa642d9fff413ea893b4f328a3116c,554911178.0,21,79,decision_plus_clearance,16388.78226946947,106038.00259746348,0.0,122426.78486693295,8939.95321590447,103485.0993465775,4126.610551821105,3562.035730854799,1379.9260882116646,933.1599335634097,44.665952606799465,1457.9360719306874,8336.459756082932,0.0005510675840435066,196.50471330484953,196.50526437243357,1561.2789650170969,5.605018045162542e-07,cleared,79,False,False,True,9.926010808826138e-07,True,0.011572419264913638,4126.598979401841,122426.78486693295,True,2.9563950285581604,4.615109300008044,34,shared_weighted_euclidean_projector,shared_model_kernel_rcmsa_tagged_transition,released_hmm_filter,79
Model-guided constrained SAC,full_action,test_013_040653995d85,040653995d85cc962bcb3d75b933864971de686f9683c73e392ab9224c3c2124,8b83c669d56287c61d40a0703b8fe7ebc8aa642d9fff413ea893b4f328a3116c,554911178.0,21,79,decision_plus_clearance,14696.747473018098,88736.6303239222,0.0,103433.3777969403,7647.265143278224,87445.45019967515,3466.7890302651117,2760.7220800381815,1176.511011903613,936.6403317799736,39.126695020233704,1180.5296052725225,7178.610555782488,0.00034040879045492363,165.08485150859582,165.08519191738628,1405.237686968637,5.105939378765237e-07,cleared,79,False,False,True,9.49786338902925e-07,True,0.007148584599553396,3466.781881680512,103433.37779694024,True,2.8633777666615234,4.463453399948776,34,shared_weighted_euclidean_projector,shared_model_kernel_rcmsa_tagged_transition,released_hmm_filter,79
Model-guided constrained SAC,full_action,test_014_f00647451070,f00647451070accd7f5177b412ddbd68c73d8b7f2cb6c77b8469ffbc7c614a43,8b83c669d56287c61d40a0703b8fe7ebc8aa642d9fff413ea893b4f328a3116c,554911178.0,21,79,decision_plus_clearance,15014.798951739367,93199.7752078009,0.0,108214.57415954028,7869.329621107279,91673.62107723064,3639.353170606602,2925.6455191834702,1229.3997029972154,877.2250684150707,39.801196821589926,1202.7724748554056,7476.150602740417,0.0004155718771464946,173.30211636177057,173.3025319336477,1438.147495950184,5.354508395998046e-07,cleared,79,False,False,True,9.743200107508688e-07,True,0.008727009420076386,3639.344443597182,108214.57415954025,True,2.905094123822415,4.516628600191325,34,shared_weighted_euclidean_projector,shared_model_kernel_rcmsa_tagged_transition,released_hmm_filter,79
Model-guided constrained SAC,full_action,test_015_643a837775f9,643a837775f944f0e897fff5495209f1a59016e336af0b18defb50bf86cbf809,8b83c669d56287c61d40a0703b8fe7ebc8aa642d9fff413ea893b4f328a3116c,554911178.0,21,79,decision_plus_clearance,18776.862400048296,110008.0285448415,0.0,128784.89094488979,10296.439540249408,107172.52376674455,4253.627198415295,4515.8631125963075,1617.1530471447331,929.2842797395117,49.84438048306321,1784.6359529403023,8759.902947216504,0.000958857494472655,202.5527172575196,202.55367611501407,1683.6638333088035,5.719954540997595e-07,cleared,79,False,False,True,9.890024975571673e-07,True,0.020136007383925757,4253.607062407911,128784.8909448898,True,2.9975976190596287,4.604149200022221,34,shared_weighted_euclidean_projector,shared_model_kernel_rcmsa_tagged_transition,released_hmm_filter,79
Model-guided constrained SAC,full_action,test_016_45a90ccef8bd,45a90ccef8bdd374ee00dbc87ec9b3752c6a102ea41ee1fc73e6c34df9d0ef6a,8b83c669d56287c61d40a0703b8fe7ebc8aa642d9fff413ea893b4f328a3116c,554911178.0,21,79,decision_plus_clearance,16241.979332469096,110065.77299196074,0.0,126307.75232442984,9095.921006588762,106894.53047560704,4278.409722377514,3709.9388950798725,1395.2265876539075,933.7256371227405,45.67270062837865,1505.707630960781,8511.085827489891,0.0005781045808565696,203.7332181991103,203.73379630369115,1562.9710347248708,5.699648333256308e-07,cleared,79,False,False,True,9.53942189798368e-07,True,0.012140196197987962,4278.3975821813165,126307.75232442984,True,2.9652938285864714,4.600741300033405,34,shared_weighted_euclidean_projector,shared_model_kernel_rcmsa_tagged_transition,released_hmm_filter,79
Model-guided constrained SAC,full_action,test_017_ebd333a3cdba,ebd333a3cdbaf4583dc4bbdc159fa86380b9858d554b85820a961aee779a82c0,8b83c669d56287c61d40a0703b8fe7ebc8aa642d9fff413ea893b4f328a3116c,554911178.0,21,79,decision_plus_clearance,16400.426965553434,100060.8898918642,0.0,116461.31685741762,8745.703122793808,98088.51153314936,3896.838492795039,3442.9154419210404,1353.9843859006685,933.3638808577066,43.67884102288491,1419.830795097795,7984.982659675698,0.0005049865772791067,185.56323276556745,185.56373775214473,1528.3089535507586,6.231511753356084e-07,cleared,79,False,False,True,8.844232697149999e-07,True,0.010604718122861241,3896.827888076916,116461.31685741762,True,2.9046929095139995,4.370479099918157,34,shared_weighted_euclidean_projector,shared_model_kernel_rcmsa_tagged_transition,released_hmm_filter,79
Model-guided constrained SAC,full_action,test_018_9466cee538c9,9466cee538c90a351ebb4cc641f0fb605f60f7a5370deb739961de94e8407d65,8b83c669d56287c61d40a0703b8fe7ebc8aa642d9fff413ea893b4f328a3116c,554911178.0,21,79,decision_plus_clearance,16861.119109030136,100485.69182894524,0.0,117346.81093797539,9029.044638140762,98408.78647680947,3906.2592328767687,3651.1187140525217,1418.6552202019702,932.9466558938799,44.66989137913443,1470.748373056732,8055.855118607119,0.0006298817960958812,186.01171454090718,186.01234442270328,1561.6506969420695,5.145944431392482e-07,cleared,79,False,False,True,9.971316720007973e-07,True,0.013227517718013504,3906.2460053590507,117346.81093797536,True,2.9674455285781907,4.586524900048971,34,shared_weighted_euclidean_projector,shared_model_kernel_rcmsa_tagged_transition,released_hmm_filter,79
Model-guided constrained SAC,full_action,test_019_9d2b7462a57a,9d2b7462a57ab18c9c816164b4cf31fe355ef525f834131b7e4bee6c19475a44,8b83c669d56287c61d40a0703b8fe7ebc8aa642d9fff413ea893b4f328a3116c,554911178.0,21,79,decision_plus_clearance,17654.542883334965,99652.45252131943,0.0,117306.99540465439,9498.847591335874,97538.10429658466,3854.7147693442785,4000.977689539802,1484.165989934427,930.1850679152908,46.88010705162906,1617.1341950684593,8075.547926083547,0.0007125912433428267,183.55713356800803,183.55784615925137,1590.709106756472,5.774792640106945e-07,cleared,79,False,False,True,9.496180865880409e-07,True,0.014964416110199361,3854.6998049281688,117306.99540465431,True,2.986025766713456,4.768073500134051,34,shared_weighted_euclidean_projector,shared_model_kernel_rcmsa_tagged_transition,released_hmm_filter,79
Model-guided constrained SAC,full_action,test_020_701c8d28bc45,701c8d28bc45b0352a2505312c03123c85798d4dd0b786857dc34cb69fe2061b,8b83c669d56287c61d40a0703b8fe7ebc8aa642d9fff413ea893b4f328a3116c,554911178.0,21,79,decision_plus_clearance,16502.29267666337,106095.45281152289,0.0,122597.74548818625,9088.599267912694,103340.54711734249,4124.310193981071,3705.2278385445297,1405.7491502942657,933.3119201111286,45.379376289465675,1500.9069391746764,8312.607258405626,0.0005962540692409795,196.3951272688389,196.39572352290816,1560.567653312086,5.059712869190012e-07,cleared,79,False,False,True,9.657601651517065e-07,True,0.01252133545406057,4124.297672645617,122597.74548818618,True,2.9699849809320376,4.552874600049108,34,shared_weighted_euclidean_projector,shared_model_kernel_rcmsa_tagged_transition,released_hmm_filter,79
Model-guided constrained SAC,full_action,test_021_69299bc5d0bf,69299bc5d0bf379cc97bdd78ee18bea9a8ffc622a60d0cff22ec8965b5a58972,8b83c669d56287c61d40a0703b8fe7ebc8aa642d9fff413ea893b4f328a3116c,554911178.0,21,79,decision_plus_clearance,16139.085458552816,95796.84131443127,0.0,111935.92677298408,8454.621953180851,94218.3086560281,3734.552929234893,3270.5912820652925,1323.9448862541672,933.9070662207131,42.14937159471238,1337.4140129192645,7737.0865013392395,0.0004945975487000363,177.83535917554144,177.83585377309015,1504.0977493702292,5.458392228272339e-07,cleared,79,False,False,True,9.915276003417504e-07,True,0.010386548522700762,3734.5425426863703,111935.92677298399,True,2.9335016238037497,4.459205799968913,34,shared_weighted_euclidean_projector,shared_model_kernel_rcmsa_tagged_transition,released_hmm_filter,79
Model-guided constrained SAC,full_action,test_022_1b3e72c80b5f,1b3e72c80b5f8d5862204b809782bba3d065c565c21a1919e08c2b86b7b1841f,8b83c669d56287c61d40a0703b8fe7ebc8aa642d9fff413ea893b4f328a3116c,554911178.0,21,79,decision_plus_clearance,16662.434353451026,93890.74778972553,0.0,110553.18214317656,8686.46326808609,92499.36405513015,3651.801409540071,3413.673105479818,1368.9757683385344,932.9045366018657,42.9454610052252,1387.9908019841992,7696.720158800822,0.000551350693376185,173.89475386550046,173.89530521619383,1533.962298829395,5.034096474913817e-07,cleared,79,False,False,True,9.97595973805043e-07,True,0.011578364560899885,3651.78983117551,110553.18214317654,True,2.9391499952790108,4.426286699948832,34,shared_weighted_euclidean_projector,shared_model_kernel_rcmsa_tagged_transition,released_hmm_filter,79
Model-guided constrained SAC,full_action,test_023_90a8af416c5a,90a8af416c5a6e79abe970bf714eca061d636b83c012d16275b0083f8782fa25,8b83c669d56287c61d40a0703b8fe7ebc8aa642d9fff413ea893b4f328a3116c,554911178.0,21,79,decision_plus_clearance,17211.028157565845,101894.04217550819,0.0,119105.07033307404,9355.54768387831,99481.07381427549,3948.834059717026,3928.178351606637,1458.5375863590298,932.8988372375345,46.717399188078694,1595.6200094216847,8133.440469445356,0.0006928376674574286,188.03902429171472,188.03971712938218,1575.1751784977025,6.441390185351389e-07,cleared,79,False,False,True,9.903337656740214e-07,True,0.014549591016606,3948.8195101260094,119105.07033307402,True,2.8007568761905923,4.3099553000647575,34,shared_weighted_euclidean_projector,shared_model_kernel_rcmsa_tagged_transition,released_hmm_filter,79
Model-guided constrained SAC,full_action,test_024_e90f261f99e2,e90f261f99e247c3e3c066941073cd14924ea1eec3b7043270db54af5285d79a,8b83c669d56287c61d40a0703b8fe7ebc8aa642d9fff413ea893b4f328a3116c,554911178.0,21,79,decision_plus_clearance,15587.611967631621,105012.6032810856,0.0,120600.21524871721,8600.28571958533,102279.47534989983,4091.6185752984056,3379.156971354472,1314.6258667797829,935.0527657993916,43.58058195476376,1391.5801175433087,8158.88941618953,0.0004642647116325222,194.83851551140293,194.83897977611457,1510.9433482119,5.713424475681648e-07,cleared,79,False,False,True,9.936388420165133e-07,True,0.009749558944282966,4091.6088257394617,120600.21524871721,True,2.932873023806938,4.591569500043988,34,shared_weighted_euclidean_projector,shared_model_kernel_rcmsa_tagged_transition,released_hmm_filter,79
Model-guided constrained SAC,full_action,test_025_0c3eeaae0824,0c3eeaae08241ee112c7df9413dd57d8fb7bc6ef2bac58f6ca7de012fc948c72,8b83c669d56287c61d40a0703b8fe7ebc8aa642d9fff413ea893b4f328a3116c,554911178.0,21,79,decision_plus_clearance,15770.909066803632,104039.33528686165,0.0,119810.24435366529,8475.555146246019,101753.93915820935,4056.71320262589,3282.611214424615,1307.0880412401148,934.3375909193061,42.82230872212877,1350.0860142911713,8181.978527788284,0.00048165418295259224,193.17633751847848,193.17681917266142,1519.742197784636,6.861922583061318e-07,cleared,79,False,False,True,9.815885164350845e-07,True,0.010114737842004437,4056.703087888048,119810.2443536653,True,2.9381243904520358,4.5670304000377655,34,shared_weighted_euclidean_projector,shared_model_kernel_rcmsa_tagged_transition,released_hmm_filter,79
Model-guided constrained SAC,full_action,test_026_770d47ae1768,770d47ae17682b043d9c912886a238fdb23a8c0a8289016ef57c0235fe5d0b06,8b83c669d56287c61d40a0703b8fe7ebc8aa642d9fff413ea893b4f328a3116c,554911178.0,21,79,decision_plus_clearance,15348.842749099593,113296.34441640295,0.0,128645.18716550255,8593.59241471025,109963.09113674343,4420.6948580145845,3431.0227559821174,1301.019587601654,935.7664124505313,43.680599263416696,1385.8724091047209,8598.611191592758,0.00046012230220815107,210.50881883077324,210.50927895307544,1509.335950123214,7.160449365566598e-07,cleared,79,False,False,True,8.318167311800988e-07,True,0.009662568346371173,4420.685195446238,128645.18716550256,True,2.9277727666776627,4.48115020012483,34,shared_weighted_euclidean_projector,shared_model_kernel_rcmsa_tagged_transition,released_hmm_filter,79
Model-guided constrained SAC,full_action,test_027_df5d670513fa,df5d670513fa35262df8ea203ff162de2bc1a2f4598ac89786b63793aaa8dbd0,8b83c669d56287c61d40a0703b8fe7ebc8aa642d9fff413ea893b4f328a3116c,554911178.0,21,79,decision_plus_clearance,16334.504310237584,96826.67454929072,0.0,113161.1788595283,8598.39943483238,95155.70481572143,3771.108430892045,3355.9731179126456,1346.191450345968,933.8016098238285,42.711094302227906,1367.6701142728853,7821.903239518416,0.0005265920697790686,179.57606535517047,179.57659194724025,1523.178588564698,4.921392609727096e-07,cleared,79,False,False,True,9.382641337259435e-07,True,0.01105843346536044,3771.0973724585797,113161.17885952829,True,2.9729407285561873,4.6792601000051945,34,shared_weighted_euclidean_projector,shared_model_kernel_rcmsa_tagged_transition,released_hmm_filter,79
Model-guided constrained SAC,full_action,test_028_e9fb02365dd3,e9fb02365dd39d4a479796939c6b75136b323e6bb5414d58fe16c9eb23eb080e,8b83c669d56287c61d40a0703b8fe7ebc8aa642d9fff413ea893b4f328a3116c,554911178.0,21,79,decision_plus_clearance,15063.307154930884,94906.26329447489,0.0,109969.57044940577,7899.333305629614,93250.96905522214,3709.3903964667616,2937.9344904890936,1235.0775822751154,936.8656193230694,39.89371041379355,1201.6465928353189,7573.376994052827,0.0004108699217479298,176.6372270570669,176.63763792698865,1446.5188465720878,4.976709829839143e-07,cleared,79,False,False,True,9.281418230133838e-07,True,0.008628268356706525,3709.3817681984046,109969.57044940579,True,2.713624438104619,4.171664300141856,34,shared_weighted_euclidean_projector,shared_model_kernel_rcmsa_tagged_transition,released_hmm_filter,79
Model-guided constrained SAC,full_action,test_029_b44f60718c5a,b44f60718c5a51721bd1be86466c0bb83a8f075ec00e497e8853122651b88be6,8b83c669d56287c61d40a0703b8fe7ebc8aa642d9fff413ea893b4f328a3116c,554911178.0,21,79,decision_plus_clearance,14767.642256053818,101248.92070278837,0.0,116016.56295884219,7997.762669819187,98865.12286029194,3956.7315552147834,2981.5399768378247,1219.2533914794358,996.1525051990267,40.73123580157477,1237.9117431096065,7884.900308053076,0.00037738338249073593,188.41541096017863,188.41578834356113,1461.6376989152272,5.908770308288795e-07,cleared,79,False,False,True,9.313598505257074e-07,True,0.007925051032305454,3956.7236301637513,116016.5629588422,True,2.739735861896493,4.146482599899173,34,shared_weighted_euclidean_projector,shared_model_kernel_rcmsa_tagged_transition,released_hmm_filter,79
Model-guided constrained SAC,full_action,test_030_038f4c53d11f,038f4c53d11f455d906ca9a381763816040bd2f31fb252156466a1f74c404471,8b83c669d56287c61d40a0703b8fe7ebc8aa642d9fff413ea893b4f328a3116c,554911178.0,21,79,decision_plus_clearance,15980.404331157892,95348.38140829418,0.0,111328.78573945207,8388.084532361583,93724.97555355847,3718.271576379963,3249.3745026865854,1313.6635521477892,934.4160223176762,42.09934673224998,1334.053775940677,7679.839093676359,0.0004884045475598688,177.06006285164113,177.0605512561887,1491.103811255317,5.602298569896842e-07,cleared,79,False,False,True,9.966068947563087e-07,True,0.010256495498757245,3718.261319884464,111328.78573945205,True,2.7347976666254303,3.9523723998572677,34,shared_weighted_euclidean_projector,shared_model_kernel_rcmsa_tagged_transition,released_hmm_filter,79
Model-guided constrained SAC,full_action,test_031_0a6ff70351b5,0a6ff70351b53c8e7f1de0d141b5084d11039bc524ccd9933f5b23b35b3abd3c,8b83c669d56287c61d40a0703b8fe7ebc8aa642d9fff413ea893b4f328a3116c,554911178.0,21,79,decision_plus_clearance,14995.120720586521,100825.54145692482,0.0,115820.66217751135,8061.307747820778,98660.52354300882,3942.377570737079,2985.7619022972917,1234.1718667897533,936.5195468576337,40.96821724883353,1250.7741957516732,7892.3611595484135,0.0003787229858065108,187.73188655020846,187.73226527319426,1464.3663780334177,5.422910384237354e-07,cleared,79,False,False,True,9.935062248130991e-07,True,0.007953182701936727,3942.369617554378,115820.66217751136,True,2.740643480992211,4.240464800037444,34,shared_weighted_euclidean_projector,shared_model_kernel_rcmsa_tagged_transition,released_hmm_filter,79
Model-guided constrained SAC,full_action,test_032_efdf826e6bc3,efdf826e6bc3db036d5fbf1436f2dc6c248eaee1538597a28304017514dc1eb9,8b83c669d56287c61d40a0703b8fe7ebc8aa642d9fff413ea893b4f328a3116c,554911178.0,21,79,decision_plus_clearance,16664.21868971052,100603.22114115064,0.0,117267.43983086117,8964.147931690855,98423.27957153163,3908.8455898122274,3594.3202721477405,1385.3266354241118,991.5198302545599,44.35312487245204,1466.1039140859223,8045.269344613332,0.0005594853744742351,186.13494479139825,186.13550427677274,1553.4211159883491,5.602603579450959e-07,cleared,79,False,False,True,9.97021786114276e-07,True,0.011749192863958938,3908.8338406193634,117267.43983086113,True,2.7452811618845554,4.43824760010466,34,shared_weighted_euclidean_projector,shared_model_kernel_rcmsa_tagged_transition,released_hmm_filter,79
Model-guided constrained SAC,full_action,test_033_de0c441dba67,de0c441dba67f4c18af55eaa8c66ff0e1b4ea0b5a489e9d3e38964a74fdf2af7,8b83c669d56287c61d40a0703b8fe7ebc8aa642d9fff413ea893b4f328a3116c,554911178.0,21,79,decision_plus_clearance,16078.921400905947,104828.09673736416,0.0,120907.01813827011,8793.104203541618,102208.36711989809,4081.2450881641716,3485.5716144854205,1345.83530910416,992.8948030766144,43.91115559452484,1425.3668775201497,8204.810504853356,0.0005078555889546324,194.34449634270493,194.34500419829388,1533.3371106519794,5.850055609029223e-07,cleared,79,False,False,True,9.67354828698519e-07,True,0.010664967368047281,4081.2344231968036,120907.01813827008,True,2.7455956237834123,4.372820199932903,34,shared_weighted_euclidean_projector,shared_model_kernel_rcmsa_tagged_transition,released_hmm_filter,79
Model-guided constrained SAC,full_action,test_034_a00d80b83640,a00d80b8364074d2d18768806f48ec2e34d59c8935d9982f8be9eed0f991c2da,8b83c669d56287c61d40a0703b8fe7ebc8aa642d9fff413ea893b4f328a3116c,554911178.0,21,79,decision_plus_clearance,15806.20452636561,104950.14880236457,0.0,120756.35332873017,8602.184835126707,102402.80164512122,4090.4548798570163,3394.1282094994717,1331.3642438940033,935.4195152317283,43.33292599313885,1376.0571594060525,8200.955363030609,0.0005050904757300316,194.78306061700124,194.78356570747698,1519.9985605132504,5.918342779156646e-07,cleared,79,False,False,True,9.983023798100884e-07,True,0.010606899990330662,4090.444272957026,120756.35332873014,True,2.7462514904771176,4.386653699912131,34,shared_weighted_euclidean_projector,shared_model_kernel_rcmsa_tagged_transition,released_hmm_filter,79
Model-guided constrained SAC,full_action,test_035_51fd398978b7,51fd398978b78ec8627904227f514de39808dc8e62092971f9c9d9d0c1a0e84a,8b83c669d56287c61d40a0703b8fe7ebc8aa642d9fff413ea893b4f328a3116c,554911178.0,21,79,decision_plus_clearance,14974.463697639932,98442.89246972196,0.0,113417.3561673619,7984.167472996981,96459.23476291608,3846.4706472005237,2961.4698422052525,1229.5212090502612,936.4922329927697,40.754455780029836,1241.1494909215705,7764.222754105998,0.00038980165487050673,183.16487911265577,183.16526891431064,1454.3329798867737,6.263033290813075e-07,cleared,79,False,False,True,9.492583605931907e-07,True,0.008185834752280642,3846.462461365771,113417.35616736185,True,2.721681676184138,4.222649799892679,34,shared_weighted_euclidean_projector,shared_model_kernel_rcmsa_tagged_transition,released_hmm_filter,79
Model-guided constrained SAC,full_action,test_036_7eb6ac1ca077,7eb6ac1ca077683a4409f4f2c9dbb73ac1a32707576f47c8cadd46a203595435,8b83c669d56287c61d40a0703b8fe7ebc8aa642d9fff413ea893b4f328a3116c,554911178.0,21,79,decision_plus_clearance,15760.615637402552,100238.80561076269,0.0,115999.42124816525,8514.509553006243,97965.17132143241,3905.2214634733746,3323.44824446747,1297.587651700893,993.4830140848724,42.61441894196906,1365.1832702596612,7909.375253183775,0.0004324183342184791,185.96249441373124,185.96292683206545,1500.3815392071965,5.584557613753925e-07,cleared,79,False,False,True,9.503985276551112e-07,True,0.00908078501858806,3905.212382688356,115999.42124816525,True,2.712082928556594,4.192178099881858,34,shared_weighted_euclidean_projector,shared_model_kernel_rcmsa_tagged_transition,released_hmm_filter,79
Model-guided constrained SAC,full_action,test_037_f096257ecaa4,f096257ecaa456c423dd2e587c7a0f76747a52746a718c0ca85345f8faa2c9df,8b83c669d56287c61d40a0703b8fe7ebc8aa642d9fff413ea893b4f328a3116c,554911178.0,21,79,decision_plus_clearance,19178.31629303688,101309.68588697648,0.0,120488.00218001337,10310.04018385649,99199.89749821713,3903.065863867978,4521.125185961448,1625.9911895763355,927.8822585339673,49.51711654227554,1789.6939489964702,8328.28085843748,0.0009643278900544057,185.85931490391843,185.86027923180848,1680.4457840270181,4.757382721070851e-07,cleared,79,False,False,True,9.46281127329906e-07,True,0.020250885691142518,3903.045612982287,120488.00218001334,True,2.764105685698312,4.193939399905503,34,shared_weighted_euclidean_projector,shared_model_kernel_rcmsa_tagged_transition,released_hmm_filter,79
Model-guided constrained SAC,full_action,test_038_b05abc6e01b3,b05abc6e01b3718868c375b47078f5b62629d6eac8227c2b0618a70ea26128fc,8b83c669d56287c61d40a0703b8fe7ebc8aa642d9fff413ea893b4f328a3116c,554911178.0,21,79,decision_plus_clearance,16668.970001175632,100139.28736942355,0.0,116808.25737059918,9075.983845986902,97783.29505521718,3883.848187377674,3730.336997956164,1401.2524000325893,933.5408840286256,45.54307472637596,1529.2676405260065,7979.787760692581,0.000590719561911912,184.94456106032735,184.94515177988924,1543.1324736117717,5.559418729530534e-07,cleared,79,False,False,True,9.630893552614928e-07,True,0.012405110800150153,3883.835782266874,116808.25737059915,True,2.5583406761953875,4.052918100031093,34,shared_weighted_euclidean_projector,shared_model_kernel_rcmsa_tagged_transition,released_hmm_filter,79
Model-guided constrained SAC,full_action,test_039_9c0d1ebe6c19,9c0d1ebe6c190d77dea3345bb6f3b600dad24feb171cfa5b624fa948a7b1d203,8b83c669d56287c61d40a0703b8fe7ebc8aa642d9fff413ea893b4f328a3116c,554911178.0,21,79,decision_plus_clearance,15627.29044353809,104886.70737250695,0.0,120513.99781604504,8544.894012823774,102315.56522048629,4090.334047891618,3327.9904602603633,1300.2599214391073,934.954153143874,43.30542845309801,1383.4623035347945,8163.547788952045,0.0004328925686300629,194.77737891179413,194.77781180436276,1500.8266456192393,6.2276333851344e-07,cleared,79,False,False,True,9.86137776807944e-07,True,0.00909074394123132,4090.3249571476767,120513.99781604503,True,2.7147205762365565,4.3258813000284135,34,shared_weighted_euclidean_projector,shared_model_kernel_rcmsa_tagged_transition,released_hmm_filter,79
Model-guided constrained SAC,full_action,test_040_11a8950c659e,11a8950c659e50fc01d8e1413f71ec94f8cee0fde048ef4f8feaf64bf17ebc31,8b83c669d56287c61d40a0703b8fe7ebc8aa642d9fff413ea893b4f328a3116c,554911178.0,21,79,decision_plus_clearance,14987.764390276086,98545.55508446108,0.0,113533.31947473717,8082.452161023222,96370.13394300235,3844.9410672062136,3056.909464221513,1242.6450790433132,936.2377602405993,41.583232699168406,1286.9382430638038,7749.201673300852,0.0004155627228251357,183.09201620900163,183.09243177172445,1455.1825330795052,6.470274194278895e-07,cleared,79,False,False,True,9.808408502391163e-07,True,0.008726817179327849,3844.9323403890344,113533.3194747372,True,2.580119438092446,3.753383999923244,34,shared_weighted_euclidean_projector,shared_model_kernel_rcmsa_tagged_transition,released_hmm_filter,79
Model-guided constrained SAC,full_action,test_041_e58f21dcc209,e58f21dcc209cc30ce7f3c41ea3bb5ca1044d9230ccb95693e6230e9d330fb88,8b83c669d56287c61d40a0703b8fe7ebc8aa642d9fff413ea893b4f328a3116c,554911178.0,21,79,decision_plus_clearance,16003.20974696546,104952.97814983342,0.0,120956.18789679887,8632.462567787123,102576.14399142783,4094.5642112752207,3384.0789551999515,1334.585344219835,934.3528268889148,43.32889797228131,1382.1777574574382,8229.121757429473,0.0005024206737678652,194.97874573528912,194.9792481559629,1527.224437563346,5.877667870383187e-07,cleared,79,False,False,True,9.819135935484135e-07,True,0.010550834149125169,4094.5536604410718,120956.18789679887,True,2.5880840952574675,3.8207676000893116,34,shared_weighted_euclidean_projector,shared_model_kernel_rcmsa_tagged_transition,released_hmm_filter,79
Model-guided constrained SAC,full_action,test_042_a77d2ece213a,a77d2ece213ae69417f02560c0642cd54460ae2e8b62820c3370f54e0b0c843f,8b83c669d56287c61d40a0703b8fe7ebc8aa642d9fff413ea893b4f328a3116c,554911178.0,21,79,decision_plus_clearance,14092.08729458211,101239.05340914184,0.0,115331.14070372394,7629.981454195826,98890.72009531643,3964.3884516723515,2761.154036355663,1146.7562729428112,938.1403932409352,39.71529340336838,1178.662994341864,7816.502824833012,0.0003031345698421972,188.78009932601833,188.78040246058816,1409.9552903902159,6.262294116421358e-07,cleared,79,False,False,True,9.805366605368753e-07,True,0.006365825966686141,3964.382085846385,115331.140703724,True,2.524946404731877,3.812237299978733,34,shared_weighted_euclidean_projector,shared_model_kernel_rcmsa_tagged_transition,released_hmm_filter,79
Model-guided constrained SAC,full_action,test_043_f1174106175c,f1174106175ca0507fd2efedad3b19e57bbe656b669a63b5f3bddc88ed93905a,8b83c669d56287c61d40a0703b8fe7ebc8aa642d9fff413ea893b4f328a3116c,554911178.0,21,79,decision_plus_clearance,18364.87903341704,94584.8129240867,0.0,112949.69195750373,9575.586998885738,93270.31287648389,3659.144226253434,3996.6895095731306,1518.8645487582983,929.0937975492419,46.37303633257363,1607.790267505667,7902.640016599478,0.0007646816522018314,174.24419847327323,174.24496315492544,1615.2340541511828,4.973052620113292e-07,cleared,79,False,False,True,9.673290408915032e-07,True,0.01605831469623846,3659.128167938738,112949.69195750373,True,2.505777033345242,3.5301075999159366,34,shared_weighted_euclidean_projector,shared_model_kernel_rcmsa_tagged_transition,released_hmm_filter,79
Model-guided constrained SAC,full_action,test_044_ed401c94714a,ed401c94714a1b658a7305d216d392780815b859f07387d4086dea53af39e785,8b83c669d56287c61d40a0703b8fe7ebc8aa642d9fff413ea893b4f328a3116c,554911178.0,21,79,decision_plus_clearance,15140.656713814606,102821.13561435159,0.0,117961.7923281662,8140.946911872852,100544.01267228823,4017.809854212994,3068.3177958241163,1254.4205292615147,936.2845647064325,41.447205231839426,1271.5757619934432,8027.9309819362725,0.0004144312566427642,191.3238643407907,191.32427877204734,1475.537753363099,6.625309896275687e-07,cleared,79,False,False,True,9.959542952528262e-07,True,0.008703056389498049,4017.8011511566046,117961.79232816614,True,1.7675308142566966,2.7645107998978347,34,shared_weighted_euclidean_projector,shared_model_kernel_rcmsa_tagged_transition,released_hmm_filter,79
Model-guided constrained SAC,full_action,test_045_af7d3f616c1d,af7d3f616c1d242f60f09f068fd7a769245912bd59097557b89958e0f930fd8e,8b83c669d56287c61d40a0703b8fe7ebc8aa642d9fff413ea893b4f328a3116c,554911178.0,21,79,decision_plus_clearance,16259.77913854298,104842.9942290101,0.0,121102.77336755308,8777.502923803775,102470.5971286068,4084.821736819641,3480.851647574581,1354.7517989976038,934.2481317506838,43.80631468437484,1413.0285078792488,8249.829627655921,0.0005140805387208285,194.51480672039656,194.51532080093529,1535.3540635513918,6.092274517481056e-07,cleared,79,False,False,True,9.994900396401304e-07,True,0.010795691313137398,4084.8109411283276,121102.77336755308,True,1.7743652333128488,2.6950815999880433,34,shared_weighted_euclidean_projector,shared_model_kernel_rcmsa_tagged_transition,released_hmm_filter,79
Model-guided constrained SAC,full_action,test_046_e35b743e6617,e35b743e661721e2867313f4a6007e66923f4308dd844f736246ad22f905305e,8b83c669d56287c61d40a0703b8fe7ebc8aa642d9fff413ea893b4f328a3116c,554911178.0,21,79,decision_plus_clearance,15799.711122684197,106962.87395162962,0.0,122762.58507431381,8580.753686272938,104377.00679960783,4174.308362951933,3367.8482602074823,1327.3773941988125,935.2905710748089,43.26547760457986,1368.433140955658,8319.358295905637,0.0004977992170863732,198.77609091277972,198.7765887119968,1521.574798567468,6.470181465093799e-07,cleared,79,False,False,True,9.906629239707078e-07,True,0.010453783558813838,4174.297909168374,122762.5850743138,True,1.806053023807527,2.849118599900976,34,shared_weighted_euclidean_projector,shared_model_kernel_rcmsa_tagged_transition,released_hmm_filter,79
Model-guided constrained SAC,full_action,test_047_20c1f89391c1,20c1f89391c1a8fce9e63acefb218921593c303986fc79bf1eaf29fd9b27694e,8b83c669d56287c61d40a0703b8fe7ebc8aa642d9fff413ea893b4f328a3116c,554911178.0,21,79,decision_plus_clearance,15563.123504144742,113000.95235778224,0.0,128564.07586192698,8722.222138967232,109685.81736459523,4407.835628998479,3484.7909910053,1327.7109150673946,935.6988232933253,44.1758420579634,1409.190466594177,8601.055367571302,0.00048017277634523675,209.8964545414369,209.89693471421324,1524.5814181916492,6.513366135689844e-07,cleared,79,False,False,True,9.995869019979625e-07,True,0.010083628303249971,4407.825545370175,128564.07586192696,True,1.7729736476293987,2.7972562999930233,34,shared_weighted_euclidean_projector,shared_model_kernel_rcmsa_tagged_transition,released_hmm_filter,79
Model-guided constrained SAC,full_action,test_048_eeaf6a6a0a15,eeaf6a6a0a158e1862d5cbdc734d51cf09860f78311911e19e234cde4f8662d2,8b83c669d56287c61d40a0703b8fe7ebc8aa642d9fff413ea893b4f328a3116c,554911178.0,21,79,decision_plus_clearance,15505.48447175696,104817.60863708383,0.0,120323.0931088408,8601.299649425795,101980.44255019403,4080.382354297939,3410.513566892566,1315.3854106855717,935.0695773448607,43.98764030288604,1413.3164965642031,8121.100907015007,0.0004866093547282344,194.30343502388047,194.3039216332352,1499.544887158632,6.388832102344672e-07,cleared,79,False,False,True,9.98441741005221e-07,True,0.010218796449292923,4080.37213550149,120323.09310884077,True,1.7577544238551386,2.7669302001595497,34,shared_weighted_euclidean_projector,shared_model_kernel_rcmsa_tagged_transition,released_hmm_filter,79
Model-guided constrained SAC,full_action,test_049_343da3774e7e,343da3774e7e8e5143d50e3c5214e3dab09c23d71b2e4947c09263a8e3d1d8f7,8b83c669d56287c61d40a0703b8fe7ebc8aa642d9fff413ea893b4f328a3116c,554911178.0,21,79,decision_plus_clearance,15408.47392193599,90509.81333640755,0.0,105918.28725834354,7990.360015562258,89185.78702259743,3532.513649556075,2978.828580256311,1236.8931951191153,993.9047952523865,40.00789718375363,1236.076292189074,7367.212368138935,0.00039608956482729336,168.21453960358158,168.2149356931464,1461.7655711261555,4.466223887234656e-07,cleared,79,False,False,True,9.516536394478472e-07,True,0.00831788086137316,3532.5053316752133,105918.28725834357,True,1.7466652476273121,2.6739449999295175,34,shared_weighted_euclidean_projector,shared_model_kernel_rcmsa_tagged_transition,released_hmm_filter,79
Model-guided constrained SAC,full_action,test_050_1c7612d8bc63,1c7612d8bc6352712fb0a5140912bb4dcf0178405305be2a668e7cf192566507,8b83c669d56287c61d40a0703b8fe7ebc8aa642d9fff413ea893b4f328a3116c,554911178.0,21,79,decision_plus_clearance,14632.44422296961,95876.7181957716,0.0,110509.16241874121,7753.402358081405,94024.89532250655,3750.6559494727876,2809.0660489963457,1175.3225993977,995.8201402864555,39.57459220979796,1194.811148730645,7567.603107704837,0.00032587110311298444,178.6023383895058,178.60266426060892,1422.7140725753432,6.374819559328752e-07,cleared,79,False,False,True,9.922695284291264e-07,True,0.006843293165372673,3750.649106179622,110509.16241874124,True,1.7492961142921732,2.6866012001410127,34,shared_weighted_euclidean_projector,shared_model_kernel_rcmsa_tagged_transition,released_hmm_filter,79
Model-guided constrained SAC,full_action,test_051_5747c87e6d9a,5747c87e6d9ace089dca37ca64fb5e904cbbd79136b0c4d74ea0a4390bb94034,8b83c669d56287c61d40a0703b8fe7ebc8aa642d9fff413ea893b4f328a3116c,554911178.0,21,79,decision_plus_clearance,14229.193094619355,94551.16335393778,0.0,108780.35644855714,7602.902346336786,92670.93326455212,3698.6732341365678,2767.122604682768,1160.4960709568961,880.2289278919259,39.156694487624186,1166.7172752760669,7439.975609087357,0.00032491485998577816,176.1269719487861,176.12729686364608,1398.7322747664011,4.817169776475335e-07,cleared,79,False,False,True,9.7761179381766e-07,True,0.0068232120597013415,3698.666410924508,108780.35644855707,True,1.6443092714374263,2.7084520999342203,34,shared_weighted_euclidean_projector,shared_model_kernel_rcmsa_tagged_transition,released_hmm_filter,79
Model-guided constrained SAC,full_action,test_052_9760565f31de,9760565f31de15242f359a838a120dd71ffb6d8dd1020fdd4287b6afdf35b97c,8b83c669d56287c61d40a0703b8fe7ebc8aa642d9fff413ea893b4f328a3116c,554911178.0,21,79,decision_plus_clearance,16473.507017068197,97473.74200910122,0.0,113947.24902616942,8776.556215007176,95587.5757239284,3789.3025164483793,3490.3652709856106,1370.2661532620532,933.1831465377677,43.69817083671938,1423.3654839759135,7848.410270315505,0.0005580223411088394,180.44241895139123,180.44297697373233,1528.2548306594108,5.18574355757298e-07,cleared,79,False,False,True,9.784529141107918e-07,True,0.011718469163285629,3789.2907979792158,113947.24902616939,True,1.7683019142797483,2.682025699876249,34,shared_weighted_euclidean_projector,shared_model_kernel_rcmsa_tagged_transition,released_hmm_filter,79
Model-guided constrained SAC,full_action,test_053_4473e6f72168,4473e6f7216884984406f8aef487c6686108cdbdbead4e89b46bcc827017f85e,8b83c669d56287c61d40a0703b8fe7ebc8aa642d9fff413ea893b4f328a3116c,554911178.0,21,79,decision_plus_clearance,16082.45169805695,97336.59838706188,0.0,113419.05008511883,8663.556052120166,95258.25121052074,3784.061033364779,3438.9702664320894,1340.283268149215,933.9282545318727,43.46390380551587,1407.8412014131068,7778.157543601527,0.0004946159904321802,180.19288792518952,180.19338254117994,1512.2219291764102,4.797112563828366e-07,cleared,79,False,False,True,9.638399342589932e-07,True,0.010386935799075785,3784.05064642898,113419.05008511887,True,1.7697825571522117,2.7874755000229925,34,shared_weighted_euclidean_projector,shared_model_kernel_rcmsa_tagged_transition,released_hmm_filter,79
Model-guided constrained SAC,full_action,test_054_c66f0b1dacc4,c66f0b1dacc4b499fb5fafd7b24077901e59bb19b93546020b7316e75636dc3c,8b83c669d56287c61d40a0703b8fe7ebc8aa642d9fff413ea893b4f328a3116c,554911178.0,21,79,decision_plus_clearance,15212.245817357725,107341.15820398678,0.0,122553.4040213445,8294.897882044905,104682.01496399083,4195.049577523906,3178.2096204507957,1266.9518502631654,936.2801270708965,42.1388839350029,1303.8949534625451,8280.07459275018,0.0004159226469543014,199.76384967372954,199.7642655963765,1490.5580562869407,6.200161804379091e-07,cleared,79,False,False,True,9.956198893419414e-07,True,0.008734375586040328,4195.04084314832,122553.40402134451,True,1.7699192761709648,2.7189089998137206,34,shared_weighted_euclidean_projector,shared_model_kernel_rcmsa_tagged_transition,released_hmm_filter,79
Model-guided constrained SAC,full_action,test_055_f90330578051,f90330578051a0ac7d073b0006ba832b11d6170521fff7ce97460ddcd2cba92c,8b83c669d56287c61d40a0703b8fe7ebc8aa642d9fff413ea893b4f328a3116c,554911178.0,21,79,decision_plus_clearance,16647.174620333863,109167.69391197113,0.0,125814.868532305,9245.891400454144,106193.74214907025,4240.983928194844,3789.573319847635,1411.828043234692,932.849691503432,46.14016727138774,1545.6344101430816,8500.061261054872,0.0005699084072731092,201.95104571991862,201.9516156283259,1571.0057894673107,6.317095087869209e-07,cleared,79,False,False,True,9.88743683182433e-07,True,0.011968076552735293,4240.9719601182915,125814.868532305,True,1.79145187618477,2.785531400004402,34,shared_weighted_euclidean_projector,shared_model_kernel_rcmsa_tagged_transition,released_hmm_filter,79
Model-guided constrained SAC,full_action,test_056_b2c64046cef9,b2c64046cef9c3c8c1d997032493b7ac82c1af8485fa09f9c11b9c6d822ea478,8b83c669d56287c61d40a0703b8fe7ebc8aa642d9fff413ea893b4f328a3116c,554911178.0,21,79,decision_plus_clearance,15562.73178922257,95923.67173610967,0.0,111486.40352533224,8265.051178332224,94085.40433631976,3741.3762938797827,3133.2425186394507,1267.8255424704723,993.5036556905512,41.41986184760494,1302.747221579666,7666.591012966979,0.0004113281198880582,178.16036457091738,178.16077589903728,1480.842096908609,5.337602983632338e-07,cleared,79,False,False,True,9.701350872713874e-07,True,0.008637890517649223,3741.367655989265,111486.40352533225,True,1.7527598475904338,2.6212350998539478,34,shared_weighted_euclidean_projector,shared_model_kernel_rcmsa_tagged_transition,released_hmm_filter,79
Model-guided constrained SAC,full_action,test_057_bf11b8e004e2,bf11b8e004e2675983bf718fcc9085ea691c39d83a93ed2726c993f568ae7b13,8b83c669d56287c61d40a0703b8fe7ebc8aa642d9fff413ea893b4f328a3116c,554911178.0,21,79,decision_plus_clearance,15397.891449486488,99509.69326407836,0.0,114907.58471356485,8195.113696216442,97496.9978265015,3884.057640138919,3111.622893507009,1283.2450872649365,936.5475699360669,41.33193585937066,1265.7452342385443,7877.215760113548,0.00046493851992341,184.95466078238098,184.9551257209009,1487.1557235090438,5.79386824177536e-07,cleared,79,False,False,True,8.667816110920641e-07,True,0.00976370891839161,3884.0478764300005,114907.58471356487,True,1.753911099962092,2.7191754998639226,34,shared_weighted_euclidean_projector,shared_model_kernel_rcmsa_tagged_transition,released_hmm_filter,79
Model-guided constrained SAC,full_action,test_058_fbcfbffca03e,fbcfbffca03e44547ea319ed2d43b06e5f628f750b3d1a41c39a0846aecd36c4,8b83c669d56287c61d40a0703b8fe7ebc8aa642d9fff413ea893b4f328a3116c,554911178.0,21,79,decision_plus_clearance,17058.452569428016,106092.30745971698,0.0,123150.76002914499,9299.325977958199,103544.88239565375,4117.483989153977,3816.852553894415,1439.9594565102989,932.2556559743309,46.04829495620509,1546.8096518948669,8396.999052259944,0.000633913577637655,196.07003223661175,196.0706661501894,1582.6588970926023,6.38477477655833e-07,cleared,79,False,False,True,9.922512836126083e-07,True,0.013312185130390754,4117.470676968846,123150.76002914496,True,1.8069415666562105,2.802342199953273,34,shared_weighted_euclidean_projector,shared_model_kernel_rcmsa_tagged_transition,released_hmm_filter,79
Model-guided constrained SAC,full_action,test_059_d22925a9593f,d22925a9593fa401ece13fc7588e32d8a890971a8c128175ef3afe51e59bbbae,8b83c669d56287c61d40a0703b8fe7ebc8aa642d9fff413ea893b4f328a3116c,554911178.0,21,79,decision_plus_clearance,15323.863483349667,99641.63572232693,0.0,114965.49920567659,8200.41803781746,97538.44703082135,3889.807864327788,3125.247396664031,1275.4595496407794,936.1193264051454,41.61770868531988,1284.2457863159643,7860.14375212068,0.00045455023815177924,185.22849137013273,185.22894592037088,1480.4792531349499,5.566756317367419e-07,cleared,79,False,False,True,9.993222160118674e-07,True,0.009545555001187363,3889.7983187727873,114965.49920567655,True,1.7745836857107602,2.7555674000177532,34,shared_weighted_euclidean_projector,shared_model_kernel_rcmsa_tagged_transition,released_hmm_filter,79
Model-guided constrained SAC,full_action,test_060_b3feb9e274c2,b3feb9e274c243af57931bb81154ddcd4db25503aef66fcc12b42f42f154b7ce,8b83c669d56287c61d40a0703b8fe7ebc8aa642d9fff413ea893b4f328a3116c,554911178.0,21,79,decision_plus_clearance,16140.36883507897,103482.55672041037,0.0,119622.92555548935,8716.844359201787,101144.76717326527,4031.3504251994596,3447.5812529727264,1347.779749568792,934.6025952812577,43.594010783777826,1402.3608744954631,8153.592359634897,0.000500055943013006,191.96856781069792,191.96906786664093,1530.3201065324813,5.758439759742074e-07,cleared,79,False,False,True,9.94062446670707e-07,True,0.010501174803273127,4031.3399240246563,119622.9255554893,True,1.7413272714641477,2.72418830008246,34,shared_weighted_euclidean_projector,shared_model_kernel_rcmsa_tagged_transition,released_hmm_filter,79
Model-guided constrained SAC,full_action,test_061_627abde70c26,627abde70c260fe7d7dfdd8a0ae46ef10630e9ce7d5542c218bfb019b77707b7,8b83c669d56287c61d40a0703b8fe7ebc8aa642d9fff413ea893b4f328a3116c,554911178.0,21,79,decision_plus_clearance,15978.698150491,101396.60950727064,0.0,117375.30765776164,8592.81552167597,99188.11238079389,3950.969993278545,3365.172100060885,1343.2439212055865,934.9937407467482,42.99218378311747,1362.7868465166093,8028.733010089086,0.000531207110157553,188.14089704424913,188.1414282513593,1525.607848140111,5.00551055905991e-07,cleared,79,False,False,True,9.966209707547861e-07,True,0.011155349313308614,3950.958837929232,117375.30765776162,True,1.7570426523840676,2.7312780001666397,34,shared_weighted_euclidean_projector,shared_model_kernel_rcmsa_tagged_transition,released_hmm_filter,79
Model-guided constrained SAC,full_action,test_062_0c9ea14e9507,0c9ea14e9507679b12568ca09440ee0d472e13c1d2a4d4df4f22d9720c95b81b,8b83c669d56287c61d40a0703b8fe7ebc8aa642d9fff413ea893b4f328a3116c,554911178.0,21,79,decision_plus_clearance,15971.583656385827,107470.05901639612,0.0,123441.64267278195,8748.858468509727,104760.86552230024,4187.108704198589,3456.1221909313663,1353.8390739293188,934.8487129127719,43.99012102152402,1407.2864072232642,8371.496258187412,0.0005320491593785084,199.385596722202,199.38612877136137,1541.6862298836702,6.199569614841607e-07,cleared,79,False,False,True,9.014675801668011e-07,True,0.011173032346948676,4187.097531166242,123441.64267278202,True,1.7584402333568072,2.791518700076267,34,shared_weighted_euclidean_projector,shared_model_kernel_rcmsa_tagged_transition,released_hmm_filter,79
Model-guided constrained SAC,full_action,test_063_44f0f2a191ef,44f0f2a191eff5a5bb9fb795dad447d7fc7e78fd849c2393842ed70164a5fcda,8b83c669d56287c61d40a0703b8fe7ebc8aa642d9fff413ea893b4f328a3116c,554911178.0,21,79,decision_plus_clearance,14632.523731642937,101665.23095516855,0.0,116297.75468681149,7991.076386127988,99194.44076205419,3968.0050331870466,3038.8429990622085,1225.7878933870852,879.6016129929951,41.08399683782283,1250.7184025397155,7894.185085131603,0.00040066487196778044,188.95221996308263,188.9526206279546,1449.0354721430053,5.891530492231291e-07,cleared,79,False,False,True,9.102965742114861e-07,True,0.00841396231132339,3967.9966192247352,116297.7546868115,True,1.6459250571206212,2.6486845000181347,34,shared_weighted_euclidean_projector,shared_model_kernel_rcmsa_tagged_transition,released_hmm_filter,79
Model-guided constrained SAC,full_action,test_064_27d69866b791,27d69866b79138686724529a21cb6e323bfdcf5210778f504d0eb950a434b33a,8b83c669d56287c61d40a0703b8fe7ebc8aa642d9fff413ea893b4f328a3116c,554911178.0,21,79,decision_plus_clearance,14237.818689741267,91201.45587190062,0.0,105439.27456164188,7358.738950134873,89835.99097698393,3574.2736072302237,2587.9296492803855,1144.1101225131072,938.2312554993835,37.86603595997974,1096.8028605650463,7287.2165405150545,0.00032399329938045214,170.20318111290175,170.20350510620113,1394.4096081139096,5.606949593844674e-07,cleared,79,False,False,True,9.848560367818883e-07,True,0.006803859286989495,3574.2668033709365,105439.27456164191,True,1.709547680968951,2.563319900073111,34,shared_weighted_euclidean_projector,shared_model_kernel_rcmsa_tagged_transition,released_hmm_filter,79
Model-guided constrained SAC,full_action,test_065_930038cc16e9,930038cc16e99dda3abddced3121095d94183071473ae7d8535bf0ab56c97fc9,8b83c669d56287c61d40a0703b8fe7ebc8aa642d9fff413ea893b4f328a3116c,554911178.0,21,79,decision_plus_clearance,14909.110317431787,105328.24900112406,0.0,120237.35931855584,8099.723978987528,102817.56184345545,4117.375253204637,3026.6705181225616,1238.741374104723,937.2863506809915,41.44457378233162,1262.947766645138,8148.167889495555,0.00038787581253578603,196.06510037202733,196.06548824783988,1471.9492025154973,7.220918628535e-07,cleared,79,False,False,True,9.542963739372773e-07,True,0.008145392063251506,4117.3671078125735,120237.35931855589,True,1.7175224095228172,2.819279700051993,34,shared_weighted_euclidean_projector,shared_model_kernel_rcmsa_tagged_transition,released_hmm_filter,79
Model-guided constrained SAC,full_action,test_066_28fb87ba4913,28fb87ba4913ced186980dcbc093c47e083f79b8e740a1acb42c6392df84b3a3,8b83c669d56287c61d40a0703b8fe7ebc8aa642d9fff413ea893b4f328a3116c,554911178.0,21,79,decision_plus_clearance,16828.95228247021,107505.00507664445,0.0,124333.95735911466,9336.82824699121,104595.11848757933,4172.05425007182,3866.841285326907,1430.9142930561263,932.2007960891997,46.59337663750205,1575.675448930786,8412.526203072148,0.0005937625528151446,198.6686562408672,198.66925000342002,1576.4816260263008,6.228468037062757e-07,cleared,79,False,False,True,9.995509818113499e-07,True,0.012469013609118038,4172.041781058211,124333.95735911457,True,1.7727422333278118,2.6887759000528604,34,shared_weighted_euclidean_projector,shared_model_kernel_rcmsa_tagged_transition,released_hmm_filter,79
Model-guided constrained SAC,full_action,test_067_4d46fa716471,4d46fa716471fa4d60109942ef5bb2dd1232241a3c67bc5b1cfc29fc39cbfd18,8b83c669d56287c61d40a0703b8fe7ebc8aa642d9fff413ea893b4f328a3116c,554911178.0,21,79,decision_plus_clearance,14915.864318207376,106701.81325754555,0.0,121617.67757575292,8265.875127818847,103829.75043005227,4168.0983179875,3165.2669259906484,1252.3379760963714,936.3487978073646,42.49282666691556,1323.190725575578,8179.188768518377,0.00040044173405020926,198.480471843385,198.48087228511906,1475.3878196583964,5.925746764352785e-07,cleared,79,False,False,True,9.521049045752463e-07,True,0.008409276415054394,4168.089908711085,121617.67757575301,True,1.7310914904810488,2.8300817999988794,34,shared_weighted_euclidean_projector,shared_model_kernel_rcmsa_tagged_transition,released_hmm_filter,79
Model-guided constrained SAC,full_action,test_068_93da1d4ae1ba,93da1d4ae1ba5b053059e9b89e557fda34a240b0e754e3a555372b254463a63a,8b83c669d56287c61d40a0703b8fe7ebc8aa642d9fff413ea893b4f328a3116c,554911178.0,21,79,decision_plus_clearance,16690.982927017743,109850.2599054172,0.0,126541.24283243495,9195.410957094426,107005.8660198141,4273.470716940566,3723.8995920245975,1409.6007998015477,932.9947467597425,45.81167279523617,1524.9442726284542,8562.357749491452,0.0005719916197353674,203.49803357697863,203.49860556859835,1574.5829865565272,6.167692538034808e-07,cleared,79,False,False,True,9.711612196425242e-07,True,0.012011824014442715,4273.458705116551,126541.24283243496,True,1.7721361333415622,2.7781281999778003,34,shared_weighted_euclidean_projector,shared_model_kernel_rcmsa_tagged_transition,released_hmm_filter,79
Model-guided constrained SAC,full_action,test_069_5b01ea54b2fa,5b01ea54b2fa549608732665cf72566100e6d5765b097dd29e2f07654d97e94a,8b83c669d56287c61d40a0703b8fe7ebc8aa642d9fff413ea893b4f328a3116c,554911178.0,21,79,decision_plus_clearance,15965.398631919348,92799.1465234948,0.0,108764.54515541415,8391.851656462395,91298.26709255252,3613.463244275671,3209.7038101270923,1316.9477563213397,934.311595675136,41.896956251377546,1322.0405192203946,7548.111287066366,0.0004915368994366428,172.06918676194203,172.06967829884147,1502.1515491453017,4.574966913872611e-07,cleared,79,False,False,True,9.858477281249474e-07,True,0.010322274888169499,3613.4529220007826,108764.54515541416,True,1.7187505904806866,2.686995299998671,34,shared_weighted_euclidean_projector,shared_model_kernel_rcmsa_tagged_transition,released_hmm_filter,79
Model-guided constrained SAC,full_action,test_070_0cd9bcac96c3,0cd9bcac96c35799fee58a41df95758c42fc0c84363a570dadf82c310f780fc2,8b83c669d56287c61d40a0703b8fe7ebc8aa642d9fff413ea893b4f328a3116c,554911178.0,21,79,decision_plus_clearance,16610.881740214198,105659.10853437077,0.0,122269.99027458497,9154.842943307425,102931.41753538552,4104.369924671788,3736.8470765756083,1409.4096247484808,933.1031698961089,45.53508330946774,1512.8722653818843,8296.357810792651,0.00056717210372721,195.44561971702905,195.44618688913278,1567.3280362692954,5.335676043913073e-07,cleared,79,False,False,True,9.679163642339017e-07,True,0.01191061417827141,4104.35801405761,122269.99027458494,True,1.7738042333096797,2.723451100056991,34,shared_weighted_euclidean_projector,shared_model_kernel_rcmsa_tagged_transition,released_hmm_filter,79
Model-guided constrained SAC,full_action,test_071_34f77888383f,34f77888383fb5b7dddc8c7fc1f8ab1980f574da89d48920167bc6e4a5baac19,8b83c669d56287c61d40a0703b8fe7ebc8aa642d9fff413ea893b4f328a3116c,554911178.0,21,79,decision_plus_clearance,14232.97119936591,96191.84730959848,0.0,110424.8185089644,7521.5286690328985,94302.36199176889,3769.7212332816266,2737.206977871999,1155.5418794179463,938.4577575909932,38.8772015362385,1143.8239301952078,7536.799014017485,0.0003296029800851496,179.51020531519262,179.5105349181727,1399.7587806501458,5.385438316943655e-07,cleared,79,False,False,True,9.927523114883992e-07,True,0.006921662581788142,3769.714311619045,110424.81850896435,True,1.7318040714599192,2.7362079999875277,34,shared_weighted_euclidean_projector,shared_model_kernel_rcmsa_tagged_transition,released_hmm_filter,79
Model-guided constrained SAC,full_action,test_072_8e59fac0e6c8,8e59fac0e6c81b34fdbf7517a855653a3cd0a095878de09734040c0d4127fdc1,8b83c669d56287c61d40a0703b8fe7ebc8aa642d9fff413ea893b4f328a3116c,554911178.0,21,79,decision_plus_clearance,15137.538936305187,103322.10796058805,0.0,118459.64689689325,8308.074528353987,100712.05924881986,4032.627419045241,3162.4838494076394,1249.7420998437638,994.6597514227641,42.059734707111446,1321.0201173277633,8015.866460205226,0.00037588860369914705,192.02950120878873,192.02987709739244,1482.4377768269703,5.742078312656086e-07,cleared,79,False,False,True,9.937181814096242e-07,True,0.007893660677682088,4032.6195253845635,118459.64689689325,True,1.7416217523582636,2.732473799958825,34,shared_weighted_euclidean_projector,shared_model_kernel_rcmsa_tagged_transition,released_hmm_filter,79
Model-guided constrained SAC,full_action,test_073_69349232969b,69349232969bf4c86d2f494ebcfdc30419a510d14224ddded4cf0b0572c985f7,8b83c669d56287c61d40a0703b8fe7ebc8aa642d9fff413ea893b4f328a3116c,554911178.0,21,79,decision_plus_clearance,16286.101768573119,101157.4954323821,0.0,117443.59720095522,8851.860760682514,98772.98244606463,3932.100006444529,3576.404605654268,1376.1811850521221,934.0681970571719,44.4082171410991,1450.5880192367042,8003.72475920014,0.0005725035908072522,187.24228494614866,187.24285744973946,1528.7798733345733,5.699477958669555e-07,cleared,79,False,False,True,9.678348911005647e-07,True,0.012022575406952297,3932.0879838691217,117443.59720095524,True,1.7379736523920049,2.6648452000226825,34,shared_weighted_euclidean_projector,shared_model_kernel_rcmsa_tagged_transition,released_hmm_filter,79
Model-guided constrained SAC,full_action,test_074_212affc962e2,212affc962e28f58fe45099916e12acf08d12bd5b6ae1e8be69e32f2992b7426,8b83c669d56287c61d40a0703b8fe7ebc8aa642d9fff413ea893b4f328a3116c,554911178.0,21,79,decision_plus_clearance,16218.764203015004,99586.0397614045,0.0,115804.80396441951,8797.984741878201,97298.64273730114,3868.9158031412253,3538.7365413184716,1365.7483490594243,934.7757917211107,44.40583732741716,1454.2343522096505,7919.788116209419,0.000563364588592908,184.23352249927927,184.23408586386788,1523.6790775900276,5.783998760605208e-07,cleared,79,False,False,True,9.700594722891878e-07,True,0.011830656360451068,3868.903972484865,115804.80396441958,True,1.6362876285288839,2.6263925000093877,34,shared_weighted_euclidean_projector,shared_model_kernel_rcmsa_tagged_transition,released_hmm_filter,79
Model-guided constrained SAC,full_action,test_075_8de4e41c7ad9,8de4e41c7ad941d139487bf1af6be7e835a7c841f83db6f4b9e0876bff23bb48,8b83c669d56287c61d40a0703b8fe7ebc8aa642d9fff413ea893b4f328a3116c,554911178.0,21,79,decision_plus_clearance,15058.997153142005,94595.12767276549,0.0,109654.1248259075,8007.901699736331,92747.0013896582,3692.40844012494,3032.8207253733535,1237.7020518706672,936.2905191440003,40.63062770091155,1247.5067466944483,7519.424925978385,0.00041010379844508277,175.82856323548444,175.8289733392829,1440.8286316801275,5.101833482353185e-07,cleared,79,False,False,True,9.709050220759868e-07,True,0.008612179767346738,3692.399827945173,109654.1248259075,True,1.7420474094937421,2.6281653998885304,34,shared_weighted_euclidean_projector,shared_model_kernel_rcmsa_tagged_transition,released_hmm_filter,79
Model-guided constrained SAC,full_action,test_076_48339f21c8ec,48339f21c8ec04a89d1fa33ffb9bd38ffc2087720a9e6d22241a14418438a684,8b83c669d56287c61d40a0703b8fe7ebc8aa642d9fff413ea893b4f328a3116c,554911178.0,21,79,decision_plus_clearance,16933.654334448496,108269.44772794964,0.0,125203.10206239813,9330.445711346738,105488.63576016753,4203.508758424719,3811.4808163478215,1436.8818333689069,932.1491827424439,46.34672253872972,1556.9130527218945,8503.465820649992,0.0006071723591937676,200.16647656215125,200.16708373451044,1592.4446695374945,6.422162604562967e-07,cleared,79,False,False,True,9.572673290760855e-07,True,0.01275061954306912,4203.496007805176,125203.10206239816,True,1.753127733378538,2.8052716001402587,34,shared_weighted_euclidean_projector,shared_model_kernel_rcmsa_tagged_transition,released_hmm_filter,79
Model-guided constrained SAC,full_action,test_077_b1f2e84dc844,b1f2e84dc844662b5d1fd981486515a77f37fa4bd91d8f1c5bdc9de643205101,8b83c669d56287c61d40a0703b8fe7ebc8aa642d9fff413ea893b4f328a3116c,554911178.0,21,79,decision_plus_clearance,16372.426704522295,96317.65357263452,0.0,112690.08027715681,8698.29236610125,94508.31710813382,3744.394211287716,3455.043106505579,1350.7071240409389,933.3263610874917,43.58651034243791,1422.225180146958,7763.22496632322,0.0005159864992139287,178.3039702652968,178.30448625179602,1512.757962335947,5.958788828283623e-07,cleared,79,False,False,True,9.5420642981199e-07,True,0.010835716483492503,3744.383375571233,112690.08027715678,True,1.7272008095446618,2.6200778000056744,34,shared_weighted_euclidean_projector,shared_model_kernel_rcmsa_tagged_transition,released_hmm_filter,79
Model-guided constrained SAC,full_action,test_078_367d379a9297,367d379a9297286f557f72f155581887362331484e75dc530b5d1e7702215749,8b83c669d56287c61d40a0703b8fe7ebc8aa642d9fff413ea893b4f328a3116c,554911178.0,21,79,decision_plus_clearance,16317.782376828325,97984.28336105874,0.0,114302.06573788707,8628.731099435348,96228.54477056177,3815.1175774309913,3372.978899837204,1323.3488275309348,933.3445630908589,42.93420782390301,1391.5781697327095,7874.985792509658,0.00044827186089124423,181.6718173200911,181.672265591952,1512.6220068817415,5.731024297549998e-07,cleared,79,False,False,True,9.414823942316526e-07,True,0.009413709078716128,3815.108163721913,114302.06573788711,True,1.7481179475961697,2.8310155000071973,34,shared_weighted_euclidean_projector,shared_model_kernel_rcmsa_tagged_transition,released_hmm_filter,79
Model-guided constrained SAC,full_action,test_079_bce06ca59758,bce06ca59758dbd98389f738153975aa7a35c811fa8594d1d0e258628ef96d65,8b83c669d56287c61d40a0703b8fe7ebc8aa642d9fff413ea893b4f328a3116c,554911178.0,21,79,decision_plus_clearance,14026.596741245045,94692.08089601112,0.0,108718.67763725616,7367.57666467873,92882.83563824011,3710.402188644835,2627.361119319793,1132.9009680832728,997.6010582894123,38.07104099330297,1102.0039147750706,7446.984055218167,0.0003119904433462851,176.68550651645356,176.6858185068969,1398.7488179338716,6.141831239953152e-07,cleared,79,False,False,True,9.139613505888472e-07,True,0.006551799310271987,3710.3956368455247,108718.67763725613,True,1.7210564333169411,2.8099557999521494,34,shared_weighted_euclidean_projector,shared_model_kernel_rcmsa_tagged_transition,released_hmm_filter,79
Model-guided constrained SAC,full_action,test_080_e669407a98d7,e669407a98d788999f61cc42f0d91ad3f73f1d4c7c567a28c5df008483262012,8b83c669d56287c61d40a0703b8fe7ebc8aa642d9fff413ea893b4f328a3116c,554911178.0,21,79,decision_plus_clearance,16251.140175018607,107348.30809893661,0.0,123599.44827395522,8895.92716746966,104584.09758030612,4181.722952959597,3615.676429868931,1387.5203225205867,934.5038208303747,44.62001532500343,1446.7649120642975,8360.965319184646,0.0006036923117173339,199.12906073433575,199.12966442664748,1550.4714717155198,5.255160992068564e-07,cleared,79,False,False,True,9.750873075732323e-07,True,0.012677538546064012,4181.710275421051,123599.44827395528,True,1.769011695226211,2.691005500033498,34,shared_weighted_euclidean_projector,shared_model_kernel_rcmsa_tagged_transition,released_hmm_filter,79
Model-guided constrained SAC,full_action,test_081_fbbd80304765,fbbd803047650db226feaa75de7119d49ed8d237f46bb4c3b1122439776b0ba3,8b83c669d56287c61d40a0703b8fe7ebc8aa642d9fff413ea893b4f328a3116c,554911178.0,21,79,decision_plus_clearance,14508.481491257045,106161.05127407862,0.0,120669.53276533567,7916.428763876702,103500.61030368526,4154.487840734873,2950.578887492365,1209.162958390279,938.2640111561997,40.77718728794408,1219.1275772989989,8146.756183169175,0.00036857048158047247,197.83238575022668,197.83275432070826,1458.5816771534633,6.481690808849212e-07,cleared,79,False,False,True,9.996659595640242e-07,True,0.0077399801131899214,4154.48010075476,120669.53276533568,True,1.754984861882847,2.78863409999758,34,shared_weighted_euclidean_projector,shared_model_kernel_rcmsa_tagged_transition,released_hmm_filter,79
Model-guided constrained SAC,full_action,test_082_2cf496ac3a99,2cf496ac3a99b59959fd7b5de1a04776b86b60eee9dcd086bd37dfc0c4edb16c,8b83c669d56287c61d40a0703b8fe7ebc8aa642d9fff413ea893b4f328a3116c,554911178.0,21,79,decision_plus_clearance,16695.804257851825,104237.86657418098,0.0,120933.6708320328,9027.751766491177,101875.11654632463,4053.976868675244,3643.116679243482,1400.7971877630114,932.9117835352913,44.73523620116746,1472.0775196440918,8255.078949214138,0.0005805305516766277,193.04593702541234,193.04651755596402,1559.9942550834894,5.082407658309216e-07,cleared,79,False,False,True,9.931328170257481e-07,True,0.01219114158520918,4053.964677533659,120933.67083203283,True,1.7865198190612275,2.7223877999931574,34,shared_weighted_euclidean_projector,shared_model_kernel_rcmsa_tagged_transition,released_hmm_filter,79
Model-guided constrained SAC,full_action,test_083_4cbdde5f376f,4cbdde5f376f40f80c1ddb1ed6bdd46a705c890728c9a5d74d7af9a990a98cc8,8b83c669d56287c61d40a0703b8fe7ebc8aa642d9fff413ea893b4f328a3116c,554911178.0,21,79,decision_plus_clearance,16153.321734238376,99166.27673307568,0.0,115319.59846731405,8602.23573045044,97188.61427855736,3863.419674848726,3375.8322582326628,1354.7265823826854,934.7699428421568,42.88757643465678,1362.1501731343958,7917.137039537588,0.0005546446123051613,183.97181082437467,183.97236546898696,1522.281499615634,5.285243991315419e-07,cleared,79,False,False,True,9.623023122055751e-07,True,0.011647536858408388,3863.408027311868,115319.59846731405,True,1.789448285719291,2.865580700105056,34,shared_weighted_euclidean_projector,shared_model_kernel_rcmsa_tagged_transition,released_hmm_filter,79
Model-guided constrained SAC,full_action,test_084_513eb18f351c,513eb18f351c0ae9049df078bb1de046440084ba5b9f75437cb0aee0bdfd9e44,8b83c669d56287c61d40a0703b8fe7ebc8aa642d9fff413ea893b4f328a3116c,554911178.0,21,79,decision_plus_clearance,15972.926149474786,102025.39833970043,0.0,117998.32448917523,8634.862593475198,99692.1111089977,3974.539487631878,3415.714327195034,1346.4221225089677,934.674849366476,43.48930717669159,1391.182521382578,8045.872557716875,0.0005398333281915894,189.26324529199934,189.26378512532753,1520.6489608744405,5.63673965950202e-07,cleared,79,False,False,True,9.217056729840344e-07,True,0.011336499892023379,3974.5281511319863,117998.32448917525,True,1.745410823773238,2.552537600044161,34,shared_weighted_euclidean_projector,shared_model_kernel_rcmsa_tagged_transition,released_hmm_filter,79
Model-guided constrained SAC,full_action,test_085_650c50514b66,650c50514b6644e496b372654068cbdc1711c214d31c247c6f969a86a61106c0,8b83c669d56287c61d40a0703b8fe7ebc8aa642d9fff413ea893b4f328a3116c,554911178.0,21,79,decision_plus_clearance,17445.00278980676,102675.7326801135,0.0,120120.73546992027,9365.558601478742,100506.22429142195,3983.3481881996413,3880.332092067036,1453.7642871861233,931.5080095667917,46.02333809205026,1564.4360071121478,8232.398227878164,0.000641449605392168,189.6826056075204,189.68324705712578,1583.5142078816887,5.589219393100694e-07,cleared,79,False,False,True,9.952156444784233e-07,True,0.01347044171323553,3983.3347177579285,120120.73546992028,True,1.7609820809503574,2.711949799908325,34,shared_weighted_euclidean_projector,shared_model_kernel_rcmsa_tagged_transition,released_hmm_filter,79
Model-guided constrained SAC,full_action,test_086_754dc8e1ab0e,754dc8e1ab0e7268d5ce0dd2ffc19bdf7c2959cd70067092fd5ee3f03e2bf486,8b83c669d56287c61d40a0703b8fe7ebc8aa642d9fff413ea893b4f328a3116c,554911178.0,21,79,decision_plus_clearance,16807.74185208869,107699.8657172973,0.0,124507.60756938599,9196.372023567017,104967.505441003,4188.364442110571,3760.1308967081222,1404.2665087584423,990.9682572387931,45.59669685023605,1531.3348033688294,8437.328665797853,0.0005580000535093989,199.44536781473556,199.44592581478906,1570.9068487743818,6.686706320654448e-07,cleared,79,False,False,True,9.332477007073914e-07,True,0.011718001123697376,4188.352724109447,124507.60756938596,True,1.7581539476689483,2.6899155999999493,34,shared_weighted_euclidean_projector,shared_model_kernel_rcmsa_tagged_transition,released_hmm_filter,79
Model-guided constrained SAC,full_action,test_087_cbc79ee243dd,cbc79ee243dd0e237a5023163791e895019f33bb871350474ccaace9587409dc,8b83c669d56287c61d40a0703b8fe7ebc8aa642d9fff413ea893b4f328a3116c,554911178.0,21,79,decision_plus_clearance,15493.780166937495,109151.53021859465,0.0,124645.31038553214,8657.842701225314,106047.7924231012,4254.153805304026,3430.9648396169305,1319.3426373557306,935.2139789289616,44.18732238705201,1415.6288857422255,8374.800027392072,0.0004889141781374197,202.5782637193469,202.57875263352503,1516.181400281837,6.16866843571998e-07,cleared,79,False,False,True,9.659736226208088e-07,True,0.010267197740885813,4254.143538106285,124645.31038553217,True,1.758588633333732,2.739100399892777,34,shared_weighted_euclidean_projector,shared_model_kernel_rcmsa_tagged_transition,released_hmm_filter,79
Model-guided constrained SAC,full_action,test_000_4ae657b9eeec,4ae657b9eeecf70786804d24952478895a67cdd02d3cb00a5f23d60565e89d40,8b83c669d56287c61d40a0703b8fe7ebc8aa642d9fff413ea893b4f328a3116c,1600960620.0,21,79,decision_plus_clearance,16323.09995424049,102214.92878355051,0.0,118538.028737791,8912.53797571063,99791.67048460885,3976.3148583665716,3572.795079103199,1382.1271487278796,902.5831912738465,44.43945759602643,1453.2578982651862,8083.817445188828,0.0005620384912225733,189.34776455039312,189.34832658888433,1552.024548045029,5.299848873916958e-07,cleared,79,False,False,True,9.620308254132415e-07,True,0.011802808315674039,3976.3030555582554,118538.028737791,True,1.7517152000107759,2.6080811000429094,34,shared_weighted_euclidean_projector,shared_model_kernel_rcmsa_tagged_transition,released_hmm_filter,79
Model-guided constrained SAC,full_action,test_001_dde9993de777,dde9993de777ead4870656b2cec02bf256c4174b03458346cc5fc13db98f082b,8b83c669d56287c61d40a0703b8fe7ebc8aa642d9fff413ea893b4f328a3116c,1600960620.0,21,79,decision_plus_clearance,15015.072033539123,107586.64241512808,0.0,122601.7144486672,8312.337373506472,104678.79986645794,4200.610038249701,3227.751939752342,1275.1173468858794,907.0978838148687,42.54974192618202,1317.9831122547996,8261.91852681769,0.00044693652964972267,200.0286025039323,200.02904944046193,1498.1230702185542,6.886431396184203e-07,cleared,79,False,False,True,9.612902664024288e-07,True,0.009385667122644176,4200.600652582578,122601.71444866719,True,1.7375247952350903,2.7432895000092685,34,shared_weighted_euclidean_projector,shared_model_kernel_rcmsa_tagged_transition,released_hmm_filter,79
Model-guided constrained SAC,full_action,test_002_f01217ab0e79,f01217ab0e7903b1b91cb3f87068f20b75f716d08632ca2b15c76649d7f00a8c,8b83c669d56287c61d40a0703b8fe7ebc8aa642d9fff413ea893b4f328a3116c,1600960620.0,21,79,decision_plus_clearance,15782.611264056222,91842.54296991008,0.0,107625.1542339663,8316.154595797965,90323.09238714683,3578.0207229543807,3192.7833568109963,1310.512562295897,904.590608960204,41.5474134447048,1303.8801020680514,7467.432249590341,0.0004939059322194185,170.38144528237163,170.38193918830385,1493.986116892728,4.5530914079685013e-07,cleared,79,False,False,True,9.771353119947096e-07,True,0.010372024576607788,3578.010350929804,107625.15423396627,True,1.7533268761776744,2.596936399815604,34,shared_weighted_euclidean_projector,shared_model_kernel_rcmsa_tagged_transition,released_hmm_filter,79
Model-guided constrained SAC,full_action,test_003_eb3106001035,eb3106001035e1bd9c52b845bd9616d282a52a699d46aca5269b5370622454fc,8b83c669d56287c61d40a0703b8fe7ebc8aa642d9fff413ea893b4f328a3116c,1600960620.0,21,79,decision_plus_clearance,15688.52540374117,101301.40405352353,0.0,116989.92945726469,8582.049780000008,98825.25073295675,3944.0020577960818,3394.8916400894036,1338.6510742669682,905.0841721555229,43.40828528574654,1380.8752509809192,7971.676739837976,0.0005325312448653262,187.80908926856856,187.8096217998134,1521.1903671927573,5.427757074240041e-07,cleared,79,False,False,True,9.472549821588874e-07,True,0.01118315614217185,3943.9908746399396,116989.92945726472,True,1.7497423428243823,2.719113799976185,34,shared_weighted_euclidean_projector,shared_model_kernel_rcmsa_tagged_transition,released_hmm_filter,79
Model-guided constrained SAC,full_action,test_004_55a330aff5c4,55a330aff5c4a0576082656af4ffca48ee935b03b126b46b442653f81477abfb,8b83c669d56287c61d40a0703b8fe7ebc8aa642d9fff413ea893b4f328a3116c,1600960620.0,21,79,decision_plus_clearance,15895.31883584183,93428.40163732672,0.0,109323.72047316855,8471.881527137353,91746.55162369752,3634.3186648850556,3248.3878085704773,1318.529861186679,904.0509876914855,42.41073931208149,1350.5850354853862,7570.2000328285285,0.0004839372069300232,173.0623096287481,173.06279356595502,1505.375228493225,5.030040781377473e-07,cleared,79,False,False,True,9.65578101982194e-07,True,0.010162681345530486,3634.30850220371,109323.72047316856,True,1.715260657160321,2.732905900105834,34,shared_weighted_euclidean_projector,shared_model_kernel_rcmsa_tagged_transition,released_hmm_filter,79
Model-guided constrained SAC,full_action,test_005_981c73a17708,981c73a17708f6a8f2159189b725895e9b78b4ffca7b2cc292d9f5cb6c138259,8b83c669d56287c61d40a0703b8fe7ebc8aa642d9fff413ea893b4f328a3116c,1600960620.0,21,79,decision_plus_clearance,15204.068116255103,100200.87688830013,0.0,115404.94500455524,8294.970843916717,97885.15700139523,3908.2785696196997,3141.892557599354,1268.8947494878378,905.7512825364136,42.133062425835746,1317.9027698870573,7877.649505082064,0.0004133451852172296,186.10808997003858,186.1085033152238,1497.8342279078379,5.463562346864334e-07,cleared,79,False,False,True,9.719209357123892e-07,True,0.008680248889561822,3908.2698893708102,115404.94500455524,True,1.7245600095040918,2.625017900019884,34,shared_weighted_euclidean_projector,shared_model_kernel_rcmsa_tagged_transition,released_hmm_filter,79
Model-guided constrained SAC,full_action,test_006_daba4b1e9814,daba4b1e9814b4a66b4b77a1db00896fa1b3246def31f9ebaa0c7ced46e92af5,8b83c669d56287c61d40a0703b8fe7ebc8aa642d9fff413ea893b4f328a3116c,1600960620.0,21,79,decision_plus_clearance,15793.739518312404,98013.44204763022,0.0,113807.18156594262,8493.877258902869,95966.40849540992,3817.6730139358783,3304.3004890143484,1320.7458245100463,904.1764841695725,42.82322428061857,1364.16062480131,7808.131131909291,0.0004843933770358314,181.7934686511886,181.79395304456563,1507.1206311419012,6.448016336447895e-07,cleared,79,False,False,True,9.354210406230563e-07,True,0.01017226091775246,3817.6628416749604,113807.18156594264,True,1.7423521381071103,2.8092102000955492,34,shared_weighted_euclidean_projector,shared_model_kernel_rcmsa_tagged_transition,released_hmm_filter,79
Model-guided constrained SAC,full_action,test_007_925513ee8ec6,925513ee8ec62fc55ab4f4e4980ba11972ca8c6ab89cbb52b03a5fe88f85fa31,8b83c669d56287c61d40a0703b8fe7ebc8aa642d9fff413ea893b4f328a3116c,1600960620.0,21,79,decision_plus_clearance,18584.015749385773,97297.44619331918,0.0,115881.46194270495,9900.356693368973,95535.47828826743,3757.193741424094,4229.738111101513,1563.557652034982,895.1374565078931,47.96338093946134,1699.0264609178564,8048.09946367965,0.0008367471974159714,178.9131509396642,178.91398768686162,1645.6840319082798,5.200269481503352e-07,cleared,79,False,False,True,9.873465535271732e-07,True,0.0175716911457354,3757.1761697329484,115881.46194270489,True,1.7772248476255863,2.632103899959475,34,shared_weighted_euclidean_projector,shared_model_kernel_rcmsa_tagged_transition,released_hmm_filter,79
Model-guided constrained SAC,full_action,test_008_fabe46a0ea00,fabe46a0ea0025c65c0c7b807dc0f70b60fa5f50100dd7bd2d9ad2a46e9df6b5,8b83c669d56287c61d40a0703b8fe7ebc8aa642d9fff413ea893b4f328a3116c,1600960620.0,21,79,decision_plus_clearance,14732.985984512428,93260.54445348482,0.0,107993.53043799725,7812.91924269521,91540.25659152557,3644.406331988947,2863.343505508406,1224.212584082794,908.392182196338,39.84467990332627,1192.9215808571805,7443.636954105894,0.00040238617384855054,173.54275627996648,173.54315866614033,1449.2289520027382,5.506819602965197e-07,cleared,79,False,False,True,9.911864263256264e-07,True,0.00845010965081956,3644.397881879296,107993.53043799728,True,1.7222246380766766,2.704849700210616,34,shared_weighted_euclidean_projector,shared_model_kernel_rcmsa_tagged_transition,released_hmm_filter,79
Model-guided constrained SAC,full_action,test_009_c8ef87e47101,c8ef87e471016915d86795cd09c50907b7668afc7c30bcb05a14726a2af75061,8b83c669d56287c61d40a0703b8fe7ebc8aa642d9fff413ea893b4f328a3116c,1600960620.0,21,79,decision_plus_clearance,14601.089220921633,105751.85735338434,0.0,120352.94657430597,8237.238166180634,102694.10719455949,4123.547876936401,3149.7404445542284,1241.3888990986752,906.9239929765092,42.719298221058416,1331.2720320156036,8098.4306970417665,0.00038871653947479334,196.3590339947177,196.35942271125717,1473.1308486806636,6.676614537454794e-07,cleared,79,False,False,True,9.758348577701789e-07,True,0.00816304732897066,4123.539713889071,120352.94657430593,True,1.7248539666512184,2.84574760007672,34,shared_weighted_euclidean_projector,shared_model_kernel_rcmsa_tagged_transition,released_hmm_filter,79
Model-guided constrained SAC,full_action,test_010_613ab99db82c,613ab99db82c659cd8ff6e1475e7317b5ab19503260bfedec209a4c7abd2eb88,8b83c669d56287c61d40a0703b8fe7ebc8aa642d9fff413ea893b4f328a3116c,1600960620.0,21,79,decision_plus_clearance,14314.431700019833,91091.4618297457,0.0,105405.89352976554,7623.86526760579,89369.3569618778,3559.37489433609,2718.435309173032,1167.2221624463314,967.6389343264924,38.91342833437248,1162.362105337464,7275.101471252759,0.00032667248699726323,169.49371591494588,169.4940425874329,1426.6725868976775,5.260321084240292e-07,cleared,79,False,False,True,9.77540673423605e-07,True,0.006860122226942528,3559.3680342138637,105405.89352976553,True,1.7158235571169782,2.5647839999292046,34,shared_weighted_euclidean_projector,shared_model_kernel_rcmsa_tagged_transition,released_hmm_filter,79
Model-guided constrained SAC,full_action,test_011_8a2e74b38d5d,8a2e74b38d5d3fa099c53fd66f114b907a8d9576d5dcc067dc484a7c19e7da8b,8b83c669d56287c61d40a0703b8fe7ebc8aa642d9fff413ea893b4f328a3116c,1600960620.0,21,79,decision_plus_clearance,15779.823136365307,113114.20018602753,0.0,128894.02332239284,9032.057793667691,109506.02192542035,4399.319278445737,3677.9137725950195,1374.626656384315,904.0838958797015,45.89276358461497,1505.416024640725,8621.598177564696,0.0005565025501066975,209.49083770915166,209.49139421170176,1558.8375985166863,6.667058191312435e-07,cleared,79,False,False,True,9.57332358868456e-07,True,0.011686553552240646,4399.307591892185,128894.0233223928,True,1.7668706381006078,2.888374400092289,34,shared_weighted_euclidean_projector,shared_model_kernel_rcmsa_tagged_transition,released_hmm_filter,79
Model-guided constrained SAC,full_action,test_012_b6bdc05b20a7,b6bdc05b20a7bd7872689e9fd93f49c5864d83dbaa6c13c7b8023906ab88c1ae,8b83c669d56287c61d40a0703b8fe7ebc8aa642d9fff413ea893b4f328a3116c,1600960620.0,21,79,decision_plus_clearance,16065.573264663224,104745.83317200068,0.0,120811.4064366639,8962.30814561257,101853.83635345023,4068.6988257409466,3593.1656554560122,1371.5298631748751,961.8675932292266,44.83616441723537,1475.6884181748023,8202.5412754998,0.0005396069077765005,193.74702352361348,193.74756313052126,1564.036666260068,5.594429552811797e-07,cleared,79,False,False,True,9.769959901967003e-07,True,0.011331745063306512,4068.687493995883,120811.40643666386,True,1.7624365285903747,2.8695675001945347,34,shared_weighted_euclidean_projector,shared_model_kernel_rcmsa_tagged_transition,released_hmm_filter,79
Model-guided constrained SAC,full_action,test_013_040653995d85,040653995d85cc962bcb3d75b933864971de686f9683c73e392ab9224c3c2124,8b83c669d56287c61d40a0703b8fe7ebc8aa642d9fff413ea893b4f328a3116c,1600960620.0,21,79,decision_plus_clearance,14467.800863715664,87651.98161518679,0.0,102119.78247890245,7635.642408763204,86228.79859262773,3421.4482127577476,2752.9056449366826,1173.9223422316006,907.0652775854996,39.23388804725944,1183.7550592522164,7084.730998485653,0.0003383927826582288,162.9257669766339,162.92610536941655,1407.3967735175406,5.096599132102168e-07,cleared,79,False,False,True,9.537532578948124e-07,True,0.007106248435822804,3421.441106509312,102119.78247890246,True,1.6994071666239983,2.598725800169632,34,shared_weighted_euclidean_projector,shared_model_kernel_rcmsa_tagged_transition,released_hmm_filter,79
Model-guided constrained SAC,full_action,test_014_f00647451070,f00647451070accd7f5177b412ddbd68c73d8b7f2cb6c77b8469ffbc7c614a43,8b83c669d56287c61d40a0703b8fe7ebc8aa642d9fff413ea893b4f328a3116c,1600960620.0,21,79,decision_plus_clearance,14679.830396334131,91877.71660128716,0.0,106557.54699762129,7836.696375400154,90110.54418710817,3585.0684569129335,2895.5244746544463,1221.8324132116009,907.8810903339523,40.17270947579351,1213.8758098695396,7345.628132081266,0.0004068222336595543,170.71713874504889,170.71754556728254,1440.7324823174679,5.345320298867726e-07,cleared,79,False,False,True,9.78720138614575e-07,True,0.00854326690685064,3585.0599136460264,106557.54699762125,True,1.7235270571961467,2.7628036001697183,34,shared_weighted_euclidean_projector,shared_model_kernel_rcmsa_tagged_transition,released_hmm_filter,79
Model-guided constrained SAC,full_action,test_015_643a837775f9,643a837775f944f0e897fff5495209f1a59016e336af0b18defb50bf86cbf809,8b83c669d56287c61d40a0703b8fe7ebc8aa642d9fff413ea893b4f328a3116c,1600960620.0,21,79,decision_plus_clearance,18560.682862087822,108961.55067301523,0.0,127522.23353510305,10290.656618330622,105999.13431020534,4209.441664595339,4512.178805746593,1614.6716180136846,896.1505182114839,49.977665085322144,1789.5025539527805,8670.328449634488,0.0009573856266568781,200.44864569034186,200.44960307596853,1685.7679063486298,5.712147252685632e-07,cleared,79,False,False,True,9.314004022626266e-07,True,0.02010509815979444,4209.421559497179,127522.23353510306,True,1.7750959762017287,2.8098727001342922,34,shared_weighted_euclidean_projector,shared_model_kernel_rcmsa_tagged_transition,released_hmm_filter,79
Model-guided constrained SAC,full_action,test_016_45a90ccef8bd,45a90ccef8bdd374ee00dbc87ec9b3752c6a102ea41ee1fc73e6c34df9d0ef6a,8b83c669d56287c61d40a0703b8fe7ebc8aa642d9fff413ea893b4f328a3116c,1600960620.0,21,79,decision_plus_clearance,16027.000584149953,108920.91651517329,0.0,124947.91709932324,9088.112610672239,105627.96853998261,4230.430910022294,3705.5054144207993,1392.6234259062142,903.2761983190642,45.79001450036827,1509.6571889819195,8415.4749017112,0.0005768066731158831,201.44851414676944,201.44909095344255,1565.255740076067,5.690170649135831e-07,cleared,79,False,False,True,9.492256554161627e-07,True,0.012112940135433545,4230.418797082159,124947.91709932321,True,1.7728185809683055,2.8432501000352204,34,shared_weighted_euclidean_projector,shared_model_kernel_rcmsa_tagged_transition,released_hmm_filter,79
Model-guided constrained SAC,full_action,test_017_ebd333a3cdba,ebd333a3cdbaf4583dc4bbdc159fa86380b9858d554b85820a961aee779a82c0,8b83c669d56287c61d40a0703b8fe7ebc8aa642d9fff413ea893b4f328a3116c,1600960620.0,21,79,decision_plus_clearance,16175.032933969569,99069.7450133554,0.0,115244.77794732497,8735.763344036051,96963.87138119887,3855.2110805813545,3435.858179648168,1350.921964116751,903.1519977437347,43.79766639549723,1423.6802985878483,7896.219654472826,0.0005021437973922206,183.58097788388616,183.58148002768357,1530.2912112759893,6.223815336621163e-07,cleared,79,False,False,True,8.818346934327369e-07,True,0.010545019745236634,3855.2005355616093,115244.77794732494,True,1.7471768285613507,2.6152425000909716,34,shared_weighted_euclidean_projector,shared_model_kernel_rcmsa_tagged_transition,released_hmm_filter,79
Model-guided constrained SAC,full_action,test_018_9466cee538c9,9466cee538c90a351ebb4cc641f0fb605f60f7a5370deb739961de94e8407d65,8b83c669d56287c61d40a0703b8fe7ebc8aa642d9fff413ea893b4f328a3116c,1600960620.0,21,79,decision_plus_clearance,16643.69367109586,99524.28396150375,0.0,116167.97763259962,9020.227501886848,97317.93739982182,3865.8216862530207,3646.1577641264244,1415.5355728064799,902.2977077050608,44.79152959986664,1474.7482608552757,7970.280332672714,0.0006274890010825882,184.08611947542846,184.08674696442955,1563.576294401051,5.138867415462553e-07,cleared,79,False,False,True,9.576097075919463e-07,True,0.013177269022734351,3865.808508983998,116167.97763259966,True,1.7779779142611438,2.822104800026864,34,shared_weighted_euclidean_projector,shared_model_kernel_rcmsa_tagged_transition,released_hmm_filter,79
Model-guided constrained SAC,full_action,test_019_9d2b7462a57a,9d2b7462a57ab18c9c816164b4cf31fe355ef525f834131b7e4bee6c19475a44,8b83c669d56287c61d40a0703b8fe7ebc8aa642d9fff413ea893b4f328a3116c,1600960620.0,21,79,decision_plus_clearance,17423.197174847937,98609.18712803366,0.0,116032.3843028816,9491.218238131241,96355.16207651695,3810.721041759516,3995.3793837106364,1481.5366995200561,898.3668632431757,47.00995816188477,1621.714325505912,7983.693835805886,0.0007101602164007972,181.46219659023674,181.46290675045316,1592.80404616609,5.766592634913132e-07,cleared,79,False,False,True,9.479885689778358e-07,True,0.014913364544416741,3810.7061283949715,116032.38430288159,True,1.7947416904581976,2.8209458000492305,34,shared_weighted_euclidean_projector,shared_model_kernel_rcmsa_tagged_transition,released_hmm_filter,79
Model-guided constrained SAC,full_action,test_020_701c8d28bc45,701c8d28bc45b0352a2505312c03123c85798d4dd0b786857dc34cb69fe2061b,8b83c669d56287c61d40a0703b8fe7ebc8aa642d9fff413ea893b4f328a3116c,1600960620.0,21,79,decision_plus_clearance,16278.6729469551,104933.5645139682,0.0,121212.2374609233,9082.437941763079,102046.17803386717,4075.420202135172,3702.212220717054,1403.406386849393,902.582675591469,45.4998756145332,1504.9914762330095,8214.948506625196,0.0005946399833609485,194.06703403312008,194.06762867310343,1562.8957481628015,5.05060493959864e-07,cleared,79,False,False,True,9.653672894910368e-07,True,0.01248743965057992,4075.4077146955215,121212.23746092335,True,1.7582697857259995,2.6748013999313116,34,shared_weighted_euclidean_projector,shared_model_kernel_rcmsa_tagged_transition,released_hmm_filter,79
Model-guided constrained SAC,full_action,test_021_69299bc5d0bf,69299bc5d0bf379cc97bdd78ee18bea9a8ffc622a60d0cff22ec8965b5a58972,8b83c669d56287c61d40a0703b8fe7ebc8aa642d9fff413ea893b4f328a3116c,1600960620.0,21,79,decision_plus_clearance,15902.906372809302,94752.42915282829,0.0,110655.3355256376,8444.634146068336,93029.5912422748,3690.7729481673514,3265.177141407791,1321.1936245571574,903.9664231621524,42.261708530374456,1341.070843117414,7644.005336953933,0.0004925715066555173,175.7506001983672,175.75109276987388,1506.1825103742747,5.450099121297915e-07,cleared,79,False,False,True,9.904499761279434e-07,True,0.010344001639765862,3690.7626041657113,110655.33552563758,True,1.7418269523796404,2.6319752000272274,34,shared_weighted_euclidean_projector,shared_model_kernel_rcmsa_tagged_transition,released_hmm_filter,79
Model-guided constrained SAC,full_action,test_022_1b3e72c80b5f,1b3e72c80b5f8d5862204b809782bba3d065c565c21a1919e08c2b86b7b1841f,8b83c669d56287c61d40a0703b8fe7ebc8aa642d9fff413ea893b4f328a3116c,1600960620.0,21,79,decision_plus_clearance,16425.363841323117,92711.10913582206,0.0,109136.47297714517,8678.11623816983,91178.41819520706,3601.996245214612,3408.793258598637,1366.726967473517,902.4220724815715,43.06435640608638,1391.9045980893836,7597.923232964197,0.0005493093389547536,171.52308141516636,171.52363072450532,1536.33397332189,5.026030345820989e-07,cleared,79,False,False,True,9.953639989716273e-07,True,0.011535496118049826,3601.9847097184934,109136.47297714523,True,1.7435140714293258,2.600657000206411,34,shared_weighted_euclidean_projector,shared_model_kernel_rcmsa_tagged_transition,released_hmm_filter,79
Model-guided constrained SAC,full_action,test_023_90a8af416c5a,90a8af416c5a6e79abe970bf714eca061d636b83c012d16275b0083f8782fa25,8b83c669d56287c61d40a0703b8fe7ebc8aa642d9fff413ea893b4f328a3116c,1600960620.0,21,79,decision_plus_clearance,16991.097381150117,100942.36267773827,0.0,117933.46005888839,9346.851453268446,98398.75530954523,3908.8058352896705,3922.381473139595,1455.5670365135936,901.0989511318351,46.8433507114328,1599.84400610507,8048.043814153689,0.0006908162432679011,186.13292038802675,186.13361120427,1577.0812844235334,6.434203272692088e-07,cleared,79,False,False,True,9.455680027900602e-07,True,0.014507141108625922,3908.7913281485617,117933.46005888838,True,1.6471329047566368,2.4754502999130636,34,shared_weighted_euclidean_projector,shared_model_kernel_rcmsa_tagged_transition,released_hmm_filter,79
Model-guided constrained SAC,full_action,test_024_e90f261f99e2,e90f261f99e247c3e3c066941073cd14924ea1eec3b7043270db54af5285d79a,8b83c669d56287c61d40a0703b8fe7ebc8aa642d9fff413ea893b4f328a3116c,1600960620.0,21,79,decision_plus_clearance,15341.384190844137,103836.6626537976,0.0,119178.04684464174,8590.485350726467,100954.54547506341,4042.2896326153887,3373.1764841294203,1312.2233591076597,905.3265429993431,43.69032051312516,1395.0783971680214,8057.56642818342,0.0004624502658316212,192.48952005522887,192.4899825054947,1513.2923454834508,5.704117518917142e-07,cleared,79,False,False,True,9.38435924259818e-07,True,0.009711455582464045,4042.2799211598062,119178.04684464169,True,1.7210264523912753,2.734118700027466,34,shared_weighted_euclidean_projector,shared_model_kernel_rcmsa_tagged_transition,released_hmm_filter,79
Model-guided constrained SAC,full_action,test_025_0c3eeaae0824,0c3eeaae08241ee112c7df9413dd57d8fb7bc6ef2bac58f6ca7de012fc948c72,8b83c669d56287c61d40a0703b8fe7ebc8aa642d9fff413ea893b4f328a3116c,1600960620.0,21,79,decision_plus_clearance,15556.601222719788,102883.13342075661,0.0,118439.7346434764,8468.703232923857,100469.99712098614,4008.1778324329816,3283.0185629750817,1304.765608246725,905.0722859115882,42.940428355291374,1354.08345028945,8085.45999694204,0.00047990992203840715,190.86513115831517,190.8656110682372,1522.053405890048,6.852045299701031e-07,cleared,79,False,False,True,9.76246969634218e-07,True,0.010078108362806551,4008.1677543246183,118439.73464347637,True,1.7192579190734596,2.664313100045547,34,shared_weighted_euclidean_projector,shared_model_kernel_rcmsa_tagged_transition,released_hmm_filter,79
Model-guided constrained SAC,full_action,test_026_770d47ae1768,770d47ae17682b043d9c912886a238fdb23a8c0a8289016ef57c0235fe5d0b06,8b83c669d56287c61d40a0703b8fe7ebc8aa642d9fff413ea893b4f328a3116c,1600960620.0,21,79,decision_plus_clearance,15127.252938989826,112156.65088991146,0.0,127283.90382890128,8589.73403879328,108683.06555398635,4372.985598481434,3431.1600125151344,1299.5995392659806,907.3590858590744,43.75581149944646,1390.8306946653943,8500.802034218092,0.00046027579241463153,208.23694917570444,208.23740945149686,1511.607819625758,7.150792452632674e-07,cleared,79,False,False,True,8.744236663185832e-07,True,0.009665791640707262,4372.975932689793,127283.90382890125,True,1.747136376232707,2.756969300098717,34,shared_weighted_euclidean_projector,shared_model_kernel_rcmsa_tagged_transition,released_hmm_filter,79
Model-guided constrained SAC,full_action,test_027_df5d670513fa,df5d670513fa35262df8ea203ff162de2bc1a2f4598ac89786b63793aaa8dbd0,8b83c669d56287c61d40a0703b8fe7ebc8aa642d9fff413ea893b4f328a3116c,1600960620.0,21,79,decision_plus_clearance,16116.223217525143,95770.87707412927,0.0,111887.10029165441,8590.210824022002,93971.19287584424,3726.748672292766,3352.3146039387866,1343.4294003261753,903.2039152304807,42.831223104738235,1371.6757709742412,7731.27318226594,0.0005243529761808197,177.46369813715555,177.46422249013173,1525.29095802265,4.912955530691472e-07,cleared,79,False,False,True,9.51158593455658e-07,True,0.011011412499797214,3726.7376608802665,111887.10029165444,True,1.7711407952232374,2.768384899944067,34,shared_weighted_euclidean_projector,shared_model_kernel_rcmsa_tagged_transition,released_hmm_filter,79
Model-guided constrained SAC,full_action,test_028_e9fb02365dd3,e9fb02365dd39d4a479796939c6b75136b323e6bb5414d58fe16c9eb23eb080e,8b83c669d56287c61d40a0703b8fe7ebc8aa642d9fff413ea893b4f328a3116c,1600960620.0,21,79,decision_plus_clearance,14853.41068203988,93876.2121591246,0.0,108729.62284116447,7892.467815207171,92095.82827203839,3666.3723424049704,2934.202869458984,1233.0495334840618,907.7020085709445,39.99967090003625,1204.8465585359909,7484.714849471435,0.000410780863191216,174.58874838127824,174.5891591621414,1448.5673253377893,4.968165714444161e-07,cleared,79,False,False,True,9.514351189735124e-07,True,0.008626398127015536,3666.363716006843,108729.62284116451,True,1.7427735000050493,2.7929189999122173,34,shared_weighted_euclidean_projector,shared_model_kernel_rcmsa_tagged_transition,released_hmm_filter,79
Model-guided constrained SAC,full_action,test_029_b44f60718c5a,b44f60718c5a51721bd1be86466c0bb83a8f075ec00e497e8853122651b88be6,8b83c669d56287c61d40a0703b8fe7ebc8aa642d9fff413ea893b4f328a3116c,1600960620.0,21,79,decision_plus_clearance,14527.036868555153,100256.6449724661,0.0,114783.68184102126,7985.220071471702,97718.3064562089,3915.2393229389504,2981.5350086471053,1215.8393894547144,967.5415922999257,40.80069593715875,1242.5418123653744,7792.577407392053,0.0003754566027719457,186.43959230239489,186.43996775899765,1463.6135195005504,5.901170966386264e-07,cleared,79,False,False,True,9.624603370827237e-07,True,0.00788458865821086,3915.2314383502926,114783.6818410213,True,1.7378560619295709,2.690851900028065,34,shared_weighted_euclidean_projector,shared_model_kernel_rcmsa_tagged_transition,released_hmm_filter,79
Model-guided constrained SAC,full_action,test_030_038f4c53d11f,038f4c53d11f455d906ca9a381763816040bd2f31fb252156466a1f74c404471,8b83c669d56287c61d40a0703b8fe7ebc8aa642d9fff413ea893b4f328a3116c,1600960620.0,21,79,decision_plus_clearance,15746.785209480075,94246.36172965841,0.0,109993.14693913849,8378.814825860463,92482.89194252658,3671.9529769785536,3244.2054294548607,1311.095264572733,904.1864997452616,42.213752824033485,1337.793729933455,7585.102014864372,0.0004862838376936231,174.8544173818077,174.8549036656454,1493.3094588466786,5.594115734198008e-07,cleared,79,False,False,True,9.875855063001838e-07,True,0.010211960591566085,3671.942765017962,109993.14693913846,True,1.7512191476499928,2.5401646001264453,34,shared_weighted_euclidean_projector,shared_model_kernel_rcmsa_tagged_transition,released_hmm_filter,79
Model-guided constrained SAC,full_action,test_031_0a6ff70351b5,0a6ff70351b53c8e7f1de0d141b5084d11039bc524ccd9933f5b23b35b3abd3c,8b83c669d56287c61d40a0703b8fe7ebc8aa642d9fff413ea893b4f328a3116c,1600960620.0,21,79,decision_plus_clearance,14757.046441037099,99801.45484222018,0.0,114558.50128325727,8049.973242181692,97487.6934455476,3899.636069927451,2982.344470708957,1231.1646569343595,907.6893979571755,41.07671061190265,1254.2446247092425,7798.402640688816,0.00037716099272642757,185.69657854983828,185.696955710831,1466.4016875965667,5.41505290872526e-07,cleared,79,False,False,True,9.931526760783465e-07,True,0.00792038084725498,3899.6281495466037,114558.50128325722,True,1.7583569047551246,2.726643400033936,34,shared_weighted_euclidean_projector,shared_model_kernel_rcmsa_tagged_transition,released_hmm_filter,79
Model-guided constrained SAC,full_action,test_032_efdf826e6bc3,efdf826e6bc3db036d5fbf1436f2dc6c248eaee1538597a28304017514dc1eb9,8b83c669d56287c61d40a0703b8fe7ebc8aa642d9fff413ea893b4f328a3116c,1600960620.0,21,79,decision_plus_clearance,16444.3408219812,99548.75173682744,0.0,115993.09255880864,8956.317595213915,97238.88257569449,3864.3727263593933,3590.7922873431557,1382.256687038035,960.4706871596402,44.442792380388155,1472.059265661304,7954.33078591499,0.0005567473174262373,184.0171921269394,184.01774887425682,1555.5388713917177,5.594076604094178e-07,cleared,79,False,False,True,9.323866792343764e-07,True,0.011691693665950983,3864.3610346657274,115993.09255880862,True,1.751293119065286,2.7983001000247896,34,shared_weighted_euclidean_projector,shared_model_kernel_rcmsa_tagged_transition,released_hmm_filter,79
Model-guided constrained SAC,full_action,test_033_de0c441dba67,de0c441dba67f4c18af55eaa8c66ff0e1b4ea0b5a489e9d3e38964a74fdf2af7,8b83c669d56287c61d40a0703b8fe7ebc8aa642d9fff413ea893b4f328a3116c,1600960620.0,21,79,decision_plus_clearance,15862.2250682775,103748.47631608979,0.0,119610.70138436729,8782.957591627921,101006.7726177101,4035.9369411381745,3479.7766782274334,1342.5220005335561,962.7355551301165,43.98249002102983,1430.2265498407478,8113.11281102298,0.0005059010216066075,192.1869674865105,192.1874733875321,1535.4946414636263,5.841205332422974e-07,cleared,79,False,False,True,9.62810711370931e-07,True,0.010623921453738756,4035.9263172167202,119610.70138436729,True,1.7709956999668586,2.7606594001408666,34,shared_weighted_euclidean_projector,shared_model_kernel_rcmsa_tagged_transition,released_hmm_filter,79
Model-guided constrained SAC,full_action,test_034_a00d80b83640,a00d80b8364074d2d18768806f48ec2e34d59c8935d9982f8be9eed0f991c2da,8b83c669d56287c61d40a0703b8fe7ebc8aa642d9fff413ea893b4f328a3116c,1600960620.0,21,79,decision_plus_clearance,15591.174901980125,103884.04338370693,0.0,119475.21828568705,8595.809364585957,101207.33516585054,4045.709403746751,3391.7344044491247,1329.3244558859437,905.3054911687437,43.44469463036526,1379.7554986341206,8110.2232653682595,0.0005043664677047662,192.6523243833776,192.6528287498453,1522.129297471742,5.909747017588988e-07,cleared,79,False,False,True,9.651150620174795e-07,True,0.01059169582180009,4045.6988120509295,119475.21828568706,True,1.7725633905113984,2.8183299000374973,34,shared_weighted_euclidean_projector,shared_model_kernel_rcmsa_tagged_transition,released_hmm_filter,79
Model-guided constrained SAC,full_action,test_035_51fd398978b7,51fd398978b78ec8627904227f514de39808dc8e62092971f9c9d9d0c1a0e84a,8b83c669d56287c61d40a0703b8fe7ebc8aa642d9fff413ea893b4f328a3116c,1600960620.0,21,79,decision_plus_clearance,14731.654892322618,97345.81008196915,0.0,112077.46497429177,7972.872115972723,95213.35301204756,3800.5857791246453,2956.1637523644517,1226.8083126621525,907.6820021202701,40.86184245083144,1244.468394373443,7667.4009353043875,0.00038787048214407457,180.97988732592952,180.98027519641167,1456.5179736056143,6.253619059524201e-07,cleared,79,False,False,True,9.184323186615502e-07,True,0.008145280125025566,3800.57763384452,112077.46497429181,True,1.7475935904131759,2.782844000030309,34,shared_weighted_euclidean_projector,shared_model_kernel_rcmsa_tagged_transition,released_hmm_filter,79
Model-guided constrained SAC,full_action,test_036_7eb6ac1ca077,7eb6ac1ca077683a4409f4f2c9dbb73ac1a32707576f47c8cadd46a203595435,8b83c669d56287c61d40a0703b8fe7ebc8aa642d9fff413ea893b4f328a3116c,1600960620.0,21,79,decision_plus_clearance,15540.564803239275,99040.92940563071,0.0,114581.49420886999,8502.25240720624,96652.2784812963,3855.011338995697,3313.994646231394,1294.7799925375682,963.177342602762,42.68171741550517,1369.5555632122675,7812.175189240733,0.00043037386545941746,183.57153814973918,183.57196852360465,1502.7724975166575,5.57455572239295e-07,cleared,79,False,False,True,9.099148514938281e-07,True,0.009037851174647766,3855.002301144523,114581.49420886996,True,1.7705277666626942,2.8698350999038666,34,shared_weighted_euclidean_projector,shared_model_kernel_rcmsa_tagged_transition,released_hmm_filter,79
Model-guided constrained SAC,full_action,test_037_f096257ecaa4,f096257ecaa456c423dd2e587c7a0f76747a52746a718c0ca85345f8faa2c9df,8b83c669d56287c61d40a0703b8fe7ebc8aa642d9fff413ea893b4f328a3116c,1600960620.0,21,79,decision_plus_clearance,18949.150742369126,100305.85683251901,0.0,119255.00757488814,10303.350398739121,98057.03486216246,3860.66856818591,4516.334917807162,1623.3406549076567,894.2781730858028,49.656471369880755,1794.8256410354672,8238.853221583371,0.000961913865649684,183.84039847593957,183.8413603898052,1682.4647028697668,4.7499282505807737e-07,cleared,79,False,False,True,9.905571930215218e-07,True,0.020200191178643363,3860.648367994731,119255.0075748881,True,1.7985119476160478,2.7869561999104917,34,shared_weighted_euclidean_projector,shared_model_kernel_rcmsa_tagged_transition,released_hmm_filter,79
Model-guided constrained SAC,full_action,test_038_b05abc6e01b3,b05abc6e01b3718868c375b47078f5b62629d6eac8227c2b0618a70ea26128fc,8b83c669d56287c61d40a0703b8fe7ebc8aa642d9fff413ea893b4f328a3116c,1600960620.0,21,79,decision_plus_clearance,16447.67670641027,99129.80053381147,0.0,115577.47724022175,9066.902644309277,96645.10095903034,3841.4501860648747,3723.5381196330177,1398.2176558709612,902.267675313274,45.67028595770355,1533.4973129952,7890.947310976666,0.0005884045121741043,182.92561093191043,182.9261993364226,1545.1514260560384,5.55141989567161e-07,cleared,79,False,False,True,9.58751117749854e-07,True,0.01235649475565619,3841.437829570119,115577.47724022173,True,1.6555321952438957,2.6527694000396878,34,shared_weighted_euclidean_projector,shared_model_kernel_rcmsa_tagged_transition,released_hmm_filter,79
Model-guided constrained SAC,full_action,test_039_9c0d1ebe6c19,9c0d1ebe6c190d77dea3345bb6f3b600dad24feb171cfa5b624fa948a7b1d203,8b83c669d56287c61d40a0703b8fe7ebc8aa642d9fff413ea893b4f328a3116c,1600960620.0,21,79,decision_plus_clearance,15405.035268772346,103743.94593252262,0.0,119148.98120129497,8534.549197374829,101048.82475939306,4042.4815584468647,3320.6716834318017,1297.619620357988,904.8343822904397,43.41814207934627,1387.1574856594702,8067.370750161677,0.00043071428114285266,192.49869111652194,192.4991218308031,1503.105335593719,6.21843316236663e-07,cleared,79,False,False,True,9.938419600673525e-07,True,0.009044999903999906,4042.472513446961,119148.98120129498,True,1.7759969618858857,2.9642133999150246,34,shared_weighted_euclidean_projector,shared_model_kernel_rcmsa_tagged_transition,released_hmm_filter,79
Model-guided constrained SAC,full_action,test_040_11a8950c659e,11a8950c659e50fc01d8e1413f71ec94f8cee0fde048ef4f8feaf64bf17ebc31,8b83c669d56287c61d40a0703b8fe7ebc8aa642d9fff413ea893b4f328a3116c,1600960620.0,21,79,decision_plus_clearance,14784.05341649198,97585.66576184731,0.0,112369.71917833929,8071.64961584398,95293.07800728988,3804.840694673584,3054.051902344697,1239.5049480900395,906.5940100970961,41.69562226029077,1290.506882198952,7664.9775843842035,0.0004133011972262031,181.18247692135438,181.1828902225516,1457.0920746295105,6.461949627226051e-07,cleared,79,False,False,True,9.77605711686888e-07,True,0.008679325141750266,3804.832015348442,112369.71917833926,True,1.709795004787988,2.6495574000291526,34,shared_weighted_euclidean_projector,shared_model_kernel_rcmsa_tagged_transition,released_hmm_filter,79
Model-guided constrained SAC,full_action,test_041_e58f21dcc209,e58f21dcc209cc30ce7f3c41ea3bb5ca1044d9230ccb95693e6230e9d330fb88,8b83c669d56287c61d40a0703b8fe7ebc8aa642d9fff413ea893b4f328a3116c,1600960620.0,21,79,decision_plus_clearance,15779.226662379007,103854.48064704047,0.0,119633.70730941948,8624.24631277875,101341.88975717772,4048.498575774655,3382.6607923425217,1331.8496413891821,904.56222995658,43.44461136449614,1386.155743672123,8134.345214741903,0.000500886735163937,192.78514557872458,192.78564646545973,1529.4180392547269,5.868889950114754e-07,cleared,79,False,False,True,9.747335853364999e-07,True,0.010518621438442677,4048.4880571532162,119633.7073094194,True,1.7446488523855805,2.69758789986372,34,shared_weighted_euclidean_projector,shared_model_kernel_rcmsa_tagged_transition,released_hmm_filter,79
Model-guided constrained SAC,full_action,test_042_a77d2ece213a,a77d2ece213ae69417f02560c0642cd54460ae2e8b62820c3370f54e0b0c843f,8b83c669d56287c61d40a0703b8fe7ebc8aa642d9fff413ea893b4f328a3116c,1600960620.0,21,79,decision_plus_clearance,13845.725799144122,100081.0255569927,0.0,113926.75135613681,7618.219451937832,97581.14074112088,3916.1459242010187,2757.828585158196,1144.2242617197337,909.1923919992063,39.8160005213452,1181.840166118955,7714.736488454768,0.00030204568405326116,186.4828372019835,186.48313924766757,1412.2525536041185,6.252474149950364e-07,cleared,79,False,False,True,9.803380750842234e-07,True,0.0063429593651184845,3916.1395812416536,113926.75135613685,True,1.702805209516858,2.655953499954194,34,shared_weighted_euclidean_projector,shared_model_kernel_rcmsa_tagged_transition,released_hmm_filter,79
Model-guided constrained SAC,full_action,test_043_f1174106175c,f1174106175ca0507fd2efedad3b19e57bbe656b669a63b5f3bddc88ed93905a,8b83c669d56287c61d40a0703b8fe7ebc8aa642d9fff413ea893b4f328a3116c,1600960620.0,21,79,decision_plus_clearance,18143.223940199463,93576.09009711901,0.0,111719.31403731847,9568.80239767216,92129.21816198448,3616.6125345507935,3992.098425459788,1516.303734819335,896.2787828319769,46.506639999183534,1612.6439933084757,7813.756466965476,0.000762264244919225,172.21888223817382,172.21964450241873,1617.2593728044699,4.965247829612781e-07,cleared,79,False,False,True,8.476617942628405e-07,True,0.016007549143303726,3616.5965270016504,111719.31403731852,True,1.762843647628047,2.7177733001299202,34,shared_weighted_euclidean_projector,shared_model_kernel_rcmsa_tagged_transition,released_hmm_filter,79
Model-guided constrained SAC,full_action,test_044_ed401c94714a,ed401c94714a1b658a7305d216d392780815b859f07387d4086dea53af39e785,8b83c669d56287c61d40a0703b8fe7ebc8aa642d9fff413ea893b4f328a3116c,1600960620.0,21,79,decision_plus_clearance,14918.769327496539,101798.18936935188,0.0,116716.95869684842,8130.022806011902,99387.62145074682,3975.150136076923,3065.4197861916145,1251.5392134273516,907.2053043937856,41.55485924501079,1275.027855768418,7936.825452779832,0.00041247435171349516,189.2924511483589,189.29286362271063,1477.5691685133122,6.616546014309768e-07,cleared,79,False,False,True,9.955712404542342e-07,True,0.008661961385983399,3975.141474115537,116716.9586968484,True,1.6940366095264576,2.555725699989125,34,shared_weighted_euclidean_projector,shared_model_kernel_rcmsa_tagged_transition,released_hmm_filter,79
Model-guided constrained SAC,full_action,test_045_af7d3f616c1d,af7d3f616c1d242f60f09f068fd7a769245912bd59097557b89958e0f930fd8e,8b83c669d56287c61d40a0703b8fe7ebc8aa642d9fff413ea893b4f328a3116c,1600960620.0,21,79,decision_plus_clearance,16017.152890347066,103641.38885485752,0.0,119658.54174520458,8769.111852609336,101123.00143321334,4034.2623053698003,3475.938632719786,1352.4305461848471,903.7969751074114,43.92309280163499,1416.9550452503825,8148.664355766868,0.0005118320360997529,192.10721699509725,192.10772882713334,1537.7616555261825,6.082388890510622e-07,cleared,79,False,False,True,9.932990972905868e-07,True,0.010748472758094811,4034.251556897042,119658.54174520452,True,1.7294954143220647,2.553562300046906,34,shared_weighted_euclidean_projector,shared_model_kernel_rcmsa_tagged_transition,released_hmm_filter,79
Model-guided constrained SAC,full_action,test_046_e35b743e6617,e35b743e661721e2867313f4a6007e66923f4308dd844f736246ad22f905305e,8b83c669d56287c61d40a0703b8fe7ebc8aa642d9fff413ea893b4f328a3116c,1600960620.0,21,79,decision_plus_clearance,15560.336159983925,105842.85078045004,0.0,121403.18694043397,8572.529269105518,103106.70917986573,4127.290092893935,3366.215776044499,1324.862837986341,905.5797845378922,43.377816849769346,1372.2340075655115,8221.63445274749,0.0004959082846521838,196.53712756285512,196.53762347113977,1523.8137638092385,6.46104540157802e-07,cleared,79,False,False,True,9.683612725568852e-07,True,0.01041407397769586,4127.279678819958,121403.18694043392,True,1.71197424759157,2.5849061999469995,34,shared_weighted_euclidean_projector,shared_model_kernel_rcmsa_tagged_transition,released_hmm_filter,79
Model-guided constrained SAC,full_action,test_047_20c1f89391c1,20c1f89391c1a8fce9e63acefb218921593c303986fc79bf1eaf29fd9b27694e,8b83c669d56287c61d40a0703b8fe7ebc8aa642d9fff413ea893b4f328a3116c,1600960620.0,21,79,decision_plus_clearance,15328.408053832185,111823.77918954787,0.0,127152.18724338006,8712.15117103098,108370.4896020783,4358.6367311686945,3479.9433217301407,1325.3065915237996,905.6598258481406,44.28125511791386,1412.605305890114,8501.5526784731,0.0004799691504974767,207.55365008650165,207.55413005565214,1526.9242228511596,6.503873776820593e-07,cleared,79,False,False,True,9.46647297236188e-07,True,0.01007935216044701,4358.626651816535,127152.18724338006,True,1.6884840142780118,2.632115599932149,34,shared_weighted_euclidean_projector,shared_model_kernel_rcmsa_tagged_transition,released_hmm_filter,79
Model-guided constrained SAC,full_action,test_048_eeaf6a6a0a15,eeaf6a6a0a158e1862d5cbdc734d51cf09860f78311911e19e234cde4f8662d2,8b83c669d56287c61d40a0703b8fe7ebc8aa642d9fff413ea893b4f328a3116c,1600960620.0,21,79,decision_plus_clearance,15300.747863090233,103807.27531434577,0.0,119108.023177436,8592.039575405299,100856.17757917299,4038.0833156689496,3404.4929469822227,1312.369219815507,904.8605403910341,44.10110157027544,1416.9611241828725,8034.670240790737,0.00048485870393785,192.2891968398175,192.28968169852143,1501.5591270941898,6.38039192027519e-07,cleared,79,False,False,True,9.927345541608677e-07,True,0.01018203278269485,4038.0731336361673,119108.023177436,True,1.6029481286005605,2.5386085000354797,34,shared_weighted_euclidean_projector,shared_model_kernel_rcmsa_tagged_transition,released_hmm_filter,79
Model-guided constrained SAC,full_action,test_049_343da3774e7e,343da3774e7e8e5143d50e3c5214e3dab09c23d71b2e4947c09263a8e3d1d8f7,8b83c669d56287c61d40a0703b8fe7ebc8aa642d9fff413ea893b4f328a3116c,1600960620.0,21,79,decision_plus_clearance,15168.208680334645,89355.30514265185,0.0,104523.5138229865,7979.643426102203,87886.12857720602,3484.0777386756613,2975.474388979173,1234.0443347257385,964.1453572977051,40.08527495972772,1240.9908944233653,7267.563405209803,0.0003939871347204732,165.90806975932537,165.9084637464601,1464.0720430737574,4.4570660198056286e-07,cleared,79,False,False,True,9.930485773345805e-07,True,0.008273729829129937,3484.069464945833,104523.51382298651,True,1.6126604762061365,2.4622231000103056,34,shared_weighted_euclidean_projector,shared_model_kernel_rcmsa_tagged_transition,released_hmm_filter,79
Model-guided constrained SAC,full_action,test_050_1c7612d8bc63,1c7612d8bc6352712fb0a5140912bb4dcf0178405305be2a668e7cf192566507,8b83c669d56287c61d40a0703b8fe7ebc8aa642d9fff413ea893b4f328a3116c,1600960620.0,21,79,decision_plus_clearance,14403.040396057071,94769.91076061736,0.0,109172.95115667443,7737.498031797831,92793.56880706258,3704.5249605161407,2798.58775067139,1172.1576092188027,966.6139974076619,39.67410600001102,1198.4177225355147,7473.623864742285,0.000323711339324658,176.4056267894293,176.40595050076863,1424.9107863361314,6.365339472317191e-07,cleared,79,False,False,True,9.946161551791862e-07,True,0.006797938125817819,3704.5181625780156,109172.9511566744,True,1.592469642859041,2.380735500017181,34,shared_weighted_euclidean_projector,shared_model_kernel_rcmsa_tagged_transition,released_hmm_filter,79
Model-guided constrained SAC,full_action,test_051_5747c87e6d9a,5747c87e6d9ace089dca37ca64fb5e904cbbd79136b0c4d74ea0a4390bb94034,8b83c669d56287c61d40a0703b8fe7ebc8aa642d9fff413ea893b4f328a3116c,1600960620.0,21,79,decision_plus_clearance,13995.45901976903,93497.95896167806,0.0,107493.41798144708,7594.909257395614,91469.33804620586,3654.545020463838,2764.089488440838,1158.179711744544,852.3564571963544,39.226148406016485,1170.9989920855771,7345.54938796959,0.00032376660854755487,174.02562958881228,174.02595335542082,1400.8336182754215,4.809220660948807e-07,cleared,79,False,False,True,9.880266210968394e-07,True,0.006799098779498652,3654.538221365058,107493.41798144703,True,1.5044639904739423,2.4192243998404592,34,shared_weighted_euclidean_projector,shared_model_kernel_rcmsa_tagged_transition,released_hmm_filter,79
Model-guided constrained SAC,full_action,test_052_9760565f31de,9760565f31de15242f359a838a120dd71ffb6d8dd1020fdd4287b6afdf35b97c,8b83c669d56287c61d40a0703b8fe7ebc8aa642d9fff413ea893b4f328a3116c,1600960620.0,21,79,decision_plus_clearance,16255.918237663614,96436.98739106565,0.0,112692.90562872926,8767.345390940545,94425.55124578321,3745.787193578039,3484.349417202147,1367.3903767146296,902.4820045106312,43.818949160591515,1427.355705380441,7758.896039211794,0.0005555200603882843,178.370263221751,178.3708187418114,1530.3269888921752,5.177311556994173e-07,cleared,79,False,False,True,9.752943699812392e-07,True,0.01166592126815397,3745.775527656771,112692.9056287292,True,1.6497802428590755,2.625681299949065,34,shared_weighted_euclidean_projector,shared_model_kernel_rcmsa_tagged_transition,released_hmm_filter,79
Model-guided constrained SAC,full_action,test_053_4473e6f72168,4473e6f7216884984406f8aef487c6686108cdbdbead4e89b46bcc827017f85e,8b83c669d56287c61d40a0703b8fe7ebc8aa642d9fff413ea893b4f328a3116c,1600960620.0,21,79,decision_plus_clearance,15853.91565857721,96253.88222646833,0.0,112107.79788504554,8653.439542043536,94042.96113439885,3738.6139821980305,3431.8176174441664,1337.5667645479034,903.3988444130415,43.577346263281136,1411.4916635026068,7684.804174119455,0.0004926608286002514,178.0287445866967,178.0292372475253,1514.3860744709175,4.788585163894633e-07,cleared,79,False,False,True,9.62205836942446e-07,True,0.010345877400605278,3738.6036363206304,112107.79788504551,True,1.641548990482642,2.558107999851927,34,shared_weighted_euclidean_projector,shared_model_kernel_rcmsa_tagged_transition,released_hmm_filter,79
Model-guided constrained SAC,full_action,test_054_c66f0b1dacc4,c66f0b1dacc4b499fb5fafd7b24077901e59bb19b93546020b7316e75636dc3c,8b83c669d56287c61d40a0703b8fe7ebc8aa642d9fff413ea893b4f328a3116c,1600960620.0,21,79,decision_plus_clearance,14972.521792310132,106198.39756760148,0.0,121170.91935991161,8285.364353250605,103392.94337617562,4147.262473178479,3174.2792654029877,1264.1676922352376,906.902199668678,42.248928895272655,1307.4907913635775,8181.001116118868,0.0004149437267522811,197.48827425524846,197.4886891989752,1492.833632685287,6.190711778533464e-07,cleared,79,False,False,True,9.567877231669524e-07,True,0.008713818261797903,4147.253759360217,121170.91935991161,True,1.641801595222205,2.611480100080371,34,shared_weighted_euclidean_projector,shared_model_kernel_rcmsa_tagged_transition,released_hmm_filter,79
Model-guided constrained SAC,full_action,test_055_f90330578051,f90330578051a0ac7d073b0006ba832b11d6170521fff7ce97460ddcd2cba92c,8b83c669d56287c61d40a0703b8fe7ebc8aa642d9fff413ea893b4f328a3116c,1600960620.0,21,79,decision_plus_clearance,16423.541453597107,108042.26451176725,0.0,124465.80596536436,9237.611338231527,104940.08122609979,4193.744794344188,3783.0444361146583,1409.2414405707061,902.0827300034896,46.26333558991594,1549.8697016368749,8404.429839565499,0.0005678096455857958,199.7015652543634,199.702133064009,1573.255272032549,6.30787837743335e-07,cleared,79,False,False,True,9.948909700241566e-07,True,0.011924002557301713,4193.7328703416315,124465.80596536436,True,1.6732731428374314,2.567896099993959,34,shared_weighted_euclidean_projector,shared_model_kernel_rcmsa_tagged_transition,released_hmm_filter,79
Model-guided constrained SAC,full_action,test_056_b2c64046cef9,b2c64046cef9c3c8c1d997032493b7ac82c1af8485fa09f9c11b9c6d822ea478,8b83c669d56287c61d40a0703b8fe7ebc8aa642d9fff413ea893b4f328a3116c,1600960620.0,21,79,decision_plus_clearance,15319.189996322715,94881.67669817753,0.0,110200.86669450025,8252.713837282734,92895.85316580554,3697.7260135715806,3126.025267370428,1264.540711527988,964.0076989419493,41.495962733722976,1307.6043478941504,7572.186747461051,0.00040921001164005347,176.08178191244457,176.0821911224562,1482.9206816859944,5.329558067130491e-07,cleared,79,False,False,True,9.868698868887365e-07,True,0.008593410244441123,3697.717420161336,110200.8666945002,True,1.6322776571559232,2.484665800118819,34,shared_weighted_euclidean_projector,shared_model_kernel_rcmsa_tagged_transition,released_hmm_filter,79
Model-guided constrained SAC,full_action,test_057_bf11b8e004e2,bf11b8e004e2675983bf718fcc9085ea691c39d83a93ed2726c993f568ae7b13,8b83c669d56287c61d40a0703b8fe7ebc8aa642d9fff413ea893b4f328a3116c,1600960620.0,21,79,decision_plus_clearance,15186.338733149478,98550.76895558866,0.0,113737.10768873814,8188.289221496645,96408.13967579357,3843.854993703787,3108.254104147111,1281.0311575699247,907.5385360271761,41.44124364083152,1269.226405764725,7792.545212767834,0.0004637630060815179,183.04025022288855,183.04071398589463,1489.0701352448139,5.786229050896022e-07,cleared,79,False,False,True,9.210104914040239e-07,True,0.009739023127711875,3843.8452546806593,113737.10768873822,True,1.6543579048011452,2.568649600027129,34,shared_weighted_euclidean_projector,shared_model_kernel_rcmsa_tagged_transition,released_hmm_filter,79
Model-guided constrained SAC,full_action,test_058_fbcfbffca03e,fbcfbffca03e44547ea319ed2d43b06e5f628f750b3d1a41c39a0846aecd36c4,8b83c669d56287c61d40a0703b8fe7ebc8aa642d9fff413ea893b4f328a3116c,1600960620.0,21,79,decision_plus_clearance,16835.44297010761,105049.91662962886,0.0,121885.35959973648,9291.437491519346,102370.84832267466,4073.6670427392346,3811.282540312285,1437.1035974980794,901.0206049928522,46.17428065377045,1551.2241807225755,8306.221591495656,0.0006315114199713833,193.98351338092453,193.98414489234452,1584.745418351332,6.375924446969039e-07,cleared,79,False,False,True,9.085881523891039e-07,True,0.013261739819399048,4073.653780999415,121885.35959973646,True,1.6768723952672666,2.6851397999562323,34,shared_weighted_euclidean_projector,shared_model_kernel_rcmsa_tagged_transition,released_hmm_filter,79
Model-guided constrained SAC,full_action,test_059_d22925a9593f,d22925a9593fa401ece13fc7588e32d8a890971a8c128175ef3afe51e59bbbae,8b83c669d56287c61d40a0703b8fe7ebc8aa642d9fff413ea893b4f328a3116c,1600960620.0,21,79,decision_plus_clearance,15090.388930988258,98568.8344668289,0.0,113659.22339781717,8190.869703573234,96320.67076912786,3844.7509353947703,3123.090017505995,1272.7068996566852,907.135072558575,41.730250173371324,1287.8320184925028,7766.164277445777,0.00045275961025958566,183.08292511633118,183.08337787594144,1482.624821180178,5.558770795944619e-07,cleared,79,False,False,True,9.638101902812068e-07,True,0.009507951815451299,3844.741427442955,113659.22339781711,True,1.6628304095384443,2.619963400065899,34,shared_weighted_euclidean_projector,shared_model_kernel_rcmsa_tagged_transition,released_hmm_filter,79
Model-guided constrained SAC,full_action,test_060_b3feb9e274c2,b3feb9e274c243af57931bb81154ddcd4db25503aef66fcc12b42f42f154b7ce,8b83c669d56287c61d40a0703b8fe7ebc8aa642d9fff413ea893b4f328a3116c,1600960620.0,21,79,decision_plus_clearance,15910.017474153137,102330.32271287232,0.0,118240.34018702546,8705.91646424747,99861.54957360597,3983.0374528908806,3440.602208987136,1345.1988016041828,904.0356856897595,43.70752507429303,1406.0272913432696,8057.106101608503,0.0004980936571806603,189.66795204400378,189.66845013766095,1532.6207242624018,5.749032875655994e-07,cleared,79,False,False,True,9.921830583678443e-07,True,0.010459966800793866,3983.0269929240794,118240.3401870254,True,1.6521669142613453,2.6264289000537246,34,shared_weighted_euclidean_projector,shared_model_kernel_rcmsa_tagged_transition,released_hmm_filter,79
Model-guided constrained SAC,full_action,test_061_627abde70c26,627abde70c260fe7d7dfdd8a0ae46ef10630e9ce7d5542c218bfb019b77707b7,8b83c669d56287c61d40a0703b8fe7ebc8aa642d9fff413ea893b4f328a3116c,1600960620.0,21,79,decision_plus_clearance,15756.59141538795,100341.85272265942,0.0,116098.44413804737,8585.072886676491,97996.59158695389,3906.6251665300047,3364.5200591580938,1340.4725263195423,905.1619124093527,43.10937616422185,1366.6823243504975,7936.992173485536,0.0005290264358917997,186.02924080832625,186.02976983476213,1527.7195065575297,4.997295528108785e-07,cleared,79,False,False,True,9.962230945001361e-07,True,0.011109555153727793,3906.6140569748513,116098.44413804737,True,1.6756427761921215,2.585975300054997,34,shared_weighted_euclidean_projector,shared_model_kernel_rcmsa_tagged_transition,released_hmm_filter,79
Model-guided constrained SAC,full_action,test_062_0c9ea14e9507,0c9ea14e9507679b12568ca09440ee0d472e13c1d2a4d4df4f22d9720c95b81b,8b83c669d56287c61d40a0703b8fe7ebc8aa642d9fff413ea893b4f328a3116c,1600960620.0,21,79,decision_plus_clearance,15757.019421684445,106456.57937826288,0.0,122213.59879994731,8740.638914478024,103618.93880529652,4144.569178454054,3453.627389748473,1350.8382985544692,904.9862134157198,44.107046890028485,1411.2186100231786,8283.019853942216,0.0005298143612163933,197.35990725487943,197.36043706924065,1543.7119215866146,6.191334802537607e-07,cleared,79,False,False,True,9.53393142104912e-07,True,0.011126101585544258,4144.558052352468,122213.59879994727,True,1.6642790333079618,2.661755699897185,34,shared_weighted_euclidean_projector,shared_model_kernel_rcmsa_tagged_transition,released_hmm_filter,79
Model-guided constrained SAC,full_action,test_063_44f0f2a191ef,44f0f2a191eff5a5bb9fb795dad447d7fc7e78fd849c2393842ed70164a5fcda,8b83c669d56287c61d40a0703b8fe7ebc8aa642d9fff413ea893b4f328a3116c,1600960620.0,21,79,decision_plus_clearance,14409.516745138257,100766.06549387304,0.0,115175.5822390113,7985.03011574709,98145.57869491186,3930.261305125455,3040.270790701999,1222.8546350709353,851.5866974539749,41.1599910300591,1255.588390201519,7808.965764101049,0.00039951272606159906,187.15490073134322,187.15530024406928,1450.8327925276117,5.884323369027318e-07,cleared,79,False,False,True,9.808649061183658e-07,True,0.00838976724729358,3930.2529153582077,115175.58223901133,True,1.565144071410898,2.5895804001484066,34,shared_weighted_euclidean_projector,shared_model_kernel_rcmsa_tagged_transition,released_hmm_filter,79
Model-guided constrained SAC,full_action,test_064_27d69866b791,27d69866b79138686724529a21cb6e323bfdcf5210778f504d0eb950a434b33a,8b83c669d56287c61d40a0703b8fe7ebc8aa642d9fff413ea893b4f328a3116c,1600960620.0,21,79,decision_plus_clearance,14028.81635158085,90166.96920175578,0.0,104195.78555333664,7347.8916874895785,88677.06303964343,3531.0243271997033,2588.5398568756145,1141.0934102588008,910.1732318695164,37.97032147963682,1099.9981930060544,7197.494148968808,0.00032224766866780933,168.1436933332696,168.14401558093826,1396.4690976399766,5.598906991040678e-07,cleared,79,False,False,True,9.696080675424934e-07,True,0.006767201042023996,3531.0175599986615,104195.78555333665,True,1.6214289714670962,2.4554491001181304,34,shared_weighted_euclidean_projector,shared_model_kernel_rcmsa_tagged_transition,released_hmm_filter,79
Model-guided constrained SAC,full_action,test_065_930038cc16e9,930038cc16e99dda3abddced3121095d94183071473ae7d8535bf0ab56c97fc9,8b83c669d56287c61d40a0703b8fe7ebc8aa642d9fff413ea893b4f328a3116c,1600960620.0,21,79,decision_plus_clearance,14678.47513704354,104291.7221379117,0.0,118970.19727495524,8087.595099080932,101642.81600375455,4074.0882608638835,3021.8369318268456,1235.6787601866542,908.1822192424033,41.5517310130668,1266.3357629993325,8056.349868333317,0.00038563184036955085,194.0038172664398,194.00420289828017,1474.0104878659736,7.211751494386741e-07,cleared,79,False,False,True,9.074414137165281e-07,True,0.008098268647760568,4074.080162595236,118970.19727495527,True,1.6272976523642206,2.570384900085628,34,shared_weighted_euclidean_projector,shared_model_kernel_rcmsa_tagged_transition,released_hmm_filter,79
Model-guided constrained SAC,full_action,test_066_28fb87ba4913,28fb87ba4913ced186980dcbc093c47e083f79b8e740a1acb42c6392df84b3a3,8b83c669d56287c61d40a0703b8fe7ebc8aa642d9fff413ea893b4f328a3116c,1600960620.0,21,79,decision_plus_clearance,16579.361747973446,106422.88988541787,0.0,123002.25163339131,9327.180022673923,103359.31115285696,4126.539263640155,3859.485341400757,1428.124185308646,901.611667510873,46.71803577211245,1579.912337603962,8315.704046678731,0.00059119909920223,196.50127849805105,196.50186969715025,1578.6490063334015,6.220157705591088e-07,cleared,79,False,False,True,9.702474296591674e-07,True,0.01241518108324683,4126.526848459072,123002.25163339131,True,1.664766628550188,2.583038399927318,34,shared_weighted_euclidean_projector,shared_model_kernel_rcmsa_tagged_transition,released_hmm_filter,79
Model-guided constrained SAC,full_action,test_067_4d46fa716471,4d46fa716471fa4d60109942ef5bb2dd1232241a3c67bc5b1cfc29fc39cbfd18,8b83c669d56287c61d40a0703b8fe7ebc8aa642d9fff413ea893b4f328a3116c,1600960620.0,21,79,decision_plus_clearance,14694.116026047563,105590.91229784545,0.0,120285.02832389301,8255.998197222172,102586.38084051467,4121.704135656412,3164.32288268849,1249.5947952709391,907.0274725403833,42.601460141355076,1326.705249931194,8083.205092226845,0.00039932005575890167,196.27122618739247,196.27162550744822,1477.597066436968,5.916741458353331e-07,cleared,79,False,False,True,9.954660815535876e-07,True,0.008385721170936935,4121.695749935242,120285.02832389307,True,1.6562329619302458,2.5673293001018465,34,shared_weighted_euclidean_projector,shared_model_kernel_rcmsa_tagged_transition,released_hmm_filter,79
Model-guided constrained SAC,full_action,test_068_93da1d4ae1ba,93da1d4ae1ba5b053059e9b89e557fda34a240b0e754e3a555372b254463a63a,8b83c669d56287c61d40a0703b8fe7ebc8aa642d9fff413ea893b4f328a3116c,1600960620.0,21,79,decision_plus_clearance,16467.403646407623,108740.14191585162,0.0,125207.54556225924,9187.707579176797,105765.60137957189,4226.809104599913,3718.219260746181,1406.9476179224591,902.2606202420318,45.93651851801156,1529.2068940721067,8467.681937930965,0.0005696020225118055,201.27605442654476,201.27662402856728,1576.8049680974439,6.158834817663094e-07,cleared,79,False,False,True,9.711421316308754e-07,True,0.011961642472747915,4226.79714295744,125207.54556225927,True,1.6656717762151467,2.599170899949968,34,shared_weighted_euclidean_projector,shared_model_kernel_rcmsa_tagged_transition,released_hmm_filter,79
Model-guided constrained SAC,full_action,test_069_5b01ea54b2fa,5b01ea54b2fa549608732665cf72566100e6d5765b097dd29e2f07654d97e94a,8b83c669d56287c61d40a0703b8fe7ebc8aa642d9fff413ea893b4f328a3116c,1600960620.0,21,79,decision_plus_clearance,15743.777014720792,91882.58473881905,0.0,107626.36175353984,8381.669366910204,90247.75836042501,3575.043944837986,3203.5046265544624,1313.6208137830215,904.7646410291309,42.011823779029946,1325.5023151399566,7463.461591762232,0.0004891676533539909,170.23969868177457,170.2401878494279,1503.981039595411,4.568008924736378e-07,cleared,79,False,False,True,9.64381632820225e-07,True,0.010272520720433808,3575.033672317266,107626.36175353984,True,1.63657510955818,2.5068089000415057,34,shared_weighted_euclidean_projector,shared_model_kernel_rcmsa_tagged_transition,released_hmm_filter,79
Model-guided constrained SAC,full_action,test_070_0cd9bcac96c3,0cd9bcac96c35799fee58a41df95758c42fc0c84363a570dadf82c310f780fc2,8b83c669d56287c61d40a0703b8fe7ebc8aa642d9fff413ea893b4f328a3116c,1600960620.0,21,79,decision_plus_clearance,16361.338501435212,104491.11163043867,0.0,120852.45013187388,9145.569370300129,101612.10444687681,4055.2211857646,3730.156930970985,1406.895632040726,902.502565920634,45.65411515407648,1516.8341510327916,8195.79591327408,0.0005652340053890055,193.10520551668984,193.10577075069523,1569.6684524086324,5.326681457732366e-07,cleared,79,False,False,True,9.349016387646274e-07,True,0.011869914113169115,4055.2093158504867,120852.45013187389,True,1.6666368952442316,2.607248099986464,34,shared_weighted_euclidean_projector,shared_model_kernel_rcmsa_tagged_transition,released_hmm_filter,79
Model-guided constrained SAC,full_action,test_071_34f77888383f,34f77888383fb5b7dddc8c7fc1f8ab1980f574da89d48920167bc6e4a5baac19,8b83c669d56287c61d40a0703b8fe7ebc8aa642d9fff413ea893b4f328a3116c,1600960620.0,21,79,decision_plus_clearance,14005.456174657367,95106.3233558891,0.0,109111.77953054645,7514.368997622609,93074.24442429112,3724.393692931537,2735.630708140222,1153.7650641193704,909.376643441603,38.97818513182486,1146.9619744725449,7442.399620807447,0.0003294869214865061,177.351751128866,177.3520806157875,1401.9172349534301,5.376448030134744e-07,cleared,79,False,False,True,9.89960879392226e-07,True,0.006919225351216628,3724.386773706186,109111.77953054647,True,1.6369722381101124,2.542835800210014,34,shared_weighted_euclidean_projector,shared_model_kernel_rcmsa_tagged_transition,released_hmm_filter,79
Model-guided constrained SAC,full_action,test_072_8e59fac0e6c8,8e59fac0e6c81b34fdbf7517a855653a3cd0a095878de09734040c0d4127fdc1,8b83c669d56287c61d40a0703b8fe7ebc8aa642d9fff413ea893b4f328a3116c,1600960620.0,21,79,decision_plus_clearance,14908.358720085058,102145.72203120153,0.0,117054.08075128659,8296.390418065033,99408.50305426786,3983.3586804951847,3153.9545130806064,1246.7923260335992,965.0817593442358,42.13308987069512,1325.8136943328896,7916.944163164156,0.0003738705665826896,189.68337281968033,189.68374669024692,1484.7839072350664,5.732573543327654e-07,cleared,79,False,False,True,9.956915040547784e-07,True,0.007851281898236482,3983.350829213287,117054.0807512865,True,1.6445066000201873,2.5806041001342237,34,shared_weighted_euclidean_projector,shared_model_kernel_rcmsa_tagged_transition,released_hmm_filter,79
Model-guided constrained SAC,full_action,test_073_69349232969b,69349232969bf4c86d2f494ebcfdc30419a510d14224ddded4cf0b0572c985f7,8b83c669d56287c61d40a0703b8fe7ebc8aa642d9fff413ea893b4f328a3116c,1600960620.0,21,79,decision_plus_clearance,16081.476233531197,100183.70553514113,0.0,116265.18176867232,8841.93359029116,97685.67471351467,3891.2597912796546,3569.8234810124413,1373.1328878486029,903.3573047258266,44.52433001660143,1454.2611683231432,7919.960028823091,0.0005704874169776637,185.29751481161418,185.29808529903116,1530.7246454860567,5.691725129814327e-07,cleared,79,False,False,True,9.675368353148205e-07,True,0.011980235756530937,3891.247811043898,116265.18176867235,True,1.6495142285822935,2.5455003001261503,34,shared_weighted_euclidean_projector,shared_model_kernel_rcmsa_tagged_transition,released_hmm_filter,79
Model-guided constrained SAC,full_action,test_074_212affc962e2,212affc962e28f58fe45099916e12acf08d12bd5b6ae1e8be69e32f2992b7426,8b83c669d56287c61d40a0703b8fe7ebc8aa642d9fff413ea893b4f328a3116c,1600960620.0,21,79,decision_plus_clearance,16009.043735117379,98625.74599011824,0.0,114634.78972523562,8788.30205440799,96218.45399989416,3828.6532179153396,3532.7277814771,1362.5485145119403,904.1041570290631,44.527598417072156,1458.1131134534369,7835.320067831426,0.000561082252593527,182.31625881847788,182.31681990073048,1525.5963435539322,5.776324687335348e-07,cleared,79,False,False,True,9.56694115587971e-07,True,0.011782727304464067,3828.6414351880353,114634.7897252356,True,1.5450651952220749,2.4123373001348227,34,shared_weighted_euclidean_projector,shared_model_kernel_rcmsa_tagged_transition,released_hmm_filter,79
Model-guided constrained SAC,full_action,test_075_8de4e41c7ad9,8de4e41c7ad941d139487bf1af6be7e835a7c841f83db6f4b9e0876bff23bb48,8b83c669d56287c61d40a0703b8fe7ebc8aa642d9fff413ea893b4f328a3116c,1600960620.0,21,79,decision_plus_clearance,14842.203395300925,93533.42924316601,0.0,108375.63263846694,7998.316681067786,91560.55332388011,3648.0431376872416,3026.747245691614,1235.3298611499501,906.6423889902096,40.73482393040807,1250.6056265160144,7428.852947944055,0.000409292317414427,173.71593059755122,173.71633988986864,1442.9412651304065,5.093184266829219e-07,cleared,79,False,False,True,9.8745550098813e-07,True,0.008595138665702967,3648.0345425485757,108375.63263846691,True,1.6333820285563845,2.50118190003559,34,shared_weighted_euclidean_projector,shared_model_kernel_rcmsa_tagged_transition,released_hmm_filter,79
Model-guided constrained SAC,full_action,test_076_48339f21c8ec,48339f21c8ec04a89d1fa33ffb9bd38ffc2087720a9e6d22241a14418438a684,8b83c669d56287c61d40a0703b8fe7ebc8aa642d9fff413ea893b4f328a3116c,1600960620.0,21,79,decision_plus_clearance,16694.363915281887,107303.67112544247,0.0,123998.03504072435,9321.229191321274,104373.23142286661,4162.914785164804,3805.2497454500885,1433.6541845775641,901.7557113440297,46.47040656723446,1561.1326258729878,8413.585873958633,0.0006044662805154966,198.23343292251968,198.2340373888002,1594.3777158839514,6.414696164138368e-07,cleared,79,False,False,True,9.51771389078578e-07,True,0.012693791890825428,4162.902091372914,123998.03504072435,True,1.6634102380790172,2.6165259000845253,34,shared_weighted_euclidean_projector,shared_model_kernel_rcmsa_tagged_transition,released_hmm_filter,79
Model-guided constrained SAC,full_action,test_077_b1f2e84dc844,b1f2e84dc844662b5d1fd981486515a77f37fa4bd91d8f1c5bdc9de643205101,8b83c669d56287c61d40a0703b8fe7ebc8aa642d9fff413ea893b4f328a3116c,1600960620.0,21,79,decision_plus_clearance,16154.581013734729,95336.0059865891,0.0,111490.58700032382,8688.077178354597,93400.72971134212,3703.2281792706444,3448.34658211175,1347.7431463072005,902.4622029375062,43.70671055301002,1426.1698553737601,7676.4625697184765,0.000513474918899564,176.34368553796892,176.34419901288783,1514.7182495756638,5.950703586463667e-07,cleared,79,False,False,True,9.940279317318156e-07,True,0.010782973296890843,3703.2173962973475,111490.58700032382,True,1.6448506619005154,2.582407700130716,34,shared_weighted_euclidean_projector,shared_model_kernel_rcmsa_tagged_transition,released_hmm_filter,79
Model-guided constrained SAC,full_action,test_078_367d379a9297,367d379a9297286f557f72f155581887362331484e75dc530b5d1e7702215749,8b83c669d56287c61d40a0703b8fe7ebc8aa642d9fff413ea893b4f328a3116c,1600960620.0,21,79,decision_plus_clearance,16079.788252016704,96794.5816628023,0.0,112874.369914819,8617.482656749411,94904.55807951934,3765.3239198744122,3363.9297450533263,1320.9697873046402,902.1057263178807,43.04808349941346,1395.395235171641,7774.727896257945,0.00044657285937918723,179.3006924687793,179.30113904163866,1514.9931334330545,5.721027326722273e-07,cleared,79,False,False,True,9.550127269937742e-07,True,0.009378030046962933,3765.314541844365,112874.369914819,True,1.6425261857054596,2.729304999811575,34,shared_weighted_euclidean_projector,shared_model_kernel_rcmsa_tagged_transition,released_hmm_filter,79
Model-guided constrained SAC,full_action,test_079_bce06ca59758,bce06ca59758dbd98389f738153975aa7a35c811fa8594d1d0e258628ef96d65,8b83c669d56287c61d40a0703b8fe7ebc8aa642d9fff413ea893b4f328a3116c,1600960620.0,21,79,decision_plus_clearance,13815.388721872356,93725.23079876216,0.0,107540.61952063451,7352.896576835502,91790.36411586894,3670.1713119843,2628.1542508999773,1129.3246576065635,969.7086074391883,38.16385560519532,1105.6634970545915,7360.429903144575,0.0003097930708915216,174.76975268237197,174.77006247544287,1400.6645739661305,6.13378327728669e-07,cleared,79,False,False,True,9.93697984206693e-07,True,0.006505654488721953,3670.1648063298117,107540.61952063446,True,1.6364792190558677,2.6031403997913003,34,shared_weighted_euclidean_projector,shared_model_kernel_rcmsa_tagged_transition,released_hmm_filter,79
Model-guided constrained SAC,full_action,test_080_e669407a98d7,e669407a98d788999f61cc42f0d91ad3f73f1d4c7c567a28c5df008483262012,8b83c669d56287c61d40a0703b8fe7ebc8aa642d9fff413ea893b4f328a3116c,1600960620.0,21,79,decision_plus_clearance,16058.238369345661,106335.7943003099,0.0,122394.03266965557,8889.069064483736,103461.47770005916,4139.1970036210705,3615.680964649931,1384.5340423966672,904.0738944449629,44.74020959653763,1450.8759806711732,8275.793868152254,0.0006027059368038753,197.10401651411416,197.10461922005098,1552.4965169228988,5.247336943658332e-07,cleared,79,False,False,True,9.671579537319293e-07,True,0.012656824672881381,4139.184346796397,122394.03266965553,True,1.6654784761679668,2.4490772001445293,34,shared_weighted_euclidean_projector,shared_model_kernel_rcmsa_tagged_transition,released_hmm_filter,79
Model-guided constrained SAC,full_action,test_081_fbbd80304765,fbbd803047650db226feaa75de7119d49ed8d237f46bb4c3b1122439776b0ba3,8b83c669d56287c61d40a0703b8fe7ebc8aa642d9fff413ea893b4f328a3116c,1600960620.0,21,79,decision_plus_clearance,14276.18935402169,105102.58827513932,0.0,119378.777629161,7906.717396090344,102295.41868685548,4110.298744699575,2950.3294659261264,1206.3522307082549,909.6611048812516,40.87925395277619,1222.329385926392,8052.256693564401,0.0003671778328440837,195.72814447452785,195.7285116523607,1460.685919822715,6.472646311136162e-07,cleared,79,False,False,True,9.611619747120402e-07,True,0.007710734489725758,4110.291033965085,119378.77762916104,True,1.6531057571216177,2.5424737001303583,34,shared_weighted_euclidean_projector,shared_model_kernel_rcmsa_tagged_transition,released_hmm_filter,79
Model-guided constrained SAC,full_action,test_082_2cf496ac3a99,2cf496ac3a99b59959fd7b5de1a04776b86b60eee9dcd086bd37dfc0c4edb16c,8b83c669d56287c61d40a0703b8fe7ebc8aa642d9fff413ea893b4f328a3116c,1600960620.0,21,79,decision_plus_clearance,16469.524838425412,103153.71227436687,0.0,119623.23711279228,9019.93070501603,100656.46658528625,4008.4997066778005,3638.1050276847723,1398.1696945239464,902.065393603529,44.855804290991145,1476.1551307274297,8161.1134523666315,0.0005792459679845791,190.88035916726062,190.88093841322862,1562.1598342270984,5.073672967466738e-07,cleared,79,False,False,True,9.370593783593827e-07,True,0.012164165327676162,4008.487542512473,119623.23711279233,True,1.6577174714322955,2.486197699792683,34,shared_weighted_euclidean_projector,shared_model_kernel_rcmsa_tagged_transition,released_hmm_filter,79
Model-guided constrained SAC,full_action,test_083_4cbdde5f376f,4cbdde5f376f40f80c1ddb1ed6bdd46a705c890728c9a5d74d7af9a990a98cc8,8b83c669d56287c61d40a0703b8fe7ebc8aa642d9fff413ea893b4f328a3116c,1600960620.0,21,79,decision_plus_clearance,15942.146260777909,98237.10512339308,0.0,114179.25138417099,8592.635476214997,96134.67163836586,3824.426742745998,3371.1614163700124,1351.500536594589,904.8555738794428,43.00240035951967,1365.7643694781639,7834.0118935264345,0.0005521238095343168,182.11500705457132,182.11555917838086,1524.138305906949,5.278152653912668e-07,cleared,79,False,False,True,9.961938954089292e-07,True,0.011594600000220653,3824.4151481459976,114179.2513841709,True,1.6537358904966997,2.604669200023636,34,shared_weighted_euclidean_projector,shared_model_kernel_rcmsa_tagged_transition,released_hmm_filter,79
Model-guided constrained SAC,full_action,test_084_513eb18f351c,513eb18f351c0ae9049df078bb1de046440084ba5b9f75437cb0aee0bdfd9e44,8b83c669d56287c61d40a0703b8fe7ebc8aa642d9fff413ea893b4f328a3116c,1600960620.0,21,79,decision_plus_clearance,15756.889188056946,101025.00198130881,0.0,116781.89116936576,8626.254757172908,98562.11688160528,3932.5085485121476,3412.799085316206,1343.5182986356108,904.6935981235375,43.60585892750533,1395.005527094578,7958.261420776199,0.000537446992368706,187.26177438691943,187.2623118339118,1522.6504341666302,5.629000564811187e-07,cleared,79,False,False,True,9.879679896551073e-07,True,0.011286386839742826,3932.4972621253078,116781.8911693657,True,1.7734728381037712,3.5763563001528382,34,shared_weighted_euclidean_projector,shared_model_kernel_rcmsa_tagged_transition,released_hmm_filter,79
Model-guided constrained SAC,full_action,test_085_650c50514b66,650c50514b6644e496b372654068cbdc1711c214d31c247c6f969a86a61106c0,8b83c669d56287c61d40a0703b8fe7ebc8aa642d9fff413ea893b4f328a3116c,1600960620.0,21,79,decision_plus_clearance,17221.967575617393,101537.51077303218,0.0,118759.47834864957,9358.604238219212,99239.70485665645,3935.4308595800917,3875.0190241823816,1451.3424867380054,899.3768832734306,46.15263197624172,1569.0350457730458,8136.926129803264,0.0006393113287636166,187.40083019248513,187.4014695038139,1585.795985435946,5.579762991448024e-07,cleared,79,False,False,True,9.472707461806549e-07,True,0.01342553790403595,3935.417434042188,118759.47834864959,True,1.8097775619077896,3.53145380015485,34,shared_weighted_euclidean_projector,shared_model_kernel_rcmsa_tagged_transition,released_hmm_filter,79
Model-guided constrained SAC,full_action,test_086_754dc8e1ab0e,754dc8e1ab0e7268d5ce0dd2ffc19bdf7c2959cd70067092fd5ee3f03e2bf486,8b83c669d56287c61d40a0703b8fe7ebc8aa642d9fff413ea893b4f328a3116c,1600960620.0,21,79,decision_plus_clearance,16581.853788556295,106612.43774250637,0.0,123194.29153106267,9187.568053889983,103748.55039260641,4142.646872048939,3754.443700099778,1401.2220666531384,959.8604457644013,45.68328321475613,1537.1932149184931,8343.702239573404,0.0005567371178203326,197.2683419318793,197.2688986689971,1573.083875921046,6.677984081587502e-07,cleared,79,False,False,True,9.665238711790071e-07,True,0.011691479474226983,4142.635180569465,123194.29153106264,True,1.7824575666648645,3.2965448000468314,34,shared_weighted_euclidean_projector,shared_model_kernel_rcmsa_tagged_transition,released_hmm_filter,79
Model-guided constrained SAC,full_action,test_087_cbc79ee243dd,cbc79ee243dd0e237a5023163791e895019f33bb871350474ccaace9587409dc,8b83c669d56287c61d40a0703b8fe7ebc8aa642d9fff413ea893b4f328a3116c,1600960620.0,21,79,decision_plus_clearance,15288.596492345388,108087.9262657536,0.0,123376.52275809899,8649.810613323383,104864.22626446668,4209.613673427353,3431.0451829023004,1316.4218723869772,905.4051515922888,44.30298129920836,1419.5779560543492,8284.068753635796,0.00048762593747050264,200.45730634679364,200.4577939727311,1518.3023589435063,6.159913174044045e-07,cleared,79,False,False,True,9.655387478414853e-07,True,0.010240144686880556,4209.603433282667,123376.52275809897,True,1.7901714619005187,3.3939730999991298,34,shared_weighted_euclidean_projector,shared_model_kernel_rcmsa_tagged_transition,released_hmm_filter,79
