base_policy,restriction,path_id,path_content_sha256,released_information_path_sha256,training_seed,decision_periods,clearance_followup_periods,physical_scope,decision_operational_loss,clearance_operational_loss,terminal_correction,total_operational_objective,loss_queue,loss_waiting,loss_exit,loss_overflow,loss_route_resource,loss_action,peak_pressure,overload,waiting_model_unit_weeks,direct_sue_exit,duration_attrition,total_exit,delivered_landbridge,ending_outstanding_mass,clearance_status,clearance_weeks_observed,right_censored,numerical_failure,transition_audits_passed,maximum_transition_residual,accepted,loss_direct_sue_exit,loss_duration_attrition,loss_component_sum_with_terminal,all_step_acceptance_passed,mean_decision_time_seconds,maximum_decision_time_seconds,action_dimension,projector_id,kernel_id,information_source,restricted_clearance_time_contribution
Reactive,full_action,test_000_4ae657b9eeec,4ae657b9eeecf70786804d24952478895a67cdd02d3cb00a5f23d60565e89d40,8b83c669d56287c61d40a0703b8fe7ebc8aa642d9fff413ea893b4f328a3116c,,21,79,decision_plus_clearance,13878.839393259646,87901.54603505063,0.0,101780.38542831028,8259.405177009156,85117.18422024854,3414.081473771674,3018.2498368866654,1343.9694673116978,627.4952530825634,40.50513828504795,1268.6790921596364,6971.908092515702,0.0003696053647076741,162.57493866947692,162.57530827484163,1578.7975663715204,5.17536209792126e-07,cleared,79,False,False,True,9.407351015063886e-07,True,0.007761712658861156,3414.073712059015,101780.38542831031,True,0.00017839045973405953,0.00030349986627697945,34,shared_weighted_euclidean_projector,shared_model_kernel_rcmsa_tagged_transition,released_hmm_filter,79
Reactive,full_action,test_001_dde9993de777,dde9993de777ead4870656b2cec02bf256c4174b03458346cc5fc13db98f082b,8b83c669d56287c61d40a0703b8fe7ebc8aa642d9fff413ea893b4f328a3116c,,21,79,decision_plus_clearance,12704.492813649858,92917.29940745217,0.0,105621.79222110203,7813.246477262753,89665.30920168382,3621.7202464927486,2716.081992541921,1248.932332958082,556.5019701626769,38.63031232855608,1141.4873778644048,7142.1991045110435,0.000309715324683209,172.46255916528239,172.46286888060706,1525.6892507991033,6.679487571411239e-07,cleared,79,False,False,True,9.893139256674327e-07,True,0.006504021818347389,3621.71374247093,105621.792221102,True,0.00015876665046172484,0.00021580001339316368,34,shared_weighted_euclidean_projector,shared_model_kernel_rcmsa_tagged_transition,released_hmm_filter,79
Reactive,full_action,test_002_f01217ab0e79,f01217ab0e7903b1b91cb3f87068f20b75f716d08632ca2b15c76649d7f00a8c,8b83c669d56287c61d40a0703b8fe7ebc8aa642d9fff413ea893b4f328a3116c,,21,79,decision_plus_clearance,13397.034104173046,78666.31052912372,0.0,92063.34463329676,7734.230324206205,76697.65448568195,3059.5084617314083,2690.346407037829,1276.8655043825395,604.7394502567918,37.613909167703596,1130.5288855082977,6420.538309738966,0.00033557769482342367,145.69054355237225,145.69087913006706,1518.677176961557,4.4471670001880823e-07,cleared,79,False,False,True,9.995614721068065e-07,True,0.007047131591291897,3059.501414599817,92063.34463329673,True,0.00016721906805677072,0.00034689996391534805,34,shared_weighted_euclidean_projector,shared_model_kernel_rcmsa_tagged_transition,released_hmm_filter,79
Reactive,full_action,test_003_eb3106001035,eb3106001035e1bd9c52b845bd9616d282a52a699d46aca5269b5370622454fc,8b83c669d56287c61d40a0703b8fe7ebc8aa642d9fff413ea893b4f328a3116c,,21,79,decision_plus_clearance,13288.472478537611,87364.79936915447,0.0,100653.27184769209,7954.132078103889,84579.37275638546,3398.9038539804615,2829.225709082904,1315.5170566920349,576.1203934473706,39.40995522252122,1195.8099990126589,6887.433403802217,0.00035532532601519946,161.85220914993405,161.85256447526007,1547.1474245285299,5.315565639507003e-07,cleared,79,False,False,True,9.736359631675444e-07,True,0.007461831846319189,3398.896392148615,100653.27184769213,True,0.000184204773090425,0.00030800001695752144,34,shared_weighted_euclidean_projector,shared_model_kernel_rcmsa_tagged_transition,released_hmm_filter,79
Reactive,full_action,test_004_55a330aff5c4,55a330aff5c4a0576082656af4ffca48ee935b03b126b46b442653f81477abfb,8b83c669d56287c61d40a0703b8fe7ebc8aa642d9fff413ea893b4f328a3116c,,21,79,decision_plus_clearance,13490.547402093625,79998.92444313072,0.0,93489.47184522434,7859.352644421801,77849.20884826282,3107.8706334326816,2765.7922565169456,1292.1409881510879,615.1064744390285,38.643507185377985,1183.9332687000233,6493.947948163133,0.00032416640093307984,147.9935155208696,147.99383968727054,1530.4441823838893,4.91024217315202e-07,cleared,79,False,False,True,9.61988264972482e-07,True,0.006807494419594677,3107.863825938262,93489.47184522437,True,0.0001657190289170969,0.0002421000972390175,34,shared_weighted_euclidean_projector,shared_model_kernel_rcmsa_tagged_transition,released_hmm_filter,79
Reactive,full_action,test_005_981c73a17708,981c73a17708f6a8f2159189b725895e9b78b4ffca7b2cc292d9f5cb6c138259,8b83c669d56287c61d40a0703b8fe7ebc8aa642d9fff413ea893b4f328a3116c,,21,79,decision_plus_clearance,12900.856540809522,86739.31870942094,0.0,99640.17525023046,7743.924258287892,84014.18775300335,3381.205826214773,2658.65813257281,1256.7571647950444,585.4421153566635,38.231330135409934,1144.9097077798456,6809.154722186509,0.000290961882777276,161.00951028643973,161.0098012483225,1522.9329299878505,5.332448657850177e-07,cleared,79,False,False,True,9.589836483678245e-07,True,0.006110199538322795,3381.1997160152346,99640.17525023053,True,0.00018609524704515934,0.0004939001519232988,34,shared_weighted_euclidean_projector,shared_model_kernel_rcmsa_tagged_transition,released_hmm_filter,79
Reactive,full_action,test_006_daba4b1e9814,daba4b1e9814b4a66b4b77a1db00896fa1b3246def31f9ebaa0c7ced46e92af5,8b83c669d56287c61d40a0703b8fe7ebc8aa642d9fff413ea893b4f328a3116c,,21,79,decision_plus_clearance,13424.00767118866,85187.2983278284,0.0,98611.30599901706,7856.006612930428,82763.41898285529,3316.9460554917355,2770.7040045916538,1284.5291017417642,619.7012414062038,38.86580105945512,1184.3787100084216,6786.12425568202,0.00032618866334311724,157.94948597760978,157.94981216627312,1530.9647720325174,6.324779083276349e-07,cleared,79,False,False,True,9.525320281145506e-07,True,0.006849961930205462,3316.9392055298053,98611.30599901707,True,0.00017075717360490845,0.0002321999054402113,34,shared_weighted_euclidean_projector,shared_model_kernel_rcmsa_tagged_transition,released_hmm_filter,79
Reactive,full_action,test_007_925513ee8ec6,925513ee8ec62fc55ab4f4e4980ba11972ca8c6ab89cbb52b03a5fe88f85fa31,8b83c669d56287c61d40a0703b8fe7ebc8aa642d9fff413ea893b4f328a3116c,,21,79,decision_plus_clearance,15870.237723904347,83571.68731778488,0.0,99441.92504168922,9050.444303541597,81399.8325279937,3223.7303734250886,3553.020464038958,1504.7023955784223,710.1949771114984,44.21241223407628,1510.2269709356171,6949.585030200125,0.0005111177853418255,153.51045904531412,153.51097016309947,1671.0870494416426,5.104260934558628e-07,cleared,79,False,False,True,9.654002197289923e-07,True,0.010733473492178335,3223.7196399515965,99441.92504168928,True,0.0001735619069742305,0.00023330003023147583,34,shared_weighted_euclidean_projector,shared_model_kernel_rcmsa_tagged_transition,released_hmm_filter,79
Reactive,full_action,test_008_fabe46a0ea00,fabe46a0ea0025c65c0c7b807dc0f70b60fa5f50100dd7bd2d9ad2a46e9df6b5,8b83c669d56287c61d40a0703b8fe7ebc8aa642d9fff413ea893b4f328a3116c,,21,79,decision_plus_clearance,12496.250767645548,80286.99687356842,0.0,92783.24764121397,7297.333271667622,78183.58943171643,3136.4437913472007,2390.672263019902,1221.0220771995225,554.1868062632799,35.917622259062476,1026.3727184404545,6416.530301896196,0.0002899859086027272,149.35417626872,149.35446625462862,1473.4176444244113,5.405207578626676e-07,cleared,79,False,False,True,9.818992665684836e-07,True,0.006089704080657271,3136.4377016431204,92783.24764121398,True,0.00017301906787213825,0.0002935999073088169,34,shared_weighted_euclidean_projector,shared_model_kernel_rcmsa_tagged_transition,released_hmm_filter,79
Reactive,full_action,test_009_c8ef87e47101,c8ef87e471016915d86795cd09c50907b7668afc7c30bcb05a14726a2af75061,8b83c669d56287c61d40a0703b8fe7ebc8aa642d9fff413ea893b4f328a3116c,,21,79,decision_plus_clearance,12438.847683843554,92187.54611032209,0.0,104626.39379416565,7702.603337056506,88852.78435163116,3593.5377129044045,2687.869411515621,1229.6668693042934,559.9321117536606,38.7073580708288,1150.979879909025,7045.043396141462,0.0002764778230818663,171.12056699381523,171.12084347163832,1498.3694279396886,6.482552457467098e-07,cleared,79,False,False,True,9.515477649951533e-07,True,0.0058060342847191925,3593.5319068701197,104626.39379416563,True,0.00017060951462813785,0.00026130001060664654,34,shared_weighted_euclidean_projector,shared_model_kernel_rcmsa_tagged_transition,released_hmm_filter,79
Reactive,full_action,test_010_613ab99db82c,613ab99db82c659cd8ff6e1475e7317b5ab19503260bfedec209a4c7abd2eb88,8b83c669d56287c61d40a0703b8fe7ebc8aa642d9fff413ea893b4f328a3116c,,21,79,decision_plus_clearance,12193.837874450684,78884.42649359078,0.0,91078.26436804148,7176.292895813061,76787.00387712469,3082.351555217767,2310.6618193553786,1177.216494807895,544.7377257227017,35.14838237485409,1000.127118260456,6296.763588461726,0.0002475133677930409,146.77839797319254,146.77864548656032,1449.3879840087432,5.158391172822506e-07,cleared,79,False,False,True,9.839852353311858e-07,True,0.005197780723653859,3082.3463574370435,91078.2643680415,True,0.00014820955471978302,0.00019999989308416843,34,shared_weighted_euclidean_projector,shared_model_kernel_rcmsa_tagged_transition,released_hmm_filter,79
Reactive,full_action,test_011_8a2e74b38d5d,8a2e74b38d5d3fa099c53fd66f114b907a8d9576d5dcc067dc484a7c19e7da8b,8b83c669d56287c61d40a0703b8fe7ebc8aa642d9fff413ea893b4f328a3116c,,21,79,decision_plus_clearance,13477.001310307594,98330.73830494727,0.0,111807.73961525486,8389.908320587254,94531.73871967458,3821.4775875601295,3110.190401934143,1353.6663129098613,600.758272588873,41.87656301689179,1310.9337240647326,7501.257048196157,0.0003712087632759429,181.97475200838574,181.97512321714902,1586.353869528369,6.495759043829751e-07,cleared,79,False,False,True,8.901813379452756e-07,True,0.007795384028794801,3821.4697921761003,111807.73961525486,True,0.0001800190546505508,0.0003030998632311821,34,shared_weighted_euclidean_projector,shared_model_kernel_rcmsa_tagged_transition,released_hmm_filter,79
Reactive,full_action,test_012_b6bdc05b20a7,b6bdc05b20a7bd7872689e9fd93f49c5864d83dbaa6c13c7b8023906ab88c1ae,8b83c669d56287c61d40a0703b8fe7ebc8aa642d9fff413ea893b4f328a3116c,,21,79,decision_plus_clearance,13704.274548631558,90309.27844971704,0.0,104013.55299834859,8290.380650711319,87265.37649249088,3507.2632596084964,2998.500045808333,1354.7515041852976,597.2810455442687,40.98242146920743,1283.4425350954064,7103.156983131786,0.00036295672662403785,167.01217321510654,167.01253617183318,1590.7716932319643,5.462347666310055e-07,cleared,79,False,False,True,9.921368668997399e-07,True,0.007622091259104795,3507.2556375172376,104013.5529983486,True,0.00018049047018090883,0.0002836999483406544,34,shared_weighted_euclidean_projector,shared_model_kernel_rcmsa_tagged_transition,released_hmm_filter,79
Reactive,full_action,test_013_040653995d85,040653995d85cc962bcb3d75b933864971de686f9683c73e392ab9224c3c2124,8b83c669d56287c61d40a0703b8fe7ebc8aa642d9fff413ea893b4f328a3116c,,21,79,decision_plus_clearance,12278.371852250779,75375.81242128873,0.0,87654.18427353952,7120.755854706866,73540.19686132367,2940.5857175308797,2326.0780148385847,1149.765888053458,576.8019370860859,35.28567129509237,1019.73125543029,6101.050359015705,0.00024533632299078833,140.0276459746713,140.02789131099428,1430.2949875902843,4.953385084046646e-07,cleared,79,False,False,True,9.88002794627076e-07,True,0.005152062782806555,2940.580565468097,87654.18427353953,True,0.0001751238125420752,0.0003714000340551138,34,shared_weighted_euclidean_projector,shared_model_kernel_rcmsa_tagged_transition,released_hmm_filter,79
Reactive,full_action,test_014_f00647451070,f00647451070accd7f5177b412ddbd68c73d8b7f2cb6c77b8469ffbc7c614a43,8b83c669d56287c61d40a0703b8fe7ebc8aa642d9fff413ea893b4f328a3116c,,21,79,decision_plus_clearance,12508.653536043783,79071.51898238638,0.0,91580.17251843016,7320.676283476362,76957.31079145319,3083.548712426988,2439.3515573791165,1214.046934284661,565.2382394098298,36.22050572126871,1045.4188344212853,6337.9023015247385,0.000290408359653463,146.83536256435409,146.83565297271375,1464.6143749237192,5.22849589704919e-07,cleared,79,False,False,True,9.452494767242268e-07,True,0.006098575552722724,3083.542613851436,91580.17251843015,True,0.0001604524108448199,0.00020700017921626568,34,shared_weighted_euclidean_projector,shared_model_kernel_rcmsa_tagged_transition,released_hmm_filter,79
Reactive,full_action,test_015_643a837775f9,643a837775f944f0e897fff5495209f1a59016e336af0b18defb50bf86cbf809,8b83c669d56287c61d40a0703b8fe7ebc8aa642d9fff413ea893b4f328a3116c,,21,79,decision_plus_clearance,15943.310778585917,93656.47065265579,0.0,109599.7814312417,9413.41140728303,90528.05784379979,3614.7808723066396,3779.008829569949,1575.3956818495908,689.1267964326563,45.978174619990746,1577.3883275237988,7506.667636046599,0.0005795743081051263,172.13184291648423,172.13242249079232,1714.0850869439653,5.610555521812837e-07,cleared,79,False,False,True,9.881206891165114e-07,True,0.012171060470207651,3614.768701246169,109599.78143124166,True,0.00014950478050325598,0.00022699986584484577,34,shared_weighted_euclidean_projector,shared_model_kernel_rcmsa_tagged_transition,released_hmm_filter,79
Reactive,full_action,test_016_45a90ccef8bd,45a90ccef8bdd374ee00dbc87ec9b3752c6a102ea41ee1fc73e6c34df9d0ef6a,8b83c669d56287c61d40a0703b8fe7ebc8aa642d9fff413ea893b4f328a3116c,,21,79,decision_plus_clearance,13659.83756825176,94186.69914476022,0.0,107846.53671301198,8425.670721879404,90663.5587099048,3653.8751483062642,3132.703716076981,1365.9920644957333,604.7363523488302,41.797118442707905,1316.6473160897567,7291.440248681507,0.0003783787695253266,173.99367630248116,173.99405468125067,1592.7107763640522,5.53223827954471e-07,cleared,79,False,False,True,9.84075016997711e-07,True,0.00794595416003186,3653.8672023521044,107846.53671301201,True,0.00016692857302370525,0.00024099997244775295,34,shared_weighted_euclidean_projector,shared_model_kernel_rcmsa_tagged_transition,released_hmm_filter,79
Reactive,full_action,test_017_ebd333a3cdba,ebd333a3cdbaf4583dc4bbdc159fa86380b9858d554b85820a961aee779a82c0,8b83c669d56287c61d40a0703b8fe7ebc8aa642d9fff413ea893b4f328a3116c,,21,79,decision_plus_clearance,13754.525171920235,85458.57354730844,0.0,99213.09871922867,8069.285040409414,82962.95362152983,3324.275020376885,2900.60957384753,1327.5312051352628,628.4442579297684,39.97697314127937,1248.163296349198,6814.955014810725,0.00033610647192905765,158.29847438766546,158.2988104941374,1555.5738808205726,6.113441307872711e-07,cleared,79,False,False,True,9.55781246335555e-07,True,0.007058235910510211,3324.2679621409748,99213.0987192287,True,0.00015170476399362087,0.00022080005146563053,34,shared_weighted_euclidean_projector,shared_model_kernel_rcmsa_tagged_transition,released_hmm_filter,79
Reactive,full_action,test_018_9466cee538c9,9466cee538c90a351ebb4cc641f0fb605f60f7a5370deb739961de94e8407d65,8b83c669d56287c61d40a0703b8fe7ebc8aa642d9fff413ea893b4f328a3116c,,21,79,decision_plus_clearance,14204.8091696196,85183.67243576162,0.0,99388.48160538122,8321.468906255837,82675.68148675778,3304.87571371128,3058.4143159004243,1392.128489768079,635.9126929878408,40.829614102833204,1286.5924775467088,6859.530889146505,0.00040847853545464285,157.37462550771596,157.37503398625142,1590.2880073888039,5.04312022872422e-07,cleared,79,False,False,True,9.498366887964546e-07,True,0.0085780492445475,3304.8671356620353,99388.48160538124,True,0.00014983337106449262,0.00026290002278983593,34,shared_weighted_euclidean_projector,shared_model_kernel_rcmsa_tagged_transition,released_hmm_filter,79
Reactive,full_action,test_019_9d2b7462a57a,9d2b7462a57ab18c9c816164b4cf31fe355ef525f834131b7e4bee6c19475a44,8b83c669d56287c61d40a0703b8fe7ebc8aa642d9fff413ea893b4f328a3116c,,21,79,decision_plus_clearance,14943.629831109964,85852.323841439,0.0,100795.95367254897,8686.964971058434,83333.7437211342,3319.434724934643,3344.6642227499715,1437.4712649352086,673.6747677364773,42.97956826278846,1420.4793810758372,6964.470523002485,0.00044646150259155333,158.06787377348041,158.06832023498302,1616.198632692967,5.652524937733544e-07,cleared,79,False,False,True,9.8083530200951e-07,True,0.00937569155442262,3319.425349243089,100795.95367254895,True,0.00016318568738088723,0.0002212999388575554,34,shared_weighted_euclidean_projector,shared_model_kernel_rcmsa_tagged_transition,released_hmm_filter,79
Reactive,full_action,test_020_701c8d28bc45,701c8d28bc45b0352a2505312c03123c85798d4dd0b786857dc34cb69fe2061b,8b83c669d56287c61d40a0703b8fe7ebc8aa642d9fff413ea893b4f328a3116c,,21,79,decision_plus_clearance,13914.820173076023,90441.84739993748,0.0,104356.6675730135,8395.575631559017,87331.96968866314,3509.718965546562,3114.877022944816,1379.03986317803,625.4864011219283,41.520779080918096,1313.2626416187534,7104.139234969685,0.0003912880125878666,167.1290832618237,167.1294745498363,1589.8339022985201,4.926089225149061e-07,cleared,79,False,False,True,9.768590620828602e-07,True,0.0082170482643452,3509.7107484982976,104356.66757301349,True,0.00017412380492758182,0.0002576000988483429,34,shared_weighted_euclidean_projector,shared_model_kernel_rcmsa_tagged_transition,released_hmm_filter,79
Reactive,full_action,test_021_69299bc5d0bf,69299bc5d0bf379cc97bdd78ee18bea9a8ffc622a60d0cff22ec8965b5a58972,8b83c669d56287c61d40a0703b8fe7ebc8aa642d9fff413ea893b4f328a3116c,,21,79,decision_plus_clearance,13487.041255972985,81662.48618979586,0.0,95149.52744576885,7831.129291276029,79495.23962660515,3176.7771387072444,2747.811368942774,1281.5659506127097,617.0040696249273,38.33057718357779,1165.1343932580003,6600.550952998591,0.000330722534235945,151.27477112066788,151.27510184320212,1530.6585013124336,5.335226463404046e-07,cleared,79,False,False,True,9.495142455046849e-07,True,0.006945173218954845,3176.7701935340256,95149.52744576884,True,0.00015682859035829702,0.00020650005899369717,34,shared_weighted_euclidean_projector,shared_model_kernel_rcmsa_tagged_transition,released_hmm_filter,79
Reactive,full_action,test_022_1b3e72c80b5f,1b3e72c80b5f8d5862204b809782bba3d065c565c21a1919e08c2b86b7b1841f,8b83c669d56287c61d40a0703b8fe7ebc8aa642d9fff413ea893b4f328a3116c,,21,79,decision_plus_clearance,13963.584580634155,80169.31467460757,0.0,94132.89925524172,8036.654416619482,78146.53720858839,3112.487389449571,2875.351131674304,1335.8074040464903,626.0617048634698,39.1767944080107,1215.4193214481022,6570.035181608556,0.0003625864690389442,148.2133226254153,148.21368521188433,1559.643918843946,4.931679902215474e-07,cleared,79,False,False,True,9.285957055465307e-07,True,0.007614315849817829,3112.479775133721,94132.8992552417,True,0.00015932857058942318,0.0002478999085724354,34,shared_weighted_euclidean_projector,shared_model_kernel_rcmsa_tagged_transition,released_hmm_filter,79
Reactive,full_action,test_023_90a8af416c5a,90a8af416c5a6e79abe970bf714eca061d636b83c012d16275b0083f8782fa25,8b83c669d56287c61d40a0703b8fe7ebc8aa642d9fff413ea893b4f328a3116c,,21,79,decision_plus_clearance,14586.360070403414,87678.14576444123,0.0,102264.50583484465,8563.833744602172,84950.05626782488,3395.737506770627,3278.5627376673956,1418.4648770109516,657.850700968602,42.82731184122233,1399.7406514134082,7016.703348509705,0.00043803957706486165,161.70134799711946,161.70178603669652,1601.5131096008045,6.33722797096315e-07,cleared,79,False,False,True,9.724537127014771e-07,True,0.009198831118362094,3395.7283079395083,102264.50583484463,True,0.00016375713139062836,0.00022929999977350235,34,shared_weighted_euclidean_projector,shared_model_kernel_rcmsa_tagged_transition,released_hmm_filter,79
Reactive,full_action,test_024_e90f261f99e2,e90f261f99e247c3e3c066941073cd14924ea1eec3b7043270db54af5285d79a,8b83c669d56287c61d40a0703b8fe7ebc8aa642d9fff413ea893b4f328a3116c,,21,79,decision_plus_clearance,13094.178601222475,89723.21906165394,0.0,102817.39766287642,8005.404214320105,86545.10020016345,3488.2376256942975,2879.5910475052283,1298.027805955577,601.0367692377774,39.70093870434509,1211.7146104607996,6969.175805115393,0.00031478556995014886,166.1062388189204,166.10655360449033,1539.6757743977366,5.571300934891363e-07,cleared,79,False,False,True,9.889172420766707e-07,True,0.0066104969689531265,3488.2310151973284,102817.39766287642,True,0.00016620000159101828,0.00025509996339678764,34,shared_weighted_euclidean_projector,shared_model_kernel_rcmsa_tagged_transition,released_hmm_filter,79
Reactive,full_action,test_025_0c3eeaae0824,0c3eeaae08241ee112c7df9413dd57d8fb7bc6ef2bac58f6ca7de012fc948c72,8b83c669d56287c61d40a0703b8fe7ebc8aa642d9fff413ea893b4f328a3116c,,21,79,decision_plus_clearance,13176.311499110592,89086.48165785661,0.0,102262.79315696721,7944.557928354848,86238.44486468079,3466.088607218863,2762.9766705893458,1280.888422842724,569.8366632806561,39.1006586685726,1180.7063811676956,6998.693354335427,0.0003271742879921547,165.05151126470548,165.05183843899349,1547.8671785381503,6.663459925138164e-07,cleared,79,False,False,True,9.529290905684891e-07,True,0.006870660047835249,3466.081736558815,102262.79315696721,True,0.000152357133282792,0.00021700002253055573,34,shared_weighted_euclidean_projector,shared_model_kernel_rcmsa_tagged_transition,released_hmm_filter,79
Reactive,full_action,test_026_770d47ae1768,770d47ae17682b043d9c912886a238fdb23a8c0a8289016ef57c0235fe5d0b06,8b83c669d56287c61d40a0703b8fe7ebc8aa642d9fff413ea893b4f328a3116c,,21,79,decision_plus_clearance,12759.89445316365,97007.78424452918,0.0,109767.67869769283,8018.427678019519,93266.34398974765,3776.321488780567,2877.0059269599174,1262.5159889080983,567.0636252771228,39.89641414044789,1203.1127618851153,7358.286161378999,0.000311235528831853,179.8245215635458,179.82483279907464,1540.0203962987541,6.945054197733061e-07,cleared,79,False,False,True,9.457219560306558e-07,True,0.006535946105468913,3776.314952834462,109767.67869769287,True,0.0001804143012989135,0.0002367000561207533,34,shared_weighted_euclidean_projector,shared_model_kernel_rcmsa_tagged_transition,released_hmm_filter,79
Reactive,full_action,test_027_df5d670513fa,df5d670513fa35262df8ea203ff162de2bc1a2f4598ac89786b63793aaa8dbd0,8b83c669d56287c61d40a0703b8fe7ebc8aa642d9fff413ea893b4f328a3116c,,21,79,decision_plus_clearance,13670.084741929883,82268.72781939249,0.0,95938.81256132237,7976.686700571537,80026.88196409901,3196.9027864311615,2817.0434487817392,1307.6227799803507,613.6748814586119,38.986857737334475,1198.0557959212088,6658.316418992536,0.00035076092072916574,152.23311525961077,152.2334660205315,1550.5217145043946,4.791513699171737e-07,cleared,79,False,False,True,9.472170174342838e-07,True,0.007365979335312481,3196.8954204518263,95938.81256132241,True,0.00018231431022286415,0.0003013999667018652,34,shared_weighted_euclidean_projector,shared_model_kernel_rcmsa_tagged_transition,released_hmm_filter,79
Reactive,full_action,test_028_e9fb02365dd3,e9fb02365dd39d4a479796939c6b75136b323e6bb5414d58fe16c9eb23eb080e,8b83c669d56287c61d40a0703b8fe7ebc8aa642d9fff413ea893b4f328a3116c,,21,79,decision_plus_clearance,12454.12879045252,80557.77070752178,0.0,93011.8994979743,7340.7732761721745,78330.16506871216,3141.7686121279976,2442.0969196583637,1197.9506755236955,559.1449457799021,36.013081480606495,1034.2931322506417,6429.965221312837,0.00028222348140178623,149.60774692547088,149.60802914895228,1473.5484553648707,4.82924395956841e-07,cleared,79,False,False,True,9.501644199456385e-07,True,0.0059266931094375105,3141.762685434888,93011.89949797429,True,0.00018124286794946309,0.00023030000738799572,34,shared_weighted_euclidean_projector,shared_model_kernel_rcmsa_tagged_transition,released_hmm_filter,79
Reactive,full_action,test_029_b44f60718c5a,b44f60718c5a51721bd1be86466c0bb83a8f075ec00e497e8853122651b88be6,8b83c669d56287c61d40a0703b8fe7ebc8aa642d9fff413ea893b4f328a3116c,,21,79,decision_plus_clearance,12377.089751972508,86990.55362196069,0.0,99367.6433739332,7509.731018296838,84183.15376648834,3395.9557824294966,2510.925744322661,1223.1511486043933,544.7259137915073,37.02183837283213,1071.2647529778824,6765.224558373841,0.00027795560001168485,161.7119021600903,161.7121801156903,1488.3413071555901,5.783848250803041e-07,cleared,79,False,False,True,9.646282161866095e-07,True,0.005837067600245382,3395.949945361896,99367.64337393323,True,0.00016772382271786532,0.0002657999284565449,34,shared_weighted_euclidean_projector,shared_model_kernel_rcmsa_tagged_transition,released_hmm_filter,79
Reactive,full_action,test_030_038f4c53d11f,038f4c53d11f455d906ca9a381763816040bd2f31fb252156466a1f74c404471,8b83c669d56287c61d40a0703b8fe7ebc8aa642d9fff413ea893b4f328a3116c,,21,79,decision_plus_clearance,13387.928776884444,81204.03579927214,0.0,94591.96457615658,7768.890323376972,79047.3966231506,3160.073306966161,2729.358891401628,1276.0367945949586,610.2086366662397,38.21074618303831,1158.3147663193793,6554.221493443653,0.0003294130111557286,150.47935187109175,150.4796812841029,1517.6846812384892,5.491433479003015e-07,cleared,79,False,False,True,9.41293589743624e-07,True,0.0069176732342703,3160.066389292927,94591.96457615656,True,0.00017511903397029354,0.0002272999845445156,34,shared_weighted_euclidean_projector,shared_model_kernel_rcmsa_tagged_transition,released_hmm_filter,79
Reactive,full_action,test_031_0a6ff70351b5,0a6ff70351b53c8e7f1de0d141b5084d11039bc524ccd9933f5b23b35b3abd3c,8b83c669d56287c61d40a0703b8fe7ebc8aa642d9fff413ea893b4f328a3116c,,21,79,decision_plus_clearance,12512.156721084319,85498.66764078615,0.0,98010.82436187047,7567.415142420264,82765.12067159948,3334.7401914487577,2548.937453869751,1229.1566620450583,565.4542404871394,37.31826735486967,1093.6607806830332,6686.138436013195,0.0002733976108899759,158.79687857613948,158.79715197375037,1493.3014913464706,5.286820509372494e-07,cleared,79,False,False,True,9.734863808957467e-07,True,0.005741349828689494,3334.734450098929,98010.82436187044,True,0.00018501426980254196,0.00029710005037486553,34,shared_weighted_euclidean_projector,shared_model_kernel_rcmsa_tagged_transition,released_hmm_filter,79
Reactive,full_action,test_032_efdf826e6bc3,efdf826e6bc3db036d5fbf1436f2dc6c248eaee1538597a28304017514dc1eb9,8b83c669d56287c61d40a0703b8fe7ebc8aa642d9fff413ea893b4f328a3116c,,21,79,decision_plus_clearance,14048.581534909978,86007.1862519023,0.0,100055.76778681227,8258.112887153102,83477.41881062671,3338.8772989296167,2997.145736243038,1349.3877065220063,634.8253473378034,40.627034085273486,1283.1147386415098,6901.089703997219,0.000370940274996575,158.99378615161152,158.9941570918865,1580.5624631869653,5.465303765177481e-07,cleared,79,False,False,True,9.81163145288166e-07,True,0.007789745774928075,3338.8695091838417,100055.76778681226,True,0.00016633808124987852,0.000256099971011281,34,shared_weighted_euclidean_projector,shared_model_kernel_rcmsa_tagged_transition,released_hmm_filter,79
Reactive,full_action,test_033_de0c441dba67,de0c441dba67f4c18af55eaa8c66ff0e1b4ea0b5a489e9d3e38964a74fdf2af7,8b83c669d56287c61d40a0703b8fe7ebc8aa642d9fff413ea893b4f328a3116c,,21,79,decision_plus_clearance,13540.71439952007,89453.9065028813,0.0,102994.62090240138,8139.168817015379,86528.31239198404,3478.5282579855975,2921.953001303978,1318.0779660510293,608.5804680613148,40.15642872680188,1243.2911501664885,7023.8951937295,0.0003446907764976807,165.64385807044243,165.64420276121893,1562.037912104489,5.695710797946565e-07,cleared,79,False,False,True,9.656320697754793e-07,True,0.0072385063064512945,3478.521019479291,102994.62090240135,True,0.0001617095411001217,0.00025599985383450985,34,shared_weighted_euclidean_projector,shared_model_kernel_rcmsa_tagged_transition,released_hmm_filter,79
Reactive,full_action,test_034_a00d80b83640,a00d80b8364074d2d18768806f48ec2e34d59c8935d9982f8be9eed0f991c2da,8b83c669d56287c61d40a0703b8fe7ebc8aa642d9fff413ea893b4f328a3116c,,21,79,decision_plus_clearance,13242.7294434266,90408.13250149472,0.0,103650.86194492131,7984.372767631925,87405.61856628711,3519.627000658262,2843.477235520049,1306.414665703973,591.3517091200018,39.445979380075286,1195.0561199640767,7051.133671266546,0.0003413351919712727,167.60094441043955,167.60128574563151,1547.1808404894161,5.775141756153896e-07,cleared,79,False,False,True,9.504521494986287e-07,True,0.0071680390313967265,3519.6198326192307,103650.86194492133,True,0.00016481901652046612,0.00023529981262981892,34,shared_weighted_euclidean_projector,shared_model_kernel_rcmsa_tagged_transition,released_hmm_filter,79
Reactive,full_action,test_035_51fd398978b7,51fd398978b78ec8627904227f514de39808dc8e62092971f9c9d9d0c1a0e84a,8b83c669d56287c61d40a0703b8fe7ebc8aa642d9fff413ea893b4f328a3116c,,21,79,decision_plus_clearance,12518.526436940796,84773.31678552162,0.0,97291.84322246241,7457.921016280766,82229.93465250045,3308.419389116507,2507.320275165712,1215.5280291981692,572.7198602007861,36.92988322951419,1075.133280040454,6660.481339661326,0.00027694993871883196,157.54350348418066,157.54378043411938,1479.95446838095,6.123184855978248e-07,cleared,79,False,False,True,9.536580293101922e-07,True,0.005815948713095471,3308.413573167794,97291.8432224624,True,0.00016600474537838074,0.00025679985992610455,34,shared_weighted_euclidean_projector,shared_model_kernel_rcmsa_tagged_transition,released_hmm_filter,79
Reactive,full_action,test_036_7eb6ac1ca077,7eb6ac1ca077683a4409f4f2c9dbb73ac1a32707576f47c8cadd46a203595435,8b83c669d56287c61d40a0703b8fe7ebc8aa642d9fff413ea893b4f328a3116c,,21,79,decision_plus_clearance,13219.488992835908,85275.38257306589,0.0,98494.87156590179,7854.183470405725,82682.73167452369,3318.7931869729036,2767.4286056677643,1265.0768830188833,606.6577453128291,38.81313547041583,1184.9295289024544,6754.780254262165,0.0002982122413724694,158.03747259599214,158.03777080823352,1528.3066952473034,5.421808376966531e-07,cleared,79,False,False,True,9.74786139810774e-07,True,0.006262457068821857,3318.786924515835,98494.8715659018,True,0.00017991429194808006,0.0002794000320136547,34,shared_weighted_euclidean_projector,shared_model_kernel_rcmsa_tagged_transition,released_hmm_filter,79
Reactive,full_action,test_037_f096257ecaa4,f096257ecaa456c423dd2e587c7a0f76747a52746a718c0ca85345f8faa2c9df,8b83c669d56287c61d40a0703b8fe7ebc8aa642d9fff413ea893b4f328a3116c,,21,79,decision_plus_clearance,16257.151424480153,86705.37662185733,0.0,102962.52804633748,9393.033745490951,84167.41575929748,3336.129928326875,3782.552783726503,1568.8694882508569,714.526341244815,45.7342379536604,1588.428128331538,7157.195028214741,0.0005733279277027352,158.86275659239968,158.86332992032737,1707.4427333489914,4.6524614889417146e-07,cleared,79,False,False,True,9.767536532129234e-07,True,0.01203988648175744,3336.117888440393,102962.52804633747,True,0.0001692333303037144,0.0003239000216126442,34,shared_weighted_euclidean_projector,shared_model_kernel_rcmsa_tagged_transition,released_hmm_filter,79
Reactive,full_action,test_038_b05abc6e01b3,b05abc6e01b3718868c375b47078f5b62629d6eac8227c2b0618a70ea26128fc,8b83c669d56287c61d40a0703b8fe7ebc8aa642d9fff413ea893b4f328a3116c,,21,79,decision_plus_clearance,14086.9271608876,85752.59331527477,0.0,99839.52047616238,8326.126000757364,83060.04601605919,3323.4058783260975,3120.2847414271923,1364.8026583971441,644.8551811953964,41.63249805185745,1337.4902288280687,6849.118080849771,0.0003829367651691273,158.25703984066806,158.25742277743322,1569.8202026271324,5.430373188626293e-07,cleared,79,False,False,True,9.838808042458609e-07,True,0.008041672068551673,3323.397836654029,99839.52047616238,True,0.00017689528786355541,0.0002723999787122011,34,shared_weighted_euclidean_projector,shared_model_kernel_rcmsa_tagged_transition,released_hmm_filter,79
Reactive,full_action,test_039_9c0d1ebe6c19,9c0d1ebe6c190d77dea3345bb6f3b600dad24feb171cfa5b624fa948a7b1d203,8b83c669d56287c61d40a0703b8fe7ebc8aa642d9fff413ea893b4f328a3116c,,21,79,decision_plus_clearance,13100.983247641852,89489.21899727019,0.0,102590.20224491204,7930.144236348432,86470.92322571918,3483.1523911415193,2818.1968787728983,1275.2015731346808,612.5839397953104,39.5255381514452,1209.7206974417882,6965.378963183829,0.00029735542322465087,165.86410222274435,165.86439957816756,1529.740057862199,6.059990283320097e-07,cleared,79,False,False,True,9.85217675362658e-07,True,0.006244463887717668,3483.1461466776314,102590.20224491201,True,0.0001633952349601757,0.0002123001031577587,34,shared_weighted_euclidean_projector,shared_model_kernel_rcmsa_tagged_transition,released_hmm_filter,79
Reactive,full_action,test_040_11a8950c659e,11a8950c659e50fc01d8e1413f71ec94f8cee0fde048ef4f8feaf64bf17ebc31,8b83c669d56287c61d40a0703b8fe7ebc8aa642d9fff413ea893b4f328a3116c,,21,79,decision_plus_clearance,12601.938277846175,84625.06450373876,0.0,97227.00278158493,7521.70464597317,82041.5224521272,3298.6666202632805,2577.91377037991,1221.5270181681306,565.6682746732118,37.66322381824633,1112.2196237920252,6653.289501790531,0.00029042996910194055,157.07907243971093,157.07936286968004,1481.19560199735,6.31227120759277e-07,cleared,79,False,False,True,9.716146422988943e-07,True,0.006099029351140752,3298.6605212339296,97227.00278158489,True,0.00015613331370765255,0.00024649989791214466,34,shared_weighted_euclidean_projector,shared_model_kernel_rcmsa_tagged_transition,released_hmm_filter,79
Reactive,full_action,test_041_e58f21dcc209,e58f21dcc209cc30ce7f3c41ea3bb5ca1044d9230ccb95693e6230e9d330fb88,8b83c669d56287c61d40a0703b8fe7ebc8aa642d9fff413ea893b4f328a3116c,,21,79,decision_plus_clearance,13373.68479329912,89543.56860923958,0.0,102917.2534025387,8050.521132305839,86632.948485958,3485.0187899376742,2852.7531108471935,1305.7880034589507,590.2238800310251,39.61621984357713,1211.2800142257925,7021.533223103587,0.00034041545592988136,165.95293529586186,165.9532757113178,1556.2504100221665,5.73591314592078e-07,cleared,79,False,False,True,9.54042784239246e-07,True,0.007148724574527508,3485.011641213099,102917.25340253867,True,0.00017036192695654573,0.00022569997236132622,34,shared_weighted_euclidean_projector,shared_model_kernel_rcmsa_tagged_transition,released_hmm_filter,79
Reactive,full_action,test_042_a77d2ece213a,a77d2ece213ae69417f02560c0642cd54460ae2e8b62820c3370f54e0b0c843f,8b83c669d56287c61d40a0703b8fe7ebc8aa642d9fff413ea893b4f328a3116c,,21,79,decision_plus_clearance,11655.951603996884,86614.30056088536,0.0,98270.25216488224,7156.330800769919,83772.85358863322,3386.5665277821395,2314.7434131307664,1124.2756004887092,515.4822340774734,35.8815394704418,1015.8221467732794,6669.560687265279,0.0002231250363884724,161.26484962649408,161.26507275153048,1437.470620119227,6.062759664636441e-07,cleared,79,False,False,True,9.61249022148183e-07,True,0.004685625764157921,3386.561842156376,98270.25216488223,True,0.0001625047575327612,0.00023499992676079273,34,shared_weighted_euclidean_projector,shared_model_kernel_rcmsa_tagged_transition,released_hmm_filter,79
Reactive,full_action,test_043_f1174106175c,f1174106175ca0507fd2efedad3b19e57bbe656b669a63b5f3bddc88ed93905a,8b83c669d56287c61d40a0703b8fe7ebc8aa642d9fff413ea893b4f328a3116c,,21,79,decision_plus_clearance,15460.834962909537,80162.85709279032,0.0,95623.69205569985,8779.13139442212,78240.64004141073,3092.7605374450754,3362.0721343221667,1456.0042311960742,693.0837169037051,42.76946474166602,1430.5504584220116,6732.4876738035155,0.00047202221397929853,147.2738392846944,147.27431130690837,1642.2047060095904,4.869144078330714e-07,cleared,79,False,False,True,9.395272805054917e-07,True,0.009912466493565269,3092.750624978582,95623.69205569988,True,0.00017247620659569898,0.00032240012660622597,34,shared_weighted_euclidean_projector,shared_model_kernel_rcmsa_tagged_transition,released_hmm_filter,79
Reactive,full_action,test_044_ed401c94714a,ed401c94714a1b658a7305d216d392780815b859f07387d4086dea53af39e785,8b83c669d56287c61d40a0703b8fe7ebc8aa642d9fff413ea893b4f328a3116c,,21,79,decision_plus_clearance,12622.749749430586,87970.3926868472,0.0,100593.14243627779,7615.910772462552,85168.3900065771,3430.7333784926036,2588.5079060523985,1227.6887730359979,561.9115996570961,37.66106036794029,1104.2992274708395,6859.8745529304915,0.000289591805656403,163.36796652688977,163.36825611869543,1503.4937760350929,6.438892866845235e-07,cleared,79,False,False,True,9.460412025693297e-07,True,0.006081427918784463,3430.7272970646854,100593.14243627775,True,0.0001681618880303133,0.0002485997974872589,34,shared_weighted_euclidean_projector,shared_model_kernel_rcmsa_tagged_transition,released_hmm_filter,79
Reactive,full_action,test_045_af7d3f616c1d,af7d3f616c1d242f60f09f068fd7a769245912bd59097557b89958e0f930fd8e,8b83c669d56287c61d40a0703b8fe7ebc8aa642d9fff413ea893b4f328a3116c,,21,79,decision_plus_clearance,13585.08382928503,90308.83809026031,0.0,103893.92191954533,8152.316011729262,87347.64263631473,3512.206099255384,2948.3145123245054,1319.993418428392,613.4492414930862,40.009025246234536,1236.2308207076208,7079.968989811385,0.00034002394178469044,167.24756946440982,167.2479094883516,1562.6214748787995,5.94403660041166e-07,cleared,79,False,False,True,9.296130944723934e-07,True,0.007140502777478499,3512.1989587526064,103893.92191954536,True,0.00016738090752845718,0.0002492999192327261,34,shared_weighted_euclidean_projector,shared_model_kernel_rcmsa_tagged_transition,released_hmm_filter,79
Reactive,full_action,test_046_e35b743e6617,e35b743e661721e2867313f4a6007e66923f4308dd844f736246ad22f905305e,8b83c669d56287c61d40a0703b8fe7ebc8aa642d9fff413ea893b4f328a3116c,,21,79,decision_plus_clearance,13209.517316278921,91902.27888731322,0.0,105111.79620359215,8001.129835644541,88807.64221098249,3579.8043776040518,2833.722599820122,1301.7964631024288,587.7007164385009,39.466227870446595,1192.9302506855831,7135.697602704409,0.0003384798303005166,170.46653664417215,170.46687512400246,1549.8845121697823,6.3269802528973e-07,cleared,79,False,False,True,9.870386773645683e-07,True,0.007108076436310848,3579.7972695276153,105111.79620359214,True,0.00018140948599293117,0.00027219997718930244,34,shared_weighted_euclidean_projector,shared_model_kernel_rcmsa_tagged_transition,released_hmm_filter,79
Reactive,full_action,test_047_20c1f89391c1,20c1f89391c1a8fce9e63acefb218921593c303986fc79bf1eaf29fd9b27694e,8b83c669d56287c61d40a0703b8fe7ebc8aa642d9fff413ea893b4f328a3116c,,21,79,decision_plus_clearance,12987.051601269159,96931.13628347359,0.0,109918.18788474274,8147.768210195915,93167.23384432787,3770.449764421672,2963.6355537320537,1289.9544254319453,579.146086633325,40.31548011926989,1227.7057298900738,7369.387011662917,0.000322176520279318,179.5449047007022,179.5452268772225,1554.9331260478166,6.321600491611357e-07,cleared,79,False,False,True,9.64390868221922e-07,True,0.006765706925865677,3770.4429987147464,109918.18788474279,True,0.00015827618716728119,0.00024870014749467373,34,shared_weighted_euclidean_projector,shared_model_kernel_rcmsa_tagged_transition,released_hmm_filter,79
Reactive,full_action,test_048_eeaf6a6a0a15,eeaf6a6a0a158e1862d5cbdc734d51cf09860f78311911e19e234cde4f8662d2,8b83c669d56287c61d40a0703b8fe7ebc8aa642d9fff413ea893b4f328a3116c,,21,79,decision_plus_clearance,13109.101825265256,90129.39984978847,0.0,103238.50167505373,7967.310810150921,86983.97366726224,3505.515202496998,2885.246917861451,1293.6240768157186,602.8310004664219,40.138956374923325,1232.7888912092144,6984.155594016542,0.0003303656160609255,166.92896499138382,166.9292953569999,1526.9195134513402,6.224102179705678e-07,cleared,79,False,False,True,9.732578194056378e-07,True,0.006937677937279436,3505.50826481906,103238.50167505376,True,0.00016963331117516472,0.0002973999362438917,34,shared_weighted_euclidean_projector,shared_model_kernel_rcmsa_tagged_transition,released_hmm_filter,79
Reactive,full_action,test_049_343da3774e7e,343da3774e7e8e5143d50e3c5214e3dab09c23d71b2e4947c09263a8e3d1d8f7,8b83c669d56287c61d40a0703b8fe7ebc8aa642d9fff413ea893b4f328a3116c,,21,79,decision_plus_clearance,12842.451245451331,76508.60944081422,0.0,89351.06068626555,7473.827297073345,74626.29626650193,2978.097887043633,2499.1692903934804,1206.1046727337393,567.5652725194091,36.194893632430215,1066.5511576650752,6252.850303903331,0.0002807608245252375,141.81390433649133,141.81418509731586,1488.166321734294,4.343144683493382e-07,cleared,79,False,False,True,9.921092893662307e-07,True,0.0058959773150299875,2978.091991066318,89351.06068626553,True,0.00017129999053265368,0.0002373000606894493,34,shared_weighted_euclidean_projector,shared_model_kernel_rcmsa_tagged_transition,released_hmm_filter,79
Reactive,full_action,test_050_1c7612d8bc63,1c7612d8bc6352712fb0a5140912bb4dcf0178405305be2a668e7cf192566507,8b83c669d56287c61d40a0703b8fe7ebc8aa642d9fff413ea893b4f328a3116c,,21,79,decision_plus_clearance,12240.009105069332,81949.54152540515,0.0,94189.55063047448,7219.328596002763,79691.19147085036,3203.6405401379757,2359.3281700617085,1153.0798203462323,562.9820330754355,35.735746495173814,1028.6691048219902,6473.780935180432,0.0002393833696461574,152.55407205177204,152.5543114351417,1448.7624254176144,6.206780481936617e-07,cleared,79,False,False,True,9.577098987651861e-07,True,0.005027050762569305,3203.635513087213,94189.55063047446,True,0.00016228571933295046,0.0002544999588280916,34,shared_weighted_euclidean_projector,shared_model_kernel_rcmsa_tagged_transition,released_hmm_filter,79
Reactive,full_action,test_051_5747c87e6d9a,5747c87e6d9ace089dca37ca64fb5e904cbbd79136b0c4d74ea0a4390bb94034,8b83c669d56287c61d40a0703b8fe7ebc8aa642d9fff413ea893b4f328a3116c,,21,79,decision_plus_clearance,11832.174398799436,79520.38851086632,0.0,91352.56290966576,7140.889353735988,77056.41206958068,3101.812261498744,2363.0887228839297,1157.553426031319,532.807075935087,35.60625902551289,1015.0934760758915,6257.964760957432,0.00023868808098636378,147.7051070975735,147.7053457856545,1427.1542258570973,4.69012333078549e-07,cleared,79,False,False,True,9.981144614288912e-07,True,0.0050124497007136394,3101.807249049043,91352.56290966574,True,0.00016330953110896406,0.00024310010485351086,34,shared_weighted_euclidean_projector,shared_model_kernel_rcmsa_tagged_transition,released_hmm_filter,79
Reactive,full_action,test_052_9760565f31de,9760565f31de15242f359a838a120dd71ffb6d8dd1020fdd4287b6afdf35b97c,8b83c669d56287c61d40a0703b8fe7ebc8aa642d9fff413ea893b4f328a3116c,,21,79,decision_plus_clearance,13806.51601555084,83056.90403736901,0.0,96863.42005291984,8074.752691150558,80699.3808744706,3224.1325179631576,2915.221195700872,1325.0216450308249,624.911128603875,39.869974509953614,1243.6684370716662,6700.971329000365,0.00036240432181909257,153.52975749868568,153.5301199030075,1555.1676877436562,5.05053945039698e-07,cleared,79,False,False,True,9.55311503762367e-07,True,0.007610490758200944,3224.124907472399,96863.42005291987,True,0.00016056664199346588,0.0002756000030785799,34,shared_weighted_euclidean_projector,shared_model_kernel_rcmsa_tagged_transition,released_hmm_filter,79
Reactive,full_action,test_053_4473e6f72168,4473e6f7216884984406f8aef487c6686108cdbdbead4e89b46bcc827017f85e,8b83c669d56287c61d40a0703b8fe7ebc8aa642d9fff413ea893b4f328a3116c,,21,79,decision_plus_clearance,13550.99131289706,82725.26412990596,0.0,96276.25544280303,8006.256569775495,80217.08173039716,3210.752320145169,2899.3868525400485,1317.8334528443752,624.9445171007831,39.591842723545895,1227.5337610045474,6626.896794531952,0.00033267510819600814,152.89263495085223,152.8929676259604,1539.5223441045625,4.66778262223166e-07,cleared,79,False,False,True,9.767963302824289e-07,True,0.006986177272116171,3210.745333967897,96276.25544280303,True,0.0001655666689787592,0.00023559993132948875,34,shared_weighted_euclidean_projector,shared_model_kernel_rcmsa_tagged_transition,released_hmm_filter,79
Reactive,full_action,test_054_c66f0b1dacc4,c66f0b1dacc4b499fb5fafd7b24077901e59bb19b93546020b7316e75636dc3c,8b83c669d56287c61d40a0703b8fe7ebc8aa642d9fff413ea893b4f328a3116c,,21,79,decision_plus_clearance,12658.902718193496,91805.27754369749,0.0,104464.18026189099,7781.319174828077,88605.3626728946,3578.8533297846247,2691.3775345419535,1237.4899272796624,569.777622562134,38.335901175063675,1133.4222099744873,7068.576122891495,0.0002908696461215505,170.42129626295505,170.42158713260116,1519.9007347698803,6.008520576062927e-07,cleared,79,False,False,True,9.565288080213789e-07,True,0.006108262568552561,3578.8472215220563,104464.18026189106,True,0.00017039044316680658,0.00025949999690055847,34,shared_weighted_euclidean_projector,shared_model_kernel_rcmsa_tagged_transition,released_hmm_filter,79
Reactive,full_action,test_055_f90330578051,f90330578051a0ac7d073b0006ba832b11d6170521fff7ce97460ddcd2cba92c,8b83c669d56287c61d40a0703b8fe7ebc8aa642d9fff413ea893b4f328a3116c,,21,79,decision_plus_clearance,14017.202713920027,93928.90851239365,0.0,107946.11122631367,8520.21099892452,90551.33036324655,3645.3878020015813,3199.930003535884,1382.4069834915317,646.8450751135973,42.38907261833726,1361.7707119086979,7300.269077665183,0.0003691942844746008,173.58952613912416,173.58989533340863,1599.367509778134,6.158033860035939e-07,cleared,79,False,False,True,9.756539906986984e-07,True,0.007753079973966617,3645.3800489216073,107946.11122631367,True,0.0001738142953919513,0.00034760008566081524,34,shared_weighted_euclidean_projector,shared_model_kernel_rcmsa_tagged_transition,released_hmm_filter,79
Reactive,full_action,test_056_b2c64046cef9,b2c64046cef9c3c8c1d997032493b7ac82c1af8485fa09f9c11b9c6d822ea478,8b83c669d56287c61d40a0703b8fe7ebc8aa642d9fff413ea893b4f328a3116c,,21,79,decision_plus_clearance,13023.612434151357,81441.10155887718,0.0,94464.71399302853,7653.781305695534,79182.2297378851,3172.3779654307123,2624.266007854485,1243.5525997882476,588.5063763744533,37.70080439098545,1132.3023870504242,6528.904719328048,0.00028740880892623764,151.06532999265355,151.06561740146248,1507.9372554181416,5.218023847342236e-07,cleared,79,False,False,True,9.615472107932815e-07,True,0.00603558498745099,3172.3719298457245,94464.71399302855,True,0.00016086184907527197,0.00020100013352930546,34,shared_weighted_euclidean_projector,shared_model_kernel_rcmsa_tagged_transition,released_hmm_filter,79
Reactive,full_action,test_057_bf11b8e004e2,bf11b8e004e2675983bf718fcc9085ea691c39d83a93ed2726c993f568ae7b13,8b83c669d56287c61d40a0703b8fe7ebc8aa642d9fff413ea893b4f328a3116c,,21,79,decision_plus_clearance,12790.813448257903,85339.22313361404,0.0,98130.03658187194,7599.140405555388,82793.47853359967,3328.4546751150306,2585.737947770748,1265.6842926426916,557.540727188392,37.50777796067623,1095.4310352005652,6734.200773867848,0.00031600295845920373,158.49752566918585,158.49784167214432,1513.6130075706214,5.665657586345114e-07,cleared,79,False,False,True,9.910045230140357e-07,True,0.006636062127643279,3328.448039052903,98130.03658187191,True,0.00017225716839588823,0.0003084999043494463,34,shared_weighted_euclidean_projector,shared_model_kernel_rcmsa_tagged_transition,released_hmm_filter,79
Reactive,full_action,test_058_fbcfbffca03e,fbcfbffca03e44547ea319ed2d43b06e5f628f750b3d1a41c39a0846aecd36c4,8b83c669d56287c61d40a0703b8fe7ebc8aa642d9fff413ea893b4f328a3116c,,21,79,decision_plus_clearance,14343.212121994744,91520.53803166114,0.0,105863.75015365588,8548.869158048714,88518.69039779465,3549.6283251400514,3202.256345919494,1398.0899828033691,646.2159439495879,42.29220537777603,1362.2796948911591,7228.899019118824,0.0004034532531923366,169.02951679151116,169.02992024476436,1609.699643014452,6.220528142024818e-07,cleared,79,False,False,True,9.78081508355357e-07,True,0.008472518317039069,3549.6198526217345,105863.75015365586,True,0.0001667190697931108,0.00024319998919963837,34,shared_weighted_euclidean_projector,shared_model_kernel_rcmsa_tagged_transition,released_hmm_filter,79
Reactive,full_action,test_059_d22925a9593f,d22925a9593fa401ece13fc7588e32d8a890971a8c128175ef3afe51e59bbbae,8b83c669d56287c61d40a0703b8fe7ebc8aa642d9fff413ea893b4f328a3116c,,21,79,decision_plus_clearance,12771.020226210745,85260.11587890281,0.0,98031.13610511356,7651.91811354133,82622.57186534871,3323.141282975882,2621.480777862886,1258.4299465443794,553.5941188403568,37.82068198421158,1115.0441966202584,6713.077867946124,0.00031159799557019783,158.24451140085594,158.2448229988515,1507.4633760680078,5.451368328581323e-07,cleared,79,False,False,True,9.780906585334768e-07,True,0.006543557906974155,3323.1347394179747,98031.13610511353,True,0.00016962855477773009,0.0002678998280316591,34,shared_weighted_euclidean_projector,shared_model_kernel_rcmsa_tagged_transition,released_hmm_filter,79
Reactive,full_action,test_060_b3feb9e274c2,b3feb9e274c243af57931bb81154ddcd4db25503aef66fcc12b42f42f154b7ce,8b83c669d56287c61d40a0703b8fe7ebc8aa642d9fff413ea893b4f328a3116c,,21,79,decision_plus_clearance,13520.166465927363,88485.39553136466,0.0,102005.56199729202,8088.444040969529,85627.34057144853,3440.3736928084186,2918.6139552692875,1320.6181912217353,610.171545574527,39.73961421324276,1223.1033876987337,6966.671942515337,0.0003347888070871452,163.82698391635572,163.8273187051628,1558.4618557086467,5.611568566548842e-07,cleared,79,False,False,True,9.959121459847346e-07,True,0.007030564948830049,3440.36666224347,102005.56199729202,True,0.0001581333732853333,0.0002429999876767397,34,shared_weighted_euclidean_projector,shared_model_kernel_rcmsa_tagged_transition,released_hmm_filter,79
Reactive,full_action,test_061_627abde70c26,627abde70c260fe7d7dfdd8a0ae46ef10630e9ce7d5542c218bfb019b77707b7,8b83c669d56287c61d40a0703b8fe7ebc8aa642d9fff413ea893b4f328a3116c,,21,79,decision_plus_clearance,13413.569822564565,86503.52100036471,0.0,99917.09082292927,7991.536978296635,83813.57964829427,3364.8244445604655,2826.9745436203975,1327.2916051738387,592.8836029837025,39.222001935742,1189.603180597952,6854.029328351523,0.00036090249018460983,160.22937455277008,160.22973545526025,1553.5195409484265,4.883346927993927e-07,cleared,79,False,False,True,9.252717886292262e-07,True,0.0075789522938768065,3364.8168656081716,99917.0908229293,True,0.0001643095276362839,0.00023820018395781517,34,shared_weighted_euclidean_projector,shared_model_kernel_rcmsa_tagged_transition,released_hmm_filter,79
Reactive,full_action,test_062_0c9ea14e9507,0c9ea14e9507679b12568ca09440ee0d472e13c1d2a4d4df4f22d9720c95b81b,8b83c669d56287c61d40a0703b8fe7ebc8aa642d9fff413ea893b4f328a3116c,,21,79,decision_plus_clearance,13409.692402350607,92198.35452299891,0.0,105608.04692534951,8139.797600282923,89043.56135292357,3586.523220069629,2908.8954329160647,1336.5526988242068,592.7166203331203,40.217604774951404,1230.5239958019522,7176.833212934889,0.00035925647402500096,170.78646074684164,170.78682000331565,1570.2855386669987,6.046740235105086e-07,cleared,79,False,False,True,9.96099580606896e-07,True,0.0075443859545250205,3586.5156756836745,105608.04692534951,True,0.00017275241026211354,0.00026500015519559383,34,shared_weighted_euclidean_projector,shared_model_kernel_rcmsa_tagged_transition,released_hmm_filter,79
Reactive,full_action,test_063_44f0f2a191ef,44f0f2a191eff5a5bb9fb795dad447d7fc7e78fd849c2393842ed70164a5fcda,8b83c669d56287c61d40a0703b8fe7ebc8aa642d9fff413ea893b4f328a3116c,,21,79,decision_plus_clearance,12218.766808299031,87653.89685648575,0.0,99872.66366478478,7453.017818519734,84711.7861756796,3420.837277052098,2521.961186707284,1224.3586340212441,540.7025728048411,37.465045557987416,1086.0513572208695,6771.371559032453,0.0002869573101097243,162.89672623564695,162.89701319295708,1475.0910795924879,5.746683108748615e-07,cleared,79,False,False,True,9.443044527065808e-07,True,0.006026103512304211,3420.831250948586,99872.6636647848,True,0.00017515716275998523,0.00023630005307495594,34,shared_weighted_euclidean_projector,shared_model_kernel_rcmsa_tagged_transition,released_hmm_filter,79
Reactive,full_action,test_064_27d69866b791,27d69866b79138686724529a21cb6e323bfdcf5210778f504d0eb950a434b33a,8b83c669d56287c61d40a0703b8fe7ebc8aa642d9fff413ea893b4f328a3116c,,21,79,decision_plus_clearance,11916.752375071106,77553.79963406199,0.0,89470.5520091331,6964.620375972959,75600.09919723988,3034.349393260259,2201.525562068016,1146.5660273083292,523.3914532836545,34.13191055287304,946.7255039519504,6191.96534167397,0.00024585241192597577,144.4925823980766,144.49282825048851,1420.1202849828467,5.474702685043604e-07,cleared,79,False,False,True,9.979860989077758e-07,True,0.0051629006504454915,3034.3442303596084,89470.55200913308,True,0.00016484761034094153,0.00028449995443224907,34,shared_weighted_euclidean_projector,shared_model_kernel_rcmsa_tagged_transition,released_hmm_filter,79
Reactive,full_action,test_065_930038cc16e9,930038cc16e99dda3abddced3121095d94183071473ae7d8535bf0ab56c97fc9,8b83c669d56287c61d40a0703b8fe7ebc8aa642d9fff413ea893b4f328a3116c,,21,79,decision_plus_clearance,12443.360811778866,91298.52877389452,0.0,103741.88958567339,7572.216370424502,88252.28701836293,3566.0815949345724,2562.2858585461277,1225.8166406000466,563.2021028051959,37.664052654867305,1096.4386469754809,7020.345422374691,0.0002761419149180738,169.8131331406838,169.8134092825987,1498.2012814984946,7.043357200551839e-07,cleared,79,False,False,True,9.478391214529226e-07,True,0.00579898021327955,3566.0757959543594,103741.88958567337,True,0.0001577667093702725,0.00021070009097456932,34,shared_weighted_euclidean_projector,shared_model_kernel_rcmsa_tagged_transition,released_hmm_filter,79
Reactive,full_action,test_066_28fb87ba4913,28fb87ba4913ced186980dcbc093c47e083f79b8e740a1acb42c6392df84b3a3,8b83c669d56287c61d40a0703b8fe7ebc8aa642d9fff413ea893b4f328a3116c,,21,79,decision_plus_clearance,14203.487571574396,91962.19238779203,0.0,106165.67995936643,8629.56416567845,88626.63606566661,3562.629551014717,3292.161009428505,1411.9925945196617,642.6965730584756,42.781039810605684,1387.328696957743,7193.358762769132,0.00037771776147133663,169.64864852103457,169.64902623879604,1605.5018498036345,6.101368908657623e-07,cleared,79,False,False,True,9.538116795904988e-07,True,0.007932072990898069,3562.621618941726,106165.6799593664,True,0.00016116189016472725,0.0002392998430877924,34,shared_weighted_euclidean_projector,shared_model_kernel_rcmsa_tagged_transition,released_hmm_filter,79
Reactive,full_action,test_067_4d46fa716471,4d46fa716471fa4d60109942ef5bb2dd1232241a3c67bc5b1cfc29fc39cbfd18,8b83c669d56287c61d40a0703b8fe7ebc8aa642d9fff413ea893b4f328a3116c,,21,79,decision_plus_clearance,12557.829806039092,90681.16350666509,0.0,103238.99331270419,7749.055743479057,87421.1339881332,3533.8556934743224,2724.728960206279,1243.9533018396194,566.2656255716987,38.61826367423266,1148.9744017888197,6960.502210291145,0.0002875559422381058,168.27855499045407,168.2788425463963,1505.589849413762,5.759319050993034e-07,cleared,79,False,False,True,9.828748205414921e-07,True,0.006038674787000221,3533.8496547995355,103238.99331270417,True,0.0001523380744315329,0.0002563998568803072,34,shared_weighted_euclidean_projector,shared_model_kernel_rcmsa_tagged_transition,released_hmm_filter,79
Reactive,full_action,test_068_93da1d4ae1ba,93da1d4ae1ba5b053059e9b89e557fda34a240b0e754e3a555372b254463a63a,8b83c669d56287c61d40a0703b8fe7ebc8aa642d9fff413ea893b4f328a3116c,,21,79,decision_plus_clearance,14030.024555622973,94099.98816054413,0.0,108130.01271616711,8512.57609005225,90769.95795247765,3654.380547051875,3169.1463742214914,1384.1384684093207,639.813283954484,42.195295393594414,1350.967365225462,7322.802724720346,0.0003733174053043684,174.01774797077923,174.01812128818452,1604.0634708520317,6.016784255660936e-07,cleared,79,False,False,True,9.504621133007272e-07,True,0.007839665511391737,3654.372707386364,108130.01271616707,True,0.00015897146381792568,0.00022580008953809738,34,shared_weighted_euclidean_projector,shared_model_kernel_rcmsa_tagged_transition,released_hmm_filter,79
Reactive,full_action,test_069_5b01ea54b2fa,5b01ea54b2fa549608732665cf72566100e6d5765b097dd29e2f07654d97e94a,8b83c669d56287c61d40a0703b8fe7ebc8aa642d9fff413ea893b4f328a3116c,,21,79,decision_plus_clearance,13417.723529867357,78942.65820535415,0.0,92360.38173522151,7775.15787153351,76898.59953676027,3071.344482422856,2706.258831519032,1306.8720671274184,602.1489458583846,38.120140087772576,1153.2518272715236,6418.597176755005,0.0003335415061292893,146.254165621487,146.25449916299314,1527.9667282907728,4.478737301188077e-07,cleared,79,False,False,True,9.83960562525025e-07,True,0.0070043716287150745,3071.337478051227,92360.38173522147,True,0.0001720619121832507,0.0002747999969869852,34,shared_weighted_euclidean_projector,shared_model_kernel_rcmsa_tagged_transition,released_hmm_filter,79
Reactive,full_action,test_070_0cd9bcac96c3,0cd9bcac96c35799fee58a41df95758c42fc0c84363a570dadf82c310f780fc2,8b83c669d56287c61d40a0703b8fe7ebc8aa642d9fff413ea893b4f328a3116c,,21,79,decision_plus_clearance,13980.814480094306,89466.88182049913,0.0,103447.69630059344,8479.737994847821,86298.8306229002,3465.7083029263463,3180.6992311184094,1387.9302661685458,634.7898826321481,41.7120219756103,1327.9142317364272,7043.654251766847,0.00036497450364045487,165.03336373627474,165.03372871077838,1597.740494461399,5.19818334618205e-07,cleared,79,False,False,True,9.911237397716989e-07,True,0.007664464576449552,3465.7006384617694,103447.69630059348,True,0.00017354759343323254,0.00027379998937249184,34,shared_weighted_euclidean_projector,shared_model_kernel_rcmsa_tagged_transition,released_hmm_filter,79
Reactive,full_action,test_071_34f77888383f,34f77888383fb5b7dddc8c7fc1f8ab1980f574da89d48920167bc6e4a5baac19,8b83c669d56287c61d40a0703b8fe7ebc8aa642d9fff413ea893b4f328a3116c,,21,79,decision_plus_clearance,11703.867354619322,81133.05823796461,0.0,92836.92559258392,7081.058055822584,78631.27947956402,3166.882188361662,2325.4093223788636,1122.8769804297337,509.4195660270388,34.967425347221,981.0972233976645,6364.4444118313995,0.00023508577306265393,150.80367864573466,150.80391373150772,1428.4654018526396,5.227151089130096e-07,cleared,79,False,False,True,9.959770216021092e-07,True,0.004936801234315733,3166.877251560428,92836.9255925839,True,0.00015649998870988688,0.0002694998402148485,34,shared_weighted_euclidean_projector,shared_model_kernel_rcmsa_tagged_transition,released_hmm_filter,79
Reactive,full_action,test_072_8e59fac0e6c8,8e59fac0e6c81b34fdbf7517a855653a3cd0a095878de09734040c0d4127fdc1,8b83c669d56287c61d40a0703b8fe7ebc8aa642d9fff413ea893b4f328a3116c,,21,79,decision_plus_clearance,12750.423315533293,87656.35683154583,0.0,100406.78014707912,7742.263402443624,84735.76056380423,3415.828581694501,2685.4116091194946,1244.0399868754816,583.4760031417496,38.3334864011585,1149.016822410672,6823.235141451232,0.00027307469723821974,162.65823081551707,162.65850389021432,1511.8091500501705,5.581857741636358e-07,cleared,79,False,False,True,9.804142706294917e-07,True,0.005734568642002615,3415.8228471258585,100406.78014707907,True,0.00016483813080759275,0.0002280999906361103,34,shared_weighted_euclidean_projector,shared_model_kernel_rcmsa_tagged_transition,released_hmm_filter,79
Reactive,full_action,test_073_69349232969b,69349232969bf4c86d2f494ebcfdc30419a510d14224ddded4cf0b0572c985f7,8b83c669d56287c61d40a0703b8fe7ebc8aa642d9fff413ea893b4f328a3116c,,21,79,decision_plus_clearance,13755.041557540086,86779.27502398894,0.0,100534.31658152903,8144.061982760963,84045.7227347856,3370.426252686385,2995.87515916107,1346.3620543934344,631.8683977415666,40.599151781894584,1268.8571594116881,6876.3254090532355,0.000375206293289199,160.4961130168679,160.49648822316118,1555.5262425736607,5.574387565080685e-07,cleared,79,False,False,True,8.947000340612335e-07,True,0.00787933215907318,3370.418373354226,100534.31658152901,True,0.00015407618844792958,0.0002218999434262514,34,shared_weighted_euclidean_projector,shared_model_kernel_rcmsa_tagged_transition,released_hmm_filter,79
Reactive,full_action,test_074_212affc962e2,212affc962e28f58fe45099916e12acf08d12bd5b6ae1e8be69e32f2992b7426,8b83c669d56287c61d40a0703b8fe7ebc8aa642d9fff413ea893b4f328a3116c,,21,79,decision_plus_clearance,13697.736721104771,85413.66318793962,0.0,99111.39990904438,8102.614867291785,82779.65222774578,3315.3573635098405,2958.2670713340804,1335.1236952587437,620.3846839041455,40.44203122243576,1264.266232394183,6806.998149985713,0.0003720084156414583,157.8737881587196,157.87416016713524,1550.0390032990397,5.661201236710304e-07,cleared,79,False,False,True,9.781087092614295e-07,True,0.007812176728470625,3315.349551333112,99111.3999090444,True,0.00016078570236762366,0.0002601000014692545,34,shared_weighted_euclidean_projector,shared_model_kernel_rcmsa_tagged_transition,released_hmm_filter,79
Reactive,full_action,test_075_8de4e41c7ad9,8de4e41c7ad941d139487bf1af6be7e835a7c841f83db6f4b9e0876bff23bb48,8b83c669d56287c61d40a0703b8fe7ebc8aa642d9fff413ea893b4f328a3116c,,21,79,decision_plus_clearance,12561.231779586831,80635.37480681844,0.0,93196.60658640527,7421.184069064248,78311.61084603122,3141.8550295856458,2540.1845607716073,1199.0340275166536,582.7380534358505,36.715556641046284,1075.7733439462131,6415.932817341042,0.0002822267570564835,149.61186203922605,149.61214426598312,1467.045460766988,4.966224154576986e-07,cleared,79,False,False,True,9.380071434175444e-07,True,0.005926761898186153,3141.849102823747,93196.60658640522,True,0.0001460809726268053,0.00019950000569224358,34,shared_weighted_euclidean_projector,shared_model_kernel_rcmsa_tagged_transition,released_hmm_filter,79
Reactive,full_action,test_076_48339f21c8ec,48339f21c8ec04a89d1fa33ffb9bd38ffc2087720a9e6d22241a14418438a684,8b83c669d56287c61d40a0703b8fe7ebc8aa642d9fff413ea893b4f328a3116c,,21,79,decision_plus_clearance,14254.80457678418,93338.45531972594,0.0,107593.25989651012,8623.182896373402,90045.13256547973,3620.764783408911,3241.5792140421213,1421.079766609459,641.5206705965171,42.68195404971788,1377.9357844397568,7298.352810290346,0.00038670834405039227,172.41698393017552,172.41737063851957,1620.194382646497,6.292045821872435e-07,cleared,79,False,False,True,9.89183513040095e-07,True,0.008120875225058237,3620.756662533686,107593.25989651014,True,0.0001688094898348763,0.0002452000044286251,34,shared_weighted_euclidean_projector,shared_model_kernel_rcmsa_tagged_transition,released_hmm_filter,79
Reactive,full_action,test_077_b1f2e84dc844,b1f2e84dc844662b5d1fd981486515a77f37fa4bd91d8f1c5bdc9de643205101,8b83c669d56287c61d40a0703b8fe7ebc8aa642d9fff413ea893b4f328a3116c,,21,79,decision_plus_clearance,13787.392337510817,82787.0753221015,0.0,96574.46765961232,8000.760260096711,80511.32298436556,3217.104665836656,2893.2294087528035,1314.1404360159477,637.909904544633,39.7100133368413,1240.7513025078472,6667.606946754018,0.00034318934409417854,153.1951170885919,153.195460277936,1537.8669883227835,5.82902506315441e-07,cleared,79,False,False,True,9.834123802237427e-07,True,0.007206976225977749,3217.09745886043,96574.4676596123,True,0.0001618142816282454,0.0002497001551091671,34,shared_weighted_euclidean_projector,shared_model_kernel_rcmsa_tagged_transition,released_hmm_filter,79
Reactive,full_action,test_078_367d379a9297,367d379a9297286f557f72f155581887362331484e75dc530b5d1e7702215749,8b83c669d56287c61d40a0703b8fe7ebc8aa642d9fff413ea893b4f328a3116c,,21,79,decision_plus_clearance,13603.70819914397,84045.5119382719,0.0,97649.22013741586,7993.067661027474,81612.80196143458,3265.174117008774,2866.7718753386835,1269.585318230631,641.8192043756809,39.24897468632119,1224.7849664157561,6733.932084710425,0.0003007511016678457,155.4841810112209,155.48448176232256,1538.8097907299968,5.544765062876472e-07,cleared,79,False,False,True,9.761096935731518e-07,True,0.006315773135024761,3265.1678012356388,97649.22013741583,True,0.00018056666123725118,0.0002671000547707081,34,shared_weighted_euclidean_projector,shared_model_kernel_rcmsa_tagged_transition,released_hmm_filter,79
Reactive,full_action,test_079_bce06ca59758,bce06ca59758dbd98389f738153975aa7a35c811fa8594d1d0e258628ef96d65,8b83c669d56287c61d40a0703b8fe7ebc8aa642d9fff413ea893b4f328a3116c,,21,79,decision_plus_clearance,11784.986346863072,80506.21118890215,0.0,92291.19753576521,6964.370403199745,78325.5935853812,3151.444172388194,2198.4400582826106,1135.3079559895534,516.0413605239512,34.19772935388926,939.8689197048708,6353.6242525998,0.00024060528642748464,150.06852950843708,150.0687701137235,1425.3658663429844,5.982437505998965e-07,cleared,79,False,False,True,9.487733756182885e-07,True,0.005052711014977177,3151.4391196771785,92291.19753576524,True,0.00015613333588199957,0.00021279999054968357,34,shared_weighted_euclidean_projector,shared_model_kernel_rcmsa_tagged_transition,released_hmm_filter,79
Reactive,full_action,test_080_e669407a98d7,e669407a98d788999f61cc42f0d91ad3f73f1d4c7c567a28c5df008483262012,8b83c669d56287c61d40a0703b8fe7ebc8aa642d9fff413ea893b4f328a3116c,,21,79,decision_plus_clearance,13669.871485303198,91476.61614876441,0.0,105146.48763406761,8279.621188715608,88327.19271894074,3555.466949690753,3031.2083890329827,1365.8862656755623,587.1121220119596,40.808250498051606,1264.4056115082133,7144.380976774733,0.0004041432130048388,169.30754584206096,169.30794998527398,1580.2931861693976,5.130118313765696e-07,cleared,79,False,False,True,8.992500272220419e-07,True,0.008487007473101615,3555.4584626832802,105146.48763406761,True,0.00018060476785259589,0.0002497001551091671,34,shared_weighted_euclidean_projector,shared_model_kernel_rcmsa_tagged_transition,released_hmm_filter,79
Reactive,full_action,test_081_fbbd80304765,fbbd803047650db226feaa75de7119d49ed8d237f46bb4c3b1122439776b0ba3,8b83c669d56287c61d40a0703b8fe7ebc8aa642d9fff413ea893b4f328a3116c,,21,79,decision_plus_clearance,12089.608430449367,91372.94875919279,0.0,103462.55718964216,7467.839339332242,88208.74302278909,3570.2336481042635,2479.537748488888,1204.9835122850507,531.219918642596,36.99988688226411,1054.742567639079,6987.280718805316,0.0002707642984374166,170.01085533590458,170.01112610020303,1486.4033053914757,6.306618941506483e-07,cleared,79,False,False,True,9.440655536966157e-07,True,0.005686050267185748,3570.227962053996,103462.55718964213,True,0.00016998571698509512,0.00039579998701810837,34,shared_weighted_euclidean_projector,shared_model_kernel_rcmsa_tagged_transition,released_hmm_filter,79
Reactive,full_action,test_082_2cf496ac3a99,2cf496ac3a99b59959fd7b5de1a04776b86b60eee9dcd086bd37dfc0c4edb16c,8b83c669d56287c61d40a0703b8fe7ebc8aa642d9fff413ea893b4f328a3116c,,21,79,decision_plus_clearance,13991.889164929587,88505.00368546833,0.0,102496.89285039791,8366.495856399344,85627.66065306163,3432.623329025865,3080.9607341016826,1357.631439419634,631.5208383897652,40.96165669653292,1292.546199593359,7023.136174401424,0.00037877291006244325,163.45787499022637,163.45825376313644,1589.5825188923461,4.922115880804184e-07,cleared,79,False,False,True,9.98229453786646e-07,True,0.007954231111311308,3432.6153747947537,102496.89285039793,True,0.0001617333341744684,0.00021569989621639252,34,shared_weighted_euclidean_projector,shared_model_kernel_rcmsa_tagged_transition,released_hmm_filter,79
Reactive,full_action,test_083_4cbdde5f376f,4cbdde5f376f40f80c1ddb1ed6bdd46a705c890728c9a5d74d7af9a990a98cc8,8b83c669d56287c61d40a0703b8fe7ebc8aa642d9fff413ea893b4f328a3116c,,21,79,decision_plus_clearance,13582.806959233782,84424.1897017974,0.0,98006.99666103118,7957.4781639954035,82001.68268699733,3284.1031759402617,2823.452830503906,1332.5126429181576,607.7671606760998,39.07708490110365,1186.65481862183,6757.216521878443,0.00037159538199762186,156.38549392558286,156.38586552096487,1549.867999575017,5.171633315756599e-07,cleared,79,False,False,True,9.199828459206124e-07,True,0.007803503021950059,3284.0953724372403,98006.99666103117,True,0.00017182856044244198,0.00023690005764365196,34,shared_weighted_euclidean_projector,shared_model_kernel_rcmsa_tagged_transition,released_hmm_filter,79
Reactive,full_action,test_084_513eb18f351c,513eb18f351c0ae9049df078bb1de046440084ba5b9f75437cb0aee0bdfd9e44,8b83c669d56287c61d40a0703b8fe7ebc8aa642d9fff413ea893b4f328a3116c,,21,79,decision_plus_clearance,13448.014342109296,87369.99242875131,0.0,100818.00677086061,8001.576939348878,84629.66880426434,3399.436147280308,2860.4240630086288,1327.1279491641906,599.772867794264,39.60467327898298,1209.5070876487725,6896.772703133247,0.0003646996232369017,161.8775470756295,161.87791177525276,1548.0348342360176,5.521717324031374e-07,cleared,79,False,False,True,9.318631995458473e-07,True,0.007658692087974936,3399.42848858822,100818.00677086061,True,0.00016481427121020498,0.0002834999468177557,34,shared_weighted_euclidean_projector,shared_model_kernel_rcmsa_tagged_transition,released_hmm_filter,79
Reactive,full_action,test_085_650c50514b66,650c50514b6644e496b372654068cbdc1711c214d31c247c6f969a86a61106c0,8b83c669d56287c61d40a0703b8fe7ebc8aa642d9fff413ea893b4f328a3116c,,21,79,decision_plus_clearance,14662.64102221124,87939.64673333368,0.0,102602.28775554492,8594.466110042498,85274.54322275957,3407.356543221353,3255.075913128212,1397.135634878316,673.7103315148927,42.280527889520044,1380.5173361195032,7052.661615038912,0.000407158731032335,162.25466632800007,162.2550734867311,1610.9423814682175,5.427876376755938e-07,cleared,79,False,False,True,9.7415464208118e-07,True,0.008550333351679035,3407.3479928880015,102602.28775554485,True,0.00015787620629583086,0.0002880999818444252,34,shared_weighted_euclidean_projector,shared_model_kernel_rcmsa_tagged_transition,released_hmm_filter,79
Reactive,full_action,test_086_754dc8e1ab0e,754dc8e1ab0e7268d5ce0dd2ffc19bdf7c2959cd70067092fd5ee3f03e2bf486,8b83c669d56287c61d40a0703b8fe7ebc8aa642d9fff413ea893b4f328a3116c,,21,79,decision_plus_clearance,14145.870904917256,92505.94088932505,0.0,106651.81179424231,8486.953896548792,89409.72572319958,3592.103052170117,3157.4237772735646,1358.7865808977294,646.8187641525967,41.874512050674674,1344.4306557297455,7259.37691367725,0.00036694998228327597,171.0521593438328,171.0525262938151,1599.300248310114,6.5391263721229e-07,cleared,79,False,False,True,9.816721619465409e-07,True,0.0077059496279487955,3592.095346220489,106651.81179424237,True,0.00018241903966381435,0.0004096999764442444,34,shared_weighted_euclidean_projector,shared_model_kernel_rcmsa_tagged_transition,released_hmm_filter,79
Reactive,full_action,test_087_cbc79ee243dd,cbc79ee243dd0e237a5023163791e895019f33bb871350474ccaace9587409dc,8b83c669d56287c61d40a0703b8fe7ebc8aa642d9fff413ea893b4f328a3116c,,21,79,decision_plus_clearance,13049.217524428595,93573.41051796034,0.0,106622.62804238893,8077.686672087398,90109.3969945392,3640.3243280819147,2911.2520313384493,1303.0909383430806,580.8770779988864,40.32611366948733,1234.0342568851615,7180.783644648582,0.0003358230924244982,173.34844170461778,173.3487775277102,1545.4113754039417,6.005770579048403e-07,cleared,79,False,False,True,9.648217388256997e-07,True,0.007052284940914462,3640.3172757969733,106622.62804238893,True,0.00015599523404879228,0.0002741999924182892,34,shared_weighted_euclidean_projector,shared_model_kernel_rcmsa_tagged_transition,released_hmm_filter,79
Reactive,no_readiness,test_000_4ae657b9eeec,4ae657b9eeecf70786804d24952478895a67cdd02d3cb00a5f23d60565e89d40,8b83c669d56287c61d40a0703b8fe7ebc8aa642d9fff413ea893b4f328a3116c,,21,79,decision_plus_clearance,14052.48676987855,89528.76300206492,0.0,103581.24977194348,8489.290908151297,86531.80373010425,3472.0592972445124,3204.137161229344,1377.3522542840278,506.60642092997574,41.52207222009632,1326.9481981023187,7062.674628180642,0.00040036616961711753,165.33575664547382,165.33615701164345,1576.0367176332732,5.189818376130953e-07,cleared,79,False,False,True,9.387937707230845e-07,True,0.008407689561959468,3472.05088955495,103581.2497719434,True,0.00010922857161079134,0.00012620002962648869,34,shared_weighted_euclidean_projector,shared_model_kernel_rcmsa_tagged_transition,released_hmm_filter,79
Reactive,no_readiness,test_001_dde9993de777,dde9993de777ead4870656b2cec02bf256c4174b03458346cc5fc13db98f082b,8b83c669d56287c61d40a0703b8fe7ebc8aa642d9fff413ea893b4f328a3116c,,21,79,decision_plus_clearance,12880.932895151713,95310.36535147186,0.0,108191.29824662357,8041.518743636728,91812.63196846061,3711.642844875734,2908.189732174241,1285.4269129779814,431.8880444983044,39.65883078841265,1198.5863835319174,7271.360619212399,0.00033900370117538023,176.7445583713338,176.74489737503498,1521.4072223008372,6.71786862561995e-07,cleared,79,False,False,True,9.893139256674327e-07,True,0.007119077724682985,3711.63572579801,108191.29824662361,True,0.00011006188357160205,0.00013550021685659885,34,shared_weighted_euclidean_projector,shared_model_kernel_rcmsa_tagged_transition,released_hmm_filter,79
Reactive,no_readiness,test_002_f01217ab0e79,f01217ab0e7903b1b91cb3f87068f20b75f716d08632ca2b15c76649d7f00a8c,8b83c669d56287c61d40a0703b8fe7ebc8aa642d9fff413ea893b4f328a3116c,,21,79,decision_plus_clearance,13567.762596469709,80280.61153241129,0.0,93848.374128881,7952.087736093915,78124.94863011398,3118.078525309561,2860.9101540105958,1309.320842234785,483.02824111816625,38.63565997437741,1185.6085972147143,6511.652676604288,0.0003640270662224295,148.47956574957954,148.47992977664575,1515.8881263135788,4.461162174225675e-07,cleared,79,False,False,True,9.995614721068065e-07,True,0.00764456839067102,3118.07088074117,93848.37412888101,True,0.00011360950191460905,0.00012969993986189365,34,shared_weighted_euclidean_projector,shared_model_kernel_rcmsa_tagged_transition,released_hmm_filter,79
Reactive,no_readiness,test_003_eb3106001035,eb3106001035e1bd9c52b845bd9616d282a52a699d46aca5269b5370622454fc,8b83c669d56287c61d40a0703b8fe7ebc8aa642d9fff413ea893b4f328a3116c,,21,79,decision_plus_clearance,13520.697965650521,89368.02065196146,0.0,102888.71861761197,8205.60212113079,86360.55293191088,3472.242799656569,3027.326367321788,1355.7015345567786,467.2928630351374,40.434017705423194,1253.6575208457175,7000.594228890999,0.0003926692486520709,165.3445025524927,165.34489522174135,1543.6550937802888,5.333162185356181e-07,cleared,79,False,False,True,9.736359631675444e-07,True,0.00824605422169349,3472.2345536023468,102888.71861761194,True,0.00010909524834936573,0.00012230011634528637,34,shared_weighted_euclidean_projector,shared_model_kernel_rcmsa_tagged_transition,released_hmm_filter,79
Reactive,no_readiness,test_004_55a330aff5c4,55a330aff5c4a0576082656af4ffca48ee935b03b126b46b442653f81477abfb,8b83c669d56287c61d40a0703b8fe7ebc8aa642d9fff413ea893b4f328a3116c,,21,79,decision_plus_clearance,13643.593700757176,82008.4408540967,0.0,95652.03455485388,8088.618517377008,79614.56473356049,3181.7082493559806,2944.9244415177095,1322.6084448763872,499.61016816627057,39.6519782660272,1239.7606462980877,6600.968308007879,0.00034892485790993707,151.50956771114116,151.50991663599908,1526.9281054331416,4.930432972496077e-07,cleared,79,False,False,True,9.655204996343079e-07,True,0.007327422016108679,3181.7009219339643,95652.03455485385,True,0.00014948096525456225,0.00018720002844929695,34,shared_weighted_euclidean_projector,shared_model_kernel_rcmsa_tagged_transition,released_hmm_filter,79
Reactive,no_readiness,test_005_981c73a17708,981c73a17708f6a8f2159189b725895e9b78b4ffca7b2cc292d9f5cb6c138259,8b83c669d56287c61d40a0703b8fe7ebc8aa642d9fff413ea893b4f328a3116c,,21,79,decision_plus_clearance,13023.069332542935,88346.7929760587,0.0,101369.86230860163,7967.700523440967,85379.04368887359,3437.692224523509,2839.547144659103,1284.2815862210248,461.59714088340365,39.23259485755205,1199.9602146673872,6894.892604095056,0.0003118515974654766,163.69931788761727,163.69962973921474,1520.2431014952856,5.349174246469982e-07,cleared,79,False,False,True,9.596557499716692e-07,True,0.006548883546775008,3437.6856756399625,101369.86230860159,True,0.00011112379087578683,0.00011789985001087189,34,shared_weighted_euclidean_projector,shared_model_kernel_rcmsa_tagged_transition,released_hmm_filter,79
Reactive,no_readiness,test_006_daba4b1e9814,daba4b1e9814b4a66b4b77a1db00896fa1b3246def31f9ebaa0c7ced46e92af5,8b83c669d56287c61d40a0703b8fe7ebc8aa642d9fff413ea893b4f328a3116c,,21,79,decision_plus_clearance,13585.680521784969,86739.52178832705,0.0,100325.20231011201,8089.3206370557355,84094.51111630439,3371.302932219095,2957.2708963443324,1314.8214015939107,497.97532659459984,39.88715277538704,1241.2329494906771,6872.417269589047,0.00035300883952545244,160.53788185873643,160.53823486757597,1528.3763493295053,6.34187196064386e-07,cleared,79,False,False,True,9.525320281145506e-07,True,0.007413185630034501,3371.295519033465,100325.20231011207,True,0.00015670001240713255,0.0001860000193119049,34,shared_weighted_euclidean_projector,shared_model_kernel_rcmsa_tagged_transition,released_hmm_filter,79
Reactive,no_readiness,test_007_925513ee8ec6,925513ee8ec62fc55ab4f4e4980ba11972ca8c6ab89cbb52b03a5fe88f85fa31,8b83c669d56287c61d40a0703b8fe7ebc8aa642d9fff413ea893b4f328a3116c,,21,79,decision_plus_clearance,16072.360494313849,85453.75114598873,0.0,101526.11164030258,9304.342157658086,83045.5620489211,3291.497309513812,3755.3496236133724,1537.7930797118026,591.5674208843897,45.21528443461628,1572.182784904386,7053.063681457212,0.000552354807241818,156.7374147648981,156.73796711970533,1667.860052483576,5.11886868683805e-07,cleared,79,False,False,True,9.654002197289923e-07,True,0.011599450952078177,3291.48571006286,101526.11164030257,True,0.0001112523799141248,0.00018780003301799297,34,shared_weighted_euclidean_projector,shared_model_kernel_rcmsa_tagged_transition,released_hmm_filter,79
Reactive,no_readiness,test_008_fabe46a0ea00,fabe46a0ea0025c65c0c7b807dc0f70b60fa5f50100dd7bd2d9ad2a46e9df6b5,8b83c669d56287c61d40a0703b8fe7ebc8aa642d9fff413ea893b4f328a3116c,,21,79,decision_plus_clearance,12634.948824584397,82138.82587818852,0.0,94773.77470277292,7531.657335802023,79775.85429260047,3202.992087038106,2579.491781913443,1249.9083780874348,433.8708273314721,36.9422121654293,1080.352078047748,6513.416240159822,0.000312511022133379,152.52312020507816,152.5234327161003,1470.2486779612382,5.422220020242777e-07,cleared,79,False,False,True,9.818992665684836e-07,True,0.0065627314648009595,3202.9855243066413,94773.77470277295,True,0.00012246664569136643,0.00019080005586147308,34,shared_weighted_euclidean_projector,shared_model_kernel_rcmsa_tagged_transition,released_hmm_filter,79
Reactive,no_readiness,test_009_c8ef87e47101,c8ef87e471016915d86795cd09c50907b7668afc7c30bcb05a14726a2af75061,8b83c669d56287c61d40a0703b8fe7ebc8aa642d9fff413ea893b4f328a3116c,,21,79,decision_plus_clearance,12572.988266181379,94186.60177840204,0.0,106759.59004458341,7920.675661212748,90618.3838540104,3666.9735273650604,2851.6941777371753,1258.7359735513235,443.12685070673024,39.72531992445593,1206.7719236520281,7154.686045166778,0.0002988905512900809,174.61748812683254,174.61778701738382,1494.8724843907523,6.514460448380213e-07,cleared,79,False,False,True,9.502745640108579e-07,True,0.006276701577091699,3666.9672506634834,106759.59004458343,True,0.000152633303687686,0.00018620002083480358,34,shared_weighted_euclidean_projector,shared_model_kernel_rcmsa_tagged_transition,released_hmm_filter,79
Reactive,no_readiness,test_010_613ab99db82c,613ab99db82c659cd8ff6e1475e7317b5ab19503260bfedec209a4c7abd2eb88,8b83c669d56287c61d40a0703b8fe7ebc8aa642d9fff413ea893b4f328a3116c,,21,79,decision_plus_clearance,12301.898374870187,80405.23270777575,0.0,92707.13108264594,7385.842625900365,78085.45390900415,3136.2529596430854,2473.9116334571554,1201.5582498339331,424.1117048072462,36.1587981668345,1051.9242719771212,6377.887220021709,0.0002642502429100064,149.34511478038021,149.34537903062312,1446.821250463211,5.173086978075665e-07,cleared,79,False,False,True,9.839852353311858e-07,True,0.0055492551011101345,3136.2474103879845,92707.13108264594,True,0.000151676225609013,0.0001900000497698784,34,shared_weighted_euclidean_projector,shared_model_kernel_rcmsa_tagged_transition,released_hmm_filter,79
Reactive,no_readiness,test_011_8a2e74b38d5d,8a2e74b38d5d3fa099c53fd66f114b907a8d9576d5dcc067dc484a7c19e7da8b,8b83c669d56287c61d40a0703b8fe7ebc8aa642d9fff413ea893b4f328a3116c,,21,79,decision_plus_clearance,13639.20916906757,100361.01986420764,0.0,114000.22903327522,8623.198554940202,96319.74689962725,3895.9175023693606,3297.650395800927,1386.4195369208128,477.2961436166676,42.90020942075342,1370.9898895488457,7611.171249912415,0.0004020750095157667,185.51947899019814,185.51988106520764,1582.809111677771,6.521151943079608e-07,cleared,79,False,False,True,8.964709291396588e-07,True,0.008443575199831101,3895.909058794161,114000.22903327523,True,0.00011361904797099886,0.0001860000193119049,34,shared_weighted_euclidean_projector,shared_model_kernel_rcmsa_tagged_transition,released_hmm_filter,79
Reactive,no_readiness,test_012_b6bdc05b20a7,b6bdc05b20a7bd7872689e9fd93f49c5864d83dbaa6c13c7b8023906ab88c1ae,8b83c669d56287c61d40a0703b8fe7ebc8aa642d9fff413ea893b4f328a3116c,,21,79,decision_plus_clearance,13900.17126669197,92309.70923435755,0.0,106209.88050104951,8543.107311946955,89014.30703635077,3579.745620346612,3197.72678768517,1390.966533842368,484.02721087763695,41.98748915869845,1342.0873803516401,7212.1627292388375,0.0003954822113207523,170.4636816771512,170.46407715936252,1587.320152242505,5.481647247988802e-07,cleared,79,False,False,True,9.921368668997399e-07,True,0.008305126437735798,3579.737315220175,106209.88050104951,True,0.00013370000358138765,0.00018019997514784336,34,shared_weighted_euclidean_projector,shared_model_kernel_rcmsa_tagged_transition,released_hmm_filter,79
Reactive,no_readiness,test_013_040653995d85,040653995d85cc962bcb3d75b933864971de686f9683c73e392ab9224c3c2124,8b83c669d56287c61d40a0703b8fe7ebc8aa642d9fff413ea893b4f328a3116c,,21,79,decision_plus_clearance,12402.921431765186,77238.08510614085,0.0,89641.00653790604,7333.695993692165,75166.95934300609,3008.4504113807025,2499.6573766421734,1176.579176879914,455.6642363049679,36.30255536341134,1072.266976593279,6200.606833984845,0.00026333818595983277,143.25928006089512,143.25954339908108,1427.0633354996673,4.978687060827419e-07,cleared,79,False,False,True,9.88002794627076e-07,True,0.005530101905156488,3008.4448812787978,89641.00653790601,True,0.0001247237946483351,0.0001770998351275921,34,shared_weighted_euclidean_projector,shared_model_kernel_rcmsa_tagged_transition,released_hmm_filter,79
Reactive,no_readiness,test_014_f00647451070,f00647451070accd7f5177b412ddbd68c73d8b7f2cb6c77b8469ffbc7c614a43,8b83c669d56287c61d40a0703b8fe7ebc8aa642d9fff413ea893b4f328a3116c,,21,79,decision_plus_clearance,12632.402891877908,81138.44685369621,0.0,93770.84974557412,7538.919711037544,78776.42637555915,3160.10575392483,2613.3822328558067,1241.604673448274,440.41099874849505,37.25041931216261,1099.447931588833,6446.098945349085,0.0003122271015184582,150.48091415027133,150.48122637737285,1460.9688015168326,5.250771905768309e-07,cleared,79,False,False,True,9.510080632608377e-07,True,0.006556769131887622,3160.0991971556978,93770.8497455741,True,0.00016800477169454098,0.0001960000954568386,34,shared_weighted_euclidean_projector,shared_model_kernel_rcmsa_tagged_transition,released_hmm_filter,79
Reactive,no_readiness,test_015_643a837775f9,643a837775f944f0e897fff5495209f1a59016e336af0b18defb50bf86cbf809,8b83c669d56287c61d40a0703b8fe7ebc8aa642d9fff413ea893b4f328a3116c,,21,79,decision_plus_clearance,16148.50537954053,95562.81942422304,0.0,111711.32480376356,9676.245027572815,92183.50724041693,3682.774433751931,3990.5515812732415,1609.0990724164885,569.1474483321464,46.99572885476988,1642.177924805433,7611.8232397853235,0.0006292531165711925,175.36958187792777,175.37021113104433,1710.8472983023564,5.624124385676676e-07,cleared,79,False,False,True,9.881206891165114e-07,True,0.013214315447995041,3682.7612194364833,111711.32480376356,True,0.00011873809576389336,0.0001799999736249447,34,shared_weighted_euclidean_projector,shared_model_kernel_rcmsa_tagged_transition,released_hmm_filter,79
Reactive,no_readiness,test_016_45a90ccef8bd,45a90ccef8bdd374ee00dbc87ec9b3752c6a102ea41ee1fc73e6c34df9d0ef6a,8b83c669d56287c61d40a0703b8fe7ebc8aa642d9fff413ea893b4f328a3116c,,21,79,decision_plus_clearance,13855.001315510184,96122.02305677597,0.0,109977.02437228616,8666.324800088008,92373.9395264527,3724.4725339969536,3323.0898568764555,1401.3842475452545,487.8134073268147,42.81954613187011,1376.6792684613154,7399.366064280071,0.00041253885594601806,177.35542241337993,177.35583495223588,1589.3489960909426,5.553483585848421e-07,cleared,79,False,False,True,9.84075016997711e-07,True,0.00866331597486638,3724.4638706809783,109977.02437228619,True,0.0001421904612687372,0.00018250010907649994,34,shared_weighted_euclidean_projector,shared_model_kernel_rcmsa_tagged_transition,released_hmm_filter,79
Reactive,no_readiness,test_017_ebd333a3cdba,ebd333a3cdbaf4583dc4bbdc159fa86380b9858d554b85820a961aee779a82c0,8b83c669d56287c61d40a0703b8fe7ebc8aa642d9fff413ea893b4f328a3116c,,21,79,decision_plus_clearance,13904.623063725863,87246.0540599889,0.0,101150.67712371476,8315.299094917766,84480.03870254838,3387.238034112127,3098.6568056305987,1354.7111017071215,514.7333847987454,40.98538626993375,1305.9481407051544,6909.43048877063,0.00035998710305935964,161.29668925633155,161.2970492434346,1552.5756420695636,6.13055960115749e-07,cleared,79,False,False,True,9.55781246335555e-07,True,0.007559729164246552,3387.2304743829627,101150.67712371473,True,0.0001332809195099842,0.000188400037586689,34,shared_weighted_euclidean_projector,shared_model_kernel_rcmsa_tagged_transition,released_hmm_filter,79
Reactive,no_readiness,test_018_9466cee538c9,9466cee538c90a351ebb4cc641f0fb605f60f7a5370deb739961de94e8407d65,8b83c669d56287c61d40a0703b8fe7ebc8aa642d9fff413ea893b4f328a3116c,,21,79,decision_plus_clearance,14372.534498762645,86974.02640199612,0.0,101346.56090075876,8564.726246840366,84226.9617685005,3368.987309324945,3250.015441477577,1423.2046772498622,512.665457365538,41.846532894389036,1345.4155878361303,6956.915661015595,0.00044144858847971346,160.42752566212317,160.42796711071165,1587.2350742630556,5.056001180245051e-07,cleared,79,False,False,True,9.498366887964546e-07,True,0.009270420358073983,3368.978038904587,101346.56090075879,True,0.00012751428099970022,0.0001734001561999321,34,shared_weighted_euclidean_projector,shared_model_kernel_rcmsa_tagged_transition,released_hmm_filter,79
Reactive,no_readiness,test_019_9d2b7462a57a,9d2b7462a57ab18c9c816164b4cf31fe355ef525f834131b7e4bee6c19475a44,8b83c669d56287c61d40a0703b8fe7ebc8aa642d9fff413ea893b4f328a3116c,,21,79,decision_plus_clearance,15117.104505994703,87566.58759712082,0.0,102683.69210311552,8933.00676541797,84807.33345915395,3379.8213135712217,3541.1404936262284,1466.7775783086695,555.6124930375042,43.98981909733548,1481.3675413190874,7059.0500920221875,0.00048157548282309063,160.94339049933726,160.9438720748201,1613.3230808514304,5.669522605234941e-07,cleared,79,False,False,True,9.8083530200951e-07,True,0.010113085139284904,3379.8112004860823,102683.69210311555,True,0.0001435999736367237,0.00018829992040991783,34,shared_weighted_euclidean_projector,shared_model_kernel_rcmsa_tagged_transition,released_hmm_filter,79
Reactive,no_readiness,test_020_701c8d28bc45,701c8d28bc45b0352a2505312c03123c85798d4dd0b786857dc34cb69fe2061b,8b83c669d56287c61d40a0703b8fe7ebc8aa642d9fff413ea893b4f328a3116c,,21,79,decision_plus_clearance,14074.777676766806,92201.54937857314,0.0,106276.32705533995,8636.087563626665,88845.5482296333,3572.202921368286,3309.4011707623185,1410.254328637635,502.8328413117036,42.539368034596414,1372.9415042271778,7199.576544823173,0.0004223920883075205,170.10447862544913,170.10490101753743,1586.8584758292861,4.941418884257134e-07,cleared,79,False,False,True,9.356910486891312e-07,True,0.00887023385445793,3572.194051134432,106276.3270553399,True,0.00013449048579093956,0.00019160006195306778,34,shared_weighted_euclidean_projector,shared_model_kernel_rcmsa_tagged_transition,released_hmm_filter,79
Reactive,no_readiness,test_021_69299bc5d0bf,69299bc5d0bf379cc97bdd78ee18bea9a8ffc622a60d0cff22ec8965b5a58972,8b83c669d56287c61d40a0703b8fe7ebc8aa642d9fff413ea893b4f328a3116c,,21,79,decision_plus_clearance,13661.081554612198,83252.68944311874,0.0,96913.77099773094,8057.283208746931,80887.90454780648,3233.708514234565,2925.990658467543,1314.2065883153866,494.67748015998967,39.34872014933504,1220.9988660509039,6690.379282259444,0.00035912485835271757,153.98576060059713,153.9861197254555,1527.9474834286218,5.35081115353267e-07,cleared,79,False,False,True,9.536001392671785e-07,True,0.007541622025407069,3233.7009726125398,96913.7709977309,True,0.00013179522717282887,0.00018949992954730988,34,shared_weighted_euclidean_projector,shared_model_kernel_rcmsa_tagged_transition,released_hmm_filter,79
Reactive,no_readiness,test_022_1b3e72c80b5f,1b3e72c80b5f8d5862204b809782bba3d065c565c21a1919e08c2b86b7b1841f,8b83c669d56287c61d40a0703b8fe7ebc8aa642d9fff413ea893b4f328a3116c,,21,79,decision_plus_clearance,14129.213410192866,81684.9243294871,0.0,95814.13773967997,8265.320342067485,79458.47806430023,3165.892968789562,3052.5774537339003,1365.432380314914,506.4365304738729,40.188571517945704,1271.8539413771366,6656.143019299366,0.00039230182092969955,150.75641573577727,150.7568080375982,1557.1007960169661,4.944339879456075e-07,cleared,79,False,False,True,9.285957055465307e-07,True,0.00823833823952369,3165.8847304513224,95814.13773967997,True,0.00016174762554111935,0.0001914000604301691,34,shared_weighted_euclidean_projector,shared_model_kernel_rcmsa_tagged_transition,released_hmm_filter,79
Reactive,no_readiness,test_023_90a8af416c5a,90a8af416c5a6e79abe970bf714eca061d636b83c012d16275b0083f8782fa25,8b83c669d56287c61d40a0703b8fe7ebc8aa642d9fff413ea893b4f328a3116c,,21,79,decision_plus_clearance,14763.843061860644,89432.62739182913,0.0,104196.47045368978,8816.983590624995,86456.37586162495,3457.5676259215984,3479.9882070300387,1449.438922963786,536.1162455244021,43.85043385841326,1461.25475925909,7112.912355508456,0.00047444384905207735,164.64560298098897,164.646077424838,1598.5688182111849,6.352009968300068e-07,cleared,79,False,False,True,9.724537127014771e-07,True,0.009963320830093625,3457.5576626007683,104196.47045368978,True,0.00013312382534855889,0.00018410012125968933,34,shared_weighted_euclidean_projector,shared_model_kernel_rcmsa_tagged_transition,released_hmm_filter,79
Reactive,no_readiness,test_024_e90f261f99e2,e90f261f99e247c3e3c066941073cd14924ea1eec3b7043270db54af5285d79a,8b83c669d56287c61d40a0703b8fe7ebc8aa642d9fff413ea893b4f328a3116c,,21,79,decision_plus_clearance,13223.497411784118,91234.31237506853,0.0,104457.80978685265,8225.489688777616,87836.12168849532,3541.1623507109693,3052.3983517114216,1324.5514385601482,478.0862685971518,40.72336573536887,1269.0245500406631,7052.817748315739,0.0003381767047585566,168.6264404285795,168.62677860528427,1537.155549395441,5.586318788363548e-07,cleared,79,False,False,True,9.889172420766707e-07,True,0.007101710799929689,3541.15524900017,104457.80978685262,True,0.00013305236851530417,0.0001813000999391079,34,shared_weighted_euclidean_projector,shared_model_kernel_rcmsa_tagged_transition,released_hmm_filter,79
Reactive,no_readiness,test_025_0c3eeaae0824,0c3eeaae08241ee112c7df9413dd57d8fb7bc6ef2bac58f6ca7de012fc948c72,8b83c669d56287c61d40a0703b8fe7ebc8aa642d9fff413ea893b4f328a3116c,,21,79,decision_plus_clearance,13337.136965356734,91594.74932400005,0.0,104931.88628935679,8167.168378284446,88499.31504307796,3561.373266798798,2945.6444841425523,1314.7394954896947,443.6456215632913,40.10527360003092,1236.8396680456399,7132.051940963707,0.00035572735133178963,169.58884745354382,169.58920318089514,1543.3298137920528,6.705417417839368e-07,cleared,79,False,False,True,9.619533789151494e-07,True,0.007470274377967582,3561.36579652442,104931.88628935674,True,0.00013909048755608854,0.00019689998589456081,34,shared_weighted_euclidean_projector,shared_model_kernel_rcmsa_tagged_transition,released_hmm_filter,79
Reactive,no_readiness,test_026_770d47ae1768,770d47ae17682b043d9c912886a238fdb23a8c0a8289016ef57c0235fe5d0b06,8b83c669d56287c61d40a0703b8fe7ebc8aa642d9fff413ea893b4f328a3116c,,21,79,decision_plus_clearance,12947.183252858664,98959.18464060679,0.0,111906.36789346546,8245.158145420402,95005.02764555198,3848.1361131518393,3064.5552573083787,1300.07512086814,443.4156111647379,40.92268579584577,1261.2376425405985,7467.489054381288,0.0003414210587224051,183.24423539569554,183.24457681675426,1536.6006522782761,6.973038095359102e-07,cleared,79,False,False,True,9.542323083561663e-07,True,0.007169842233170507,3848.1289433096063,111906.36789346547,True,0.000125238106452993,0.0001852000132203102,34,shared_weighted_euclidean_projector,shared_model_kernel_rcmsa_tagged_transition,released_hmm_filter,79
Reactive,no_readiness,test_027_df5d670513fa,df5d670513fa35262df8ea203ff162de2bc1a2f4598ac89786b63793aaa8dbd0,8b83c669d56287c61d40a0703b8fe7ebc8aa642d9fff413ea893b4f328a3116c,,21,79,decision_plus_clearance,13840.561757276131,83977.49443232936,0.0,97818.05618960549,8207.19595504739,81516.70237833183,3258.2850921586364,3003.7167522469904,1340.8701297201465,491.28588210050646,39.999408543611196,1254.6395975799282,6752.251645923109,0.0003800581359661773,155.15605290179911,155.15643295993507,1547.5987475633647,4.807776053339113e-07,cleared,79,False,False,True,9.472170174342838e-07,True,0.007981220855289723,3258.2771109377813,97818.0561896055,True,0.00015089999041741802,0.00019489997066557407,34,shared_weighted_euclidean_projector,shared_model_kernel_rcmsa_tagged_transition,released_hmm_filter,79
Reactive,no_readiness,test_028_e9fb02365dd3,e9fb02365dd39d4a479796939c6b75136b323e6bb5414d58fe16c9eb23eb080e,8b83c669d56287c61d40a0703b8fe7ebc8aa642d9fff413ea893b4f328a3116c,,21,79,decision_plus_clearance,12627.42533508568,82254.13083815027,0.0,94881.55617323595,7564.27527157514,79818.91839331736,3203.0442530546898,2623.403211626698,1231.4905005336636,440.4245431283979,37.04456768843363,1088.4071828734761,6524.436267296244,0.0003076829593270135,152.52560912916874,152.52591681212806,1470.630567699786,4.848330873957918e-07,cleared,79,False,False,True,9.534412570104879e-07,True,0.006461342145867283,3203.0377917125434,94881.55617323595,True,0.00013452382492167608,0.00019320007413625717,34,shared_weighted_euclidean_projector,shared_model_kernel_rcmsa_tagged_transition,released_hmm_filter,79
Reactive,no_readiness,test_029_b44f60718c5a,b44f60718c5a51721bd1be86466c0bb83a8f075ec00e497e8853122651b88be6,8b83c669d56287c61d40a0703b8fe7ebc8aa642d9fff413ea893b4f328a3116c,,21,79,decision_plus_clearance,12507.67145224774,88594.04217090027,0.0,101101.71362314801,7722.556040233372,85574.260550659,3453.626908079469,2676.163980700324,1253.0241598714942,422.0819836043268,38.03676647016877,1125.2102961871115,6852.284210939013,0.0002993000104540042,164.45812489424998,164.45842419426043,1485.5950630754091,5.799958478174511e-07,cleared,79,False,False,True,9.931286418002512e-07,True,0.0062853002195340886,3453.6206227792495,101101.713623148,True,0.00014281907074508213,0.00018820003606379032,34,shared_weighted_euclidean_projector,shared_model_kernel_rcmsa_tagged_transition,released_hmm_filter,79
Reactive,no_readiness,test_030_038f4c53d11f,038f4c53d11f455d906ca9a381763816040bd2f31fb252156466a1f74c404471,8b83c669d56287c61d40a0703b8fe7ebc8aa642d9fff413ea893b4f328a3116c,,21,79,decision_plus_clearance,13563.934276628865,82768.51598444923,0.0,96332.45026107809,7991.463622589745,80423.55547104437,3216.266031528055,2902.9329678275117,1307.9917519003466,490.2404161880704,39.230580119235775,1213.9793508741247,6643.351546622552,0.0003578363885489847,153.15516747447123,153.1555253108598,1515.0088372103135,5.505621938813368e-07,cleared,79,False,False,True,9.46096445563862e-07,True,0.007514564159528679,3216.258516963896,96332.45026107809,True,0.0001632000120090587,0.00024630012921988964,34,shared_weighted_euclidean_projector,shared_model_kernel_rcmsa_tagged_transition,released_hmm_filter,79
Reactive,no_readiness,test_031_0a6ff70351b5,0a6ff70351b53c8e7f1de0d141b5084d11039bc524ccd9933f5b23b35b3abd3c,8b83c669d56287c61d40a0703b8fe7ebc8aa642d9fff413ea893b4f328a3116c,,21,79,decision_plus_clearance,12630.049375927812,87062.26525107876,0.0,99692.31462700658,7786.241476955606,84089.83219408429,3389.68072481558,2725.715605740339,1256.6842631724314,444.16036223837756,38.33188884230897,1148.2267779733982,6769.0254396096625,0.00029240175768525944,161.41307544660327,161.41336784836096,1490.685275470364,5.301780447510211e-07,cleared,79,False,False,True,9.734863808957467e-07,True,0.006140436911390448,3389.674584378669,99692.31462700662,True,0.00013250954050038542,0.0001835001166909933,34,shared_weighted_euclidean_projector,shared_model_kernel_rcmsa_tagged_transition,released_hmm_filter,79
Reactive,no_readiness,test_032_efdf826e6bc3,efdf826e6bc3db036d5fbf1436f2dc6c248eaee1538597a28304017514dc1eb9,8b83c669d56287c61d40a0703b8fe7ebc8aa642d9fff413ea893b4f328a3116c,,21,79,decision_plus_clearance,14215.824798300528,87877.97221147099,0.0,102093.79700977152,8494.424978211107,85108.08162009485,3406.4991680230823,3189.031816039352,1381.3320588962267,514.4273685068813,41.63471086369775,1341.3532863087821,7002.125448871644,0.0004003557564142923,162.21384574058084,162.21424609633726,1577.342374180543,5.485020571884429e-07,cleared,79,False,False,True,9.81163145288166e-07,True,0.008407470884700138,3406.4907605521976,102093.79700977149,True,0.000133419098953406,0.00018580001778900623,34,shared_weighted_euclidean_projector,shared_model_kernel_rcmsa_tagged_transition,released_hmm_filter,79
Reactive,no_readiness,test_033_de0c441dba67,de0c441dba67f4c18af55eaa8c66ff0e1b4ea0b5a489e9d3e38964a74fdf2af7,8b83c669d56287c61d40a0703b8fe7ebc8aa642d9fff413ea893b4f328a3116c,,21,79,decision_plus_clearance,13712.870392358056,91412.47905429783,0.0,105125.34944665589,8374.374357659697,88244.58857292251,3549.884599202133,3114.319408665538,1351.7142170205252,490.4682911855001,41.16866369320898,1301.2164010042454,7129.696749303572,0.0003730460933557589,169.04175072543677,169.04212377153013,1558.639991092011,5.71737708983277e-07,cleared,79,False,False,True,9.611251710858666e-07,True,0.007833967960470938,3549.876765234172,105125.3494466559,True,0.0001391762024944737,0.00019699987024068832,34,shared_weighted_euclidean_projector,shared_model_kernel_rcmsa_tagged_transition,released_hmm_filter,79
Reactive,no_readiness,test_034_a00d80b83640,a00d80b8364074d2d18768806f48ec2e34d59c8935d9982f8be9eed0f991c2da,8b83c669d56287c61d40a0703b8fe7ebc8aa642d9fff413ea893b4f328a3116c,,21,79,decision_plus_clearance,13400.538767775764,91990.49246923605,0.0,105391.03123701182,8218.831801517901,88758.86633805324,3574.972472464393,3031.6281178466857,1337.2258297497824,469.5066773798606,40.469935379805804,1252.605859525119,7138.844854773861,0.00036976158118206214,170.23641464148517,170.23678440306634,1544.5453418303207,5.791748019940882e-07,cleared,79,False,False,True,9.504521494986287e-07,True,0.007764993204823305,3574.9647074711884,105391.03123701185,True,0.00013686192133242176,0.00018420000560581684,34,shared_weighted_euclidean_projector,shared_model_kernel_rcmsa_tagged_transition,released_hmm_filter,79
Reactive,no_readiness,test_035_51fd398978b7,51fd398978b78ec8627904227f514de39808dc8e62092971f9c9d9d0c1a0e84a,8b83c669d56287c61d40a0703b8fe7ebc8aa642d9fff413ea893b4f328a3116c,,21,79,decision_plus_clearance,12636.103173499016,86352.32304695602,0.0,98988.42622045503,7669.9063317758755,83589.92606738347,3364.7300237089994,2673.328461915517,1242.3719418077842,448.1633938633742,37.948384023599246,1129.1773075025808,6745.759613155583,0.0002971588029154772,160.22494206543516,160.22523922423807,1477.2730095888992,6.142504540758299e-07,cleared,79,False,False,True,9.536580293101922e-07,True,0.006240334861225022,3364.7237833741383,98988.426220455,True,0.00013146666987311271,0.00018730014562606812,34,shared_weighted_euclidean_projector,shared_model_kernel_rcmsa_tagged_transition,released_hmm_filter,79
Reactive,no_readiness,test_036_7eb6ac1ca077,7eb6ac1ca077683a4409f4f2c9dbb73ac1a32707576f47c8cadd46a203595435,8b83c669d56287c61d40a0703b8fe7ebc8aa642d9fff413ea893b4f328a3116c,,21,79,decision_plus_clearance,13403.949240860076,87108.28580885119,0.0,100512.23504971126,8091.946857892359,84282.50136019543,3384.6301180939795,2957.0588088483237,1297.1321822789,498.9657224023013,39.827298576406754,1241.5248859884587,6856.721131992952,0.0003235171503130837,161.17253924922966,161.17286276637998,1525.1716032869633,5.443743306952354e-07,cleared,79,False,False,True,9.74786139810774e-07,True,0.006793860156574758,3384.623324233823,100512.23504971128,True,0.0001528047446516298,0.00018740002997219563,34,shared_weighted_euclidean_projector,shared_model_kernel_rcmsa_tagged_transition,released_hmm_filter,79
Reactive,no_readiness,test_037_f096257ecaa4,f096257ecaa456c423dd2e587c7a0f76747a52746a718c0ca85345f8faa2c9df,8b83c669d56287c61d40a0703b8fe7ebc8aa642d9fff413ea893b4f328a3116c,,21,79,decision_plus_clearance,16463.658490612183,88544.2688938275,0.0,105007.92738443968,9656.77736122255,85758.68876373,3401.347623136932,3993.56258134686,1601.5910742852122,595.9599807181248,46.74161767318728,1652.4711428993203,7258.794612943351,0.0006210655406855512,161.9683133695513,161.968934435092,1704.3371288327992,4.666736127284133e-07,cleared,79,False,False,True,9.767536532129234e-07,True,0.013042376354396576,3401.3345807605774,105007.92738443967,True,0.00012720001506663503,0.0001846000086516142,34,shared_weighted_euclidean_projector,shared_model_kernel_rcmsa_tagged_transition,released_hmm_filter,79
Reactive,no_readiness,test_038_b05abc6e01b3,b05abc6e01b3718868c375b47078f5b62629d6eac8227c2b0618a70ea26128fc,8b83c669d56287c61d40a0703b8fe7ebc8aa642d9fff413ea893b4f328a3116c,,21,79,decision_plus_clearance,14250.1902181917,87577.9764284272,0.0,101828.16664661889,8570.70841989173,84630.12975489632,3388.344913758469,3317.3366941782338,1393.786350557485,527.8605133367064,42.646399584486375,1397.2025247058968,6947.543221732515,0.00041220015304372807,161.34934559786927,161.34975779802232,1566.7278676047265,5.448541084176599e-07,cleared,79,False,False,True,9.838808042458609e-07,True,0.008656203213918289,3388.3362575552546,101828.16664661893,True,0.00012530000614268438,0.00017969985492527485,34,shared_weighted_euclidean_projector,shared_model_kernel_rcmsa_tagged_transition,released_hmm_filter,79
Reactive,no_readiness,test_039_9c0d1ebe6c19,9c0d1ebe6c190d77dea3345bb6f3b600dad24feb171cfa5b624fa948a7b1d203,8b83c669d56287c61d40a0703b8fe7ebc8aa642d9fff413ea893b4f328a3116c,,21,79,decision_plus_clearance,13234.587423423716,91137.84948538279,0.0,104372.4369088065,8157.200967940323,87878.21032142045,3541.2035979140146,3001.9378446311407,1301.9225004083394,491.9616764922345,40.54102208880756,1266.8753852433942,7054.688900956508,0.000318797202545147,168.62842396060768,168.62874275781022,1526.9757146805532,6.080021222022872e-07,cleared,79,False,False,True,9.85217675362658e-07,True,0.006694741253448087,3541.1969031727613,104372.43690880653,True,0.00012952859868251143,0.0001821999903768301,34,shared_weighted_euclidean_projector,shared_model_kernel_rcmsa_tagged_transition,released_hmm_filter,79
Reactive,no_readiness,test_040_11a8950c659e,11a8950c659e50fc01d8e1413f71ec94f8cee0fde048ef4f8feaf64bf17ebc31,8b83c669d56287c61d40a0703b8fe7ebc8aa642d9fff413ea893b4f328a3116c,,21,79,decision_plus_clearance,12749.168518508632,86805.24150933772,0.0,99554.41002784634,7746.3698927788555,83980.59880214535,3379.9128630116684,2749.645772333491,1252.4727963987034,445.40990117825686,38.683171687030466,1167.277415949486,6770.266052031133,0.00031492866572510126,160.94791664331848,160.9482315719842,1477.3267332919293,6.343436310539255e-07,cleared,79,False,False,True,9.716146422988943e-07,True,0.006613501980227126,3379.906249509688,99554.41002784633,True,0.00013603332142035166,0.00018500001169741154,34,shared_weighted_euclidean_projector,shared_model_kernel_rcmsa_tagged_transition,released_hmm_filter,79
Reactive,no_readiness,test_041_e58f21dcc209,e58f21dcc209cc30ce7f3c41ea3bb5ca1044d9230ccb95693e6230e9d330fb88,8b83c669d56287c61d40a0703b8fe7ebc8aa642d9fff413ea893b4f328a3116c,,21,79,decision_plus_clearance,13547.736624838677,91225.31226625647,0.0,104773.04889109515,8281.792288639806,88095.59351819413,3545.1987335090544,3040.1257122044017,1340.4410807514164,469.89755779633026,40.630528459145175,1268.6240213986002,7114.3459700457815,0.00036974654510963615,168.81861756340987,168.818987309955,1553.3846984218699,5.752509721798789e-07,cleared,79,False,False,True,9.621754351193768e-07,True,0.007764677447302359,3545.1909688316073,104773.04889109514,True,0.00016248574303019615,0.00018610013648867607,34,shared_weighted_euclidean_projector,shared_model_kernel_rcmsa_tagged_transition,released_hmm_filter,79
Reactive,no_readiness,test_042_a77d2ece213a,a77d2ece213ae69417f02560c0642cd54460ae2e8b62820c3370f54e0b0c843f,8b83c669d56287c61d40a0703b8fe7ebc8aa642d9fff413ea893b4f328a3116c,,21,79,decision_plus_clearance,11828.738509732733,88394.33785777602,0.0,100223.07636750875,7413.227301684482,85275.22283104365,3448.258188813229,2518.037532342541,1158.7860462815477,409.5444673432935,36.89968140600466,1069.999788171752,6766.184887667671,0.0002442826386920225,164.20252661322937,164.20277089586807,1434.5329219722985,6.088668393111353e-07,cleared,79,False,False,True,9.646142024302202e-07,True,0.005129935412532473,3448.253058877817,100223.07636750874,True,0.00012631903934691633,0.00018090009689331055,34,shared_weighted_euclidean_projector,shared_model_kernel_rcmsa_tagged_transition,released_hmm_filter,79
Reactive,no_readiness,test_043_f1174106175c,f1174106175ca0507fd2efedad3b19e57bbe656b669a63b5f3bddc88ed93905a,8b83c669d56287c61d40a0703b8fe7ebc8aa642d9fff413ea893b4f328a3116c,,21,79,decision_plus_clearance,15660.49536467048,81942.61382986573,0.0,97603.10919453621,9020.09669146372,79809.24439551882,3157.2390711141747,3552.950222165472,1490.0545541552358,573.5242601188012,43.77248231708462,1490.7041897975075,6831.495348735163,0.0005107409884646246,150.34420693111508,150.34471767210354,1639.134299642974,4.883357430595725e-07,cleared,79,False,False,True,9.442309953257746e-07,True,0.010725560757757116,3157.2283455534166,97603.10919453624,True,0.00011635711416602135,0.0001868000254034996,34,shared_weighted_euclidean_projector,shared_model_kernel_rcmsa_tagged_transition,released_hmm_filter,79
Reactive,no_readiness,test_044_ed401c94714a,ed401c94714a1b658a7305d216d392780815b859f07387d4086dea53af39e785,8b83c669d56287c61d40a0703b8fe7ebc8aa642d9fff413ea893b4f328a3116c,,21,79,decision_plus_clearance,12794.336687445857,90135.02779731761,0.0,102929.36448476347,7830.935224201801,87121.28959281818,3512.28706555762,2759.780830109361,1261.999797353564,443.0719747229978,38.68613654677759,1159.5656688657964,6978.646455975507,0.00031553706550773423,167.2514494894878,167.25176502655333,1499.6102671238946,6.472295398404661e-07,cleared,79,False,False,True,9.666798124006771e-07,True,0.006626278375662419,3512.280439279244,102929.36448476354,True,0.00012983811930531548,0.00017690006643533707,34,shared_weighted_euclidean_projector,shared_model_kernel_rcmsa_tagged_transition,released_hmm_filter,79
Reactive,no_readiness,test_045_af7d3f616c1d,af7d3f616c1d242f60f09f068fd7a769245912bd59097557b89958e0f930fd8e,8b83c669d56287c61d40a0703b8fe7ebc8aa642d9fff413ea893b4f328a3116c,,21,79,decision_plus_clearance,13757.447968549552,91807.79220333733,0.0,105565.24017188688,8383.415534395497,88643.08024827765,3564.6565972148246,3129.461442583236,1350.7707612512638,493.8555881643746,41.02501510508147,1293.8333023538887,7166.291365180763,0.0003690403793594658,169.74518320794562,169.74555224832497,1560.123832117171,5.960586441000202e-07,cleared,79,False,False,True,9.2358662351428e-07,True,0.007749847966548781,3564.648847366858,105565.24017188684,True,0.00016078095705736252,0.00019449996761977673,34,shared_weighted_euclidean_projector,shared_model_kernel_rcmsa_tagged_transition,released_hmm_filter,79
Reactive,no_readiness,test_046_e35b743e6617,e35b743e661721e2867313f4a6007e66923f4308dd844f736246ad22f905305e,8b83c669d56287c61d40a0703b8fe7ebc8aa642d9fff413ea893b4f328a3116c,,21,79,decision_plus_clearance,13374.37893162617,93497.23549809882,0.0,106871.61442972498,8235.71959688527,90179.1692281215,3635.9480523531097,3022.444875690351,1335.95487229673,462.37780437802303,40.488791292550204,1250.4675610409608,7224.125222492116,0.0003678641076941804,173.14001558127848,173.14038344538616,1547.2110038467563,6.343404633318886e-07,cleared,79,False,False,True,9.830024142228665e-07,True,0.0077251462615777885,3635.940327206848,106871.61442972497,True,0.00014325715823187713,0.0001954999752342701,34,shared_weighted_euclidean_projector,shared_model_kernel_rcmsa_tagged_transition,released_hmm_filter,79
Reactive,no_readiness,test_047_20c1f89391c1,20c1f89391c1a8fce9e63acefb218921593c303986fc79bf1eaf29fd9b27694e,8b83c669d56287c61d40a0703b8fe7ebc8aa642d9fff413ea893b4f328a3116c,,21,79,decision_plus_clearance,13193.976850440587,98634.32231202164,0.0,111828.29916246224,8383.79015370148,94666.63584172053,3831.4644934963644,3154.8964853102916,1326.7940654591832,464.71812277441944,41.352902637205545,1286.888706096846,7467.9298394187335,0.000353985346279573,182.45033618114726,182.45069016649353,1552.0276627564451,6.342602703043956e-07,cleared,79,False,False,True,9.64390868221922e-07,True,0.007433692271871033,3831.4570598040928,111828.29916246227,True,0.00013472379318305424,0.0001797000877559185,34,shared_weighted_euclidean_projector,shared_model_kernel_rcmsa_tagged_transition,released_hmm_filter,79
Reactive,no_readiness,test_048_eeaf6a6a0a15,eeaf6a6a0a158e1862d5cbdc734d51cf09860f78311911e19e234cde4f8662d2,8b83c669d56287c61d40a0703b8fe7ebc8aa642d9fff413ea893b4f328a3116c,,21,79,decision_plus_clearance,13244.316478482806,92360.93123162551,0.0,105605.24771010832,8193.243468155559,88955.19049334446,3588.335180557905,3066.9028152290884,1321.9899190297301,479.58583379163866,41.16998223035949,1291.1941714143065,7102.385756400092,0.0003552209571220599,170.8727486151336,170.8731038360907,1522.975704969303,6.253565341712458e-07,cleared,79,False,False,True,9.732578194056378e-07,True,0.007459640099563258,3588.3277209178054,105605.24771010838,True,0.00014133333405923275,0.00018329988233745098,34,shared_weighted_euclidean_projector,shared_model_kernel_rcmsa_tagged_transition,released_hmm_filter,79
Reactive,no_readiness,test_049_343da3774e7e,343da3774e7e8e5143d50e3c5214e3dab09c23d71b2e4947c09263a8e3d1d8f7,8b83c669d56287c61d40a0703b8fe7ebc8aa642d9fff413ea893b4f328a3116c,,21,79,decision_plus_clearance,13038.363109776794,78109.82224337566,0.0,91148.18535315245,7680.31814590182,76078.59804782316,3037.4062181307754,2657.42589035918,1241.9321863801865,452.50486455739093,37.19641447970615,1118.8438867519583,6346.976682508286,0.00030744492623663376,144.6380838946345,144.63839133956074,1485.3421154905043,4.358590921479433e-07,cleared,79,False,False,True,9.921092893662307e-07,True,0.006456343450969309,3037.399761787324,91148.18535315253,True,0.0001146904348085324,0.0001781000755727291,34,shared_weighted_euclidean_projector,shared_model_kernel_rcmsa_tagged_transition,released_hmm_filter,79
Reactive,no_readiness,test_050_1c7612d8bc63,1c7612d8bc6352712fb0a5140912bb4dcf0178405305be2a668e7cf192566507,8b83c669d56287c61d40a0703b8fe7ebc8aa642d9fff413ea893b4f328a3116c,,21,79,decision_plus_clearance,12367.531912029484,83758.38605766527,0.0,96125.91796969475,7438.56388491382,81260.01044279277,3268.734338049785,2528.3180528410376,1181.5832067071071,448.7080443902375,36.748197271588616,1081.3747794406352,6571.440497130966,0.0002581997979797162,155.65375789781083,155.6540160976088,1445.6627207524373,6.233879466013745e-07,cleared,79,False,False,True,9.904682829562037e-07,True,0.00542219575757404,3268.7289158540275,96125.91796969477,True,0.00011856667697429657,0.00018570013344287872,34,shared_weighted_euclidean_projector,shared_model_kernel_rcmsa_tagged_transition,released_hmm_filter,79
Reactive,no_readiness,test_051_5747c87e6d9a,5747c87e6d9ace089dca37ca64fb5e904cbbd79136b0c4d74ea0a4390bb94034,8b83c669d56287c61d40a0703b8fe7ebc8aa642d9fff413ea893b4f328a3116c,,21,79,decision_plus_clearance,11948.888691346538,81241.22935861122,0.0,93190.11804995776,7349.30173582682,78561.30164995794,3164.4761876522243,2514.8505809100557,1183.4229716549296,416.76492395582255,36.632598879366654,1067.6751841213736,6351.2058267243465,0.0002563091216211764,150.68908596003192,150.68934226915354,1424.1702293719575,4.7065324698641626e-07,cleared,79,False,False,True,9.981144614288912e-07,True,0.005382491554044704,3164.4708051606704,93190.1180499578,True,0.00015290003890792528,0.00019340007565915585,34,shared_weighted_euclidean_projector,shared_model_kernel_rcmsa_tagged_transition,released_hmm_filter,79
Reactive,no_readiness,test_052_9760565f31de,9760565f31de15242f359a838a120dd71ffb6d8dd1020fdd4287b6afdf35b97c,8b83c669d56287c61d40a0703b8fe7ebc8aa642d9fff413ea893b4f328a3116c,,21,79,decision_plus_clearance,14012.21119556058,84932.91160206814,0.0,98945.12279762872,8320.701860316005,82347.08855013421,3292.004149257301,3112.83483890077,1360.2972296707023,512.196169349721,40.88649212855632,1301.7023434363032,6805.013468319003,0.0003949459376635554,156.7617073996481,156.76210234558576,1551.935705299149,5.069828471675163e-07,cleared,79,False,False,True,9.70338982927446e-07,True,0.008293864690934663,3291.99585539261,98945.12279762872,True,0.00015969520124296346,0.00018860003910958767,34,shared_weighted_euclidean_projector,shared_model_kernel_rcmsa_tagged_transition,released_hmm_filter,79
Reactive,no_readiness,test_053_4473e6f72168,4473e6f7216884984406f8aef487c6686108cdbdbead4e89b46bcc827017f85e,8b83c669d56287c61d40a0703b8fe7ebc8aa642d9fff413ea893b4f328a3116c,,21,79,decision_plus_clearance,13683.087738330594,84316.30923721299,0.0,97999.39697554358,8236.197811037247,81565.93660980747,3266.1419613797425,3083.6133916005024,1341.7923464899613,505.7148552286831,40.61266999310153,1285.0616133606252,6713.829579582611,0.0003561462240009074,155.53021344328755,155.53056958951154,1536.884742139549,4.6824093785294076e-07,cleared,79,False,False,True,9.767963302824289e-07,True,0.007479070704019056,3266.1344823090385,97999.39697554361,True,0.00011923333763011865,0.00018259999342262745,34,shared_weighted_euclidean_projector,shared_model_kernel_rcmsa_tagged_transition,released_hmm_filter,79
Reactive,no_readiness,test_054_c66f0b1dacc4,c66f0b1dacc4b499fb5fafd7b24077901e59bb19b93546020b7316e75636dc3c,8b83c669d56287c61d40a0703b8fe7ebc8aa642d9fff413ea893b4f328a3116c,,21,79,decision_plus_clearance,12820.350370519382,93616.2173068793,0.0,106436.56767739869,8005.848887121206,90193.31884204663,3644.411600128085,2875.939100453455,1271.5882976085832,445.460950040727,39.357857419168774,1189.6270448078171,7168.70628720686,0.0003165717143118708,173.54309295819448,173.54340952990879,1516.778912370163,6.032617686974208e-07,cleared,79,False,False,True,9.63106411251876e-07,True,0.006648006000549287,3644.404952122084,106436.56767739868,True,0.00012778096078407196,0.00018349988386034966,34,shared_weighted_euclidean_projector,shared_model_kernel_rcmsa_tagged_transition,released_hmm_filter,79
Reactive,no_readiness,test_055_f90330578051,f90330578051a0ac7d073b0006ba832b11d6170521fff7ce97460ddcd2cba92c,8b83c669d56287c61d40a0703b8fe7ebc8aa642d9fff413ea893b4f328a3116c,,21,79,decision_plus_clearance,14155.392825347604,95737.86809834682,0.0,109893.26092369443,8764.224554430935,92085.13367329766,3708.9967153675407,3398.9223173866476,1409.0689028979705,526.9147603136331,43.40000026483859,1422.1281122319479,7396.061604294277,0.0003950865293471928,176.61849612144877,176.61889120797812,1596.3385139015156,6.178520275967757e-07,cleared,79,False,False,True,9.756539906986984e-07,True,0.00829681711629105,3708.9884185504243,109893.2609236944,True,0.00013429522957830202,0.0001860000193119049,34,shared_weighted_euclidean_projector,shared_model_kernel_rcmsa_tagged_transition,released_hmm_filter,79
Reactive,no_readiness,test_056_b2c64046cef9,b2c64046cef9c3c8c1d997032493b7ac82c1af8485fa09f9c11b9c6d822ea478,8b83c669d56287c61d40a0703b8fe7ebc8aa642d9fff413ea893b4f328a3116c,,21,79,decision_plus_clearance,13200.102267915077,83148.38681494494,0.0,96348.48908286002,7895.451802689372,80653.48566447067,3232.839430362668,2811.395882782954,1275.548648756404,479.76765379791675,38.70958301517967,1187.4533005862693,6623.116354965844,0.00031188006219574465,153.94442289911245,153.94473477917464,1505.0581380388644,5.233673060301831e-07,cleared,79,False,False,True,9.615472107932815e-07,True,0.006549481306110638,3232.8328808813617,96348.48908285999,True,0.0001347094907292298,0.0001876999158412218,34,shared_weighted_euclidean_projector,shared_model_kernel_rcmsa_tagged_transition,released_hmm_filter,79
Reactive,no_readiness,test_057_bf11b8e004e2,bf11b8e004e2675983bf718fcc9085ea691c39d83a93ed2726c993f568ae7b13,8b83c669d56287c61d40a0703b8fe7ebc8aa642d9fff413ea893b4f328a3116c,,21,79,decision_plus_clearance,12976.792535730341,87381.89027489479,0.0,100358.68281062513,7847.977329157809,84582.49970543291,3402.791498179761,2779.445562622321,1299.6115887691128,446.3571264632219,38.53331093859793,1151.2281999312975,6845.23814826909,0.0003451994995186116,162.03734519001293,162.03769038951245,1510.0731588511374,5.686817730200237e-07,cleared,79,False,False,True,9.910045230140357e-07,True,0.007249189489890844,3402.7842489902714,100358.68281062515,True,0.00013243806149278368,0.000183899886906147,34,shared_weighted_euclidean_projector,shared_model_kernel_rcmsa_tagged_transition,released_hmm_filter,79
Reactive,no_readiness,test_058_fbcfbffca03e,fbcfbffca03e44547ea319ed2d43b06e5f628f750b3d1a41c39a0846aecd36c4,8b83c669d56287c61d40a0703b8fe7ebc8aa642d9fff413ea893b4f328a3116c,,21,79,decision_plus_clearance,14521.728393418012,93497.96679378209,0.0,108019.69518720011,8799.72920900791,90234.48476286883,3620.6808031672213,3405.935186120695,1429.375716650014,529.4895093854233,43.30353767362761,1422.7152727857967,7335.9316873141315,0.0004359602635469235,172.41293561912795,172.4133715793915,1606.3161916773363,6.245414989245579e-07,cleared,79,False,False,True,9.78081508355357e-07,True,0.009155165534485393,3620.671648001687,108019.69518720011,True,0.00011845239038978304,0.00017939996905624866,34,shared_weighted_euclidean_projector,shared_model_kernel_rcmsa_tagged_transition,released_hmm_filter,79
Reactive,no_readiness,test_059_d22925a9593f,d22925a9593fa401ece13fc7588e32d8a890971a8c128175ef3afe51e59bbbae,8b83c669d56287c61d40a0703b8fe7ebc8aa642d9fff413ea893b4f328a3116c,,21,79,decision_plus_clearance,12975.082476463522,87167.29794226127,0.0,100142.38041872479,7886.442140552034,84316.20267721808,3392.944985775458,2805.5416694858723,1298.4860203555836,442.7629253377488,38.84077456007694,1170.669421054838,6820.535921998942,0.0003439923446080153,161.5684648541058,161.5688088464504,1504.1393902186928,5.468531988589381e-07,cleared,79,False,False,True,9.250241654936683e-07,True,0.007223839236768321,3392.9377619362217,100142.38041872479,True,0.00015243331325196085,0.00018450012430548668,34,shared_weighted_euclidean_projector,shared_model_kernel_rcmsa_tagged_transition,released_hmm_filter,79
Reactive,no_readiness,test_060_b3feb9e274c2,b3feb9e274c243af57931bb81154ddcd4db25503aef66fcc12b42f42f154b7ce,8b83c669d56287c61d40a0703b8fe7ebc8aa642d9fff413ea893b4f328a3116c,,21,79,decision_plus_clearance,13689.582639578708,90078.41205996396,0.0,103767.99469954267,8312.410419217404,87022.62104586983,3497.2135239265804,3091.5593584289627,1349.7786939097691,494.4116581901432,40.75889095848223,1280.323645496643,7058.403446440631,0.0003626431433524643,166.5336146866938,166.53397732983714,1555.7551970822526,5.628764232368809e-07,cleared,79,False,False,True,9.959121459847346e-07,True,0.00761550601040175,3497.20590842057,103767.99469954269,True,0.00011928572452494077,0.0001772001851350069,34,shared_weighted_euclidean_projector,shared_model_kernel_rcmsa_tagged_transition,released_hmm_filter,79
Reactive,no_readiness,test_061_627abde70c26,627abde70c260fe7d7dfdd8a0ae46ef10630e9ce7d5542c218bfb019b77707b7,8b83c669d56287c61d40a0703b8fe7ebc8aa642d9fff413ea893b4f328a3116c,,21,79,decision_plus_clearance,13562.702759935099,88316.64357236277,0.0,101879.34633229786,8219.938362337696,85395.47006744104,3430.6118824119335,3007.618489800189,1358.5942256879036,467.11330461909034,40.24347443696406,1246.5894997395978,6951.588662331783,0.00038945490566768214,163.36208113613878,163.36247059104446,1550.3868058110565,4.899206927915412e-07,cleared,79,False,False,True,9.64662779507505e-07,True,0.008178553019021324,3430.6037038589143,101879.34633229786,True,0.00012753333985095932,0.00018620002083480358,34,shared_weighted_euclidean_projector,shared_model_kernel_rcmsa_tagged_transition,released_hmm_filter,79
Reactive,no_readiness,test_062_0c9ea14e9507,0c9ea14e9507679b12568ca09440ee0d472e13c1d2a4d4df4f22d9720c95b81b,8b83c669d56287c61d40a0703b8fe7ebc8aa642d9fff413ea893b4f328a3116c,,21,79,decision_plus_clearance,13559.650815213106,94267.98080411942,0.0,107827.63161933253,8373.115318784761,90860.69916011904,3662.5636699787524,3096.1936678700627,1368.0598312688733,466.9999713110643,41.23591362439157,1288.603360430273,7286.848150308297,0.0003880425035772089,174.40740576600845,174.40779380851203,1566.6645648594545,6.070219837989986e-07,cleared,79,False,False,True,9.96099580606896e-07,True,0.008148892575121388,3662.5555210861776,107827.63161933255,True,0.00012873331572683084,0.00018620002083480358,34,shared_weighted_euclidean_projector,shared_model_kernel_rcmsa_tagged_transition,released_hmm_filter,79
Reactive,no_readiness,test_063_44f0f2a191ef,44f0f2a191eff5a5bb9fb795dad447d7fc7e78fd849c2393842ed70164a5fcda,8b83c669d56287c61d40a0703b8fe7ebc8aa642d9fff413ea893b4f328a3116c,,21,79,decision_plus_clearance,12331.688418333933,89500.61649075345,0.0,101832.30490908738,7683.062090107116,86287.1693770085,3486.8033306335465,2708.3194368114937,1251.291869006286,415.65880552041733,38.49013729680012,1141.5272279531757,6866.988644546729,0.00030769189383478973,166.03794614779886,166.0382538396927,1471.9498389436105,5.768098340856946e-07,cleared,79,False,False,True,9.443044527065808e-07,True,0.006461529770530584,3486.7968691037763,101832.30490908734,True,0.00012469046660477207,0.00018640002235770226,34,shared_weighted_euclidean_projector,shared_model_kernel_rcmsa_tagged_transition,released_hmm_filter,79
Reactive,no_readiness,test_064_27d69866b791,27d69866b79138686724529a21cb6e323bfdcf5210778f504d0eb950a434b33a,8b83c669d56287c61d40a0703b8fe7ebc8aa642d9fff413ea893b4f328a3116c,,21,79,decision_plus_clearance,12038.684144591327,79691.97670108404,0.0,91730.66084567537,7176.975811699453,77501.5992770039,3114.450793859906,2359.943413249831,1176.8395102368108,400.85203962549195,35.152555672531236,997.7050829167641,6304.723334251121,0.0002656660806932453,148.30691499391483,148.3071806599955,1416.3059325706697,5.501402921350953e-07,cleared,79,False,False,True,9.979860989077758e-07,True,0.005578987694558151,3114.4452148722116,91730.66084567539,True,0.00015495235233434608,0.00018699979409575462,34,shared_weighted_euclidean_projector,shared_model_kernel_rcmsa_tagged_transition,released_hmm_filter,79
Reactive,no_readiness,test_065_930038cc16e9,930038cc16e99dda3abddced3121095d94183071473ae7d8535bf0ab56c97fc9,8b83c669d56287c61d40a0703b8fe7ebc8aa642d9fff413ea893b4f328a3116c,,21,79,decision_plus_clearance,12569.650916915543,93076.34876025422,0.0,105645.99967716976,7787.429727475173,89801.55374896535,3630.4791772030158,2732.0085804485725,1253.2892334046342,441.23920967296795,38.68943688581081,1151.6792593701896,7116.525634979602,0.00029698714707229696,172.87966383204417,172.87996081919124,1495.1347299591107,7.071272415962024e-07,cleared,79,False,False,True,9.449063341987689e-07,True,0.006236730088518236,3630.472940472928,105645.99967716972,True,0.00012644284981347265,0.00018540001474320889,34,shared_weighted_euclidean_projector,shared_model_kernel_rcmsa_tagged_transition,released_hmm_filter,79
Reactive,no_readiness,test_066_28fb87ba4913,28fb87ba4913ced186980dcbc093c47e083f79b8e740a1acb42c6392df84b3a3,8b83c669d56287c61d40a0703b8fe7ebc8aa642d9fff413ea893b4f328a3116c,,21,79,decision_plus_clearance,14339.108871555773,93536.53856794394,0.0,107875.6474394997,8870.080560308077,89941.69607718442,3616.5165253324426,3484.6359028942306,1435.3926970969978,527.3256766835464,43.79050559933554,1447.8467760440783,7278.947455494887,0.00040385879415617875,172.21466877608407,172.21507263487823,1602.935803406133,6.115562916611362e-07,cleared,79,False,False,True,9.948789478226161e-07,True,0.008481034677279753,3616.5080442977655,107875.64743949969,True,0.00013686191024524824,0.00018390011973679066,34,shared_weighted_euclidean_projector,shared_model_kernel_rcmsa_tagged_transition,released_hmm_filter,79
Reactive,no_readiness,test_067_4d46fa716471,4d46fa716471fa4d60109942ef5bb2dd1232241a3c67bc5b1cfc29fc39cbfd18,8b83c669d56287c61d40a0703b8fe7ebc8aa642d9fff413ea893b4f328a3116c,,21,79,decision_plus_clearance,12677.228385726721,92729.16291986019,0.0,105406.3913055869,7962.840620795124,89240.27882931335,3609.808195900378,2876.9803447922186,1274.2768276424172,442.20648714343395,39.63955412371693,1204.4355690454488,7072.052435453235,0.0003107600397212812,171.89531761616874,171.89562837620846,1501.9730635815504,5.783313533727912e-07,cleared,79,False,False,True,9.828748205414921e-07,True,0.006525960834146905,3609.8016699395434,105406.3913055869,True,0.0001356190380950769,0.0002226000651717186,34,shared_weighted_euclidean_projector,shared_model_kernel_rcmsa_tagged_transition,released_hmm_filter,79
Reactive,no_readiness,test_068_93da1d4ae1ba,93da1d4ae1ba5b053059e9b89e557fda34a240b0e754e3a555372b254463a63a,8b83c669d56287c61d40a0703b8fe7ebc8aa642d9fff413ea893b4f328a3116c,,21,79,decision_plus_clearance,14167.483259911118,95932.69457452091,0.0,110100.17783443202,8746.841472460737,92346.79567928704,3719.9677131096373,3357.0476949392064,1412.0991744817782,517.4261001535718,43.20217846059502,1410.5800822734097,7420.205559163921,0.0003997164402945646,177.14091995544717,177.14131967188746,1600.9402724663908,6.036165518490731e-07,cleared,79,False,False,True,9.504621133007272e-07,True,0.008394045246185856,3719.9593190643905,110100.17783443198,True,0.0001519714326908191,0.00019529997371137142,34,shared_weighted_euclidean_projector,shared_model_kernel_rcmsa_tagged_transition,released_hmm_filter,79
Reactive,no_readiness,test_069_5b01ea54b2fa,5b01ea54b2fa549608732665cf72566100e6d5765b097dd29e2f07654d97e94a,8b83c669d56287c61d40a0703b8fe7ebc8aa642d9fff413ea893b4f328a3116c,,21,79,decision_plus_clearance,13540.759230125008,80732.26538077189,0.0,94273.0246108969,8014.215905571357,78411.64606373184,3134.585790718652,2898.6709526240616,1331.2525244019828,482.65337384902523,39.13326419542948,1209.1306854481759,6511.035790636873,0.0003556679840549561,149.26563436623746,149.26599003422152,1524.9552374182151,4.492032986696935e-07,cleared,79,False,False,True,9.83960562525025e-07,True,0.007469027665154078,3134.5783216909867,94273.02461089691,True,0.00014916667714715004,0.00019040005281567574,34,shared_weighted_euclidean_projector,shared_model_kernel_rcmsa_tagged_transition,released_hmm_filter,79
Reactive,no_readiness,test_070_0cd9bcac96c3,0cd9bcac96c35799fee58a41df95758c42fc0c84363a570dadf82c310f780fc2,8b83c669d56287c61d40a0703b8fe7ebc8aa642d9fff413ea893b4f328a3116c,,21,79,decision_plus_clearance,14128.858589725496,91032.39196044889,0.0,105161.25055017439,8718.689328184737,87619.46745486557,3519.5914288625595,3371.8164501470064,1413.8867935043056,517.7990946101374,42.730996721714114,1387.7425244057283,7130.426534795226,0.0003923046046354813,167.59919954599343,167.59959185059807,1595.1746313202084,5.211892175829373e-07,cleared,79,False,False,True,9.911237397716989e-07,True,0.008238396697345107,3519.583190465862,105161.25055017431,True,0.00012204284957122235,0.00018480001017451286,34,shared_weighted_euclidean_projector,shared_model_kernel_rcmsa_tagged_transition,released_hmm_filter,79
Reactive,no_readiness,test_071_34f77888383f,34f77888383fb5b7dddc8c7fc1f8ab1980f574da89d48920167bc6e4a5baac19,8b83c669d56287c61d40a0703b8fe7ebc8aa642d9fff413ea893b4f328a3116c,,21,79,decision_plus_clearance,11920.695852395054,83332.90591019996,0.0,95253.60176259502,7275.0880996237875,80695.47583847921,3252.6642287295504,2460.76258686411,1162.9800200117568,406.63098888657174,35.994514561453464,1032.4781016767497,6492.069426065587,0.00026124093838367663,154.88851155570688,154.88877279664527,1424.380542784689,5.255281035110025e-07,cleared,79,False,False,True,9.959770216021092e-07,True,0.005486059706057209,3252.6587426698447,95253.60176259498,True,0.00013416667380148457,0.00020320015028119087,34,shared_weighted_euclidean_projector,shared_model_kernel_rcmsa_tagged_transition,released_hmm_filter,79
Reactive,no_readiness,test_072_8e59fac0e6c8,8e59fac0e6c81b34fdbf7517a855653a3cd0a095878de09734040c0d4127fdc1,8b83c669d56287c61d40a0703b8fe7ebc8aa642d9fff413ea893b4f328a3116c,,21,79,decision_plus_clearance,12857.012428814332,89339.2564391455,0.0,102196.26886795982,7959.40572889742,86178.0632589503,3475.68620615524,2849.610026334015,1269.6974741174051,463.80617350545225,39.34360301544277,1204.0713032567162,6913.504900098296,0.00029160131310183895,165.50857535846023,165.50886695977334,1508.9587869787242,5.600729056719604e-07,cleared,79,False,False,True,9.804142706294917e-07,True,0.006123627575138618,3475.680082527665,102196.26886795982,True,0.00013852381103095554,0.00018710014410316944,34,shared_weighted_euclidean_projector,shared_model_kernel_rcmsa_tagged_transition,released_hmm_filter,79
Reactive,no_readiness,test_073_69349232969b,69349232969bf4c86d2f494ebcfdc30419a510d14224ddded4cf0b0572c985f7,8b83c669d56287c61d40a0703b8fe7ebc8aa642d9fff413ea893b4f328a3116c,,21,79,decision_plus_clearance,13911.368682527867,88672.8440666445,0.0,102584.21274917237,8386.019175641093,85686.60637539631,3438.507780001319,3188.158853146249,1375.4204231968279,509.5001417904989,41.63432217885372,1328.3452576007242,6978.322303809707,0.00040480603046754,163.73806090831806,163.73846571434854,1552.2842650806117,5.59300271195506e-07,cleared,79,False,False,True,8.417200146416582e-07,True,0.00850092663981834,3438.499279074679,102584.21274917231,True,0.00014490473438941298,0.00018710014410316944,34,shared_weighted_euclidean_projector,shared_model_kernel_rcmsa_tagged_transition,released_hmm_filter,79
Reactive,no_readiness,test_074_212affc962e2,212affc962e28f58fe45099916e12acf08d12bd5b6ae1e8be69e32f2992b7426,8b83c669d56287c61d40a0703b8fe7ebc8aa642d9fff413ea893b4f328a3116c,,21,79,decision_plus_clearance,13858.758167138043,87242.1029941084,0.0,101100.86116124644,8336.538340458841,84375.94760792582,3381.5270678833917,3143.2177053963856,1365.7866392587512,497.8438003232653,41.46056991674028,1322.5096746061708,6906.283246790515,0.0004019548212563741,161.02469651581646,161.02509847063772,1546.8880649937091,5.679484354643715e-07,cleared,79,False,False,True,9.781087092614295e-07,True,0.008441051246383856,3381.518626832146,101100.86116124643,True,0.00012819524410934675,0.00019440008327364922,34,shared_weighted_euclidean_projector,shared_model_kernel_rcmsa_tagged_transition,released_hmm_filter,79
Reactive,no_readiness,test_075_8de4e41c7ad9,8de4e41c7ad941d139487bf1af6be7e835a7c841f83db6f4b9e0876bff23bb48,8b83c669d56287c61d40a0703b8fe7ebc8aa642d9fff413ea893b4f328a3116c,,21,79,decision_plus_clearance,12715.784209227151,82276.37529388096,0.0,94992.15950310811,7626.575176259341,79772.53557578898,3202.009827849623,2700.7366334127305,1230.3701956434325,459.9320941539816,37.74771057154491,1130.0137461106915,6508.594798530709,0.00030614372688651803,152.47635232530277,152.47665846902964,1464.1809465621332,4.984308553105725e-07,cleared,79,False,False,True,9.58796163137338e-07,True,0.006429018264616879,3202.003398831358,94992.1595031081,True,0.00014700951232087043,0.0001954999752342701,34,shared_weighted_euclidean_projector,shared_model_kernel_rcmsa_tagged_transition,released_hmm_filter,79
Reactive,no_readiness,test_076_48339f21c8ec,48339f21c8ec04a89d1fa33ffb9bd38ffc2087720a9e6d22241a14418438a684,8b83c669d56287c61d40a0703b8fe7ebc8aa642d9fff413ea893b4f328a3116c,,21,79,decision_plus_clearance,14376.826152961823,95130.15576491266,0.0,109506.98191787448,8871.5107850274,91546.04133993443,3683.180705871407,3441.5243137111675,1444.0769379833846,520.6478353466863,43.68885281706864,1438.4791938409442,7391.7212122424,0.00041195848351513876,175.38914546396444,175.38955742244795,1617.2221958608152,6.309579125418789e-07,cleared,79,False,False,True,9.873575147200808e-07,True,0.008651128153817914,3683.1720547432533,109506.98191787447,True,0.00012653335441081297,0.00018800003454089165,34,shared_weighted_euclidean_projector,shared_model_kernel_rcmsa_tagged_transition,released_hmm_filter,79
Reactive,no_readiness,test_077_b1f2e84dc844,b1f2e84dc844662b5d1fd981486515a77f37fa4bd91d8f1c5bdc9de643205101,8b83c669d56287c61d40a0703b8fe7ebc8aa642d9fff413ea893b4f328a3116c,,21,79,decision_plus_clearance,13935.289075500532,84522.04501003887,0.0,98457.3340855394,8236.432306435656,81999.08789484084,3278.499713780044,3083.1457658059435,1340.8869591104165,519.2814455665019,40.72363246811057,1298.251516740403,6761.708174176799,0.00036845260438523095,156.11866553692153,156.11903398952592,1534.943414609238,5.848578848586382e-07,cleared,79,False,False,True,9.834123802237427e-07,True,0.00773750469208985,3278.491976275352,98457.33408553939,True,0.0001450190320611,0.00018569990061223507,34,shared_weighted_euclidean_projector,shared_model_kernel_rcmsa_tagged_transition,released_hmm_filter,79
Reactive,no_readiness,test_078_367d379a9297,367d379a9297286f557f72f155581887362331484e75dc530b5d1e7702215749,8b83c669d56287c61d40a0703b8fe7ebc8aa642d9fff413ea893b4f328a3116c,,21,79,decision_plus_clearance,13757.840898874885,85639.35997927964,0.0,99397.20087815453,8206.615117215042,83013.08789549422,3322.419988205013,3035.0892327443194,1296.9646165422214,523.0240279537352,40.25510873119111,1280.7670955854962,6824.564235627727,0.00032357134599722803,158.21015205746414,158.21047562881014,1536.083796861173,5.568129359316743e-07,cleared,79,False,False,True,9.761096935731518e-07,True,0.006794998265941789,3322.413193206747,99397.20087815454,True,0.00015814285281868208,0.0001860000193119049,34,shared_weighted_euclidean_projector,shared_model_kernel_rcmsa_tagged_transition,released_hmm_filter,79
Reactive,no_readiness,test_079_bce06ca59758,bce06ca59758dbd98389f738153975aa7a35c811fa8594d1d0e258628ef96d65,8b83c669d56287c61d40a0703b8fe7ebc8aa642d9fff413ea893b4f328a3116c,,21,79,decision_plus_clearance,11892.13417720565,82705.95655291912,0.0,94598.09073012476,7182.076794902338,80272.24755605454,3233.198651778594,2354.888206004314,1168.0168043321903,387.6627170528002,35.219187062945316,990.8731940131685,6469.915295496366,0.0002619870224586485,153.96157857386297,153.96184056088543,1421.4727958926833,6.013829844715684e-07,cleared,79,False,False,True,9.501362986997562e-07,True,0.005501727471631618,3233.1931500511223,94598.09073012478,True,0.00015191427831138884,0.00018360000103712082,34,shared_weighted_euclidean_projector,shared_model_kernel_rcmsa_tagged_transition,released_hmm_filter,79
Reactive,no_readiness,test_080_e669407a98d7,e669407a98d788999f61cc42f0d91ad3f73f1d4c7c567a28c5df008483262012,8b83c669d56287c61d40a0703b8fe7ebc8aa642d9fff413ea893b4f328a3116c,,21,79,decision_plus_clearance,13866.408094430475,93402.1217066046,0.0,107268.52980103507,8521.186438324768,90025.2686148733,3625.8569280379284,3227.1678371442927,1404.370660210087,464.67932244469625,41.83204800244031,1323.6654790678144,7249.733345761781,0.0004412789223762625,172.65941243716946,172.65985371609185,1576.941282437019,5.14572591717805e-07,cleared,79,False,False,True,8.992500272220419e-07,True,0.009266857369901514,3625.8476611805586,107268.5298010351,True,0.00012671431925679957,0.0001743000466376543,34,shared_weighted_euclidean_projector,shared_model_kernel_rcmsa_tagged_transition,released_hmm_filter,79
Reactive,no_readiness,test_081_fbbd80304765,fbbd803047650db226feaa75de7119d49ed8d237f46bb4c3b1122439776b0ba3,8b83c669d56287c61d40a0703b8fe7ebc8aa642d9fff413ea893b4f328a3116c,,21,79,decision_plus_clearance,12220.233139051496,93210.85076536832,0.0,105431.08390441982,7691.0669323414195,89799.29226327316,3636.5502385605446,2662.9424660690993,1237.1367198442288,404.09528433134847,38.02600560221468,1109.7142101279333,7084.778861630893,0.00029295146973917806,173.16876602760382,173.16905897907355,1483.245372510155,6.331120799070361e-07,cleared,79,False,False,True,9.54659377086701e-07,True,0.0061519808645227395,3636.5440865796804,105431.08390441981,True,0.0001297619060746261,0.00017939996905624866,34,shared_weighted_euclidean_projector,shared_model_kernel_rcmsa_tagged_transition,released_hmm_filter,79
Reactive,no_readiness,test_082_2cf496ac3a99,2cf496ac3a99b59959fd7b5de1a04776b86b60eee9dcd086bd37dfc0c4edb16c,8b83c669d56287c61d40a0703b8fe7ebc8aa642d9fff413ea893b4f328a3116c,,21,79,decision_plus_clearance,14174.989037428688,90500.61034191021,0.0,104675.5993793389,8592.948912011934,87411.89947628322,3506.5948199681,3262.1602838658323,1392.7346535018512,509.2612337080231,41.975403058626746,1351.020512890858,7133.933342656408,0.000411237339098271,166.98029447542757,166.98070571276668,1586.0600669405558,4.943718597094324e-07,cleared,79,False,False,True,9.98229453786646e-07,True,0.008635984121063691,3506.586183983979,104675.59937933895,True,0.00012112377832333247,0.00017949985340237617,34,shared_weighted_euclidean_projector,shared_model_kernel_rcmsa_tagged_transition,released_hmm_filter,79
Reactive,no_readiness,test_083_4cbdde5f376f,4cbdde5f376f40f80c1ddb1ed6bdd46a705c890728c9a5d74d7af9a990a98cc8,8b83c669d56287c61d40a0703b8fe7ebc8aa642d9fff413ea893b4f328a3116c,,21,79,decision_plus_clearance,13739.880979261136,86306.07770635918,0.0,100045.95868562031,8191.736321712239,83645.79117034977,3352.4761886461706,3008.794047548872,1362.9757833298495,484.1851740334043,40.1081511014493,1244.0842488921257,6858.502866170212,0.00040137055071902454,159.64132189831454,159.64172326886526,1546.6121418255068,5.187732516363431e-07,cleared,79,False,False,True,9.24021182737985e-07,True,0.008428781565099516,3352.4677598646053,100045.9586856203,True,0.00013854284770786762,0.00018010009080171585,34,shared_weighted_euclidean_projector,shared_model_kernel_rcmsa_tagged_transition,released_hmm_filter,79
Reactive,no_readiness,test_084_513eb18f351c,513eb18f351c0ae9049df078bb1de046440084ba5b9f75437cb0aee0bdfd9e44,8b83c669d56287c61d40a0703b8fe7ebc8aa642d9fff413ea893b4f328a3116c,,21,79,decision_plus_clearance,13603.427946817086,89215.39111195748,0.0,102818.81905877456,8230.484906111578,86247.35139263004,3466.67559327227,3041.2621391621733,1358.7812058951931,474.26382170330794,40.62555107127026,1266.9097236000348,6996.612568945305,0.0003942994298849695,165.07939585639247,165.07979015582234,1544.8329558538198,5.537998767327275e-07,cleared,79,False,False,True,9.377170652865845e-07,True,0.008280288027584359,3466.667312984242,102818.81905877458,True,0.00014062377712911083,0.00018609990365803242,34,shared_weighted_euclidean_projector,shared_model_kernel_rcmsa_tagged_transition,released_hmm_filter,79
Reactive,no_readiness,test_085_650c50514b66,650c50514b6644e496b372654068cbdc1711c214d31c247c6f969a86a61106c0,8b83c669d56287c61d40a0703b8fe7ebc8aa642d9fff413ea893b4f328a3116c,,21,79,decision_plus_clearance,14842.96548923484,89911.66994821517,0.0,104754.63543745002,8838.337649158682,87000.02136545781,3478.682715002376,3453.752034110869,1428.899182976277,554.9424907439808,43.28907246929036,1440.6601896127204,7160.683555751144,0.0004394125972440974,165.65111844465875,165.651557857256,1607.5458970953225,5.451578328553733e-07,cleared,79,False,False,True,9.7415464208118e-07,True,0.009227664542126045,3478.6734873378336,104754.63543745001,True,0.000155223821777673,0.0001893998123705387,34,shared_weighted_euclidean_projector,shared_model_kernel_rcmsa_tagged_transition,released_hmm_filter,79
Reactive,no_readiness,test_086_754dc8e1ab0e,754dc8e1ab0e7268d5ce0dd2ffc19bdf7c2959cd70067092fd5ee3f03e2bf486,8b83c669d56287c61d40a0703b8fe7ebc8aa642d9fff413ea893b4f328a3116c,,21,79,decision_plus_clearance,14323.371757967228,94035.59262681266,0.0,108358.96438477989,8721.515939679115,90724.66275279521,3645.5821158854087,3348.1629637615365,1392.0074048115484,527.0332078470717,42.881818177783295,1403.8674732151474,7345.457409540224,0.0003972775842390183,173.5987510979114,173.59914837549562,1596.7536262268125,6.555336530965803e-07,cleared,79,False,False,True,9.816721619465409e-07,True,0.008342829269019384,3645.573773056139,108358.96438477989,True,0.00013081905698137625,0.0001906000543385744,34,shared_weighted_euclidean_projector,shared_model_kernel_rcmsa_tagged_transition,released_hmm_filter,79
Reactive,no_readiness,test_087_cbc79ee243dd,cbc79ee243dd0e237a5023163791e895019f33bb871350474ccaace9587409dc,8b83c669d56287c61d40a0703b8fe7ebc8aa642d9fff413ea893b4f328a3116c,,21,79,decision_plus_clearance,13196.277294534542,95610.06544211978,0.0,108806.34273665433,8301.455898604117,91906.29076011752,3715.4762583603406,3091.321854667844,1335.4336565208453,456.3643083836342,41.348393657254874,1292.1571078298502,7289.883951314317,0.00036277333450469965,176.92707810096744,176.92744087430194,1541.8327120549761,6.029507676618297e-07,cleared,79,False,False,True,9.648217388256997e-07,True,0.007618240024598693,3715.468640120316,108806.34273665432,True,0.00013218571742375693,0.00018110009841620922,34,shared_weighted_euclidean_projector,shared_model_kernel_rcmsa_tagged_transition,released_hmm_filter,79
Reactive,no_direct_capacity,test_000_4ae657b9eeec,4ae657b9eeecf70786804d24952478895a67cdd02d3cb00a5f23d60565e89d40,8b83c669d56287c61d40a0703b8fe7ebc8aa642d9fff413ea893b4f328a3116c,,21,79,decision_plus_clearance,14496.290635742604,94606.9442834757,0.0,109103.23491921832,9304.171186609576,90676.12156496136,3644.568909166734,3848.4602768971963,1460.4596147110815,169.45336687231415,46.06190553463282,1550.522764287806,7316.298460151876,0.0004833709048531604,173.5504170656063,173.55090043651114,1567.8219742044582,5.229289366444918e-07,cleared,79,False,False,True,9.761549056925234e-07,True,0.010150789001916368,3644.5587583777324,109103.23491921826,True,0.00015194762852929888,0.00019109994173049927,34,shared_weighted_euclidean_projector,shared_model_kernel_rcmsa_tagged_transition,released_hmm_filter,79
Reactive,no_direct_capacity,test_001_dde9993de777,dde9993de777ead4870656b2cec02bf256c4174b03458346cc5fc13db98f082b,8b83c669d56287c61d40a0703b8fe7ebc8aa642d9fff413ea893b4f328a3116c,,21,79,decision_plus_clearance,13129.40563423904,100743.78788617118,0.0,113873.19352041022,8693.803699369015,96319.2482039798,3903.365062907644,3439.3814816122613,1347.2669765933201,170.12809594817085,44.10224744686262,1406.2239896045949,7528.834806366,0.00039000159119799915,185.87413680353473,185.87452680512592,1512.2775928634246,6.79108493601087e-07,cleared,79,False,False,True,9.893139256674327e-07,True,0.008190033415157982,3903.3568728742293,113873.19352041022,True,0.00012950477234664417,0.00018409988842904568,34,shared_weighted_euclidean_projector,shared_model_kernel_rcmsa_tagged_transition,released_hmm_filter,79
Reactive,no_direct_capacity,test_002_f01217ab0e79,f01217ab0e7903b1b91cb3f87068f20b75f716d08632ca2b15c76649d7f00a8c,8b83c669d56287c61d40a0703b8fe7ebc8aa642d9fff413ea893b4f328a3116c,,21,79,decision_plus_clearance,13945.566316185274,85049.31372632769,0.0,98994.88004251296,8692.405676086457,82025.07457539372,3281.268535735438,3441.8653484782762,1384.6747705247594,169.59113629432468,43.13542117747925,1393.8945668349272,6745.912188731136,0.0004325675305636255,156.2504500865379,156.25088265406848,1508.117173432664,4.49608469948443e-07,cleared,79,False,False,True,9.995614721068065e-07,True,0.009083918141836135,3281.259451817296,98994.88004251297,True,0.00011675715047333921,0.0001751999370753765,34,shared_weighted_euclidean_projector,shared_model_kernel_rcmsa_tagged_transition,released_hmm_filter,79
Reactive,no_direct_capacity,test_003_eb3106001035,eb3106001035e1bd9c52b845bd9616d282a52a699d46aca5269b5370622454fc,8b83c669d56287c61d40a0703b8fe7ebc8aa642d9fff413ea893b4f328a3116c,,21,79,decision_plus_clearance,13798.767141046585,93663.3438569832,0.0,107462.11099802979,8948.1873461486,89698.4546520709,3612.677455251488,3614.560010838719,1418.4997321215517,169.73180159855312,44.917859789577484,1468.1764014747555,7198.49406791772,0.0004512233545227619,172.03180855052585,172.03225977388038,1536.9677292250592,5.364069381622719e-07,cleared,79,False,False,True,9.736359631675444e-07,True,0.009475690444977999,3612.667979561043,107462.11099802979,True,0.00013142385120902742,0.00020150002092123032,34,shared_weighted_euclidean_projector,shared_model_kernel_rcmsa_tagged_transition,released_hmm_filter,79
Reactive,no_direct_capacity,test_004_55a330aff5c4,55a330aff5c4a0576082656af4ffca48ee935b03b126b46b442653f81477abfb,8b83c669d56287c61d40a0703b8fe7ebc8aa642d9fff413ea893b4f328a3116c,,21,79,decision_plus_clearance,14078.310749447406,87254.3957786522,0.0,101332.7065280996,8899.325176372327,83925.93065817845,3361.261475826095,3581.5064430813964,1394.8247018250488,169.85807281627856,44.25128431108736,1459.1517036529276,6865.879210182588,0.0004215877362276157,160.05964868969687,160.0600702774331,1518.3779517874827,4.972682912071283e-07,cleared,79,False,False,True,9.656033988207819e-07,True,0.00885334246077993,3361.2526224836342,101332.70652809959,True,0.0001412047671952418,0.00017439993098378181,34,shared_weighted_euclidean_projector,shared_model_kernel_rcmsa_tagged_transition,released_hmm_filter,79
Reactive,no_direct_capacity,test_005_981c73a17708,981c73a17708f6a8f2159189b725895e9b78b4ffca7b2cc292d9f5cb6c138259,8b83c669d56287c61d40a0703b8fe7ebc8aa642d9fff413ea893b4f328a3116c,,21,79,decision_plus_clearance,13362.932907610048,92710.5478739218,0.0,106073.48078153183,8717.468755228969,88824.17097990924,3581.21269754746,3432.582275918232,1347.7607405320255,170.28533239590286,43.87660971557389,1419.076397649949,7106.481829823601,0.0003654451886194483,170.53357253326183,170.53393797845044,1513.4087932521725,5.387948403132051e-07,cleared,79,False,False,True,9.931329911303624e-07,True,0.0076743489610084144,3581.2050231984986,106073.48078153182,True,0.0001338380610659009,0.00018339999951422215,34,shared_weighted_euclidean_projector,shared_model_kernel_rcmsa_tagged_transition,released_hmm_filter,79
Reactive,no_direct_capacity,test_006_daba4b1e9814,daba4b1e9814b4a66b4b77a1db00896fa1b3246def31f9ebaa0c7ced46e92af5,8b83c669d56287c61d40a0703b8fe7ebc8aa642d9fff413ea893b4f328a3116c,,21,79,decision_plus_clearance,14010.470661647021,91543.64123459611,0.0,105554.11189624314,8874.600431192082,88009.55244331005,3533.8656078935387,3572.3884444380383,1394.2713480576565,169.43362135179518,44.386980360572224,1455.3617943001407,7113.28749587047,0.00042691514601646486,168.27888774645106,168.27931466159708,1520.6352695309902,6.38681183261104e-07,cleared,79,False,False,True,9.537850805176017e-07,True,0.008965218066345763,3533.8566426754724,105554.11189624316,True,0.00015075716544829664,0.00020320015028119087,34,shared_weighted_euclidean_projector,shared_model_kernel_rcmsa_tagged_transition,released_hmm_filter,79
Reactive,no_direct_capacity,test_007_925513ee8ec6,925513ee8ec62fc55ab4f4e4980ba11972ca8c6ab89cbb52b03a5fe88f85fa31,8b83c669d56287c61d40a0703b8fe7ebc8aa642d9fff413ea893b4f328a3116c,,21,79,decision_plus_clearance,16718.82435286081,91223.48254498455,0.0,107942.30689784537,10310.40151077743,87788.42392110908,3486.7683615757005,4546.999824410938,1640.670903637915,169.04237633433527,49.87222966924003,1821.4520681365073,7350.021678297155,0.0006947025976692768,166.03589394386427,166.03658864646192,1658.5614309531557,5.155506641518736e-07,cleared,79,False,False,True,9.582094205756197e-07,True,0.014588754551054812,3486.7537728211496,107942.30689784541,True,0.00013155718555762653,0.00018690014258027077,34,shared_weighted_euclidean_projector,shared_model_kernel_rcmsa_tagged_transition,released_hmm_filter,79
Reactive,no_direct_capacity,test_008_fabe46a0ea00,fabe46a0ea0025c65c0c7b807dc0f70b60fa5f50100dd7bd2d9ad2a46e9df6b5,8b83c669d56287c61d40a0703b8fe7ebc8aa642d9fff413ea893b4f328a3116c,,21,79,decision_plus_clearance,12856.58880014483,86254.26351158382,0.0,99110.85231172865,8198.402847815134,82998.27467639493,3339.543985347053,3104.521509023892,1299.8461684400531,170.2631247075819,41.39910954320883,1278.2864183159008,6700.504530914896,0.00035309523891699913,159.02555096890646,159.02590406414538,1463.7462066100734,5.453417460377773e-07,cleared,79,False,False,True,9.818992665684836e-07,True,0.007415000017256982,3339.5365703470356,99110.85231172864,True,0.00014723330691811585,0.00018369988538324833,34,shared_weighted_euclidean_projector,shared_model_kernel_rcmsa_tagged_transition,released_hmm_filter,79
Reactive,no_direct_capacity,test_009_c8ef87e47101,c8ef87e471016915d86795cd09c50907b7668afc7c30bcb05a14726a2af75061,8b83c669d56287c61d40a0703b8fe7ebc8aa642d9fff413ea893b4f328a3116c,,21,79,decision_plus_clearance,12855.512753502466,99093.52638665742,0.0,111949.03914015989,8630.966074933829,94578.05496857257,3833.688443634935,3419.090226367234,1317.0530623296913,170.18636432165812,44.24531714083115,1420.0026322379224,7390.325189887556,0.00034600945215444067,182.55624654459237,182.55659255404453,1486.9336788476242,6.579135457927554e-07,cleared,79,False,False,True,9.60699483498327e-07,True,0.007266198495243254,3833.6811774364396,111949.03914015992,True,0.00014152854592317627,0.0001813999842852354,34,shared_weighted_euclidean_projector,shared_model_kernel_rcmsa_tagged_transition,released_hmm_filter,79
Reactive,no_direct_capacity,test_010_613ab99db82c,613ab99db82c659cd8ff6e1475e7317b5ab19503260bfedec209a4c7abd2eb88,8b83c669d56287c61d40a0703b8fe7ebc8aa642d9fff413ea893b4f328a3116c,,21,79,decision_plus_clearance,12546.168133908104,84038.7863870909,0.0,96584.95452099902,8047.011724498966,80873.15216006256,3252.887445544217,2991.4525479051376,1249.8583946749372,170.59224831319088,40.73093253662803,1252.5639272125084,6547.294056074093,0.0002999177179714446,154.89910225105427,154.89940216877224,1441.2672273221756,5.201948388991895e-07,cleared,79,False,False,True,9.839852353311858e-07,True,0.006298272077400336,3252.88114727214,96584.954520999,True,0.00012581426251147474,0.0001976999919861555,34,shared_weighted_euclidean_projector,shared_model_kernel_rcmsa_tagged_transition,released_hmm_filter,79
Reactive,no_direct_capacity,test_011_8a2e74b38d5d,8a2e74b38d5d3fa099c53fd66f114b907a8d9576d5dcc067dc484a7c19e7da8b,8b83c669d56287c61d40a0703b8fe7ebc8aa642d9fff413ea893b4f328a3116c,,21,79,decision_plus_clearance,13969.467796500257,105431.86720107816,0.0,119401.33499757842,9400.382343510952,100389.27792997868,4067.080363040977,3919.423670336681,1455.4419951947632,169.7286955164117,47.386675065914474,1596.1177531789467,7852.872962789722,0.0004711673337008774,193.67002231080804,193.67049347814174,1574.6584992595667,6.573853911397017e-07,cleared,79,False,False,True,9.06820830864134e-07,True,0.009894514007718425,4067.070468526969,119401.33499757847,True,0.00016055239497550895,0.0001946999691426754,34,shared_weighted_euclidean_projector,shared_model_kernel_rcmsa_tagged_transition,released_hmm_filter,79
Reactive,no_direct_capacity,test_012_b6bdc05b20a7,b6bdc05b20a7bd7872689e9fd93f49c5864d83dbaa6c13c7b8023906ab88c1ae,8b83c669d56287c61d40a0703b8fe7ebc8aa642d9fff413ea893b4f328a3116c,,21,79,decision_plus_clearance,14256.305074199752,97236.14785427584,0.0,111492.4529284756,9349.67176058067,92929.44561842008,3743.915793783663,3840.4127703902323,1459.039632567821,169.96735273315267,46.614023528233005,1572.492116297004,7447.115362144428,0.00046377863238932334,178.28124068725631,178.2817044658887,1579.5025249319963,5.521470062372338e-07,cleared,79,False,False,True,9.921368668997399e-07,True,0.00973935128017579,3743.9060544323825,111492.45292847561,True,0.0001252190697760809,0.000179799972102046,34,shared_weighted_euclidean_projector,shared_model_kernel_rcmsa_tagged_transition,released_hmm_filter,79
Reactive,no_direct_capacity,test_013_040653995d85,040653995d85cc962bcb3d75b933864971de686f9683c73e392ab9224c3c2124,8b83c669d56287c61d40a0703b8fe7ebc8aa642d9fff413ea893b4f328a3116c,,21,79,decision_plus_clearance,12770.242979049097,82117.15219706955,0.0,94887.39517611865,8037.40669921591,79207.63457932664,3177.2934719709556,3052.377662329199,1242.6240974270409,170.05866584887826,40.82798750277271,1272.0991805773047,6446.15726502836,0.0003134565998286537,151.29937568487424,151.29968914147406,1419.0231897518308,5.033121482516717e-07,cleared,79,False,False,True,9.88002794627076e-07,True,0.006582588596401728,3177.286889382359,94887.39517611862,True,0.00012120477012580349,0.0001775999553501606,34,shared_weighted_euclidean_projector,shared_model_kernel_rcmsa_tagged_transition,released_hmm_filter,79
Reactive,no_direct_capacity,test_014_f00647451070,f00647451070accd7f5177b412ddbd68c73d8b7f2cb6c77b8469ffbc7c614a43,8b83c669d56287c61d40a0703b8fe7ebc8aa642d9fff413ea893b4f328a3116c,,21,79,decision_plus_clearance,12883.206456876127,85802.82725980497,0.0,98686.0337166811,8213.972876281889,82541.18056387361,3319.683016166561,3146.1741407411937,1294.8963730146597,170.12674660318683,41.67643878248761,1297.1454700698573,6664.439157574373,0.0003577526055534059,158.07978587437356,158.08014362697912,1453.3698842632139,5.290894805429972e-07,cleared,79,False,False,True,9.701970088739773e-07,True,0.007512804716621524,3319.6755033618447,98686.0337166811,True,0.00013395241417345547,0.00018090009689331055,34,shared_weighted_euclidean_projector,shared_model_kernel_rcmsa_tagged_transition,released_hmm_filter,79
Reactive,no_direct_capacity,test_015_643a837775f9,643a837775f944f0e897fff5495209f1a59016e336af0b18defb50bf86cbf809,8b83c669d56287c61d40a0703b8fe7ebc8aa642d9fff413ea893b4f328a3116c,,21,79,decision_plus_clearance,16668.307637264792,100971.95936248389,0.0,117640.26699974868,10652.420131019066,96495.6685247287,3861.594501284091,4762.700959745541,1699.0090024472863,168.87388052395235,51.53917834147915,1890.9769763040013,7877.02261080484,0.0007651096987703489,183.88468733240083,183.8854524420996,1702.3320569881046,5.65609010669082e-07,cleared,79,False,False,True,9.881206891165114e-07,True,0.016067303674177327,3861.5784339804172,117640.26699974865,True,0.00011800001153633708,0.00017650006338953972,34,shared_weighted_euclidean_projector,shared_model_kernel_rcmsa_tagged_transition,released_hmm_filter,79
Reactive,no_direct_capacity,test_016_45a90ccef8bd,45a90ccef8bdd374ee00dbc87ec9b3752c6a102ea41ee1fc73e6c34df9d0ef6a,8b83c669d56287c61d40a0703b8fe7ebc8aa642d9fff413ea893b4f328a3116c,,21,79,decision_plus_clearance,14213.613631078246,101139.76552389543,0.0,115353.37915497368,9458.157705034231,96405.22188305628,3893.451411225189,3952.9035224126733,1474.0536024193998,169.59103082588885,47.31479932072329,1602.2347878901307,7641.323001146467,0.00048638671041761926,185.40196176687002,185.40244815358042,1581.3023828849787,5.599675053321e-07,cleared,79,False,False,True,9.84075016997711e-07,True,0.010214120918770005,3893.4411971042705,115353.37915497366,True,0.00013969045886326405,0.00018369988538324833,34,shared_weighted_euclidean_projector,shared_model_kernel_rcmsa_tagged_transition,released_hmm_filter,79
Reactive,no_direct_capacity,test_017_ebd333a3cdba,ebd333a3cdbaf4583dc4bbdc159fa86380b9858d554b85820a961aee779a82c0,8b83c669d56287c61d40a0703b8fe7ebc8aa642d9fff413ea893b4f328a3116c,,21,79,decision_plus_clearance,14364.974689913886,92331.04569976316,0.0,106696.02038967704,9165.072635010432,88609.68029862831,3558.0392065253072,3764.537142991705,1429.0033481549424,169.6877583663458,45.582620529748816,1531.3146788299998,7168.502388416986,0.00043803790606069615,169.43000036806094,169.430438405967,1544.442252903021,6.170663961508658e-07,cleared,79,False,False,True,9.55781246335555e-07,True,0.009198796027274619,3558.03000772928,106696.02038967705,True,0.0001369999899041085,0.0001860000193119049,34,shared_weighted_euclidean_projector,shared_model_kernel_rcmsa_tagged_transition,released_hmm_filter,79
Reactive,no_direct_capacity,test_018_9466cee538c9,9466cee538c90a351ebb4cc641f0fb605f60f7a5370deb739961de94e8407d65,8b83c669d56287c61d40a0703b8fe7ebc8aa642d9fff413ea893b4f328a3116c,,21,79,decision_plus_clearance,14770.512576829204,91856.46794963104,0.0,106626.98052646025,9401.369733552092,88120.51528797045,3531.4362190130605,3907.3046406618528,1496.895863615448,169.45878164734592,46.38771755785303,1570.6991167876922,7193.670567171775,0.000525147623164305,168.16310432918925,168.16362947681242,1579.4994118940324,5.085223747938484e-07,cleared,79,False,False,True,9.721033625790865e-07,True,0.011028100086450405,3531.4251909129744,106626.98052646026,True,0.00013542380405678634,0.00019129994325339794,34,shared_weighted_euclidean_projector,shared_model_kernel_rcmsa_tagged_transition,released_hmm_filter,79
Reactive,no_direct_capacity,test_019_9d2b7462a57a,9d2b7462a57ab18c9c816164b4cf31fe355ef525f834131b7e4bee6c19475a44,8b83c669d56287c61d40a0703b8fe7ebc8aa642d9fff413ea893b4f328a3116c,,21,79,decision_plus_clearance,15634.576270274129,93136.36871341556,0.0,108770.9449836897,9854.99985111997,89357.61144579803,3568.3384501742685,4265.280921007294,1555.554098953335,169.16021663677526,48.58640502616366,1720.165635060231,7340.329865376026,0.0005946958714737082,169.9202838838556,169.9208785797271,1604.3460743419755,5.714999978196241e-07,cleared,79,False,False,True,9.8083530200951e-07,True,0.012488613300947872,3568.3259615609677,108770.94498368967,True,0.00016270949327874752,0.00018869992345571518,34,shared_weighted_euclidean_projector,shared_model_kernel_rcmsa_tagged_transition,released_hmm_filter,79
Reactive,no_direct_capacity,test_020_701c8d28bc45,701c8d28bc45b0352a2505312c03123c85798d4dd0b786857dc34cb69fe2061b,8b83c669d56287c61d40a0703b8fe7ebc8aa642d9fff413ea893b4f328a3116c,,21,79,decision_plus_clearance,14469.604045215441,97027.99853337959,0.0,111497.60257859503,9461.368675693719,92688.10767799412,3732.2705503483035,3961.4581595908444,1484.9100335705716,169.48748139750748,47.0657724214418,1599.9157892924268,7434.677353721591,0.000502115022860629,177.72666694918206,177.72716906420493,1579.2362077790424,4.977181086911174e-07,cleared,79,False,False,True,9.463154880491544e-07,True,0.010544415480073208,3732.2600059328233,111497.60257859506,True,0.00013855239376425743,0.00018729991279542446,34,shared_weighted_euclidean_projector,shared_model_kernel_rcmsa_tagged_transition,released_hmm_filter,79
Reactive,no_direct_capacity,test_021_69299bc5d0bf,69299bc5d0bf379cc97bdd78ee18bea9a8ffc622a60d0cff22ec8965b5a58972,8b83c669d56287c61d40a0703b8fe7ebc8aa642d9fff413ea893b4f328a3116c,,21,79,decision_plus_clearance,14083.531098350411,88144.35620493352,0.0,102227.88730328393,8828.434354981338,84903.2504959148,3400.9517542007243,3531.314262137919,1394.431939229359,169.5044968197483,43.875161165675436,1434.1912526634753,6934.924194075059,0.0004330367828691238,161.94965049658495,161.95008353336783,1519.9835196166507,5.391398908992591e-07,cleared,79,False,False,True,9.658256102060535e-07,True,0.009093772440251599,3400.942660428284,102227.88730328389,True,0.00012925238392892338,0.00018080021254718304,34,shared_weighted_euclidean_projector,shared_model_kernel_rcmsa_tagged_transition,released_hmm_filter,79
Reactive,no_direct_capacity,test_022_1b3e72c80b5f,1b3e72c80b5f8d5862204b809782bba3d065c565c21a1919e08c2b86b7b1841f,8b83c669d56287c61d40a0703b8fe7ebc8aa642d9fff413ea893b4f328a3116c,,21,79,decision_plus_clearance,14536.953530191617,86310.7219011489,0.0,100847.67543134053,9068.654288209877,83168.41098516443,3319.903331914694,3679.090366226213,1442.0981641333194,169.51829569198742,44.76710399815062,1491.7666636736462,6884.835940993685,0.00047017978232458563,158.09016467329832,158.09063485308064,1549.7669691982721,4.976455279176878e-07,cleared,79,False,False,True,9.497110806647417e-07,True,0.009873775428816298,3319.8934581392646,100847.67543134053,True,0.00012595712074211666,0.00018790015019476414,34,shared_weighted_euclidean_projector,shared_model_kernel_rcmsa_tagged_transition,released_hmm_filter,79
Reactive,no_direct_capacity,test_023_90a8af416c5a,90a8af416c5a6e79abe970bf714eca061d636b83c012d16275b0083f8782fa25,8b83c669d56287c61d40a0703b8fe7ebc8aa642d9fff413ea893b4f328a3116c,,21,79,decision_plus_clearance,15220.772744789427,94549.82966886146,0.0,109770.6024136509,9698.129963952259,90571.495543754,3628.4549804188514,4171.488380582368,1531.9545838855097,169.0789610579676,48.344438303519375,1692.471136438654,7365.639022658787,0.0005758496765425948,172.78299464645923,172.78357049613578,1590.4313251363146,6.387733504752603e-07,cleared,79,False,False,True,9.724537127014771e-07,True,0.01209284320739449,3628.442887575644,109770.60241365097,True,0.0001365856844044867,0.00017649983055889606,34,shared_weighted_euclidean_projector,shared_model_kernel_rcmsa_tagged_transition,released_hmm_filter,79
Reactive,no_direct_capacity,test_024_e90f261f99e2,e90f261f99e247c3e3c066941073cd14924ea1eec3b7043270db54af5285d79a,8b83c669d56287c61d40a0703b8fe7ebc8aa642d9fff413ea893b4f328a3116c,,21,79,decision_plus_clearance,13586.849915276474,95460.90363296474,0.0,109047.7535482412,8994.241011124353,91157.07596494057,3678.430471241706,3654.9371183040025,1393.4506952705235,169.61828736011222,45.20997453849928,1485.2738088732344,7261.716705313489,0.00040067930759356144,175.162955094107,175.1633557734146,1530.6189722237666,5.621760956409331e-07,cleared,79,False,False,True,9.889172420766707e-07,True,0.00841426545946479,3678.422056976247,109047.75354824126,True,0.00013911431389195577,0.0001881001517176628,34,shared_weighted_euclidean_projector,shared_model_kernel_rcmsa_tagged_transition,released_hmm_filter,79
Reactive,no_direct_capacity,test_025_0c3eeaae0824,0c3eeaae08241ee112c7df9413dd57d8fb7bc6ef2bac58f6ca7de012fc948c72,8b83c669d56287c61d40a0703b8fe7ebc8aa642d9fff413ea893b4f328a3116c,,21,79,decision_plus_clearance,13597.435465765755,97224.57327425867,0.0,110822.00874002442,8874.18115924434,93122.84562833123,3758.532388907465,3521.520190315349,1374.389898485612,170.53947474042576,44.73464300350169,1457.9828737545029,7394.34487131575,0.00040951342181471675,178.97732329169554,178.97773280511734,1533.9412841605838,6.777884145630279e-07,cleared,79,False,False,True,9.769882351041013e-07,True,0.008599781858109052,3758.5237891256065,110822.00874002441,True,0.000142976220342375,0.0001851001288741827,34,shared_weighted_euclidean_projector,shared_model_kernel_rcmsa_tagged_transition,released_hmm_filter,79
Reactive,no_direct_capacity,test_026_770d47ae1768,770d47ae17682b043d9c912886a238fdb23a8c0a8289016ef57c0235fe5d0b06,8b83c669d56287c61d40a0703b8fe7ebc8aa642d9fff413ea893b4f328a3116c,,21,79,decision_plus_clearance,13240.593194852521,104021.1010859976,0.0,117261.69428085012,8914.214940054617,99178.4159921522,4024.376849867473,3604.4032625861414,1370.3774063406233,169.90582984911532,45.38362424813302,1474.8738459007473,7711.952171801299,0.00039798856213700784,191.63659486226993,191.63699285083206,1528.2082362377562,7.037458108999368e-07,cleared,79,False,False,True,9.917070379597345e-07,True,0.008357759804877164,4024.3684921076683,117261.69428085016,True,0.00015762384005245709,0.00018669990822672844,34,shared_weighted_euclidean_projector,shared_model_kernel_rcmsa_tagged_transition,released_hmm_filter,79
Reactive,no_direct_capacity,test_027_df5d670513fa,df5d670513fa35262df8ea203ff162de2bc1a2f4598ac89786b63793aaa8dbd0,8b83c669d56287c61d40a0703b8fe7ebc8aa642d9fff413ea893b4f328a3116c,,21,79,decision_plus_clearance,14241.325987764887,89184.62383551247,0.0,103425.94982327735,8984.339849194968,85796.92192431867,3437.7088296722072,3619.2697709751496,1418.0012141492412,169.70823496710406,44.57342618310536,1473.285487857959,7008.1809921339,0.0004538761620464154,163.69996658441926,163.7004204605813,1539.054760058459,4.850373454257536e-07,cleared,79,False,False,True,9.472170174342838e-07,True,0.009531399402974722,3437.6992982728043,103425.94982327735,True,0.0001452714315659943,0.0001827001105993986,34,shared_weighted_euclidean_projector,shared_model_kernel_rcmsa_tagged_transition,released_hmm_filter,79
Reactive,no_direct_capacity,test_028_e9fb02365dd3,e9fb02365dd39d4a479796939c6b75136b323e6bb5414d58fe16c9eb23eb080e,8b83c669d56287c61d40a0703b8fe7ebc8aa642d9fff413ea893b4f328a3116c,,21,79,decision_plus_clearance,12911.645420872428,86920.25957293712,0.0,99831.90499380956,8217.36046429586,83642.51268151986,3364.5278775091842,3141.646052409812,1295.9365315996113,169.9213864751947,41.466754640889384,1284.6888809974023,6748.088006361714,0.00035713135805967865,160.215256083365,160.21561321472308,1462.940871292671,4.893532320171398e-07,cleared,79,False,False,True,9.692848390134853e-07,True,0.007499758519253252,3364.520377750665,99831.90499380951,True,0.00016651427861125696,0.0001892000436782837,34,shared_weighted_euclidean_projector,shared_model_kernel_rcmsa_tagged_transition,released_hmm_filter,79
Reactive,no_direct_capacity,test_029_b44f60718c5a,b44f60718c5a51721bd1be86466c0bb83a8f075ec00e497e8853122651b88be6,8b83c669d56287c61d40a0703b8fe7ebc8aa642d9fff413ea893b4f328a3116c,,21,79,decision_plus_clearance,12723.654453780016,92285.8398131983,0.0,105009.49426697832,8391.130027407542,88367.30126831056,3571.3169846369715,3206.4734309017863,1302.675716345489,170.5968393759725,42.579344467690134,1332.0277986493302,7017.892509126557,0.0003361389783503396,170.06237741516316,170.0627135541415,1479.9907737125031,5.830207568420377e-07,cleared,79,False,False,True,9.65543319483288e-07,True,0.007058918545357131,3571.3099257184263,105009.49426697832,True,0.00015837140381336212,0.0001846998929977417,34,shared_weighted_euclidean_projector,shared_model_kernel_rcmsa_tagged_transition,released_hmm_filter,79
Reactive,no_direct_capacity,test_030_038f4c53d11f,038f4c53d11f455d906ca9a381763816040bd2f31fb252156466a1f74c404471,8b83c669d56287c61d40a0703b8fe7ebc8aa642d9fff413ea893b4f328a3116c,,21,79,decision_plus_clearance,13963.60624789346,87467.85322258435,0.0,101431.45947047781,8753.036300393775,84248.95574289004,3375.6096183795157,3499.217307826649,1385.11725244199,169.52324854580434,43.745596413313564,1425.8204015288852,6876.224537868082,0.00042844144740605323,160.74288671948193,160.74331516092934,1507.4210473567075,5.540985710708936e-07,cleared,79,False,False,True,9.562657046873026e-07,True,0.008997270395527118,3375.6006211091208,101431.4594704778,True,0.0001285571072782789,0.000175100052729249,34,shared_weighted_euclidean_projector,shared_model_kernel_rcmsa_tagged_transition,released_hmm_filter,79
Reactive,no_direct_capacity,test_031_0a6ff70351b5,0a6ff70351b53c8e7f1de0d141b5084d11039bc524ccd9933f5b23b35b3abd3c,8b83c669d56287c61d40a0703b8fe7ebc8aa642d9fff413ea893b4f328a3116c,,21,79,decision_plus_clearance,12936.274503161398,91200.46379890043,0.0,104136.73830206183,8499.397321716673,87338.35739666864,3525.2678480892077,3289.4251068555745,1313.9421004763824,170.34852825532494,42.87984603334587,1357.4873403882668,6968.162735571733,0.00033780259051415944,167.86955972546698,167.8698975280575,1484.228745787256,5.335894290082869e-07,cleared,79,False,False,True,9.569939830521541e-07,True,0.007093854400797349,3525.260754234807,104136.73830206181,True,0.00015619046808708283,0.00018239999189972878,34,shared_weighted_euclidean_projector,shared_model_kernel_rcmsa_tagged_transition,released_hmm_filter,79
Reactive,no_direct_capacity,test_032_efdf826e6bc3,efdf826e6bc3db036d5fbf1436f2dc6c248eaee1538597a28304017514dc1eb9,8b83c669d56287c61d40a0703b8fe7ebc8aa642d9fff413ea893b4f328a3116c,,21,79,decision_plus_clearance,14675.393253060285,93371.12091877645,0.0,108046.51417183674,9337.21204733713,89624.70560028414,3594.9303191845024,3856.809988238249,1463.2523262054078,169.60389058729973,46.246636861401164,1570.1718130310821,7276.571361032007,0.00048592141752290785,171.18667213498736,171.18715805640488,1568.3694622156613,5.533160718820991e-07,cleared,79,False,False,True,9.81163145288166e-07,True,0.010204349767981066,3594.9201148347347,108046.51417183672,True,0.00013620952986890362,0.00018339999951422215,34,shared_weighted_euclidean_projector,shared_model_kernel_rcmsa_tagged_transition,released_hmm_filter,79
Reactive,no_direct_capacity,test_033_de0c441dba67,de0c441dba67f4c18af55eaa8c66ff0e1b4ea0b5a489e9d3e38964a74fdf2af7,8b83c669d56287c61d40a0703b8fe7ebc8aa642d9fff413ea893b4f328a3116c,,21,79,decision_plus_clearance,14115.965192649566,96740.68657079124,0.0,110856.65176344081,9173.29581422233,92604.1351749053,3732.3413697941214,3750.5119789477267,1426.5540127573947,169.81341281393438,45.742636383431375,1525.090134198726,7393.018313420473,0.00044580621453177974,177.73009561255316,177.7305414187677,1549.9515734398099,5.767013446600621e-07,cleared,79,False,False,True,9.515333179236828e-07,True,0.009361930505167374,3732.332007863616,110856.65176344082,True,0.00012996190759752478,0.00017959997057914734,34,shared_weighted_euclidean_projector,shared_model_kernel_rcmsa_tagged_transition,released_hmm_filter,79
Reactive,no_direct_capacity,test_034_a00d80b83640,a00d80b8364074d2d18768806f48ec2e34d59c8935d9982f8be9eed0f991c2da,8b83c669d56287c61d40a0703b8fe7ebc8aa642d9fff413ea893b4f328a3116c,,21,79,decision_plus_clearance,13713.528467771996,96335.33804276989,0.0,110048.86651054188,8954.454818033337,92188.00277024056,3718.342681564786,3612.2953472047893,1406.1461914400961,169.62470205831633,44.94716264659576,1466.6845012914662,7346.142709914632,0.0004315541301506404,177.06350566324062,177.06393721737078,1537.7181890120885,5.831024079797936e-07,cleared,79,False,False,True,9.555894351728848e-07,True,0.009062636733163447,3718.333618928053,110048.86651054189,True,0.00013709527307323048,0.00019070017151534557,34,shared_weighted_euclidean_projector,shared_model_kernel_rcmsa_tagged_transition,released_hmm_filter,79
Reactive,no_direct_capacity,test_035_51fd398978b7,51fd398978b78ec8627904227f514de39808dc8e62092971f9c9d9d0c1a0e84a,8b83c669d56287c61d40a0703b8fe7ebc8aa642d9fff413ea893b4f328a3116c,,21,79,decision_plus_clearance,12933.978686645672,90554.66699940265,0.0,103488.64568604832,8372.821013676425,86913.2505879854,3503.7801825350043,3226.143115538271,1302.562065873107,170.08872044015757,42.46455067092845,1334.9128188703135,6946.795163705019,0.00034534137348451636,166.84633001743626,166.84667535880973,1470.6515734501195,6.184584330011796e-07,cleared,79,False,False,True,9.603248196095828e-07,True,0.007252168843174843,3503.7729303661613,103488.64568604836,True,0.00015784286716509434,0.00018470012582838535,34,shared_weighted_euclidean_projector,shared_model_kernel_rcmsa_tagged_transition,released_hmm_filter,79
Reactive,no_direct_capacity,test_036_7eb6ac1ca077,7eb6ac1ca077683a4409f4f2c9dbb73ac1a32707576f47c8cadd46a203595435,8b83c669d56287c61d40a0703b8fe7ebc8aa642d9fff413ea893b4f328a3116c,,21,79,decision_plus_clearance,13857.553509158999,92301.65296706383,0.0,106159.20647622283,8892.877940254082,88571.1119767675,3562.3991485717775,3587.1818607591854,1376.0390372943518,169.59651257590653,44.37765305770774,1458.7089129289916,7123.3129351981615,0.0003940592758676533,169.6376606346183,169.63805469389416,1516.7064113541148,5.497086206288118e-07,cleared,79,False,False,True,9.74786139810774e-07,True,0.00827524479322072,3562.390873326984,106159.2064762228,True,0.00012673335593371164,0.00018470012582838535,34,shared_weighted_euclidean_projector,shared_model_kernel_rcmsa_tagged_transition,released_hmm_filter,79
Reactive,no_direct_capacity,test_037_f096257ecaa4,f096257ecaa456c423dd2e587c7a0f76747a52746a718c0ca85345f8faa2c9df,8b83c669d56287c61d40a0703b8fe7ebc8aa642d9fff413ea893b4f328a3116c,,21,79,decision_plus_clearance,17080.10349899521,94386.2774140894,0.0,111466.3809130846,10680.197936999732,90517.51867040996,3597.912498297614,4800.6736449203445,1701.1752863748904,168.90287608203465,51.36419722198527,1906.2303255689974,7554.601388921913,0.0007764121386250196,171.32839017346205,171.3291665856007,1694.9768966785969,4.7036724957664274e-07,cleared,79,False,False,True,9.767536532129234e-07,True,0.016304654911125413,3597.896193642703,111466.38091308458,True,0.00014270476198622158,0.000187999801710248,34,shared_weighted_euclidean_projector,shared_model_kernel_rcmsa_tagged_transition,released_hmm_filter,79
Reactive,no_direct_capacity,test_038_b05abc6e01b3,b05abc6e01b3718868c375b47078f5b62629d6eac8227c2b0618a70ea26128fc,8b83c669d56287c61d40a0703b8fe7ebc8aa642d9fff413ea893b4f328a3116c,,21,79,decision_plus_clearance,14714.070040472525,93001.57153393312,0.0,107715.64157440564,9440.293641295724,89058.63314921777,3572.3255662271895,4001.1638941465353,1473.8119726215623,169.41335089689534,47.20862516023664,1627.58196310486,7220.456744144038,0.000503179695506818,170.11023806921827,170.11074124891377,1557.9668841493362,5.49352900830552e-07,cleared,79,False,False,True,9.838808042458609e-07,True,0.010566773605643178,3572.314999453584,107715.64157440567,True,0.000147123821079731,0.0001852000132203102,34,shared_weighted_euclidean_projector,shared_model_kernel_rcmsa_tagged_transition,released_hmm_filter,79
Reactive,no_direct_capacity,test_039_9c0d1ebe6c19,9c0d1ebe6c190d77dea3345bb6f3b600dad24feb171cfa5b624fa948a7b1d203,8b83c669d56287c61d40a0703b8fe7ebc8aa642d9fff413ea893b4f328a3116c,,21,79,decision_plus_clearance,13666.394872947678,96073.41807137872,0.0,109739.8129443264,8958.291413086194,91894.38585096643,3707.4565127951146,3633.1068327602266,1376.8806900336963,169.69164468475233,45.079349536926784,1486.224365500971,7305.957556174713,0.0003857378617218227,176.54516249047705,176.5455482283388,1519.058909204879,6.131476461049588e-07,cleared,79,False,False,True,9.85217675362658e-07,True,0.008100495096158277,3707.448412300018,109739.8129443264,True,0.00011797142880303519,0.00017770007252693176,34,shared_weighted_euclidean_projector,shared_model_kernel_rcmsa_tagged_transition,released_hmm_filter,79
Reactive,no_direct_capacity,test_040_11a8950c659e,11a8950c659e50fc01d8e1413f71ec94f8cee0fde048ef4f8feaf64bf17ebc31,8b83c669d56287c61d40a0703b8fe7ebc8aa642d9fff413ea893b4f328a3116c,,21,79,decision_plus_clearance,13026.570953321465,91764.53326550135,0.0,104791.10421882282,8447.069321351002,88004.42433076107,3550.19935138777,3308.199880427865,1310.9924835985557,170.21885129657048,43.193060017651035,1375.6345524307856,7004.731595809212,0.00036452098842562917,169.05674744985777,169.0571119708462,1469.2178528875072,6.399034407927216e-07,cleared,79,False,False,True,9.716146422988943e-07,True,0.0076549407569382125,3550.191696447013,104791.10421882285,True,0.00013181906459586962,0.00018589990213513374,34,shared_weighted_euclidean_projector,shared_model_kernel_rcmsa_tagged_transition,released_hmm_filter,79
Reactive,no_direct_capacity,test_041_e58f21dcc209,e58f21dcc209cc30ce7f3c41ea3bb5ca1044d9230ccb95693e6230e9d330fb88,8b83c669d56287c61d40a0703b8fe7ebc8aa642d9fff413ea893b4f328a3116c,,21,79,decision_plus_clearance,13890.49696446411,95935.89521058883,0.0,109826.39217505294,9031.011209468616,91873.56082986589,3703.6777210933383,3636.8859144407807,1411.3615768574305,169.89492332691307,45.1885291197972,1488.3216841942278,7340.234057708446,0.00043335979462217245,176.36517240655482,176.36560576634943,1545.8380799614495,5.792769513153875e-07,cleared,79,False,False,True,9.644853420356283e-07,True,0.009100555687065621,3703.6686205376513,109826.39217505296,True,0.00014320951664731617,0.0001852000132203102,34,shared_weighted_euclidean_projector,shared_model_kernel_rcmsa_tagged_transition,released_hmm_filter,79
Reactive,no_direct_capacity,test_042_a77d2ece213a,a77d2ece213ae69417f02560c0642cd54460ae2e8b62820c3370f54e0b0c843f,8b83c669d56287c61d40a0703b8fe7ebc8aa642d9fff413ea893b4f328a3116c,,21,79,decision_plus_clearance,12091.76684830711,92692.27881638454,0.0,104784.04566469166,8036.647974892341,88747.62378763214,3594.344242599269,3017.9787868800877,1216.8997986833656,170.55107400438598,41.413504008129436,1269.9901967877042,6972.948704956873,0.00028125561651751906,171.15896839196773,171.15924964758426,1427.5764432148053,6.146437770281119e-07,cleared,79,False,False,True,9.775506574530604e-07,True,0.0059063679468679,3594.3383362313225,104784.0456646916,True,0.00015922384114847298,0.00019170017912983894,34,shared_weighted_euclidean_projector,shared_model_kernel_rcmsa_tagged_transition,released_hmm_filter,79
Reactive,no_direct_capacity,test_043_f1174106175c,f1174106175ca0507fd2efedad3b19e57bbe656b669a63b5f3bddc88ed93905a,8b83c669d56287c61d40a0703b8fe7ebc8aa642d9fff413ea893b4f328a3116c,,21,79,decision_plus_clearance,16271.509302125709,87713.63111765485,0.0,103985.14041978055,9975.60268180201,84589.15212280375,3355.060529314165,4305.101733172816,1591.0688491755425,169.15450351227133,48.42875505761434,1733.0430609128205,7126.501394725765,0.0006375312767725272,159.76414957892155,159.7647871101983,1629.714230201123,4.920920756005024e-07,cleared,79,False,False,True,9.689725017856835e-07,True,0.013388156812223072,3355.0471411573526,103985.14041978055,True,0.0001621714105740899,0.00018429988995194435,34,shared_weighted_euclidean_projector,shared_model_kernel_rcmsa_tagged_transition,released_hmm_filter,79
Reactive,no_direct_capacity,test_044_ed401c94714a,ed401c94714a1b658a7305d216d392780815b859f07387d4086dea53af39e785,8b83c669d56287c61d40a0703b8fe7ebc8aa642d9fff413ea893b4f328a3116c,,21,79,decision_plus_clearance,13080.667678869338,95314.18748999036,0.0,108394.8551688597,8520.624259892513,91374.56104409024,3692.2924153688737,3313.1428534322067,1324.1405174907386,170.09407858519504,43.152034721277225,1365.4389459772644,7226.214182498271,0.0003661166600695139,175.82308223423868,175.82344835089876,1491.0385837931042,6.536744902600831e-07,cleared,79,False,False,True,9.665449220794103e-07,True,0.007688449861459792,3692.2847269190124,108394.85516885978,True,0.00012651905195698853,0.0001691998913884163,34,shared_weighted_euclidean_projector,shared_model_kernel_rcmsa_tagged_transition,released_hmm_filter,79
Reactive,no_direct_capacity,test_045_af7d3f616c1d,af7d3f616c1d242f60f09f068fd7a769245912bd59097557b89958e0f930fd8e,8b83c669d56287c61d40a0703b8fe7ebc8aa642d9fff413ea893b4f328a3116c,,21,79,decision_plus_clearance,14163.980964104585,96315.85806003996,0.0,110479.83902414454,9169.641084563093,92249.5941604391,3713.77116505271,3747.43046388944,1429.8823929289995,169.51975727119938,45.569816059449046,1514.931311752425,7391.579129765418,0.0004432046650624419,176.8458027502259,176.84624595489095,1553.0231384063775,6.002863466993078e-07,cleared,79,False,False,True,9.451931985729111e-07,True,0.00930729796631128,3713.7618577547437,110479.83902414453,True,0.00013987141262207712,0.00019040005281567574,34,shared_weighted_euclidean_projector,shared_model_kernel_rcmsa_tagged_transition,released_hmm_filter,79
Reactive,no_direct_capacity,test_046_e35b743e6617,e35b743e661721e2867313f4a6007e66923f4308dd844f736246ad22f905305e,8b83c669d56287c61d40a0703b8fe7ebc8aa642d9fff413ea893b4f328a3116c,,21,79,decision_plus_clearance,13679.907420642037,97809.50494498681,0.0,111489.41236562884,8957.95276357002,93583.72912461401,3778.618529617129,3594.7204954411923,1404.6398833251412,169.75156906136536,44.981738230513514,1465.2356398853344,7428.278258782412,0.0004276117399769259,179.9337880843138,179.93421569605377,1540.417171592224,6.382051178643454e-07,cleared,79,False,False,True,9.830024142228665e-07,True,0.008979846539515444,3778.6095497705896,111489.41236562886,True,0.00013418571047839665,0.000197600107640028,34,shared_weighted_euclidean_projector,shared_model_kernel_rcmsa_tagged_transition,released_hmm_filter,79
Reactive,no_direct_capacity,test_047_20c1f89391c1,20c1f89391c1a8fce9e63acefb218921593c303986fc79bf1eaf29fd9b27694e,8b83c669d56287c61d40a0703b8fe7ebc8aa642d9fff413ea893b4f328a3116c,,21,79,decision_plus_clearance,13543.223649838967,103168.76425134408,0.0,116711.98790118305,9093.638113132607,98341.89485124836,3984.7026694195815,3718.407064463218,1403.92976807991,169.415434839351,45.7290573373376,1498.121949643253,7692.199620642934,0.0004193590993228713,189.7473268037379,189.74774616283722,1544.7306067551579,6.392040049225101e-07,cleared,79,False,False,True,9.724630877220603e-07,True,0.008806541085780297,3984.693862878496,116711.98790118302,True,0.00013900476153052988,0.00018250010907649994,34,shared_weighted_euclidean_projector,shared_model_kernel_rcmsa_tagged_transition,released_hmm_filter,79
Reactive,no_direct_capacity,test_048_eeaf6a6a0a15,eeaf6a6a0a158e1862d5cbdc734d51cf09860f78311911e19e234cde4f8662d2,8b83c669d56287c61d40a0703b8fe7ebc8aa642d9fff413ea893b4f328a3116c,,21,79,decision_plus_clearance,13587.843799962357,97631.1786750259,0.0,111219.02247498826,8968.092204582948,93244.79790144991,3768.34970223944,3681.02453086157,1387.1110233152833,169.64711253911588,45.592143089332026,1505.8572598770172,7360.043745255383,0.0004200479226780391,179.4448038682411,179.4452239161638,1514.4035848836743,6.309121550158965e-07,cleared,79,False,False,True,9.732578194056378e-07,True,0.00882100637623882,3768.340881233063,111219.02247498828,True,0.00012965230936450616,0.00017369980923831463,34,shared_weighted_euclidean_projector,shared_model_kernel_rcmsa_tagged_transition,released_hmm_filter,79
Reactive,no_direct_capacity,test_049_343da3774e7e,343da3774e7e8e5143d50e3c5214e3dab09c23d71b2e4947c09263a8e3d1d8f7,8b83c669d56287c61d40a0703b8fe7ebc8aa642d9fff413ea893b4f328a3116c,,21,79,decision_plus_clearance,13377.62048904269,82612.47141875485,0.0,95990.09190779754,8367.894197005637,79747.94786960068,3191.1791574885888,3200.90624442349,1311.917360874212,170.24707840494915,41.84513591605818,1328.4938901858347,6566.675966668916,0.0003608219693822125,151.960551439392,151.9609122613614,1478.019594565073,4.394897992836107e-07,cleared,79,False,False,True,9.921092893662307e-07,True,0.007577261357026463,3191.171580227232,95990.09190779756,True,0.00013060948722774075,0.00018470012582838535,34,shared_weighted_euclidean_projector,shared_model_kernel_rcmsa_tagged_transition,released_hmm_filter,79
Reactive,no_direct_capacity,test_050_1c7612d8bc63,1c7612d8bc6352712fb0a5140912bb4dcf0178405305be2a668e7cf192566507,8b83c669d56287c61d40a0703b8fe7ebc8aa642d9fff413ea893b4f328a3116c,,21,79,decision_plus_clearance,12736.286847329871,88782.1787592424,0.0,101518.46560657227,8139.838254106,85432.76775370256,3443.386648803135,3084.123229318904,1248.2049583084279,170.1447623332423,41.3083913108277,1284.9042489098233,6823.882401174328,0.0003071349567456293,163.97048566519254,163.9707928001493,1437.3459440435113,6.297734908055043e-07,cleared,79,False,False,True,9.535738854330832e-07,True,0.0064498340916582155,3443.3801989690432,101518.46560657227,True,0.00015149048219124475,0.000202300027012825,34,shared_weighted_euclidean_projector,shared_model_kernel_rcmsa_tagged_transition,released_hmm_filter,79
Reactive,no_direct_capacity,test_051_5747c87e6d9a,5747c87e6d9ace089dca37ca64fb5e904cbbd79136b0c4d74ea0a4390bb94034,8b83c669d56287c61d40a0703b8fe7ebc8aa642d9fff413ea893b4f328a3116c,,21,79,decision_plus_clearance,12187.315233897843,84702.56343965144,0.0,96889.87867354928,7989.969523420461,81207.02094793654,3274.919299979321,3015.163656554404,1232.4944891782234,170.3107564803311,41.07695681056665,1262.9909513447785,6513.3006854780815,0.00029039601908251286,155.9482476982343,155.9485380942534,1418.9110335442163,4.7329462229803083e-07,cleared,79,False,False,True,9.981144614288912e-07,True,0.00609831640073277,3274.91320166292,96889.87867354928,True,0.00015275713632858934,0.00018829992040991783,34,shared_weighted_euclidean_projector,shared_model_kernel_rcmsa_tagged_transition,released_hmm_filter,79
Reactive,no_direct_capacity,test_052_9760565f31de,9760565f31de15242f359a838a120dd71ffb6d8dd1020fdd4287b6afdf35b97c,8b83c669d56287c61d40a0703b8fe7ebc8aa642d9fff413ea893b4f328a3116c,,21,79,decision_plus_clearance,14459.335104034797,90443.87388296892,0.0,104903.20898700372,9144.273735367695,86903.65504718127,3482.3245598017993,3762.4999590396055,1441.005811605446,169.44987400789944,45.427299406914635,1523.0069384550216,7080.6825019083835,0.00047920645013023,165.82449983173078,165.8249790381809,1542.872828601788,5.117487912259843e-07,cleared,79,False,False,True,9.5536539359574e-07,True,0.01006333545273483,3482.314496466346,104903.2089870037,True,0.00015190477660369304,0.0001821999903768301,34,shared_weighted_euclidean_projector,shared_model_kernel_rcmsa_tagged_transition,released_hmm_filter,79
Reactive,no_direct_capacity,test_053_4473e6f72168,4473e6f7216884984406f8aef487c6686108cdbdbead4e89b46bcc827017f85e,8b83c669d56287c61d40a0703b8fe7ebc8aa642d9fff413ea893b4f328a3116c,,21,79,decision_plus_clearance,14103.403967814043,89163.33230546578,0.0,103266.73627327982,9044.255497318925,85495.54308302204,3428.7188907579107,3713.2523045504263,1415.5733272261016,169.39317040446394,45.11267238081205,1502.4139307580328,6959.857721351882,0.0004296418172260886,163.27189848951184,163.27232813132906,1529.1429835938734,4.7209876408428196e-07,cleared,79,False,False,True,9.767963302824289e-07,True,0.00902247816174786,3428.7098682797487,103266.73627327986,True,0.0001660666118065516,0.00018540001474320889,34,shared_weighted_euclidean_projector,shared_model_kernel_rcmsa_tagged_transition,released_hmm_filter,79
Reactive,no_direct_capacity,test_054_c66f0b1dacc4,c66f0b1dacc4b499fb5fafd7b24077901e59bb19b93546020b7316e75636dc3c,8b83c669d56287c61d40a0703b8fe7ebc8aa642d9fff413ea893b4f328a3116c,,21,79,decision_plus_clearance,13128.975071352192,98427.96798073301,0.0,111556.9430520852,8686.119685809692,94130.16209060767,3810.025539827604,3420.376695176416,1340.246077899568,170.01296276422582,43.849605461542176,1399.1827917649894,7402.52903803745,0.00036992121310559046,181.42941768962518,181.42978761083828,1508.892534283606,6.088891413275141e-07,cleared,79,False,False,True,9.755538159647986e-07,True,0.0077683454752174,3810.017771482129,111556.94305208519,True,0.0001358237960154102,0.00018900004215538502,34,shared_weighted_euclidean_projector,shared_model_kernel_rcmsa_tagged_transition,released_hmm_filter,79
Reactive,no_direct_capacity,test_055_f90330578051,f90330578051a0ac7d073b0006ba832b11d6170521fff7ce97460ddcd2cba92c,8b83c669d56287c61d40a0703b8fe7ebc8aa642d9fff413ea893b4f328a3116c,,21,79,decision_plus_clearance,14640.670062074425,101138.76903485772,0.0,115779.43909693214,9651.075023583155,96479.96168565293,3890.7541524840294,4098.94840192836,1489.2029299931821,169.49690329048187,47.9806304239311,1657.0149959454104,7671.871466313581,0.00048457167765499114,185.2735226894666,185.27400726114425,1587.6833978432016,6.229999986868385e-07,cleared,79,False,False,True,9.756539906986984e-07,True,0.010176005230754815,3890.7439764787987,115779.43909693214,True,0.00013842382690026645,0.00018439977429807186,34,shared_weighted_euclidean_projector,shared_model_kernel_rcmsa_tagged_transition,released_hmm_filter,79
Reactive,no_direct_capacity,test_056_b2c64046cef9,b2c64046cef9c3c8c1d997032493b7ac82c1af8485fa09f9c11b9c6d822ea478,8b83c669d56287c61d40a0703b8fe7ebc8aa642d9fff413ea893b4f328a3116c,,21,79,decision_plus_clearance,13605.836419646752,87732.09913414903,0.0,101337.93555379577,8662.18528461951,84359.39927838379,3386.61697881903,3412.6494296346464,1347.1820817438008,169.90250059500602,43.30331608753047,1401.764944817566,6853.066479703979,0.0003731784543620776,161.2671020034042,161.26747518185857,1497.7353976325778,5.269700731909037e-07,cleared,79,False,False,True,9.6297566482598e-07,True,0.00783674754160363,3386.6091420714883,101337.93555379579,True,0.00016101429771099771,0.00019209994934499264,34,shared_weighted_euclidean_projector,shared_model_kernel_rcmsa_tagged_transition,released_hmm_filter,79
Reactive,no_direct_capacity,test_057_bf11b8e004e2,bf11b8e004e2675983bf718fcc9085ea691c39d83a93ed2726c993f568ae7b13,8b83c669d56287c61d40a0703b8fe7ebc8aa642d9fff413ea893b4f328a3116c,,21,79,decision_plus_clearance,13208.418308739081,91644.57705555973,0.0,104852.99536429881,8549.218549492423,87903.4469832681,3543.2860972751087,3333.6836363717916,1353.3576179581482,170.00247993327272,42.99640875368525,1356.4347446023319,7039.142075231867,0.00039138182928956486,168.7275180122235,168.7279093940528,1503.3829398430003,5.722783272761977e-07,cleared,79,False,False,True,9.910045230140357e-07,True,0.008219018415080862,3543.2778782566934,104852.99536429884,True,0.00012419049051545916,0.00018829992040991783,34,shared_weighted_euclidean_projector,shared_model_kernel_rcmsa_tagged_transition,released_hmm_filter,79
Reactive,no_direct_capacity,test_058_fbcfbffca03e,fbcfbffca03e44547ea319ed2d43b06e5f628f750b3d1a41c39a0846aecd36c4,8b83c669d56287c61d40a0703b8fe7ebc8aa642d9fff413ea893b4f328a3116c,,21,79,decision_plus_clearance,14990.456241543417,99264.71593861132,0.0,114255.17218015474,9680.055288244283,94972.02536700292,3818.1198863636737,4103.443036113098,1512.1166012071715,169.41200122359933,47.887609026234294,1657.3239008538867,7624.822005285766,0.0005326052074622693,181.814700078777,181.81523268398448,1596.914330566754,6.30530600834144e-07,cleared,79,False,False,True,9.78081508355357e-07,True,0.011184709356707654,3818.108701654317,114255.17218015474,True,0.00012685712205157395,0.0001829999964684248,34,shared_weighted_euclidean_projector,shared_model_kernel_rcmsa_tagged_transition,released_hmm_filter,79
Reactive,no_direct_capacity,test_059_d22925a9593f,d22925a9593fa401ece13fc7588e32d8a890971a8c128175ef3afe51e59bbbae,8b83c669d56287c61d40a0703b8fe7ebc8aa642d9fff413ea893b4f328a3116c,,21,79,decision_plus_clearance,13200.050909701393,90963.860535196,0.0,104163.91144489739,8583.426789069112,87189.17807422025,3513.9698404778715,3355.2165047141566,1351.9865870105634,170.13364940547714,43.34676166704815,1379.1787437011503,6990.640178152921,0.0003881807270954413,167.33150898488583,167.33189716561293,1498.3763018967481,5.49635315769553e-07,cleared,79,False,False,True,9.522764319760406e-07,True,0.008151795269004268,3513.9616886826025,104163.91144489743,True,0.00011735235429590656,0.00018109986558556557,34,shared_weighted_euclidean_projector,shared_model_kernel_rcmsa_tagged_transition,released_hmm_filter,79
Reactive,no_direct_capacity,test_060_b3feb9e274c2,b3feb9e274c243af57931bb81154ddcd4db25503aef66fcc12b42f42f154b7ce,8b83c669d56287c61d40a0703b8fe7ebc8aa642d9fff413ea893b4f328a3116c,,21,79,decision_plus_clearance,14081.556149859522,94594.45828544615,0.0,108676.01443530567,9101.631125631506,90624.21041901433,3646.099949392283,3709.795418390137,1424.802354638044,169.47516823941226,45.27436206881503,1498.7822570489902,7283.919809873687,0.0004336547648136931,173.62337345915344,173.62380711391825,1548.6653672940868,5.669613493463138e-07,cleared,79,False,False,True,9.475069463653976e-07,True,0.009106750061087555,3646.0908426422225,108676.01443530571,True,0.0001341381243297032,0.00018170010298490524,34,shared_weighted_euclidean_projector,shared_model_kernel_rcmsa_tagged_transition,released_hmm_filter,79
Reactive,no_direct_capacity,test_061_627abde70c26,627abde70c260fe7d7dfdd8a0ae46ef10630e9ce7d5542c218bfb019b77707b7,8b83c669d56287c61d40a0703b8fe7ebc8aa642d9fff413ea893b4f328a3116c,,21,79,decision_plus_clearance,13853.139702713324,92817.61795137616,0.0,106670.75765408948,8968.224465114441,88931.77493338163,3579.620908721323,3600.596745229891,1420.6978195748873,169.84278206726674,44.74346500699287,1461.4529123773216,7160.372490755761,0.00044856598338122833,170.4576899445558,170.4581385105392,1543.2911378883177,4.931646434450937e-07,cleared,79,False,False,True,9.365296468778406e-07,True,0.009419885651005796,3579.6114888356715,106670.75765408944,True,0.00014175713017937683,0.0001830998808145523,34,shared_weighted_euclidean_projector,shared_model_kernel_rcmsa_tagged_transition,released_hmm_filter,79
Reactive,no_direct_capacity,test_062_0c9ea14e9507,0c9ea14e9507679b12568ca09440ee0d472e13c1d2a4d4df4f22d9720c95b81b,8b83c669d56287c61d40a0703b8fe7ebc8aa642d9fff413ea893b4f328a3116c,,21,79,decision_plus_clearance,13852.096723159048,99203.75433823925,0.0,113055.8510613983,9131.384402169724,94793.48428238678,3828.771443505946,3702.037961070548,1430.2307310534454,169.94224121185457,45.76106851584265,1509.0798068574538,7517.048755504223,0.00044834451333679076,182.322001346246,182.32244969075933,1558.7499089726587,6.115703523095101e-07,cleared,79,False,False,True,9.96099580606896e-07,True,0.009415234780072605,3828.762028271166,113055.85106139831,True,0.000129223790108448,0.00018569990061223507,34,shared_weighted_euclidean_projector,shared_model_kernel_rcmsa_tagged_transition,released_hmm_filter,79
Reactive,no_direct_capacity,test_063_44f0f2a191ef,44f0f2a191eff5a5bb9fb795dad447d7fc7e78fd849c2393842ed70164a5fcda,8b83c669d56287c61d40a0703b8fe7ebc8aa642d9fff413ea893b4f328a3116c,,21,79,decision_plus_clearance,12499.016580785972,93346.49667378495,0.0,105845.51325457092,8339.895599313299,89197.13474421043,3610.50686055698,3232.1904393421223,1295.2704352729502,170.51517587509767,42.951804727425994,1345.5589843973062,7034.3962485901075,0.00034018430703390014,171.92855793745392,171.92889812176094,1466.0591946578704,5.804815468473459e-07,cleared,79,False,False,True,9.443044527065808e-07,True,0.007143870447711903,3610.4997166865323,105845.51325457089,True,0.0001323571473005272,0.00019240006804466248,34,shared_weighted_euclidean_projector,shared_model_kernel_rcmsa_tagged_transition,released_hmm_filter,79
Reactive,no_direct_capacity,test_064_27d69866b791,27d69866b79138686724529a21cb6e323bfdcf5210778f504d0eb950a434b33a,8b83c669d56287c61d40a0703b8fe7ebc8aa642d9fff413ea893b4f328a3116c,,21,79,decision_plus_clearance,12162.016653160994,83922.639221662,0.0,96084.65587482299,7767.876248325647,80846.8497361959,3257.774228650909,2827.463473712979,1213.545739588652,171.14644834891013,39.64396148998253,1188.831240255819,6491.965805941279,0.00029187390220046885,155.13181425233157,155.13210612623377,1409.4810071002826,5.542893105367817e-07,cleared,79,False,False,True,9.979860989077758e-07,True,0.006129351946209846,3257.768099298963,96084.655874823,True,0.00012990476430526802,0.00017930008471012115,34,shared_weighted_euclidean_projector,shared_model_kernel_rcmsa_tagged_transition,released_hmm_filter,79
Reactive,no_direct_capacity,test_065_930038cc16e9,930038cc16e99dda3abddced3121095d94183071473ae7d8535bf0ab56c97fc9,8b83c669d56287c61d40a0703b8fe7ebc8aa642d9fff413ea893b4f328a3116c,,21,79,decision_plus_clearance,12843.096743072181,97486.3608232276,0.0,110329.45756629978,8486.340273715412,93298.03187561968,3777.3425653689446,3286.4060305637095,1311.306919080938,170.02990195110684,43.14613713656234,1357.1328689526256,7325.771250108858,0.00034292369620444085,179.87311257006306,179.87345549375925,1488.14123527892,7.127497781989224e-07,cleared,79,False,False,True,9.541903993882612e-07,True,0.007201397620293258,3777.335363971324,110329.45756629978,True,0.00015208570818815912,0.00020159990526735783,34,shared_weighted_euclidean_projector,shared_model_kernel_rcmsa_tagged_transition,released_hmm_filter,79
Reactive,no_direct_capacity,test_066_28fb87ba4913,28fb87ba4913ced186980dcbc093c47e083f79b8e740a1acb42c6392df84b3a3,8b83c669d56287c61d40a0703b8fe7ebc8aa642d9fff413ea893b4f328a3116c,,21,79,decision_plus_clearance,14796.223098184355,98436.9327727898,0.0,113233.15587097417,9760.742448293573,93834.24259640112,3776.4170594179764,4182.575382233312,1509.7348335196987,169.44355110848798,48.38297314390917,1684.9100713214614,7528.572793431133,0.0004926084081046291,179.8288911734003,179.82938378180842,1595.3214922554619,6.152971748244255e-07,cleared,79,False,False,True,9.346003340676266e-07,True,0.010344776570197212,3776.4067146414063,113233.15587097417,True,0.00014749524139222645,0.00018880004063248634,34,shared_weighted_euclidean_projector,shared_model_kernel_rcmsa_tagged_transition,released_hmm_filter,79
Reactive,no_direct_capacity,test_067_4d46fa716471,4d46fa716471fa4d60109942ef5bb2dd1232241a3c67bc5b1cfc29fc39cbfd18,8b83c669d56287c61d40a0703b8fe7ebc8aa642d9fff413ea893b4f328a3116c,,21,79,decision_plus_clearance,12941.107798385445,97216.85296397292,0.0,110157.96076235837,8659.76904424276,92805.65652405158,3759.840147089173,3431.050818852068,1331.3496383844235,170.2945897383552,44.133754971150914,1415.510356781551,7284.656064660222,0.0003564311233461466,179.03965057312297,179.04000700424632,1494.8286849491938,5.826499479252642e-07,cleared,79,False,False,True,9.828748205414921e-07,True,0.007485053590269079,3759.8326620355824,110157.96076235834,True,0.00014552855420680273,0.00019649998284876347,34,shared_weighted_euclidean_projector,shared_model_kernel_rcmsa_tagged_transition,released_hmm_filter,79
Reactive,no_direct_capacity,test_068_93da1d4ae1ba,93da1d4ae1ba5b053059e9b89e557fda34a240b0e754e3a555372b254463a63a,8b83c669d56287c61d40a0703b8fe7ebc8aa642d9fff413ea893b4f328a3116c,,21,79,decision_plus_clearance,14631.293228590856,101034.34963454428,0.0,115665.64286313514,9624.662277378155,96440.91228206136,3889.2821789252457,4051.3385226100004,1489.7844537914698,169.66314836886258,47.817318128814634,1646.5476510188955,7677.012135711389,0.0004848568197666013,185.20342842533478,185.20391328215453,1592.8776788516716,6.080683118047375e-07,cleared,79,False,False,True,9.269286233162198e-07,True,0.010181993215098628,3889.2719969320306,115665.6428631351,True,0.00014179046931011335,0.0001870999112725258,34,shared_weighted_euclidean_projector,shared_model_kernel_rcmsa_tagged_transition,released_hmm_filter,79
Reactive,no_direct_capacity,test_069_5b01ea54b2fa,5b01ea54b2fa549608732665cf72566100e6d5765b097dd29e2f07654d97e94a,8b83c669d56287c61d40a0703b8fe7ebc8aa642d9fff413ea893b4f328a3116c,,21,79,decision_plus_clearance,13881.84931736173,85385.70365189278,0.0,99267.55296925451,8791.992704285762,82119.44927002936,3289.5231408684817,3506.2706602979206,1390.373198440573,169.94399533242623,43.694443181142915,1423.4786859812843,6737.120250707446,0.00041737495512707696,156.6435417140202,156.64395908897532,1517.5772683605805,4.5208380083459266e-07,cleared,79,False,False,True,9.83960562525025e-07,True,0.008764874057668617,3289.514375994424,99267.55296925452,True,0.00014015715125770796,0.00020159990526735783,34,shared_weighted_euclidean_projector,shared_model_kernel_rcmsa_tagged_transition,released_hmm_filter,79
Reactive,no_direct_capacity,test_070_0cd9bcac96c3,0cd9bcac96c35799fee58a41df95758c42fc0c84363a570dadf82c310f780fc2,8b83c669d56287c61d40a0703b8fe7ebc8aa642d9fff413ea893b4f328a3116c,,21,79,decision_plus_clearance,14570.867471748252,95730.69801552438,0.0,110301.56548727263,9566.759122952588,91367.34719757918,3673.6023424042237,4034.0407395635457,1490.5076951920971,169.30838958100196,47.24618284606222,1615.0992767609207,7370.168331527344,0.00047595842576057156,174.93296891796584,174.9334448763916,1587.840778290857,5.247469877919662e-07,cleared,79,False,False,True,9.911237397716989e-07,True,0.009995126940972003,3673.5923472772824,110301.56548727262,True,0.00015563331544399261,0.00018159998580813408,34,shared_weighted_euclidean_projector,shared_model_kernel_rcmsa_tagged_transition,released_hmm_filter,79
Reactive,no_direct_capacity,test_071_34f77888383f,34f77888383fb5b7dddc8c7fc1f8ab1980f574da89d48920167bc6e4a5baac19,8b83c669d56287c61d40a0703b8fe7ebc8aa642d9fff413ea893b4f328a3116c,,21,79,decision_plus_clearance,12162.53239144594,87412.8201778203,0.0,99575.35256926624,7870.948249800568,83983.62491039847,3391.4028588653364,2938.1556778034706,1220.7918155545003,170.42905684389632,40.44507521334236,1225.0517551954915,6685.35010961288,0.00029858274185718986,161.49507564894083,161.4953742316827,1417.773941345582,5.295976427117945e-07,cleared,79,False,False,True,9.959770216021092e-07,True,0.0062702375790009875,3391.3965886277574,99575.35256926625,True,0.00016203335308957669,0.00018740002997219563,34,shared_weighted_euclidean_projector,shared_model_kernel_rcmsa_tagged_transition,released_hmm_filter,79
Reactive,no_direct_capacity,test_072_8e59fac0e6c8,8e59fac0e6c81b34fdbf7517a855653a3cd0a095878de09734040c0d4127fdc1,8b83c669d56287c61d40a0703b8fe7ebc8aa642d9fff413ea893b4f328a3116c,,21,79,decision_plus_clearance,13231.881021304958,94069.16941220782,0.0,107301.05043351278,8719.886420840909,89990.43938335318,3634.2003055867845,3452.1452754308184,1334.2660204916988,170.11302780939198,43.92041950414001,1419.983388203953,7150.081169194271,0.00034515360783978074,173.05681225528667,173.0571574088945,1501.410496525029,5.646470453294121e-07,cleared,79,False,False,True,9.804142706294917e-07,True,0.007248225764635395,3634.1930573610202,107301.05043351278,True,0.0001158856875484898,0.0001816998701542616,34,shared_weighted_euclidean_projector,shared_model_kernel_rcmsa_tagged_transition,released_hmm_filter,79
Reactive,no_direct_capacity,test_073_69349232969b,69349232969bf4c86d2f494ebcfdc30419a510d14224ddded4cf0b0572c985f7,8b83c669d56287c61d40a0703b8fe7ebc8aa642d9fff413ea893b4f328a3116c,,21,79,decision_plus_clearance,14314.782183935531,93727.51372587096,0.0,108042.29590980649,9204.525000911084,89780.52459660723,3609.109150345096,3829.3792812074807,1449.5741590757564,169.18372165987776,46.02759427081186,1543.8574110267377,7228.417744429324,0.00048671099200822075,171.86185378163162,171.86234049262364,1544.1603902982613,5.633753340775358e-07,cleared,79,False,False,True,9.376769305657836e-07,True,0.010220930832172636,3609.098929414264,108042.29590980653,True,0.00011887144119966597,0.00017579994164407253,34,shared_weighted_euclidean_projector,shared_model_kernel_rcmsa_tagged_transition,released_hmm_filter,79
Reactive,no_direct_capacity,test_074_212affc962e2,212affc962e28f58fe45099916e12acf08d12bd5b6ae1e8be69e32f2992b7426,8b83c669d56287c61d40a0703b8fe7ebc8aa642d9fff413ea893b4f328a3116c,,21,79,decision_plus_clearance,14236.22121882592,92362.54302074289,0.0,106598.7642395688,9142.949100137015,88512.93179134939,3555.016596193822,3780.4219547501593,1437.8480198835332,169.59677725489234,45.988858606037915,1544.9027513150454,7153.8223668166975,0.00047786647972567094,169.28602671417846,169.28650458065817,1538.6266588795315,5.721054229232441e-07,cleared,79,False,False,True,9.781087092614295e-07,True,0.01003519607423909,3555.006560997748,106598.7642395688,True,0.0001409333310134354,0.00019200006499886513,34,shared_weighted_euclidean_projector,shared_model_kernel_rcmsa_tagged_transition,released_hmm_filter,79
Reactive,no_direct_capacity,test_075_8de4e41c7ad9,8de4e41c7ad941d139487bf1af6be7e835a7c841f83db6f4b9e0876bff23bb48,8b83c669d56287c61d40a0703b8fe7ebc8aa642d9fff413ea893b4f328a3116c,,21,79,decision_plus_clearance,13061.251884726622,86911.2534998185,0.0,99972.50538454512,8318.301215995234,83579.05067453235,3361.299218572121,3243.6021226851503,1300.626195312662,169.6259574475997,42.15350308951254,1328.7411767032354,6737.8812387806365,0.0003627061917564931,160.06150484486162,160.06186755105338,1456.5957374758275,5.027129248027538e-07,cleared,79,False,False,True,9.733842413131813e-07,True,0.007616830026886355,3361.291601742094,99972.50538454512,True,0.00014149521787961325,0.00018390011973679066,34,shared_weighted_euclidean_projector,shared_model_kernel_rcmsa_tagged_transition,released_hmm_filter,79
Reactive,no_direct_capacity,test_076_48339f21c8ec,48339f21c8ec04a89d1fa33ffb9bd38ffc2087720a9e6d22241a14418438a684,8b83c669d56287c61d40a0703b8fe7ebc8aa642d9fff413ea893b4f328a3116c,,21,79,decision_plus_clearance,14812.044590723872,100166.21110800309,0.0,114978.25569872696,9762.293784714653,95541.2396744796,3848.206837764659,4142.822248867788,1514.0669793091342,169.62617359114864,48.29946452954729,1676.3499401956803,7644.078605872347,0.000498359576059241,183.2474462958839,183.24794465545995,1609.3638086237447,6.350165344776333e-07,cleared,79,False,False,True,9.596730753777438e-07,True,0.01046555109724406,3848.1963722135615,114978.25569872699,True,0.00015646666066632386,0.00020050001330673695,34,shared_weighted_euclidean_projector,shared_model_kernel_rcmsa_tagged_transition,released_hmm_filter,79
Reactive,no_direct_capacity,test_077_b1f2e84dc844,b1f2e84dc844662b5d1fd981486515a77f37fa4bd91d8f1c5bdc9de643205101,8b83c669d56287c61d40a0703b8fe7ebc8aa642d9fff413ea893b4f328a3116c,,21,79,decision_plus_clearance,14392.58978569893,89812.33405597224,0.0,104204.92384167117,9070.794283306514,86350.06465614543,3459.060862401623,3735.417263645916,1420.1093642545718,169.47741191710674,45.28456259735836,1520.1176669539873,7030.788381848319,0.0004499087463112147,164.7167340151405,164.7171839238868,1526.345264669942,5.897932645864767e-07,cleared,79,False,False,True,9.834123802237427e-07,True,0.00944808367253551,3459.0514143179507,104204.92384167116,True,0.00013700477956306366,0.000183899886906147,34,shared_weighted_euclidean_projector,shared_model_kernel_rcmsa_tagged_transition,released_hmm_filter,79
Reactive,no_direct_capacity,test_078_367d379a9297,367d379a9297286f557f72f155581887362331484e75dc530b5d1e7702215749,8b83c669d56287c61d40a0703b8fe7ebc8aa642d9fff413ea893b4f328a3116c,,21,79,decision_plus_clearance,14319.571856799063,91065.95319817173,0.0,105385.52505497079,9048.725472418553,87570.66908051862,3509.8654863263637,3696.5374100079616,1390.2542122696645,169.47339342963633,44.87245396073165,1504.1899872752276,7112.983507267552,0.00040572052572274126,167.13604600930114,167.13645172982686,1527.1578207534435,5.635254523026874e-07,cleared,79,False,False,True,9.880228578409071e-07,True,0.008520131040177566,3509.856966195324,105385.5250549708,True,0.00015539998587753092,0.00018159998580813408,34,shared_weighted_euclidean_projector,shared_model_kernel_rcmsa_tagged_transition,released_hmm_filter,79
Reactive,no_direct_capacity,test_079_bce06ca59758,bce06ca59758dbd98389f738153975aa7a35c811fa8594d1d0e258628ef96d65,8b83c669d56287c61d40a0703b8fe7ebc8aa642d9fff413ea893b4f328a3116c,,21,79,decision_plus_clearance,12032.364544921553,87309.49121354775,0.0,99341.8557584693,7748.652590566549,84005.11616196788,3393.4127267366543,2814.747205912714,1208.5577889055555,171.36928437997517,39.700683276742076,1181.5698855429432,6677.113626049024,0.00028944418249776915,161.59079278137247,161.59108222555497,1413.843554222636,6.067607721889444e-07,cleared,79,False,False,True,9.59444879657815e-07,True,0.006078327832453152,3393.406648408822,99341.85575846933,True,0.00015170476399362087,0.0001830998808145523,34,shared_weighted_euclidean_projector,shared_model_kernel_rcmsa_tagged_transition,released_hmm_filter,79
Reactive,no_direct_capacity,test_080_e669407a98d7,e669407a98d788999f61cc42f0d91ad3f73f1d4c7c567a28c5df008483262012,8b83c669d56287c61d40a0703b8fe7ebc8aa642d9fff413ea893b4f328a3116c,,21,79,decision_plus_clearance,14133.460913972074,97782.56883083106,0.0,111916.02974480313,9263.958485536543,93424.284842043,3769.5607648602845,3820.521794303961,1467.8877969492653,169.81606111016436,46.32288710396614,1544.091340115911,7447.761824786819,0.0005024094344755554,179.50239115534097,179.50289356477546,1570.0982425853526,5.175554570509358e-07,cleared,79,False,False,True,8.992500272220419e-07,True,0.010550598123986663,3769.5502142621604,111916.0297448032,True,0.0001583571346210582,0.00019200006499886513,34,shared_weighted_euclidean_projector,shared_model_kernel_rcmsa_tagged_transition,released_hmm_filter,79
Reactive,no_direct_capacity,test_081_fbbd80304765,fbbd803047650db226feaa75de7119d49ed8d237f46bb4c3b1122439776b0ba3,8b83c669d56287c61d40a0703b8fe7ebc8aa642d9fff413ea893b4f328a3116c,,21,79,decision_plus_clearance,12391.446931656235,97237.47027914888,0.0,109628.91721080511,8307.136823407343,92936.46071146663,3770.0311739801914,3159.0126876436057,1285.5875021790816,170.68831212826328,42.4796800757139,1310.7453939525037,7264.537004176781,0.00032594832166542244,179.52496805073508,179.52529399905674,1476.8891374855882,6.376956201244685e-07,cleared,79,False,False,True,9.60973590972352e-07,True,0.006844914754973871,3770.0243290654366,109628.91721080513,True,0.00012145236888456912,0.00018179998733103275,34,shared_weighted_euclidean_projector,shared_model_kernel_rcmsa_tagged_transition,released_hmm_filter,79
Reactive,no_direct_capacity,test_082_2cf496ac3a99,2cf496ac3a99b59959fd7b5de1a04776b86b60eee9dcd086bd37dfc0c4edb16c,8b83c669d56287c61d40a0703b8fe7ebc8aa642d9fff413ea893b4f328a3116c,,21,79,decision_plus_clearance,14615.216053507618,96045.2415859958,0.0,110660.45763950341,9415.472343520685,91986.45177924837,3697.820105496737,3915.8812361885725,1475.2790755551232,169.55309949394226,46.541600723370436,1578.1203859221155,7410.430710823367,0.0004960054438780674,176.08617568487696,176.08667169032083,1576.9541009579877,4.993858699476621e-07,cleared,79,False,False,True,9.98229453786646e-07,True,0.010416114321439416,3697.8096893824163,110660.45763950344,True,0.00014853332236054398,0.00018440000712871552,34,shared_weighted_euclidean_projector,shared_model_kernel_rcmsa_tagged_transition,released_hmm_filter,79
Reactive,no_direct_capacity,test_083_4cbdde5f376f,4cbdde5f376f40f80c1ddb1ed6bdd46a705c890728c9a5d74d7af9a990a98cc8,8b83c669d56287c61d40a0703b8fe7ebc8aa642d9fff413ea893b4f328a3116c,,21,79,decision_plus_clearance,14069.823505063532,91143.66631069552,0.0,105213.48981575905,8957.574167259841,87529.30995525804,3515.8552490466195,3611.628290468338,1429.622107343471,169.50004638272247,44.533347569141796,1454.5945313107043,7088.581586066073,0.0004695648024723431,167.42120896122702,167.4216785260295,1538.832186564926,5.221897168643476e-07,cleared,79,False,False,True,9.663283594748209e-07,True,0.009860860851919204,3515.8453881857677,105213.48981575902,True,0.0001287762230883042,0.00018489989452064037,34,shared_weighted_euclidean_projector,shared_model_kernel_rcmsa_tagged_transition,released_hmm_filter,79
Reactive,no_direct_capacity,test_084_513eb18f351c,513eb18f351c0ae9049df078bb1de046440084ba5b9f75437cb0aee0bdfd9e44,8b83c669d56287c61d40a0703b8fe7ebc8aa642d9fff413ea893b4f328a3116c,,21,79,decision_plus_clearance,13907.775243658458,93796.74409024614,0.0,107704.5193339046,8993.535475244023,89855.4513067628,3618.4990792029894,3645.0213754511215,1422.2503953209657,169.76170192266997,45.13392445527413,1484.0366533780318,7210.36216593501,0.0004567229072765823,172.30902323913983,172.3094799620471,1537.6032660442786,5.571161858301966e-07,cleared,79,False,False,True,9.448210331195705e-07,True,0.009591181052808229,3618.4894880219363,107704.51933390457,True,0.00012981904936688288,0.00019010016694664955,34,shared_weighted_euclidean_projector,shared_model_kernel_rcmsa_tagged_transition,released_hmm_filter,79
Reactive,no_direct_capacity,test_085_650c50514b66,650c50514b6644e496b372654068cbdc1711c214d31c247c6f969a86a61106c0,8b83c669d56287c61d40a0703b8fe7ebc8aa642d9fff413ea893b4f328a3116c,,21,79,decision_plus_clearance,15409.614646680104,95867.14317771675,0.0,111276.75782439685,9756.7969467026,91963.07131157647,3684.059227198417,4179.2180645005255,1524.3609402848383,169.2513341340034,47.89623068655153,1677.388305858893,7469.103295061777,0.0005492015096451396,175.43084256984355,175.4313917713532,1597.7660631752724,5.51110617784073e-07,cleared,79,False,False,True,9.7415464208118e-07,True,0.011533231702547931,3684.0476939667146,111276.75782439686,True,0.00013600472759987627,0.00018230010755360126,34,shared_weighted_euclidean_projector,shared_model_kernel_rcmsa_tagged_transition,released_hmm_filter,79
Reactive,no_direct_capacity,test_086_754dc8e1ab0e,754dc8e1ab0e7268d5ce0dd2ffc19bdf7c2959cd70067092fd5ee3f03e2bf486,8b83c669d56287c61d40a0703b8fe7ebc8aa642d9fff413ea893b4f328a3116c,,21,79,decision_plus_clearance,14849.288165214954,99201.65060009953,0.0,114050.93876531448,9588.265703973364,94954.82120231271,3820.177395164854,4033.5358861080626,1484.708088243587,169.4304895118993,47.4981425738258,1638.3506751739337,7610.589404309613,0.0004899704629855245,181.9127193231015,181.91320929356448,1588.4395653039517,6.603256361406991e-07,cleared,79,False,False,True,9.816721619465409e-07,True,0.010289379722696015,3820.1671057851313,114050.93876531447,True,0.00011840952737700372,0.00017200014553964138,34,shared_weighted_euclidean_projector,shared_model_kernel_rcmsa_tagged_transition,released_hmm_filter,79
Reactive,no_direct_capacity,test_087_cbc79ee243dd,cbc79ee243dd0e237a5023163791e895019f33bb871350474ccaace9587409dc,8b83c669d56287c61d40a0703b8fe7ebc8aa642d9fff413ea893b4f328a3116c,,21,79,decision_plus_clearance,13486.04402892357,100385.9366768173,0.0,113871.98070574088,9036.269084053152,95713.40681131175,3875.991884709482,3679.158770300915,1397.0805515539957,170.0736038115469,45.840484955781484,1510.6383334886327,7514.820900323867,0.0004190753805290892,184.5706230536424,184.57104212902294,1534.1891107956906,6.075154532511615e-07,cleared,79,False,False,True,9.648217388256997e-07,True,0.008800582991110873,3875.9830841264907,113871.98070574085,True,0.00013569999663602737,0.00017820019274950027,34,shared_weighted_euclidean_projector,shared_model_kernel_rcmsa_tagged_transition,released_hmm_filter,79
Reactive,no_release_pacing_authority,test_000_4ae657b9eeec,4ae657b9eeecf70786804d24952478895a67cdd02d3cb00a5f23d60565e89d40,8b83c669d56287c61d40a0703b8fe7ebc8aa642d9fff413ea893b4f328a3116c,,21,79,decision_plus_clearance,13461.325490359752,83033.5405012139,0.0,96494.86599157365,8381.001518153911,79798.82296241536,3209.029273522812,3108.5545177884164,1356.4273212726655,641.0303984204631,41.15212314392862,1307.8809581815487,6513.571411875303,0.00037355568813626577,152.81054423111243,152.81091778680056,1588.5619568728364,5.042612961797086e-07,cleared,79,False,False,True,9.971386010191954e-07,True,0.007844669450861581,3209.021428853361,96494.86599157364,True,0.00012874761818065528,0.00018289987929165363,34,shared_weighted_euclidean_projector,shared_model_kernel_rcmsa_tagged_transition,released_hmm_filter,79
Reactive,no_release_pacing_authority,test_001_dde9993de777,dde9993de777ead4870656b2cec02bf256c4174b03458346cc5fc13db98f082b,8b83c669d56287c61d40a0703b8fe7ebc8aa642d9fff413ea893b4f328a3116c,,21,79,decision_plus_clearance,12277.136035755178,88343.97613660741,0.0,100621.11217236258,7954.529616629063,84587.40666088683,3427.880931518058,2812.580111211641,1260.7094820069337,578.0053701100834,39.32390211531817,1182.139224047657,6691.442218145852,0.00031531613542988345,163.23210999424828,163.23242531038372,1534.919694386704,6.505715634305856e-07,cleared,79,False,False,True,9.279431358902563e-07,True,0.006621638844027553,3427.874309879214,100621.11217236261,True,0.0001592190625766913,0.00018480001017451286,34,shared_weighted_euclidean_projector,shared_model_kernel_rcmsa_tagged_transition,released_hmm_filter,79
Reactive,no_release_pacing_authority,test_002_f01217ab0e79,f01217ab0e7903b1b91cb3f87068f20b75f716d08632ca2b15c76649d7f00a8c,8b83c669d56287c61d40a0703b8fe7ebc8aa642d9fff413ea893b4f328a3116c,,21,79,decision_plus_clearance,12967.475054097706,74092.91860842217,0.0,87060.39366251988,7835.7797547807,71681.14307127718,2867.939105687166,2761.2861101201734,1288.189596742926,626.0560239117435,38.28806161097404,1168.6882926757373,5977.4439996236215,0.00033874454701033734,136.568190097699,136.568528842246,1527.7995272617957,4.3229922639641044e-07,cleared,79,False,False,True,9.50112221688239e-07,True,0.0071136354872170845,2867.9319920516787,87060.3936625199,True,0.00014569047128870372,0.000193099956959486,34,shared_weighted_euclidean_projector,shared_model_kernel_rcmsa_tagged_transition,released_hmm_filter,79
Reactive,no_release_pacing_authority,test_003_eb3106001035,eb3106001035e1bd9c52b845bd9616d282a52a699d46aca5269b5370622454fc,8b83c669d56287c61d40a0703b8fe7ebc8aa642d9fff413ea893b4f328a3116c,,21,79,decision_plus_clearance,12932.092223380554,83311.91950044228,0.0,96244.01172382283,8099.731499539449,80043.86050017181,3227.1239424215505,2929.8644592055557,1335.3079641514921,608.1233583329724,40.09499191472051,1236.5999969695845,6473.817842200337,0.0003639203012668592,153.67220476643925,153.6725686867405,1555.3274203288465,5.197594952836675e-07,cleared,79,False,False,True,9.564476137349854e-07,True,0.007642326326604044,3227.1163000952242,96244.01172382283,True,0.00012895240936250914,0.0001852000132203102,34,shared_weighted_euclidean_projector,shared_model_kernel_rcmsa_tagged_transition,released_hmm_filter,79
Reactive,no_release_pacing_authority,test_004_55a330aff5c4,55a330aff5c4a0576082656af4ffca48ee935b03b126b46b442653f81477abfb,8b83c669d56287c61d40a0703b8fe7ebc8aa642d9fff413ea893b4f328a3116c,,21,79,decision_plus_clearance,13153.121566210362,75842.67750542179,0.0,88995.79907163215,8001.799240468951,73204.7602645205,2932.5442428413958,2902.0609831773695,1309.0009115594,645.6334290644726,39.32560482187713,1225.2867851679052,6069.248181733955,0.00033193789612409163,139.64463200693226,139.6449639448284,1538.7930581393368,4.780187132678673e-07,cleared,79,False,False,True,8.599614548538414e-07,True,0.006970695818605924,2932.5372721455774,88995.79907163211,True,0.00012406666896172931,0.00018119998276233673,34,shared_weighted_euclidean_projector,shared_model_kernel_rcmsa_tagged_transition,released_hmm_filter,79
Reactive,no_release_pacing_authority,test_005_981c73a17708,981c73a17708f6a8f2159189b725895e9b78b4ffca7b2cc292d9f5cb6c138259,8b83c669d56287c61d40a0703b8fe7ebc8aa642d9fff413ea893b4f328a3116c,,21,79,decision_plus_clearance,12464.721422735876,81861.63688932754,0.0,94326.35831206341,7871.749835228582,78648.97801244546,3175.976549915574,2752.4773296030903,1271.0207030657293,606.1558818049488,38.91586529854648,1184.8757124050126,6337.532788568642,0.00029468279899980593,151.2366838846093,151.2369785674083,1532.7057526827778,5.192318834421138e-07,cleared,79,False,False,True,9.983929659205163e-07,True,0.006188338778995925,3175.9703615767953,94326.35831206338,True,0.00013358094951226596,0.00017989985644817352,34,shared_weighted_euclidean_projector,shared_model_kernel_rcmsa_tagged_transition,released_hmm_filter,79
Reactive,no_release_pacing_authority,test_006_daba4b1e9814,daba4b1e9814b4a66b4b77a1db00896fa1b3246def31f9ebaa0c7ced46e92af5,8b83c669d56287c61d40a0703b8fe7ebc8aa642d9fff413ea893b4f328a3116c,,21,79,decision_plus_clearance,13019.18582204538,80856.76067698844,0.0,93875.94649903383,7981.141109392814,77958.54658413937,3134.1768889290292,2867.747716753088,1298.0386239943216,636.2955758252031,39.52254056066004,1223.0302459209017,6356.817559303564,0.0003311522387324371,149.24618736819124,149.24651852043,1539.6680656917297,6.191089022947457e-07,cleared,79,False,False,True,9.301256868891944e-07,True,0.0069541970133811795,3134.169934732016,93875.94649903383,True,0.0001195619281913553,0.00019080005586147308,34,shared_weighted_euclidean_projector,shared_model_kernel_rcmsa_tagged_transition,released_hmm_filter,79
Reactive,no_release_pacing_authority,test_007_925513ee8ec6,925513ee8ec62fc55ab4f4e4980ba11972ca8c6ab89cbb52b03a5fe88f85fa31,8b83c669d56287c61d40a0703b8fe7ebc8aa642d9fff413ea893b4f328a3116c,,21,79,decision_plus_clearance,15518.222804926694,79395.43497128364,0.0,94913.65777621034,9190.083262753098,76765.31939669118,3046.671606219385,3669.6303435927225,1516.9882800774042,724.9648868766194,44.875506487731506,1553.405481007801,6538.800561918441,0.0005198981384904591,145.0790803980227,145.0796002961612,1679.5184193197438,4.992635413482486e-07,cleared,79,False,False,True,9.796763638699734e-07,True,0.010917860908299642,3046.660688358477,94913.65777621043,True,0.00012609046617788927,0.0001876999158412218,34,shared_weighted_euclidean_projector,shared_model_kernel_rcmsa_tagged_transition,released_hmm_filter,79
Reactive,no_release_pacing_authority,test_008_fabe46a0ea00,fabe46a0ea0025c65c0c7b807dc0f70b60fa5f50100dd7bd2d9ad2a46e9df6b5,8b83c669d56287c61d40a0703b8fe7ebc8aa642d9fff413ea893b4f328a3116c,,21,79,decision_plus_clearance,12050.864961931135,75753.43176367055,0.0,87804.29672560169,7414.641201858089,73162.89515964175,2945.7311434897406,2474.5633656582245,1231.934204889385,574.5316500645104,36.57944602065374,1063.1030099696686,5965.577424962228,0.0002919800986495618,140.27261961465092,140.27291159474956,1482.4991990964118,5.283992257723901e-07,cleared,79,False,False,True,9.652199951877884e-07,True,0.0061315820716407975,2945.7250119076693,87804.2967256017,True,0.0001327333240104573,0.00019129994325339794,34,shared_weighted_euclidean_projector,shared_model_kernel_rcmsa_tagged_transition,released_hmm_filter,79
Reactive,no_release_pacing_authority,test_009_c8ef87e47101,c8ef87e471016915d86795cd09c50907b7668afc7c30bcb05a14726a2af75061,8b83c669d56287c61d40a0703b8fe7ebc8aa642d9fff413ea893b4f328a3116c,,21,79,decision_plus_clearance,12039.617491049376,87687.69958247009,0.0,99727.31707351946,7815.754581127728,83904.14981539537,3405.7437817695245,2767.1956713856002,1245.2092781280485,589.2639457131837,39.37428648851094,1189.5151578055395,6599.138121039718,0.0002823000066150764,162.1779930223517,162.1782753223583,1507.3119961065318,6.306922154090462e-07,cleared,79,False,False,True,9.319779405021204e-07,True,0.005928300138916605,3405.7378534693858,99727.31707351946,True,0.0001226238285501798,0.0001852000132203102,34,shared_weighted_euclidean_projector,shared_model_kernel_rcmsa_tagged_transition,released_hmm_filter,79
Reactive,no_release_pacing_authority,test_010_613ab99db82c,613ab99db82c659cd8ff6e1475e7317b5ab19503260bfedec209a4c7abd2eb88,8b83c669d56287c61d40a0703b8fe7ebc8aa642d9fff413ea893b4f328a3116c,,21,79,decision_plus_clearance,11756.720504783816,73900.41732334865,0.0,85657.13782813247,7284.899521681806,71345.04987860976,2874.2495509818286,2396.614534896934,1190.9998954735102,565.3244464886557,35.81968819380131,1037.1624732554587,5818.722963835562,0.00025081427930933963,136.86877542295062,136.86902623722992,1459.2976032712472,5.026656268676157e-07,cleared,79,False,False,True,9.923493110730069e-07,True,0.005267099865496132,2874.244283881963,85657.13782813247,True,0.00016564766078123024,0.00019310018979012966,34,shared_weighted_euclidean_projector,shared_model_kernel_rcmsa_tagged_transition,released_hmm_filter,79
Reactive,no_release_pacing_authority,test_011_8a2e74b38d5d,8a2e74b38d5d3fa099c53fd66f114b907a8d9576d5dcc067dc484a7c19e7da8b,8b83c669d56287c61d40a0703b8fe7ebc8aa642d9fff413ea893b4f328a3116c,,21,79,decision_plus_clearance,13064.645799066839,94011.30335035404,0.0,107075.94914942088,8495.013542640469,89764.54004390287,3640.6561473690927,3186.8813336934363,1366.0712759228966,622.7868058921213,42.53985480492342,1351.1129779272833,7070.090522053466,0.0003738769509578926,173.36420456919632,173.36457844614728,1594.9644143144499,6.344969433355038e-07,cleared,79,False,False,True,9.468161472358821e-07,True,0.007851415970115745,3640.6482959531227,107075.94914942089,True,0.00014157616533339024,0.00019279983825981617,34,shared_weighted_euclidean_projector,shared_model_kernel_rcmsa_tagged_transition,released_hmm_filter,79
Reactive,no_release_pacing_authority,test_012_b6bdc05b20a7,b6bdc05b20a7bd7872689e9fd93f49c5864d83dbaa6c13c7b8023906ab88c1ae,8b83c669d56287c61d40a0703b8fe7ebc8aa642d9fff413ea893b4f328a3116c,,21,79,decision_plus_clearance,13316.046961356868,85908.38278631597,0.0,99224.42974767284,8425.681612460574,82375.43727768732,3321.604374109017,3099.264570778044,1371.9047043572928,630.5372082805991,41.660948551121805,1325.006419292629,6661.880435929117,0.0003686567033000017,158.17126820563084,158.17163686233414,1599.6125925549281,5.327698522990709e-07,cleared,79,False,False,True,9.9309669572452e-07,True,0.007741790769300036,3321.5966323182474,99224.42974767284,True,0.00014378570596731844,0.00019209994934499264,34,shared_weighted_euclidean_projector,shared_model_kernel_rcmsa_tagged_transition,released_hmm_filter,79
Reactive,no_release_pacing_authority,test_013_040653995d85,040653995d85cc962bcb3d75b933864971de686f9683c73e392ab9224c3c2124,8b83c669d56287c61d40a0703b8fe7ebc8aa642d9fff413ea893b4f328a3116c,,21,79,decision_plus_clearance,11872.50610961995,70725.39991110482,0.0,82597.90602072477,7261.111435114485,68385.65388282458,2743.977132200464,2445.6923579567997,1161.9886651723061,599.4825474561427,35.95499717636268,1057.4950463900402,5645.896002820436,0.0002509650980382251,130.66532675873358,130.66557772383163,1439.6573011934452,4.793402068337215e-07,cleared,79,False,False,True,9.94672842087291e-07,True,0.005270267058802727,2743.9718619334053,82597.90602072477,True,0.00012972379945928143,0.00020190002396702766,34,shared_weighted_euclidean_projector,shared_model_kernel_rcmsa_tagged_transition,released_hmm_filter,79
Reactive,no_release_pacing_authority,test_014_f00647451070,f00647451070accd7f5177b412ddbd68c73d8b7f2cb6c77b8469ffbc7c614a43,8b83c669d56287c61d40a0703b8fe7ebc8aa642d9fff413ea893b4f328a3116c,,21,79,decision_plus_clearance,12064.41906987271,74785.9887692886,0.0,86850.40783916131,7421.363582392654,72204.954426667,2904.2551312592623,2509.8030603558263,1223.5174920112818,586.5141464752794,36.88088973135934,1081.750800924536,5903.288437373049,0.00029274600674225756,138.29757064729145,138.2978633932982,1473.1521645161959,5.097887286935874e-07,cleared,79,False,False,True,9.367718565405556e-07,True,0.006147666141587409,2904.2489835931206,86850.4078391613,True,0.0001379095372699556,0.00018449989147484303,34,shared_weighted_euclidean_projector,shared_model_kernel_rcmsa_tagged_transition,released_hmm_filter,79
Reactive,no_release_pacing_authority,test_015_643a837775f9,643a837775f944f0e897fff5495209f1a59016e336af0b18defb50bf86cbf809,8b83c669d56287c61d40a0703b8fe7ebc8aa642d9fff413ea893b4f328a3116c,,21,79,decision_plus_clearance,15594.703875786854,89470.47216807782,0.0,105065.17604386467,9548.937358451974,85904.7525712183,3437.2957736983426,3882.956546934269,1588.7373878010621,702.4964057607012,46.614695727329284,1619.5135955336282,7099.764597814498,0.0005853039679359463,163.68016582452458,163.68075112849252,1722.536758317231,5.500897241854299e-07,cleared,79,False,False,True,9.659399405134745e-07,True,0.012291383326654871,3437.283482315016,105065.17604386463,True,0.00012839999094250656,0.00017740018665790558,34,shared_weighted_euclidean_projector,shared_model_kernel_rcmsa_tagged_transition,released_hmm_filter,79
Reactive,no_release_pacing_authority,test_016_45a90ccef8bd,45a90ccef8bdd374ee00dbc87ec9b3752c6a102ea41ee1fc73e6c34df9d0ef6a,8b83c669d56287c61d40a0703b8fe7ebc8aa642d9fff413ea893b4f328a3116c,,21,79,decision_plus_clearance,13280.260332397,89652.62634732606,0.0,102932.88667972306,8538.16776527432,85700.4944899071,3464.097887588779,3215.547241144681,1381.2851489785094,633.2941468296644,42.45689712803171,1356.846165877446,6852.192213153744,0.0003837443025024509,164.95665852182984,164.95704226613233,1601.7477887940083,5.383860513496564e-07,cleared,79,False,False,True,9.80108881477863e-07,True,0.00805863035255147,3464.0898289584266,102932.88667972306,True,0.00012298096858319782,0.00017939996905624866,34,shared_weighted_euclidean_projector,shared_model_kernel_rcmsa_tagged_transition,released_hmm_filter,79
Reactive,no_release_pacing_authority,test_017_ebd333a3cdba,ebd333a3cdbaf4583dc4bbdc159fa86380b9858d554b85820a961aee779a82c0,8b83c669d56287c61d40a0703b8fe7ebc8aa642d9fff413ea893b4f328a3116c,,21,79,decision_plus_clearance,13386.823924517566,80914.44129296276,0.0,94301.26521748032,8211.068658201575,77942.20773464911,3132.492040099265,3018.2200453089904,1342.209783121315,655.0669561000323,40.636469847856034,1288.3992647821278,6370.580657780928,0.0003426594999897675,149.16594496427456,149.16628762377454,1564.7064037034354,5.988445993799594e-07,cleared,79,False,False,True,9.851084414459312e-07,True,0.007195849499785118,3132.484844249766,94301.26521748031,True,0.0001501285337976047,0.00019560009241104126,34,shared_weighted_euclidean_projector,shared_model_kernel_rcmsa_tagged_transition,released_hmm_filter,79
Reactive,no_release_pacing_authority,test_018_9466cee538c9,9466cee538c90a351ebb4cc641f0fb605f60f7a5370deb739961de94e8407d65,8b83c669d56287c61d40a0703b8fe7ebc8aa642d9fff413ea893b4f328a3116c,,21,79,decision_plus_clearance,13804.668015826053,80916.02592671967,0.0,94720.69394254572,8450.650876107751,77933.25955716947,3124.368641887528,3156.012554131813,1404.901962741006,651.5003505081572,41.49169011630435,1326.8822422013566,6434.570538143882,0.0004110890438837824,148.77904804845747,148.77945913750136,1598.8835822485746,4.932915400061213e-07,cleared,79,False,False,True,9.81682309025748e-07,True,0.00863286992155943,3124.360009017607,94720.69394254572,True,0.0001252809694657723,0.00018370011821389198,34,shared_weighted_euclidean_projector,shared_model_kernel_rcmsa_tagged_transition,released_hmm_filter,79
Reactive,no_release_pacing_authority,test_019_9d2b7462a57a,9d2b7462a57ab18c9c816164b4cf31fe355ef525f834131b7e4bee6c19475a44,8b83c669d56287c61d40a0703b8fe7ebc8aa642d9fff413ea893b4f328a3116c,,21,79,decision_plus_clearance,14564.160632373478,82028.25160234225,0.0,96592.41223471572,8809.637739007632,79036.43052442178,3157.54257152775,3449.069613493135,1446.724333871941,693.0074523935058,43.61245988509149,1460.461517508109,6569.498120595181,0.00045076881698855953,150.35871930393304,150.35917007275003,1623.907782867476,5.529767001840958e-07,cleared,79,False,False,True,9.95236595364849e-07,True,0.00946614515675975,3157.533105382594,96592.41223471575,True,0.00011815717222080344,0.00017359992489218712,34,shared_weighted_euclidean_projector,shared_model_kernel_rcmsa_tagged_transition,released_hmm_filter,79
Reactive,no_release_pacing_authority,test_020_701c8d28bc45,701c8d28bc45b0352a2505312c03123c85798d4dd0b786857dc34cb69fe2061b,8b83c669d56287c61d40a0703b8fe7ebc8aa642d9fff413ea893b4f328a3116c,,21,79,decision_plus_clearance,13501.386941110148,85698.70690931748,0.0,99200.09385042763,8519.504690620583,82127.80021219504,3309.632235559588,3211.924462488967,1390.7527004622282,640.4795491012696,42.186849085098935,1354.2141320498129,6652.0393525952195,0.0003934873857660128,157.60114153926128,157.60153502664704,1599.3618418347583,4.795598503054119e-07,cleared,79,False,False,True,9.007831849558856e-07,True,0.008263235101086269,3309.6239723244867,99200.09385042767,True,0.00015949048767132417,0.00020119990222156048,34,shared_weighted_euclidean_projector,shared_model_kernel_rcmsa_tagged_transition,released_hmm_filter,79
Reactive,no_release_pacing_authority,test_021_69299bc5d0bf,69299bc5d0bf379cc97bdd78ee18bea9a8ffc622a60d0cff22ec8965b5a58972,8b83c669d56287c61d40a0703b8fe7ebc8aa642d9fff413ea893b4f328a3116c,,21,79,decision_plus_clearance,13064.655058550332,77219.99097636288,0.0,90284.64603491321,7943.824166084673,74595.28512908475,2990.1349325309284,2830.220978625719,1294.0032577679624,631.1775708191458,38.99611164587098,1203.653378852759,6164.404703746245,0.0003350247081141753,142.38704271485992,142.38737773956802,1539.5462254289876,5.206028177542949e-07,cleared,79,False,False,True,9.466386716306749e-07,True,0.007035518870397682,2990.1278970120584,90284.64603491317,True,0.00016578570717857,0.00018859980627894402,34,shared_weighted_euclidean_projector,shared_model_kernel_rcmsa_tagged_transition,released_hmm_filter,79
Reactive,no_release_pacing_authority,test_022_1b3e72c80b5f,1b3e72c80b5f8d5862204b809782bba3d065c565c21a1919e08c2b86b7b1841f,8b83c669d56287c61d40a0703b8fe7ebc8aa642d9fff413ea893b4f328a3116c,,21,79,decision_plus_clearance,13546.139628620165,75954.89643623226,0.0,89501.03606485242,8155.767651621328,73457.08073519611,2934.940063821452,2959.6554901500012,1348.1370437051426,645.4550803584239,39.84967811290599,1255.0234233463202,6145.0601211221965,0.0003651976457397595,139.75868546051865,139.7590506581644,1568.0985534091226,4.817114150379507e-07,cleared,79,False,False,True,9.854217276961417e-07,True,0.00766915056053495,2934.9323946708914,89501.03606485247,True,0.0001298809601437478,0.00018319999799132347,34,shared_weighted_euclidean_projector,shared_model_kernel_rcmsa_tagged_transition,released_hmm_filter,79
Reactive,no_release_pacing_authority,test_023_90a8af416c5a,90a8af416c5a6e79abe970bf714eca061d636b83c012d16275b0083f8782fa25,8b83c669d56287c61d40a0703b8fe7ebc8aa642d9fff413ea893b4f328a3116c,,21,79,decision_plus_clearance,14223.562353988837,83599.90102919942,0.0,97823.46338318825,8702.477377623294,80403.21956181197,3222.5394947635673,3391.335829521848,1430.6731871505017,673.2179323171383,43.462771596216484,1439.9312747231015,6610.607537308287,0.0004430478706378168,153.45381860753733,153.45426165540798,1609.7606339931442,6.226717212479834e-07,cleared,79,False,False,True,9.923025606327999e-07,True,0.009304005283394153,3222.530190758284,97823.46338318833,True,0.00012878571370882646,0.0001851001288741827,34,shared_weighted_euclidean_projector,shared_model_kernel_rcmsa_tagged_transition,released_hmm_filter,79
Reactive,no_release_pacing_authority,test_024_e90f261f99e2,e90f261f99e247c3e3c066941073cd14924ea1eec3b7043270db54af5285d79a,8b83c669d56287c61d40a0703b8fe7ebc8aa642d9fff413ea893b4f328a3116c,,21,79,decision_plus_clearance,12664.233635873667,84817.7922543554,0.0,97482.02589022907,8117.817748326557,81194.45176545736,3282.4816076957177,2961.3649188930267,1310.052868528278,615.8569813281113,40.34969550066664,1250.0106042952268,6505.284971062626,0.0003170324344680966,156.3083309530759,156.3086479855104,1549.4736800308594,5.429871998982994e-07,cleared,79,False,False,True,9.994597033268941e-07,True,0.006657681123830029,3282.474950014594,97482.02589022905,True,0.00014921427438301698,0.00018789991736412048,34,shared_weighted_euclidean_projector,shared_model_kernel_rcmsa_tagged_transition,released_hmm_filter,79
Reactive,no_release_pacing_authority,test_025_0c3eeaae0824,0c3eeaae08241ee112c7df9413dd57d8fb7bc6ef2bac58f6ca7de012fc948c72,8b83c669d56287c61d40a0703b8fe7ebc8aa642d9fff413ea893b4f328a3116c,,21,79,decision_plus_clearance,12754.836163674658,84792.96078869152,0.0,97547.79695236617,8054.209279763132,81467.6252984404,3286.849628982705,2849.2375616131176,1293.4179755619953,596.457208004836,39.79214268768484,1221.356661131739,6557.599832875067,0.0003312775606505032,156.51631772161576,156.51664899917643,1556.4023679937413,6.505718209721429e-07,cleared,79,False,False,True,9.661796556718146e-07,True,0.006956828773660567,3286.842672153931,97547.79695236619,True,0.00011600950910221963,0.00022649997845292091,34,shared_weighted_euclidean_projector,shared_model_kernel_rcmsa_tagged_transition,released_hmm_filter,79
Reactive,no_release_pacing_authority,test_026_770d47ae1768,770d47ae17682b043d9c912886a238fdb23a8c0a8289016ef57c0235fe5d0b06,8b83c669d56287c61d40a0703b8fe7ebc8aa642d9fff413ea893b4f328a3116c,,21,79,decision_plus_clearance,12282.59480942389,91922.6469885217,0.0,104205.24179794558,8148.354698810517,87681.29284303328,3560.826562223088,2970.470017255343,1270.345884530109,573.9517920933018,40.56457996856118,1242.8896208823826,6879.46344529775,0.0003126742620876671,169.56285695540876,169.56316962967085,1550.2820594865068,6.76156505756565e-07,cleared,79,False,False,True,9.684259581455258e-07,True,0.006566159503841009,3560.819996063584,104205.24179794564,True,0.000144533302989744,0.00018710014410316944,34,shared_weighted_euclidean_projector,shared_model_kernel_rcmsa_tagged_transition,released_hmm_filter,79
Reactive,no_release_pacing_authority,test_027_df5d670513fa,df5d670513fa35262df8ea203ff162de2bc1a2f4598ac89786b63793aaa8dbd0,8b83c669d56287c61d40a0703b8fe7ebc8aa642d9fff413ea893b4f328a3116c,,21,79,decision_plus_clearance,13243.790954567683,77748.11139651218,0.0,90991.90235107986,8093.7638468130945,75033.47718880301,3006.5322981179484,2906.2759518903513,1320.0211104661082,631.8319549893376,39.670723299681306,1238.1773062213838,6214.423940809595,0.00035452974612190424,143.16785014253713,143.16820467228325,1559.5869758659203,4.6587399220070997e-07,cleared,79,False,False,True,9.11017804970449e-07,True,0.0074451246685599895,3006.5248529932796,90991.90235107984,True,0.0001264190013032584,0.00018249987624585629,34,shared_weighted_euclidean_projector,shared_model_kernel_rcmsa_tagged_transition,released_hmm_filter,79
Reactive,no_release_pacing_authority,test_028_e9fb02365dd3,e9fb02365dd39d4a479796939c6b75136b323e6bb5414d58fe16c9eb23eb080e,8b83c669d56287c61d40a0703b8fe7ebc8aa642d9fff413ea893b4f328a3116c,,21,79,decision_plus_clearance,11990.014250062772,75797.12087095808,0.0,87787.13512102085,7459.040244499862,73077.49195291217,2940.6540553787695,2531.590641431283,1206.332261049102,572.0259657496825,36.67084715081163,1071.0782554673588,5969.273262599814,0.00028420514484653125,140.03086128908228,140.03114549422713,1483.1253390346126,4.6790774329529763e-07,cleared,79,False,False,True,9.919351113350716e-07,True,0.005968308041777156,2940.648087070728,87787.13512102085,True,0.00012604762533945696,0.00018410012125968933,34,shared_weighted_euclidean_projector,shared_model_kernel_rcmsa_tagged_transition,released_hmm_filter,79
Reactive,no_release_pacing_authority,test_029_b44f60718c5a,b44f60718c5a51721bd1be86466c0bb83a8f075ec00e497e8853122651b88be6,8b83c669d56287c61d40a0703b8fe7ebc8aa642d9fff413ea893b4f328a3116c,,21,79,decision_plus_clearance,11941.860515689666,82060.83198534002,0.0,94002.69250102968,7619.389560708858,78786.07757844099,3189.66852874884,2600.193018059204,1235.0126895365802,572.3511255352397,37.69281374687747,1109.461339877387,6290.002252420411,0.0002795714489783929,151.88869798801957,151.88897755946854,1498.1645097251048,5.650919954631856e-07,cleared,79,False,False,True,9.993254870244944e-07,True,0.005871000428546252,3189.662657748411,94002.69250102971,True,0.0001354999729387817,0.00018589990213513374,34,shared_weighted_euclidean_projector,shared_model_kernel_rcmsa_tagged_transition,released_hmm_filter,79
Reactive,no_release_pacing_authority,test_030_038f4c53d11f,038f4c53d11f455d906ca9a381763816040bd2f31fb252156466a1f74c404471,8b83c669d56287c61d40a0703b8fe7ebc8aa642d9fff413ea893b4f328a3116c,,21,79,decision_plus_clearance,12981.93891713415,76667.83096662899,0.0,89649.76988376313,7876.712433456292,74073.64799328939,2970.018359285343,2807.7843251506024,1289.5524401188509,632.0543324626259,38.86654258683023,1195.9722559221088,6115.908149982167,0.0003342901813673413,141.42911139007307,141.42944568025445,1526.7349168546266,5.368544407631877e-07,cleared,79,False,False,True,9.462539211495746e-07,True,0.007020093808714167,2970.0113391915347,89649.76988376309,True,0.00013448092864737626,0.0001838000025600195,34,shared_weighted_euclidean_projector,shared_model_kernel_rcmsa_tagged_transition,released_hmm_filter,79
Reactive,no_release_pacing_authority,test_031_0a6ff70351b5,0a6ff70351b53c8e7f1de0d141b5084d11039bc524ccd9933f5b23b35b3abd3c,8b83c669d56287c61d40a0703b8fe7ebc8aa642d9fff413ea893b4f328a3116c,,21,79,decision_plus_clearance,12106.44587955126,80268.32697999265,0.0,92374.77285954391,7709.114880975673,77026.54847396849,3113.486012966053,2687.382933581245,1241.5561806479698,596.6843774044796,38.03703568631273,1136.08903032422,6192.898512784828,0.00027652573096166664,148.26096218693823,148.26123871266918,1503.8374046219822,5.14251636070372e-07,cleared,79,False,False,True,9.9550126149904e-07,True,0.005807040350194999,3113.4802059257026,92374.77285954391,True,0.0001306142657995224,0.00018960004672408104,34,shared_weighted_euclidean_projector,shared_model_kernel_rcmsa_tagged_transition,released_hmm_filter,79
Reactive,no_release_pacing_authority,test_032_efdf826e6bc3,efdf826e6bc3db036d5fbf1436f2dc6c248eaee1538597a28304017514dc1eb9,8b83c669d56287c61d40a0703b8fe7ebc8aa642d9fff413ea893b4f328a3116c,,21,79,decision_plus_clearance,13646.607787706751,81491.22055310519,0.0,95137.82834081195,8391.508411567444,78462.69788135702,3147.606884550505,3113.3597770955153,1361.5965833399523,661.0588029014515,41.312274677915845,1325.3802030646543,6456.045234703721,0.00037507429070286866,149.88566704716192,149.88604212145262,1589.670578171205,5.327245428523997e-07,cleared,79,False,False,True,9.177317625136069e-07,True,0.007876560104760242,3147.5990079904004,95137.82834081187,True,0.0001291047360393263,0.00018209987320005894,34,shared_weighted_euclidean_projector,shared_model_kernel_rcmsa_tagged_transition,released_hmm_filter,79
Reactive,no_release_pacing_authority,test_033_de0c441dba67,de0c441dba67f4c18af55eaa8c66ff0e1b4ea0b5a489e9d3e38964a74fdf2af7,8b83c669d56287c61d40a0703b8fe7ebc8aa642d9fff413ea893b4f328a3116c,,21,79,decision_plus_clearance,13150.517856585751,84583.30161691965,0.0,97733.8194735054,8280.664628432587,81167.13453967478,3272.497066298183,3042.293819529559,1331.6584925585728,639.5709270117113,40.835353328601684,1284.863083874483,6558.111721641155,0.0003498207819672766,155.83284381246486,155.83319363324682,1571.8489212472532,5.547788171739889e-07,cleared,79,False,False,True,9.914856040054388e-07,True,0.007346236421312809,3272.489720061762,97733.81947350538,True,0.0001290381464752413,0.00018440000712871552,34,shared_weighted_euclidean_projector,shared_model_kernel_rcmsa_tagged_transition,released_hmm_filter,79
Reactive,no_release_pacing_authority,test_034_a00d80b83640,a00d80b8364074d2d18768806f48ec2e34d59c8935d9982f8be9eed0f991c2da,8b83c669d56287c61d40a0703b8fe7ebc8aa642d9fff413ea893b4f328a3116c,,21,79,decision_plus_clearance,12818.256893191092,86021.1376562954,0.0,98839.39454948649,8100.246702470713,82547.98523430007,3334.8744387071943,2922.4985225313935,1318.1195277560978,615.6701237210252,40.10829620820965,1234.0027461849966,6615.870497257212,0.0003434848338550886,158.80320121550872,158.80354470034257,1555.97858154845,5.637692014234383e-07,cleared,79,False,False,True,9.355727983355735e-07,True,0.007213181510956861,3334.8672255256834,98839.39454948647,True,0.00015884758682832833,0.00018739979714155197,34,shared_weighted_euclidean_projector,shared_model_kernel_rcmsa_tagged_transition,released_hmm_filter,79
Reactive,no_release_pacing_authority,test_035_51fd398978b7,51fd398978b78ec8627904227f514de39808dc8e62092971f9c9d9d0c1a0e84a,8b83c669d56287c61d40a0703b8fe7ebc8aa642d9fff413ea893b4f328a3116c,,21,79,decision_plus_clearance,12034.951701391165,80049.21671190382,0.0,92084.16841329499,7550.126411018099,77039.21218412365,3110.9740836290252,2578.537077272028,1223.1648844505435,582.1537728016411,37.5909742445576,1111.9903647938706,6198.824789599985,0.00027644378087695297,148.1413465861727,148.14162302995356,1489.3566257996204,5.978136685610927e-07,cleared,79,False,False,True,9.626425907219933e-07,True,0.005805319398416013,3110.9682783096264,92084.16841329499,True,0.00016512381400735605,0.00019489997066557407,34,shared_weighted_euclidean_projector,shared_model_kernel_rcmsa_tagged_transition,released_hmm_filter,79
Reactive,no_release_pacing_authority,test_036_7eb6ac1ca077,7eb6ac1ca077683a4409f4f2c9dbb73ac1a32707576f47c8cadd46a203595435,8b83c669d56287c61d40a0703b8fe7ebc8aa642d9fff413ea893b4f328a3116c,,21,79,decision_plus_clearance,12852.839790647535,80560.03502326611,0.0,93412.87481391364,7992.9025882761935,77507.85145452282,3120.3573015947686,2873.06890444392,1282.7860737847866,635.9084912911002,39.4671564543062,1223.7735115474086,6302.079954295468,0.00030688034899633405,148.58813605273522,148.58844293308422,1537.7560231379514,5.266820969808209e-07,cleared,79,False,False,True,9.261445197668282e-07,True,0.006444487328923015,3120.35085710744,93412.87481391359,True,0.00011584762528183914,0.000174699816852808,34,shared_weighted_euclidean_projector,shared_model_kernel_rcmsa_tagged_transition,released_hmm_filter,79
Reactive,no_release_pacing_authority,test_037_f096257ecaa4,f096257ecaa456c423dd2e587c7a0f76747a52746a718c0ca85345f8faa2c9df,8b83c669d56287c61d40a0703b8fe7ebc8aa642d9fff413ea893b4f328a3116c,,21,79,decision_plus_clearance,15902.40396685284,82959.2445027133,0.0,98861.64846956615,9525.01002235198,79952.85515183255,3176.820666604657,3898.065889164844,1578.273038821359,730.6237007907516,46.366398234953174,1630.6259573816633,6771.051095707704,0.000578495790920162,151.27659610443087,151.2771746002218,1715.028888679853,4.5449009237738505e-07,cleared,79,False,False,True,9.73377393926213e-07,True,0.012148411609323402,3176.8085181930483,98861.64846956615,True,0.00011790954020051729,0.0001870999112725258,34,shared_weighted_euclidean_projector,shared_model_kernel_rcmsa_tagged_transition,released_hmm_filter,79
Reactive,no_release_pacing_authority,test_038_b05abc6e01b3,b05abc6e01b3718868c375b47078f5b62629d6eac8227c2b0618a70ea26128fc,8b83c669d56287c61d40a0703b8fe7ebc8aa642d9fff413ea893b4f328a3116c,,21,79,decision_plus_clearance,13725.691205251776,81535.28633744478,0.0,95260.97754269655,8460.540310442311,78379.68828338283,3145.225416239727,3232.408486202107,1376.039722666721,667.075323762897,42.275116934820545,1377.478650358976,6430.997669522647,0.0003900797619849305,149.77224878879645,149.77263886855843,1578.3049865490968,5.299474739405415e-07,cleared,79,False,False,True,9.9853840350457e-07,True,0.008191675001683541,3145.2172245647253,95260.97754269661,True,0.00012390953045160997,0.00017990008927881718,34,shared_weighted_euclidean_projector,shared_model_kernel_rcmsa_tagged_transition,released_hmm_filter,79
Reactive,no_release_pacing_authority,test_039_9c0d1ebe6c19,9c0d1ebe6c190d77dea3345bb6f3b600dad24feb171cfa5b624fa948a7b1d203,8b83c669d56287c61d40a0703b8fe7ebc8aa642d9fff413ea893b4f328a3116c,,21,79,decision_plus_clearance,12683.004142848366,84756.8729259627,0.0,97439.87706881107,8068.4827636904,81232.21632077906,3282.521197703127,2940.0793142186785,1285.7207004837214,630.8567719360469,40.1985562082799,1250.585986120377,6506.576067189519,0.0003009938033874856,156.31023223015504,156.31053322395843,1539.293924232458,5.899489462639284e-07,cleared,79,False,False,True,9.822131291322777e-07,True,0.006320869871137198,3282.5148768332556,97439.87706881102,True,0.00012910953678545498,0.0001767999492585659,34,shared_weighted_euclidean_projector,shared_model_kernel_rcmsa_tagged_transition,released_hmm_filter,79
Reactive,no_release_pacing_authority,test_040_11a8950c659e,11a8950c659e50fc01d8e1413f71ec94f8cee0fde048ef4f8feaf64bf17ebc31,8b83c669d56287c61d40a0703b8fe7ebc8aa642d9fff413ea893b4f328a3116c,,21,79,decision_plus_clearance,12166.088105086508,80185.68241254934,0.0,92351.77051763586,7626.890206403653,77139.73576360564,3113.038620391858,2651.4003140300156,1231.9709793557436,588.7346338490197,38.32592233562785,1149.6724551985903,6210.905802362765,0.00029384096220277836,148.239640463412,148.2399343043742,1490.0350305772756,6.166072278543704e-07,cleared,79,False,False,True,9.860246784380502e-07,True,0.006170660206258345,3113.032449731652,92351.77051763593,True,0.00012441903042296568,0.0001792998518794775,34,shared_weighted_euclidean_projector,shared_model_kernel_rcmsa_tagged_transition,released_hmm_filter,79
Reactive,no_release_pacing_authority,test_041_e58f21dcc209,e58f21dcc209cc30ce7f3c41ea3bb5ca1044d9230ccb95693e6230e9d330fb88,8b83c669d56287c61d40a0703b8fe7ebc8aa642d9fff413ea893b4f328a3116c,,21,79,decision_plus_clearance,12941.197833743629,84782.49621333175,0.0,97723.69404707538,8169.4776313738175,81392.27759172526,3284.471345822449,2946.9881203571817,1317.0732792022,613.406078594462,40.30811283661257,1252.5314245511381,6560.815021431515,0.00034268346332468026,156.4030547366533,156.40339742011662,1565.800288327133,5.598259491604664e-07,cleared,79,False,False,True,9.450609321742082e-07,True,0.007196352729818285,3284.4641494697194,97723.69404707536,True,0.00015621427224860306,0.0001797000877559185,34,shared_weighted_euclidean_projector,shared_model_kernel_rcmsa_tagged_transition,released_hmm_filter,79
Reactive,no_release_pacing_authority,test_042_a77d2ece213a,a77d2ece213ae69417f02560c0642cd54460ae2e8b62820c3370f54e0b0c843f,8b83c669d56287c61d40a0703b8fe7ebc8aa642d9fff413ea893b4f328a3116c,,21,79,decision_plus_clearance,11239.614215819258,81427.49497877408,0.0,92667.10919459333,7290.838810411034,78100.13728759078,3168.2219913837794,2421.1546225632387,1138.7600797672428,547.9964028772756,36.58072094734702,1054.9942110000654,6180.852326037229,0.0002280411366345935,150.86748583428144,150.86771387541808,1447.8679790142392,5.8737623585577e-07,cleared,79,False,False,True,9.903432407067518e-07,True,0.004788863869326464,3168.21720251991,92667.10919459336,True,0.00012591903630111898,0.0001813999842852354,34,shared_weighted_euclidean_projector,shared_model_kernel_rcmsa_tagged_transition,released_hmm_filter,79
Reactive,no_release_pacing_authority,test_043_f1174106175c,f1174106175ca0507fd2efedad3b19e57bbe656b669a63b5f3bddc88ed93905a,8b83c669d56287c61d40a0703b8fe7ebc8aa642d9fff413ea893b4f328a3116c,,21,79,decision_plus_clearance,15089.423768812672,75984.59631821312,0.0,91074.0200870258,8907.840566025428,73600.60806668909,2915.9920396078733,3469.6391136921443,1469.4141619814843,710.5261390297542,43.4330519328636,1472.6246753803564,6318.756850985428,0.0004795806894553376,138.85628421016165,138.8567637908511,1650.6222535371148,4.7544712797491554e-07,cleared,79,False,False,True,9.748808475453142e-07,True,0.01007119447856209,2915.9819684133945,91074.02008702577,True,0.0001453619029018141,0.0001868000254034996,34,shared_weighted_euclidean_projector,shared_model_kernel_rcmsa_tagged_transition,released_hmm_filter,79
Reactive,no_release_pacing_authority,test_044_ed401c94714a,ed401c94714a1b658a7305d216d392780815b859f07387d4086dea53af39e785,8b83c669d56287c61d40a0703b8fe7ebc8aa642d9fff413ea893b4f328a3116c,,21,79,decision_plus_clearance,12208.960968381063,83532.27484757098,0.0,95741.23581595204,7717.600088692522,80283.45360224743,3245.8650759137936,2665.016842442337,1240.659154995341,588.6410516606043,38.33656228923648,1142.6856927234467,6416.5371008948805,0.00029430429972952224,154.56470931064283,154.56500361494255,1512.2970285549839,6.277509870491952e-07,cleared,79,False,False,True,8.936401375691443e-07,True,0.006180390294319967,3245.8588955234995,95741.23581595202,True,0.00013040475148175444,0.0001768998336046934,34,shared_weighted_euclidean_projector,shared_model_kernel_rcmsa_tagged_transition,released_hmm_filter,79
Reactive,no_release_pacing_authority,test_045_af7d3f616c1d,af7d3f616c1d242f60f09f068fd7a769245912bd59097557b89958e0f930fd8e,8b83c669d56287c61d40a0703b8fe7ebc8aa642d9fff413ea893b4f328a3116c,,21,79,decision_plus_clearance,13174.265862675578,85723.47171394518,0.0,98897.73757662076,8272.703576309721,82301.46106435875,3319.4176577923936,3035.2865276311345,1334.1779439594823,634.6908065692223,40.68908297391944,1276.656970668234,6634.736090433703,0.00034352453142736647,158.06716398939207,158.0675075139235,1571.801876867228,5.804033176362853e-07,cleared,79,False,False,True,9.702859221514916e-07,True,0.007214015159974696,3319.4104437772335,98897.73757662071,True,0.00012916189041875658,0.0001922000665217638,34,shared_weighted_euclidean_projector,shared_model_kernel_rcmsa_tagged_transition,released_hmm_filter,79
Reactive,no_release_pacing_authority,test_046_e35b743e6617,e35b743e661721e2867313f4a6007e66923f4308dd844f736246ad22f905305e,8b83c669d56287c61d40a0703b8fe7ebc8aa642d9fff413ea893b4f328a3116c,,21,79,decision_plus_clearance,12775.060020816636,87288.67189238974,0.0,100063.73191320637,8119.262183567626,83717.87396251677,3385.399682786401,2916.1885579524405,1314.1805713046988,610.8269550784468,40.16020384536932,1233.7247929624864,6685.806212835622,0.00034075007135171584,161.20916795404298,161.20950870411434,1559.1418786034594,6.189088773559298e-07,cleared,79,False,False,True,9.940286706674604e-07,True,0.007155751498386032,3385.3925270349027,100063.73191320637,True,0.0001495714033288615,0.00019200006499886513,34,shared_weighted_euclidean_projector,shared_model_kernel_rcmsa_tagged_transition,released_hmm_filter,79
Reactive,no_release_pacing_authority,test_047_20c1f89391c1,20c1f89391c1a8fce9e63acefb218921593c303986fc79bf1eaf29fd9b27694e,8b83c669d56287c61d40a0703b8fe7ebc8aa642d9fff413ea893b4f328a3116c,,21,79,decision_plus_clearance,12574.813576303586,92153.44043996042,0.0,104728.254016264,8264.52893287899,87938.44077296268,3569.4377533195366,3044.7766507154615,1303.3154510503357,607.7544553369895,40.96781796856343,1266.5853152225875,6913.972831498136,0.0003274442141868108,169.97289890433515,169.97322634854933,1564.5051265928769,6.157728991168579e-07,cleared,79,False,False,True,9.958044551412347e-07,True,0.006876328497923027,3569.430876991038,104728.254016264,True,0.0001346762292087078,0.00017959997057914734,34,shared_weighted_euclidean_projector,shared_model_kernel_rcmsa_tagged_transition,released_hmm_filter,79
Reactive,no_release_pacing_authority,test_048_eeaf6a6a0a15,eeaf6a6a0a158e1862d5cbdc734d51cf09860f78311911e19e234cde4f8662d2,8b83c669d56287c61d40a0703b8fe7ebc8aa642d9fff413ea893b4f328a3116c,,21,79,decision_plus_clearance,12731.461985021864,85992.88129294178,0.0,98724.34327796364,8088.875861792555,82392.62438289491,3332.045884863148,2983.654987828029,1306.2210633765806,620.9210972084782,40.803509872169826,1272.4235867049824,6564.419695388909,0.00033623693645754607,158.66851542321345,158.6688516601499,1535.179957162776,6.078245590928097e-07,cleared,79,False,False,True,9.988807392968035e-07,True,0.007060975665608467,3332.0388238874825,98724.34327796371,True,0.00014274284642721926,0.0001813000999391079,34,shared_weighted_euclidean_projector,shared_model_kernel_rcmsa_tagged_transition,released_hmm_filter,79
Reactive,no_release_pacing_authority,test_049_343da3774e7e,343da3774e7e8e5143d50e3c5214e3dab09c23d71b2e4947c09263a8e3d1d8f7,8b83c669d56287c61d40a0703b8fe7ebc8aa642d9fff413ea893b4f328a3116c,,21,78,decision_plus_clearance,12427.228212456916,71710.6139899978,0.0,84137.84220245472,7571.799020120872,69397.18771688118,2778.3657200550033,2562.690644782744,1221.2367850968865,606.5623155180531,36.90051602658423,1105.2984957319866,5791.59673480706,0.0002866256107154288,132.30284290081804,132.30312952642876,1497.6773767543868,9.851085521458013e-07,cleared,78,False,False,True,9.945075017670827e-07,True,0.006019137825024005,2778.3597009171785,84137.84220245475,True,0.00012782380162250427,0.00019820011220872402,34,shared_weighted_euclidean_projector,shared_model_kernel_rcmsa_tagged_transition,released_hmm_filter,78
Reactive,no_release_pacing_authority,test_050_1c7612d8bc63,1c7612d8bc6352712fb0a5140912bb4dcf0178405305be2a668e7cf192566507,8b83c669d56287c61d40a0703b8fe7ebc8aa642d9fff413ea893b4f328a3116c,,21,79,decision_plus_clearance,11818.86306998379,76674.00946039346,0.0,88492.87253037725,7350.162876934313,73949.92338489265,2982.138219006318,2456.2792436751106,1167.2482313791984,587.1205744896367,36.39038027071446,1065.4437051801326,5983.567074362115,0.0002457584532406969,142.0063360989905,142.00658185744373,1459.310155012314,6.036765843173436e-07,cleared,79,False,False,True,9.893917537281725e-07,True,0.005160927518054634,2982.1330580788003,88492.87253037722,True,0.0001348381019419148,0.0001881001517176628,34,shared_weighted_euclidean_projector,shared_model_kernel_rcmsa_tagged_transition,released_hmm_filter,79
Reactive,no_release_pacing_authority,test_051_5747c87e6d9a,5747c87e6d9ace089dca37ca64fb5e904cbbd79136b0c4d74ea0a4390bb94034,8b83c669d56287c61d40a0703b8fe7ebc8aa642d9fff413ea893b4f328a3116c,,21,79,decision_plus_clearance,11426.742516458891,74725.29239650928,0.0,86152.03491296817,7252.509600474602,71824.62939782339,2901.7491597976964,2432.104210319468,1173.1196007565552,567.9229437965176,36.27585933354383,1051.3938618835232,5797.550704166847,0.00024393235805836815,138.17828748657988,138.17853141893792,1436.6810402373274,4.554987729489161e-07,cleared,79,False,False,True,9.87746354795673e-07,True,0.005122579519225731,2901.7440372181773,86152.03491296821,True,0.00014810001344553063,0.00018190010450780392,34,shared_weighted_euclidean_projector,shared_model_kernel_rcmsa_tagged_transition,released_hmm_filter,79
Reactive,no_release_pacing_authority,test_052_9760565f31de,9760565f31de15242f359a838a120dd71ffb6d8dd1020fdd4287b6afdf35b97c,8b83c669d56287c61d40a0703b8fe7ebc8aa642d9fff413ea893b4f328a3116c,,21,79,decision_plus_clearance,13449.144595700924,78737.02199143056,0.0,92186.16658713149,8208.21420048684,75923.76816765347,3042.0212215777833,3021.2093912556643,1340.8107913852496,650.1428147724603,40.53248919286096,1283.5007146182215,6275.617165661105,0.00037094372331027635,144.85778246474257,144.85815340846588,1563.8396542517644,4.914874689280649e-07,cleared,79,False,False,True,9.977381482163882e-07,True,0.007789818189515804,3042.013431759594,92186.16658713146,True,0.00014890476484738646,0.00019090017303824425,34,shared_weighted_euclidean_projector,shared_model_kernel_rcmsa_tagged_transition,released_hmm_filter,79
Reactive,no_release_pacing_authority,test_053_4473e6f72168,4473e6f7216884984406f8aef487c6686108cdbdbead4e89b46bcc827017f85e,8b83c669d56287c61d40a0703b8fe7ebc8aa642d9fff413ea893b4f328a3116c,,21,79,decision_plus_clearance,13143.910686072179,78114.25894526558,0.0,91258.16963133776,8131.167178745016,75151.37548612697,3016.6119951018495,2997.275040295975,1328.3542631055896,633.3856679622912,40.223540509379475,1265.4138062708537,6182.8867516022965,0.0003367884783625135,143.64785345446685,143.64819024294522,1548.7671215013634,4.529927724098697e-07,cleared,79,False,False,True,8.95698257062379e-07,True,0.007072558045612783,3016.604922543804,91258.16963133769,True,0.00014786668387906893,0.00019390019588172436,34,shared_weighted_euclidean_projector,shared_model_kernel_rcmsa_tagged_transition,released_hmm_filter,79
Reactive,no_release_pacing_authority,test_054_c66f0b1dacc4,c66f0b1dacc4b499fb5fafd7b24077901e59bb19b93546020b7316e75636dc3c,8b83c669d56287c61d40a0703b8fe7ebc8aa642d9fff413ea893b4f328a3116c,,21,79,decision_plus_clearance,12205.800578257948,86880.07328329264,0.0,99085.87386155059,7892.935667641454,83215.73869843505,3372.2034433927292,2769.099428019995,1249.2076974621234,586.6889265992546,39.013827362868994,1172.462710837566,6597.489433970279,0.00029398159145974085,160.5808223704433,160.58111635203474,1529.7412055672326,5.840659650582337e-07,cleared,79,False,False,True,9.803881587479938e-07,True,0.006173613420654558,3372.197269779309,99085.87386155062,True,0.00014793331779184795,0.0001851001288741827,34,shared_weighted_euclidean_projector,shared_model_kernel_rcmsa_tagged_transition,released_hmm_filter,79
Reactive,no_release_pacing_authority,test_055_f90330578051,f90330578051a0ac7d073b0006ba832b11d6170521fff7ce97460ddcd2cba92c,8b83c669d56287c61d40a0703b8fe7ebc8aa642d9fff413ea893b4f328a3116c,,21,79,decision_plus_clearance,13633.151988965263,89120.7128385199,0.0,102753.86482748517,8658.289750576561,85273.39008851514,3442.3347664717326,3318.3610750828675,1393.4478060587905,668.0413407800808,43.05466232191375,1403.8884191157151,6843.000342679216,0.0003744107591710889,163.92032875456144,163.92070316532062,1609.0367019609705,6.010549077740389e-07,cleared,79,False,False,True,9.605767840225413e-07,True,0.007862625942592866,3442.32690384579,102753.86482748516,True,0.0001248571289969342,0.00017730006948113441,34,shared_weighted_euclidean_projector,shared_model_kernel_rcmsa_tagged_transition,released_hmm_filter,79
Reactive,no_release_pacing_authority,test_056_b2c64046cef9,b2c64046cef9c3c8c1d997032493b7ac82c1af8485fa09f9c11b9c6d822ea478,8b83c669d56287c61d40a0703b8fe7ebc8aa642d9fff413ea893b4f328a3116c,,21,79,decision_plus_clearance,12636.93305661419,76592.94032606056,0.0,89229.87338267475,7792.741461720964,73853.34230366963,2967.8865797202743,2727.685059138303,1260.649151459721,627.5688269657761,38.369687612512806,1171.3436806937657,6064.583375195087,0.00029447928108400535,141.32763788835103,141.32793236763212,1517.6749404650755,5.086989416113661e-07,cleared,79,False,False,True,9.86385129441903e-07,True,0.006184064902764112,2967.8803956553716,89229.87338267465,True,0.00012580474971660545,0.00022990000434219837,34,shared_weighted_euclidean_projector,shared_model_kernel_rcmsa_tagged_transition,released_hmm_filter,79
Reactive,no_release_pacing_authority,test_057_bf11b8e004e2,bf11b8e004e2675983bf718fcc9085ea691c39d83a93ed2726c993f568ae7b13,8b83c669d56287c61d40a0703b8fe7ebc8aa642d9fff413ea893b4f328a3116c,,21,79,decision_plus_clearance,12386.997988794552,81271.81985775284,0.0,93658.81784654739,7745.267742943684,78214.38928172013,3155.9355252305913,2680.6683433890494,1280.6603836172524,581.8965696467146,38.190202589992076,1134.8227254980989,6311.580671940803,0.00032125405459500607,150.282322804545,150.2826440585996,1521.8282051968085,5.539235118907474e-07,cleared,79,False,False,True,9.682107586414557e-07,True,0.006746335146495128,3155.9287788954452,93658.81784654743,True,0.0001369285885067213,0.0001835001166909933,34,shared_weighted_euclidean_projector,shared_model_kernel_rcmsa_tagged_transition,released_hmm_filter,79
Reactive,no_release_pacing_authority,test_058_fbcfbffca03e,fbcfbffca03e44547ea319ed2d43b06e5f628f750b3d1a41c39a0846aecd36c4,8b83c669d56287c61d40a0703b8fe7ebc8aa642d9fff413ea893b4f328a3116c,,21,79,decision_plus_clearance,13968.38060364614,87262.9564669573,0.0,101231.33707060345,8683.491025316032,83773.78948734765,3369.37918194919,3320.464794436519,1409.743884967978,674.4686965860557,42.95086310239723,1403.98559615021,6802.37133979427,0.00040852925599271594,160.4462191826102,160.4466277118662,1618.2829355622246,6.071785420976502e-07,cleared,79,False,False,True,9.881924602705816e-07,True,0.008579114375847035,3369.3706028348142,101231.33707060342,True,0.0001329761996333088,0.00018859980627894402,34,shared_weighted_euclidean_projector,shared_model_kernel_rcmsa_tagged_transition,released_hmm_filter,79
Reactive,no_release_pacing_authority,test_059_d22925a9593f,d22925a9593fa401ece13fc7588e32d8a890971a8c128175ef3afe51e59bbbae,8b83c669d56287c61d40a0703b8fe7ebc8aa642d9fff413ea893b4f328a3116c,,21,79,decision_plus_clearance,12357.463209653992,80907.2890259345,0.0,93264.75223558849,7760.2050600466,77798.05679989351,3140.3984690450666,2708.1826057072076,1275.537444260624,582.3718566354819,38.52110494359049,1155.031677170082,6275.786362278752,0.0003158061704704558,149.54246843407077,149.54278424024125,1516.1654148386438,5.331111954488987e-07,cleared,79,False,False,True,9.979421960335446e-07,True,0.006631929579879572,3140.391837115486,93264.75223558849,True,0.00015390001326089813,0.00018779980018734932,34,shared_weighted_euclidean_projector,shared_model_kernel_rcmsa_tagged_transition,released_hmm_filter,79
Reactive,no_release_pacing_authority,test_060_b3feb9e274c2,b3feb9e274c243af57931bb81154ddcd4db25503aef66fcc12b42f42f154b7ce,8b83c669d56287c61d40a0703b8fe7ebc8aa642d9fff413ea893b4f328a3116c,,21,79,decision_plus_clearance,13113.255334997955,83974.8636163691,0.0,97088.11895136705,8200.028278568683,80673.3611783708,3251.451489175055,2996.547501402469,1334.3160912382255,632.4144126117975,40.38724424676033,1261.3983001079955,6526.172209849015,0.00033850481543184336,154.8306847892348,154.83102329405023,1567.4581511339297,5.469862731093474e-07,cleared,79,False,False,True,9.69129177686329e-07,True,0.00710860112406871,3251.4443805739306,97088.11895136705,True,0.00011466187424957752,0.00018279999494552612,34,shared_weighted_euclidean_projector,shared_model_kernel_rcmsa_tagged_transition,released_hmm_filter,79
Reactive,no_release_pacing_authority,test_061_627abde70c26,627abde70c260fe7d7dfdd8a0ae46ef10630e9ce7d5542c218bfb019b77707b7,8b83c669d56287c61d40a0703b8fe7ebc8aa642d9fff413ea893b4f328a3116c,,21,79,decision_plus_clearance,12984.601330783347,82048.70418854579,0.0,95033.30551932914,8107.667153784552,78886.41903180533,3177.4547425498445,2907.9589943043106,1338.8229887133673,614.982608171719,39.91757672389317,1230.2269120316348,6411.987739228243,0.0003625809405734632,151.30700611190917,151.30736869284974,1562.4419077230775,4.760941605204567e-07,cleared,79,False,False,True,9.398691493680428e-07,True,0.007614199752042727,3177.4471283500925,95033.30551932912,True,0.00014738571120514755,0.00018409988842904568,34,shared_weighted_euclidean_projector,shared_model_kernel_rcmsa_tagged_transition,released_hmm_filter,79
Reactive,no_release_pacing_authority,test_062_0c9ea14e9507,0c9ea14e9507679b12568ca09440ee0d472e13c1d2a4d4df4f22d9720c95b81b,8b83c669d56287c61d40a0703b8fe7ebc8aa642d9fff413ea893b4f328a3116c,,21,79,decision_plus_clearance,12961.764536896579,87862.50737948234,0.0,100824.27191637892,8245.996342151688,84228.71999334109,3404.560449376196,2990.939243671712,1346.4323599563443,607.623527881877,40.902305508492056,1271.2773272944964,6737.4567346187,0.0003593464427920774,162.12156681432847,162.12192616077127,1578.9504325234698,5.90747521215387e-07,cleared,79,False,False,True,9.804853340026935e-07,True,0.0075462752986336255,3404.5529031008978,100824.27191637892,True,0.0001324523195979141,0.0001884999219328165,34,shared_weighted_euclidean_projector,shared_model_kernel_rcmsa_tagged_transition,released_hmm_filter,79
Reactive,no_release_pacing_authority,test_063_44f0f2a191ef,44f0f2a191eff5a5bb9fb795dad447d7fc7e78fd849c2393842ed70164a5fcda,8b83c669d56287c61d40a0703b8fe7ebc8aa642d9fff413ea893b4f328a3116c,,21,79,decision_plus_clearance,11780.494398587398,83283.98900102139,0.0,95064.48339960878,7585.8642518115,79824.27912804126,3235.841205956495,2620.0226704832867,1234.4365103208747,564.0396329953819,38.14577171841336,1125.1036887490582,6328.347158074007,0.00028859533349051157,154.0873878787853,154.0876764741188,1483.9004163256332,5.603611274989412e-07,cleared,79,False,False,True,9.563794965059965e-07,True,0.006060502003300743,3235.8351454544913,95064.4833996088,True,0.00014431423152841272,0.00018649990670382977,34,shared_weighted_euclidean_projector,shared_model_kernel_rcmsa_tagged_transition,released_hmm_filter,79
Reactive,no_release_pacing_authority,test_064_27d69866b791,27d69866b79138686724529a21cb6e323bfdcf5210778f504d0eb950a434b33a,8b83c669d56287c61d40a0703b8fe7ebc8aa642d9fff413ea893b4f328a3116c,,21,79,decision_plus_clearance,11494.036447698703,72601.83818388246,0.0,84095.87463158116,7095.952904918811,70157.23392155755,2826.0621870085106,2305.443393990778,1157.7253907459992,553.4568333595125,34.8455408090239,985.5096562261393,5714.189331310776,0.0002497079051417979,134.57414014964297,134.5743898575481,1430.0387233904864,5.327711545158967e-07,cleared,79,False,False,True,9.437951752017116e-07,True,0.005243866007977755,2826.0569431425024,84095.87463158116,True,0.0001367952430709487,0.00020430004224181175,34,shared_weighted_euclidean_projector,shared_model_kernel_rcmsa_tagged_transition,released_hmm_filter,79
Reactive,no_release_pacing_authority,test_065_930038cc16e9,930038cc16e99dda3abddced3121095d94183071473ae7d8535bf0ab56c97fc9,8b83c669d56287c61d40a0703b8fe7ebc8aa642d9fff413ea893b4f328a3116c,,21,79,decision_plus_clearance,11965.621909685482,86695.99880559274,0.0,98661.62071527822,7668.705846716432,83178.1856781825,3373.821463551813,2630.3004106112016,1233.8682490054073,576.7390672108806,38.338251556910976,1134.5240518162118,6562.83271624553,0.0002768508516082464,160.6578880801871,160.6581649310387,1507.3565258662131,6.881771388992909e-07,cleared,79,False,False,True,9.263578216387909e-07,True,0.005813867883773175,3373.8156496839288,98661.62071527823,True,0.00013917621358164718,0.0001859001349657774,34,shared_weighted_euclidean_projector,shared_model_kernel_rcmsa_tagged_transition,released_hmm_filter,79
Reactive,no_release_pacing_authority,test_066_28fb87ba4913,28fb87ba4913ced186980dcbc093c47e083f79b8e740a1acb42c6392df84b3a3,8b83c669d56287c61d40a0703b8fe7ebc8aa642d9fff413ea893b4f328a3116c,,21,79,decision_plus_clearance,13820.268673120096,87435.28681312928,0.0,101255.55548624937,8762.542416491013,83623.7946856201,3371.3005194963534,3407.6508315573196,1422.5506994228701,667.7163336617152,43.42616376553478,1428.3534490097509,6752.057934982845,0.0003823401289044381,160.5377376358879,160.53811997601682,1614.612756079006,5.975447120643097e-07,cleared,79,False,False,True,9.931655982535718e-07,True,0.008029142706993201,3371.292490353646,101255.55548624934,True,0.00014533334234285923,0.0001914000604301691,34,shared_weighted_euclidean_projector,shared_model_kernel_rcmsa_tagged_transition,released_hmm_filter,79
Reactive,no_release_pacing_authority,test_067_4d46fa716471,4d46fa716471fa4d60109942ef5bb2dd1232241a3c67bc5b1cfc29fc39cbfd18,8b83c669d56287c61d40a0703b8fe7ebc8aa642d9fff413ea893b4f328a3116c,,21,79,decision_plus_clearance,12115.860579826967,85587.95564154218,0.0,97703.81622136915,7856.8114922473815,81897.28627896002,3321.2167630092526,2781.9915515543803,1257.7653656319394,588.7447699661759,39.28544983409832,1186.8316826998227,6482.949649410357,0.0002920605369034327,158.1528871303799,158.1531791909168,1515.7155127846183,5.605549605573136e-07,cleared,79,False,False,True,9.910151427099483e-07,True,0.006133271274972087,3321.210629737978,97703.81622136915,True,0.00012902856715733097,0.0001789000816643238,34,shared_weighted_euclidean_projector,shared_model_kernel_rcmsa_tagged_transition,released_hmm_filter,79
Reactive,no_release_pacing_authority,test_068_93da1d4ae1ba,93da1d4ae1ba5b053059e9b89e557fda34a240b0e754e3a555372b254463a63a,8b83c669d56287c61d40a0703b8fe7ebc8aa642d9fff413ea893b4f328a3116c,,21,79,decision_plus_clearance,13618.361192865399,89467.53335548136,0.0,103085.89454834675,8643.603654919083,85650.3896507828,3458.850695041848,3280.793771639686,1395.590642631514,656.666133331828,42.87869129884671,1393.8744685084262,6870.229212893589,0.00037620661202951113,164.7067997477617,164.70717595437372,1613.374416199725,5.877959039253261e-07,cleared,79,False,False,True,9.808107725226669e-07,True,0.007900338852619733,3458.8427947029954,103085.89454834677,True,0.00011607616518934567,0.0001884999219328165,34,shared_weighted_euclidean_projector,shared_model_kernel_rcmsa_tagged_transition,released_hmm_filter,79
Reactive,no_release_pacing_authority,test_069_5b01ea54b2fa,5b01ea54b2fa549608732665cf72566100e6d5765b097dd29e2f07654d97e94a,8b83c669d56287c61d40a0703b8fe7ebc8aa642d9fff413ea893b4f328a3116c,,21,79,decision_plus_clearance,13010.527776930998,74526.83502819811,0.0,87537.36280512912,7912.395920642331,71992.2614438503,2884.9106414999355,2812.664956528723,1319.312100880324,615.8177417275281,38.76117204318939,1191.152366191974,5976.946102844012,0.0003373183183227136,137.37635989596433,137.37669721428264,1536.844530250576,4.367809984648491e-07,cleared,79,False,False,True,9.868311206436231e-07,True,0.007083684684776986,2884.9035578152507,87537.36280512915,True,0.00013524762886975492,0.00018500001169741154,34,shared_weighted_euclidean_projector,shared_model_kernel_rcmsa_tagged_transition,released_hmm_filter,79
Reactive,no_release_pacing_authority,test_070_0cd9bcac96c3,0cd9bcac96c35799fee58a41df95758c42fc0c84363a570dadf82c310f780fc2,8b83c669d56287c61d40a0703b8fe7ebc8aa642d9fff413ea893b4f328a3116c,,21,79,decision_plus_clearance,13592.470153093169,84831.98456834977,0.0,98424.45472144293,8616.806656539819,81202.13238095738,3269.9489772284383,3285.861744603906,1400.6650187982912,649.0399433150841,42.34955475253473,1367.6343472601452,6598.250783021035,0.0003697130734574278,155.7114863454236,155.71185605849706,1607.0623671270648,5.064338898466807e-07,cleared,79,False,False,True,9.981845740428387e-07,True,0.0077639745426059835,3269.9412132538955,98424.45472144292,True,0.000130552388284178,0.0001829999964684248,34,shared_weighted_euclidean_projector,shared_model_kernel_rcmsa_tagged_transition,released_hmm_filter,79
Reactive,no_release_pacing_authority,test_071_34f77888383f,34f77888383fb5b7dddc8c7fc1f8ab1980f574da89d48920167bc6e4a5baac19,8b83c669d56287c61d40a0703b8fe7ebc8aa642d9fff413ea893b4f328a3116c,,21,79,decision_plus_clearance,11282.508777235143,76243.94711933011,0.0,87526.45589656525,7207.640308537503,73282.42941212062,2961.71134072635,2402.8629669842608,1137.2614236974669,534.550444499066,35.6467029437763,1017.7652312821265,5898.313034825624,0.00024135563019790076,141.03363201229124,141.03387336792144,1438.235442231372,5.075690667935411e-07,cleared,79,False,False,True,9.73007697582147e-07,True,0.0050684682341559165,2961.706272258116,87526.45589656527,True,0.00014192856005614712,0.00018649990670382977,34,shared_weighted_euclidean_projector,shared_model_kernel_rcmsa_tagged_transition,released_hmm_filter,79
Reactive,no_release_pacing_authority,test_072_8e59fac0e6c8,8e59fac0e6c81b34fdbf7517a855653a3cd0a095878de09734040c0d4127fdc1,8b83c669d56287c61d40a0703b8fe7ebc8aa642d9fff413ea893b4f328a3116c,,21,79,decision_plus_clearance,12324.3998584003,82433.60689758303,0.0,94758.00675598333,7869.674259722389,79049.97011054354,3196.671549828026,2773.90273001724,1257.7907275244897,609.9973783476445,38.99164774207051,1187.3635957802146,6334.2365244594275,0.00027813644390440575,152.2221766172716,152.2224547537155,1522.2451992024803,5.423748868631222e-07,cleared,79,False,False,True,9.722246201764346e-07,True,0.005840865321992521,3196.665708962704,94758.00675598334,True,0.00012241904845549945,0.0001705000177025795,34,shared_weighted_euclidean_projector,shared_model_kernel_rcmsa_tagged_transition,released_hmm_filter,79
Reactive,no_release_pacing_authority,test_073_69349232969b,69349232969bf4c86d2f494ebcfdc30419a510d14224ddded4cf0b0572c985f7,8b83c669d56287c61d40a0703b8fe7ebc8aa642d9fff413ea893b4f328a3116c,,21,79,decision_plus_clearance,13356.046145063288,82724.63309637368,0.0,96080.67924143697,8264.294886846039,79523.3438880438,3199.4502966083924,3090.967578169007,1356.8898741263881,645.7327176433389,41.22522240383683,1306.8373584498383,6463.752823004209,0.00037911419230306535,152.35439691477876,152.35477602897106,1563.6679547801184,5.451708927274761e-07,cleared,79,False,False,True,9.912321208841397e-07,True,0.007961398038364372,3199.442335210354,96080.67924143696,True,0.00013333331749197983,0.00018730014562606812,34,shared_weighted_euclidean_projector,shared_model_kernel_rcmsa_tagged_transition,released_hmm_filter,79
Reactive,no_release_pacing_authority,test_074_212affc962e2,212affc962e28f58fe45099916e12acf08d12bd5b6ae1e8be69e32f2992b7426,8b83c669d56287c61d40a0703b8fe7ebc8aa642d9fff413ea893b4f328a3116c,,21,79,decision_plus_clearance,13286.199358438163,81109.3204116875,0.0,94395.51977012565,8212.138748523144,78022.20729892819,3134.4989387530213,3044.4426335533685,1345.2121167984787,637.0200335694501,41.09641659164375,1303.3962351441119,6380.995430198319,0.000374735518968589,149.26147949081536,149.26185422633432,1558.65130925247,5.534909066794476e-07,cleared,79,False,False,True,9.928593219286263e-07,True,0.007869445898340368,3134.4910693071224,94395.51977012564,True,0.0001449761801354942,0.00018429988995194435,34,shared_weighted_euclidean_projector,shared_model_kernel_rcmsa_tagged_transition,released_hmm_filter,79
Reactive,no_release_pacing_authority,test_075_8de4e41c7ad9,8de4e41c7ad941d139487bf1af6be7e835a7c841f83db6f4b9e0876bff23bb48,8b83c669d56287c61d40a0703b8fe7ebc8aa642d9fff413ea893b4f328a3116c,,21,79,decision_plus_clearance,12128.222638932428,75871.36012276984,0.0,87999.58276170227,7514.383637145618,73126.39255974248,2943.2670163998014,2602.4460781342154,1211.2723433583956,601.8211269217785,37.37252679456527,1111.8956462822143,5962.564380898098,0.0002862056400053807,140.15528600387435,140.15557220951436,1476.5020328373312,4.827481138224877e-07,cleared,79,False,False,True,9.978934759951212e-07,True,0.006010318440112995,2943.2610060813613,87999.58276170227,True,0.0001252951832222087,0.00018820003606379032,34,shared_weighted_euclidean_projector,shared_model_kernel_rcmsa_tagged_transition,released_hmm_filter,79
Reactive,no_release_pacing_authority,test_076_48339f21c8ec,48339f21c8ec04a89d1fa33ffb9bd38ffc2087720a9e6d22241a14418438a684,8b83c669d56287c61d40a0703b8fe7ebc8aa642d9fff413ea893b4f328a3116c,,21,79,decision_plus_clearance,13862.133998380088,89148.05491982613,0.0,103010.18891820622,8771.999584642004,85332.60151820544,3442.5642750389316,3370.45509266255,1432.2557757975155,660.312671859794,43.36145424394786,1421.5570190133465,6867.748977970649,0.00038910411893942806,163.9312430405921,163.93163214471105,1628.6801211528377,6.166722911594163e-07,cleared,79,False,False,True,9.57529245247992e-07,True,0.00817118649772799,3442.5561038524343,103010.18891820624,True,0.00013247141171069372,0.0001892999280244112,34,shared_weighted_euclidean_projector,shared_model_kernel_rcmsa_tagged_transition,released_hmm_filter,79
Reactive,no_release_pacing_authority,test_077_b1f2e84dc844,b1f2e84dc844662b5d1fd981486515a77f37fa4bd91d8f1c5bdc9de643205101,8b83c669d56287c61d40a0703b8fe7ebc8aa642d9fff413ea893b4f328a3116c,,21,79,decision_plus_clearance,13402.617383193432,78405.64898926433,0.0,91808.26637245776,8134.3033538358095,75650.87778085454,3031.7985420868968,3007.6140120282726,1324.5193157454605,659.1533679067902,40.35424129894828,1279.8496218901269,6236.235832407478,0.0003485932114856087,144.3710105537836,144.3713591469951,1546.6910894674775,5.691494479051382e-07,cleared,79,False,False,True,9.958766719190503e-07,True,0.007320457441197783,3031.791221629456,91808.26637245779,True,0.00014254283381714706,0.00019729998894035816,34,shared_weighted_euclidean_projector,shared_model_kernel_rcmsa_tagged_transition,released_hmm_filter,79
Reactive,no_release_pacing_authority,test_078_367d379a9297,367d379a9297286f557f72f155581887362331484e75dc530b5d1e7702215749,8b83c669d56287c61d40a0703b8fe7ebc8aa642d9fff413ea893b4f328a3116c,,21,79,decision_plus_clearance,13207.895713124764,79426.22132927625,0.0,92634.117042401,8124.806770446305,76520.58743422397,3070.439924070147,2975.4272692031113,1283.9419375474654,658.9137069100476,39.91816804423033,1264.9337546474637,6286.38224769212,0.00030732453010449,146.21111763119117,146.21142495572127,1548.0828475543033,5.367714256915847e-07,cleared,79,False,False,True,9.778823436151526e-07,True,0.00645381513219429,3070.4334702550145,92634.11704240105,True,0.0001625952399557545,0.00019740010611712933,34,shared_weighted_euclidean_projector,shared_model_kernel_rcmsa_tagged_transition,released_hmm_filter,79
Reactive,no_release_pacing_authority,test_079_bce06ca59758,bce06ca59758dbd98389f738153975aa7a35c811fa8594d1d0e258628ef96d65,8b83c669d56287c61d40a0703b8fe7ebc8aa642d9fff413ea893b4f328a3116c,,21,79,decision_plus_clearance,11374.82973166701,75562.42606614486,0.0,86937.25579781187,7102.665129798208,72904.23860117335,2943.650734899283,2288.5887897289285,1152.2722038610054,545.8403383510569,34.87694418891851,976.7146040594513,5878.581656397685,0.0002478448579978074,140.17359667415548,140.17384451901347,1435.2607919542065,5.817316631374214e-07,cleared,79,False,False,True,9.626343109382313e-07,True,0.005204742017953955,2943.645530157265,86937.25579781184,True,0.0001476714387536049,0.0001900000497698784,34,shared_weighted_euclidean_projector,shared_model_kernel_rcmsa_tagged_transition,released_hmm_filter,79
Reactive,no_release_pacing_authority,test_080_e669407a98d7,e669407a98d788999f61cc42f0d91ad3f73f1d4c7c567a28c5df008483262012,8b83c669d56287c61d40a0703b8fe7ebc8aa642d9fff413ea893b4f328a3116c,,21,79,decision_plus_clearance,13269.068070438347,86910.87701796938,0.0,100179.94508840772,8408.221438087348,83305.70289840594,3362.7683034443985,3112.4110285616907,1379.061157640237,611.7802622681551,41.52512573720643,1307.0895055820454,6703.6628556596,0.00040876337541763755,160.13141521016738,160.1318239735428,1589.4693121933146,5.008259563041969e-07,cleared,79,False,False,True,9.730743934404965e-07,True,0.008584030883770388,3362.759719413515,100179.94508840778,True,0.00011387143638871966,0.000192900188267231,34,shared_weighted_euclidean_projector,shared_model_kernel_rcmsa_tagged_transition,released_hmm_filter,79
Reactive,no_release_pacing_authority,test_081_fbbd80304765,fbbd803047650db226feaa75de7119d49ed8d237f46bb4c3b1122439776b0ba3,8b83c669d56287c61d40a0703b8fe7ebc8aa642d9fff413ea893b4f328a3116c,,21,79,decision_plus_clearance,11620.894632348714,86466.23572417781,0.0,98087.13035652653,7600.858056655745,82785.8936908721,3362.87832384488,2573.6588449758187,1215.5941477884737,548.2472923895256,37.69330756262203,1094.1565304675191,6509.8653410382785,0.0002723771377230209,160.13679066309467,160.1370630402324,1496.2773684677943,6.143138367155345e-07,cleared,79,False,False,True,9.793887100256795e-07,True,0.005719919892183439,3362.872603924988,98087.13035652654,True,0.00013293332553335598,0.00017310003750026226,34,shared_weighted_euclidean_projector,shared_model_kernel_rcmsa_tagged_transition,released_hmm_filter,79
Reactive,no_release_pacing_authority,test_082_2cf496ac3a99,2cf496ac3a99b59959fd7b5de1a04776b86b60eee9dcd086bd37dfc0c4edb16c,8b83c669d56287c61d40a0703b8fe7ebc8aa642d9fff413ea893b4f328a3116c,,21,79,decision_plus_clearance,13594.685021215379,83953.19950317817,0.0,97547.88452439355,8477.110712798341,80640.40569106082,3241.95873785383,3163.9976963135387,1371.0778304005064,653.3338559664895,41.640043044557075,1333.3650890130546,6582.008665864359,0.00038414251073618183,154.37860337433833,154.37898751684907,1598.6617851532526,4.77592654612211e-07,cleared,79,False,False,True,9.171604221694931e-07,True,0.00806699272545982,3241.9506708611048,97547.88452439352,True,0.00013445235700124787,0.0001938999630510807,34,shared_weighted_euclidean_projector,shared_model_kernel_rcmsa_tagged_transition,released_hmm_filter,79
Reactive,no_release_pacing_authority,test_083_4cbdde5f376f,4cbdde5f376f40f80c1ddb1ed6bdd46a705c890728c9a5d74d7af9a990a98cc8,8b83c669d56287c61d40a0703b8fe7ebc8aa642d9fff413ea893b4f328a3116c,,21,79,decision_plus_clearance,13124.404626163263,80266.36099267994,0.0,93390.7656188432,8056.8864551908455,77364.53066020728,3109.2367423130245,2893.878160035882,1340.2577807242185,625.9758203719481,39.72987499072765,1224.4550086830748,6331.832055292401,0.00037160282948622305,148.0585208882669,148.0588924910964,1558.194972616626,5.054227243981348e-07,cleared,79,False,False,True,9.656260915011837e-07,True,0.007803659419210684,3109.228938653605,93390.7656188432,True,0.00015836191319283985,0.00018170010298490524,34,shared_weighted_euclidean_projector,shared_model_kernel_rcmsa_tagged_transition,released_hmm_filter,79
Reactive,no_release_pacing_authority,test_084_513eb18f351c,513eb18f351c0ae9049df078bb1de046440084ba5b9f75437cb0aee0bdfd9e44,8b83c669d56287c61d40a0703b8fe7ebc8aa642d9fff413ea893b4f328a3116c,,21,79,decision_plus_clearance,13005.093349895888,82826.00728847242,0.0,95831.10063836831,8103.879472048904,79631.43923842841,3208.890070382931,2933.5190772277847,1337.4426886765862,615.9300916036983,40.26726690175812,1248.3429434079803,6452.558952154957,0.0003652279866198877,152.80392383786722,152.80428906585382,1557.1084569574198,5.401683547428586e-07,cleared,79,False,False,True,9.909289999881346e-07,True,0.007669787719017642,3208.8824005952115,95831.10063836833,True,0.00012052381810333048,0.00018360000103712082,34,shared_weighted_euclidean_projector,shared_model_kernel_rcmsa_tagged_transition,released_hmm_filter,79
Reactive,no_release_pacing_authority,test_085_650c50514b66,650c50514b6644e496b372654068cbdc1711c214d31c247c6f969a86a61106c0,8b83c669d56287c61d40a0703b8fe7ebc8aa642d9fff413ea893b4f328a3116c,,21,79,decision_plus_clearance,14297.612295866673,83635.16774584267,0.0,97932.78004170934,8736.295440879558,80491.19854123864,3224.8788856232745,3378.424343732902,1409.2903703840134,692.6924598509291,42.921340828559515,1421.3683159762177,6627.883818287111,0.0004145594331233327,153.5652466607228,153.56566122015593,1619.6317937493984,5.281819276946126e-07,cleared,79,False,False,True,9.833676983746652e-07,True,0.008705748095589987,3224.870179875179,97932.78004170932,True,0.000139138073704782,0.0001884999219328165,34,shared_weighted_euclidean_projector,shared_model_kernel_rcmsa_tagged_transition,released_hmm_filter,79
Reactive,no_release_pacing_authority,test_086_754dc8e1ab0e,754dc8e1ab0e7268d5ce0dd2ffc19bdf7c2959cd70067092fd5ee3f03e2bf486,8b83c669d56287c61d40a0703b8fe7ebc8aa642d9fff413ea893b4f328a3116c,,21,79,decision_plus_clearance,13743.214469598424,87603.59588430866,0.0,101346.81035390709,8615.778597540431,84036.2463243683,3384.9931755522603,3267.6875617023366,1371.3248177509452,670.7798769928456,42.538998386868876,1385.9672311026866,6797.4855539261725,0.0003719277647330905,161.18977928900958,161.19015121677432,1609.1626234016335,6.394337835476534e-07,cleared,79,False,False,True,9.710861958816723e-07,True,0.007810483059394901,3384.985365069201,101346.81035390712,True,0.000155142874323896,0.00019359984435141087,34,shared_weighted_euclidean_projector,shared_model_kernel_rcmsa_tagged_transition,released_hmm_filter,79
Reactive,no_release_pacing_authority,test_087_cbc79ee243dd,cbc79ee243dd0e237a5023163791e895019f33bb871350474ccaace9587409dc,8b83c669d56287c61d40a0703b8fe7ebc8aa642d9fff413ea893b4f328a3116c,,21,79,decision_plus_clearance,12636.98928685773,88809.52390924396,0.0,101446.51319610169,8186.363548042022,84901.2677493293,3441.0001433877915,2998.107001662255,1314.4931658042747,605.281587876026,40.999018101724836,1274.1527498144058,6722.715175653587,0.0003384638779022015,163.85681122125504,163.85714968513295,1554.9030032611413,5.859545466492594e-07,cleared,79,False,False,True,8.979075282277259e-07,True,0.007107741435946232,3440.993035646356,101446.51319610167,True,0.0001291333187726282,0.00017410004511475563,34,shared_weighted_euclidean_projector,shared_model_kernel_rcmsa_tagged_transition,released_hmm_filter,79
Reactive,no_disclosure,test_000_4ae657b9eeec,4ae657b9eeecf70786804d24952478895a67cdd02d3cb00a5f23d60565e89d40,8b83c669d56287c61d40a0703b8fe7ebc8aa642d9fff413ea893b4f328a3116c,,21,79,decision_plus_clearance,14096.408151437086,91497.7664938638,0.0,105594.1746453009,8260.623048070987,88817.77675896614,3563.5408594284895,3038.264816421539,1326.1431757438586,587.8259866698426,40.636963846119535,1276.2707963109042,7219.6073486222185,0.00046509094572073326,169.6919567866014,169.6924218775471,1571.680452765209,5.211422424141649e-07,cleared,79,False,False,True,9.061122963772638e-07,True,0.009766909860135398,3563.5310925186295,105594.17464530085,True,0.00014744763306918598,0.0001930000726133585,34,shared_weighted_euclidean_projector,shared_model_kernel_rcmsa_tagged_transition,released_hmm_filter,79
Reactive,no_disclosure,test_001_dde9993de777,dde9993de777ead4870656b2cec02bf256c4174b03458346cc5fc13db98f082b,8b83c669d56287c61d40a0703b8fe7ebc8aa642d9fff413ea893b4f328a3116c,,21,79,decision_plus_clearance,12946.955779602906,97259.9187379506,0.0,110206.87451755352,7785.00927811949,94133.44645806443,3804.329970837748,2720.295645419913,1241.9972908850282,521.7958742269302,38.78491495614903,1149.541842955641,7432.096028754814,0.0003982897060977722,181.15817175018665,181.15857003989274,1516.9935496323237,6.754427041859411e-07,cleared,79,False,False,True,9.897766466668716e-07,True,0.008364083828053216,3804.3216067539197,110206.87451755353,True,0.00012885714836773419,0.00018569990061223507,34,shared_weighted_euclidean_projector,shared_model_kernel_rcmsa_tagged_transition,released_hmm_filter,79
Reactive,no_disclosure,test_002_f01217ab0e79,f01217ab0e7903b1b91cb3f87068f20b75f716d08632ca2b15c76649d7f00a8c,8b83c669d56287c61d40a0703b8fe7ebc8aa642d9fff413ea893b4f328a3116c,,21,79,decision_plus_clearance,13594.927703080853,81742.19939097416,0.0,95337.12709405502,7738.567448287585,79874.64555773456,3187.1379405264256,2710.199259379006,1261.3934145695139,565.1834735579558,37.767487431899454,1138.8990048488406,6635.787472107772,0.0004171053499668039,151.76805625305127,151.76847335840122,1512.5995827303032,4.476364540969185e-07,cleared,79,False,False,True,9.997977519117352e-07,True,0.00875921234930288,3187.1291813140765,95337.12709405506,True,0.00012081904735948359,0.000184300122782588,34,shared_weighted_euclidean_projector,shared_model_kernel_rcmsa_tagged_transition,released_hmm_filter,79
Reactive,no_disclosure,test_003_eb3106001035,eb3106001035e1bd9c52b845bd9616d282a52a699d46aca5269b5370622454fc,8b83c669d56287c61d40a0703b8fe7ebc8aa642d9fff413ea893b4f328a3116c,,21,79,decision_plus_clearance,13488.81048788115,91112.0664449539,0.0,104600.87693283506,7971.179546008047,88385.49413366197,3553.4870709997135,2862.8559833703825,1291.465021698774,536.3951770961677,39.59103885414513,1206.191064971471,7138.829234231569,0.00045077249745819616,169.21321927510795,169.2136700476054,1539.7863189526356,5.351056002175646e-07,cleared,79,False,False,True,9.740434327114275e-07,True,0.00946622244662212,3553.477604777267,104600.87693283506,True,0.00015528096506992975,0.00018179998733103275,34,shared_weighted_euclidean_projector,shared_model_kernel_rcmsa_tagged_transition,released_hmm_filter,79
Reactive,no_disclosure,test_004_55a330aff5c4,55a330aff5c4a0576082656af4ffca48ee935b03b126b46b442653f81477abfb,8b83c669d56287c61d40a0703b8fe7ebc8aa642d9fff413ea893b4f328a3116c,,21,79,decision_plus_clearance,13650.23647672424,83851.04062879538,0.0,97501.27710551962,7868.2760983325825,81738.86175505609,3266.5422462112374,2790.469666728887,1267.9337519869048,569.1935872039661,38.718297325679956,1188.5765309378255,6748.347356937354,0.0004053147099538337,155.54922545725373,155.54963077196368,1522.888391295128,4.950922907401298e-07,cleared,79,False,False,True,9.483834244972863e-07,True,0.008511608909030507,3266.5337346023284,97501.27710551965,True,0.00014392856419796036,0.0001813000999391079,34,shared_weighted_euclidean_projector,shared_model_kernel_rcmsa_tagged_transition,released_hmm_filter,79
Reactive,no_disclosure,test_005_981c73a17708,981c73a17708f6a8f2159189b725895e9b78b4ffca7b2cc292d9f5cb6c138259,8b83c669d56287c61d40a0703b8fe7ebc8aa642d9fff413ea893b4f328a3116c,,21,79,decision_plus_clearance,13037.47421043927,90296.88533684223,0.0,103334.35954728149,7756.8267775865015,87594.96959721862,3527.273132805265,2681.856878156462,1233.435003318361,539.9981581962701,38.362814262750135,1152.3350134603472,7043.755179203504,0.0003596842251079759,167.9650275922161,167.96538727644122,1515.9773439556375,5.373391797383314e-07,cleared,79,False,False,True,8.940839512772213e-07,True,0.007553368727267494,3527.2655794365382,103334.35954728146,True,0.00012051903953154881,0.00018329988233745098,34,shared_weighted_euclidean_projector,shared_model_kernel_rcmsa_tagged_transition,released_hmm_filter,79
Reactive,no_disclosure,test_006_daba4b1e9814,daba4b1e9814b4a66b4b77a1db00896fa1b3246def31f9ebaa0c7ced46e92af5,8b83c669d56287c61d40a0703b8fe7ebc8aa642d9fff413ea893b4f328a3116c,,21,79,decision_plus_clearance,13584.468327976143,88423.14199343877,0.0,102007.6103214149,7862.469289428289,86061.18764918137,3450.5252485189594,2790.1951890975474,1265.4334570664598,577.799488122264,39.034672849887556,1193.6687263002784,7004.820906676232,0.00040056976424331293,164.3103255501862,164.31072611995046,1524.6038580748234,6.364948702871519e-07,cleared,79,False,False,True,9.528987889940076e-07,True,0.008411965049109571,3450.5168365539103,102007.6103214149,True,0.00016154759075670015,0.0001829999964684248,34,shared_weighted_euclidean_projector,shared_model_kernel_rcmsa_tagged_transition,released_hmm_filter,79
Reactive,no_disclosure,test_007_925513ee8ec6,925513ee8ec62fc55ab4f4e4980ba11972ca8c6ab89cbb52b03a5fe88f85fa31,8b83c669d56287c61d40a0703b8fe7ebc8aa642d9fff413ea893b4f328a3116c,,21,79,decision_plus_clearance,16133.687889912326,87415.08567235539,0.0,103548.77356226771,9082.137019054719,85335.98646777813,3382.046303926106,3601.031689056364,1477.0194709472596,670.552611505146,44.27047148278446,1515.0453129135146,7213.31152050614,0.0006476427587231094,161.04917635372252,161.04982399648125,1663.548195605003,5.136841176629108e-07,cleared,79,False,False,True,9.411024652216411e-07,True,0.013600497933185298,3382.0327034281727,103548.77356226773,True,0.00015194760635495186,0.00020830007269978523,34,shared_weighted_euclidean_projector,shared_model_kernel_rcmsa_tagged_transition,released_hmm_filter,79
Reactive,no_disclosure,test_008_fabe46a0ea00,fabe46a0ea0025c65c0c7b807dc0f70b60fa5f50100dd7bd2d9ad2a46e9df6b5,8b83c669d56287c61d40a0703b8fe7ebc8aa642d9fff413ea893b4f328a3116c,,21,79,decision_plus_clearance,12638.5530496373,83635.04233221743,0.0,96273.59538185473,7316.589962950594,81557.65983122174,3273.5829880245287,2420.676673155655,1196.2771752988397,508.808751203395,36.073431452868086,1034.8733317691215,6639.856859017335,0.00036120003946700415,155.88454299160475,155.8849041916442,1466.8872064841094,5.438070088080823e-07,cleared,79,False,False,True,9.462444026906645e-07,True,0.0075852008288070875,3273.5754028236997,96273.59538185474,True,0.00012699999136938934,0.00019839988090097904,34,shared_weighted_euclidean_projector,shared_model_kernel_rcmsa_tagged_transition,released_hmm_filter,79
Reactive,no_disclosure,test_009_c8ef87e47101,c8ef87e471016915d86795cd09c50907b7668afc7c30bcb05a14726a2af75061,8b83c669d56287c61d40a0703b8fe7ebc8aa642d9fff413ea893b4f328a3116c,,21,79,decision_plus_clearance,12566.483086569942,96271.61829745708,0.0,108838.10138402703,7711.699497707661,92930.85466477629,3760.9219120626362,2712.3284651511003,1207.7979108711752,514.4989334581385,38.88218885229035,1160.7432302981872,7308.208999613687,0.0003437773634889028,179.0911758446668,179.0915196220303,1490.3987517824337,6.551180841263593e-07,cleared,79,False,False,True,9.301971542144251e-07,True,0.007219324633266959,3760.9146927380025,108838.101384027,True,0.0001461286031241928,0.000192900188267231,34,shared_weighted_euclidean_projector,shared_model_kernel_rcmsa_tagged_transition,released_hmm_filter,79
Reactive,no_disclosure,test_010_613ab99db82c,613ab99db82c659cd8ff6e1475e7317b5ab19503260bfedec209a4c7abd2eb88,8b83c669d56287c61d40a0703b8fe7ebc8aa642d9fff413ea893b4f328a3116c,,21,79,decision_plus_clearance,12284.349501485458,82086.88037552373,0.0,94371.22987700919,7184.557880510636,80000.7997027765,3213.5263652475983,2324.265145991091,1152.929473110979,495.1513093723405,35.20792212739861,1003.391824151697,6507.54120396103,0.00030247387459541317,153.02476253791582,153.02506501179042,1443.1415644801698,5.19182405279654e-07,cleared,79,False,False,True,9.84100318370544e-07,True,0.006351951366503676,3213.5200132962323,94371.22987700913,True,0.00014071429281362465,0.0001875001471489668,34,shared_weighted_euclidean_projector,shared_model_kernel_rcmsa_tagged_transition,released_hmm_filter,79
Reactive,no_disclosure,test_011_8a2e74b38d5d,8a2e74b38d5d3fa099c53fd66f114b907a8d9576d5dcc067dc484a7c19e7da8b,8b83c669d56287c61d40a0703b8fe7ebc8aa642d9fff413ea893b4f328a3116c,,21,79,decision_plus_clearance,13689.746424661513,102841.47991193747,0.0,116531.22633659898,8410.412348705624,99071.66714907275,4007.2151996360944,3152.0306053299646,1329.439041121115,560.4619927334182,42.057167136006996,1322.0633558419643,7795.342374839608,0.0004748386644639906,190.81929657257814,190.8197714112426,1577.5092213282712,6.555801716398444e-07,cleared,79,False,False,True,8.905508983940584e-07,True,0.009971611953743803,4007.205228024141,116531.22633659896,True,0.0001511809615684407,0.0001867001410573721,34,shared_weighted_euclidean_projector,shared_model_kernel_rcmsa_tagged_transition,released_hmm_filter,79
Reactive,no_disclosure,test_012_b6bdc05b20a7,b6bdc05b20a7bd7872689e9fd93f49c5864d83dbaa6c13c7b8023906ab88c1ae,8b83c669d56287c61d40a0703b8fe7ebc8aa642d9fff413ea893b4f328a3116c,,21,79,decision_plus_clearance,13896.600597209506,94550.643370135,0.0,108447.2439673445,8307.215802996203,91542.27453835656,3682.0402522427853,3033.593104446968,1327.8478300238974,554.2724392780789,41.050691112134906,1288.2279354385846,7381.257309666995,0.00046031281040309066,175.3347897939889,175.3352501067993,1582.448979292558,5.506747321777902e-07,cleared,79,False,False,True,9.92484334106796e-07,True,0.009666569018464903,3682.030585673767,108447.24396734449,True,0.00013652382906348932,0.00018390011973679066,34,shared_weighted_euclidean_projector,shared_model_kernel_rcmsa_tagged_transition,released_hmm_filter,79
Reactive,no_disclosure,test_013_040653995d85,040653995d85cc962bcb3d75b933864971de686f9683c73e392ab9224c3c2124,8b83c669d56287c61d40a0703b8fe7ebc8aa642d9fff413ea893b4f328a3116c,,21,79,decision_plus_clearance,12390.516894313121,78602.31824280678,0.0,90992.8351371199,7115.121149391834,76803.28991793329,3073.943696947968,2332.787919250472,1136.2890541071315,531.4033994891745,35.460383527944984,1028.2598019834772,6313.673234906121,0.0002958078633510538,146.3779754753732,146.37827128323656,1423.944607613299,5.00081537547869e-07,cleared,79,False,False,True,9.883379293364821e-07,True,0.0062119651303721305,3073.9374849828373,90992.83513711988,True,0.00014692856486709345,0.00019069993868470192,34,shared_weighted_euclidean_projector,shared_model_kernel_rcmsa_tagged_transition,released_hmm_filter,79
Reactive,no_disclosure,test_014_f00647451070,f00647451070accd7f5177b412ddbd68c73d8b7f2cb6c77b8469ffbc7c614a43,8b83c669d56287c61d40a0703b8fe7ebc8aa642d9fff413ea893b4f328a3116c,,21,79,decision_plus_clearance,12669.175916815255,82789.40594750247,0.0,95458.58186431772,7336.687960011988,80701.31684937948,3236.402193887248,2469.2953038352766,1192.6580429721691,522.2215142315368,36.38463650095665,1054.3325391343444,6582.3747467424255,0.0003642107960449153,154.11402597431098,154.11439018510703,1457.3356377071768,5.269988014875479e-07,cleared,79,False,False,True,9.333178374503498e-07,True,0.007648426716943222,3236.3945454605305,95458.58186431769,True,0.00015167140268853733,0.00018809991888701916,34,shared_weighted_euclidean_projector,shared_model_kernel_rcmsa_tagged_transition,released_hmm_filter,79
Reactive,no_disclosure,test_015_643a837775f9,643a837775f944f0e897fff5495209f1a59016e336af0b18defb50bf86cbf809,8b83c669d56287c61d40a0703b8fe7ebc8aa642d9fff413ea893b4f328a3116c,,21,79,decision_plus_clearance,16240.9189282691,98741.93395177879,0.0,114982.8528800479,9464.575607479243,95652.33773865504,3823.672657069807,3852.4097649848645,1538.5950482210364,651.2620636379045,46.1505281050006,1589.7545483208871,7838.767085386407,0.0007566090438785621,182.0788937276136,182.0796503366575,1704.137859094149,5.650065128879389e-07,cleared,79,False,False,True,9.890132068480162e-07,True,0.015888789921449806,3823.656768279886,114982.8528800479,True,0.00012776665833024752,0.0001876000314950943,34,shared_weighted_euclidean_projector,shared_model_kernel_rcmsa_tagged_transition,released_hmm_filter,79
Reactive,no_disclosure,test_016_45a90ccef8bd,45a90ccef8bdd374ee00dbc87ec9b3752c6a102ea41ee1fc73e6c34df9d0ef6a,8b83c669d56287c61d40a0703b8fe7ebc8aa642d9fff413ea893b4f328a3116c,,21,79,decision_plus_clearance,13863.97886431751,98613.78631735864,0.0,112477.76518167615,8444.660305442665,95121.96365201575,3836.176173398993,3172.3864558980854,1339.448610889298,563.1299840312945,41.9681597582176,1327.1941851627955,7580.620397699731,0.0004817238387953998,182.6745741523037,182.6750558761425,1584.0297751639505,5.584338894152285e-07,cleared,79,False,False,True,9.844825012434576e-07,True,0.010116200614703396,3836.166057198378,112477.7651816761,True,0.00013493331858799572,0.00022339983843266964,34,shared_weighted_euclidean_projector,shared_model_kernel_rcmsa_tagged_transition,released_hmm_filter,79
Reactive,no_disclosure,test_017_ebd333a3cdba,ebd333a3cdbaf4583dc4bbdc159fa86380b9858d554b85820a961aee779a82c0,8b83c669d56287c61d40a0703b8fe7ebc8aa642d9fff413ea893b4f328a3116c,,21,79,decision_plus_clearance,13898.686024354807,89265.77995325535,0.0,103164.46597761015,8090.419361727991,86783.36329040506,3480.0184002731417,2932.240781948539,1297.3698769936088,581.0542662619093,40.07419585226579,1254.277778364965,7065.329149426444,0.0004178661635976617,165.71474405160504,165.71516191776863,1548.157529392998,6.152877683078873e-07,cleared,79,False,False,True,9.561339538306442e-07,True,0.008775189435550897,3480.009625083706,103164.46597761025,True,0.00013921425367395082,0.00019269995391368866,34,shared_weighted_euclidean_projector,shared_model_kernel_rcmsa_tagged_transition,released_hmm_filter,79
Reactive,no_disclosure,test_018_9466cee538c9,9466cee538c90a351ebb4cc641f0fb605f60f7a5370deb739961de94e8407d65,8b83c669d56287c61d40a0703b8fe7ebc8aa642d9fff413ea893b4f328a3116c,,21,79,decision_plus_clearance,14414.028718179756,89320.60110095552,0.0,103734.62981913528,8351.62853690512,86849.22932570137,3474.9504260064996,3103.0022373344095,1361.1895118423258,594.6297813455536,40.976243441232874,1295.8341807459876,7132.10051776966,0.0005193339018192701,165.4733104759315,165.47382980983332,1582.189211562017,5.075170411158208e-07,cleared,79,False,False,True,9.500736689007033e-07,True,0.01090601193820467,3474.9395199945616,103734.62981913528,True,0.00014627142809331417,0.00019149994477629662,34,shared_weighted_euclidean_projector,shared_model_kernel_rcmsa_tagged_transition,released_hmm_filter,79
Reactive,no_disclosure,test_019_9d2b7462a57a,9d2b7462a57ab18c9c816164b4cf31fe355ef525f834131b7e4bee6c19475a44,8b83c669d56287c61d40a0703b8fe7ebc8aa642d9fff413ea893b4f328a3116c,,21,79,decision_plus_clearance,15156.310334766935,89751.59383642099,0.0,104907.90417118793,8720.886581794244,87277.24235523406,3479.059451391005,3391.851811581614,1406.3363907632693,632.5275804237333,43.15055335367056,1431.4400859672648,7225.594149622339,0.0005630604513470373,165.6689346248346,165.66949768528596,1608.5974552384776,5.694391946611821e-07,cleared,79,False,False,True,9.983962254341328e-07,True,0.011824269478287784,3479.0476271215266,104907.90417118793,True,0.00014470475504086132,0.00019449996761977673,34,shared_weighted_euclidean_projector,shared_model_kernel_rcmsa_tagged_transition,released_hmm_filter,79
Reactive,no_disclosure,test_020_701c8d28bc45,701c8d28bc45b0352a2505312c03123c85798d4dd0b786857dc34cb69fe2061b,8b83c669d56287c61d40a0703b8fe7ebc8aa642d9fff413ea893b4f328a3116c,,21,79,decision_plus_clearance,14127.00860741036,94642.27739240043,0.0,108769.28599981079,8425.84682942698,91564.13994079013,3682.121434180958,3161.7627989480516,1350.6459653432719,584.7690311213972,41.68362884940521,1323.552546108806,7381.316266221903,0.000498389721509588,175.33861752365746,175.33911591337898,1581.6242609309822,4.966041130881167e-07,cleared,79,False,False,True,9.921251840973096e-07,True,0.010466184151701348,3682.1109679968067,108769.28599981079,True,0.00011538098832326276,0.00017450004816055298,34,shared_weighted_euclidean_projector,shared_model_kernel_rcmsa_tagged_transition,released_hmm_filter,79
Reactive,no_disclosure,test_021_69299bc5d0bf,69299bc5d0bf379cc97bdd78ee18bea9a8ffc622a60d0cff22ec8965b5a58972,8b83c669d56287c61d40a0703b8fe7ebc8aa642d9fff413ea893b4f328a3116c,,21,79,decision_plus_clearance,13673.450480792824,84692.64673811535,0.0,98366.09721890817,7831.193404915189,82626.07032496754,3302.597147432999,2762.9006363285043,1266.543607919341,576.7920973446182,38.47534029490377,1172.9108187501938,6812.360988192403,0.00040855815092531896,157.2661222719919,157.2665308301428,1524.6670723221912,5.368243156863595e-07,cleared,79,False,False,True,9.757844452136097e-07,True,0.008579721169431698,3302.5885677118295,98366.0972189082,True,0.00014282858353995142,0.00017610006034374237,34,shared_weighted_euclidean_projector,shared_model_kernel_rcmsa_tagged_transition,released_hmm_filter,79
Reactive,no_disclosure,test_022_1b3e72c80b5f,1b3e72c80b5f8d5862204b809782bba3d065c565c21a1919e08c2b86b7b1841f,8b83c669d56287c61d40a0703b8fe7ebc8aa642d9fff413ea893b4f328a3116c,,21,79,decision_plus_clearance,14129.297281754145,83375.58091915345,0.0,97504.8782009076,8048.490927209043,81421.1043825068,3244.3569658653932,2897.473986627983,1310.0828011579388,583.3691375404654,39.28052883233671,1221.4565412478657,6790.665348647106,0.0004500472842434344,154.49273880344876,154.493188850733,1553.3644152021677,4.960976652619875e-07,cleared,79,False,False,True,9.289670161494867e-07,True,0.009450992969112122,3244.3475148724237,97504.87820090762,True,0.0001464476365418661,0.00018989993259310722,34,shared_weighted_euclidean_projector,shared_model_kernel_rcmsa_tagged_transition,released_hmm_filter,79
Reactive,no_disclosure,test_023_90a8af416c5a,90a8af416c5a6e79abe970bf714eca061d636b83c012d16275b0083f8782fa25,8b83c669d56287c61d40a0703b8fe7ebc8aa642d9fff413ea893b4f328a3116c,,21,79,decision_plus_clearance,14806.210126325177,91578.10406991419,0.0,106384.31419623937,8594.79596553221,88904.57776044206,3555.873228914041,3323.485649709405,1387.819347951601,617.7622436900247,42.98405808298391,1409.8307214673166,7278.430349656872,0.0005556844951385537,169.3267409304592,169.32729661495435,1593.8875990189551,6.373145287720252e-07,cleared,79,False,False,True,9.728141541737319e-07,True,0.011669374397909629,3555.861559539643,106384.31419623934,True,0.00014690001539531208,0.0001829999964684248,34,shared_weighted_euclidean_projector,shared_model_kernel_rcmsa_tagged_transition,released_hmm_filter,79
Reactive,no_disclosure,test_024_e90f261f99e2,e90f261f99e247c3e3c066941073cd14924ea1eec3b7043270db54af5285d79a,8b83c669d56287c61d40a0703b8fe7ebc8aa642d9fff413ea893b4f328a3116c,,21,79,decision_plus_clearance,13229.31614221976,93944.01089303748,0.0,107173.32703525724,8017.961259478967,90762.89099404347,3661.609081532951,2905.698482257277,1268.8401319903348,556.3270859542197,39.877025167221,1221.7525809443428,7239.383846914213,0.00039396383255145236,174.36194325202226,174.3623372158548,1531.4199907817738,5.617285115722585e-07,cleared,79,False,False,True,9.89174009374962e-07,True,0.0082732404835805,3661.6008082924673,107173.32703525721,True,0.0001636571583471128,0.00019320007413625717,34,shared_weighted_euclidean_projector,shared_model_kernel_rcmsa_tagged_transition,released_hmm_filter,79
Reactive,no_disclosure,test_025_0c3eeaae0824,0c3eeaae08241ee112c7df9413dd57d8fb7bc6ef2bac58f6ca7de012fc948c72,8b83c669d56287c61d40a0703b8fe7ebc8aa642d9fff413ea893b4f328a3116c,,21,79,decision_plus_clearance,13406.862028183177,93562.57241739561,0.0,106969.4344455788,7926.616660753958,90813.37682437063,3653.2866653107235,2774.41309969493,1269.262706823747,532.4784886247949,39.18931574323155,1185.658111198063,7294.917397153267,0.00042168387516167865,173.96560999758785,173.96603168146302,1538.952985287988,6.74038630295975e-07,cleared,79,False,False,True,9.524347256833472e-07,True,0.008855361378395252,3653.277809949345,106969.43444557878,True,0.0001419475967330592,0.00018150010146200657,34,shared_weighted_euclidean_projector,shared_model_kernel_rcmsa_tagged_transition,released_hmm_filter,79
Reactive,no_disclosure,test_026_770d47ae1768,770d47ae17682b043d9c912886a238fdb23a8c0a8289016ef57c0235fe5d0b06,8b83c669d56287c61d40a0703b8fe7ebc8aa642d9fff413ea893b4f328a3116c,,21,79,decision_plus_clearance,12994.406897402878,101146.65548359389,0.0,114141.06238099677,7987.112205034744,97539.34732352481,3950.7340937733284,2876.5755416490797,1255.3082478516314,531.9849691631658,40.084323634343,1212.8895280409051,7636.679847274524,0.00039705953423293405,188.12979788205283,188.13019494158706,1531.7150341495233,7.012241458334264e-07,cleared,79,False,False,True,9.395114898473884e-07,True,0.008338250218891615,3950.7257555231095,114141.06238099677,True,0.0001533714100895893,0.00018450012430548668,34,shared_weighted_euclidean_projector,shared_model_kernel_rcmsa_tagged_transition,released_hmm_filter,79
Reactive,no_disclosure,test_027_df5d670513fa,df5d670513fa35262df8ea203ff162de2bc1a2f4598ac89786b63793aaa8dbd0,8b83c669d56287c61d40a0703b8fe7ebc8aa642d9fff413ea893b4f328a3116c,,21,79,decision_plus_clearance,13880.544919429485,85671.26975179216,0.0,99551.81467122165,7978.50142767538,83531.84741944291,3338.3095692228685,2836.836588247371,1292.1069853041374,574.2126813289719,39.076790419763235,1203.311500012958,6893.2494133143655,0.00043930582392852775,158.96668303812217,158.9671223439461,1543.788058177386,4.827452750423111e-07,cleared,79,False,False,True,9.473004713576132e-07,True,0.009225422302499084,3338.3003438005658,99551.81467122164,True,0.00015672380548147928,0.00018789991736412048,34,shared_weighted_euclidean_projector,shared_model_kernel_rcmsa_tagged_transition,released_hmm_filter,79
Reactive,no_disclosure,test_028_e9fb02365dd3,e9fb02365dd39d4a479796939c6b75136b323e6bb5414d58fe16c9eb23eb080e,8b83c669d56287c61d40a0703b8fe7ebc8aa642d9fff413ea893b4f328a3116c,,21,79,decision_plus_clearance,12628.210590112441,83745.76441201779,0.0,96373.97500213023,7330.07850188372,81612.68313809214,3274.775427848174,2451.0490463732945,1186.6478197473243,518.7410681855571,36.198720436794524,1043.5396018470499,6648.242647340305,0.00034985782999328696,155.94133718255924,155.94168704038924,1467.214797469443,4.869150422457106e-07,cleared,79,False,False,True,9.716498603537059e-07,True,0.007347014429859026,3274.768080833744,96373.9750021302,True,0.00011729046569338866,0.00019980012439191341,34,shared_weighted_euclidean_projector,shared_model_kernel_rcmsa_tagged_transition,released_hmm_filter,79
Reactive,no_disclosure,test_029_b44f60718c5a,b44f60718c5a51721bd1be86466c0bb83a8f075ec00e497e8853122651b88be6,8b83c669d56287c61d40a0703b8fe7ebc8aa642d9fff413ea893b4f328a3116c,,21,79,decision_plus_clearance,12497.723758641952,90398.42601592078,0.0,102896.14977456273,7513.456860170367,87624.24183571631,3536.2380735782276,2527.454691541444,1198.3158519806043,496.4424615757697,37.0981042382936,1075.5613994828177,6991.79124885614,0.0003445034816329349,168.39194471452922,168.39228921801086,1481.6611980496164,5.820381724880164e-07,cleared,79,False,False,True,9.650305991032836e-07,True,0.007234573114291633,3536.2308390051135,102896.14977456271,True,0.00012606666201636906,0.0001805000938475132,34,shared_weighted_euclidean_projector,shared_model_kernel_rcmsa_tagged_transition,released_hmm_filter,79
Reactive,no_disclosure,test_030_038f4c53d11f,038f4c53d11f455d906ca9a381763816040bd2f31fb252156466a1f74c404471,8b83c669d56287c61d40a0703b8fe7ebc8aa642d9fff413ea893b4f328a3116c,,21,79,decision_plus_clearance,13562.117694087237,84288.5331583555,0.0,97850.65085244273,7774.900961005255,82211.93319856987,3287.6225595124833,2749.172376079641,1258.0759515316015,568.9458057438904,38.38105660319218,1167.523816066858,6766.6798522475765,0.00040587941185038685,156.5530493354683,156.55345521488016,1511.6109073046482,5.522071587063589e-07,cleared,79,False,False,True,8.380559076343296e-07,True,0.008523467648858123,3287.6140360448344,97850.65085244275,True,0.00014051904768816063,0.00018449989147484303,34,shared_weighted_euclidean_projector,shared_model_kernel_rcmsa_tagged_transition,released_hmm_filter,79
Reactive,no_disclosure,test_031_0a6ff70351b5,0a6ff70351b53c8e7f1de0d141b5084d11039bc524ccd9933f5b23b35b3abd3c,8b83c669d56287c61d40a0703b8fe7ebc8aa642d9fff413ea893b4f328a3116c,,21,79,decision_plus_clearance,12627.697207255058,89329.54305004759,0.0,101957.24025730265,7569.5239676693145,86610.58018132178,3492.697315507018,2563.7493239224937,1203.874077723063,516.8153911589711,37.4210989548401,1099.2287578441046,6934.178044085473,0.0003371561300470807,166.31858262991844,166.3189197860485,1485.7797235300864,5.327682601950225e-07,cleared,79,False,False,True,9.770171907006483e-07,True,0.007080278730988695,3492.6902352282873,101957.24025730265,True,0.0001391571436432146,0.00020739994943141937,34,shared_weighted_euclidean_projector,shared_model_kernel_rcmsa_tagged_transition,released_hmm_filter,79
Reactive,no_disclosure,test_032_efdf826e6bc3,efdf826e6bc3db036d5fbf1436f2dc6c248eaee1538597a28304017514dc1eb9,8b83c669d56287c61d40a0703b8fe7ebc8aa642d9fff413ea893b4f328a3116c,,21,79,decision_plus_clearance,14254.695816341267,89741.1569241116,0.0,103995.85274045286,8265.875049289409,87291.15687555565,3493.4179627535614,3022.3598881880444,1329.423142008169,593.619822658028,40.68727195631064,1287.1407833727117,7153.901812552072,0.00046566622074447543,166.3527706553774,166.35323632159816,1573.2033839529777,5.50806240535686e-07,cleared,79,False,False,True,9.81277867889922e-07,True,0.009778990635633984,3493.4081837629255,103995.85274045286,True,0.00014258095151966526,0.00019260006956756115,34,shared_weighted_euclidean_projector,shared_model_kernel_rcmsa_tagged_transition,released_hmm_filter,79
Reactive,no_disclosure,test_033_de0c441dba67,de0c441dba67f4c18af55eaa8c66ff0e1b4ea0b5a489e9d3e38964a74fdf2af7,8b83c669d56287c61d40a0703b8fe7ebc8aa642d9fff413ea893b4f328a3116c,,21,79,decision_plus_clearance,13732.99905315547,93421.43864371271,0.0,107154.43769686818,8138.79001263164,90566.56849703987,3642.955448118646,2941.2680431121735,1298.57484153005,566.2808544357534,40.24299715151824,1248.443820059201,7289.27662038665,0.00043350552354013983,173.47363545250724,173.47406895803078,1554.2080459028994,5.743488682770288e-07,cleared,79,False,False,True,9.444533592603373e-07,True,0.009103615994342937,3642.946344502652,107154.43769686813,True,0.00013637621443541277,0.00019149994477629662,34,shared_weighted_euclidean_projector,shared_model_kernel_rcmsa_tagged_transition,released_hmm_filter,79
Reactive,no_disclosure,test_034_a00d80b83640,a00d80b8364074d2d18768806f48ec2e34d59c8935d9982f8be9eed0f991c2da,8b83c669d56287c61d40a0703b8fe7ebc8aa642d9fff413ea893b4f328a3116c,,21,79,decision_plus_clearance,13423.017498917194,93991.46658338398,0.0,107414.48408230118,7998.892184795044,91040.26862210047,3667.1550822394956,2873.416763114623,1283.2747789378889,551.4766511136638,39.62556309538471,1205.2602809536522,7291.380330311516,0.0004273870521521851,174.6260051005429,174.62643248759505,1540.1556937432474,5.817192740463305e-07,cleared,79,False,False,True,9.508532113348918e-07,True,0.008975128095195888,3667.146107111401,107414.48408230119,True,0.00013351900547388054,0.00018440000712871552,34,shared_weighted_euclidean_projector,shared_model_kernel_rcmsa_tagged_transition,released_hmm_filter,79
Reactive,no_disclosure,test_035_51fd398978b7,51fd398978b78ec8627904227f514de39808dc8e62092971f9c9d9d0c1a0e84a,8b83c669d56287c61d40a0703b8fe7ebc8aa642d9fff413ea893b4f328a3116c,,21,79,decision_plus_clearance,12644.732349659846,88165.39766227895,0.0,100810.13001193879,7467.361626856831,85646.02203609231,3447.820790329182,2526.947909148478,1194.1919960063215,527.7856535056791,37.070100789086126,1082.6886770255376,6883.756447389795,0.00034065546366529283,164.18160174116406,164.18194239662773,1473.316306413982,6.167782250465729e-07,cleared,79,False,False,True,9.859225529034225e-07,True,0.007153764736971149,3447.813636564445,100810.1300119388,True,0.00011199999911089738,0.00017850007861852646,34,shared_weighted_euclidean_projector,shared_model_kernel_rcmsa_tagged_transition,released_hmm_filter,79
Reactive,no_disclosure,test_036_7eb6ac1ca077,7eb6ac1ca077683a4409f4f2c9dbb73ac1a32707576f47c8cadd46a203595435,8b83c669d56287c61d40a0703b8fe7ebc8aa642d9fff413ea893b4f328a3116c,,21,79,decision_plus_clearance,13348.745430462863,88878.94768347376,0.0,102227.69311393662,7849.266497232568,86327.2954672399,3467.7896746223287,2777.348661375774,1244.9934966538299,560.9993168121684,38.950209142926916,1192.2898825643629,6991.521734702533,0.0003624380770758472,165.13247921060523,165.1328416486823,1521.211624402045,5.469904343389837e-07,cleared,79,False,False,True,9.756272770280493e-07,True,0.0076111996185927915,3467.7820634227096,102227.69311393658,True,0.00014232858527629149,0.00018339999951422215,34,shared_weighted_euclidean_projector,shared_model_kernel_rcmsa_tagged_transition,released_hmm_filter,79
Reactive,no_disclosure,test_037_f096257ecaa4,f096257ecaa456c423dd2e587c7a0f76747a52746a718c0ca85345f8faa2c9df,8b83c669d56287c61d40a0703b8fe7ebc8aa642d9fff413ea893b4f328a3116c,,21,79,decision_plus_clearance,16546.196554376267,90868.92022588337,0.0,107415.11678025963,9440.619004593334,88411.98378750228,3506.970625444781,3845.7486487955484,1534.4715129022522,675.3232010214309,45.853294605712655,1597.3873206956703,7441.2964164564055,0.0007406780348959176,166.99786053362132,166.99860121165622,1699.3074620542009,4.687077869805826e-07,cleared,79,False,False,True,9.835347271641193e-07,True,0.015554238732814269,3506.9550712060477,107415.11678025962,True,0.00013223809323140552,0.00018330011516809464,34,shared_weighted_euclidean_projector,shared_model_kernel_rcmsa_tagged_transition,released_hmm_filter,79
Reactive,no_disclosure,test_038_b05abc6e01b3,b05abc6e01b3718868c375b47078f5b62629d6eac8227c2b0618a70ea26128fc,8b83c669d56287c61d40a0703b8fe7ebc8aa642d9fff413ea893b4f328a3116c,,21,79,decision_plus_clearance,14271.751886830452,89743.39399212446,0.0,104015.1458789549,8358.113432560755,87068.69006321428,3486.5369364642993,3165.274849908053,1335.0792085528747,601.4513882546507,41.82193832143067,1349.221657302119,7112.040514837285,0.0004814531537383047,166.02508694990814,166.02556840306187,1562.0520569972173,5.473238387943358e-07,cleared,79,False,False,True,9.840611254822067e-07,True,0.0101105162285044,3486.526825948071,104015.1458789549,True,0.00016387619654692354,0.00019219983369112015,34,shared_weighted_euclidean_projector,shared_model_kernel_rcmsa_tagged_transition,released_hmm_filter,79
Reactive,no_disclosure,test_039_9c0d1ebe6c19,9c0d1ebe6c190d77dea3345bb6f3b600dad24feb171cfa5b624fa948a7b1d203,8b83c669d56287c61d40a0703b8fe7ebc8aa642d9fff413ea893b4f328a3116c,,21,79,decision_plus_clearance,13220.389695513295,93577.1253120038,0.0,106797.5150075171,7937.79873056702,90552.91752097431,3651.320884568136,2839.018126429731,1250.1969929058864,566.2627520720529,39.690702365406,1218.9937972197677,7225.192200939925,0.00036380132394237295,173.8720592733492,173.87242307467315,1521.7320343601791,6.115131710485373e-07,cleared,79,False,False,True,9.85475536863857e-07,True,0.007639827802789832,3651.313244740333,106797.51500751714,True,0.00012650951698777222,0.00018230010755360126,34,shared_weighted_euclidean_projector,shared_model_kernel_rcmsa_tagged_transition,released_hmm_filter,79
Reactive,no_disclosure,test_040_11a8950c659e,11a8950c659e50fc01d8e1413f71ec94f8cee0fde048ef4f8feaf64bf17ebc31,8b83c669d56287c61d40a0703b8fe7ebc8aa642d9fff413ea893b4f328a3116c,,21,79,decision_plus_clearance,12761.670137495536,88343.92039591837,0.0,101105.5905334139,7524.191447496883,85803.90236352858,3452.0986383273334,2600.6945845050946,1203.3835211397932,521.3199784162055,37.84351077688042,1122.0349475379305,6899.710044375936,0.0003633791572296013,164.3852860650015,164.38564944415873,1473.889315417316,6.36782127076555e-07,cleared,79,False,False,True,9.720208442584086e-07,True,0.007630962301821627,3452.0910073650316,101105.59053341388,True,0.00013992858917585442,0.00019429996609687805,34,shared_weighted_euclidean_projector,shared_model_kernel_rcmsa_tagged_transition,released_hmm_filter,79
Reactive,no_disclosure,test_041_e58f21dcc209,e58f21dcc209cc30ce7f3c41ea3bb5ca1044d9230ccb95693e6230e9d330fb88,8b83c669d56287c61d40a0703b8fe7ebc8aa642d9fff413ea893b4f328a3116c,,21,79,decision_plus_clearance,13577.705736303282,93200.6145675528,0.0,106778.32030385608,8047.87324565684,90384.00044041243,3637.185661019711,2870.0331116859265,1288.4810654212702,550.7467796599046,39.705946276598624,1216.5295854052713,7270.02908672341,0.0004281637572710359,173.19888902765754,173.19931719141482,1549.0043685380158,5.776451512187296e-07,cleared,79,False,False,True,9.476634170085329e-07,True,0.008991438902691754,3637.1766695808083,106778.32030385609,True,0.0001317285710857028,0.00018869992345571518,34,shared_weighted_euclidean_projector,shared_model_kernel_rcmsa_tagged_transition,released_hmm_filter,79
Reactive,no_disclosure,test_042_a77d2ece213a,a77d2ece213ae69417f02560c0642cd54460ae2e8b62820c3370f54e0b0c843f,8b83c669d56287c61d40a0703b8fe7ebc8aa642d9fff413ea893b4f328a3116c,,21,79,decision_plus_clearance,11781.832801420991,89989.48104981355,0.0,101771.31385123453,7130.4235922245325,87213.48099890076,3527.626446458586,2308.983061036849,1117.6291975606161,473.1705550531861,36.042238568835565,1023.4251516224367,6892.3059023425585,0.00027121608401784846,167.98194052003913,167.98221173612316,1430.7534811287749,6.121354181426139e-07,cleared,79,False,False,True,8.40921663546321e-07,True,0.005695537764374817,3527.6207509208216,101771.31385123453,True,0.00014238572856854824,0.00019209994934499264,34,shared_weighted_euclidean_projector,shared_model_kernel_rcmsa_tagged_transition,released_hmm_filter,79
Reactive,no_disclosure,test_043_f1174106175c,f1174106175ca0507fd2efedad3b19e57bbe656b669a63b5f3bddc88ed93905a,8b83c669d56287c61d40a0703b8fe7ebc8aa642d9fff413ea893b4f328a3116c,,21,79,decision_plus_clearance,15717.649277221524,83803.7780045938,0.0,99521.42728181533,8795.01788301479,81998.54995541224,3243.8456226352832,3395.7613947388386,1434.3119124668904,653.9405135472982,42.81099111927193,1433.9349371089704,6984.656729849419,0.000595540502758055,154.46824363260598,154.46883917310873,1635.010178140228,4.900765688370446e-07,cleared,79,False,False,True,9.912614113932785e-07,True,0.012506350557919155,3243.8331162847253,99521.42728181534,True,0.00013460953986006125,0.00018390011973679066,34,shared_weighted_euclidean_projector,shared_model_kernel_rcmsa_tagged_transition,released_hmm_filter,79
Reactive,no_disclosure,test_044_ed401c94714a,ed401c94714a1b658a7305d216d392780815b859f07387d4086dea53af39e785,8b83c669d56287c61d40a0703b8fe7ebc8aa642d9fff413ea893b4f328a3116c,,21,79,decision_plus_clearance,12790.387246734099,91862.02736724618,0.0,104652.41461398028,7603.2770355970215,89124.59607223337,3592.524190759446,2598.460670481702,1213.946647451073,519.6099974576751,37.80540911099259,1111.8853670995256,7116.749005364399,0.0003615530422761498,171.0722189593123,171.07258051235456,1495.7894516351048,6.502181575668538e-07,cleared,79,False,False,True,9.28827547295685e-07,True,0.007592613887799146,3592.5165981455584,104652.41461398029,True,0.0001385571945103861,0.0001870999112725258,34,shared_weighted_euclidean_projector,shared_model_kernel_rcmsa_tagged_transition,released_hmm_filter,79
Reactive,no_disclosure,test_045_af7d3f616c1d,af7d3f616c1d242f60f09f068fd7a769245912bd59097557b89958e0f930fd8e,8b83c669d56287c61d40a0703b8fe7ebc8aa642d9fff413ea893b4f328a3116c,,21,79,decision_plus_clearance,13746.135093320572,93682.4518274717,0.0,107428.58692079227,8153.720909483011,90790.04729264304,3651.39488446833,2963.3799658593975,1298.2283546058386,571.8155137326615,40.13998464251943,1243.5565291803298,7309.7704086057975,0.00042122943274123023,173.87552565001155,173.87594687944429,1555.993437483535,5.985752771998829e-07,cleared,79,False,False,True,9.123314903424681e-07,True,0.008845818087565835,3651.3860386502424,107428.58692079228,True,0.00013056662421496141,0.00018259999342262745,34,shared_weighted_euclidean_projector,shared_model_kernel_rcmsa_tagged_transition,released_hmm_filter,79
Reactive,no_disclosure,test_046_e35b743e6617,e35b743e661721e2867313f4a6007e66923f4308dd844f736246ad22f905305e,8b83c669d56287c61d40a0703b8fe7ebc8aa642d9fff413ea893b4f328a3116c,,21,79,decision_plus_clearance,13410.437705537532,95478.28671405705,0.0,108888.72441959458,8005.299164809225,92466.4193528138,3728.14821673492,2856.2786564685593,1283.0522218302851,549.5268069377854,39.6092902234942,1201.0255623774954,7378.279082728206,0.0004257639478668175,177.53044169961976,177.53086746356763,1542.8205198260325,6.36882680066633e-07,cleared,79,False,False,True,9.932951452217858e-07,True,0.008941042905203167,3728.139275692015,108888.72441959458,True,0.00014679047412105968,0.0001783999614417553,34,shared_weighted_euclidean_projector,shared_model_kernel_rcmsa_tagged_transition,released_hmm_filter,79
Reactive,no_disclosure,test_047_20c1f89391c1,20c1f89391c1a8fce9e63acefb218921593c303986fc79bf1eaf29fd9b27694e,8b83c669d56287c61d40a0703b8fe7ebc8aa642d9fff413ea893b4f328a3116c,,21,79,decision_plus_clearance,13186.374470831532,100729.59184163465,0.0,113915.96631246619,8120.706155015872,97087.49692635839,3929.8445847940284,2961.2324432561027,1276.2539616516726,540.4322413900845,40.49212787810193,1236.810470857617,7627.754194070105,0.00040607593929752414,187.13505034282397,187.13545641876328,1547.3428965008814,6.375545966228617e-07,cleared,79,False,False,True,9.645658390989425e-07,True,0.008527594725248007,3929.8360571993035,113915.96631246615,True,0.0001328523669924055,0.00018099998123943806,34,shared_weighted_euclidean_projector,shared_model_kernel_rcmsa_tagged_transition,released_hmm_filter,79
Reactive,no_disclosure,test_048_eeaf6a6a0a15,eeaf6a6a0a158e1862d5cbdc734d51cf09860f78311911e19e234cde4f8662d2,8b83c669d56287c61d40a0703b8fe7ebc8aa642d9fff413ea893b4f328a3116c,,21,79,decision_plus_clearance,13279.393606632968,94386.9442992349,0.0,107666.33790586787,7981.699850131683,91261.17418427202,3680.3718482910026,2915.3371085507547,1268.0891626863477,559.6657519360211,40.28340917435454,1241.2959970977577,7262.7846230868545,0.00041883956404868705,175.2553834600075,175.25580229957154,1518.5930065029486,6.282302440091888e-07,cleared,79,False,False,True,9.735557025055424e-07,True,0.008795630845022427,3680.3630526601573,107666.33790586783,True,0.00013910947988430658,0.00018610013648867607,34,shared_weighted_euclidean_projector,shared_model_kernel_rcmsa_tagged_transition,released_hmm_filter,79
Reactive,no_disclosure,test_049_343da3774e7e,343da3774e7e8e5143d50e3c5214e3dab09c23d71b2e4947c09263a8e3d1d8f7,8b83c669d56287c61d40a0703b8fe7ebc8aa642d9fff413ea893b4f328a3116c,,21,79,decision_plus_clearance,12995.887736960183,79150.61002879479,0.0,92146.49776575498,7449.567524454708,77394.46106540725,3088.947895736275,2493.5534047309156,1196.110217196603,523.8576582292155,36.278894289925184,1070.4724439480813,6442.4858390502195,0.000342871799610394,147.092414068023,147.0927569398226,1482.887749888987,4.371146166265856e-07,cleared,79,False,False,True,9.930394723813212e-07,True,0.007200307791818274,3088.940695428483,92146.49776575496,True,0.00013364760559939203,0.0001781000755727291,34,shared_weighted_euclidean_projector,shared_model_kernel_rcmsa_tagged_transition,released_hmm_filter,79
Reactive,no_disclosure,test_050_1c7612d8bc63,1c7612d8bc6352712fb0a5140912bb4dcf0178405305be2a668e7cf192566507,8b83c669d56287c61d40a0703b8fe7ebc8aa642d9fff413ea893b4f328a3116c,,21,79,decision_plus_clearance,12345.669787689529,85091.6945122068,0.0,97437.36429989633,7183.271443981032,82921.76949946313,3335.447551351337,2340.458942792468,1141.7339366806914,514.6829256277666,35.8259974585731,1032.4276414949645,6685.543805613171,0.00028875223517637244,158.83054702639993,158.8308357786351,1442.4859010688085,6.25990492996958e-07,cleared,79,False,False,True,9.695932979239157e-07,True,0.006063796938703821,3335.4414875543985,97437.36429989642,True,0.00012769524584568682,0.00017899996601045132,34,shared_weighted_euclidean_projector,shared_model_kernel_rcmsa_tagged_transition,released_hmm_filter,79
Reactive,no_disclosure,test_051_5747c87e6d9a,5747c87e6d9ace089dca37ca64fb5e904cbbd79136b0c4d74ea0a4390bb94034,8b83c669d56287c61d40a0703b8fe7ebc8aa642d9fff413ea893b4f328a3116c,,21,79,decision_plus_clearance,11925.224999941076,83198.76236528858,0.0,95123.98736522965,7149.130806388613,80721.93336267733,3252.8330913718264,2382.1343097938943,1133.332398598822,484.62339639920066,35.76309300980917,1023.3112709433881,6492.188297280159,0.0002921627126660138,154.8965217121362,154.89681387484887,1419.9627577641752,4.727401610532956e-07,cleared,79,False,False,True,9.984652240918661e-07,True,0.00613541696598629,3252.8269559548603,95123.98736522968,True,0.0001271238350974662,0.00018079997971653938,34,shared_weighted_euclidean_projector,shared_model_kernel_rcmsa_tagged_transition,released_hmm_filter,79
Reactive,no_disclosure,test_052_9760565f31de,9760565f31de15242f359a838a120dd71ffb6d8dd1020fdd4287b6afdf35b97c,8b83c669d56287c61d40a0703b8fe7ebc8aa642d9fff413ea893b4f328a3116c,,21,79,decision_plus_clearance,14003.503073570328,86625.7771829999,0.0,100629.28025657023,8087.379727254082,84338.76268967777,3371.3204041156673,2944.3748306239704,1304.5889790002727,582.8536258984772,40.02623648323802,1252.784736905767,6943.5107919373895,0.00045303924662879613,160.5386138234042,160.53906686265083,1548.1587407800018,5.090649712835788e-07,cleared,79,False,False,True,9.896905209953865e-07,True,0.00951382417920472,3371.3108902914882,100629.28025657024,True,0.00013990476283998716,0.00018420000560581684,34,shared_weighted_euclidean_projector,shared_model_kernel_rcmsa_tagged_transition,released_hmm_filter,79
Reactive,no_disclosure,test_053_4473e6f72168,4473e6f7216884984406f8aef487c6686108cdbdbead4e89b46bcc827017f85e,8b83c669d56287c61d40a0703b8fe7ebc8aa642d9fff413ea893b4f328a3116c,,21,79,decision_plus_clearance,13679.88596533557,86889.13982184639,0.0,100569.02578718196,8024.326152968333,84370.130883777,3381.392506128879,2928.661034372376,1285.0994552901843,579.4157546451261,39.76955229969092,1237.7694804777093,6892.838665470939,0.0004118687827357228,161.01827889925914,161.0186907680419,1531.3966209582547,4.7100462270589503e-07,cleared,79,False,False,True,9.787929048860044e-07,True,0.008649244437450179,3381.383856884442,100569.0257871819,True,0.00016275238955304737,0.00018039997667074203,34,shared_weighted_euclidean_projector,shared_model_kernel_rcmsa_tagged_transition,released_hmm_filter,79
Reactive,no_disclosure,test_054_c66f0b1dacc4,c66f0b1dacc4b499fb5fafd7b24077901e59bb19b93546020b7316e75636dc3c,8b83c669d56287c61d40a0703b8fe7ebc8aa642d9fff413ea893b4f328a3116c,,21,79,decision_plus_clearance,12844.116280442704,95481.1764049556,0.0,108325.2926853983,7757.5711857290535,92386.30114055023,3732.883957320148,2690.5054887765964,1227.400291395365,530.6306216269419,38.47288556999924,1140.2762399304493,7316.833576508134,0.00036316563664454436,177.7560157543704,177.75637892000705,1512.5659429769787,6.063477707056904e-07,cleared,79,False,False,True,9.515892655221107e-07,True,0.007626478369535432,3732.8763308417783,108325.29268539835,True,0.00011911900669691109,0.00018259999342262745,34,shared_weighted_euclidean_projector,shared_model_kernel_rcmsa_tagged_transition,released_hmm_filter,79
Reactive,no_disclosure,test_055_f90330578051,f90330578051a0ac7d073b0006ba832b11d6170521fff7ce97460ddcd2cba92c,8b83c669d56287c61d40a0703b8fe7ebc8aa642d9fff413ea893b4f328a3116c,,21,79,decision_plus_clearance,14189.252815378703,98350.38027726005,0.0,112539.63309263875,8555.742186410953,94957.15946135065,3825.7438544026795,3248.8355949490283,1349.9329256768563,602.2190698486381,42.52323211252277,1370.6347982112939,7585.595281654285,0.0004666519190597425,182.1778121291609,182.17827878107997,1590.7791263250983,6.211676265151281e-07,cleared,79,False,False,True,9.759278613616896e-07,True,0.009799690300254592,3825.734054712379,112539.63309263879,True,0.00014028571812169894,0.00018729991279542446,34,shared_weighted_euclidean_projector,shared_model_kernel_rcmsa_tagged_transition,released_hmm_filter,79
Reactive,no_disclosure,test_056_b2c64046cef9,b2c64046cef9c3c8c1d997032493b7ac82c1af8485fa09f9c11b9c6d822ea478,8b83c669d56287c61d40a0703b8fe7ebc8aa642d9fff413ea893b4f328a3116c,,21,79,decision_plus_clearance,13149.146606897588,84640.96960090807,0.0,97790.11620780565,7639.448662102621,82457.50567566488,3305.5354522476982,2622.7992537220607,1223.4467409614654,541.3804231069602,37.76873706371822,1135.6767550269274,6745.34706462288,0.00035056824584681496,157.4060995387874,157.40645010703324,1501.5964227092531,5.251200089553887e-07,cleared,79,False,False,True,9.623815870219427e-07,True,0.0073619331627831144,3305.5280903145353,97790.11620780568,True,0.00015349529816636017,0.00018390011973679066,34,shared_weighted_euclidean_projector,shared_model_kernel_rcmsa_tagged_transition,released_hmm_filter,79
Reactive,no_disclosure,test_057_bf11b8e004e2,bf11b8e004e2675983bf718fcc9085ea691c39d83a93ed2726c993f568ae7b13,8b83c669d56287c61d40a0703b8fe7ebc8aa642d9fff413ea893b4f328a3116c,,21,79,decision_plus_clearance,12954.632176168743,88989.61918250688,0.0,101944.25135867562,7618.737621940408,86473.98730445944,3478.2517822804075,2618.090193499012,1239.99457452225,515.1898819741095,37.66796553085354,1104.4576756788315,6976.56359225842,0.0003981645647273505,165.63063908688326,165.631037251448,1506.4798119872855,5.705979185310786e-07,cleared,79,False,False,True,9.911877249715297e-07,True,0.00836145585927436,3478.2434208245486,101944.25135867562,True,0.00012035236605221317,0.00019269995391368866,34,shared_weighted_euclidean_projector,shared_model_kernel_rcmsa_tagged_transition,released_hmm_filter,79
Reactive,no_disclosure,test_058_fbcfbffca03e,fbcfbffca03e44547ea319ed2d43b06e5f628f750b3d1a41c39a0846aecd36c4,8b83c669d56287c61d40a0703b8fe7ebc8aa642d9fff413ea893b4f328a3116c,,21,79,decision_plus_clearance,14550.314791068595,95640.70726928403,0.0,110191.02206035262,8573.165197375974,92680.4593869915,3718.649779895812,3243.085429692878,1371.5343583428603,604.1279080535905,42.40156529646171,1369.5307162543108,7503.103924077249,0.0005111013160134454,177.0780498461036,177.07856094741962,1601.65100230622,6.276294959227174e-07,cleared,79,False,False,True,9.783690779877448e-07,True,0.010733127636282352,3718.6390467681754,110191.02206035261,True,0.00013665717449926195,0.00017780018970370293,34,shared_weighted_euclidean_projector,shared_model_kernel_rcmsa_tagged_transition,released_hmm_filter,79
Reactive,no_disclosure,test_059_d22925a9593f,d22925a9593fa401ece13fc7588e32d8a890971a8c128175ef3afe51e59bbbae,8b83c669d56287c61d40a0703b8fe7ebc8aa642d9fff413ea893b4f328a3116c,,21,79,decision_plus_clearance,12951.266524573059,88822.01899901035,0.0,101773.28552358341,7653.375272546793,86259.99450039999,3470.83775651825,2638.6115774270884,1238.1268682438636,512.3395484473799,37.962163139790434,1122.7194984001878,6953.996829982221,0.000395650163779342,165.27759275546717,165.27798840563094,1500.4302106577593,5.486063149884583e-07,cleared,79,False,False,True,9.489813860752361e-07,True,0.008308653439366183,3470.8294478648104,101773.28552358336,True,0.00011936190449410961,0.0001854998990893364,34,shared_weighted_euclidean_projector,shared_model_kernel_rcmsa_tagged_transition,released_hmm_filter,79
Reactive,no_disclosure,test_060_b3feb9e274c2,b3feb9e274c243af57931bb81154ddcd4db25503aef66fcc12b42f42f154b7ce,8b83c669d56287c61d40a0703b8fe7ebc8aa642d9fff413ea893b4f328a3116c,,21,79,decision_plus_clearance,13654.517717023204,92346.40838581644,0.0,106000.92610283964,8095.841925912543,89507.9798279839,3599.029336613689,2939.604719441222,1292.5837444322435,565.8865484560124,39.90508536235247,1232.4155496164246,7218.343829601159,0.00041324238831786774,171.3819361201683,171.3823493625566,1550.906825046664,5.657458636554022e-07,cleared,79,False,False,True,9.167665601513161e-07,True,0.008678090154675223,3599.020658523534,106000.9261028396,True,0.00013493808607260385,0.00018339999951422215,34,shared_weighted_euclidean_projector,shared_model_kernel_rcmsa_tagged_transition,released_hmm_filter,79
Reactive,no_disclosure,test_061_627abde70c26,627abde70c260fe7d7dfdd8a0ae46ef10630e9ce7d5542c218bfb019b77707b7,8b83c669d56287c61d40a0703b8fe7ebc8aa642d9fff413ea893b4f328a3116c,,21,79,decision_plus_clearance,13620.544236691756,90373.24365971536,0.0,103993.78789640711,8017.635567848007,87729.86932182619,3524.025308599873,2868.22113621017,1301.2337579003918,552.8028040225217,39.36032588185554,1198.035988382175,7112.295702220094,0.0004591920697887068,167.81026978887652,167.81072898094632,1545.9385474191529,4.919222291169894e-07,cleared,79,False,False,True,9.581633024385027e-07,True,0.009643033465562842,3524.015665566407,103993.78789640714,True,0.00015022858445133482,0.00018789991736412048,34,shared_weighted_euclidean_projector,shared_model_kernel_rcmsa_tagged_transition,released_hmm_filter,79
Reactive,no_disclosure,test_062_0c9ea14e9507,0c9ea14e9507679b12568ca09440ee0d472e13c1d2a4d4df4f22d9720c95b81b,8b83c669d56287c61d40a0703b8fe7ebc8aa642d9fff413ea893b4f328a3116c,,21,79,decision_plus_clearance,13615.58539191335,96537.50002658882,0.0,110153.08541850217,8163.799443404085,93409.22445317988,3765.060940827778,2951.5568245880645,1311.1689975186214,552.2747589838046,40.33720601310924,1238.153076264466,7460.180382349772,0.0004594746420778875,179.28815675525212,179.2886162298942,1561.7837424352876,6.098065020113145e-07,cleared,79,False,False,True,9.965131744196797e-07,True,0.009648967483635638,3765.0512918602944,110153.08541850225,True,0.00012309046550875618,0.0002130002249032259,34,shared_weighted_euclidean_projector,shared_model_kernel_rcmsa_tagged_transition,released_hmm_filter,79
Reactive,no_disclosure,test_063_44f0f2a191ef,44f0f2a191eff5a5bb9fb795dad447d7fc7e78fd849c2393842ed70164a5fcda,8b83c669d56287c61d40a0703b8fe7ebc8aa642d9fff413ea893b4f328a3116c,,21,79,decision_plus_clearance,12362.338190018607,91516.16934592045,0.0,103878.50753593906,7476.264863404994,88571.89532646163,3578.8836662193257,2557.273381642739,1197.0159114813491,497.1743867289774,37.654400798980646,1096.6172499267896,7021.894191914663,0.0003614711991472601,170.42267025353067,170.4230317247298,1467.5650610559264,5.794569257427742e-07,cleared,79,False,False,True,9.84397918132904e-07,True,0.007590895182092462,3578.876075324144,103878.507535939,True,0.0001240952516950312,0.00019039981998503208,34,shared_weighted_euclidean_projector,shared_model_kernel_rcmsa_tagged_transition,released_hmm_filter,79
Reactive,no_disclosure,test_064_27d69866b791,27d69866b79138686724529a21cb6e323bfdcf5210778f504d0eb950a434b33a,8b83c669d56287c61d40a0703b8fe7ebc8aa642d9fff413ea893b4f328a3116c,,21,79,decision_plus_clearance,12042.516763324043,80947.15295451181,0.0,92989.66971783586,6961.530508494738,79033.51894105715,3174.157303641843,2212.622666582677,1128.9620598662443,478.8782381932121,34.26603946378633,953.3327150337739,6419.099014680532,0.00030593227462055755,151.15004186019408,151.1503477924687,1413.4627654364785,5.518582588813879e-07,cleared,79,False,False,True,9.982658988423548e-07,True,0.006424577767031709,3174.1508790640755,92989.66971783586,True,0.00013629051058420112,0.0001900999341160059,34,shared_weighted_euclidean_projector,shared_model_kernel_rcmsa_tagged_transition,released_hmm_filter,79
Reactive,no_disclosure,test_065_930038cc16e9,930038cc16e99dda3abddced3121095d94183071473ae7d8535bf0ab56c97fc9,8b83c669d56287c61d40a0703b8fe7ebc8aa642d9fff413ea893b4f328a3116c,,21,79,decision_plus_clearance,12567.77865716936,95003.03247071488,0.0,107570.81112788424,7581.860556306234,91964.23602343205,3718.119182379403,2584.66313835922,1203.7360930299988,518.1961343773733,37.814130099871235,1104.7174421588606,7260.786496128385,0.00034087070036524936,177.05295352831882,177.0532943990192,1490.96139637591,7.104999001979736e-07,cleared,79,False,False,True,9.155598527477772e-07,True,0.007158284707670237,3718.1120240946952,107570.81112788428,True,0.00011697146553723585,0.00018010009080171585,34,shared_weighted_euclidean_projector,shared_model_kernel_rcmsa_tagged_transition,released_hmm_filter,79
Reactive,no_disclosure,test_066_28fb87ba4913,28fb87ba4913ced186980dcbc093c47e083f79b8e740a1acb42c6392df84b3a3,8b83c669d56287c61d40a0703b8fe7ebc8aa642d9fff413ea893b4f328a3116c,,21,79,decision_plus_clearance,14354.260543586768,97070.36113816405,0.0,111424.62168175082,8647.814689237533,93713.4396069245,3772.3227027887324,3324.914873669918,1370.8517146307715,595.2780944993137,42.92331292129978,1396.2411238648192,7516.234762401736,0.000487540986457027,179.6339268775246,179.63441441851106,1595.516461618929,6.151274624934146e-07,cleared,79,False,False,True,9.355633542616466e-07,True,0.010238360715597567,3772.3124644280165,111424.62168175077,True,0.00017144282658894858,0.0001876000314950943,34,shared_weighted_euclidean_projector,shared_model_kernel_rcmsa_tagged_transition,released_hmm_filter,79
Reactive,no_disclosure,test_067_4d46fa716471,4d46fa716471fa4d60109942ef5bb2dd1232241a3c67bc5b1cfc29fc39cbfd18,8b83c669d56287c61d40a0703b8fe7ebc8aa642d9fff413ea893b4f328a3116c,,21,79,decision_plus_clearance,12694.495137736603,94813.2939529163,0.0,107507.7890906529,7753.886416902564,91561.11261132316,3703.7462233495194,2748.5678698802376,1220.6936773488292,519.7822918485375,38.79067470054734,1158.5946586843825,7228.310918496278,0.0003584899271585029,176.36850928862137,176.36886777854852,1497.4998241764958,5.810457702543458e-07,cleared,79,False,False,True,9.940867200555394e-07,True,0.007528288470328561,3703.738695061049,107507.78909065283,True,0.0001189047581560555,0.00018800003454089165,34,shared_weighted_euclidean_projector,shared_model_kernel_rcmsa_tagged_transition,released_hmm_filter,79
Reactive,no_disclosure,test_068_93da1d4ae1ba,93da1d4ae1ba5b053059e9b89e557fda34a240b0e754e3a555372b254463a63a,8b83c669d56287c61d40a0703b8fe7ebc8aa642d9fff413ea893b4f328a3116c,,21,79,decision_plus_clearance,14212.744012044232,98446.99483191599,0.0,112659.73884396022,8541.78030617132,95123.98257108741,3832.264305178066,3212.6254360027588,1353.3074822656376,595.7787432550826,42.25204568018644,1355.455688965796,7606.162962482189,0.00047316259865957293,182.4883032744521,182.48877643705077,1595.5928156982466,6.065972810397176e-07,cleared,79,False,False,True,9.903060061387568e-07,True,0.009936414571851031,3832.2543687634943,112659.73884396027,True,0.00014220475263538814,0.00019449996761977673,34,shared_weighted_euclidean_projector,shared_model_kernel_rcmsa_tagged_transition,released_hmm_filter,79
Reactive,no_disclosure,test_069_5b01ea54b2fa,5b01ea54b2fa549608732665cf72566100e6d5765b097dd29e2f07654d97e94a,8b83c669d56287c61d40a0703b8fe7ebc8aa642d9fff413ea893b4f328a3116c,,21,79,decision_plus_clearance,13572.575141523774,82662.7713575351,0.0,96235.34649905887,7801.557800804246,80641.64481411842,3223.193087815023,2740.353827832162,1274.0997915685598,554.4971769204444,38.22445016588596,1159.6059012240744,6667.703135992018,0.00042344191344990446,153.48496169213524,153.4853851340487,1520.735842316765,4.508262854885403e-07,cleared,79,False,False,True,9.840613856526592e-07,True,0.008892280182447993,3223.18419553484,96235.34649905885,True,0.00011126191488334111,0.00018360000103712082,34,shared_weighted_euclidean_projector,shared_model_kernel_rcmsa_tagged_transition,released_hmm_filter,79
Reactive,no_disclosure,test_070_0cd9bcac96c3,0cd9bcac96c35799fee58a41df95758c42fc0c84363a570dadf82c310f780fc2,8b83c669d56287c61d40a0703b8fe7ebc8aa642d9fff413ea893b4f328a3116c,,21,79,decision_plus_clearance,14125.076133427217,94634.00456703866,0.0,108759.08070046589,8488.976545725165,91444.43084054092,3678.514735346977,3207.373340462827,1350.7575326373044,589.027705752693,41.87615731558681,1337.6718838398938,7367.034428921909,0.00046476356075761144,175.1669035862953,175.16736834985605,1587.6068548172807,5.248589123688339e-07,cleared,79,False,False,True,9.91183500546877e-07,True,0.00976003477590984,3678.504975312201,108759.0807004659,True,0.00014968570100054856,0.0001800998579710722,34,shared_weighted_euclidean_projector,shared_model_kernel_rcmsa_tagged_transition,released_hmm_filter,79
Reactive,no_disclosure,test_071_34f77888383f,34f77888383fb5b7dddc8c7fc1f8ab1980f574da89d48920167bc6e4a5baac19,8b83c669d56287c61d40a0703b8fe7ebc8aa642d9fff413ea893b4f328a3116c,,21,79,decision_plus_clearance,11861.11309094974,84143.91336817197,0.0,96005.02645912171,7054.373815926196,81749.98641799929,3293.4801796174906,2319.2524342973575,1117.43059916462,470.50301211673974,35.149516694711096,989.5297683775731,6571.320162159814,0.00028890801933483906,156.83210059757545,156.8323895055948,1422.436926074537,5.267305986733607e-07,cleared,79,False,False,True,9.97115213268497e-07,True,0.00606706840603162,3293.4741125490846,96005.0264591217,True,0.0001415476380359559,0.00018259999342262745,34,shared_weighted_euclidean_projector,shared_model_kernel_rcmsa_tagged_transition,released_hmm_filter,79
Reactive,no_disclosure,test_072_8e59fac0e6c8,8e59fac0e6c81b34fdbf7517a855653a3cd0a095878de09734040c0d4127fdc1,8b83c669d56287c61d40a0703b8fe7ebc8aa642d9fff413ea893b4f328a3116c,,21,79,decision_plus_clearance,12850.020663535302,91639.08490957045,0.0,104489.10557310574,7728.158491163214,88742.32399895291,3580.8044135286027,2687.536751700713,1217.7119760487742,532.5699417115568,38.41791589809978,1153.3410200979004,7079.847776963812,0.0003337878848737458,170.51416209442954,170.5144958823144,1503.9531580530863,5.631697521272726e-07,cleared,79,False,False,True,9.817042356340248e-07,True,0.007009545582348661,3580.79740398302,104489.10557310576,True,0.000123457151598164,0.00017630006186664104,34,shared_weighted_euclidean_projector,shared_model_kernel_rcmsa_tagged_transition,released_hmm_filter,79
Reactive,no_disclosure,test_073_69349232969b,69349232969bf4c86d2f494ebcfdc30419a510d14224ddded4cf0b0572c985f7,8b83c669d56287c61d40a0703b8fe7ebc8aa642d9fff413ea893b4f328a3116c,,21,79,decision_plus_clearance,13944.137089150212,90660.41298166655,0.0,104604.55007081677,8172.848545639668,87958.01762335116,3529.3989547038123,3037.1487385246846,1317.0730375005105,590.0631710969063,40.735595903334456,1277.4259324054938,7134.18024181311,0.00047402280938283544,168.06614286784836,168.06661689065774,1547.9561139020955,5.615073961955595e-07,cleared,79,False,False,True,9.60238962988949e-07,True,0.009954478997039544,3529.3890002248154,104604.55007081674,True,0.00013620955204325064,0.00022200006060302258,34,shared_weighted_euclidean_projector,shared_model_kernel_rcmsa_tagged_transition,released_hmm_filter,79
Reactive,no_disclosure,test_074_212affc962e2,212affc962e28f58fe45099916e12acf08d12bd5b6ae1e8be69e32f2992b7426,8b83c669d56287c61d40a0703b8fe7ebc8aa642d9fff413ea893b4f328a3116c,,21,79,decision_plus_clearance,13899.952054882719,89250.90592755994,0.0,103150.85798244266,8132.769312203864,86653.71102707586,3472.74010214184,3002.8083734065435,1309.7960995647288,579.0330680497917,40.639649447463654,1276.1014073053875,7062.21984336077,0.0004702925395477726,165.36810599992904,165.3685762924686,1542.5445871696525,5.701741371200404e-07,cleared,79,False,False,True,9.784445381722982e-07,True,0.009876143330503224,3472.73022599851,103150.85798244261,True,0.00014422856093872162,0.00018729991279542446,34,shared_weighted_euclidean_projector,shared_model_kernel_rcmsa_tagged_transition,released_hmm_filter,79
Reactive,no_disclosure,test_075_8de4e41c7ad9,8de4e41c7ad941d139487bf1af6be7e835a7c841f83db6f4b9e0876bff23bb48,8b83c669d56287c61d40a0703b8fe7ebc8aa642d9fff413ea893b4f328a3116c,,21,79,decision_plus_clearance,12724.056418282147,83592.9062294109,0.0,96316.96264769306,7418.415410948279,81353.5758108843,3264.538858779007,2551.804659245391,1186.8742763849243,541.7536314511672,36.920193346694006,1086.2101340315983,6620.717542949968,0.00034688348189166446,155.453884486947,155.4542313704289,1461.2033736590138,5.001510609155538e-07,cleared,79,False,False,True,8.651938050171725e-07,True,0.007284553119724954,3264.531574225887,96316.96264769307,True,0.0001302714060459818,0.0001846000086516142,34,shared_weighted_euclidean_projector,shared_model_kernel_rcmsa_tagged_transition,released_hmm_filter,79
Reactive,no_disclosure,test_076_48339f21c8ec,48339f21c8ec04a89d1fa33ffb9bd38ffc2087720a9e6d22241a14418438a684,8b83c669d56287c61d40a0703b8fe7ebc8aa642d9fff413ea893b4f328a3116c,,21,79,decision_plus_clearance,14433.039761932429,98031.50690898315,0.0,112464.54667091559,8653.803027582355,94738.44131178912,3812.5621848651804,3282.9992309184267,1381.7808837763946,594.9600319840746,42.761715230885976,1383.6819007243496,7603.89804110864,0.000503841984709645,181.55007638969056,181.55058023167527,1611.0611730484936,6.340521549291867e-07,cleared,79,False,False,True,9.403774278548048e-07,True,0.010580681678902545,3812.5516041835017,112464.54667091554,True,0.00012945239653899555,0.00018790015019476414,34,shared_weighted_euclidean_projector,shared_model_kernel_rcmsa_tagged_transition,released_hmm_filter,79
Reactive,no_disclosure,test_077_b1f2e84dc844,b1f2e84dc844662b5d1fd981486515a77f37fa4bd91d8f1c5bdc9de643205101,8b83c669d56287c61d40a0703b8fe7ebc8aa642d9fff413ea893b4f328a3116c,,21,79,decision_plus_clearance,13936.814147048071,86325.53497995326,0.0,100262.34912700133,8022.890261552425,84070.53964181672,3361.6925790311425,2925.318916730581,1288.2535046263488,593.6542232441149,39.888265484865244,1251.1176650564498,6902.434174675437,0.0004226977885873984,160.08017630369437,160.08059900148297,1530.9818495949037,5.872353675337819e-07,cleared,79,False,False,True,9.859855273716534e-07,True,0.008876653560335367,3361.683702377582,100262.34912700133,True,0.0001426475965196178,0.00019080005586147308,34,shared_weighted_euclidean_projector,shared_model_kernel_rcmsa_tagged_transition,released_hmm_filter,79
Reactive,no_disclosure,test_078_367d379a9297,367d379a9297286f557f72f155581887362331484e75dc530b5d1e7702215749,8b83c669d56287c61d40a0703b8fe7ebc8aa642d9fff413ea893b4f328a3116c,,21,79,decision_plus_clearance,13720.389461617262,87266.57252059587,0.0,100986.96198221314,7975.282209810607,84898.62488994758,3398.9956816439053,2862.5739364402725,1255.1185309145405,596.3667334562161,39.33661103255319,1229.150626671014,6948.792964310592,0.0003591886187711579,161.85657803251956,161.85693722113834,1532.437335265933,5.59724794639216e-07,cleared,79,False,False,True,9.768600401208786e-07,True,0.007542960994194315,3398.988138682911,100986.96198221312,True,0.00014922859901118847,0.00019540009088814259,34,shared_weighted_euclidean_projector,shared_model_kernel_rcmsa_tagged_transition,released_hmm_filter,79
Reactive,no_disclosure,test_079_bce06ca59758,bce06ca59758dbd98389f738153975aa7a35c811fa8594d1d0e258628ef96d65,8b83c669d56287c61d40a0703b8fe7ebc8aa642d9fff413ea893b4f328a3116c,,21,79,decision_plus_clearance,11925.23546849877,84202.60490192815,0.0,96127.84037042691,6938.315436105451,82093.76135738376,3305.5435338515954,2193.3232051572154,1123.8192248000848,473.07761312884395,34.31435572873171,945.1165690090887,6599.563429591054,0.0003011935150557835,157.406533751799,157.40683494531405,1418.0278015057272,6.039103764965047e-07,cleared,79,False,False,True,9.350906677644311e-07,True,0.006325063816171454,3305.537208787779,96127.84037042694,True,0.00013453330445502485,0.00017799995839595795,34,shared_weighted_euclidean_projector,shared_model_kernel_rcmsa_tagged_transition,released_hmm_filter,79
Reactive,no_disclosure,test_080_e669407a98d7,e669407a98d788999f61cc42f0d91ad3f73f1d4c7c567a28c5df008483262012,8b83c669d56287c61d40a0703b8fe7ebc8aa642d9fff413ea893b4f328a3116c,,21,79,decision_plus_clearance,13937.082145962208,95569.16989930214,0.0,109506.25204526435,8301.80164890493,92508.74292226035,3724.8473253115417,3075.6152282955236,1344.2051469015125,551.0397735905041,40.97185625398525,1274.5461495977654,7422.267926422445,0.0005241816231140489,177.37315797606934,177.37368215769246,1572.2274539933649,5.166261091166777e-07,cleared,79,False,False,True,8.995589276059213e-07,True,0.011007814085395027,3724.836317497456,109506.25204526437,True,0.00013910953532017412,0.0001775999553501606,34,shared_weighted_euclidean_projector,shared_model_kernel_rcmsa_tagged_transition,released_hmm_filter,79
Reactive,no_disclosure,test_081_fbbd80304765,fbbd803047650db226feaa75de7119d49ed8d237f46bb4c3b1122439776b0ba3,8b83c669d56287c61d40a0703b8fe7ebc8aa642d9fff413ea893b4f328a3116c,,21,79,decision_plus_clearance,12250.764322617062,95250.0385417995,0.0,107500.80286441656,7469.19450317714,92122.31194177685,3730.7485392289623,2499.8017006231985,1187.8275458665473,490.9186337439026,37.13644370064862,1062.135428168847,7240.080125735834,0.00033923555218427884,177.65435310868412,177.6546923442363,1478.759739141795,6.363092043380351e-07,cleared,79,False,False,True,9.442079418595119e-07,True,0.007123946595869856,3730.7414152823667,107500.8028644166,True,0.00013779522851109505,0.0001868000254034996,34,shared_weighted_euclidean_projector,shared_model_kernel_rcmsa_tagged_transition,released_hmm_filter,79
Reactive,no_disclosure,test_082_2cf496ac3a99,2cf496ac3a99b59959fd7b5de1a04776b86b60eee9dcd086bd37dfc0c4edb16c,8b83c669d56287c61d40a0703b8fe7ebc8aa642d9fff413ea893b4f328a3116c,,21,79,decision_plus_clearance,14215.8712582821,92495.53194430366,0.0,106711.40320258576,8365.732926953136,89713.28068101376,3598.491589004772,3101.7996940617486,1340.075080465441,592.0232310868907,41.076082509768156,1299.3105646160798,7292.933307012969,0.00047876832981629463,171.35626356523073,171.35674233356056,1581.6840303172746,4.968590910654195e-07,cleared,79,False,False,True,9.986312645176692e-07,True,0.010054134926142187,3598.4815348698453,106711.40320258573,True,0.00013127619223225685,0.00018049986101686954,34,shared_weighted_euclidean_projector,shared_model_kernel_rcmsa_tagged_transition,released_hmm_filter,79
Reactive,no_disclosure,test_083_4cbdde5f376f,4cbdde5f376f40f80c1ddb1ed6bdd46a705c890728c9a5d74d7af9a990a98cc8,8b83c669d56287c61d40a0703b8fe7ebc8aa642d9fff413ea893b4f328a3116c,,21,79,decision_plus_clearance,13786.147715604457,88287.86943214842,0.0,102074.01714775288,7986.95183042541,85903.9142611813,3442.740347702481,2867.532494258174,1305.8398305925944,567.0383835929212,39.23758937019043,1196.2991587382119,7013.985345283549,0.0004705616683059929,163.93954599559268,163.94001655726098,1542.3138485352044,5.206794925607158e-07,cleared,79,False,False,True,9.001241954594461e-07,True,0.00988179503442585,3442.730465907446,102074.0171477529,True,0.00011108572860913617,0.00019740010611712933,34,shared_weighted_euclidean_projector,shared_model_kernel_rcmsa_tagged_transition,released_hmm_filter,79
Reactive,no_disclosure,test_084_513eb18f351c,513eb18f351c0ae9049df078bb1de046440084ba5b9f75437cb0aee0bdfd9e44,8b83c669d56287c61d40a0703b8fe7ebc8aa642d9fff413ea893b4f328a3116c,,21,79,decision_plus_clearance,13655.03225676494,91138.58975063717,0.0,104793.62200740211,8031.550015950233,88442.95226522954,3554.0977854918124,2904.4527891377265,1300.9853918184212,559.5837597743431,39.77014728913908,1219.5673053362054,7149.502165304375,0.0004632253964879057,169.2422884646898,169.2427516900863,1540.6699943176573,5.5569850885849e-07,cleared,79,False,False,True,9.157564980346932e-07,True,0.00972773332624602,3554.088057758486,104793.62200740207,True,0.00014893332540634132,0.00018560001626610756,34,shared_weighted_euclidean_projector,shared_model_kernel_rcmsa_tagged_transition,released_hmm_filter,79
Reactive,no_disclosure,test_085_650c50514b66,650c50514b6644e496b372654068cbdc1711c214d31c247c6f969a86a61106c0,8b83c669d56287c61d40a0703b8fe7ebc8aa642d9fff413ea893b4f328a3116c,,21,79,decision_plus_clearance,14872.422531401038,91728.27786240356,0.0,106600.7003938046,8605.353598652253,89139.38708778129,3563.6922085788833,3283.54450942686,1375.9259733386223,632.7970160266965,42.38542713141791,1387.1278239246533,7309.746071535053,0.0005080423699826034,169.69912093757682,169.6996289799468,1603.4978259700486,5.477410907292615e-07,cleared,79,False,False,True,9.744104547338498e-07,True,0.010668889769634671,3563.6815396891134,106600.70039380461,True,0.00013486668467521667,0.0001862999051809311,34,shared_weighted_euclidean_projector,shared_model_kernel_rcmsa_tagged_transition,released_hmm_filter,79
Reactive,no_disclosure,test_086_754dc8e1ab0e,754dc8e1ab0e7268d5ce0dd2ffc19bdf7c2959cd70067092fd5ee3f03e2bf486,8b83c669d56287c61d40a0703b8fe7ebc8aa642d9fff413ea893b4f328a3116c,,21,79,decision_plus_clearance,14345.908610326389,96085.1725874245,0.0,110431.08119775089,8477.08851020696,93097.45728088281,3741.362881149441,3166.6263200648536,1342.1953602615558,606.350845185283,41.937074008039275,1348.1197987218036,7504.42797676575,0.00045686094651076594,178.1596803366459,178.1601371975924,1592.1926374019295,6.583196517411316e-07,cleared,79,False,False,True,9.817849029490982e-07,True,0.009594079876726084,3741.3532870695635,110431.0811977509,True,0.00011601426549965428,0.00018099998123943806,34,shared_weighted_euclidean_projector,shared_model_kernel_rcmsa_tagged_transition,released_hmm_filter,79
Reactive,no_disclosure,test_087_cbc79ee243dd,cbc79ee243dd0e237a5023163791e895019f33bb871350474ccaace9587409dc,8b83c669d56287c61d40a0703b8fe7ebc8aa642d9fff413ea893b4f328a3116c,,21,79,decision_plus_clearance,13248.25228945666,97886.38023655952,0.0,111134.63252601618,8093.163274542832,94456.36807754288,3818.072824774282,2946.4163159510495,1280.75756581215,539.8544673929722,40.49655113457112,1244.0862861668356,7463.777604594273,0.000428366892317933,181.81256328902586,181.81299165591818,1536.9471612704604,6.058503038092378e-07,cleared,79,False,False,True,9.658773490277639e-07,True,0.008995704738676592,3818.063829069543,111134.63252601617,True,0.00010833809418337686,0.00012240000069141388,34,shared_weighted_euclidean_projector,shared_model_kernel_rcmsa_tagged_transition,released_hmm_filter,79
