portid,portname,country,ISO3,week_start,days_observed,portcalls_container,portcalls_dry_bulk,portcalls_general_cargo,portcalls_roro,portcalls_tanker,portcalls_cargo,portcalls,import_container,import_dry_bulk,import_general_cargo,import_roro,import_tanker,import_cargo,import,export_container,export_dry_bulk,export_general_cargo,export_roro,export_tanker,export_cargo,export,is_complete_week
port362,Fujairah,United Arab Emirates,ARE,2018-12-31,6,0,7,0,0,38,7,45,0,53542,0,0,459215,53542,512757,0,388564,0,0,339372,388564,727936,False
port362,Fujairah,United Arab Emirates,ARE,2019-01-07,7,0,8,0,0,53,8,61,0,11500,0,0,571191,11500,582692,0,318837,0,0,489999,318837,808838,True
port362,Fujairah,United Arab Emirates,ARE,2019-01-14,7,0,10,1,0,45,11,56,0,26209,1120,0,440198,27329,467528,0,490958,1520,0,459665,492478,952146,True
port362,Fujairah,United Arab Emirates,ARE,2019-01-21,7,0,8,2,0,53,10,63,0,28658,2240,0,331744,30898,362644,0,266596,3040,0,661202,269636,930840,True
port362,Fujairah,United Arab Emirates,ARE,2019-01-28,7,0,8,1,0,43,9,52,0,43995,0,0,446260,43995,490255,0,398513,1162,0,390573,399675,790248,True
port362,Fujairah,United Arab Emirates,ARE,2019-02-04,7,0,10,1,0,55,11,66,0,10406,235,0,545803,10641,556446,0,495960,0,0,597404,495960,1093367,True
port362,Fujairah,United Arab Emirates,ARE,2019-02-11,7,0,10,1,0,53,11,64,0,36587,0,0,509389,36587,545976,0,461890,140,0,502420,462030,964456,True
port362,Fujairah,United Arab Emirates,ARE,2019-02-18,7,0,13,1,0,51,14,65,0,138472,1120,0,757379,139592,896972,0,477870,1520,0,663261,479390,1142653,True
port362,Fujairah,United Arab Emirates,ARE,2019-02-25,7,0,5,0,0,54,5,59,0,105849,0,0,511685,105849,617535,0,84634,0,0,467223,84634,551857,True
port362,Fujairah,United Arab Emirates,ARE,2019-03-04,7,0,7,0,0,59,7,66,0,54117,0,0,609042,54117,663160,0,336003,0,0,762354,336003,1098359,True
port362,Fujairah,United Arab Emirates,ARE,2019-03-11,7,0,7,1,0,55,8,63,0,104429,1120,0,640846,105550,746398,0,305595,1520,0,534303,307116,841419,True
port362,Fujairah,United Arab Emirates,ARE,2019-03-18,7,0,4,0,0,52,4,56,0,0,0,0,525873,0,525873,0,261865,0,0,717473,261865,979340,True
port362,Fujairah,United Arab Emirates,ARE,2019-03-25,7,0,5,1,0,58,6,64,0,36829,0,0,662277,36829,699108,0,229818,9842,0,659465,239661,899127,True
port362,Fujairah,United Arab Emirates,ARE,2019-04-01,7,0,6,1,0,60,7,67,0,40628,703,0,709395,41331,750728,0,82475,0,0,608762,82475,691238,True
port362,Fujairah,United Arab Emirates,ARE,2019-04-08,7,0,7,1,0,49,8,57,0,10406,8620,0,406704,19026,425730,0,357173,0,0,683984,357173,1041159,True
port362,Fujairah,United Arab Emirates,ARE,2019-04-15,7,0,15,0,0,60,15,75,0,127869,0,0,481295,127869,609167,0,538310,0,0,765152,538310,1303465,True
port362,Fujairah,United Arab Emirates,ARE,2019-04-22,7,0,6,1,0,64,7,71,0,5203,0,0,703937,5203,709141,0,287289,279,0,776864,287568,1064433,True
port362,Fujairah,United Arab Emirates,ARE,2019-04-29,7,0,9,0,0,49,9,58,0,49198,0,0,475841,49198,525039,0,477821,0,0,672364,477821,1150187,True
port362,Fujairah,United Arab Emirates,ARE,2019-05-06,7,0,8,0,0,55,8,63,0,5203,0,0,583375,5203,588578,0,394274,0,0,890610,394274,1284888,True
port362,Fujairah,United Arab Emirates,ARE,2019-05-13,7,0,8,0,0,53,8,61,0,10406,0,0,466291,10406,476697,0,340942,0,0,581714,340942,922658,True
port362,Fujairah,United Arab Emirates,ARE,2019-05-20,7,0,7,1,0,59,8,67,0,10406,562,0,682831,10968,693801,0,281482,0,0,684841,281482,966324,True
port362,Fujairah,United Arab Emirates,ARE,2019-05-27,7,0,11,0,0,49,11,60,0,161659,0,0,416097,161659,577757,0,344098,0,0,696911,344098,1041013,True
port362,Fujairah,United Arab Emirates,ARE,2019-06-03,7,0,6,1,0,54,7,61,0,5203,1120,0,424729,6323,431054,0,335794,1520,0,610469,337315,947786,True
port362,Fujairah,United Arab Emirates,ARE,2019-06-10,7,0,11,0,0,48,11,59,0,101784,0,0,297893,101784,399678,0,344142,0,0,731829,344142,1075973,True
port362,Fujairah,United Arab Emirates,ARE,2019-06-17,7,0,5,0,0,55,5,60,0,5203,0,0,530669,5203,535872,0,305340,0,0,1002810,305340,1308150,True
port362,Fujairah,United Arab Emirates,ARE,2019-06-24,7,0,4,1,0,59,5,64,0,5203,565,0,725358,5768,731127,0,195809,0,0,893939,195809,1089749,True
port362,Fujairah,United Arab Emirates,ARE,2019-07-01,7,0,8,0,0,48,8,56,0,10406,0,0,525177,10406,535583,0,359540,0,0,780791,359540,1140332,True
port362,Fujairah,United Arab Emirates,ARE,2019-07-08,7,0,8,0,0,50,8,58,0,30932,0,0,545325,30932,576259,0,368782,0,0,686228,368782,1055015,True
port362,Fujairah,United Arab Emirates,ARE,2019-07-15,7,0,8,0,0,56,8,64,0,15609,0,0,563221,15609,578832,0,404980,0,0,888916,404980,1293899,True
port362,Fujairah,United Arab Emirates,ARE,2019-07-22,7,0,5,1,0,43,6,49,0,54401,561,0,429522,54962,484485,0,233306,0,0,466865,233306,700173,True
port362,Fujairah,United Arab Emirates,ARE,2019-07-29,7,0,5,1,0,46,6,52,0,19270,0,0,537017,19270,556287,0,165062,260,0,621361,165322,786684,True
port362,Fujairah,United Arab Emirates,ARE,2019-08-05,7,1,10,1,0,63,12,75,7661,28108,558,0,638683,36329,675013,1503,350265,0,0,762456,351768,1114225,True
port362,Fujairah,United Arab Emirates,ARE,2019-08-12,7,0,6,0,0,52,6,58,0,5203,0,0,503722,5203,508926,0,296105,0,0,799406,296105,1095513,True
port362,Fujairah,United Arab Emirates,ARE,2019-08-19,7,0,9,1,0,48,10,58,0,65703,560,0,320044,66263,386308,0,376422,0,0,594966,376422,971390,True
port362,Fujairah,United Arab Emirates,ARE,2019-08-26,7,0,4,1,0,55,5,60,0,369,0,0,416461,369,416831,0,200850,1358,0,610051,202208,812262,True
port362,Fujairah,United Arab Emirates,ARE,2019-09-02,7,0,7,2,0,44,9,53,0,71310,700,0,331456,72010,403469,0,348963,27395,0,630071,376358,1006431,True
port362,Fujairah,United Arab Emirates,ARE,2019-09-09,7,0,8,0,0,52,8,60,0,58726,0,0,691685,58726,750411,0,432709,0,0,620100,432709,1052813,True
port362,Fujairah,United Arab Emirates,ARE,2019-09-16,7,0,9,0,0,61,9,70,0,80383,0,0,518830,80383,599214,0,408564,0,0,1119613,408564,1528178,True
port362,Fujairah,United Arab Emirates,ARE,2019-09-23,7,0,9,2,0,61,11,72,0,12950,2240,0,853064,15190,868256,0,394706,3040,0,794628,397746,1192377,True
port362,Fujairah,United Arab Emirates,ARE,2019-09-30,7,0,5,1,0,61,6,67,0,5203,560,0,792686,5763,798450,0,267865,0,0,589943,267865,857809,True
port362,Fujairah,United Arab Emirates,ARE,2019-10-07,7,0,8,0,0,60,8,68,0,75425,0,0,588147,75425,663573,0,274350,0,0,768947,274350,1043299,True
port362,Fujairah,United Arab Emirates,ARE,2019-10-14,7,0,7,2,0,65,9,74,0,31383,1120,0,475854,32503,508358,0,369516,1520,0,546890,371036,917929,True
port362,Fujairah,United Arab Emirates,ARE,2019-10-21,7,0,9,2,0,63,11,74,0,77229,5050,0,571756,82279,654039,0,348177,0,0,710580,348177,1058760,True
port362,Fujairah,United Arab Emirates,ARE,2019-10-28,7,1,7,0,0,49,8,57,0,15609,0,0,561360,15609,576970,11072,326973,0,0,589663,338045,927711,True
port362,Fujairah,United Arab Emirates,ARE,2019-11-04,7,0,8,1,0,57,9,66,0,78767,1120,0,537630,79887,617520,0,364981,1520,0,734505,366502,1101009,True
port362,Fujairah,United Arab Emirates,ARE,2019-11-11,7,0,8,2,0,54,10,64,0,43995,0,0,477941,43995,521936,0,270507,0,0,978215,270507,1248723,True
port362,Fujairah,United Arab Emirates,ARE,2019-11-18,7,0,7,0,0,59,7,66,0,5136,0,0,585465,5136,590603,0,234331,0,0,685133,234331,919464,True
port362,Fujairah,United Arab Emirates,ARE,2019-11-25,7,1,6,1,0,62,8,70,7661,60292,0,0,715929,67953,783883,1503,241489,0,0,774217,242993,1017211,True
port362,Fujairah,United Arab Emirates,ARE,2019-12-02,7,1,6,1,0,56,8,64,7661,0,711,0,687899,8372,696272,1503,274433,0,0,775219,275936,1051159,True
port362,Fujairah,United Arab Emirates,ARE,2019-12-09,7,0,6,3,0,61,9,70,0,5203,0,0,634014,5203,639217,0,309855,5949,0,771298,315806,1087108,True
port362,Fujairah,United Arab Emirates,ARE,2019-12-16,7,1,6,3,0,57,10,67,7661,0,1399,0,532372,9060,541434,1503,395481,1520,0,834941,398504,1233448,True
port362,Fujairah,United Arab Emirates,ARE,2019-12-23,7,0,4,1,0,76,5,81,0,6368,2373,0,838609,8741,847351,0,124953,0,0,977678,124953,1102632,True
port362,Fujairah,United Arab Emirates,ARE,2019-12-30,7,0,7,1,0,62,8,70,0,0,1120,0,539551,1120,540672,0,294397,1520,0,799999,295918,1095921,True
port362,Fujairah,United Arab Emirates,ARE,2020-01-06,7,0,7,1,0,51,8,59,0,74499,0,0,389401,74499,463901,0,237741,3908,0,836013,241649,1077665,True
port362,Fujairah,United Arab Emirates,ARE,2020-01-13,7,0,7,2,0,61,9,70,0,0,419,0,654648,419,655068,0,371015,0,0,702106,371015,1073124,True
port362,Fujairah,United Arab Emirates,ARE,2020-01-20,7,1,8,1,0,60,10,70,6699,5203,37,0,716428,11939,728368,0,337864,0,0,626515,337864,964381,True
port362,Fujairah,United Arab Emirates,ARE,2020-01-27,7,1,7,1,0,66,9,75,7661,5203,1120,0,902593,13984,916578,1503,359002,1520,0,541227,362026,903255,True
port362,Fujairah,United Arab Emirates,ARE,2020-02-03,7,0,8,1,0,53,9,62,0,20075,0,0,720986,20075,741063,0,297897,0,0,744826,297897,1042726,True
port362,Fujairah,United Arab Emirates,ARE,2020-02-10,7,0,7,2,0,72,9,81,0,27887,0,0,901215,27887,929103,0,323411,0,0,839288,323411,1162701,True
port362,Fujairah,United Arab Emirates,ARE,2020-02-17,7,0,6,1,0,53,7,60,0,5250,1120,0,576327,6370,582698,0,222600,1520,0,453178,224120,677301,True
port362,Fujairah,United Arab Emirates,ARE,2020-02-24,7,0,5,1,0,55,6,61,0,5203,0,0,547863,5203,553067,0,253061,0,0,749927,253061,1002989,True
port362,Fujairah,United Arab Emirates,ARE,2020-03-02,7,1,4,2,0,59,7,66,17683,13228,1120,0,465870,32031,497903,0,110307,1520,0,707588,111827,819418,True
port362,Fujairah,United Arab Emirates,ARE,2020-03-09,7,0,7,0,0,58,7,65,0,10406,0,0,728538,10406,738944,0,301041,0,0,516157,301041,817199,True
port362,Fujairah,United Arab Emirates,ARE,2020-03-16,7,0,7,1,0,53,8,61,0,15609,1120,0,339434,16729,356164,0,307584,1520,0,516313,309104,825418,True
port362,Fujairah,United Arab Emirates,ARE,2020-03-23,7,0,2,1,0,63,3,66,0,63338,418,0,775808,63756,839564,0,43113,0,0,696539,43113,739652,True
port362,Fujairah,United Arab Emirates,ARE,2020-03-30,7,0,2,0,0,62,2,64,0,0,0,0,978268,0,978268,0,105989,0,0,516189,105989,622178,True
port362,Fujairah,United Arab Emirates,ARE,2020-04-06,7,0,5,0,0,59,5,64,0,8536,0,0,538628,8536,547164,0,161979,0,0,564021,161979,726001,True
port362,Fujairah,United Arab Emirates,ARE,2020-04-13,7,0,5,0,0,50,5,55,0,113896,0,0,377110,113896,491007,0,148201,0,0,522543,148201,670746,True
port362,Fujairah,United Arab Emirates,ARE,2020-04-20,7,0,3,1,0,55,4,59,0,5203,899,0,496849,6102,502952,0,151217,0,0,549557,151217,700776,True
port362,Fujairah,United Arab Emirates,ARE,2020-04-27,7,0,3,0,0,50,3,53,0,76577,0,0,525790,76577,602369,0,55995,0,0,308171,55995,364167,True
port362,Fujairah,United Arab Emirates,ARE,2020-05-04,7,0,5,0,0,54,5,59,0,51117,0,0,697550,51117,748667,0,200076,0,0,342990,200076,543070,True
port362,Fujairah,United Arab Emirates,ARE,2020-05-11,7,0,4,1,0,50,5,55,0,77731,140,0,481054,77871,558926,0,141105,0,0,527513,141105,668619,True
port362,Fujairah,United Arab Emirates,ARE,2020-05-18,7,0,4,0,0,50,4,54,0,86093,0,0,403622,86093,489716,0,119651,0,0,613210,119651,732863,True
port362,Fujairah,United Arab Emirates,ARE,2020-05-25,7,0,7,0,0,43,7,50,0,10406,0,0,729746,10406,740154,0,355888,0,0,306881,355888,662772,True
port362,Fujairah,United Arab Emirates,ARE,2020-06-01,7,1,6,0,0,46,7,53,13709,53799,0,0,529534,67508,597042,0,213564,0,0,689956,213564,903522,True
port362,Fujairah,United Arab Emirates,ARE,2020-06-08,7,0,3,1,0,41,4,45,0,10406,701,0,343359,11107,354467,0,86633,0,0,512508,86633,599141,True
port362,Fujairah,United Arab Emirates,ARE,2020-06-15,7,0,8,0,0,44,8,52,0,66654,0,0,494291,66654,560946,0,298374,0,0,702479,298374,1000856,True
port362,Fujairah,United Arab Emirates,ARE,2020-06-22,7,0,3,1,0,44,4,48,0,0,0,0,321457,0,321457,0,167068,139,0,640726,167207,807936,True
port362,Fujairah,United Arab Emirates,ARE,2020-06-29,7,0,4,0,0,42,4,46,0,1088,0,0,280046,1088,281135,0,167618,0,0,839457,167618,1007077,True
port362,Fujairah,United Arab Emirates,ARE,2020-07-06,7,0,4,1,0,52,5,57,0,0,0,0,665530,0,665530,0,206078,278,0,958251,206356,1164610,True
port362,Fujairah,United Arab Emirates,ARE,2020-07-13,7,0,3,0,0,54,3,57,0,0,0,0,463024,0,463024,0,96373,0,0,857591,96373,953965,True
port362,Fujairah,United Arab Emirates,ARE,2020-07-20,7,0,4,1,0,44,5,49,0,0,139,0,371869,139,372009,0,195555,0,0,401718,195555,597275,True
port362,Fujairah,United Arab Emirates,ARE,2020-07-27,7,0,5,0,0,45,5,50,0,0,0,0,255353,0,255353,0,198701,0,0,706198,198701,904899,True
port362,Fujairah,United Arab Emirates,ARE,2020-08-03,7,0,5,1,0,54,6,60,0,5203,0,0,649031,5203,654234,0,172256,139,0,614925,172395,787321,True
port362,Fujairah,United Arab Emirates,ARE,2020-08-10,7,0,6,0,0,47,6,53,0,6818,0,0,454078,6818,460896,0,196992,0,0,731700,196992,928693,True
port362,Fujairah,United Arab Emirates,ARE,2020-08-17,7,0,2,1,0,67,3,70,0,0,280,0,793569,280,793850,0,147443,0,0,655618,147443,803061,True
port362,Fujairah,United Arab Emirates,ARE,2020-08-24,7,0,6,0,0,54,6,60,0,0,0,0,481562,0,481562,0,272269,0,0,892823,272269,1165095,True
port362,Fujairah,United Arab Emirates,ARE,2020-08-31,7,0,4,1,0,57,5,62,0,52227,699,0,440725,52926,493652,0,153117,0,0,599785,153117,752903,True
port362,Fujairah,United Arab Emirates,ARE,2020-09-07,7,0,6,2,0,51,8,59,0,5203,2240,0,672223,7443,679668,0,292920,3040,0,555968,295960,851930,True
port362,Fujairah,United Arab Emirates,ARE,2020-09-14,7,0,7,1,0,62,8,70,0,29514,0,0,478792,29514,508306,0,256442,15400,0,1175128,271842,1446973,True
port362,Fujairah,United Arab Emirates,ARE,2020-09-21,7,0,5,0,0,53,5,58,0,0,0,0,431302,0,431302,0,254190,0,0,490023,254190,744216,True
port362,Fujairah,United Arab Emirates,ARE,2020-09-28,7,0,4,0,0,54,4,58,0,1565,0,0,770508,1565,772073,0,140333,0,0,584629,140333,724964,True
port362,Fujairah,United Arab Emirates,ARE,2020-10-05,7,0,4,2,0,63,6,69,0,5203,280,0,1021304,5483,1026788,0,211154,0,0,921796,211154,1132953,True
port362,Fujairah,United Arab Emirates,ARE,2020-10-12,7,0,5,0,0,56,5,61,0,72047,0,0,499968,72047,572015,0,76315,0,0,785721,76315,862036,True
port362,Fujairah,United Arab Emirates,ARE,2020-10-19,7,0,5,2,0,58,7,65,0,0,1120,0,487464,1120,488584,0,279434,1659,0,772225,281094,1053322,True
port362,Fujairah,United Arab Emirates,ARE,2020-10-26,7,0,5,0,0,55,5,60,0,78567,0,0,593781,78567,672348,0,134433,0,0,604167,134433,738601,True
port362,Fujairah,United Arab Emirates,ARE,2020-11-02,7,0,5,1,0,59,6,65,0,0,1120,0,399960,1120,401080,0,270094,1520,0,742041,271614,1013659,True
port362,Fujairah,United Arab Emirates,ARE,2020-11-09,7,0,4,0,0,55,4,59,0,0,0,0,686047,0,686047,0,207525,0,0,597862,207525,805390,True
port362,Fujairah,United Arab Emirates,ARE,2020-11-16,7,0,7,0,0,59,7,66,0,0,0,0,662445,0,662445,0,376784,0,0,619967,376784,996754,True
port362,Fujairah,United Arab Emirates,ARE,2020-11-23,7,0,3,0,0,48,3,51,0,0,0,0,623950,0,623950,0,82647,0,0,508429,82647,591076,True
port362,Fujairah,United Arab Emirates,ARE,2020-11-30,7,0,9,0,0,48,9,57,0,45686,0,0,760664,45686,806350,0,403681,0,0,584651,403681,988336,True
port362,Fujairah,United Arab Emirates,ARE,2020-12-07,7,0,8,0,0,55,8,63,0,60822,0,0,474445,60822,535269,0,318348,0,0,693813,318348,1012163,True
port362,Fujairah,United Arab Emirates,ARE,2020-12-14,7,0,10,1,0,57,11,68,0,64589,281,0,714679,64870,779552,0,433905,0,0,857353,433905,1291261,True
port362,Fujairah,United Arab Emirates,ARE,2020-12-21,7,0,6,0,0,55,6,61,0,0,0,0,387946,0,387946,0,345673,0,0,829066,345673,1174742,True
port362,Fujairah,United Arab Emirates,ARE,2020-12-28,7,0,6,1,0,49,7,56,0,54926,0,0,647752,54926,702678,0,296472,0,0,568389,296472,864861,True
port362,Fujairah,United Arab Emirates,ARE,2021-01-04,7,0,4,0,0,60,4,64,0,0,0,0,542411,0,542411,0,108104,0,0,1066071,108104,1174176,True
port362,Fujairah,United Arab Emirates,ARE,2021-01-11,7,0,6,0,0,56,6,62,0,5203,0,0,532500,5203,537703,0,316606,0,0,695603,316606,1012213,True
port362,Fujairah,United Arab Emirates,ARE,2021-01-18,7,0,7,0,0,51,7,58,0,60638,0,0,714631,60638,775269,0,356753,0,0,721328,356753,1078082,True
port362,Fujairah,United Arab Emirates,ARE,2021-01-25,7,0,9,0,0,61,9,70,0,41293,0,0,681774,41293,723067,0,378561,0,0,1028594,378561,1407158,True
port362,Fujairah,United Arab Emirates,ARE,2021-02-01,7,0,0,2,1,58,3,61,0,0,1120,0,665828,1120,666949,0,0,5692,0,874803,5692,880496,True
port362,Fujairah,United Arab Emirates,ARE,2021-02-08,7,0,2,1,0,59,3,62,0,0,0,0,575817,0,575817,0,76247,140,0,660419,76387,736808,True
port362,Fujairah,United Arab Emirates,ARE,2021-02-15,7,0,5,1,0,52,6,58,0,23191,1120,0,603101,24311,627413,0,214656,1520,0,679246,216176,895424,True
port362,Fujairah,United Arab Emirates,ARE,2021-02-22,7,0,6,1,0,58,7,65,0,0,140,0,366485,140,366626,0,322682,0,0,955523,322682,1278209,True
port362,Fujairah,United Arab Emirates,ARE,2021-03-01,7,0,2,0,0,56,2,58,0,0,0,0,660142,0,660142,0,99769,0,0,768383,99769,868152,True
port362,Fujairah,United Arab Emirates,ARE,2021-03-08,7,0,4,0,0,70,4,74,0,0,0,0,852918,0,852918,0,232203,0,0,750305,232203,982509,True
port362,Fujairah,United Arab Emirates,ARE,2021-03-15,7,0,4,0,0,51,4,55,0,0,0,0,561720,0,561720,0,152797,0,0,936801,152797,1089600,True
port362,Fujairah,United Arab Emirates,ARE,2021-03-22,7,0,4,1,0,59,5,64,0,0,1120,0,591106,1120,592227,0,199137,1520,0,719690,200657,920348,True
port362,Fujairah,United Arab Emirates,ARE,2021-03-29,7,0,5,1,0,67,6,73,0,62064,1120,0,774043,63185,837229,0,165220,1520,0,841755,166740,1008497,True
port362,Fujairah,United Arab Emirates,ARE,2021-04-05,7,0,8,1,0,63,9,72,0,52962,1120,0,433159,54082,487243,0,183266,1520,0,712280,184786,897070,True
port362,Fujairah,United Arab Emirates,ARE,2021-04-12,7,1,4,2,0,59,7,66,0,53347,6872,0,755849,60219,816068,11612,192160,0,0,828905,203772,1032680,True
port362,Fujairah,United Arab Emirates,ARE,2021-04-19,7,0,9,0,0,56,9,65,0,10406,0,0,696535,10406,706942,0,445033,0,0,780366,445033,1225402,True
port362,Fujairah,United Arab Emirates,ARE,2021-04-26,7,0,3,1,0,60,4,64,0,15046,6491,0,691227,21537,712764,0,143480,0,0,733010,143480,876491,True
port362,Fujairah,United Arab Emirates,ARE,2021-05-03,7,0,3,0,0,63,3,66,0,0,0,0,691556,0,691556,0,190306,0,0,680938,190306,871246,True
port362,Fujairah,United Arab Emirates,ARE,2021-05-10,7,0,5,0,0,53,5,58,0,5203,0,0,577861,5203,583064,0,281287,0,0,840216,281287,1121506,True
port362,Fujairah,United Arab Emirates,ARE,2021-05-17,7,0,0,1,0,56,1,57,0,0,0,0,347659,0,347659,0,0,3972,0,752614,3972,756587,True
port362,Fujairah,United Arab Emirates,ARE,2021-05-24,7,1,3,0,0,57,4,61,0,0,0,0,765600,0,765600,4485,160321,0,0,719394,164806,884201,True
port362,Fujairah,United Arab Emirates,ARE,2021-05-31,7,2,5,1,0,64,8,72,9804,0,424,0,607550,10228,617779,1503,248850,0,0,1006754,250353,1257108,True
port362,Fujairah,United Arab Emirates,ARE,2021-06-07,7,0,8,1,0,59,9,68,0,23592,1120,0,839518,24712,864231,0,317540,1520,0,931572,319060,1250634,True
port362,Fujairah,United Arab Emirates,ARE,2021-06-14,7,0,2,0,0,56,2,58,0,0,0,0,671443,0,671443,0,121745,0,0,898642,121745,1020387,True
port362,Fujairah,United Arab Emirates,ARE,2021-06-21,7,0,5,1,0,52,6,58,0,0,0,0,469034,0,469034,0,248666,140,0,950794,248806,1199601,True
port362,Fujairah,United Arab Emirates,ARE,2021-06-28,7,1,3,0,0,56,4,60,0,0,0,0,481407,0,481407,3387,101561,0,0,672978,104948,777927,True
port362,Fujairah,United Arab Emirates,ARE,2021-07-05,7,0,5,0,0,61,5,66,0,0,0,0,641752,0,641752,0,327865,0,0,909038,327865,1236904,True
port362,Fujairah,United Arab Emirates,ARE,2021-07-12,7,0,3,1,0,56,4,60,0,0,140,0,685697,140,685837,0,156705,0,0,783509,156705,940217,True
port362,Fujairah,United Arab Emirates,ARE,2021-07-19,7,0,5,1,0,77,6,83,0,23956,0,0,525802,23956,549759,0,166065,11918,0,1337691,177983,1515676,True
port362,Fujairah,United Arab Emirates,ARE,2021-07-26,7,0,2,0,0,61,2,63,0,0,0,0,540241,0,540241,0,101620,0,0,1000552,101620,1102174,True
port362,Fujairah,United Arab Emirates,ARE,2021-08-02,7,0,5,0,0,60,5,65,0,5203,0,0,601736,5203,606939,0,256010,0,0,722982,256010,978995,True
port362,Fujairah,United Arab Emirates,ARE,2021-08-09,7,0,6,1,0,66,7,73,0,0,851,0,746418,851,747269,0,242742,0,0,803537,242742,1046281,True
port362,Fujairah,United Arab Emirates,ARE,2021-08-16,7,0,6,1,0,58,7,65,0,10949,0,0,409010,10949,419959,0,248021,0,0,739976,248021,987999,True
port362,Fujairah,United Arab Emirates,ARE,2021-08-23,7,0,4,2,0,71,6,77,0,0,5147,0,900750,5147,905898,0,206479,140,0,866639,206620,1073260,True
port362,Fujairah,United Arab Emirates,ARE,2021-08-30,7,0,5,0,0,63,5,68,0,64404,0,0,608372,64404,672777,0,267617,0,0,829411,267617,1097030,True
port362,Fujairah,United Arab Emirates,ARE,2021-09-06,7,0,4,1,0,59,5,64,0,5203,0,0,403740,5203,408944,0,173614,283,0,950153,173897,1124053,True
port362,Fujairah,United Arab Emirates,ARE,2021-09-13,7,0,9,1,0,60,10,70,0,80252,385,0,457926,80637,538566,0,341098,0,0,464712,341098,805813,True
port362,Fujairah,United Arab Emirates,ARE,2021-09-20,7,0,6,1,0,65,7,72,0,29442,141,0,895724,29583,925307,0,319829,0,0,1131332,319829,1451164,True
port362,Fujairah,United Arab Emirates,ARE,2021-09-27,7,0,6,0,0,52,6,58,0,41463,0,0,479011,41463,520474,0,248528,0,0,724975,248528,973505,True
port362,Fujairah,United Arab Emirates,ARE,2021-10-04,7,0,3,3,0,69,6,75,0,1478,3229,0,544342,4707,549050,0,107300,3375,0,1232277,110675,1342953,True
port362,Fujairah,United Arab Emirates,ARE,2021-10-11,7,0,5,1,0,73,6,79,0,0,703,0,954736,703,955439,0,159977,0,0,1037872,159977,1197852,True
port362,Fujairah,United Arab Emirates,ARE,2021-10-18,7,0,7,0,0,64,7,71,0,27902,0,0,379685,27902,407588,0,225035,0,0,939336,225035,1164373,True
port362,Fujairah,United Arab Emirates,ARE,2021-10-25,7,0,3,1,0,54,4,58,0,0,1821,0,783691,1821,785513,0,163966,0,0,796991,163966,960958,True
port362,Fujairah,United Arab Emirates,ARE,2021-11-01,7,0,3,0,0,82,3,85,0,0,0,0,1119986,0,1119986,0,164374,0,0,683485,164374,847860,True
port362,Fujairah,United Arab Emirates,ARE,2021-11-08,7,0,7,2,0,62,9,71,0,5203,3243,0,840670,8446,849117,0,213101,1520,0,792622,214621,1007247,True
port362,Fujairah,United Arab Emirates,ARE,2021-11-15,7,0,4,1,0,65,5,70,0,5203,5014,0,581103,10217,591321,0,257989,0,0,919033,257989,1177023,True
port362,Fujairah,United Arab Emirates,ARE,2021-11-22,7,0,6,2,0,63,8,71,0,0,4866,0,796839,4866,801706,0,228777,0,0,682925,228777,911705,True
port362,Fujairah,United Arab Emirates,ARE,2021-11-29,7,0,8,0,0,58,8,66,0,19800,0,0,488091,19800,507892,0,199753,0,0,883888,199753,1083643,True
port362,Fujairah,United Arab Emirates,ARE,2021-12-06,7,0,3,1,0,58,4,62,0,29480,391,0,719417,29871,749290,0,101878,0,0,667310,101878,769188,True
port362,Fujairah,United Arab Emirates,ARE,2021-12-13,7,0,6,1,0,65,7,72,0,0,1169,0,563124,1169,564293,0,252841,0,0,634481,252841,887322,True
port362,Fujairah,United Arab Emirates,ARE,2021-12-20,7,0,6,2,0,54,8,62,0,5203,1120,0,660310,6323,666634,0,313507,2991,0,822006,316499,1138506,True
port362,Fujairah,United Arab Emirates,ARE,2021-12-27,7,0,2,1,0,44,3,47,0,25613,847,0,641851,26460,668313,0,50004,0,0,618023,50004,668028,True
port362,Fujairah,United Arab Emirates,ARE,2022-01-03,7,0,6,1,0,58,7,65,0,56419,0,0,799292,56419,855712,0,220901,3375,0,703492,224276,927769,True
port362,Fujairah,United Arab Emirates,ARE,2022-01-10,7,0,2,3,0,56,5,61,0,0,1120,0,544311,1120,545431,0,61146,4895,0,631487,66041,697529,True
port362,Fujairah,United Arab Emirates,ARE,2022-01-17,7,0,6,1,0,56,7,63,0,0,1120,0,895016,1120,896136,0,260968,1520,0,648015,262489,910508,True
port362,Fujairah,United Arab Emirates,ARE,2022-01-24,7,0,3,1,0,55,4,59,0,0,0,0,724028,0,724028,0,172527,0,0,539694,172527,712223,True
port362,Fujairah,United Arab Emirates,ARE,2022-01-31,7,0,5,0,0,54,5,59,0,5203,0,0,631876,5203,637079,0,244399,0,0,593370,244399,837770,True
port362,Fujairah,United Arab Emirates,ARE,2022-02-07,7,0,6,0,0,65,6,71,0,17887,0,0,448640,17887,466527,0,211778,0,0,1244070,211778,1455849,True
port362,Fujairah,United Arab Emirates,ARE,2022-02-14,7,0,4,1,0,60,5,65,0,0,564,0,976647,564,977212,0,263443,0,0,663082,263443,926527,True
port362,Fujairah,United Arab Emirates,ARE,2022-02-21,7,0,4,0,0,70,4,74,0,0,0,0,726669,0,726669,0,154952,0,0,756130,154952,911083,True
port362,Fujairah,United Arab Emirates,ARE,2022-02-28,7,0,2,0,0,66,2,68,0,0,0,0,845582,0,845582,0,62504,0,0,1053824,62504,1116328,True
port362,Fujairah,United Arab Emirates,ARE,2022-03-07,7,0,4,1,0,63,5,68,0,0,0,0,709976,0,709976,0,189203,0,0,867248,189203,1056453,True
port362,Fujairah,United Arab Emirates,ARE,2022-03-14,7,0,3,0,0,51,3,54,0,0,0,0,820382,0,820382,0,207786,0,0,648407,207786,856194,True
port362,Fujairah,United Arab Emirates,ARE,2022-03-21,7,0,8,0,0,61,8,69,0,32470,0,0,871863,32470,904333,0,369829,0,0,990547,369829,1360379,True
port362,Fujairah,United Arab Emirates,ARE,2022-03-28,7,0,9,0,0,63,9,72,0,10406,0,0,774637,10406,785043,0,314996,0,0,593791,314996,908789,True
port362,Fujairah,United Arab Emirates,ARE,2022-04-04,7,0,5,1,0,62,6,68,0,8877,1412,0,657553,10289,667842,0,232076,0,0,1041242,232076,1273320,True
port362,Fujairah,United Arab Emirates,ARE,2022-04-11,7,0,7,0,0,58,7,65,0,10406,0,0,734572,10406,744978,0,375081,0,0,702195,375081,1077276,True
port362,Fujairah,United Arab Emirates,ARE,2022-04-18,7,0,3,0,0,63,3,66,0,0,0,0,781609,0,781609,0,204779,0,0,793653,204779,998433,True
port362,Fujairah,United Arab Emirates,ARE,2022-04-25,7,0,6,0,0,65,6,71,0,108378,0,0,867339,108378,975718,0,248204,0,0,567616,248204,815822,True
port362,Fujairah,United Arab Emirates,ARE,2022-05-02,7,0,2,0,0,72,2,74,0,0,0,0,890179,0,890179,0,87402,0,0,1244775,87402,1332179,True
port362,Fujairah,United Arab Emirates,ARE,2022-05-09,7,0,7,1,0,62,8,70,0,12492,1269,0,881101,13761,894864,0,395160,0,0,663050,395160,1058214,True
port362,Fujairah,United Arab Emirates,ARE,2022-05-16,7,0,4,0,0,61,4,65,0,58577,0,0,783174,58577,841752,0,170702,0,0,777478,170702,948180,True
port362,Fujairah,United Arab Emirates,ARE,2022-05-23,7,0,6,0,0,65,6,71,0,5203,0,0,790712,5203,795915,0,197089,0,0,717160,197089,914251,True
port362,Fujairah,United Arab Emirates,ARE,2022-05-30,7,0,5,0,0,74,5,79,0,5203,0,0,909641,5203,914844,0,304223,0,0,970151,304223,1274376,True
port362,Fujairah,United Arab Emirates,ARE,2022-06-06,7,0,4,1,0,68,5,73,0,0,570,0,570672,570,571242,0,216963,0,0,830994,216963,1047959,True
port362,Fujairah,United Arab Emirates,ARE,2022-06-13,7,0,5,0,0,64,5,69,0,33619,0,0,1004011,33619,1037631,0,214140,0,0,614409,214140,828549,True
port362,Fujairah,United Arab Emirates,ARE,2022-06-20,7,0,4,0,0,62,4,66,0,50617,0,0,544138,50617,594756,0,168316,0,0,854154,168316,1022471,True
port362,Fujairah,United Arab Emirates,ARE,2022-06-27,7,0,4,0,0,73,4,77,0,61661,0,0,1009057,61661,1070719,0,96159,0,0,591968,96159,688128,True
port362,Fujairah,United Arab Emirates,ARE,2022-07-04,7,0,4,0,0,61,4,65,0,0,0,0,1018501,0,1018501,0,94105,0,0,899104,94105,993209,True
port362,Fujairah,United Arab Emirates,ARE,2022-07-11,7,0,4,0,0,61,4,65,0,0,0,0,555455,0,555455,0,250964,0,0,795384,250964,1046349,True
port362,Fujairah,United Arab Emirates,ARE,2022-07-18,7,0,3,0,0,61,3,64,0,17564,0,0,760758,17564,778323,0,83612,0,0,753635,83612,837247,True
port362,Fujairah,United Arab Emirates,ARE,2022-07-25,7,0,1,1,0,39,2,41,0,0,422,0,596815,422,597237,0,65793,0,0,579795,65793,645589,True
port362,Fujairah,United Arab Emirates,ARE,2022-08-01,7,0,5,0,0,60,5,65,0,0,0,0,611236,0,611236,0,239822,0,0,806472,239822,1046295,True
port362,Fujairah,United Arab Emirates,ARE,2022-08-08,7,0,2,1,0,69,3,72,0,0,0,0,726715,0,726715,0,143129,13126,0,961008,156256,1117264,True
port362,Fujairah,United Arab Emirates,ARE,2022-08-15,7,0,0,1,0,67,1,68,0,0,0,0,818140,0,818140,0,0,142,0,735415,142,735558,True
port362,Fujairah,United Arab Emirates,ARE,2022-08-22,7,0,2,0,0,66,2,68,0,22785,0,0,875482,22785,898267,0,0,0,0,623064,0,623064,True
port362,Fujairah,United Arab Emirates,ARE,2022-08-29,7,0,6,1,0,62,7,69,0,0,1601,0,849451,1601,851053,0,351004,0,0,781968,351004,1132973,True
port362,Fujairah,United Arab Emirates,ARE,2022-09-05,7,0,6,0,0,71,6,77,0,34655,0,0,958678,34655,993333,0,247947,0,0,1011776,247947,1259727,True
port362,Fujairah,United Arab Emirates,ARE,2022-09-12,7,0,5,1,0,62,6,68,0,28673,0,0,783754,28673,812428,0,203241,281,0,880629,203522,1084153,True
port362,Fujairah,United Arab Emirates,ARE,2022-09-19,7,0,4,2,0,65,6,71,0,9049,3948,0,873667,12997,886666,0,139038,3375,0,694638,142413,837053,True
port362,Fujairah,United Arab Emirates,ARE,2022-09-26,7,0,6,1,0,55,7,62,0,27542,0,0,754427,27542,781970,0,268240,3375,0,573432,271615,845047,True
port362,Fujairah,United Arab Emirates,ARE,2022-10-03,7,0,1,0,0,67,1,68,0,0,0,0,858418,0,858418,0,82596,0,0,958078,82596,1040674,True
port362,Fujairah,United Arab Emirates,ARE,2022-10-10,7,0,5,0,0,61,5,66,0,53797,0,0,823597,53797,877395,0,232299,0,0,858182,232299,1090483,True
port362,Fujairah,United Arab Emirates,ARE,2022-10-17,7,0,5,0,0,60,5,65,0,11444,0,0,671421,11444,682866,0,60834,0,0,751452,60834,812286,True
port362,Fujairah,United Arab Emirates,ARE,2022-10-24,7,0,6,0,0,59,6,65,0,8702,0,0,747615,8702,756317,0,285142,0,0,1046245,285142,1331390,True
port362,Fujairah,United Arab Emirates,ARE,2022-10-31,7,0,5,0,0,63,5,68,0,0,0,0,803416,0,803416,0,256265,0,0,788283,256265,1044548,True
port362,Fujairah,United Arab Emirates,ARE,2022-11-07,7,1,3,0,0,48,4,52,1392,84898,0,0,751923,86290,838216,0,58689,0,0,483162,58689,541852,True
port362,Fujairah,United Arab Emirates,ARE,2022-11-14,7,1,5,0,0,56,6,62,0,28301,0,0,718555,28301,746857,377,218174,0,0,506899,218551,725454,True
port362,Fujairah,United Arab Emirates,ARE,2022-11-21,7,0,5,0,0,66,5,71,0,0,0,0,561514,0,561514,0,228001,0,0,1079210,228001,1307214,True
port362,Fujairah,United Arab Emirates,ARE,2022-11-28,7,0,4,0,0,61,4,65,0,0,0,0,578026,0,578026,0,207691,0,0,773001,207691,980694,True
port362,Fujairah,United Arab Emirates,ARE,2022-12-05,7,0,5,1,0,65,6,71,0,4682,782,0,888267,5464,893732,0,171393,0,0,760989,171393,932385,True
port362,Fujairah,United Arab Emirates,ARE,2022-12-12,7,1,3,0,0,61,4,65,0,0,0,0,705251,0,705251,760,175931,0,0,612214,176691,788908,True
port362,Fujairah,United Arab Emirates,ARE,2022-12-19,7,0,7,1,0,57,8,65,0,41742,1120,0,466020,42862,508883,0,276115,1520,0,777383,277636,1055019,True
port362,Fujairah,United Arab Emirates,ARE,2022-12-26,7,1,5,1,0,69,7,76,1582,0,16527,0,977921,18109,996032,0,182753,0,0,563465,182753,746221,True
port362,Fujairah,United Arab Emirates,ARE,2023-01-02,7,0,4,1,0,61,5,66,0,5203,0,0,726413,5203,731616,0,153830,2589,0,683800,156419,840222,True
port362,Fujairah,United Arab Emirates,ARE,2023-01-09,7,0,6,0,0,53,6,59,0,0,0,0,853278,0,853278,0,239799,0,0,428949,239799,668751,True
port362,Fujairah,United Arab Emirates,ARE,2023-01-16,7,1,9,0,0,61,10,71,377,21434,0,0,677484,21811,699297,0,373271,0,0,626839,373271,1000116,True
port362,Fujairah,United Arab Emirates,ARE,2023-01-23,7,1,3,0,0,55,4,59,0,0,0,0,619770,0,619770,5030,190894,0,0,614244,195924,810170,True
port362,Fujairah,United Arab Emirates,ARE,2023-01-30,7,0,7,0,0,48,7,55,0,0,0,0,656953,0,656953,0,272633,0,0,672493,272633,945128,True
port362,Fujairah,United Arab Emirates,ARE,2023-02-06,7,1,5,0,0,52,6,58,1502,54804,0,0,656719,56306,713026,0,218658,0,0,609286,218658,827948,True
port362,Fujairah,United Arab Emirates,ARE,2023-02-13,7,1,3,1,0,67,5,72,0,0,0,0,863222,0,863222,374,114019,279,0,578520,114672,693195,True
port362,Fujairah,United Arab Emirates,ARE,2023-02-20,7,0,4,0,0,62,4,66,0,56386,0,0,800582,56386,856968,0,177184,0,0,807078,177184,984264,True
port362,Fujairah,United Arab Emirates,ARE,2023-02-27,7,0,6,0,0,67,6,73,0,58537,0,0,624004,58537,682541,0,263641,0,0,908223,263641,1171866,True
port362,Fujairah,United Arab Emirates,ARE,2023-03-06,7,0,1,0,0,71,1,72,0,51961,0,0,597029,51961,648990,0,0,0,0,916814,0,916814,True
port362,Fujairah,United Arab Emirates,ARE,2023-03-13,7,1,7,0,0,65,8,73,377,4097,0,0,678719,4474,683194,0,309783,0,0,706209,309783,1015997,True
port362,Fujairah,United Arab Emirates,ARE,2023-03-20,7,1,3,0,0,69,4,73,0,5203,0,0,736352,5203,741556,567,154594,0,0,607365,155161,762526,True
port362,Fujairah,United Arab Emirates,ARE,2023-03-27,7,0,6,0,0,61,6,67,0,20192,0,0,466320,20192,486513,0,294805,0,0,728932,294805,1023739,True
port362,Fujairah,United Arab Emirates,ARE,2023-04-03,7,0,6,0,0,69,6,75,0,21106,0,0,1044497,21106,1065604,0,242841,0,0,818872,242841,1061716,True
port362,Fujairah,United Arab Emirates,ARE,2023-04-10,7,0,8,0,0,68,8,76,0,0,0,0,822159,0,822159,0,422676,0,0,708663,422676,1131343,True
port362,Fujairah,United Arab Emirates,ARE,2023-04-17,7,0,4,0,0,67,4,71,0,59163,0,0,728638,59163,787801,0,150797,0,0,1066175,150797,1216973,True
port362,Fujairah,United Arab Emirates,ARE,2023-04-24,7,1,6,0,0,56,7,63,0,10406,0,0,627678,10406,638085,3012,287671,0,0,403939,290683,694624,True
port362,Fujairah,United Arab Emirates,ARE,2023-05-01,7,1,3,1,0,62,5,67,1476,0,561,0,778439,2037,780478,0,160829,0,0,926260,160829,1087090,True
port362,Fujairah,United Arab Emirates,ARE,2023-05-08,7,0,7,0,0,72,7,79,0,66021,0,0,725497,66021,791519,0,272934,0,0,739630,272934,1012567,True
port362,Fujairah,United Arab Emirates,ARE,2023-05-15,7,0,6,0,0,58,6,64,0,0,0,0,669445,0,669445,0,318327,0,0,867865,318327,1186196,True
port362,Fujairah,United Arab Emirates,ARE,2023-05-22,7,0,3,0,0,68,3,71,0,0,0,0,769666,0,769666,0,156656,0,0,689222,156656,845879,True
port362,Fujairah,United Arab Emirates,ARE,2023-05-29,7,0,4,0,0,68,4,72,0,64716,0,0,946618,64716,1011334,0,101304,0,0,840971,101304,942275,True
port362,Fujairah,United Arab Emirates,ARE,2023-06-05,7,1,5,1,0,67,7,74,0,0,0,0,593530,0,593530,1126,211037,3375,0,710034,215538,925574,True
port362,Fujairah,United Arab Emirates,ARE,2023-06-12,7,0,5,0,0,58,5,63,0,34478,0,0,843340,34478,877819,0,243421,0,0,702634,243421,946056,True
port362,Fujairah,United Arab Emirates,ARE,2023-06-19,7,1,3,1,0,65,5,70,0,0,0,0,993832,0,993832,2406,130552,3375,0,801254,136333,937590,True
port362,Fujairah,United Arab Emirates,ARE,2023-06-26,7,1,7,0,0,74,8,82,1479,36058,0,0,861988,37537,899526,0,393286,0,0,735101,393286,1128390,True
port362,Fujairah,United Arab Emirates,ARE,2023-07-03,7,0,2,0,0,66,2,68,0,0,0,0,705866,0,705866,0,116728,0,0,648842,116728,765570,True
port362,Fujairah,United Arab Emirates,ARE,2023-07-10,7,0,8,0,0,60,8,68,0,28548,0,0,501799,28548,530348,0,239817,0,0,956716,239817,1196534,True
port362,Fujairah,United Arab Emirates,ARE,2023-07-17,7,1,5,0,0,63,6,69,7661,60910,0,0,815373,68571,883945,1503,206915,0,0,462385,208418,670804,True
port362,Fujairah,United Arab Emirates,ARE,2023-07-24,7,0,4,0,0,65,4,69,0,35992,0,0,664685,35992,700678,0,179952,0,0,724905,179952,904857,True
port362,Fujairah,United Arab Emirates,ARE,2023-07-31,7,0,4,0,0,61,4,65,0,0,0,0,628297,0,628297,0,202221,0,0,1084005,202221,1286226,True
port362,Fujairah,United Arab Emirates,ARE,2023-08-07,7,0,5,0,0,64,5,69,0,0,0,0,992758,0,992758,0,185098,0,0,760822,185098,945922,True
port362,Fujairah,United Arab Emirates,ARE,2023-08-14,7,2,6,0,0,67,8,75,4184,0,0,0,794692,4184,798877,0,381952,0,0,947862,381952,1329816,True
port362,Fujairah,United Arab Emirates,ARE,2023-08-21,7,1,3,0,0,65,4,69,4886,0,0,0,671776,4886,676663,0,190677,0,0,894022,190677,1084701,True
port362,Fujairah,United Arab Emirates,ARE,2023-08-28,7,0,2,0,0,70,2,72,0,0,0,0,738676,0,738676,0,58553,0,0,990423,58553,1048976,True
port362,Fujairah,United Arab Emirates,ARE,2023-09-04,7,0,4,0,0,67,4,71,0,32529,0,0,767462,32529,799992,0,166774,0,0,603256,166774,770030,True
port362,Fujairah,United Arab Emirates,ARE,2023-09-11,7,1,5,0,0,60,6,66,7661,29344,0,0,776942,37005,813947,1503,241801,0,0,729663,243304,972970,True
port362,Fujairah,United Arab Emirates,ARE,2023-09-18,7,0,2,0,0,67,2,69,0,0,0,0,666782,0,666782,0,100167,0,0,711775,100167,811942,True
port362,Fujairah,United Arab Emirates,ARE,2023-09-25,7,0,2,0,0,51,2,53,0,0,0,0,896042,0,896042,0,137560,0,0,620853,137560,758415,True
port362,Fujairah,United Arab Emirates,ARE,2023-10-02,7,0,5,0,0,58,5,63,0,0,0,0,678621,0,678621,0,301000,0,0,596964,301000,897967,True
port362,Fujairah,United Arab Emirates,ARE,2023-10-09,7,0,5,1,0,74,6,80,0,6914,0,0,647825,6914,654740,0,173625,3375,0,1215950,177000,1392951,True
port362,Fujairah,United Arab Emirates,ARE,2023-10-16,7,1,5,0,0,63,6,69,0,0,0,0,623255,0,623255,1174,310820,0,0,963242,311994,1275239,True
port362,Fujairah,United Arab Emirates,ARE,2023-10-23,7,0,3,2,0,71,5,76,0,60940,0,0,943430,60940,1004370,0,134713,3375,0,989508,138088,1127597,True
port362,Fujairah,United Arab Emirates,ARE,2023-10-30,7,0,6,0,0,70,6,76,0,0,0,0,1119504,0,1119504,0,318038,0,0,927852,318038,1245894,True
port362,Fujairah,United Arab Emirates,ARE,2023-11-06,7,0,4,1,0,70,5,75,0,7505,0,0,659984,7505,667490,0,183228,17925,0,784172,201154,985326,True
port362,Fujairah,United Arab Emirates,ARE,2023-11-13,7,1,3,0,0,69,4,73,384,40959,0,0,679877,41343,721221,0,84521,0,0,478873,84521,563395,True
port362,Fujairah,United Arab Emirates,ARE,2023-11-20,7,0,3,0,0,70,3,73,0,5203,0,0,693484,5203,698687,0,185809,0,0,1142600,185809,1328410,True
port362,Fujairah,United Arab Emirates,ARE,2023-11-27,7,0,2,0,0,62,2,64,0,5203,0,0,680379,5203,685582,0,106281,0,0,626924,106281,733206,True
port362,Fujairah,United Arab Emirates,ARE,2023-12-04,7,0,3,0,0,60,3,63,0,87725,0,0,676965,87725,764691,0,61639,0,0,947798,61639,1009437,True
port362,Fujairah,United Arab Emirates,ARE,2023-12-11,7,0,5,0,0,64,5,69,0,0,0,0,706993,0,706993,0,255250,0,0,721844,255250,977094,True
port362,Fujairah,United Arab Emirates,ARE,2023-12-18,7,0,3,0,0,66,3,69,0,0,0,0,615358,0,615358,0,139157,0,0,743739,139157,882897,True
port362,Fujairah,United Arab Emirates,ARE,2023-12-25,7,0,4,0,0,58,4,62,0,0,0,0,697855,0,697855,0,235653,0,0,423657,235653,659311,True
port362,Fujairah,United Arab Emirates,ARE,2024-01-01,7,0,1,0,0,53,1,54,0,0,0,0,586558,0,586558,0,58175,0,0,517231,58175,575407,True
port362,Fujairah,United Arab Emirates,ARE,2024-01-08,7,0,5,0,0,59,5,64,0,5203,0,0,474437,5203,479640,0,240308,0,0,802025,240308,1042335,True
port362,Fujairah,United Arab Emirates,ARE,2024-01-15,7,0,5,0,0,64,5,69,0,45319,0,0,675169,45319,720488,0,210933,0,0,586586,210933,797520,True
port362,Fujairah,United Arab Emirates,ARE,2024-01-22,7,0,3,0,0,52,3,55,0,0,0,0,658655,0,658655,0,153587,0,0,741028,153587,894616,True
port362,Fujairah,United Arab Emirates,ARE,2024-01-29,7,0,2,0,0,51,2,53,0,0,0,0,753896,0,753896,0,155426,0,0,675915,155426,831343,True
port362,Fujairah,United Arab Emirates,ARE,2024-02-05,7,0,3,0,0,66,3,69,0,0,0,0,786301,0,786301,0,140766,0,0,547422,140766,688188,True
port362,Fujairah,United Arab Emirates,ARE,2024-02-12,7,0,5,0,0,53,5,58,0,93365,0,0,426976,93365,520342,0,116683,0,0,500936,116683,617621,True
port362,Fujairah,United Arab Emirates,ARE,2024-02-19,7,0,5,2,0,63,7,70,0,5203,1120,0,855742,6323,862066,0,263166,4895,0,739111,268062,1007175,True
port362,Fujairah,United Arab Emirates,ARE,2024-02-26,7,0,6,0,0,59,6,65,0,0,0,0,731450,0,731450,0,319085,0,0,709972,319085,1029059,True
port362,Fujairah,United Arab Emirates,ARE,2024-03-04,7,0,4,0,0,65,4,69,0,38664,0,0,687529,38664,726193,0,147689,0,0,923082,147689,1070772,True
port362,Fujairah,United Arab Emirates,ARE,2024-03-11,7,1,6,1,0,77,8,85,0,28085,1414,0,814376,29499,843877,397,255187,0,0,652334,255584,907923,True
port362,Fujairah,United Arab Emirates,ARE,2024-03-18,7,1,5,0,0,57,6,63,14790,0,0,0,716939,14790,731729,0,252684,0,0,737698,252684,990385,True
port362,Fujairah,United Arab Emirates,ARE,2024-03-25,7,0,2,1,0,50,3,53,0,14493,0,0,493106,14493,507599,0,44771,2188,0,537550,46959,584510,True
port362,Fujairah,United Arab Emirates,ARE,2024-04-01,7,1,3,3,0,60,7,67,0,59051,558,0,758897,59609,818508,134,102830,3223,0,915573,106187,1021762,True
port362,Fujairah,United Arab Emirates,ARE,2024-04-08,7,1,3,0,0,57,4,61,0,470,0,0,952338,470,952808,7745,85591,0,0,504255,93336,597592,True
port362,Fujairah,United Arab Emirates,ARE,2024-04-15,7,0,0,0,0,53,0,53,0,0,0,0,560318,0,560318,0,0,0,0,451811,0,451811,True
port362,Fujairah,United Arab Emirates,ARE,2024-04-22,7,0,7,1,0,65,8,73,0,64446,0,0,1014935,64446,1079383,0,312683,410,0,792195,313094,1105292,True
port362,Fujairah,United Arab Emirates,ARE,2024-04-29,7,0,3,0,0,66,3,69,0,65642,0,0,758389,65642,824031,0,55639,0,0,825967,55639,881607,True
port362,Fujairah,United Arab Emirates,ARE,2024-05-06,7,0,4,0,0,63,4,67,0,0,0,0,712987,0,712987,0,138985,0,0,960086,138985,1099071,True
port362,Fujairah,United Arab Emirates,ARE,2024-05-13,7,0,5,0,0,64,5,69,0,38495,0,0,949846,38495,988341,0,126513,0,0,681783,126513,808297,True
port362,Fujairah,United Arab Emirates,ARE,2024-05-20,7,0,3,0,0,64,3,67,0,89,0,0,781342,89,781432,0,85287,0,0,895247,85287,980535,True
port362,Fujairah,United Arab Emirates,ARE,2024-05-27,7,0,5,0,0,57,5,62,0,13830,0,0,914146,13830,927976,0,72720,0,0,492129,72720,564849,True
port362,Fujairah,United Arab Emirates,ARE,2024-06-03,7,0,5,0,0,66,5,71,0,0,0,0,437333,0,437333,0,237700,0,0,791822,237700,1029523,True
port362,Fujairah,United Arab Emirates,ARE,2024-06-10,7,0,5,0,2,65,7,72,0,7491,0,2902,628781,10393,639174,0,175913,0,3384,759423,179297,938722,True
port362,Fujairah,United Arab Emirates,ARE,2024-06-17,7,0,5,0,0,71,5,76,0,39408,0,0,811371,39408,850779,0,222317,0,0,954136,222317,1176453,True
port362,Fujairah,United Arab Emirates,ARE,2024-06-24,7,0,2,0,0,65,2,67,0,0,0,0,658680,0,658680,0,111417,0,0,566426,111417,677843,True
port362,Fujairah,United Arab Emirates,ARE,2024-07-01,7,0,4,1,0,50,5,55,0,33141,1120,0,609771,34261,644033,0,116728,1520,0,843292,118248,961540,True
port362,Fujairah,United Arab Emirates,ARE,2024-07-08,7,0,2,0,0,73,2,75,0,0,0,0,1051582,0,1051582,0,143334,0,0,656633,143334,799968,True
port362,Fujairah,United Arab Emirates,ARE,2024-07-15,7,0,5,0,0,64,5,69,0,66240,0,0,679896,66240,746137,0,235614,0,0,702732,235614,938347,True
port362,Fujairah,United Arab Emirates,ARE,2024-07-22,7,0,2,0,0,53,2,55,0,0,0,0,454136,0,454136,0,129932,0,0,772814,129932,902746,True
port362,Fujairah,United Arab Emirates,ARE,2024-07-29,7,0,4,0,0,64,4,68,0,0,0,0,717741,0,717741,0,255087,0,0,774705,255087,1029792,True
port362,Fujairah,United Arab Emirates,ARE,2024-08-05,7,0,3,0,0,57,3,60,0,0,0,0,700841,0,700841,0,197763,0,0,725027,197763,922791,True
port362,Fujairah,United Arab Emirates,ARE,2024-08-12,7,0,2,0,0,65,2,67,0,5203,0,0,861863,5203,867066,0,101755,0,0,866447,101755,968202,True
port362,Fujairah,United Arab Emirates,ARE,2024-08-19,7,0,2,0,0,72,2,74,0,0,0,0,801175,0,801175,0,143103,0,0,890973,143103,1034077,True
port362,Fujairah,United Arab Emirates,ARE,2024-08-26,7,0,3,0,0,69,3,72,0,0,0,0,734208,0,734208,0,188764,0,0,775094,188764,963859,True
port362,Fujairah,United Arab Emirates,ARE,2024-09-02,7,0,6,0,0,69,6,75,0,96688,0,0,763847,96688,860536,0,196976,0,0,778901,196976,975878,True
port362,Fujairah,United Arab Emirates,ARE,2024-09-09,7,0,4,0,0,71,4,75,0,5203,0,0,857720,5203,862923,0,215163,0,0,784352,215163,999516,True
port362,Fujairah,United Arab Emirates,ARE,2024-09-16,7,0,4,0,0,59,4,63,0,5203,0,0,684501,5203,689704,0,240785,0,0,803729,240785,1044516,True
port362,Fujairah,United Arab Emirates,ARE,2024-09-23,7,0,1,0,0,70,1,71,0,0,0,0,786170,0,786170,0,59489,0,0,600686,59489,660175,True
port362,Fujairah,United Arab Emirates,ARE,2024-09-30,7,1,5,0,0,66,6,72,7661,19147,0,0,828694,26808,855503,1503,152746,0,0,993808,154249,1148059,True
port362,Fujairah,United Arab Emirates,ARE,2024-10-07,7,0,4,0,0,66,4,70,0,5203,0,0,792504,5203,797707,0,227033,0,0,838232,227033,1065266,True
port362,Fujairah,United Arab Emirates,ARE,2024-10-14,7,0,3,0,0,59,3,62,0,0,0,0,649682,0,649682,0,195264,0,0,591308,195264,786574,True
port362,Fujairah,United Arab Emirates,ARE,2024-10-21,7,1,1,0,0,59,2,61,10557,0,0,0,537209,10557,547766,0,61639,0,0,625484,61639,687124,True
port362,Fujairah,United Arab Emirates,ARE,2024-10-28,7,1,7,1,0,70,9,79,0,70589,0,0,821995,70589,892586,16196,322693,3375,0,1052593,342264,1394859,True
port362,Fujairah,United Arab Emirates,ARE,2024-11-04,7,0,4,0,0,62,4,66,0,7702,0,0,756684,7702,764387,0,153163,0,0,554031,153163,707196,True
port362,Fujairah,United Arab Emirates,ARE,2024-11-11,7,0,6,0,0,60,6,66,0,83325,0,0,889857,83325,973182,0,184629,0,0,681764,184629,866395,True
port362,Fujairah,United Arab Emirates,ARE,2024-11-18,7,0,4,0,0,70,4,74,0,57815,0,0,678519,57815,736335,0,182002,0,0,1083993,182002,1265996,True
port362,Fujairah,United Arab Emirates,ARE,2024-11-25,7,1,3,0,0,67,4,71,0,66660,0,0,844349,66660,911009,5177,119560,0,0,794999,124737,919737,True
port362,Fujairah,United Arab Emirates,ARE,2024-12-02,7,0,7,0,0,76,7,83,0,55680,0,0,809002,55680,864682,0,361202,0,0,788614,361202,1149818,True
port362,Fujairah,United Arab Emirates,ARE,2024-12-09,7,0,6,0,0,74,6,80,0,5203,0,0,937054,5203,942258,0,312159,0,0,759937,312159,1072098,True
port362,Fujairah,United Arab Emirates,ARE,2024-12-16,7,1,5,0,0,63,6,69,7661,5859,0,0,591971,13520,605493,1503,143687,0,0,747668,145190,892859,True
port362,Fujairah,United Arab Emirates,ARE,2024-12-23,7,1,5,0,0,59,6,65,7661,10406,0,0,601086,18067,619154,1503,251623,0,0,877087,253126,1130213,True
port362,Fujairah,United Arab Emirates,ARE,2024-12-30,7,0,6,0,0,67,6,73,0,53692,0,0,951026,53692,1004719,0,252372,0,0,598691,252372,851066,True
port362,Fujairah,United Arab Emirates,ARE,2025-01-06,7,1,6,0,0,67,7,74,0,34265,0,0,885674,34265,919940,3523,238828,0,0,538712,242351,781066,True
port362,Fujairah,United Arab Emirates,ARE,2025-01-13,7,1,5,0,0,72,6,78,0,0,0,0,579056,0,579056,0,201331,0,0,1023061,201331,1224394,True
port362,Fujairah,United Arab Emirates,ARE,2025-01-20,7,0,6,0,0,72,6,78,0,5203,0,0,1058299,5203,1063502,0,302382,0,0,665427,302382,967810,True
port362,Fujairah,United Arab Emirates,ARE,2025-01-27,7,0,8,0,0,65,8,73,0,58764,0,0,658989,58764,717753,0,367965,0,0,900227,367965,1268196,True
port362,Fujairah,United Arab Emirates,ARE,2025-02-03,7,1,6,0,0,70,7,77,5127,0,0,0,852127,5127,857254,0,296309,0,0,580658,296309,876969,True
port362,Fujairah,United Arab Emirates,ARE,2025-02-10,7,1,7,0,0,66,8,74,445,58523,0,0,718936,58968,777905,0,264647,0,0,658676,264647,923327,True
port362,Fujairah,United Arab Emirates,ARE,2025-02-17,7,0,6,0,0,62,6,68,0,37771,0,0,639278,37771,677050,0,309320,0,0,1090998,309320,1400320,True
port362,Fujairah,United Arab Emirates,ARE,2025-02-24,7,1,2,0,0,69,3,72,5268,17727,0,0,616879,22995,639875,0,64239,0,0,818287,64239,882526,True
port362,Fujairah,United Arab Emirates,ARE,2025-03-03,7,1,4,0,0,78,5,83,0,0,0,0,771940,0,771940,3335,226857,0,0,662173,230192,892366,True
port362,Fujairah,United Arab Emirates,ARE,2025-03-10,7,0,5,0,0,68,5,73,0,9942,0,0,1020907,9942,1030849,0,163996,0,0,613020,163996,777017,True
port362,Fujairah,United Arab Emirates,ARE,2025-03-17,7,0,7,0,0,73,7,80,0,0,0,0,682646,0,682646,0,316181,0,0,805164,316181,1121349,True
port362,Fujairah,United Arab Emirates,ARE,2025-03-24,7,1,5,0,0,65,6,71,518,5203,0,0,943983,5721,949705,0,201308,0,0,714656,201308,915967,True
port362,Fujairah,United Arab Emirates,ARE,2025-03-31,7,1,5,0,0,65,6,71,668,0,0,0,601572,668,602241,0,224500,0,0,728652,224500,953154,True
port362,Fujairah,United Arab Emirates,ARE,2025-04-07,7,2,6,1,0,67,9,76,10268,0,1120,0,585734,11388,597123,1503,238515,1520,0,704363,241539,945904,True
port362,Fujairah,United Arab Emirates,ARE,2025-04-14,7,1,8,1,0,53,10,63,0,17880,7818,0,563890,25698,589589,20414,317786,0,0,656283,338200,994488,True
port362,Fujairah,United Arab Emirates,ARE,2025-04-21,7,0,4,0,0,65,4,69,0,8022,0,0,485474,8022,493497,0,163429,0,0,548661,163429,712090,True
port362,Fujairah,United Arab Emirates,ARE,2025-04-28,7,0,6,0,0,72,6,78,0,0,0,0,565972,0,565972,0,313945,0,0,764607,313945,1078554,True
port362,Fujairah,United Arab Emirates,ARE,2025-05-05,7,1,2,0,0,70,3,73,223,0,0,0,580773,223,580996,0,77672,0,0,667778,77672,745451,True
port362,Fujairah,United Arab Emirates,ARE,2025-05-12,7,1,2,0,0,62,3,65,0,0,0,0,647694,0,647694,10276,99365,0,0,686831,109641,796473,True
port362,Fujairah,United Arab Emirates,ARE,2025-05-19,7,0,5,0,0,65,5,70,0,0,0,0,452606,0,452606,0,168321,0,0,971479,168321,1139801,True
port362,Fujairah,United Arab Emirates,ARE,2025-05-26,7,0,4,1,0,65,5,70,0,0,6277,0,406044,6277,412321,0,187931,4254,0,852993,192185,1045180,True
port362,Fujairah,United Arab Emirates,ARE,2025-06-02,7,0,5,0,0,64,5,69,0,0,0,0,1183045,0,1183045,0,203174,0,0,677689,203174,880863,True
port362,Fujairah,United Arab Emirates,ARE,2025-06-09,7,1,5,1,0,65,7,72,0,0,0,0,784295,0,784295,6191,186624,3375,0,612382,196190,808575,True
port362,Fujairah,United Arab Emirates,ARE,2025-06-16,7,0,7,1,0,66,8,74,0,2332,1120,0,804947,3452,808399,0,327344,1520,0,774558,328864,1103426,True
port362,Fujairah,United Arab Emirates,ARE,2025-06-23,7,0,7,0,0,65,7,72,0,160243,0,0,421628,160243,581873,0,191336,0,0,875399,191336,1066737,True
port362,Fujairah,United Arab Emirates,ARE,2025-06-30,7,0,6,0,0,65,6,71,0,41835,0,0,599981,41835,641818,0,255003,0,0,780040,255003,1035045,True
port362,Fujairah,United Arab Emirates,ARE,2025-07-07,7,0,7,0,0,72,7,79,0,60608,0,0,646051,60608,706660,0,279813,0,0,722365,279813,1002181,True
port362,Fujairah,United Arab Emirates,ARE,2025-07-14,7,0,6,0,0,63,6,69,0,27901,0,0,572059,27901,599961,0,211885,0,0,760049,211885,971937,True
port362,Fujairah,United Arab Emirates,ARE,2025-07-21,7,0,3,0,0,65,3,68,0,0,0,0,433091,0,433091,0,193723,0,0,805122,193723,998847,True
port362,Fujairah,United Arab Emirates,ARE,2025-07-28,7,0,5,0,0,61,5,66,0,53838,0,0,689549,53838,743388,0,209970,0,0,489700,209970,699671,True
port362,Fujairah,United Arab Emirates,ARE,2025-08-04,7,0,4,0,0,64,4,68,0,5203,0,0,694541,5203,699744,0,183676,0,0,663144,183676,846821,True
port362,Fujairah,United Arab Emirates,ARE,2025-08-11,7,0,8,0,0,70,8,78,0,62892,0,0,508530,62892,571424,0,256936,0,0,1118487,256936,1375426,True
port362,Fujairah,United Arab Emirates,ARE,2025-08-18,7,0,6,0,0,68,6,74,0,0,0,0,635731,0,635731,0,265962,0,0,724000,265962,989966,True
port362,Fujairah,United Arab Emirates,ARE,2025-08-25,7,0,6,0,0,71,6,77,0,0,0,0,691174,0,691174,0,307453,0,0,796239,307453,1103695,True
port362,Fujairah,United Arab Emirates,ARE,2025-09-01,7,0,6,0,0,62,6,68,0,23087,0,0,839115,23087,862203,0,253523,0,0,594080,253523,847604,True
port362,Fujairah,United Arab Emirates,ARE,2025-09-08,7,0,6,1,0,80,7,87,0,65743,0,0,616833,65743,682578,0,309766,5412,0,848979,315178,1164159,True
port362,Fujairah,United Arab Emirates,ARE,2025-09-15,7,0,4,0,0,67,4,71,0,0,0,0,672375,0,672375,0,174817,0,0,556082,174817,730901,True
port362,Fujairah,United Arab Emirates,ARE,2025-09-22,7,0,5,0,0,68,5,73,0,2694,0,0,597101,2694,599795,0,273146,0,0,958121,273146,1231269,True
port362,Fujairah,United Arab Emirates,ARE,2025-09-29,7,0,6,0,0,75,6,81,0,0,0,0,768691,0,768691,0,290514,0,0,767368,290514,1057886,True
port362,Fujairah,United Arab Emirates,ARE,2025-10-06,7,0,5,0,0,76,5,81,0,5203,0,0,910655,5203,915859,0,216091,0,0,892796,216091,1108889,True
port362,Fujairah,United Arab Emirates,ARE,2025-10-13,7,0,6,0,0,69,6,75,0,5203,0,0,722776,5203,727979,0,261504,0,0,670292,261504,931798,True
port362,Fujairah,United Arab Emirates,ARE,2025-10-20,7,0,6,0,0,76,6,82,0,26535,0,0,630657,26535,657193,0,155935,0,0,873062,155935,1028998,True
port362,Fujairah,United Arab Emirates,ARE,2025-10-27,7,0,6,0,0,63,6,69,0,13692,0,0,764379,13692,778071,0,197336,0,0,627467,197336,824805,True
port362,Fujairah,United Arab Emirates,ARE,2025-11-03,7,0,6,0,0,68,6,74,0,58358,0,0,1047320,58358,1105679,0,222621,0,0,634974,222621,857596,True
port362,Fujairah,United Arab Emirates,ARE,2025-11-10,7,0,6,0,0,68,6,74,0,5203,0,0,738318,5203,743521,0,254102,0,0,922291,254102,1176396,True
port362,Fujairah,United Arab Emirates,ARE,2025-11-17,7,0,5,1,0,56,6,62,0,56866,0,0,685637,56866,742504,0,135109,3375,0,637052,138484,775537,True
port362,Fujairah,United Arab Emirates,ARE,2025-11-24,7,0,2,1,0,56,3,59,0,0,0,0,842847,0,842847,0,110265,3375,0,360225,113640,473866,True
port362,Fujairah,United Arab Emirates,ARE,2025-12-01,7,0,5,1,0,71,6,77,0,0,0,0,821271,0,821271,0,179890,0,0,837709,179890,1017599,True
port362,Fujairah,United Arab Emirates,ARE,2025-12-08,7,0,5,1,0,66,6,72,0,0,5260,0,652660,5260,657920,0,271275,0,0,782388,271275,1053664,True
port362,Fujairah,United Arab Emirates,ARE,2025-12-15,7,0,7,0,0,56,7,63,0,84699,0,0,586388,84699,671088,0,145618,0,0,806757,145618,952376,True
port362,Fujairah,United Arab Emirates,ARE,2025-12-22,7,0,7,0,1,56,8,64,0,53255,0,0,502604,53255,555859,0,309722,0,0,506831,309722,816558,True
port362,Fujairah,United Arab Emirates,ARE,2025-12-29,7,0,8,0,0,63,8,71,0,38031,0,0,565652,38031,603683,0,252318,0,0,744344,252318,996665,True
port362,Fujairah,United Arab Emirates,ARE,2026-01-05,7,0,5,0,0,62,5,67,0,0,0,0,608901,0,608901,0,277994,0,0,574281,277994,852276,True
port362,Fujairah,United Arab Emirates,ARE,2026-01-12,7,0,7,0,0,64,7,71,0,9908,0,0,524872,9908,534781,0,281397,0,0,819565,281397,1100966,True
port362,Fujairah,United Arab Emirates,ARE,2026-01-19,7,0,5,0,0,57,5,62,0,0,0,0,780364,0,780364,0,288408,0,0,542509,288408,830920,True
port362,Fujairah,United Arab Emirates,ARE,2026-01-26,7,0,6,2,0,69,8,77,0,5203,1120,0,685814,6323,692137,0,308292,27127,0,784775,335420,1120199,True
port362,Fujairah,United Arab Emirates,ARE,2026-02-02,7,0,10,1,0,64,11,75,0,18651,208,0,514761,18859,533622,0,426922,0,0,960305,426922,1387230,True
port362,Fujairah,United Arab Emirates,ARE,2026-02-09,7,0,7,1,0,56,8,64,0,2694,0,0,653918,2694,656612,0,332290,3963,0,429343,336253,765598,True
port362,Fujairah,United Arab Emirates,ARE,2026-02-16,7,0,7,0,0,64,7,71,0,55710,0,0,546417,55710,602127,0,332209,0,0,699177,332209,1031387,True
port362,Fujairah,United Arab Emirates,ARE,2026-02-23,7,0,9,0,0,60,9,69,0,45373,0,0,497111,45373,542486,0,310425,0,0,596569,310425,906995,True
port362,Fujairah,United Arab Emirates,ARE,2026-03-02,7,0,0,0,0,4,0,4,0,0,0,0,15974,0,15974,0,0,0,0,25901,0,25901,True
port362,Fujairah,United Arab Emirates,ARE,2026-03-09,7,0,1,1,0,1,2,3,0,5166,1994,0,7249,7161,14410,0,0,0,0,4531,0,4531,True
port362,Fujairah,United Arab Emirates,ARE,2026-03-16,7,0,0,0,0,4,0,4,0,0,0,0,34989,0,34989,0,0,0,0,14351,0,14351,True
port362,Fujairah,United Arab Emirates,ARE,2026-03-23,7,5,3,1,0,6,9,15,43786,67623,0,0,22867,111409,134278,1503,0,5809,0,58298,7312,65611,True
port362,Fujairah,United Arab Emirates,ARE,2026-03-30,7,4,4,1,0,10,9,19,52508,56842,0,0,56274,109351,165627,0,129339,5344,0,160578,134683,295262,True
port362,Fujairah,United Arab Emirates,ARE,2026-04-06,7,6,12,0,2,15,20,35,76932,165025,0,1443,72883,243401,316286,1503,340468,0,0,219807,341971,561779,True
port362,Fujairah,United Arab Emirates,ARE,2026-04-13,7,4,9,2,1,18,16,34,61893,243552,6654,0,69010,312100,381112,0,86226,0,0,181801,86226,268027,True
port362,Fujairah,United Arab Emirates,ARE,2026-04-20,7,6,6,2,1,18,15,33,86867,107445,27184,0,98490,221500,319992,0,153935,0,0,364648,153935,518583,True
port362,Fujairah,United Arab Emirates,ARE,2026-04-27,7,4,8,4,0,20,16,36,50187,187228,21637,0,159728,259054,418784,1185,203384,3040,0,479824,207609,687434,True
port362,Fujairah,United Arab Emirates,ARE,2026-05-04,7,3,7,4,0,4,14,18,43295,181151,22414,0,60126,246861,306988,0,70434,1520,0,27851,71954,99806,True
port362,Fujairah,United Arab Emirates,ARE,2026-05-11,7,1,7,0,0,3,8,11,0,97574,0,0,24328,97574,121902,4633,94574,0,0,18614,99208,117822,True
port362,Fujairah,United Arab Emirates,ARE,2026-05-18,7,5,8,3,0,8,16,24,58660,23674,2241,0,95953,84576,180530,1503,302386,6416,0,36602,310305,346908,True
port362,Fujairah,United Arab Emirates,ARE,2026-05-25,7,2,5,2,0,11,9,20,45075,189846,5284,0,57430,240206,297636,0,0,6576,0,133900,6576,140476,True
port362,Fujairah,United Arab Emirates,ARE,2026-06-01,7,2,6,1,0,7,9,16,13759,126584,0,0,30734,140344,171078,657,139537,0,0,141210,140194,281406,True
port362,Fujairah,United Arab Emirates,ARE,2026-06-08,7,2,8,1,1,16,12,28,22269,163067,1120,1443,117049,187900,304949,0,228758,1520,0,115625,230278,345905,True
port362,Fujairah,United Arab Emirates,ARE,2026-06-15,7,1,0,0,0,1,1,2,12669,0,0,0,7749,12669,20418,0,0,0,0,9307,0,9307,True
port362,Fujairah,United Arab Emirates,ARE,2026-06-22,7,7,9,3,0,20,19,39,33711,266068,2240,0,214217,302022,516241,9363,161168,7502,0,418397,178035,596434,True
port362,Fujairah,United Arab Emirates,ARE,2026-06-29,7,3,9,2,1,25,15,40,31279,158804,1120,760,272714,191964,464680,0,347345,14735,0,287040,362080,649122,True
port362,Fujairah,United Arab Emirates,ARE,2026-07-06,7,2,6,4,0,23,12,35,29054,68519,11802,0,213632,109376,323009,0,158260,13166,0,342040,171426,513467,True
port362,Fujairah,United Arab Emirates,ARE,2026-07-13,7,5,9,0,1,22,15,37,56719,76598,0,6459,202121,139779,341903,19623,303254,0,0,562387,322879,885267,True
port362,Fujairah,United Arab Emirates,ARE,2026-07-20,5,2,9,1,0,24,12,36,31804,87049,1120,0,198333,119974,318310,0,302227,1520,0,318737,303747,622486,False
port561,Khor Fakkan,United Arab Emirates,ARE,2018-12-31,6,0,0,0,0,0,0,0,0,0,0,0,0,0,0,0,0,0,0,0,0,0,False
port561,Khor Fakkan,United Arab Emirates,ARE,2019-01-07,7,0,0,0,0,0,0,0,0,0,0,0,0,0,0,0,0,0,0,0,0,0,True
port561,Khor Fakkan,United Arab Emirates,ARE,2019-01-14,7,0,0,0,0,0,0,0,0,0,0,0,0,0,0,0,0,0,0,0,0,0,True
port561,Khor Fakkan,United Arab Emirates,ARE,2019-01-21,7,1,0,0,0,0,1,1,7201,0,0,0,0,7201,7201,3134,0,0,0,0,3134,3134,True
port561,Khor Fakkan,United Arab Emirates,ARE,2019-01-28,7,0,0,0,0,0,0,0,0,0,0,0,0,0,0,0,0,0,0,0,0,0,True
port561,Khor Fakkan,United Arab Emirates,ARE,2019-02-04,7,0,0,0,0,2,0,2,0,0,0,0,0,0,0,0,0,0,0,5171,0,5171,True
port561,Khor Fakkan,United Arab Emirates,ARE,2019-02-11,7,2,0,0,0,1,2,3,7201,0,0,0,0,7201,7201,4079,0,0,0,0,4079,4079,True
port561,Khor Fakkan,United Arab Emirates,ARE,2019-02-18,7,1,0,0,0,0,1,1,4790,0,0,0,0,4790,4790,0,0,0,0,0,0,0,True
port561,Khor Fakkan,United Arab Emirates,ARE,2019-02-25,7,1,1,0,0,1,2,3,7201,5877,0,0,1548,13078,14626,3134,9280,0,0,4235,12414,16649,True
port561,Khor Fakkan,United Arab Emirates,ARE,2019-03-04,7,1,0,0,0,2,1,3,360,0,0,0,3096,360,3456,0,0,0,0,8470,0,8470,True
port561,Khor Fakkan,United Arab Emirates,ARE,2019-03-11,7,0,0,0,0,0,0,0,0,0,0,0,0,0,0,0,0,0,0,0,0,0,True
port561,Khor Fakkan,United Arab Emirates,ARE,2019-03-18,7,0,0,0,0,0,0,0,0,0,0,0,0,0,0,0,0,0,0,0,0,0,True
port561,Khor Fakkan,United Arab Emirates,ARE,2019-03-25,7,2,0,0,0,1,2,3,9105,0,0,0,5849,9105,14954,3134,0,0,0,0,3134,3134,True
port561,Khor Fakkan,United Arab Emirates,ARE,2019-04-01,7,1,0,0,0,1,1,2,11586,0,0,0,0,11586,11586,0,0,0,0,1160,0,1160,True
port561,Khor Fakkan,United Arab Emirates,ARE,2019-04-08,7,1,0,0,0,0,1,1,0,0,0,0,0,0,0,1765,0,0,0,0,1765,1765,True
port561,Khor Fakkan,United Arab Emirates,ARE,2019-04-15,7,0,0,0,0,0,0,0,0,0,0,0,0,0,0,0,0,0,0,0,0,0,True
port561,Khor Fakkan,United Arab Emirates,ARE,2019-04-22,7,1,0,0,0,1,1,2,881,0,0,0,1548,881,2429,0,0,0,0,4235,0,4235,True
port561,Khor Fakkan,United Arab Emirates,ARE,2019-04-29,7,1,0,0,0,2,1,3,7201,0,0,0,3096,7201,10297,3134,0,0,0,8470,3134,11604,True
port561,Khor Fakkan,United Arab Emirates,ARE,2019-05-06,7,0,0,0,0,1,0,1,0,0,0,0,1548,0,1548,0,0,0,0,4235,0,4235,True
port561,Khor Fakkan,United Arab Emirates,ARE,2019-05-13,7,3,0,0,0,0,3,3,4488,0,0,0,0,4488,4488,0,0,0,0,0,0,0,True
port561,Khor Fakkan,United Arab Emirates,ARE,2019-05-20,7,0,0,0,0,0,0,0,0,0,0,0,0,0,0,0,0,0,0,0,0,0,True
port561,Khor Fakkan,United Arab Emirates,ARE,2019-05-27,7,0,0,0,0,0,0,0,0,0,0,0,0,0,0,0,0,0,0,0,0,0,True
port561,Khor Fakkan,United Arab Emirates,ARE,2019-06-03,7,1,0,0,0,0,1,1,2575,0,0,0,0,2575,2575,0,0,0,0,0,0,0,True
port561,Khor Fakkan,United Arab Emirates,ARE,2019-06-10,7,1,0,0,0,0,1,1,971,0,0,0,0,971,971,0,0,0,0,0,0,0,True
port561,Khor Fakkan,United Arab Emirates,ARE,2019-06-17,7,0,0,0,0,1,0,1,0,0,0,0,1548,0,1548,0,0,0,0,4235,0,4235,True
port561,Khor Fakkan,United Arab Emirates,ARE,2019-06-24,7,1,1,0,0,1,2,3,1739,5877,0,0,1548,7616,9164,0,9280,0,0,4235,9280,13515,True
port561,Khor Fakkan,United Arab Emirates,ARE,2019-07-01,7,1,0,0,0,1,1,2,364,0,0,0,0,364,364,0,0,0,0,4496,0,4496,True
port561,Khor Fakkan,United Arab Emirates,ARE,2019-07-08,7,1,1,0,0,1,2,3,0,5877,0,0,0,5877,5877,968,9280,0,0,0,10248,10248,True
port561,Khor Fakkan,United Arab Emirates,ARE,2019-07-15,7,2,1,0,0,1,3,4,8317,5877,0,0,1548,14194,15742,3134,9280,0,0,4235,12414,16649,True
port561,Khor Fakkan,United Arab Emirates,ARE,2019-07-22,7,1,1,0,0,0,2,2,2889,5877,0,0,0,8766,8766,0,9280,0,0,0,9280,9280,True
port561,Khor Fakkan,United Arab Emirates,ARE,2019-07-29,7,1,0,0,0,0,1,1,879,0,0,0,0,879,879,0,0,0,0,0,0,0,True
port561,Khor Fakkan,United Arab Emirates,ARE,2019-08-05,7,0,0,0,0,0,0,0,0,0,0,0,0,0,0,0,0,0,0,0,0,0,True
port561,Khor Fakkan,United Arab Emirates,ARE,2019-08-12,7,0,0,0,0,1,0,1,0,0,0,0,1548,0,1548,0,0,0,0,4235,0,4235,True
port561,Khor Fakkan,United Arab Emirates,ARE,2019-08-19,7,0,0,0,0,2,0,2,0,0,0,0,3096,0,3096,0,0,0,0,8470,0,8470,True
port561,Khor Fakkan,United Arab Emirates,ARE,2019-08-26,7,0,0,0,0,0,0,0,0,0,0,0,0,0,0,0,0,0,0,0,0,0,True
port561,Khor Fakkan,United Arab Emirates,ARE,2019-09-02,7,0,0,0,0,2,0,2,0,0,0,0,1548,0,1548,0,0,0,0,14911,0,14911,True
port561,Khor Fakkan,United Arab Emirates,ARE,2019-09-09,7,0,0,0,0,0,0,0,0,0,0,0,0,0,0,0,0,0,0,0,0,0,True
port561,Khor Fakkan,United Arab Emirates,ARE,2019-09-16,7,1,0,0,0,0,1,1,2899,0,0,0,0,2899,2899,0,0,0,0,0,0,0,True
port561,Khor Fakkan,United Arab Emirates,ARE,2019-09-23,7,0,0,0,0,0,0,0,0,0,0,0,0,0,0,0,0,0,0,0,0,0,True
port561,Khor Fakkan,United Arab Emirates,ARE,2019-09-30,7,0,1,1,0,0,2,2,0,5877,0,0,0,5877,5877,0,9280,3950,0,0,13230,13230,True
port561,Khor Fakkan,United Arab Emirates,ARE,2019-10-07,7,0,0,1,0,1,1,2,0,0,836,0,1548,836,2384,0,0,1030,0,4235,1030,5265,True
port561,Khor Fakkan,United Arab Emirates,ARE,2019-10-14,7,0,0,0,0,0,0,0,0,0,0,0,0,0,0,0,0,0,0,0,0,0,True
port561,Khor Fakkan,United Arab Emirates,ARE,2019-10-21,7,0,1,0,0,0,1,1,0,0,0,0,0,0,0,0,0,0,0,0,0,0,True
port561,Khor Fakkan,United Arab Emirates,ARE,2019-10-28,7,1,0,0,0,0,1,1,969,0,0,0,0,969,969,0,0,0,0,0,0,0,True
port561,Khor Fakkan,United Arab Emirates,ARE,2019-11-04,7,1,0,0,0,1,1,2,3362,0,0,0,1548,3362,4910,0,0,0,0,4235,0,4235,True
port561,Khor Fakkan,United Arab Emirates,ARE,2019-11-11,7,0,0,0,0,0,0,0,0,0,0,0,0,0,0,0,0,0,0,0,0,0,True
port561,Khor Fakkan,United Arab Emirates,ARE,2019-11-18,7,0,0,0,0,0,0,0,0,0,0,0,0,0,0,0,0,0,0,0,0,0,True
port561,Khor Fakkan,United Arab Emirates,ARE,2019-11-25,7,0,0,0,0,0,0,0,0,0,0,0,0,0,0,0,0,0,0,0,0,0,True
port561,Khor Fakkan,United Arab Emirates,ARE,2019-12-02,7,2,0,0,0,2,2,4,0,0,0,0,1548,0,1548,24021,0,0,0,43665,24021,67686,True
port561,Khor Fakkan,United Arab Emirates,ARE,2019-12-09,7,1,0,0,0,3,1,4,0,0,0,0,4644,0,4644,881,0,0,0,12705,881,13586,True
port561,Khor Fakkan,United Arab Emirates,ARE,2019-12-16,7,1,0,0,0,0,1,1,0,0,0,0,0,0,0,3444,0,0,0,0,3444,3444,True
port561,Khor Fakkan,United Arab Emirates,ARE,2019-12-23,7,1,1,0,0,0,2,2,969,5877,0,0,0,6846,6846,0,9280,0,0,0,9280,9280,True
port561,Khor Fakkan,United Arab Emirates,ARE,2019-12-30,7,1,0,0,0,0,1,1,0,0,0,0,0,0,0,2836,0,0,0,0,2836,2836,True
port561,Khor Fakkan,United Arab Emirates,ARE,2020-01-06,7,0,0,0,0,1,0,1,0,0,0,0,295,0,295,0,0,0,0,11220,0,11220,True
port561,Khor Fakkan,United Arab Emirates,ARE,2020-01-13,7,1,0,0,0,1,1,2,7201,0,0,0,527,7201,7728,3134,0,0,0,3144,3134,6278,True
port561,Khor Fakkan,United Arab Emirates,ARE,2020-01-20,7,1,0,0,0,2,1,3,7201,0,0,0,822,7201,8023,3134,0,0,0,14365,3134,17499,True
port561,Khor Fakkan,United Arab Emirates,ARE,2020-01-27,7,0,0,1,0,1,1,2,0,0,836,0,527,836,1363,0,0,1030,0,3144,1030,4174,True
port561,Khor Fakkan,United Arab Emirates,ARE,2020-02-03,7,1,0,0,0,3,1,4,2624,0,0,0,590,2624,3214,0,0,0,0,23071,0,23071,True
port561,Khor Fakkan,United Arab Emirates,ARE,2020-02-10,7,0,2,0,0,1,2,3,0,5877,0,0,2795,5877,8672,0,9280,0,0,4345,9280,13625,True
port561,Khor Fakkan,United Arab Emirates,ARE,2020-02-17,7,2,0,0,0,0,2,2,0,0,0,0,0,0,0,1919,0,0,0,0,1919,1919,True
port561,Khor Fakkan,United Arab Emirates,ARE,2020-02-24,7,0,0,0,0,2,0,2,0,0,0,0,295,0,295,0,0,0,0,11491,0,11491,True
port561,Khor Fakkan,United Arab Emirates,ARE,2020-03-02,7,0,0,0,0,0,0,0,0,0,0,0,0,0,0,0,0,0,0,0,0,0,True
port561,Khor Fakkan,United Arab Emirates,ARE,2020-03-09,7,0,1,0,0,0,1,1,0,5877,0,0,0,5877,5877,0,9280,0,0,0,9280,9280,True
port561,Khor Fakkan,United Arab Emirates,ARE,2020-03-16,7,0,1,0,0,0,1,1,0,5877,0,0,0,5877,5877,0,9280,0,0,0,9280,9280,True
port561,Khor Fakkan,United Arab Emirates,ARE,2020-03-23,7,0,0,0,0,1,0,1,0,0,0,0,1548,0,1548,0,0,0,0,4235,0,4235,True
port561,Khor Fakkan,United Arab Emirates,ARE,2020-03-30,7,0,0,0,0,0,0,0,0,0,0,0,0,0,0,0,0,0,0,0,0,0,True
port561,Khor Fakkan,United Arab Emirates,ARE,2020-04-06,7,1,0,0,0,0,1,1,0,0,0,0,0,0,0,1734,0,0,0,0,1734,1734,True
port561,Khor Fakkan,United Arab Emirates,ARE,2020-04-13,7,1,1,0,0,0,2,2,3891,5877,0,0,0,9768,9768,0,9280,0,0,0,9280,9280,True
port561,Khor Fakkan,United Arab Emirates,ARE,2020-04-20,7,0,0,0,0,0,0,0,0,0,0,0,0,0,0,0,0,0,0,0,0,0,True
port561,Khor Fakkan,United Arab Emirates,ARE,2020-04-27,7,0,0,0,0,0,0,0,0,0,0,0,0,0,0,0,0,0,0,0,0,0,True
port561,Khor Fakkan,United Arab Emirates,ARE,2020-05-04,7,0,1,0,0,0,1,1,0,0,0,0,0,0,0,0,0,0,0,0,0,0,True
port561,Khor Fakkan,United Arab Emirates,ARE,2020-05-11,7,0,1,0,0,2,1,3,0,5877,0,0,527,5877,6405,0,9280,0,0,145173,9280,154454,True
port561,Khor Fakkan,United Arab Emirates,ARE,2020-05-18,7,1,1,0,0,0,2,2,972,5877,0,0,0,6850,6850,0,9280,0,0,0,9280,9280,True
port561,Khor Fakkan,United Arab Emirates,ARE,2020-05-25,7,0,0,0,0,0,0,0,0,0,0,0,0,0,0,0,0,0,0,0,0,0,True
port561,Khor Fakkan,United Arab Emirates,ARE,2020-06-01,7,0,0,0,0,0,0,0,0,0,0,0,0,0,0,0,0,0,0,0,0,0,True
port561,Khor Fakkan,United Arab Emirates,ARE,2020-06-08,7,0,0,0,0,2,0,2,0,0,0,0,13046,0,13046,0,0,0,0,0,0,0,True
port561,Khor Fakkan,United Arab Emirates,ARE,2020-06-15,7,1,0,0,0,1,1,2,0,0,0,0,527,0,527,1939,0,0,0,3144,1939,5083,True
port561,Khor Fakkan,United Arab Emirates,ARE,2020-06-22,7,1,0,0,0,1,1,2,5288,0,0,0,1548,5288,6836,0,0,0,0,4235,0,4235,True
port561,Khor Fakkan,United Arab Emirates,ARE,2020-06-29,7,0,0,0,0,2,0,2,0,0,0,0,3322,0,3322,0,0,0,0,7489,0,7489,True
port561,Khor Fakkan,United Arab Emirates,ARE,2020-07-06,7,0,0,0,0,4,0,4,0,0,0,0,8385,0,8385,0,0,0,0,16253,0,16253,True
port561,Khor Fakkan,United Arab Emirates,ARE,2020-07-13,7,1,0,0,0,3,1,4,7201,0,0,0,5891,7201,13092,3134,0,0,0,12815,3134,15949,True
port561,Khor Fakkan,United Arab Emirates,ARE,2020-07-20,7,1,0,0,0,3,1,4,1891,0,0,0,41944,1891,43835,0,0,0,0,3144,0,3144,True
port561,Khor Fakkan,United Arab Emirates,ARE,2020-07-27,7,0,0,0,0,1,0,1,0,0,0,0,1049,0,1049,0,0,0,0,0,0,0,True
port561,Khor Fakkan,United Arab Emirates,ARE,2020-08-03,7,1,1,0,0,3,2,5,1921,5877,0,0,2451,7798,10249,0,9280,0,0,7379,9280,16659,True
port561,Khor Fakkan,United Arab Emirates,ARE,2020-08-10,7,0,0,0,0,0,0,0,0,0,0,0,0,0,0,0,0,0,0,0,0,0,True
port561,Khor Fakkan,United Arab Emirates,ARE,2020-08-17,7,0,0,0,0,2,0,2,0,0,0,0,2075,0,2075,0,0,0,0,7379,0,7379,True
port561,Khor Fakkan,United Arab Emirates,ARE,2020-08-24,7,0,0,1,0,1,1,2,0,0,836,0,1548,836,2384,0,0,1030,0,4235,1030,5265,True
port561,Khor Fakkan,United Arab Emirates,ARE,2020-08-31,7,1,0,0,0,3,1,4,0,0,0,0,3623,0,3623,1907,0,0,0,11614,1907,13521,True
port561,Khor Fakkan,United Arab Emirates,ARE,2020-09-07,7,0,0,0,0,2,0,2,0,0,0,0,527,0,527,0,0,0,0,4410,0,4410,True
port561,Khor Fakkan,United Arab Emirates,ARE,2020-09-14,7,0,0,0,0,4,0,4,0,0,0,0,1582,0,1582,0,0,0,0,9433,0,9433,True
port561,Khor Fakkan,United Arab Emirates,ARE,2020-09-21,7,1,0,0,0,8,1,9,941,0,0,0,20081,941,21023,0,0,0,0,27463,0,27463,True
port561,Khor Fakkan,United Arab Emirates,ARE,2020-09-28,7,0,0,0,0,3,0,3,0,0,0,0,35791,0,35791,0,0,0,0,8470,0,8470,True
port561,Khor Fakkan,United Arab Emirates,ARE,2020-10-05,7,0,0,0,0,2,0,2,0,0,0,0,1548,0,1548,0,0,0,0,4401,0,4401,True
port561,Khor Fakkan,United Arab Emirates,ARE,2020-10-12,7,0,0,0,0,3,0,3,0,0,0,0,983,0,983,0,0,0,0,4725,0,4725,True
port561,Khor Fakkan,United Arab Emirates,ARE,2020-10-19,7,0,0,0,0,1,0,1,0,0,0,0,1548,0,1548,0,0,0,0,4235,0,4235,True
port561,Khor Fakkan,United Arab Emirates,ARE,2020-10-26,7,0,0,0,0,1,0,1,0,0,0,0,527,0,527,0,0,0,0,3144,0,3144,True
port561,Khor Fakkan,United Arab Emirates,ARE,2020-11-02,7,0,1,0,0,3,1,4,0,5877,0,0,2075,5877,7952,0,9280,0,0,11763,9280,21043,True
port561,Khor Fakkan,United Arab Emirates,ARE,2020-11-09,7,0,1,0,0,3,1,4,0,0,0,0,4644,0,4644,0,16974,0,0,12705,16974,29679,True
port561,Khor Fakkan,United Arab Emirates,ARE,2020-11-16,7,0,0,0,0,1,0,1,0,0,0,0,0,0,0,0,0,0,0,332,0,332,True
port561,Khor Fakkan,United Arab Emirates,ARE,2020-11-23,7,0,0,0,0,1,0,1,0,0,0,0,0,0,0,0,0,0,0,4547,0,4547,True
port561,Khor Fakkan,United Arab Emirates,ARE,2020-11-30,7,1,0,0,0,1,1,2,7201,0,0,0,1548,7201,8749,3134,0,0,0,4235,3134,7369,True
port561,Khor Fakkan,United Arab Emirates,ARE,2020-12-07,7,0,0,0,0,0,0,0,0,0,0,0,0,0,0,0,0,0,0,0,0,0,True
port561,Khor Fakkan,United Arab Emirates,ARE,2020-12-14,7,1,0,0,0,4,1,5,952,0,0,0,8956,952,9908,0,0,0,0,44363,0,44363,True
port561,Khor Fakkan,United Arab Emirates,ARE,2020-12-21,7,1,0,0,0,2,1,3,7201,0,0,0,1054,7201,8255,3134,0,0,0,6288,3134,9422,True
port561,Khor Fakkan,United Arab Emirates,ARE,2020-12-28,7,0,0,0,0,0,0,0,0,0,0,0,0,0,0,0,0,0,0,0,0,0,True
port561,Khor Fakkan,United Arab Emirates,ARE,2021-01-04,7,0,1,0,0,2,1,3,0,0,0,0,1548,0,1548,0,0,0,0,8782,0,8782,True
port561,Khor Fakkan,United Arab Emirates,ARE,2021-01-11,7,0,1,0,0,1,1,2,0,5877,0,0,0,5877,5877,0,9280,0,0,0,9280,9280,True
port561,Khor Fakkan,United Arab Emirates,ARE,2021-01-18,7,0,1,0,0,4,1,5,0,32589,0,0,7494,32589,40083,0,0,0,0,4235,0,4235,True
port561,Khor Fakkan,United Arab Emirates,ARE,2021-01-25,7,2,0,0,0,2,2,4,14402,0,0,0,3322,14402,17725,6268,0,0,0,7489,6268,13758,True
port561,Khor Fakkan,United Arab Emirates,ARE,2021-02-01,7,1,1,0,0,5,2,7,0,22338,0,0,8438,22338,30777,6140,0,0,0,8470,6140,14610,True
port561,Khor Fakkan,United Arab Emirates,ARE,2021-02-08,7,0,0,1,0,3,1,4,0,0,0,0,1548,0,1548,0,0,0,0,15684,0,15684,True
port561,Khor Fakkan,United Arab Emirates,ARE,2021-02-15,7,0,0,0,0,0,0,0,0,0,0,0,0,0,0,0,0,0,0,0,0,0,True
port561,Khor Fakkan,United Arab Emirates,ARE,2021-02-22,7,2,0,0,0,2,2,4,1143,0,0,0,0,1143,1143,5203,0,0,0,6665,5203,11868,True
port561,Khor Fakkan,United Arab Emirates,ARE,2021-03-01,7,1,0,0,0,3,1,4,20496,0,0,0,3623,20496,24119,0,0,0,0,11614,0,11614,True
port561,Khor Fakkan,United Arab Emirates,ARE,2021-03-08,7,0,1,0,0,2,1,3,0,0,0,0,1548,0,1548,0,0,0,0,6570,0,6570,True
port561,Khor Fakkan,United Arab Emirates,ARE,2021-03-15,7,0,1,0,0,0,1,1,0,5877,0,0,0,5877,5877,0,9280,0,0,0,9280,9280,True
port561,Khor Fakkan,United Arab Emirates,ARE,2021-03-22,7,1,1,0,0,2,2,4,0,5877,0,0,0,5877,5877,23905,9280,0,0,40273,33185,73458,True
port561,Khor Fakkan,United Arab Emirates,ARE,2021-03-29,7,0,0,0,0,0,0,0,0,0,0,0,0,0,0,0,0,0,0,0,0,0,True
port561,Khor Fakkan,United Arab Emirates,ARE,2021-04-05,7,0,0,0,0,2,0,2,0,0,0,0,1548,0,1548,0,0,0,0,8782,0,8782,True
port561,Khor Fakkan,United Arab Emirates,ARE,2021-04-12,7,0,0,1,0,1,1,2,0,0,836,0,0,836,836,0,0,1030,0,2335,1030,3365,True
port561,Khor Fakkan,United Arab Emirates,ARE,2021-04-19,7,0,2,1,0,3,3,6,0,11754,836,0,2075,12590,14666,0,18560,1030,0,12080,19590,31670,True
port561,Khor Fakkan,United Arab Emirates,ARE,2021-04-26,7,0,0,0,0,5,0,5,0,0,0,0,3096,0,3096,0,0,0,0,13549,0,13549,True
port561,Khor Fakkan,United Arab Emirates,ARE,2021-05-03,7,0,0,0,0,3,0,3,0,0,0,0,1548,0,1548,0,0,0,0,4235,0,4235,True
port561,Khor Fakkan,United Arab Emirates,ARE,2021-05-10,7,0,0,0,0,3,0,3,0,0,0,0,4870,0,4870,0,0,0,0,11724,0,11724,True
port561,Khor Fakkan,United Arab Emirates,ARE,2021-05-17,7,0,1,0,0,3,1,4,0,5877,0,0,527,5877,6404,0,9280,0,0,3809,9280,13089,True
port561,Khor Fakkan,United Arab Emirates,ARE,2021-05-24,7,0,0,2,0,2,2,4,0,0,1672,0,295,1672,1967,0,0,2060,0,13466,2060,15526,True
port561,Khor Fakkan,United Arab Emirates,ARE,2021-05-31,7,0,0,1,0,2,1,3,0,0,836,0,4343,836,5179,0,0,1030,0,8580,1030,9610,True
port561,Khor Fakkan,United Arab Emirates,ARE,2021-06-07,7,0,0,0,0,1,0,1,0,0,0,0,0,0,0,0,0,0,0,6736,0,6736,True
port561,Khor Fakkan,United Arab Emirates,ARE,2021-06-14,7,0,0,0,0,0,0,0,0,0,0,0,0,0,0,0,0,0,0,0,0,0,True
port561,Khor Fakkan,United Arab Emirates,ARE,2021-06-21,7,0,0,0,0,0,0,0,0,0,0,0,0,0,0,0,0,0,0,0,0,0,True
port561,Khor Fakkan,United Arab Emirates,ARE,2021-06-28,7,0,0,0,0,5,0,5,0,0,0,0,295,0,295,0,0,0,0,27066,0,27066,True
port561,Khor Fakkan,United Arab Emirates,ARE,2021-07-05,7,1,0,0,0,1,1,2,4828,0,0,0,527,4828,5355,0,0,0,0,3144,0,3144,True
port561,Khor Fakkan,United Arab Emirates,ARE,2021-07-12,7,1,0,1,0,1,2,3,7201,0,836,0,0,8037,8037,3134,0,1030,0,4532,4164,8696,True
port561,Khor Fakkan,United Arab Emirates,ARE,2021-07-19,7,1,1,1,1,4,4,8,1934,59392,836,0,0,62162,62162,0,0,1030,0,5460,1030,6490,True
port561,Khor Fakkan,United Arab Emirates,ARE,2021-07-26,7,0,0,0,0,2,0,2,0,0,0,0,3090,0,3090,0,0,0,0,15565,0,15565,True
port561,Khor Fakkan,United Arab Emirates,ARE,2021-08-02,7,1,0,1,1,7,3,10,0,0,836,0,17265,836,18101,3332,0,1030,0,22665,4362,27027,True
port561,Khor Fakkan,United Arab Emirates,ARE,2021-08-09,7,1,0,0,1,3,2,5,7201,0,0,0,527,7201,7728,3134,0,0,0,13215,3134,16350,True
port561,Khor Fakkan,United Arab Emirates,ARE,2021-08-16,7,2,1,0,1,0,4,4,4889,5877,0,0,0,10766,10766,0,9280,0,0,0,9280,9280,True
port561,Khor Fakkan,United Arab Emirates,ARE,2021-08-23,7,1,0,0,1,1,2,3,7201,0,0,0,527,7201,7728,3134,0,0,0,3144,3134,6278,True
port561,Khor Fakkan,United Arab Emirates,ARE,2021-08-30,7,1,1,1,1,1,4,5,7201,542,836,0,527,8580,9107,3134,0,1030,0,3144,4164,7308,True
port561,Khor Fakkan,United Arab Emirates,ARE,2021-09-06,7,2,2,0,1,0,5,5,14402,11754,0,0,0,26157,26157,6268,18560,0,0,0,24829,24829,True
port561,Khor Fakkan,United Arab Emirates,ARE,2021-09-13,7,1,1,0,1,0,3,3,8717,5877,0,0,0,14594,14594,0,9280,0,0,0,9280,9280,True
port561,Khor Fakkan,United Arab Emirates,ARE,2021-09-20,7,0,0,0,1,2,1,3,0,0,0,0,5590,0,5590,0,0,0,0,8690,0,8690,True
port561,Khor Fakkan,United Arab Emirates,ARE,2021-09-27,7,0,0,0,1,1,1,2,0,0,0,0,2795,0,2795,0,0,0,0,4345,0,4345,True
port561,Khor Fakkan,United Arab Emirates,ARE,2021-10-04,7,0,1,0,1,1,2,3,0,0,0,0,0,0,0,0,0,0,0,9143,0,9143,True
port561,Khor Fakkan,United Arab Emirates,ARE,2021-10-11,7,1,0,0,1,0,2,2,852,0,0,0,0,852,852,0,0,0,0,0,0,0,True
port561,Khor Fakkan,United Arab Emirates,ARE,2021-10-18,7,2,1,0,1,2,4,6,2224,5877,0,0,2795,8101,10896,8373,9280,0,0,7410,17653,25064,True
port561,Khor Fakkan,United Arab Emirates,ARE,2021-10-25,7,2,0,0,1,2,3,5,14402,0,0,0,0,14402,14402,6268,0,0,0,3233,6268,9501,True
port561,Khor Fakkan,United Arab Emirates,ARE,2021-11-01,7,1,0,0,1,3,2,5,7201,0,0,0,13349,7201,20550,3134,0,0,0,11220,3134,14354,True
port561,Khor Fakkan,United Arab Emirates,ARE,2021-11-08,7,2,0,0,1,10,3,13,7522,0,0,0,10668,7522,18191,0,0,0,0,33987,0,33987,True
port561,Khor Fakkan,United Arab Emirates,ARE,2021-11-15,7,2,0,1,1,7,4,11,7201,0,229,0,6863,7430,14294,3134,0,0,0,19505,3134,22639,True
port561,Khor Fakkan,United Arab Emirates,ARE,2021-11-22,7,1,1,0,1,5,3,8,9064,0,0,0,5171,9064,14235,0,0,0,0,16477,0,16477,True
port561,Khor Fakkan,United Arab Emirates,ARE,2021-11-29,7,2,0,1,1,9,4,13,1327,0,836,0,5171,2163,7334,2647,0,1030,0,40946,3677,44623,True
port561,Khor Fakkan,United Arab Emirates,ARE,2021-12-06,7,6,1,0,1,10,8,18,26246,5877,0,0,9332,32124,41456,6268,9280,0,0,47663,15549,63212,True
port561,Khor Fakkan,United Arab Emirates,ARE,2021-12-13,7,2,0,0,2,5,4,9,14402,0,0,0,5171,14402,19573,6268,0,0,0,19542,6268,25810,True
port561,Khor Fakkan,United Arab Emirates,ARE,2021-12-20,7,4,0,0,1,9,5,14,16502,0,0,0,6757,16502,23261,6019,0,0,0,65289,6019,71308,True
port561,Khor Fakkan,United Arab Emirates,ARE,2021-12-27,7,1,1,0,1,5,3,8,3903,26481,0,0,3623,30385,34008,0,0,0,0,27506,0,27506,True
port561,Khor Fakkan,United Arab Emirates,ARE,2022-01-03,7,1,0,2,1,5,4,9,5809,0,1672,0,6588,7481,14070,0,0,2060,0,19335,2060,21395,True
port561,Khor Fakkan,United Arab Emirates,ARE,2022-01-10,7,5,0,0,1,8,6,14,13282,0,0,0,7246,13282,20529,33493,0,0,0,27857,33493,61350,True
port561,Khor Fakkan,United Arab Emirates,ARE,2022-01-17,7,4,0,1,1,7,6,13,16127,0,0,0,21619,16127,37747,5329,0,230,0,28568,5559,34127,True
port561,Khor Fakkan,United Arab Emirates,ARE,2022-01-24,7,2,0,0,1,10,3,13,8299,0,0,0,9613,8299,17912,3134,0,0,0,37982,3134,41116,True
port561,Khor Fakkan,United Arab Emirates,ARE,2022-01-31,7,5,2,0,1,7,8,15,36005,0,0,0,8269,36005,44276,15670,67381,0,0,48410,83052,131464,True
port561,Khor Fakkan,United Arab Emirates,ARE,2022-02-07,7,4,1,0,1,9,6,15,14009,5995,0,0,14641,20004,34645,13749,0,0,0,29797,13749,43547,True
port561,Khor Fakkan,United Arab Emirates,ARE,2022-02-14,7,4,1,0,1,9,6,15,9154,0,0,0,17339,9154,26493,7066,0,0,0,34055,7066,41121,True
port561,Khor Fakkan,United Arab Emirates,ARE,2022-02-21,7,4,0,0,1,5,5,10,18286,0,0,0,6419,18286,24705,30352,0,0,0,10497,30352,40849,True
port561,Khor Fakkan,United Arab Emirates,ARE,2022-02-28,7,3,0,0,1,3,4,7,17321,0,0,0,3716,17321,21038,6268,0,0,0,9902,6268,16170,True
port561,Khor Fakkan,United Arab Emirates,ARE,2022-03-07,7,2,0,1,1,6,4,10,10031,0,0,0,5361,10031,15392,3134,0,10084,0,44256,13219,57475,True
port561,Khor Fakkan,United Arab Emirates,ARE,2022-03-14,7,1,1,0,1,7,3,10,3879,5877,0,0,7930,9756,17686,0,9280,0,0,18657,9280,27937,True
port561,Khor Fakkan,United Arab Emirates,ARE,2022-03-21,7,1,0,0,1,5,2,7,9118,0,0,0,13849,9118,22967,0,0,0,0,12894,0,12894,True
port561,Khor Fakkan,United Arab Emirates,ARE,2022-03-28,7,2,3,0,1,3,6,9,5272,5877,0,0,1548,11149,12697,14675,38705,0,0,6521,53380,59901,True
port561,Khor Fakkan,United Arab Emirates,ARE,2022-04-04,7,0,1,0,1,5,2,7,0,5877,0,0,3962,5877,9840,0,9280,0,0,15938,9280,25219,True
port561,Khor Fakkan,United Arab Emirates,ARE,2022-04-11,7,3,0,0,1,7,4,11,4336,0,0,0,7966,4336,12302,10128,0,0,0,30522,10128,40650,True
port561,Khor Fakkan,United Arab Emirates,ARE,2022-04-18,7,0,1,0,1,4,2,6,0,5877,0,0,2075,5877,7952,0,9280,0,0,17619,9280,26899,True
port561,Khor Fakkan,United Arab Emirates,ARE,2022-04-25,7,0,1,0,1,7,2,9,0,5209,0,0,3435,5209,8644,0,0,0,0,22454,0,22454,True
port561,Khor Fakkan,United Arab Emirates,ARE,2022-05-02,7,2,0,0,1,3,3,6,7201,0,0,0,5270,7201,12471,3134,0,0,0,13178,3134,16312,True
port561,Khor Fakkan,United Arab Emirates,ARE,2022-05-09,7,1,0,0,1,3,2,5,7201,0,0,0,4249,7201,11450,3134,0,0,0,12087,3134,15221,True
port561,Khor Fakkan,United Arab Emirates,ARE,2022-05-16,7,0,0,0,1,4,1,5,0,0,0,0,3391,0,3391,0,0,0,0,56003,0,56003,True
port561,Khor Fakkan,United Arab Emirates,ARE,2022-05-23,7,0,1,1,1,10,3,13,0,0,160,0,28747,160,28907,0,0,0,0,26432,0,26432,True
port561,Khor Fakkan,United Arab Emirates,ARE,2022-05-30,7,3,0,0,1,8,4,12,20119,0,0,0,9514,20119,29634,3134,0,0,0,34757,3134,37891,True
port561,Khor Fakkan,United Arab Emirates,ARE,2022-06-06,7,0,0,0,2,5,2,7,0,0,0,0,5270,0,5270,0,0,0,0,19640,0,19640,True
port561,Khor Fakkan,United Arab Emirates,ARE,2022-06-13,7,1,1,1,0,7,3,10,0,5877,836,0,13056,6713,19770,0,9280,1030,0,53583,10310,63893,True
port561,Khor Fakkan,United Arab Emirates,ARE,2022-06-20,7,1,1,0,1,4,3,7,7201,5877,0,0,16333,13079,29412,3134,9280,0,0,12088,12415,24503,True
port561,Khor Fakkan,United Arab Emirates,ARE,2022-06-27,7,1,0,0,0,4,1,5,0,0,0,0,3391,0,3391,0,0,0,0,20057,0,20057,True
port561,Khor Fakkan,United Arab Emirates,ARE,2022-07-04,7,1,0,0,2,2,3,5,3762,0,0,0,4343,3762,8105,0,0,0,0,8580,0,8580,True
port561,Khor Fakkan,United Arab Emirates,ARE,2022-07-11,7,0,1,1,1,8,3,11,0,0,836,0,12396,836,13233,0,25552,1030,0,25733,26582,52315,True
port561,Khor Fakkan,United Arab Emirates,ARE,2022-07-18,7,1,1,0,0,10,2,12,4862,5877,0,0,12634,10739,23374,0,9280,0,0,36694,9280,45975,True
port561,Khor Fakkan,United Arab Emirates,ARE,2022-07-25,7,1,2,2,0,7,5,12,5596,5877,1672,0,5397,13146,18544,0,68556,2060,0,23570,70616,94187,True
port561,Khor Fakkan,United Arab Emirates,ARE,2022-08-01,7,1,1,0,0,6,2,8,0,5877,0,0,15113,5877,20990,1918,9280,0,0,12925,11198,24124,True
port561,Khor Fakkan,United Arab Emirates,ARE,2022-08-08,7,1,2,0,0,5,3,8,8740,33674,0,0,7966,42414,50381,0,12720,0,0,20194,12720,32914,True
port561,Khor Fakkan,United Arab Emirates,ARE,2022-08-15,7,3,1,0,0,6,4,10,13003,5877,0,0,4356,18881,23237,3134,9280,0,0,41713,12415,54128,True
port561,Khor Fakkan,United Arab Emirates,ARE,2022-08-22,7,1,1,0,0,3,2,5,7201,5877,0,0,3722,13078,16800,3134,9280,0,0,10303,12414,22718,True
port561,Khor Fakkan,United Arab Emirates,ARE,2022-08-29,7,0,1,1,0,4,2,6,0,5877,6104,0,4115,11981,16096,0,9280,0,0,14059,9280,23340,True
port561,Khor Fakkan,United Arab Emirates,ARE,2022-09-05,7,0,1,0,0,6,1,7,0,5877,0,0,8065,5877,13942,0,9280,0,0,18489,9280,27769,True
port561,Khor Fakkan,United Arab Emirates,ARE,2022-09-12,7,2,2,0,0,4,4,8,12913,5877,0,0,7138,18790,25929,3134,9652,0,0,18715,12786,31502,True
port561,Khor Fakkan,United Arab Emirates,ARE,2022-09-19,7,1,1,0,0,6,2,8,2370,5877,0,0,8366,8247,16613,0,9280,0,0,26182,9280,35462,True
port561,Khor Fakkan,United Arab Emirates,ARE,2022-09-26,7,0,4,0,0,7,4,11,0,5877,0,0,9027,5877,14904,0,92964,0,0,27320,92964,120285,True
port561,Khor Fakkan,United Arab Emirates,ARE,2022-10-03,7,0,2,0,0,2,2,4,0,11754,0,0,2174,11754,13928,0,18560,0,0,9255,18560,27815,True
port561,Khor Fakkan,United Arab Emirates,ARE,2022-10-10,7,2,2,0,0,6,4,10,7201,11754,0,0,3096,18956,22052,5946,18560,0,0,16476,24508,40985,True
port561,Khor Fakkan,United Arab Emirates,ARE,2022-10-17,7,0,0,1,0,5,1,6,0,0,836,0,6818,836,7654,0,0,1030,0,21586,1030,22616,True
port561,Khor Fakkan,United Arab Emirates,ARE,2022-10-24,7,0,1,0,0,6,1,7,0,5877,0,0,5891,5877,11768,0,9280,0,0,19051,9280,28331,True
port561,Khor Fakkan,United Arab Emirates,ARE,2022-10-31,7,1,1,0,0,6,2,8,2234,5244,0,0,6192,7478,13670,0,0,0,0,55518,0,55518,True
port561,Khor Fakkan,United Arab Emirates,ARE,2022-11-07,7,0,4,0,0,4,4,8,0,60445,0,0,3623,60445,64068,0,25322,0,0,14181,25322,39504,True
port561,Khor Fakkan,United Arab Emirates,ARE,2022-11-14,7,0,1,0,0,8,1,9,0,5877,0,0,22055,5877,27932,0,9280,0,0,27788,9280,37068,True
port561,Khor Fakkan,United Arab Emirates,ARE,2022-11-21,7,0,0,1,0,3,1,4,0,0,836,0,5868,836,6704,0,0,1030,0,7379,1030,8409,True
port561,Khor Fakkan,United Arab Emirates,ARE,2022-11-28,7,0,0,1,0,4,1,5,0,0,836,0,7439,836,8275,0,0,1030,0,17050,1030,18080,True
port561,Khor Fakkan,United Arab Emirates,ARE,2022-12-05,7,0,0,0,0,6,0,6,0,0,0,0,9840,0,9840,0,0,0,0,27323,0,27323,True
port561,Khor Fakkan,United Arab Emirates,ARE,2022-12-12,7,1,2,0,0,4,3,7,0,5877,0,0,4343,5877,10220,13113,26579,0,0,19105,39692,58797,True
port561,Khor Fakkan,United Arab Emirates,ARE,2022-12-19,7,2,1,0,0,4,3,7,22864,5877,0,0,5270,28741,34012,0,9280,0,0,18735,9280,28016,True
port561,Khor Fakkan,United Arab Emirates,ARE,2022-12-26,7,3,1,0,0,7,4,11,7974,2907,0,0,6192,10881,17073,0,0,0,0,37579,0,37579,True
port561,Khor Fakkan,United Arab Emirates,ARE,2023-01-02,7,1,0,0,0,7,1,8,0,0,0,0,5891,0,5891,14489,0,0,0,23904,14489,38394,True
port561,Khor Fakkan,United Arab Emirates,ARE,2023-01-09,7,1,0,0,0,9,1,10,0,0,0,0,12709,0,12709,0,0,0,0,39947,0,39947,True
port561,Khor Fakkan,United Arab Emirates,ARE,2023-01-16,7,1,2,0,0,6,3,9,7201,4260,0,0,7967,11461,19428,3134,0,0,0,20194,3134,23328,True
port561,Khor Fakkan,United Arab Emirates,ARE,2023-01-23,7,3,0,0,0,7,3,10,15665,0,0,0,14056,15665,29723,3134,0,0,0,17270,3134,20404,True
port561,Khor Fakkan,United Arab Emirates,ARE,2023-01-30,7,1,0,0,0,8,1,9,0,0,0,0,17203,0,17203,0,0,0,0,30491,0,30491,True
port561,Khor Fakkan,United Arab Emirates,ARE,2023-02-06,7,0,0,0,0,7,0,7,0,0,0,0,7740,0,7740,0,0,0,0,22108,0,22108,True
port561,Khor Fakkan,United Arab Emirates,ARE,2023-02-13,7,1,0,1,0,3,2,5,448,0,836,0,4644,1284,5928,0,0,1030,0,12705,1030,13735,True
port561,Khor Fakkan,United Arab Emirates,ARE,2023-02-20,7,0,0,1,0,8,1,9,0,0,0,0,9378,0,9378,0,0,526,0,29914,526,30441,True
port561,Khor Fakkan,United Arab Emirates,ARE,2023-02-27,7,0,0,1,0,7,1,8,0,0,836,0,9613,836,10449,0,0,1030,0,34459,1030,35489,True
port561,Khor Fakkan,United Arab Emirates,ARE,2023-03-06,7,0,0,2,0,7,2,9,0,0,836,0,9613,836,10449,0,0,2143,0,33841,2143,35985,True
port561,Khor Fakkan,United Arab Emirates,ARE,2023-03-13,7,0,1,0,0,8,1,9,0,5877,0,0,9601,5877,15479,0,9280,0,0,36140,9280,45421,True
port561,Khor Fakkan,United Arab Emirates,ARE,2023-03-20,7,1,2,0,0,5,3,8,965,5877,0,0,5896,6843,12739,0,9280,0,0,13651,9280,22931,True
port561,Khor Fakkan,United Arab Emirates,ARE,2023-03-27,7,0,0,1,0,5,1,6,0,0,836,0,2929,836,3765,0,0,1030,0,29820,1030,30850,True
port561,Khor Fakkan,United Arab Emirates,ARE,2023-04-03,7,0,1,0,0,7,1,8,0,0,0,0,5322,0,5322,0,346,0,0,43153,346,43500,True
port561,Khor Fakkan,United Arab Emirates,ARE,2023-04-10,7,2,0,0,0,7,2,9,12063,0,0,0,5071,12063,17135,3134,0,0,0,26451,3134,29586,True
port561,Khor Fakkan,United Arab Emirates,ARE,2023-04-17,7,0,0,0,0,5,0,5,0,0,0,0,1054,0,1054,0,0,0,0,14020,0,14020,True
port561,Khor Fakkan,United Arab Emirates,ARE,2023-04-24,7,0,0,0,0,4,0,4,0,0,0,0,5402,0,5402,0,0,0,0,15704,0,15704,True
port561,Khor Fakkan,United Arab Emirates,ARE,2023-05-01,7,0,0,1,0,3,1,4,0,0,1393,0,2701,1393,4094,0,0,0,0,7852,0,7852,True
port561,Khor Fakkan,United Arab Emirates,ARE,2023-05-08,7,0,2,0,0,6,2,8,0,85307,0,0,6609,85307,91916,0,0,0,0,23446,0,23446,True
port561,Khor Fakkan,United Arab Emirates,ARE,2023-05-15,7,0,0,0,0,4,0,4,0,0,0,0,8691,0,8691,0,0,0,0,17996,0,17996,True
port561,Khor Fakkan,United Arab Emirates,ARE,2023-05-22,7,1,0,1,0,8,2,10,0,0,0,0,12426,0,12426,2582,0,975,0,29106,3557,32663,True
port561,Khor Fakkan,United Arab Emirates,ARE,2023-05-29,7,0,0,0,0,5,0,5,0,0,0,0,11705,0,11705,0,0,0,0,16322,0,16322,True
port561,Khor Fakkan,United Arab Emirates,ARE,2023-06-05,7,1,1,1,0,3,3,6,4468,5877,0,0,3722,10345,14067,0,9280,0,0,14479,9280,23759,True
port561,Khor Fakkan,United Arab Emirates,ARE,2023-06-12,7,1,0,1,0,3,2,5,0,0,1121,0,4343,1121,5464,972,0,0,0,9174,972,10146,True
port561,Khor Fakkan,United Arab Emirates,ARE,2023-06-19,7,0,0,0,0,7,0,7,0,0,0,0,10310,0,10310,0,0,0,0,22121,0,22121,True
port561,Khor Fakkan,United Arab Emirates,ARE,2023-06-26,7,2,1,0,0,8,3,11,7201,5877,0,0,10366,13078,23445,19076,9280,0,0,44102,28356,72460,True
port561,Khor Fakkan,United Arab Emirates,ARE,2023-07-03,7,2,1,0,0,7,3,10,12594,0,0,0,12643,12594,25237,3134,2762,0,0,21978,5896,27874,True
port561,Khor Fakkan,United Arab Emirates,ARE,2023-07-10,7,2,0,0,0,8,2,10,4759,0,0,0,9420,4759,14179,0,0,0,0,33753,0,33753,True
port561,Khor Fakkan,United Arab Emirates,ARE,2023-07-17,7,0,1,0,0,12,1,13,0,0,0,0,22243,0,22243,0,2889,0,0,49748,2889,52637,True
port561,Khor Fakkan,United Arab Emirates,ARE,2023-07-24,7,3,1,1,0,6,5,11,21603,0,836,0,9613,22440,32054,9402,0,1030,0,23554,10432,33987,True
port561,Khor Fakkan,United Arab Emirates,ARE,2023-07-31,7,1,0,2,0,8,3,11,7201,0,836,0,16700,8037,24739,3134,0,1030,0,30228,4164,34392,True
port561,Khor Fakkan,United Arab Emirates,ARE,2023-08-07,7,2,1,0,0,9,3,12,20731,5877,0,0,19936,26609,46546,3134,9280,0,0,23155,12414,35571,True
port561,Khor Fakkan,United Arab Emirates,ARE,2023-08-14,7,3,1,0,0,5,4,9,11641,5877,0,0,13856,17518,31374,3134,9280,0,0,18032,12414,30446,True
port561,Khor Fakkan,United Arab Emirates,ARE,2023-08-21,7,1,0,0,0,10,1,11,2859,0,0,0,15110,2859,17969,0,0,0,0,35560,0,35560,True
port561,Khor Fakkan,United Arab Emirates,ARE,2023-08-28,7,1,1,0,0,3,2,5,12008,0,0,0,3722,12008,15730,0,0,0,0,14500,0,14500,True
port561,Khor Fakkan,United Arab Emirates,ARE,2023-09-04,7,4,1,0,0,7,5,12,25799,0,0,0,18658,25799,44458,20842,2762,0,0,31474,23604,55078,True
port561,Khor Fakkan,United Arab Emirates,ARE,2023-09-11,7,2,0,0,0,7,2,9,4478,0,0,0,8992,4478,13470,0,0,0,0,27487,0,27487,True
port561,Khor Fakkan,United Arab Emirates,ARE,2023-09-18,7,2,0,0,0,6,2,8,17464,0,0,0,9173,17464,26638,12384,0,0,0,33846,12384,46230,True
port561,Khor Fakkan,United Arab Emirates,ARE,2023-09-25,7,2,0,0,0,3,2,5,19764,0,0,0,4644,19764,24408,0,0,0,0,12705,0,12705,True
port561,Khor Fakkan,United Arab Emirates,ARE,2023-10-02,7,2,1,0,0,7,3,10,5521,5877,0,0,11462,11398,22860,0,9280,0,0,30118,9280,39398,True
port561,Khor Fakkan,United Arab Emirates,ARE,2023-10-09,7,3,0,0,0,8,3,11,36135,0,0,0,9420,36135,45555,34836,0,0,0,21648,34836,56484,True
port561,Khor Fakkan,United Arab Emirates,ARE,2023-10-16,7,0,0,0,0,7,0,7,0,0,0,0,15722,0,15722,0,0,0,0,26576,0,26576,True
port561,Khor Fakkan,United Arab Emirates,ARE,2023-10-23,7,3,0,2,0,5,5,10,1730,0,3073,0,7444,4803,12247,20889,0,3257,0,23443,24146,47589,True
port561,Khor Fakkan,United Arab Emirates,ARE,2023-10-30,7,3,0,1,0,5,4,9,18929,0,836,0,7045,19766,26811,20889,0,1030,0,16432,21919,38351,True
port561,Khor Fakkan,United Arab Emirates,ARE,2023-11-06,7,1,0,0,0,5,1,6,22677,0,0,0,5797,22677,28474,0,0,0,0,16322,0,16322,True
port561,Khor Fakkan,United Arab Emirates,ARE,2023-11-13,7,0,0,0,0,3,0,3,0,0,0,0,4348,0,4348,0,0,0,0,9431,0,9431,True
port561,Khor Fakkan,United Arab Emirates,ARE,2023-11-20,7,0,0,0,0,7,0,7,0,0,0,0,10280,0,10280,0,0,0,0,68638,0,68638,True
port561,Khor Fakkan,United Arab Emirates,ARE,2023-11-27,7,3,2,2,0,3,7,10,25796,11754,1673,0,3183,39224,42408,2852,18560,2060,0,16478,23472,39952,True
port561,Khor Fakkan,United Arab Emirates,ARE,2023-12-04,7,1,0,0,0,2,1,3,8661,0,0,0,3722,8661,12383,0,0,0,0,8943,0,8943,True
port561,Khor Fakkan,United Arab Emirates,ARE,2023-12-11,7,2,0,0,0,3,2,5,7201,0,0,0,4830,7201,12032,47297,0,0,0,18042,47297,65339,True
port561,Khor Fakkan,United Arab Emirates,ARE,2023-12-18,7,6,0,0,0,5,6,11,39256,0,0,0,7735,39256,46993,10410,0,0,0,17274,10410,27684,True
port561,Khor Fakkan,United Arab Emirates,ARE,2023-12-25,7,3,0,1,0,4,4,8,26680,0,836,0,4150,27516,31666,20889,0,1030,0,14758,21919,36677,True
port561,Khor Fakkan,United Arab Emirates,ARE,2024-01-01,7,3,1,0,0,3,4,7,17913,0,0,0,1548,17913,19461,41222,0,0,0,4910,41222,46132,True
port561,Khor Fakkan,United Arab Emirates,ARE,2024-01-08,7,2,1,1,0,0,4,4,7201,5877,677,0,0,13755,13755,3805,9280,0,0,0,13085,13085,True
port561,Khor Fakkan,United Arab Emirates,ARE,2024-01-15,7,2,1,1,0,3,4,7,12482,5877,465,0,7983,18825,26809,0,9280,0,0,7379,9280,16659,True
port561,Khor Fakkan,United Arab Emirates,ARE,2024-01-22,7,3,1,2,0,7,6,13,68174,0,1574,0,7872,69748,77621,0,0,1054,0,29290,1054,30344,True
port561,Khor Fakkan,United Arab Emirates,ARE,2024-01-29,7,2,1,1,0,3,4,7,15332,0,738,0,4348,16070,20418,0,0,24,0,15233,24,15257,True
port561,Khor Fakkan,United Arab Emirates,ARE,2024-02-05,7,1,0,2,0,3,3,6,6776,0,1574,0,4249,8350,12599,0,0,1054,0,12087,1054,13141,True
port561,Khor Fakkan,United Arab Emirates,ARE,2024-02-12,7,7,0,0,0,3,7,10,69114,0,0,0,4875,69114,73991,57932,0,0,0,12560,57932,70493,True
port561,Khor Fakkan,United Arab Emirates,ARE,2024-02-19,7,5,0,0,0,3,5,8,74029,0,0,0,5961,74029,79990,36593,0,0,0,166,36593,36759,True
port561,Khor Fakkan,United Arab Emirates,ARE,2024-02-26,7,2,1,0,0,5,3,8,12858,5877,0,0,11662,18735,30397,6847,9280,0,0,13704,16127,29831,True
port561,Khor Fakkan,United Arab Emirates,ARE,2024-03-04,7,2,1,1,0,2,4,6,10453,5266,0,0,527,15719,16246,27256,0,0,0,3144,27256,30400,True
port561,Khor Fakkan,United Arab Emirates,ARE,2024-03-11,7,2,0,2,0,3,4,7,14402,0,1574,0,482,15976,16459,6268,0,1054,0,14443,7322,21765,True
port561,Khor Fakkan,United Arab Emirates,ARE,2024-03-18,7,4,0,1,0,5,5,10,15837,0,0,0,2174,15837,18011,10614,0,0,0,11904,10614,22518,True
port561,Khor Fakkan,United Arab Emirates,ARE,2024-03-25,7,4,0,1,0,9,5,14,17197,0,1415,0,6306,18612,24918,13612,0,0,0,26419,13612,40031,True
port561,Khor Fakkan,United Arab Emirates,ARE,2024-04-01,7,5,0,2,0,8,7,15,2422,0,2274,0,16993,4696,21690,25081,0,0,0,70144,25081,95226,True
port561,Khor Fakkan,United Arab Emirates,ARE,2024-04-08,7,3,2,3,0,3,8,11,32654,11755,1574,0,4640,45983,50624,16471,18561,1054,0,7489,36087,43576,True
port561,Khor Fakkan,United Arab Emirates,ARE,2024-04-15,7,4,0,0,0,3,4,7,39242,0,0,0,3322,39242,42564,6611,0,0,0,7489,6611,14100,True
port561,Khor Fakkan,United Arab Emirates,ARE,2024-04-22,7,6,0,0,0,4,6,10,34843,0,0,0,12774,34843,47618,56959,0,0,0,13306,56959,70266,True
port561,Khor Fakkan,United Arab Emirates,ARE,2024-04-29,7,3,0,1,0,4,4,8,9111,0,836,0,527,9947,10475,8656,0,1030,0,47097,9686,56784,True
port561,Khor Fakkan,United Arab Emirates,ARE,2024-05-06,7,1,1,1,0,6,3,9,7201,5877,3791,0,13305,16869,30175,3134,9280,0,0,13667,12414,26082,True
port561,Khor Fakkan,United Arab Emirates,ARE,2024-05-13,7,6,0,1,0,6,7,13,37532,0,738,0,22077,38270,60347,7882,0,24,0,2247,7906,10153,True
port561,Khor Fakkan,United Arab Emirates,ARE,2024-05-20,7,2,3,0,0,3,5,8,1909,11754,0,0,2075,13664,15739,4933,27903,0,0,7379,32836,40216,True
port561,Khor Fakkan,United Arab Emirates,ARE,2024-05-27,7,1,1,3,0,5,5,10,7201,0,1504,0,4105,8705,12811,3134,0,24,0,26057,3158,29216,True
port561,Khor Fakkan,United Arab Emirates,ARE,2024-06-03,7,8,2,0,0,4,10,14,27604,9770,0,0,3869,37375,41244,94415,9280,0,0,40755,103696,144452,True
port561,Khor Fakkan,United Arab Emirates,ARE,2024-06-10,7,3,0,1,0,3,4,7,0,0,836,0,2795,836,3632,2125,0,1030,0,54823,3155,57978,True
port561,Khor Fakkan,United Arab Emirates,ARE,2024-06-17,7,8,1,0,0,3,9,12,30917,0,0,0,527,30917,31444,84562,29936,0,0,12355,114498,126854,True
port561,Khor Fakkan,United Arab Emirates,ARE,2024-06-24,7,3,1,0,0,8,4,12,15373,5877,0,0,43166,21250,64418,6268,9280,0,0,24891,15548,40440,True
port561,Khor Fakkan,United Arab Emirates,ARE,2024-07-01,7,1,0,0,0,4,1,5,7201,0,0,0,1548,7201,8749,3134,0,0,0,6298,3134,9432,True
port561,Khor Fakkan,United Arab Emirates,ARE,2024-07-08,7,2,2,1,0,2,5,7,7201,5877,666,0,1548,13745,15293,12383,35810,0,0,4235,48194,52429,True
port561,Khor Fakkan,United Arab Emirates,ARE,2024-07-15,7,4,1,0,0,2,5,7,11835,5877,0,0,5628,17713,23341,549,9280,0,0,0,9829,9829,True
port561,Khor Fakkan,United Arab Emirates,ARE,2024-07-22,7,4,0,2,0,5,6,11,21603,0,836,0,7434,22439,29874,15143,0,1547,0,24145,16690,40835,True
port561,Khor Fakkan,United Arab Emirates,ARE,2024-07-29,7,2,0,0,0,8,2,10,636,0,0,0,8493,636,9129,1264,0,0,0,24958,1264,26222,True
port561,Khor Fakkan,United Arab Emirates,ARE,2024-08-05,7,6,1,0,0,1,7,8,17868,5877,0,0,1548,23746,25294,17043,9280,0,0,4235,26324,30559,True
port561,Khor Fakkan,United Arab Emirates,ARE,2024-08-12,7,5,0,0,0,2,5,7,59235,0,0,0,590,59235,59826,6268,0,0,0,22440,6268,28708,True
port561,Khor Fakkan,United Arab Emirates,ARE,2024-08-19,7,3,0,0,0,3,3,6,4836,0,0,0,6661,4836,11497,713,0,0,0,11220,713,11933,True
port561,Khor Fakkan,United Arab Emirates,ARE,2024-08-26,7,1,0,0,0,0,1,1,7201,0,0,0,0,7201,7201,3134,0,0,0,0,3134,3134,True
port561,Khor Fakkan,United Arab Emirates,ARE,2024-09-02,7,4,1,1,0,3,6,9,14629,5877,738,0,4644,21245,25889,5992,9280,24,0,12705,15297,28003,True
port561,Khor Fakkan,United Arab Emirates,ARE,2024-09-09,7,2,1,0,0,5,3,8,9147,5877,0,0,17248,15024,32272,3134,9280,0,0,15849,12414,28263,True
port561,Khor Fakkan,United Arab Emirates,ARE,2024-09-16,7,3,0,0,0,3,3,6,0,0,0,0,4644,0,4644,10960,0,0,0,12705,10960,23665,True
port561,Khor Fakkan,United Arab Emirates,ARE,2024-09-23,7,3,0,1,0,6,4,10,14402,0,738,0,7740,15140,22880,17725,0,24,0,21523,17749,39272,True
port561,Khor Fakkan,United Arab Emirates,ARE,2024-09-30,7,3,0,0,0,5,3,8,1091,0,0,0,6192,1091,7283,8844,0,0,0,24164,8844,33008,True
port561,Khor Fakkan,United Arab Emirates,ARE,2024-10-07,7,3,1,1,0,4,5,9,7604,5877,738,0,6192,14219,20411,31179,9280,24,0,16940,40483,57423,True
port561,Khor Fakkan,United Arab Emirates,ARE,2024-10-14,7,2,0,1,0,5,3,8,0,0,0,0,2848,0,2848,18876,0,7566,0,15192,26442,41634,True
port561,Khor Fakkan,United Arab Emirates,ARE,2024-10-21,7,4,1,0,0,3,5,8,9824,0,0,0,527,9824,10352,4356,9343,0,0,10340,13700,24042,True
port561,Khor Fakkan,United Arab Emirates,ARE,2024-10-28,7,1,0,0,0,0,1,1,0,0,0,0,0,0,0,14679,0,0,0,0,14679,14679,True
port561,Khor Fakkan,United Arab Emirates,ARE,2024-11-04,7,7,1,1,0,5,9,14,17063,5877,0,0,7439,22940,30380,14464,9280,0,0,17577,23744,41321,True
port561,Khor Fakkan,United Arab Emirates,ARE,2024-11-11,7,6,0,1,0,3,7,10,24013,0,2212,0,1548,26225,27773,11093,0,0,0,4563,11093,15657,True
port561,Khor Fakkan,United Arab Emirates,ARE,2024-11-18,7,3,1,1,0,4,5,9,33540,5877,0,0,7396,39417,46814,0,9280,0,0,8544,9280,17825,True
port561,Khor Fakkan,United Arab Emirates,ARE,2024-11-25,7,6,1,0,0,3,7,10,16740,5877,0,0,3096,22617,25713,45493,9280,0,0,11569,54774,66343,True
port561,Khor Fakkan,United Arab Emirates,ARE,2024-12-02,7,3,0,0,0,4,3,7,14561,0,0,0,5270,14561,19832,6268,0,0,0,20845,6268,27113,True
port561,Khor Fakkan,United Arab Emirates,ARE,2024-12-09,7,1,0,0,0,4,1,5,537,0,0,0,10743,537,11280,0,0,0,0,3144,0,3144,True
port561,Khor Fakkan,United Arab Emirates,ARE,2024-12-16,7,5,0,0,0,2,5,7,29228,0,0,0,0,29228,29228,6268,0,0,0,6402,6268,12670,True
port561,Khor Fakkan,United Arab Emirates,ARE,2024-12-23,7,2,0,0,0,2,2,4,5733,0,0,0,2075,5733,7808,49749,0,0,0,7379,49749,57128,True
port561,Khor Fakkan,United Arab Emirates,ARE,2024-12-30,7,4,0,1,0,2,5,7,16756,0,0,0,1548,16756,18304,12433,0,452,0,10927,12885,23812,True
port561,Khor Fakkan,United Arab Emirates,ARE,2025-01-06,7,2,0,0,0,3,2,5,1584,0,0,0,2075,1584,3659,27533,0,0,0,7379,27533,34912,True
port561,Khor Fakkan,United Arab Emirates,ARE,2025-01-13,7,2,1,0,0,2,3,5,0,32632,0,0,1548,32632,34180,17348,0,0,0,10883,17348,28231,True
port561,Khor Fakkan,United Arab Emirates,ARE,2025-01-20,7,2,1,0,0,3,3,6,28682,0,0,0,15230,28682,43913,3134,0,0,0,3144,3134,6279,True
port561,Khor Fakkan,United Arab Emirates,ARE,2025-01-27,7,3,1,0,0,5,4,9,1487,0,0,0,6664,1487,8151,24570,1233,0,0,19447,25803,45250,True
port561,Khor Fakkan,United Arab Emirates,ARE,2025-02-03,7,2,0,0,0,7,2,9,15823,0,0,0,8494,15823,24318,3134,0,0,0,25034,3134,28169,True
port561,Khor Fakkan,United Arab Emirates,ARE,2025-02-10,7,2,3,0,0,7,5,12,17755,53894,0,0,4150,71649,75800,0,43758,0,0,32601,43758,76360,True
port561,Khor Fakkan,United Arab Emirates,ARE,2025-02-17,7,1,0,0,0,2,1,3,0,0,0,0,527,0,527,3753,0,0,0,3144,3753,6897,True
port561,Khor Fakkan,United Arab Emirates,ARE,2025-02-24,7,3,1,0,0,8,4,12,22763,0,0,0,10790,22763,33554,7916,0,0,0,34668,7916,42585,True
port561,Khor Fakkan,United Arab Emirates,ARE,2025-03-03,7,1,2,0,0,2,3,5,28043,11754,0,0,3096,39797,42893,0,18560,0,0,8470,18560,27030,True
port561,Khor Fakkan,United Arab Emirates,ARE,2025-03-10,7,4,2,0,0,6,6,12,7201,5877,0,0,3667,13078,16746,26601,9280,0,0,15802,35882,51686,True
port561,Khor Fakkan,United Arab Emirates,ARE,2025-03-17,7,4,0,1,0,4,5,9,17366,0,1640,0,3096,19006,22103,9889,0,0,0,9908,9889,19797,True
port561,Khor Fakkan,United Arab Emirates,ARE,2025-03-24,7,0,0,0,0,6,0,6,0,0,0,0,18036,0,18036,0,0,0,0,13004,0,13004,True
port561,Khor Fakkan,United Arab Emirates,ARE,2025-03-31,7,1,0,0,0,5,1,6,0,0,0,0,7138,0,7138,10513,0,0,0,13479,10513,23992,True
port561,Khor Fakkan,United Arab Emirates,ARE,2025-04-07,7,0,1,0,0,4,1,5,0,5877,0,0,4000,5877,9878,0,9280,0,0,7647,9280,16928,True
port561,Khor Fakkan,United Arab Emirates,ARE,2025-04-14,7,1,1,1,0,5,3,8,0,24259,836,0,2325,25095,27420,254,0,1030,0,88962,1284,90246,True
port561,Khor Fakkan,United Arab Emirates,ARE,2025-04-21,7,0,1,0,0,5,1,6,0,5877,0,0,9085,5877,14962,0,9280,0,0,53231,9280,62511,True
port561,Khor Fakkan,United Arab Emirates,ARE,2025-04-28,7,3,0,0,0,6,3,9,6625,0,0,0,2477,6625,9102,8857,0,0,0,27204,8857,36062,True
port561,Khor Fakkan,United Arab Emirates,ARE,2025-05-05,7,4,3,0,0,12,7,19,8404,0,0,0,16573,8404,24977,20384,66825,0,0,41681,87209,128891,True
port561,Khor Fakkan,United Arab Emirates,ARE,2025-05-12,7,2,1,0,0,6,3,9,16018,0,0,0,5510,16018,21529,3134,0,0,0,15928,3134,19062,True
port561,Khor Fakkan,United Arab Emirates,ARE,2025-05-19,7,2,0,0,0,6,2,8,0,0,0,0,15556,0,15556,20661,0,0,0,15534,20661,36195,True
port561,Khor Fakkan,United Arab Emirates,ARE,2025-05-26,7,1,3,1,0,7,5,12,32786,17631,0,0,9408,50417,59826,0,27840,167,0,18538,28007,46547,True
port561,Khor Fakkan,United Arab Emirates,ARE,2025-06-02,7,0,1,0,0,5,1,6,0,5877,0,0,4445,5877,10322,0,9280,0,0,25978,9280,35258,True
port561,Khor Fakkan,United Arab Emirates,ARE,2025-06-09,7,1,4,0,0,5,5,10,0,17631,0,0,15422,17631,33053,24927,31262,0,0,12861,56189,69050,True
port561,Khor Fakkan,United Arab Emirates,ARE,2025-06-16,7,3,1,1,0,5,5,10,8120,5877,836,0,6713,14835,21548,0,9280,1030,0,27179,10310,37490,True
port561,Khor Fakkan,United Arab Emirates,ARE,2025-06-23,7,2,2,1,0,2,5,7,1333,0,836,0,482,2170,2652,6630,0,1030,0,15318,7660,22978,True
port561,Khor Fakkan,United Arab Emirates,ARE,2025-06-30,7,1,1,1,0,3,3,6,7619,5877,0,0,3124,13497,16621,0,9280,370,0,4235,9650,13885,True
port561,Khor Fakkan,United Arab Emirates,ARE,2025-07-07,7,0,0,1,0,4,1,5,0,0,0,0,4682,0,4682,0,0,0,0,10209,0,10209,True
port561,Khor Fakkan,United Arab Emirates,ARE,2025-07-14,7,3,0,0,0,4,3,7,11529,0,0,0,2414,11529,13943,3818,0,0,0,7458,3818,11277,True
port561,Khor Fakkan,United Arab Emirates,ARE,2025-07-21,7,2,2,1,0,6,5,11,78753,5877,836,0,4482,85466,89948,13771,43640,1030,0,22588,58441,81029,True
port561,Khor Fakkan,United Arab Emirates,ARE,2025-07-28,7,1,0,1,0,5,2,7,7201,0,0,0,4482,7201,11683,3134,0,6529,0,36494,9664,46158,True
port561,Khor Fakkan,United Arab Emirates,ARE,2025-08-04,7,2,1,2,0,3,5,8,3580,0,836,0,1718,4416,6134,0,0,2366,0,6186,2366,8552,True
port561,Khor Fakkan,United Arab Emirates,ARE,2025-08-11,7,1,0,0,0,2,1,3,0,0,0,0,3096,0,3096,2157,0,0,0,8470,2157,10627,True
port561,Khor Fakkan,United Arab Emirates,ARE,2025-08-18,7,2,0,0,0,8,2,10,10537,0,0,0,13942,10537,24480,3134,0,0,0,18562,3134,21696,True
port561,Khor Fakkan,United Arab Emirates,ARE,2025-08-25,7,2,0,0,0,6,2,8,7201,0,0,0,4659,7201,11861,15533,0,0,0,55962,15533,71495,True
port561,Khor Fakkan,United Arab Emirates,ARE,2025-09-01,7,2,0,0,0,3,2,5,0,0,0,0,1109,0,1109,26154,0,0,0,767,26154,26921,True
port561,Khor Fakkan,United Arab Emirates,ARE,2025-09-08,7,0,1,0,0,2,1,3,0,5877,0,0,769,5877,6646,0,9280,0,0,688,9280,9968,True
port561,Khor Fakkan,United Arab Emirates,ARE,2025-09-15,7,0,0,0,0,4,0,4,0,0,0,0,3090,0,3090,0,0,0,0,6088,0,6088,True
port561,Khor Fakkan,United Arab Emirates,ARE,2025-09-22,7,0,1,0,0,8,1,9,0,5877,0,0,3858,5877,9735,0,9280,0,0,6220,9280,15501,True
port561,Khor Fakkan,United Arab Emirates,ARE,2025-09-29,7,0,0,0,0,4,0,4,0,0,0,0,3226,0,3226,0,0,0,0,9496,0,9496,True
port561,Khor Fakkan,United Arab Emirates,ARE,2025-10-06,7,2,0,0,0,3,2,5,7201,0,0,0,2317,7201,9519,4894,0,0,0,4844,4894,9738,True
port561,Khor Fakkan,United Arab Emirates,ARE,2025-10-13,7,0,1,0,0,3,1,4,0,5877,0,0,339,5877,6216,0,9280,0,0,2361,9280,11641,True
port561,Khor Fakkan,United Arab Emirates,ARE,2025-10-20,7,1,1,0,0,2,2,4,0,0,0,0,339,0,339,17053,30218,0,0,79,47271,47350,True
port561,Khor Fakkan,United Arab Emirates,ARE,2025-10-27,7,4,0,0,0,3,4,7,16169,0,0,0,678,16169,16848,6137,0,0,0,6435,6137,12573,True
port561,Khor Fakkan,United Arab Emirates,ARE,2025-11-03,7,0,2,0,0,2,2,4,0,0,0,0,4343,0,4343,0,28584,0,0,8580,28584,37164,True
port561,Khor Fakkan,United Arab Emirates,ARE,2025-11-10,7,0,1,0,0,1,1,2,0,5877,0,0,339,5877,6217,0,9280,0,0,79,9280,9360,True
port561,Khor Fakkan,United Arab Emirates,ARE,2025-11-17,7,1,0,0,0,2,1,3,7201,0,0,0,3304,7201,10506,3134,0,0,0,4345,3134,7479,True
port561,Khor Fakkan,United Arab Emirates,ARE,2025-11-24,7,1,1,1,0,2,3,5,3415,0,836,0,3096,4251,7347,0,22812,1030,0,8470,23842,32312,True
port561,Khor Fakkan,United Arab Emirates,ARE,2025-12-01,7,0,0,1,0,9,1,10,0,0,738,0,12528,738,13266,0,0,24,0,21596,24,21620,True
port561,Khor Fakkan,United Arab Emirates,ARE,2025-12-08,7,1,2,0,0,3,3,6,0,11754,0,0,7138,11754,18894,0,18560,0,0,12925,18560,31487,True
port561,Khor Fakkan,United Arab Emirates,ARE,2025-12-15,7,2,1,0,0,2,3,5,23912,0,0,0,3096,23912,27008,987,31860,0,0,8470,32847,41317,True
port561,Khor Fakkan,United Arab Emirates,ARE,2025-12-22,7,1,0,0,0,6,1,7,11934,0,0,0,2795,11934,14730,0,0,0,0,54244,0,54244,True
port561,Khor Fakkan,United Arab Emirates,ARE,2025-12-29,7,0,0,1,0,4,1,5,0,0,836,0,2055,836,2891,0,0,1030,0,3383,1030,4413,True
port561,Khor Fakkan,United Arab Emirates,ARE,2026-01-05,7,2,0,0,0,3,2,5,13967,0,0,0,8774,13967,22741,861,0,0,0,11008,861,11869,True
port561,Khor Fakkan,United Arab Emirates,ARE,2026-01-12,7,0,2,0,0,3,2,5,0,5877,0,0,1887,5877,7765,0,9280,0,0,16397,9280,25678,True
port561,Khor Fakkan,United Arab Emirates,ARE,2026-01-19,7,1,2,1,0,4,4,8,7201,0,738,0,1716,7939,9655,3134,72161,24,0,14787,75319,90107,True
port561,Khor Fakkan,United Arab Emirates,ARE,2026-01-26,7,1,1,1,0,3,3,6,8599,5877,299,0,3623,14775,18398,0,9280,0,0,11614,9280,20895,True
port561,Khor Fakkan,United Arab Emirates,ARE,2026-02-02,7,0,2,0,0,5,2,7,0,5877,0,0,3568,5877,9445,0,38611,0,0,26938,38611,65549,True
port561,Khor Fakkan,United Arab Emirates,ARE,2026-02-09,7,0,0,1,0,0,1,1,0,0,5026,0,0,5026,5026,0,0,0,0,0,0,0,True
port561,Khor Fakkan,United Arab Emirates,ARE,2026-02-16,7,1,2,1,0,4,4,8,3463,11754,0,0,4278,15217,19497,0,18560,0,0,158,18560,18720,True
port561,Khor Fakkan,United Arab Emirates,ARE,2026-02-23,7,1,2,2,0,4,5,9,14860,11754,7348,0,1206,33963,35170,0,18560,0,0,3223,18560,21783,True
port561,Khor Fakkan,United Arab Emirates,ARE,2026-03-02,7,0,1,0,1,0,2,2,0,5877,0,0,0,5877,5877,0,9280,0,0,0,9280,9280,True
port561,Khor Fakkan,United Arab Emirates,ARE,2026-03-09,7,3,0,1,0,0,4,4,19473,0,5697,0,0,25171,25171,6268,0,0,0,0,6268,6268,True
port561,Khor Fakkan,United Arab Emirates,ARE,2026-03-16,7,0,0,1,0,0,1,1,0,0,812,0,0,812,812,0,0,0,0,0,0,0,True
port561,Khor Fakkan,United Arab Emirates,ARE,2026-03-23,7,2,0,1,0,0,3,3,30993,0,3130,0,0,34123,34123,987,0,0,0,0,987,987,True
port561,Khor Fakkan,United Arab Emirates,ARE,2026-03-30,7,4,0,0,0,0,4,4,106672,0,0,0,0,106672,106672,0,0,0,0,0,0,0,True
port561,Khor Fakkan,United Arab Emirates,ARE,2026-04-06,7,5,0,1,0,1,6,7,141895,0,2013,0,339,143909,144248,4121,0,0,0,79,4121,4200,True
port561,Khor Fakkan,United Arab Emirates,ARE,2026-04-13,7,2,0,1,0,1,3,4,36056,0,368,0,339,36424,36763,0,0,0,0,79,0,79,True
port561,Khor Fakkan,United Arab Emirates,ARE,2026-04-20,7,9,0,1,0,0,10,10,209963,0,2007,0,0,211971,211971,6269,0,0,0,0,6269,6269,True
port561,Khor Fakkan,United Arab Emirates,ARE,2026-04-27,7,5,0,4,1,1,10,11,67289,0,4391,2002,1276,73682,74958,3834,0,0,0,0,3834,3834,True
port561,Khor Fakkan,United Arab Emirates,ARE,2026-05-04,7,8,0,0,0,1,8,9,148225,0,0,0,1386,148225,149611,4063,0,0,0,6663,4063,10726,True
port561,Khor Fakkan,United Arab Emirates,ARE,2026-05-11,7,8,1,3,0,0,12,12,102380,0,3674,0,0,106055,106055,403,0,0,0,0,403,403,True
port561,Khor Fakkan,United Arab Emirates,ARE,2026-05-18,7,5,0,2,0,0,7,7,70161,0,0,0,0,70161,70161,10601,0,0,0,0,10601,10601,True
port561,Khor Fakkan,United Arab Emirates,ARE,2026-05-25,7,2,1,2,0,0,5,5,8782,5877,0,0,0,14659,14659,3579,9280,0,0,0,12859,12859,True
port561,Khor Fakkan,United Arab Emirates,ARE,2026-06-01,7,7,0,3,0,2,10,12,170928,0,0,0,1887,170928,172815,0,0,0,0,4314,0,4314,True
port561,Khor Fakkan,United Arab Emirates,ARE,2026-06-08,7,9,1,2,0,0,12,12,154123,0,2454,0,0,156577,156577,9860,14392,0,0,0,24252,24252,True
port561,Khor Fakkan,United Arab Emirates,ARE,2026-06-15,7,5,0,2,0,1,7,8,71158,0,1284,0,1386,72442,73828,842,0,0,0,6663,842,7505,True
port561,Khor Fakkan,United Arab Emirates,ARE,2026-06-22,7,9,0,3,0,1,12,13,189532,0,1785,0,509,191318,191827,0,0,0,0,0,0,0,True
port561,Khor Fakkan,United Arab Emirates,ARE,2026-06-29,7,8,1,3,1,2,13,15,140766,0,960,2842,678,144570,145250,1893,23899,24,0,158,25816,25974,True
port561,Khor Fakkan,United Arab Emirates,ARE,2026-07-06,7,11,0,3,1,0,15,15,255511,0,2278,4234,0,262023,262023,4799,0,0,0,0,4799,4799,True
port561,Khor Fakkan,United Arab Emirates,ARE,2026-07-13,7,11,0,1,0,0,12,12,165577,0,0,0,0,165577,165577,10054,0,0,0,0,10054,10054,True
port561,Khor Fakkan,United Arab Emirates,ARE,2026-07-20,5,5,0,1,0,0,6,6,104205,0,0,0,0,104205,104205,3134,0,0,0,0,3134,3134,False
port744,Jebel Ali,United Arab Emirates,ARE,2018-12-31,6,62,1,8,7,14,78,92,2142404,0,13510,6712,140296,2162628,2302925,1376649,494,5496,4910,39987,1387552,1427540,False
port744,Jebel Ali,United Arab Emirates,ARE,2019-01-07,7,63,8,8,9,16,88,104,2260019,169809,6099,8400,236566,2444333,2680900,1952116,34455,7951,196,24187,1994723,2018912,True
port744,Jebel Ali,United Arab Emirates,ARE,2019-01-14,7,76,9,7,5,14,97,111,1966624,176841,2256,11358,99319,2157085,2256405,2473801,4937,6930,264,20425,2485938,2506364,True
port744,Jebel Ali,United Arab Emirates,ARE,2019-01-21,7,64,7,6,5,10,82,92,2526078,74598,21741,7700,142199,2630121,2772322,1587619,19427,3418,275,0,1610743,1610743,True
port744,Jebel Ali,United Arab Emirates,ARE,2019-01-28,7,52,5,7,2,6,66,72,2085286,98225,6193,3280,132340,2192989,2325331,1681891,2121,4691,196,60436,1688903,1749339,True
port744,Jebel Ali,United Arab Emirates,ARE,2019-02-04,7,47,3,4,6,11,60,71,1549388,24539,3621,9279,55152,1586828,1641983,1286232,16057,3418,471,138306,1306182,1444492,True
port744,Jebel Ali,United Arab Emirates,ARE,2019-02-11,7,46,5,7,3,8,61,69,1979681,50649,5641,2293,115364,2038265,2153630,1083523,34926,8295,2317,58314,1129065,1187380,True
port744,Jebel Ali,United Arab Emirates,ARE,2019-02-18,7,53,11,6,7,15,77,92,1492962,214523,8316,10634,164107,1726438,1890547,2093823,8569,2526,196,19777,2105117,2124896,True
port744,Jebel Ali,United Arab Emirates,ARE,2019-02-25,7,52,8,7,7,13,74,87,1750901,223063,6503,9062,104466,1989533,2094001,1843698,8484,6301,196,174991,1858686,2033679,True
port744,Jebel Ali,United Arab Emirates,ARE,2019-03-04,7,52,7,5,4,9,68,77,1981966,124370,4294,1640,145655,2112274,2257932,1636281,9701,3417,98,49604,1649502,1699108,True
port744,Jebel Ali,United Arab Emirates,ARE,2019-03-11,7,56,7,4,4,16,71,87,1578004,130025,2256,7105,178954,1717395,1896351,2057013,4242,13650,98,27774,2075009,2102784,True
port744,Jebel Ali,United Arab Emirates,ARE,2019-03-18,7,48,4,5,6,9,63,72,1890372,75858,8832,12063,72754,1987129,2059886,1293675,8569,3951,196,12842,1306395,1319238,True
port744,Jebel Ali,United Arab Emirates,ARE,2019-03-25,7,70,8,8,4,14,90,104,2472288,154594,6888,3992,17402,2637769,2655173,2166550,4242,6425,98,172545,2177318,2349866,True
port744,Jebel Ali,United Arab Emirates,ARE,2019-04-01,7,54,6,7,6,10,73,83,2050965,130553,5043,10974,71253,2197541,2268797,955964,2121,7220,98,53781,965406,1019187,True
port744,Jebel Ali,United Arab Emirates,ARE,2019-04-08,7,55,6,5,4,13,70,83,1613420,97940,8361,15797,203160,1735521,1938687,1917736,24682,4426,98,81153,1946945,2028101,True
port744,Jebel Ali,United Arab Emirates,ARE,2019-04-15,7,65,10,7,6,12,88,100,1272320,195280,9221,4949,101607,1481774,1583383,1480919,14789,4859,177,68633,1500750,1569385,True
port744,Jebel Ali,United Arab Emirates,ARE,2019-04-22,7,62,6,6,2,9,76,85,1866551,93958,11709,6356,46304,1978579,2024885,1784718,4814,3796,0,61029,1793334,1854363,True
port744,Jebel Ali,United Arab Emirates,ARE,2019-04-29,7,55,4,7,5,14,71,85,1649572,175241,9386,4823,106538,1839027,1945568,1827173,2121,5150,4489,93000,1838937,1931939,True
port744,Jebel Ali,United Arab Emirates,ARE,2019-05-06,7,71,6,4,2,8,83,91,1703744,107428,3385,3917,58255,1818477,1876734,1879476,0,4865,98,13002,1884442,1897444,True
port744,Jebel Ali,United Arab Emirates,ARE,2019-05-13,7,64,8,4,5,14,81,95,2297547,126313,8361,8469,113959,2440695,2554657,1326157,8200,3698,98,43257,1338155,1381413,True
port744,Jebel Ali,United Arab Emirates,ARE,2019-05-20,7,73,8,7,8,16,96,112,1733115,187622,6332,4916,320753,1931990,2252746,2205130,14695,7386,2294,115789,2229514,2345305,True
port744,Jebel Ali,United Arab Emirates,ARE,2019-05-27,7,64,3,12,4,11,83,94,2542542,63815,37636,8872,83081,2652870,2735952,1426246,0,8447,98,68950,1434794,1503747,True
port744,Jebel Ali,United Arab Emirates,ARE,2019-06-03,7,56,11,5,3,14,75,89,2319415,178172,12701,1640,162164,2511934,2674098,1123659,6363,4308,98,75640,1134432,1210072,True
port744,Jebel Ali,United Arab Emirates,ARE,2019-06-10,7,74,8,7,8,22,97,119,2212900,166143,3548,10640,500194,2393240,2893438,2189286,4242,8574,196,176517,2202302,2378822,True
port744,Jebel Ali,United Arab Emirates,ARE,2019-06-17,7,76,9,5,8,15,98,113,1593924,282263,2787,12933,151587,1891914,2043502,2180768,0,4511,196,167169,2185479,2352651,True
port744,Jebel Ali,United Arab Emirates,ARE,2019-06-24,7,76,6,9,6,20,97,117,2068383,140945,31309,3270,188884,2243916,2432802,1907198,0,4599,177,61606,1911976,1973583,True
port744,Jebel Ali,United Arab Emirates,ARE,2019-07-01,7,84,8,7,8,19,107,126,2381348,177405,2786,4074,256228,2565617,2821850,1571425,3270,23282,2480,89112,1600461,1689576,True
port744,Jebel Ali,United Arab Emirates,ARE,2019-07-08,7,80,4,11,6,27,101,128,1579917,16416,7078,10956,366560,1614370,1980931,1602460,3468,9900,275,188559,1616110,1804671,True
port744,Jebel Ali,United Arab Emirates,ARE,2019-07-15,7,81,8,16,12,28,117,145,1667119,151144,22867,11485,474854,1852622,2327479,1409670,0,17735,713,188460,1428122,1616585,True
port744,Jebel Ali,United Arab Emirates,ARE,2019-07-22,7,77,11,13,6,28,107,135,1406771,187891,13182,10299,451218,1618147,2069368,1502008,5350,13815,0,97200,1521177,1618380,True
port744,Jebel Ali,United Arab Emirates,ARE,2019-07-29,7,75,9,8,10,16,102,118,2066436,141691,4512,10736,247063,2223381,2470447,1198636,6138,9622,373,47990,1214776,1262767,True
port744,Jebel Ali,United Arab Emirates,ARE,2019-08-05,7,76,8,12,7,26,103,129,1550469,85776,12979,6136,508827,1655366,2164195,1782507,38975,15162,5532,71811,1842180,1913995,True
port744,Jebel Ali,United Arab Emirates,ARE,2019-08-12,7,79,6,9,5,20,99,119,1862752,166531,13699,5037,129635,2048022,2177661,1375903,4242,10915,98,85019,1391163,1476184,True
port744,Jebel Ali,United Arab Emirates,ARE,2019-08-19,7,70,9,9,8,12,96,108,1707857,346400,12763,13603,122349,2080630,2202983,1297920,2121,12030,0,27778,1312077,1339855,True
port744,Jebel Ali,United Arab Emirates,ARE,2019-08-26,7,82,12,14,7,22,115,137,1806558,181727,16969,8760,262926,2014019,2276949,1484618,14058,11460,0,101056,1510142,1611200,True
port744,Jebel Ali,United Arab Emirates,ARE,2019-09-02,7,73,10,7,4,20,94,114,1889392,160368,6266,7080,427023,2063112,2490138,1705495,59285,7239,0,206978,1772027,1979006,True
port744,Jebel Ali,United Arab Emirates,ARE,2019-09-09,7,74,8,10,11,23,103,126,1186562,172982,3688,6562,305837,1369800,1675640,1382120,0,13674,637,10869,1396437,1407307,True
port744,Jebel Ali,United Arab Emirates,ARE,2019-09-16,7,73,9,9,7,24,98,122,1619475,39656,8013,13683,107924,1680832,1788757,1067803,32449,9254,785,213561,1110296,1323859,True
port744,Jebel Ali,United Arab Emirates,ARE,2019-09-23,7,80,10,15,7,19,112,131,1455955,205268,17373,18993,255448,1697595,1953046,1872188,2121,15946,196,21628,1890455,1912085,True
port744,Jebel Ali,United Arab Emirates,ARE,2019-09-30,7,74,8,14,9,25,105,130,1463847,151293,15937,6977,208614,1638060,1846678,1295580,15187,11374,275,80973,1322423,1403399,True
port744,Jebel Ali,United Arab Emirates,ARE,2019-10-07,7,80,9,14,8,27,111,138,1617213,145976,41130,2147,552948,1806470,2359421,1253802,7985,11855,605,164130,1274249,1438381,True
port744,Jebel Ali,United Arab Emirates,ARE,2019-10-14,7,74,11,17,9,24,111,135,1678594,240531,26298,9538,418464,1954969,2373437,1485466,0,12333,177,132688,1497980,1630669,True
port744,Jebel Ali,United Arab Emirates,ARE,2019-10-21,7,80,9,15,8,18,112,130,1824862,145647,10490,6876,311263,1987878,2299144,1479671,18118,16840,275,155496,1514912,1670409,True
port744,Jebel Ali,United Arab Emirates,ARE,2019-10-28,7,75,12,13,9,21,109,130,1773008,142624,16161,8414,502138,1940211,2442352,1472081,24053,8169,747,130211,1505058,1635271,True
port744,Jebel Ali,United Arab Emirates,ARE,2019-11-04,7,82,13,21,9,19,125,144,1443545,174093,17145,18956,156091,1653743,1809837,1439591,4647,14816,1393,56375,1460456,1516832,True
port744,Jebel Ali,United Arab Emirates,ARE,2019-11-11,7,80,10,17,6,27,113,140,1779165,82096,13297,7591,248073,1882156,2130234,1501504,2121,15597,196,252267,1519424,1771692,True
port744,Jebel Ali,United Arab Emirates,ARE,2019-11-18,7,71,3,8,12,22,94,116,1548590,64191,6876,23573,237157,1643237,1880397,1197474,623,7757,1732,76542,1207590,1284136,True
port744,Jebel Ali,United Arab Emirates,ARE,2019-11-25,7,74,10,8,6,20,98,118,1720085,76860,6089,10321,280126,1813357,2093484,1850983,15167,6337,98,141073,1872591,2013666,True
port744,Jebel Ali,United Arab Emirates,ARE,2019-12-02,7,76,7,14,7,16,104,120,1304090,143746,11156,4476,133957,1463469,1597431,1314374,7145,9480,275,109529,1331279,1440811,True
port744,Jebel Ali,United Arab Emirates,ARE,2019-12-09,7,81,7,15,5,25,108,133,1956435,97078,12043,10173,317911,2075735,2393649,1631276,4242,16847,98,109279,1652469,1761749,True
port744,Jebel Ali,United Arab Emirates,ARE,2019-12-16,7,79,11,14,10,24,114,138,1462477,247204,11526,6898,435475,1728108,2163585,1568898,5910,15813,2308,83388,1592935,1676328,True
port744,Jebel Ali,United Arab Emirates,ARE,2019-12-23,7,80,15,13,7,23,115,138,2095594,243399,13474,3933,498827,2356406,2855235,1474356,72725,15080,373,88176,1562541,1650719,True
port744,Jebel Ali,United Arab Emirates,ARE,2019-12-30,7,78,8,17,11,18,114,132,1445078,34743,10775,14651,196317,1505252,1701571,1498119,9861,24254,713,138629,1532951,1671583,True
port744,Jebel Ali,United Arab Emirates,ARE,2020-01-06,7,77,5,12,6,21,100,121,1774021,69142,29462,653,407894,1873284,2281182,1166952,7995,4119,3364,59546,1182433,1241980,True
port744,Jebel Ali,United Arab Emirates,ARE,2020-01-13,7,81,15,8,12,25,116,141,1567137,292954,9921,13590,416616,1883610,2300228,1597329,35486,8984,648,25348,1642455,1667803,True
port744,Jebel Ali,United Arab Emirates,ARE,2020-01-20,7,79,16,11,9,16,115,131,1569784,285071,8295,14373,155500,1877530,2033031,1417162,23303,9304,196,82802,1449973,1532778,True
port744,Jebel Ali,United Arab Emirates,ARE,2020-01-27,7,84,16,15,3,14,118,132,1614409,286136,21113,8963,164710,1930627,2095339,1453739,35278,10873,275,49467,1500171,1549638,True
port744,Jebel Ali,United Arab Emirates,ARE,2020-02-03,7,80,12,9,5,21,106,127,1442706,213518,13629,7475,222264,1677336,1899602,1077687,4242,8729,98,73925,1090762,1164691,True
port744,Jebel Ali,United Arab Emirates,ARE,2020-02-10,7,82,10,17,11,26,120,146,2017183,101763,20731,8877,359049,2148560,2507614,1934322,9251,15195,177,111955,1958948,2070905,True
port744,Jebel Ali,United Arab Emirates,ARE,2020-02-17,7,86,10,17,10,20,123,143,1698774,173542,18539,8224,167839,1899085,2066926,1527588,10975,16530,1220,153626,1556319,1709949,True
port744,Jebel Ali,United Arab Emirates,ARE,2020-02-24,7,81,8,11,5,24,105,129,1613506,78805,13971,6782,305106,1713067,2018178,1331340,54629,10255,98,147823,1396327,1544153,True
port744,Jebel Ali,United Arab Emirates,ARE,2020-03-02,7,69,13,13,6,23,101,124,1075909,227746,18441,3792,249158,1325894,1575055,1237318,56641,35545,2331,51368,1331844,1383214,True
port744,Jebel Ali,United Arab Emirates,ARE,2020-03-09,7,81,10,11,8,22,110,132,1345722,147300,8662,13322,453921,1515014,1968939,1509777,58609,11165,605,112372,1580162,1692538,True
port744,Jebel Ali,United Arab Emirates,ARE,2020-03-16,7,91,9,11,9,19,120,139,2133739,128618,6555,6516,208555,2275432,2483990,1467153,29916,9493,3542,123176,1510110,1633287,True
port744,Jebel Ali,United Arab Emirates,ARE,2020-03-23,7,81,9,16,6,22,112,134,1860829,128019,17416,9791,222866,2016060,2238930,1410490,2121,20238,177,188427,1433033,1621463,True
port744,Jebel Ali,United Arab Emirates,ARE,2020-03-30,7,80,12,10,9,24,111,135,1886077,251208,10218,5895,262479,2153401,2415887,1228069,29270,7929,689,135872,1265962,1401835,True
port744,Jebel Ali,United Arab Emirates,ARE,2020-04-06,7,81,14,18,6,28,119,147,1515922,270056,14612,8848,300793,1809442,2110240,1280303,63803,21481,98,97383,1365690,1463074,True
port744,Jebel Ali,United Arab Emirates,ARE,2020-04-13,7,77,9,10,4,18,100,118,1792524,104333,11776,653,117922,1909289,2027215,1107298,12441,14405,177,68268,1134327,1202598,True
port744,Jebel Ali,United Arab Emirates,ARE,2020-04-20,7,74,9,11,9,19,103,122,1123427,204509,6509,10011,205613,1344463,1550080,1562699,4242,11280,3173,70512,1581401,1651914,True
port744,Jebel Ali,United Arab Emirates,ARE,2020-04-27,7,85,6,14,9,20,114,134,1867043,103629,22189,9325,161825,2002191,2164019,1362622,3776,11473,786,55137,1378660,1433799,True
port744,Jebel Ali,United Arab Emirates,ARE,2020-05-04,7,79,11,15,5,19,110,129,1388336,197732,10609,3209,319621,1599895,1919517,1826114,104175,14886,177,14854,1945360,1960216,True
port744,Jebel Ali,United Arab Emirates,ARE,2020-05-11,7,85,16,14,7,22,122,144,1510834,236397,8723,4586,246007,1760546,2006555,1306058,28884,13560,4045,36538,1352553,1389094,True
port744,Jebel Ali,United Arab Emirates,ARE,2020-05-18,7,83,13,10,7,20,113,133,1820579,177999,7142,12051,195069,2017780,2212851,1510031,49986,9730,196,39336,1569950,1609291,True
port744,Jebel Ali,United Arab Emirates,ARE,2020-05-25,7,75,15,15,4,24,109,133,1347074,239259,12969,6634,237687,1605941,1843634,1086985,78557,14438,275,103638,1180261,1283903,True
port744,Jebel Ali,United Arab Emirates,ARE,2020-06-01,7,85,8,14,7,21,114,135,1735306,64862,10390,6145,234779,1816708,2051491,1200194,2121,13900,4850,217553,1221071,1438627,True
port744,Jebel Ali,United Arab Emirates,ARE,2020-06-08,7,81,8,14,3,22,106,128,1531018,102700,16376,653,185709,1650751,1836463,1835809,25164,14777,177,48688,1875933,1924623,True
port744,Jebel Ali,United Arab Emirates,ARE,2020-06-15,7,88,9,18,4,18,119,137,1823825,138035,47152,5059,166974,2014075,2181054,1492986,1938,11696,177,50695,1506802,1557498,True
port744,Jebel Ali,United Arab Emirates,ARE,2020-06-22,7,81,8,14,9,24,112,136,1314828,75510,12850,10266,452882,1413464,1866348,1341508,26712,10958,354,157370,1379535,1536907,True
port744,Jebel Ali,United Arab Emirates,ARE,2020-06-29,7,86,6,8,3,21,103,124,1433497,171064,3792,1017,251198,1609377,1860581,1324964,0,18091,0,160721,1343059,1503783,True
port744,Jebel Ali,United Arab Emirates,ARE,2020-07-06,7,94,6,17,5,26,122,148,1970982,46532,17056,653,334590,2035230,2369824,1480187,0,28573,177,48700,1508940,1557642,True
port744,Jebel Ali,United Arab Emirates,ARE,2020-07-13,7,93,7,12,5,22,117,139,1465783,217928,14320,5392,194830,1703428,1898260,1689008,0,6263,98,83046,1695373,1778420,True
port744,Jebel Ali,United Arab Emirates,ARE,2020-07-20,7,87,5,10,8,23,110,133,1510520,229562,7648,10589,246528,1758328,2004858,1464921,0,13667,275,99104,1478868,1577974,True
port744,Jebel Ali,United Arab Emirates,ARE,2020-07-27,7,94,8,15,5,30,122,152,1510558,215908,20563,9222,390687,1756258,2146950,1526209,34487,17019,275,143733,1577997,1721733,True
port744,Jebel Ali,United Arab Emirates,ARE,2020-08-03,7,84,10,16,4,24,114,138,1649113,295916,17009,1640,386616,1963685,2350302,1403706,2121,20646,1117,59040,1427597,1486640,True
port744,Jebel Ali,United Arab Emirates,ARE,2020-08-10,7,87,6,11,6,26,110,136,1649767,87155,20392,1640,455963,1758957,2214925,1136902,29503,6895,98,150863,1173404,1324269,True
port744,Jebel Ali,United Arab Emirates,ARE,2020-08-17,7,89,8,16,2,29,115,144,1384255,78895,13008,2724,334306,1478885,1813194,1634851,41273,16692,0,204408,1692822,1897232,True
port744,Jebel Ali,United Arab Emirates,ARE,2020-08-24,7,82,8,13,8,22,111,133,1558001,229716,11239,10231,262546,1809190,2071740,1298691,2121,12232,550,118379,1313602,1431984,True
port744,Jebel Ali,United Arab Emirates,ARE,2020-08-31,7,88,6,13,4,19,111,130,1279525,57235,17411,7391,335898,1361569,1697469,1774849,0,20552,1340,78023,1796746,1874771,True
port744,Jebel Ali,United Arab Emirates,ARE,2020-09-07,7,90,12,11,7,22,120,142,1771260,283305,13189,8626,179748,2076384,2256138,1385599,2757,8083,275,139860,1396719,1536581,True
port744,Jebel Ali,United Arab Emirates,ARE,2020-09-14,7,98,4,8,4,29,114,143,1593462,64515,8564,3016,467357,1669563,2136925,1587624,0,7172,98,141235,1594899,1736138,True
port744,Jebel Ali,United Arab Emirates,ARE,2020-09-21,7,90,6,20,8,24,124,148,1638676,143894,25654,10764,354751,1818992,2173747,1461824,2121,16377,275,54075,1480603,1534679,True
port744,Jebel Ali,United Arab Emirates,ARE,2020-09-28,7,94,9,15,3,25,121,146,1623829,307525,13496,653,199932,1945509,2145444,1682010,2121,15203,177,264785,1699516,1964304,True
port744,Jebel Ali,United Arab Emirates,ARE,2020-10-05,7,95,10,19,4,27,128,155,1925250,250322,25619,2148,253659,2203345,2457005,1538298,0,12049,98,99146,1550448,1649597,True
port744,Jebel Ali,United Arab Emirates,ARE,2020-10-12,7,83,10,15,4,25,112,137,1578601,263896,40631,2522,352752,1885654,2238410,1462101,38749,13450,2354,42334,1516660,1558996,True
port744,Jebel Ali,United Arab Emirates,ARE,2020-10-19,7,97,5,13,11,21,126,147,1658817,130570,23134,16542,251571,1829070,2080645,1667453,0,9042,177,187826,1676676,1864503,True
port744,Jebel Ali,United Arab Emirates,ARE,2020-10-26,7,89,7,20,5,26,121,147,1480960,107625,27294,5555,282346,1621440,1903791,1685621,3616,12529,0,78519,1701771,1780292,True
port744,Jebel Ali,United Arab Emirates,ARE,2020-11-02,7,88,5,13,2,23,108,131,1509431,97313,12530,510,255450,1619787,1875240,1426226,553,9875,511,118788,1437172,1555962,True
port744,Jebel Ali,United Arab Emirates,ARE,2020-11-09,7,81,5,15,4,18,105,123,1512272,49901,16829,2577,135780,1581587,1717368,1497501,77395,9692,0,88128,1584595,1672723,True
port744,Jebel Ali,United Arab Emirates,ARE,2020-11-16,7,89,12,12,9,22,122,144,1916907,350165,6274,12258,275363,2285610,2560977,1298836,49423,19478,275,193289,1368019,1561312,True
port744,Jebel Ali,United Arab Emirates,ARE,2020-11-23,7,89,5,16,8,24,118,142,1423917,92678,34505,7131,289404,1558238,1847645,1666736,6375,10859,98,184738,1684076,1868818,True
port744,Jebel Ali,United Arab Emirates,ARE,2020-11-30,7,82,5,18,7,28,112,140,1712881,250058,33820,5329,134020,2002095,2136120,1469500,0,22623,2758,150075,1494887,1644965,True
port744,Jebel Ali,United Arab Emirates,ARE,2020-12-07,7,89,8,12,5,23,114,137,1442042,63029,18095,5466,214498,1528636,1743137,1498462,53289,9590,2391,95567,1563736,1659306,True
port744,Jebel Ali,United Arab Emirates,ARE,2020-12-14,7,80,8,15,8,27,111,138,1508602,291484,13560,10952,334333,1824608,2158945,1327127,45657,17682,98,49710,1390569,1440282,True
port744,Jebel Ali,United Arab Emirates,ARE,2020-12-21,7,91,7,11,7,29,116,145,1321522,40703,16988,10930,353943,1390146,1744092,1770631,91450,8081,354,148625,1870521,2019150,True
port744,Jebel Ali,United Arab Emirates,ARE,2020-12-28,7,84,7,20,6,21,117,138,1559496,267102,25500,6970,285243,1859075,2144320,1129071,35277,14487,0,27207,1178840,1206047,True
port744,Jebel Ali,United Arab Emirates,ARE,2021-01-04,7,82,8,10,6,19,106,125,1555451,248217,26687,1741,297859,1832102,2129963,1663010,0,7986,1815,108108,1672815,1780924,True
port744,Jebel Ali,United Arab Emirates,ARE,2021-01-11,7,81,6,14,7,28,108,136,1839151,185950,19329,6477,369126,2050915,2420044,1363861,53906,12781,960,200997,1431516,1632513,True
port744,Jebel Ali,United Arab Emirates,ARE,2021-01-18,7,80,5,14,10,23,109,132,1294784,131105,13075,20161,257228,1459131,1716365,1788762,31611,10849,637,46417,1831865,1878283,True
port744,Jebel Ali,United Arab Emirates,ARE,2021-01-25,7,90,11,13,8,27,122,149,2050467,199420,22623,10140,399729,2282657,2682393,1542423,20943,10676,0,69166,1574044,1643216,True
port744,Jebel Ali,United Arab Emirates,ARE,2021-02-01,7,89,9,16,8,32,122,154,1815060,161999,10104,10632,359691,1997801,2357495,1691396,45245,13801,2384,289216,1752832,2042051,True
port744,Jebel Ali,United Arab Emirates,ARE,2021-02-08,7,77,9,10,7,29,103,132,1550364,138926,9589,9374,477375,1708259,2185637,1663327,25836,5183,98,80143,1694448,1774592,True
port744,Jebel Ali,United Arab Emirates,ARE,2021-02-15,7,87,6,13,5,21,111,132,1955165,125041,9138,6703,293740,2096052,2389796,1248337,12296,11442,0,95951,1272078,1368032,True
port744,Jebel Ali,United Arab Emirates,ARE,2021-02-22,7,90,7,11,8,20,116,136,1430688,153205,17149,10299,249032,1611348,1860382,1643380,4242,8437,1205,97595,1657270,1754866,True
port744,Jebel Ali,United Arab Emirates,ARE,2021-03-01,7,92,11,18,4,22,125,147,1996768,104551,29065,5247,287466,2135639,2423107,1657335,46678,12551,452,85454,1717021,1802478,True
port744,Jebel Ali,United Arab Emirates,ARE,2021-03-08,7,80,8,16,10,21,114,135,1329206,197991,13159,18877,294814,1559243,1854059,1599453,16229,15871,5266,240889,1636824,1877716,True
port744,Jebel Ali,United Arab Emirates,ARE,2021-03-15,7,82,4,19,9,23,114,137,1566848,52607,43463,8851,270117,1671774,1941896,1620880,0,18788,2994,112164,1642668,1754834,True
port744,Jebel Ali,United Arab Emirates,ARE,2021-03-22,7,82,5,18,11,25,116,141,1587500,99416,26007,11324,337406,1724254,2061662,1501091,0,15672,1965,129149,1518734,1647883,True
port744,Jebel Ali,United Arab Emirates,ARE,2021-03-29,7,78,9,14,5,22,106,128,1449919,135832,8174,5482,296836,1599412,1896251,1079193,105695,18785,98,70344,1203776,1274123,True
port744,Jebel Ali,United Arab Emirates,ARE,2021-04-05,7,79,7,18,11,26,115,141,1176077,256683,19102,13032,256741,1464898,1721641,1700649,2121,14803,2385,58328,1719964,1778296,True
port744,Jebel Ali,United Arab Emirates,ARE,2021-04-12,7,85,7,13,6,19,111,130,2119514,235464,10403,11956,367989,2377345,2745339,1145136,31656,8429,0,107877,1185227,1293105,True
port744,Jebel Ali,United Arab Emirates,ARE,2021-04-19,7,91,6,16,10,16,123,139,1892628,111735,10754,14413,213710,2029536,2243248,1852055,36246,27613,639,47907,1916560,1964469,True
port744,Jebel Ali,United Arab Emirates,ARE,2021-04-26,7,95,6,11,12,31,124,155,1566789,244448,5901,29299,497794,1846443,2344241,1941170,2121,7761,177,152318,1951231,2103551,True
port744,Jebel Ali,United Arab Emirates,ARE,2021-05-03,7,71,5,14,9,23,99,122,1289530,53146,16158,12689,290891,1371528,1662424,1177675,2121,11148,4416,99352,1195364,1294718,True
port744,Jebel Ali,United Arab Emirates,ARE,2021-05-10,7,83,8,16,3,26,110,136,2251858,168519,29969,9555,261505,2459906,2721415,1243532,59556,9010,0,110502,1312105,1422609,True
port744,Jebel Ali,United Arab Emirates,ARE,2021-05-17,7,85,8,16,8,20,117,137,1706369,180908,15884,11064,365615,1914233,2279849,1460100,34864,13103,1128,69585,1509198,1578787,True
port744,Jebel Ali,United Arab Emirates,ARE,2021-05-24,7,86,9,14,10,21,119,140,1575515,293649,20359,10637,352249,1900166,2252417,1761711,19932,11438,2901,160954,1795988,1956943,True
port744,Jebel Ali,United Arab Emirates,ARE,2021-05-31,7,84,7,12,8,24,111,135,1728511,39732,8607,2836,298294,1779693,2077991,1510635,51554,6488,686,59680,1569368,1629049,True
port744,Jebel Ali,United Arab Emirates,ARE,2021-06-07,7,79,8,15,6,27,108,135,1353439,113185,19331,5658,281116,1491618,1772737,1006792,4924,30918,275,148995,1042913,1191910,True
port744,Jebel Ali,United Arab Emirates,ARE,2021-06-14,7,86,6,14,5,23,111,134,1881830,146715,18630,8777,247819,2055958,2303778,1910124,2121,7966,177,209112,1920393,2129507,True
port744,Jebel Ali,United Arab Emirates,ARE,2021-06-21,7,87,6,14,11,16,118,134,1466422,163458,11278,15945,374363,1657109,2031477,1888624,0,9991,373,55528,1898995,1954525,True
port744,Jebel Ali,United Arab Emirates,ARE,2021-06-28,7,87,8,12,7,26,114,140,1849819,163983,18533,10360,372223,2042702,2414927,1149994,28931,11023,2807,136653,1192760,1329415,True
port744,Jebel Ali,United Arab Emirates,ARE,2021-07-05,7,80,9,10,7,24,106,130,1878698,235997,6618,3592,337778,2124910,2462689,1918280,80172,9869,3801,66117,2012128,2078247,True
port744,Jebel Ali,United Arab Emirates,ARE,2021-07-12,7,82,6,12,7,23,107,130,1654456,72105,12819,9359,380195,1748745,2128942,1591699,13920,12685,2220,84495,1620529,1705026,True
port744,Jebel Ali,United Arab Emirates,ARE,2021-07-19,7,82,5,14,9,23,110,133,1709579,112131,8883,20859,465393,1851457,2316853,1494531,0,31020,452,106875,1526007,1632883,True
port744,Jebel Ali,United Arab Emirates,ARE,2021-07-26,7,74,7,12,9,21,102,123,1397631,45414,15734,13263,340065,1472048,1812115,1224685,38488,8819,373,129696,1272372,1402069,True
port744,Jebel Ali,United Arab Emirates,ARE,2021-08-02,7,69,6,14,6,25,95,120,1177379,116618,14388,8770,276485,1317159,1593650,1404109,878,21918,1297,210071,1428209,1638283,True
port744,Jebel Ali,United Arab Emirates,ARE,2021-08-09,7,82,7,16,7,20,112,132,1538968,86651,24754,6731,317943,1657109,1975057,1647367,26668,15560,294,141612,1689895,1831509,True
port744,Jebel Ali,United Arab Emirates,ARE,2021-08-16,7,74,6,13,10,27,103,130,1747430,79763,11518,25986,296722,1864703,2161429,1147923,878,9958,531,140395,1159294,1299691,True
port744,Jebel Ali,United Arab Emirates,ARE,2021-08-23,7,75,6,10,7,26,98,124,1799216,51699,12162,8134,321485,1871216,2192705,1794784,32201,7938,196,51942,1835125,1887068,True
port744,Jebel Ali,United Arab Emirates,ARE,2021-08-30,7,82,9,13,7,22,111,133,1389099,140312,8391,5472,301887,1543280,1845171,1541023,1429,19018,177,80930,1561651,1642584,True
port744,Jebel Ali,United Arab Emirates,ARE,2021-09-06,7,81,12,15,7,22,115,137,1819779,175877,15502,6567,158279,2017731,2176013,1565065,34244,17932,688,62730,1617937,1680668,True
port744,Jebel Ali,United Arab Emirates,ARE,2021-09-13,7,76,9,11,8,30,104,134,1856582,191393,8126,12255,379690,2068363,2448056,1047223,33445,8159,0,196204,1088833,1285037,True
port744,Jebel Ali,United Arab Emirates,ARE,2021-09-20,7,83,9,11,8,28,111,139,1568176,60207,7425,10927,386453,1646742,2033198,1829980,63821,20334,3645,79933,1917789,1997724,True
port744,Jebel Ali,United Arab Emirates,ARE,2021-09-27,7,78,8,10,7,23,103,126,1660518,128562,13539,8807,322917,1811430,2134350,1670350,57144,6452,196,177764,1734148,1911916,True
port744,Jebel Ali,United Arab Emirates,ARE,2021-10-04,7,80,16,12,7,24,115,139,1468589,290464,24494,5219,249175,1788773,2037949,1595255,52260,7396,196,125000,1655114,1780117,True
port744,Jebel Ali,United Arab Emirates,ARE,2021-10-11,7,79,6,15,4,26,104,130,1496622,83555,13038,5873,388776,1599092,1987871,1509339,58636,22466,0,211867,1590447,1802315,True
port744,Jebel Ali,United Arab Emirates,ARE,2021-10-18,7,73,11,15,6,16,105,121,1608391,286813,24297,13200,209296,1932707,2142007,1435312,74068,9939,340,82680,1519666,1602348,True
port744,Jebel Ali,United Arab Emirates,ARE,2021-10-25,7,87,11,12,9,24,119,143,2215269,134929,11295,15929,138570,2377430,2516003,1534813,53758,17078,0,91565,1605655,1697223,True
port744,Jebel Ali,United Arab Emirates,ARE,2021-11-01,7,74,11,14,5,27,104,131,1366750,171113,12759,6390,332978,1557018,1889999,1444350,878,11401,511,77765,1457143,1534912,True
port744,Jebel Ali,United Arab Emirates,ARE,2021-11-08,7,75,12,13,3,19,103,122,1746517,227292,8853,0,145811,1982666,2128479,1411296,48758,26997,1897,18776,1488957,1507733,True
port744,Jebel Ali,United Arab Emirates,ARE,2021-11-15,7,82,7,15,9,20,113,133,1846126,73945,11072,20752,223096,1951901,2174998,1692594,29641,12942,0,37629,1735183,1772814,True
port744,Jebel Ali,United Arab Emirates,ARE,2021-11-22,7,77,12,18,8,27,115,142,1507614,279062,13064,5532,316691,1805276,2121970,1461368,878,23433,196,242933,1485881,1728820,True
port744,Jebel Ali,United Arab Emirates,ARE,2021-11-29,7,70,10,12,7,19,99,118,1493399,85436,9400,9681,278041,1597920,1875965,1743941,878,10562,98,64776,1755482,1820260,True
port744,Jebel Ali,United Arab Emirates,ARE,2021-12-06,7,79,9,12,4,31,104,135,2092270,287318,8458,9469,323850,2397521,2721375,1312563,27931,13623,196,151611,1354320,1505933,True
port744,Jebel Ali,United Arab Emirates,ARE,2021-12-13,7,77,7,24,9,28,117,145,1445214,50942,27467,17606,363063,1541237,1904303,1505621,29649,19091,0,113178,1554368,1667550,True
port744,Jebel Ali,United Arab Emirates,ARE,2021-12-20,7,81,10,15,12,30,118,148,1522250,177096,13702,25413,381909,1738471,2120383,1512393,26674,23256,438,179792,1562765,1742561,True
port744,Jebel Ali,United Arab Emirates,ARE,2021-12-27,7,69,9,16,9,27,103,130,1340561,109784,14617,15418,424600,1480387,1904988,1472004,29704,14386,0,166487,1516098,1682588,True
port744,Jebel Ali,United Arab Emirates,ARE,2022-01-03,7,77,8,14,6,26,105,131,1917346,144783,17730,10105,209243,2089968,2299216,1229846,34033,10528,698,160728,1275110,1435841,True
port744,Jebel Ali,United Arab Emirates,ARE,2022-01-10,7,78,8,11,9,29,106,135,1473550,157923,9305,13158,331064,1653943,1985010,1599637,878,15272,373,217779,1616166,1833948,True
port744,Jebel Ali,United Arab Emirates,ARE,2022-01-17,7,74,7,16,8,21,105,126,1258586,109804,22944,18195,296986,1409539,1706526,1135599,89132,15911,177,126156,1240825,1366982,True
port744,Jebel Ali,United Arab Emirates,ARE,2022-01-24,7,84,12,12,10,27,118,145,1922259,181675,21723,25894,353087,2151556,2504647,1925530,31097,10307,294,169370,1967236,2136608,True
port744,Jebel Ali,United Arab Emirates,ARE,2022-01-31,7,82,5,14,8,36,109,145,2174883,169698,11373,5974,580545,2361933,2942481,1669703,878,19210,177,109358,1689972,1799333,True
port744,Jebel Ali,United Arab Emirates,ARE,2022-02-07,7,83,8,14,8,27,113,140,1506697,156655,22654,16399,343763,1702409,2046176,1530963,22914,12564,1340,155232,1567788,1723021,True
port744,Jebel Ali,United Arab Emirates,ARE,2022-02-14,7,88,7,15,5,30,115,145,1824066,88274,16618,8677,323978,1937641,2261623,1266964,878,15122,0,116249,1282968,1399218,True
port744,Jebel Ali,United Arab Emirates,ARE,2022-02-21,7,75,9,16,8,23,108,131,1494996,136193,16666,13751,264826,1661612,1926440,1718649,85549,14735,0,105968,1818942,1924911,True
port744,Jebel Ali,United Arab Emirates,ARE,2022-02-28,7,83,9,17,10,32,119,151,1496694,300794,20695,12796,331719,1830986,2162707,1806929,33164,12998,3130,74058,1856229,1930289,True
port744,Jebel Ali,United Arab Emirates,ARE,2022-03-07,7,77,6,19,9,31,111,142,1321637,37149,16705,10706,258333,1386202,1644539,1786770,56352,25186,2479,183508,1870792,2054303,True
port744,Jebel Ali,United Arab Emirates,ARE,2022-03-14,7,75,5,18,9,23,107,130,1799858,196324,18798,10546,224974,2025530,2250508,1325247,2121,26710,275,123292,1354358,1477654,True
port744,Jebel Ali,United Arab Emirates,ARE,2022-03-21,7,78,11,17,8,29,114,143,1895319,290530,24409,6957,453592,2217220,2670818,1258261,29073,19612,0,147268,1306951,1454221,True
port744,Jebel Ali,United Arab Emirates,ARE,2022-03-28,7,78,8,23,8,28,117,145,1385880,81887,30351,8359,354139,1506483,1860628,1478262,2121,38405,9922,112352,1528713,1641068,True
port744,Jebel Ali,United Arab Emirates,ARE,2022-04-04,7,78,9,19,7,27,113,140,1719002,173973,16017,12599,422412,1921599,2344015,1665676,2121,16389,98,191092,1684290,1875384,True
port744,Jebel Ali,United Arab Emirates,ARE,2022-04-11,7,81,12,17,9,26,119,145,1681328,327466,43377,16740,380836,2068920,2449759,1438938,0,14507,196,63481,1453647,1517129,True
port744,Jebel Ali,United Arab Emirates,ARE,2022-04-18,7,85,4,21,7,33,117,150,1961428,83358,41591,15180,384299,2101564,2485865,1748533,0,21050,98,273880,1769686,2043567,True
port744,Jebel Ali,United Arab Emirates,ARE,2022-04-25,7,83,9,17,9,26,118,144,1576957,156569,21959,20971,361381,1776464,2137849,1477237,2121,15599,354,129128,1495316,1624448,True
port744,Jebel Ali,United Arab Emirates,ARE,2022-05-02,7,83,7,21,8,34,119,153,1708041,190882,33747,8785,380159,1941459,2321621,1815030,31010,29011,1653,254597,1876708,2131307,True
port744,Jebel Ali,United Arab Emirates,ARE,2022-05-09,7,80,8,14,9,31,111,142,1867863,137290,17836,7991,328131,2030985,2359119,1247358,71080,15263,177,53350,1333884,1387235,True
port744,Jebel Ali,United Arab Emirates,ARE,2022-05-16,7,78,10,26,8,30,122,152,1566696,160725,22785,11788,400821,1762003,2162827,1500365,5187,34468,2912,200085,1542940,1743026,True
port744,Jebel Ali,United Arab Emirates,ARE,2022-05-23,7,83,6,14,8,23,111,134,1747168,86910,24727,10626,381970,1869437,2251409,1731276,0,14681,0,117139,1745960,1863102,True
port744,Jebel Ali,United Arab Emirates,ARE,2022-05-30,7,81,9,20,10,26,120,146,2073795,116071,15869,19118,317084,2224859,2541948,1224565,35957,24442,3121,188325,1288089,1476420,True
port744,Jebel Ali,United Arab Emirates,ARE,2022-06-06,7,87,7,24,10,25,128,153,2128042,175516,22508,8019,330497,2334092,2664591,1705120,2121,33157,275,106340,1740679,1847022,True
port744,Jebel Ali,United Arab Emirates,ARE,2022-06-13,7,84,11,23,7,29,125,154,1564028,327438,19119,6950,466663,1917541,2384207,1769409,4242,31525,689,288197,1805871,2094072,True
port744,Jebel Ali,United Arab Emirates,ARE,2022-06-20,7,83,9,17,9,29,118,147,1752601,223452,18054,16832,500842,2010945,2511791,1493144,25199,31221,98,147448,1549670,1697118,True
port744,Jebel Ali,United Arab Emirates,ARE,2022-06-27,7,82,11,19,9,27,121,148,1386081,268842,17748,11898,347985,1684580,2032568,1742374,31449,19438,707,206536,1793974,2000513,True
port744,Jebel Ali,United Arab Emirates,ARE,2022-07-04,7,78,4,21,9,25,112,137,1579421,78519,22196,19758,309594,1699901,2009496,1598125,0,25517,615,52573,1624261,1676836,True
port744,Jebel Ali,United Arab Emirates,ARE,2022-07-11,7,86,6,17,12,24,121,145,1928982,157345,11703,14582,317964,2112618,2430585,1727563,50472,17548,2215,125673,1797805,1923480,True
port744,Jebel Ali,United Arab Emirates,ARE,2022-07-18,7,87,12,20,12,31,131,162,1725303,235030,18684,23519,555990,2002544,2558539,1724410,30134,22823,792,166737,1778166,1944905,True
port744,Jebel Ali,United Arab Emirates,ARE,2022-07-25,7,88,8,16,7,30,119,149,2241187,143253,16404,5894,300568,2406744,2707317,1663903,36355,9726,857,184708,1710847,1895556,True
port744,Jebel Ali,United Arab Emirates,ARE,2022-08-01,7,91,10,23,13,30,137,167,2096427,167497,31581,12068,388644,2307581,2696229,1581280,0,25362,2237,130436,1608887,1739324,True
port744,Jebel Ali,United Arab Emirates,ARE,2022-08-08,7,77,9,16,9,33,111,144,1501219,102282,18395,12023,392707,1633926,2026635,1883797,45403,16678,778,206450,1946661,2153114,True
port744,Jebel Ali,United Arab Emirates,ARE,2022-08-15,7,94,11,24,11,32,140,172,2464427,253823,23468,11728,313185,2753454,3066643,1662456,52586,26795,845,160969,1742688,1903658,True
port744,Jebel Ali,United Arab Emirates,ARE,2022-08-22,7,92,8,21,4,28,125,153,1901593,135825,23877,0,493787,2061303,2555092,1733014,2121,18172,680,70917,1753994,1824912,True
port744,Jebel Ali,United Arab Emirates,ARE,2022-08-29,7,84,6,27,12,28,129,157,1741818,93501,24159,20645,431924,1880131,2312059,1776686,22489,23875,615,207320,1823671,2030994,True
port744,Jebel Ali,United Arab Emirates,ARE,2022-09-05,7,89,9,24,10,31,132,163,1884827,176362,28726,11730,492667,2101652,2594324,1965341,0,19666,3997,145938,1989009,2134952,True
port744,Jebel Ali,United Arab Emirates,ARE,2022-09-12,7,97,5,19,9,29,130,159,2254017,103851,18612,12440,396589,2388927,2785520,1314427,22787,15951,3392,171080,1356563,1527646,True
port744,Jebel Ali,United Arab Emirates,ARE,2022-09-19,7,86,6,20,13,34,125,159,1664284,158039,15543,13889,458835,1851763,2310600,1545834,0,30667,2276,151387,1578784,1730173,True
port744,Jebel Ali,United Arab Emirates,ARE,2022-09-26,7,88,8,23,8,28,127,155,1673391,164629,17693,4597,323870,1860315,2184188,1904991,20494,40852,438,227815,1966781,2194600,True
port744,Jebel Ali,United Arab Emirates,ARE,2022-10-03,7,88,15,18,10,30,131,161,1437064,195433,16271,11307,532163,1660083,2192250,1430125,55877,14931,517,58786,1501459,1560246,True
port744,Jebel Ali,United Arab Emirates,ARE,2022-10-10,7,97,13,24,7,30,141,171,1955351,308462,19369,7833,436781,2291022,2727805,1515259,26597,20392,98,248837,1562350,1811189,True
port744,Jebel Ali,United Arab Emirates,ARE,2022-10-17,7,89,12,22,15,33,138,171,1327047,174174,27136,13667,411299,1542033,1953335,1227855,35277,29858,680,233623,1293675,1527300,True
port744,Jebel Ali,United Arab Emirates,ARE,2022-10-24,7,86,9,21,10,30,126,156,1498864,99956,15588,11380,479384,1625795,2105180,1204336,20827,19148,1416,172472,1245732,1418206,True
port744,Jebel Ali,United Arab Emirates,ARE,2022-10-31,7,98,9,21,13,26,141,167,1389528,61437,37530,11523,456081,1500024,1956110,1851111,82057,18128,5636,117291,1956938,2074232,True
port744,Jebel Ali,United Arab Emirates,ARE,2022-11-07,7,88,13,22,8,34,131,165,1506547,250030,26508,18241,571512,1801336,2372852,1563972,24529,22066,340,175943,1610913,1786860,True
port744,Jebel Ali,United Arab Emirates,ARE,2022-11-14,7,98,10,18,12,27,138,165,1423541,178719,15796,17328,465084,1635391,2100477,1209482,4609,18795,517,136096,1233409,1369508,True
port744,Jebel Ali,United Arab Emirates,ARE,2022-11-21,7,90,10,20,8,34,128,162,1448709,334279,13057,13947,542441,1809999,2352442,1320258,2121,19412,340,101166,1342134,1443301,True
port744,Jebel Ali,United Arab Emirates,ARE,2022-11-28,7,88,7,24,15,33,134,167,1788567,121959,26694,17129,508941,1954356,2463300,1169119,17425,32629,2674,164080,1221855,1385936,True
port744,Jebel Ali,United Arab Emirates,ARE,2022-12-05,7,97,10,27,12,31,146,177,1517165,228501,46478,12352,382718,1804507,2187229,1131341,33227,22658,4448,154395,1191679,1346077,True
port744,Jebel Ali,United Arab Emirates,ARE,2022-12-12,7,96,6,17,8,31,127,158,1724058,146538,10920,16653,401184,1898174,2299363,1446142,2121,18094,3147,88739,1469511,1558250,True
port744,Jebel Ali,United Arab Emirates,ARE,2022-12-19,7,94,6,21,10,33,131,164,1690915,116394,18903,12053,493537,1838271,2331813,1297768,4947,19200,680,262427,1322604,1585032,True
port744,Jebel Ali,United Arab Emirates,ARE,2022-12-26,7,90,8,20,5,34,123,157,1691919,151887,36317,7451,475743,1887579,2363326,1528812,2121,14435,438,148024,1545811,1693839,True
port744,Jebel Ali,United Arab Emirates,ARE,2023-01-02,7,96,9,17,10,33,132,165,1623399,231460,22847,20618,496903,1898333,2395239,1525631,0,17823,634,279439,1544092,1823533,True
port744,Jebel Ali,United Arab Emirates,ARE,2023-01-09,7,87,11,12,12,34,122,156,1476683,181512,9694,17176,675412,1685072,2360488,1239722,0,18125,4449,57418,1262300,1319719,True
port744,Jebel Ali,United Arab Emirates,ARE,2023-01-16,7,83,10,18,12,36,123,159,1687908,212610,11806,22246,490771,1934573,2425349,1537603,2121,32859,438,197616,1573027,1770645,True
port744,Jebel Ali,United Arab Emirates,ARE,2023-01-23,7,94,6,16,11,34,127,161,2288395,160219,18067,8182,408704,2474869,2883578,1541110,2121,18165,857,176843,1562258,1739103,True
port744,Jebel Ali,United Arab Emirates,ARE,2023-01-30,7,90,9,21,8,32,128,160,1578643,192279,32374,7433,520435,1810737,2331175,1702331,34839,18146,1416,231835,1756742,1988581,True
port744,Jebel Ali,United Arab Emirates,ARE,2023-02-06,7,88,4,17,9,41,118,159,1533246,89678,26504,4721,557160,1654156,2211319,1337770,2121,27873,3895,270807,1371667,1642478,True
port744,Jebel Ali,United Arab Emirates,ARE,2023-02-13,7,83,14,16,11,31,124,155,1589854,267308,17821,10431,502621,1885423,2388047,1697093,47784,14113,373,180283,1759367,1939657,True
port744,Jebel Ali,United Arab Emirates,ARE,2023-02-20,7,89,9,27,13,34,138,172,1762484,114665,36904,19839,283046,1933899,2216948,1305119,2121,35329,517,155019,1343091,1498115,True
port744,Jebel Ali,United Arab Emirates,ARE,2023-02-27,7,90,5,26,14,38,135,173,1544030,90336,27455,12897,535746,1674727,2210474,1507355,17960,24186,955,156946,1550464,1707412,True
port744,Jebel Ali,United Arab Emirates,ARE,2023-03-06,7,92,8,24,13,35,137,172,1955329,150687,19810,17546,481018,2143380,2624400,2239665,0,24282,517,144208,2264467,2408678,True
port744,Jebel Ali,United Arab Emirates,ARE,2023-03-13,7,95,10,19,5,33,129,162,1471807,191348,16181,7614,437079,1686957,2124040,1402638,0,15419,6285,145580,1424348,1569932,True
port744,Jebel Ali,United Arab Emirates,ARE,2023-03-20,7,92,9,21,12,36,134,170,1983284,164713,29021,10819,475384,2187847,2663233,1255475,4242,19508,955,240827,1280186,1521018,True
port744,Jebel Ali,United Arab Emirates,ARE,2023-03-27,7,94,6,14,9,29,123,152,1534718,237779,10154,7063,359197,1789722,2148922,1611255,0,15943,680,109978,1627884,1737863,True
port744,Jebel Ali,United Arab Emirates,ARE,2023-04-03,7,92,9,21,13,27,135,162,1977402,187022,20383,17578,327885,2202391,2530279,1317315,2121,24357,778,162756,1344576,1507334,True
port744,Jebel Ali,United Arab Emirates,ARE,2023-04-10,7,93,9,29,9,31,140,171,1397170,153620,22117,11894,563849,1584808,2148658,1418391,2121,25089,452,300637,1446058,1746698,True
port744,Jebel Ali,United Arab Emirates,ARE,2023-04-17,7,93,3,23,13,30,132,162,1625941,174835,23134,10348,432845,1834265,2267113,1508662,0,24050,713,153560,1533429,1686990,True
port744,Jebel Ali,United Arab Emirates,ARE,2023-04-24,7,97,9,27,9,34,142,176,1865865,225849,25364,2239,508681,2119323,2628010,1517815,0,17841,2448,118877,1538109,1656988,True
port744,Jebel Ali,United Arab Emirates,ARE,2023-05-01,7,102,8,23,14,34,147,181,1941074,211713,18529,14236,368315,2185560,2553877,1685637,4243,39729,792,150733,1730408,1881143,True
port744,Jebel Ali,United Arab Emirates,ARE,2023-05-08,7,106,10,23,4,37,143,180,1815188,261058,16865,4431,446613,2097549,2544165,1810507,0,17164,2334,259506,1830009,2089517,True
port744,Jebel Ali,United Arab Emirates,ARE,2023-05-15,7,101,9,24,13,26,147,173,1951818,179094,21174,15958,599121,2168049,2767174,1376433,2121,24428,1908,36347,1404896,1441245,True
port744,Jebel Ali,United Arab Emirates,ARE,2023-05-22,7,95,7,20,9,32,131,163,1338346,194834,22242,12104,509485,1567530,2077020,1683981,4961,24505,354,110177,1713805,1823983,True
port744,Jebel Ali,United Arab Emirates,ARE,2023-05-29,7,103,7,27,7,30,144,174,1877842,155179,22818,6091,383287,2061937,2445226,1523758,14152,24871,98,220088,1562883,1782974,True
port744,Jebel Ali,United Arab Emirates,ARE,2023-06-05,7,94,10,21,11,35,136,171,1364008,260591,11753,16460,436193,1652820,2089016,1770023,2673,13304,452,52380,1786459,1838840,True
port744,Jebel Ali,United Arab Emirates,ARE,2023-06-12,7,87,8,26,3,31,124,155,1848734,218721,40906,9047,385211,2117415,2502628,1152865,37383,28795,98,191765,1219148,1410915,True
port744,Jebel Ali,United Arab Emirates,ARE,2023-06-19,7,100,8,25,12,31,145,176,1781712,106984,12376,17904,434894,1918985,2353881,1540460,0,29836,4854,292479,1575155,1867640,True
port744,Jebel Ali,United Arab Emirates,ARE,2023-06-26,7,99,11,23,7,43,140,183,1980706,307543,18848,5663,648577,2312766,2961347,1554898,4242,30473,390,217615,1590010,1807628,True
port744,Jebel Ali,United Arab Emirates,ARE,2023-07-03,7,86,9,19,9,36,123,159,2045895,169181,15614,4347,469746,2235042,2704791,1346144,52458,11905,615,240094,1411128,1651226,True
port744,Jebel Ali,United Arab Emirates,ARE,2023-07-10,7,94,13,23,5,38,135,173,2211985,232666,15702,653,585011,2461012,3046028,1416667,31341,22479,2923,237496,1473423,1710919,True
port744,Jebel Ali,United Arab Emirates,ARE,2023-07-17,7,83,7,20,11,38,121,159,1495090,77595,25047,16340,507052,1614082,2121137,2021979,0,12856,950,273675,2035790,2309468,True
port744,Jebel Ali,United Arab Emirates,ARE,2023-07-24,7,92,7,22,10,30,131,161,1691445,264672,29409,10104,426386,1995636,2422024,1836647,34061,14644,275,249185,1885634,2134821,True
port744,Jebel Ali,United Arab Emirates,ARE,2023-07-31,7,97,9,19,8,31,133,164,2202580,181312,18598,5974,502328,2408470,2910799,1685367,0,23761,340,95832,1709472,1805307,True
port744,Jebel Ali,United Arab Emirates,ARE,2023-08-07,7,96,14,22,6,22,138,160,1996991,293836,18044,8222,326237,2317098,2643339,1900186,24144,19391,517,70936,1944245,2015182,True
port744,Jebel Ali,United Arab Emirates,ARE,2023-08-14,7,89,5,32,10,35,136,171,1643417,121374,31323,16773,484060,1812892,2296957,1592617,32454,22191,98,360879,1647363,2008246,True
port744,Jebel Ali,United Arab Emirates,ARE,2023-08-21,7,94,4,21,10,31,129,160,2261111,75067,13274,8439,427092,2357897,2784993,1573533,2121,23132,1977,367685,1600769,1968455,True
port744,Jebel Ali,United Arab Emirates,ARE,2023-08-28,7,90,13,23,7,35,133,168,1928873,357367,14840,4483,480955,2305569,2786528,1794916,0,27356,713,249015,1822989,2072008,True
port744,Jebel Ali,United Arab Emirates,ARE,2023-09-04,7,98,13,19,7,41,137,178,1493985,180253,18212,8838,596960,1701296,2298257,1972800,2262,22219,517,215003,1997805,2212812,True
port744,Jebel Ali,United Arab Emirates,ARE,2023-09-11,7,95,6,26,10,38,137,175,2156888,208203,22850,10061,643550,2398007,3041562,1685701,0,23129,340,123097,1709173,1832272,True
port744,Jebel Ali,United Arab Emirates,ARE,2023-09-18,7,94,8,28,9,30,139,169,1843961,169808,23463,17886,305565,2055126,2360694,2372093,15857,19976,177,221673,2408108,2629784,True
port744,Jebel Ali,United Arab Emirates,ARE,2023-09-25,7,87,9,22,11,33,129,162,1765868,122470,24841,17596,515969,1930781,2446755,1532398,36471,17329,876,107735,1587079,1694816,True
port744,Jebel Ali,United Arab Emirates,ARE,2023-10-02,7,93,11,27,11,26,142,168,1944347,324396,27443,13515,331219,2309709,2640932,1138698,0,20726,354,233158,1159783,1392945,True
port744,Jebel Ali,United Arab Emirates,ARE,2023-10-09,7,99,10,17,9,24,135,159,1664219,186905,13769,11691,394361,1876591,2270954,1534788,2121,18626,196,35046,1555736,1590784,True
port744,Jebel Ali,United Arab Emirates,ARE,2023-10-16,7,94,12,20,10,28,136,164,1456545,332414,15177,9807,354598,1813953,2168556,1617619,6363,13177,1192,201456,1638359,1839818,True
port744,Jebel Ali,United Arab Emirates,ARE,2023-10-23,7,87,10,20,16,31,133,164,1464971,177928,19853,13022,508672,1675783,2184458,1394084,89877,12624,1206,164971,1497799,1662771,True
port744,Jebel Ali,United Arab Emirates,ARE,2023-10-30,7,89,10,24,8,36,131,167,1452063,275375,20881,9727,504922,1758053,2262978,1518403,2121,32071,340,172084,1552942,1725028,True
port744,Jebel Ali,United Arab Emirates,ARE,2023-11-06,7,94,5,19,12,26,130,156,1532869,113371,16340,17221,253284,1679807,1933095,1468204,2121,25090,615,149106,1496038,1645146,True
port744,Jebel Ali,United Arab Emirates,ARE,2023-11-13,7,79,10,19,7,35,115,150,1608259,180292,24032,6128,441932,1818719,2260654,1141751,1365,16615,98,117639,1159835,1277477,True
port744,Jebel Ali,United Arab Emirates,ARE,2023-11-20,7,91,8,20,11,30,130,160,1741438,216527,15848,23358,536352,1997175,2533529,1475035,0,21299,1399,74775,1497736,1572514,True
port744,Jebel Ali,United Arab Emirates,ARE,2023-11-27,7,96,4,23,9,25,132,157,1557847,145440,19089,15661,331182,1738043,2069228,1585409,2121,19492,438,226282,1607465,1833750,True
port744,Jebel Ali,United Arab Emirates,ARE,2023-12-04,7,97,9,21,11,32,138,170,1429188,268101,18709,9075,440739,1725078,2165821,1681685,0,14847,634,173382,1697171,1870557,True
port744,Jebel Ali,United Arab Emirates,ARE,2023-12-11,7,89,6,20,12,34,127,161,1883876,129289,35988,11422,483024,2060582,2543609,1319340,28494,17108,196,145065,1365143,1510211,True
port744,Jebel Ali,United Arab Emirates,ARE,2023-12-18,7,94,8,28,11,35,141,176,1585135,330040,17363,10991,463617,1943536,2407155,1465793,1504,20591,1053,149760,1488947,1638709,True
port744,Jebel Ali,United Arab Emirates,ARE,2023-12-25,7,90,6,32,9,32,137,169,1628375,195669,26972,10813,596287,1861836,2458124,1291518,2121,29359,98,206984,1323102,1530089,True
port744,Jebel Ali,United Arab Emirates,ARE,2024-01-01,7,95,8,24,11,36,138,174,1713440,246966,21455,6323,642352,1988192,2630548,1924631,2121,20190,680,125688,1947628,2073320,True
port744,Jebel Ali,United Arab Emirates,ARE,2024-01-08,7,93,5,29,5,36,132,168,1913814,117263,24100,6823,512797,2062004,2574806,1259614,0,23363,438,197722,1283421,1481147,True
port744,Jebel Ali,United Arab Emirates,ARE,2024-01-15,7,96,13,18,12,28,139,167,1741241,354416,20670,23812,345705,2140149,2485856,1817778,961,13942,196,89738,1832881,1922621,True
port744,Jebel Ali,United Arab Emirates,ARE,2024-01-22,7,95,12,24,8,28,139,167,1849853,283024,15158,18981,466005,2167025,2633033,1329861,35729,29368,438,372594,1395402,1767999,True
port744,Jebel Ali,United Arab Emirates,ARE,2024-01-29,7,96,11,16,9,23,132,155,1691444,259143,8851,11035,423560,1970478,2394042,1501950,4242,15364,874,46158,1522437,1568597,True
port744,Jebel Ali,United Arab Emirates,ARE,2024-02-05,7,100,5,29,11,24,145,169,1678183,226115,19344,19436,278605,1943086,2221693,1519084,0,17824,275,257087,1537187,1794277,True
port744,Jebel Ali,United Arab Emirates,ARE,2024-02-12,7,90,9,22,9,36,130,166,2145005,163053,18470,10554,416234,2337090,2753328,1361841,2121,21166,98,211314,1385233,1596548,True
port744,Jebel Ali,United Arab Emirates,ARE,2024-02-19,7,93,13,19,14,30,139,169,1627453,280936,18497,15289,515578,1942182,2457764,1835021,36069,19957,747,109181,1891801,2000985,True
port744,Jebel Ali,United Arab Emirates,ARE,2024-02-26,7,94,12,21,6,25,133,158,1768434,346952,19466,6691,403303,2141551,2544858,1618551,27694,14355,177,20682,1660783,1681467,True
port744,Jebel Ali,United Arab Emirates,ARE,2024-03-04,7,77,11,27,15,31,130,161,1491002,238232,36662,11457,608073,1777361,2385439,1519475,30931,17435,3720,215955,1571566,1787526,True
port744,Jebel Ali,United Arab Emirates,ARE,2024-03-11,7,83,9,23,8,33,123,156,1774732,239926,29394,9698,423629,2053756,2477388,1375790,37621,20315,1120,171034,1434849,1605886,True
port744,Jebel Ali,United Arab Emirates,ARE,2024-03-18,7,97,10,24,9,26,140,166,1582440,283182,18682,14565,450885,1898878,2349765,1734024,8981,26916,196,235042,1770123,2005168,True
port744,Jebel Ali,United Arab Emirates,ARE,2024-03-25,7,88,10,17,11,29,126,155,1722984,189535,14912,19536,474723,1946973,2421700,1419809,37590,18284,196,100217,1475884,1576104,True
port744,Jebel Ali,United Arab Emirates,ARE,2024-04-01,7,98,7,25,14,35,144,179,1791156,220540,24221,23966,515312,2059889,2575207,1807328,2064,27636,3339,243917,1840373,2084293,True
port744,Jebel Ali,United Arab Emirates,ARE,2024-04-08,7,81,10,26,8,36,125,161,1773450,215524,19684,2838,576151,2011502,2587657,1520820,0,44393,1182,55641,1566398,1622043,True
port744,Jebel Ali,United Arab Emirates,ARE,2024-04-15,7,71,10,18,7,24,106,130,1831579,331769,17476,9323,347184,2190152,2537339,1359479,0,22558,177,100071,1382221,1482292,True
port744,Jebel Ali,United Arab Emirates,ARE,2024-04-22,7,79,12,25,10,31,126,157,1732171,298744,13912,11922,389722,2056757,2446483,1711623,23219,19213,294,98933,1754356,1853292,True
port744,Jebel Ali,United Arab Emirates,ARE,2024-04-29,7,83,11,13,10,29,117,146,1754978,263471,8275,10059,447092,2036791,2483886,1379203,2121,13255,2939,154149,1397524,1551674,True
port744,Jebel Ali,United Arab Emirates,ARE,2024-05-06,7,84,9,26,10,28,129,157,1889128,123395,25016,18931,452282,2056480,2508764,1837222,82464,18160,2798,145044,1940651,2085697,True
port744,Jebel Ali,United Arab Emirates,ARE,2024-05-13,7,86,13,19,10,25,128,153,1850842,194510,13269,14329,314982,2072957,2387942,1724022,59314,17286,4066,151202,1804697,1955902,True
port744,Jebel Ali,United Arab Emirates,ARE,2024-05-20,7,90,10,26,9,30,135,165,2016674,160084,18282,19871,604403,2214915,2819321,1496089,878,24512,2381,167243,1523864,1691108,True
port744,Jebel Ali,United Arab Emirates,ARE,2024-05-27,7,82,13,31,10,24,136,160,1512382,313478,26805,21517,393417,1874190,2267612,1749789,5121,47812,373,72592,1803103,1875695,True
port744,Jebel Ali,United Arab Emirates,ARE,2024-06-03,7,87,10,27,9,22,133,155,1902400,286144,30666,17814,168587,2237031,2405623,1504351,35546,22006,294,180357,1562201,1742560,True
port744,Jebel Ali,United Arab Emirates,ARE,2024-06-10,7,81,10,21,10,36,122,158,1826197,198929,14753,14262,453172,2054148,2507324,1578024,878,14458,0,70382,1593365,1663750,True
port744,Jebel Ali,United Arab Emirates,ARE,2024-06-17,7,78,11,22,13,30,124,154,1767933,198446,20762,25884,486487,2013032,2499522,1244913,27694,14592,373,190883,1287579,1478464,True
port744,Jebel Ali,United Arab Emirates,ARE,2024-06-24,7,82,11,24,10,32,127,159,1888284,393542,14594,11579,495628,2308008,2803640,1639741,4535,25234,5030,202038,1674547,1876588,True
port744,Jebel Ali,United Arab Emirates,ARE,2024-07-01,7,88,6,24,10,28,128,156,2242572,135368,27800,16827,439860,2422572,2862436,1862325,35248,11299,373,208575,1909251,2117827,True
port744,Jebel Ali,United Arab Emirates,ARE,2024-07-08,7,95,10,30,12,29,147,176,2037393,236305,35455,18687,255330,2327847,2583179,2009008,2999,25403,2578,207534,2039994,2247530,True
port744,Jebel Ali,United Arab Emirates,ARE,2024-07-15,7,82,12,25,6,24,125,149,1391290,453514,25710,12154,406905,1882676,2289584,1586838,878,41813,0,15618,1629531,1645149,True
port744,Jebel Ali,United Arab Emirates,ARE,2024-07-22,7,86,8,29,13,31,136,167,1836541,220239,23649,22829,425071,2103264,2528341,1677548,5120,28811,0,261660,1711486,1973147,True
port744,Jebel Ali,United Arab Emirates,ARE,2024-07-29,7,89,9,22,8,32,128,160,2098327,205768,13438,19316,536826,2336858,2873688,1298584,43396,26045,0,66371,1368030,1434401,True
port744,Jebel Ali,United Arab Emirates,ARE,2024-08-05,7,86,11,25,10,34,132,166,1416972,139428,24923,14557,380046,1595888,1975938,2036944,95441,18786,452,247946,2151630,2399579,True
port744,Jebel Ali,United Arab Emirates,ARE,2024-08-12,7,89,9,21,12,24,131,155,2249535,304539,14358,15333,382263,2583770,2966039,1584589,4609,19944,177,149292,1609327,1758620,True
port744,Jebel Ali,United Arab Emirates,ARE,2024-08-19,7,95,9,22,12,27,138,165,2017391,150088,16490,27434,443058,2211412,2654471,1787805,22957,29497,3537,54455,1843805,1898261,True
port744,Jebel Ali,United Arab Emirates,ARE,2024-08-26,7,84,10,28,12,38,134,172,1804369,273302,30184,18570,651192,2126433,2777628,1401401,2121,23123,196,312189,1426846,1739039,True
port744,Jebel Ali,United Arab Emirates,ARE,2024-09-02,7,94,16,18,14,28,142,170,1680165,367419,9990,34335,458127,2091917,2550046,1875116,3878,9460,98,28289,1888557,1916848,True
port744,Jebel Ali,United Arab Emirates,ARE,2024-09-09,7,90,11,26,12,27,139,166,1943980,185561,22171,17378,415823,2169098,2584924,1686401,2121,24778,4758,412957,1718065,2131025,True
port744,Jebel Ali,United Arab Emirates,ARE,2024-09-16,7,97,8,24,10,24,139,163,2085480,211990,18782,18713,422842,2334974,2757819,1806298,878,37764,1100,77004,1846046,1923052,True
port744,Jebel Ali,United Arab Emirates,ARE,2024-09-23,7,108,10,30,10,32,158,190,2673237,357345,27199,16625,517892,3074416,3592311,2286739,878,22877,2481,107094,2312980,2420077,True
port744,Jebel Ali,United Arab Emirates,ARE,2024-09-30,7,87,8,25,14,36,134,170,1550136,189882,13698,13750,503434,1767474,2270911,1674585,35546,27181,3815,138100,1741131,1879235,True
port744,Jebel Ali,United Arab Emirates,ARE,2024-10-07,7,103,14,22,11,23,150,173,1995869,387289,20265,24037,348488,2427467,2775958,1933322,27905,22846,177,178241,1984258,2162499,True
port744,Jebel Ali,United Arab Emirates,ARE,2024-10-14,7,89,9,30,14,36,142,178,1596239,176282,29262,24764,553740,1826553,2380300,1810694,26452,16076,2284,117806,1855512,1973321,True
port744,Jebel Ali,United Arab Emirates,ARE,2024-10-21,7,108,9,25,18,33,160,193,2198304,253926,17235,27066,595411,2496536,3091950,1461340,0,36750,392,106466,1498485,1604953,True
port744,Jebel Ali,United Arab Emirates,ARE,2024-10-28,7,98,4,36,9,22,147,169,2022286,124400,50814,21792,194861,2219300,2414166,1632204,878,27968,993,156966,1662048,1819017,True
port744,Jebel Ali,United Arab Emirates,ARE,2024-11-04,7,107,9,25,9,32,150,182,1926069,174009,31680,12899,564704,2144663,2709370,1663816,35248,27596,0,143894,1726664,1870563,True
port744,Jebel Ali,United Arab Emirates,ARE,2024-11-11,7,95,10,26,13,30,144,174,2020916,250836,25954,18684,570209,2316398,2886612,1615940,28123,30317,1663,117698,1676049,1793747,True
port744,Jebel Ali,United Arab Emirates,ARE,2024-11-18,7,108,15,26,14,27,163,190,1983850,372289,25656,19065,328352,2400872,2729228,1774119,32928,16906,196,150477,1824155,1974636,True
port744,Jebel Ali,United Arab Emirates,ARE,2024-11-25,7,91,9,26,9,22,135,157,1988339,264744,31211,9933,316173,2294236,2610411,1992985,24762,11029,1974,19740,2030756,2050497,True
port744,Jebel Ali,United Arab Emirates,ARE,2024-12-02,7,105,12,23,13,24,153,177,2039354,359931,17368,27749,466955,2444413,2911373,1725840,25660,15515,815,61818,1767834,1829654,True
port744,Jebel Ali,United Arab Emirates,ARE,2024-12-09,7,96,8,23,13,28,140,168,1790110,147818,16555,22951,522549,1977442,2499995,1417218,19448,19247,2988,47837,1458906,1506746,True
port744,Jebel Ali,United Arab Emirates,ARE,2024-12-16,7,92,11,24,18,36,145,181,1852968,217263,17036,33609,527849,2120887,2648738,1712158,2121,21400,177,241681,1735859,1977544,True
port744,Jebel Ali,United Arab Emirates,ARE,2024-12-23,7,115,11,22,11,26,159,185,2357750,292181,18697,20386,410594,2689022,3099619,2323667,28216,13402,550,64936,2365842,2430779,True
port744,Jebel Ali,United Arab Emirates,ARE,2024-12-30,7,95,11,24,12,27,142,169,2111773,371463,14432,18232,392358,2515906,2908267,1084720,2121,36302,196,100979,1123344,1224326,True
port744,Jebel Ali,United Arab Emirates,ARE,2025-01-06,7,98,9,28,13,24,148,172,2000843,225207,26164,27647,214341,2279866,2494211,1758743,31361,27590,1196,85341,1818896,1904239,True
port744,Jebel Ali,United Arab Emirates,ARE,2025-01-13,7,110,11,26,13,24,160,184,1879683,353315,22057,30797,440442,2285863,2726308,1833599,0,22131,0,98933,1855733,1954667,True
port744,Jebel Ali,United Arab Emirates,ARE,2025-01-20,7,99,11,32,19,35,161,196,2168226,199834,34930,28260,699577,2431260,3130842,1608910,10354,19991,1653,158721,1640914,1799637,True
port744,Jebel Ali,United Arab Emirates,ARE,2025-01-27,7,113,10,27,11,28,161,189,1819323,217545,25492,15713,568807,2078082,2646895,2098739,4243,15918,2674,51458,2121581,2173040,True
port744,Jebel Ali,United Arab Emirates,ARE,2025-02-03,7,103,13,25,16,28,157,185,2088464,245712,28818,17763,495149,2380765,2875916,1632261,2121,18710,3248,97703,1656347,1754052,True
port744,Jebel Ali,United Arab Emirates,ARE,2025-02-10,7,100,10,34,13,28,157,185,2118947,335203,17853,24379,597348,2496388,3093738,1697736,878,23420,3567,163488,1725605,1889095,True
port744,Jebel Ali,United Arab Emirates,ARE,2025-02-17,7,107,10,28,11,26,156,182,1841973,258832,38100,13198,381517,2152109,2533628,1884549,20451,25648,1797,114700,1932450,2047152,True
port744,Jebel Ali,United Arab Emirates,ARE,2025-02-24,7,104,17,17,9,22,147,169,1759206,443054,9861,19163,486400,2231292,2717696,1954958,2121,26131,275,64584,1983490,2048078,True
port744,Jebel Ali,United Arab Emirates,ARE,2025-03-03,7,99,10,29,15,24,153,177,2016535,366799,23112,16592,411747,2423046,2834796,1801400,0,17891,537,135809,1819833,1955647,True
port744,Jebel Ali,United Arab Emirates,ARE,2025-03-10,7,106,11,26,14,33,157,190,1974117,365479,33382,12453,578156,2385439,2963598,1721814,4242,24791,2081,152539,1752935,1905476,True
port744,Jebel Ali,United Arab Emirates,ARE,2025-03-17,7,94,9,20,15,35,138,173,1760735,219676,8020,23821,585651,2012258,2597915,1768206,0,15706,2845,130694,1786758,1917455,True
port744,Jebel Ali,United Arab Emirates,ARE,2025-03-24,7,88,10,19,12,29,129,158,1773128,183786,19750,13312,466159,1989982,2456146,1385942,2121,12306,1136,182824,1401511,1584335,True
port744,Jebel Ali,United Arab Emirates,ARE,2025-03-31,7,97,7,25,16,30,145,175,1718004,126631,28339,32680,515478,1905661,2421143,1475676,0,33141,2130,225145,1510951,1736099,True
port744,Jebel Ali,United Arab Emirates,ARE,2025-04-07,7,99,11,23,16,31,149,180,1585535,294620,14520,21377,383664,1916060,2299729,1428287,24251,21246,3623,104529,1477410,1581941,True
port744,Jebel Ali,United Arab Emirates,ARE,2025-04-14,7,102,14,16,12,33,144,177,2035276,180981,16623,13520,556417,2246409,2802828,1906473,25040,8617,275,121565,1940409,2061977,True
port744,Jebel Ali,United Arab Emirates,ARE,2025-04-21,7,100,17,22,17,35,156,191,2353910,252825,13343,35272,396550,2655360,3051913,1713163,26162,24291,1468,90488,1765091,1855585,True
port744,Jebel Ali,United Arab Emirates,ARE,2025-04-28,7,103,8,26,14,23,151,174,1393159,166169,17095,19259,436362,1595688,2032052,1744780,2121,24060,373,70411,1771341,1841753,True
port744,Jebel Ali,United Arab Emirates,ARE,2025-05-05,7,99,5,25,12,24,141,165,1769696,118974,17769,15996,446324,1922442,2368770,1586191,10159,22702,4492,100456,1623549,1724008,True
port744,Jebel Ali,United Arab Emirates,ARE,2025-05-12,7,93,9,23,14,22,139,161,1883301,291664,16079,25481,418706,2216534,2635245,1666730,2121,21119,330,94711,1690304,1785018,True
port744,Jebel Ali,United Arab Emirates,ARE,2025-05-19,7,102,11,23,17,31,153,184,2109782,255358,18319,19875,394981,2403343,2798329,1684248,0,21858,1742,100031,1707852,1807886,True
port744,Jebel Ali,United Arab Emirates,ARE,2025-05-26,7,101,9,28,11,33,149,182,1906700,349651,18608,20720,471380,2295686,2767071,1540143,2121,19479,1136,134068,1562883,1696953,True
port744,Jebel Ali,United Arab Emirates,ARE,2025-06-02,7,105,9,21,7,32,142,174,2028487,199329,13031,11561,344979,2252414,2597395,1777136,2121,25714,294,184760,1805271,1990033,True
port744,Jebel Ali,United Arab Emirates,ARE,2025-06-09,7,97,8,20,16,32,141,173,1809596,256001,22062,27900,454350,2115565,2569920,1475821,24299,15519,512,96359,1516158,1612519,True
port744,Jebel Ali,United Arab Emirates,ARE,2025-06-16,7,77,7,21,17,25,122,147,1457158,137942,16962,31733,428827,1643803,2072634,1200073,26551,19098,294,104756,1246021,1350780,True
port744,Jebel Ali,United Arab Emirates,ARE,2025-06-23,7,97,12,21,8,29,138,167,1935392,177422,15521,16966,493225,2145309,2638538,1537018,45939,27885,98,48611,1610946,1659559,True
port744,Jebel Ali,United Arab Emirates,ARE,2025-06-30,7,96,7,23,11,29,137,166,1438916,193908,24342,21958,351036,1679133,2030172,1799920,0,22710,2902,134103,1825534,1959640,True
port744,Jebel Ali,United Arab Emirates,ARE,2025-07-07,7,96,11,21,15,22,143,165,1938495,234771,11803,26706,492865,2211785,2704654,1612572,29030,31599,4990,111461,1678197,1789660,True
port744,Jebel Ali,United Arab Emirates,ARE,2025-07-14,7,95,12,21,18,24,146,170,1966183,252867,14685,27375,469820,2261116,2730941,1547962,949,22729,959,9219,1572602,1581822,True
port744,Jebel Ali,United Arab Emirates,ARE,2025-07-21,7,100,5,28,16,36,149,185,1598107,223718,19679,29847,561859,1871358,2433222,1411517,0,26088,98,259609,1437709,1697320,True
port744,Jebel Ali,United Arab Emirates,ARE,2025-07-28,7,90,11,15,11,30,127,157,1881307,230733,11425,18070,413789,2141547,2555340,1343164,2121,11146,275,85623,1356711,1442337,True
port744,Jebel Ali,United Arab Emirates,ARE,2025-08-04,7,102,11,25,16,24,154,178,2020881,222109,23745,23871,353757,2290617,2644375,1450860,7566,28263,3464,98261,1490159,1588421,True
port744,Jebel Ali,United Arab Emirates,ARE,2025-08-11,7,92,10,24,15,39,141,180,1692182,307019,26255,15549,562809,2041016,2603825,1656507,0,14934,2014,177731,1673458,1851190,True
port744,Jebel Ali,United Arab Emirates,ARE,2025-08-18,7,105,9,29,12,23,155,178,1850976,330734,22887,22771,326770,2227375,2554151,1666413,22588,28049,471,204184,1717526,1921713,True
port744,Jebel Ali,United Arab Emirates,ARE,2025-08-25,7,103,10,25,19,26,157,183,1806043,257458,25979,32567,527352,2122055,2649409,1885218,0,13664,2771,102237,1901658,2003896,True
port744,Jebel Ali,United Arab Emirates,ARE,2025-09-01,7,103,9,28,10,29,150,179,1905083,209941,29520,23753,356452,2168305,2524760,1915108,36815,20682,196,139470,1972806,2112279,True
port744,Jebel Ali,United Arab Emirates,ARE,2025-09-08,7,102,10,24,16,33,152,185,2081469,454269,13546,32247,676376,2581541,3257920,1412437,0,24780,857,90948,1438081,1529032,True
port744,Jebel Ali,United Arab Emirates,ARE,2025-09-15,7,101,12,24,18,35,155,190,1696654,229182,11784,23152,582286,1960781,2543069,1583397,52939,22551,1292,192965,1660187,1853154,True
port744,Jebel Ali,United Arab Emirates,ARE,2025-09-22,7,99,5,22,15,35,141,176,1935948,96529,20059,30197,494104,2082745,2576852,1669020,0,35321,1905,118631,1706249,1824883,True
port744,Jebel Ali,United Arab Emirates,ARE,2025-09-29,7,99,11,25,14,27,149,176,1945131,246796,16060,32431,551613,2240429,2792046,1920349,28798,41796,3090,92815,1994040,2086858,True
port744,Jebel Ali,United Arab Emirates,ARE,2025-10-06,7,100,7,19,14,25,140,165,1769209,128250,13992,26191,419880,1937647,2357529,1686870,28162,16293,0,41252,1731330,1772583,True
port744,Jebel Ali,United Arab Emirates,ARE,2025-10-13,7,100,10,27,12,27,149,176,1884375,365392,24515,27144,460772,2301431,2762208,2013975,28962,21327,2584,98799,2066856,2165656,True
port744,Jebel Ali,United Arab Emirates,ARE,2025-10-20,7,95,13,25,17,27,150,177,2153380,457295,17349,34861,480973,2662892,3143868,1625765,0,21361,2573,77080,1649701,1726783,True
port744,Jebel Ali,United Arab Emirates,ARE,2025-10-27,7,101,9,18,12,26,140,166,2307073,195802,13954,16684,449451,2533522,2982976,1470216,21802,20345,1472,126023,1513841,1639865,True
port744,Jebel Ali,United Arab Emirates,ARE,2025-11-03,7,90,14,21,10,32,135,167,1319219,460149,18690,22617,589992,1820682,2410680,2405094,21092,15209,354,132194,2441757,2573952,True
port744,Jebel Ali,United Arab Emirates,ARE,2025-11-10,7,94,9,23,16,34,142,176,2235635,182190,37817,30262,570644,2485914,3056560,1489434,17163,17403,2518,164517,1526526,1691046,True
port744,Jebel Ali,United Arab Emirates,ARE,2025-11-17,7,93,10,24,16,27,143,170,1851825,274582,16497,30932,260017,2173843,2433863,1539317,2121,26691,98,146426,1568230,1714661,True
port744,Jebel Ali,United Arab Emirates,ARE,2025-11-24,7,93,11,26,13,32,143,175,2061815,201655,25495,25577,469960,2314549,2784514,1388816,3015,14806,3775,97915,1410417,1508335,True
port744,Jebel Ali,United Arab Emirates,ARE,2025-12-01,7,94,11,22,10,28,137,165,1821731,264252,20888,5502,363539,2112384,2475926,1474854,0,31597,0,16781,1506455,1523237,True
port744,Jebel Ali,United Arab Emirates,ARE,2025-12-08,7,95,11,23,12,25,141,166,1866210,330101,35216,22422,445724,2253958,2699687,1740637,2121,16369,373,122503,1759510,1882016,True
port744,Jebel Ali,United Arab Emirates,ARE,2025-12-15,7,84,9,13,12,28,118,146,2091490,213348,19505,23096,363083,2347447,2710534,1576256,22740,8275,1742,138905,1609017,1747926,True
port744,Jebel Ali,United Arab Emirates,ARE,2025-12-22,7,92,12,15,18,36,137,173,1824781,475040,10580,35442,569975,2345851,2915830,1497087,2121,10455,506,163691,1510175,1673869,True
port744,Jebel Ali,United Arab Emirates,ARE,2025-12-29,7,86,8,21,16,33,131,164,1800549,221719,22878,44091,530597,2089246,2619847,1587934,4242,22652,114,90949,1614948,1705898,True
port744,Jebel Ali,United Arab Emirates,ARE,2026-01-05,7,92,12,24,15,28,143,171,2401398,395938,24727,21302,467814,2843372,3311190,1729723,2121,14916,452,112291,1747216,1859507,True
port744,Jebel Ali,United Arab Emirates,ARE,2026-01-12,7,88,11,18,17,31,134,165,2228729,239319,26433,39543,603411,2534032,3137445,1566594,6364,35467,3736,126217,1612168,1738387,True
port744,Jebel Ali,United Arab Emirates,ARE,2026-01-19,7,87,12,25,16,33,140,173,2259021,383925,33017,28743,449136,2704714,3153855,1714735,2121,20779,177,266123,1737816,2003942,True
port744,Jebel Ali,United Arab Emirates,ARE,2026-01-26,7,96,10,21,15,30,142,172,1946812,286634,13174,33403,593901,2280030,2873936,1895638,2999,30207,1994,83557,1930844,2014401,True
port744,Jebel Ali,United Arab Emirates,ARE,2026-02-02,7,95,14,15,15,27,139,166,2774762,406179,13419,24892,455469,3219259,3674731,2053387,20716,16166,1218,107121,2091495,2198618,True
port744,Jebel Ali,United Arab Emirates,ARE,2026-02-09,7,92,11,26,12,28,141,169,2126627,286211,25346,27033,488267,2465226,2953496,2230281,2810,13376,196,135955,2246671,2382627,True
port744,Jebel Ali,United Arab Emirates,ARE,2026-02-16,7,95,12,25,16,34,148,182,2113932,383148,34156,16674,454954,2547919,3002876,1406032,4792,32065,1431,75190,1444328,1519519,True
port744,Jebel Ali,United Arab Emirates,ARE,2026-02-23,7,77,9,14,8,25,108,133,1663395,207710,16564,13935,344880,1901610,2246494,1262187,5410,10526,1741,168953,1279876,1448829,True
port744,Jebel Ali,United Arab Emirates,ARE,2026-03-02,7,3,4,1,1,1,9,10,48195,125881,1128,1640,0,176844,176844,70526,2121,1139,98,392,73884,74276,True
port744,Jebel Ali,United Arab Emirates,ARE,2026-03-09,7,0,0,0,0,0,0,0,0,0,0,0,0,0,0,0,0,0,0,0,0,0,True
port744,Jebel Ali,United Arab Emirates,ARE,2026-03-16,7,2,0,1,0,1,3,4,9990,0,861,0,0,10851,10851,63080,0,604,0,4920,63684,68604,True
port744,Jebel Ali,United Arab Emirates,ARE,2026-03-23,7,5,4,2,0,7,11,18,60460,149000,0,0,162334,209462,371797,108694,13719,1695,0,4200,124109,128309,True
port744,Jebel Ali,United Arab Emirates,ARE,2026-03-30,7,8,3,2,0,6,13,19,70840,24917,1128,0,110191,96886,207077,55383,448,2595,0,19962,58427,78390,True
port744,Jebel Ali,United Arab Emirates,ARE,2026-04-06,7,12,0,0,0,2,12,14,569462,0,0,0,0,569462,569462,226795,0,0,0,29851,226795,256646,True
port744,Jebel Ali,United Arab Emirates,ARE,2026-04-13,7,7,4,8,2,8,21,29,98681,26717,2256,653,79051,128307,207360,161200,32359,18128,177,41340,211866,253206,True
port744,Jebel Ali,United Arab Emirates,ARE,2026-04-20,7,11,0,4,1,4,16,20,230494,0,1128,0,85586,231622,317208,235733,0,19144,1136,31428,256015,287444,True
port744,Jebel Ali,United Arab Emirates,ARE,2026-04-27,7,13,2,8,2,4,25,29,0,49346,4937,653,50975,54936,105911,354634,0,12329,177,120611,367142,487755,True
port744,Jebel Ali,United Arab Emirates,ARE,2026-05-04,7,4,3,6,0,1,13,14,118848,43384,1128,0,61185,163360,224546,62174,4242,16578,0,0,82996,82996,True
port744,Jebel Ali,United Arab Emirates,ARE,2026-05-11,7,5,6,6,0,5,17,22,0,112066,2256,0,42335,114323,156659,91455,35161,11817,0,42285,138438,180723,True
port744,Jebel Ali,United Arab Emirates,ARE,2026-05-18,7,7,2,8,0,3,17,20,237697,21692,3384,0,44144,262773,306918,180439,34104,14678,0,15615,229224,244840,True
port744,Jebel Ali,United Arab Emirates,ARE,2026-05-25,7,3,4,4,0,4,11,15,0,30674,2256,0,74543,32930,107474,54079,56635,9447,0,4200,120163,124364,True
port744,Jebel Ali,United Arab Emirates,ARE,2026-06-01,7,0,0,2,0,1,2,3,0,0,0,0,9854,0,9854,0,0,8346,0,4200,8346,12546,True
port744,Jebel Ali,United Arab Emirates,ARE,2026-06-08,7,2,3,5,0,6,10,16,0,49815,2256,0,190332,52072,242404,29441,2121,9837,0,4200,41401,45601,True
port744,Jebel Ali,United Arab Emirates,ARE,2026-06-15,7,9,4,9,0,8,22,30,222466,99420,3385,0,72098,325272,397371,52418,2121,34680,0,3977,89221,93200,True
port744,Jebel Ali,United Arab Emirates,ARE,2026-06-22,7,17,3,9,0,13,29,42,330993,30394,1128,0,171425,362516,533943,407190,44800,25645,0,49064,477637,526702,True
port744,Jebel Ali,United Arab Emirates,ARE,2026-06-29,7,13,6,12,0,11,31,42,163438,181880,9657,0,269165,354978,624147,319146,26299,34979,0,44382,380427,424810,True
port744,Jebel Ali,United Arab Emirates,ARE,2026-07-06,7,20,6,12,0,6,38,44,333300,135074,5965,0,81913,474341,556257,395178,25364,33823,0,5607,454373,459980,True
port744,Jebel Ali,United Arab Emirates,ARE,2026-07-13,7,20,3,13,0,8,36,44,311634,21692,15845,0,187742,349172,536918,378266,30860,7563,0,4591,416695,421287,True
port744,Jebel Ali,United Arab Emirates,ARE,2026-07-20,5,8,1,7,0,5,16,21,105933,21692,8418,0,95605,136046,231652,241670,2121,4556,0,5396,248350,253747,False
port988,Port of Sohar,Oman,OMN,2018-12-31,6,7,0,2,1,3,10,13,34073,0,2404,4832,13708,41310,55018,2232,0,5353,0,31436,7586,39022,False
port988,Port of Sohar,Oman,OMN,2019-01-07,7,8,6,1,3,5,18,23,8971,555625,0,3902,4557,568499,573057,13326,85176,9704,152,32433,108359,140792,True
port988,Port of Sohar,Oman,OMN,2019-01-14,7,5,6,1,5,4,17,21,41361,14853,2404,7314,64416,65933,130351,3595,105236,3114,76,17793,112022,129816,True
port988,Port of Sohar,Oman,OMN,2019-01-21,7,5,11,2,3,11,21,32,3594,843595,3811,1694,28722,852696,881419,11388,273673,3114,76,76288,288253,364542,True
port988,Port of Sohar,Oman,OMN,2019-01-28,7,7,4,1,2,7,14,21,25331,86154,0,531,26696,112018,138715,16774,36920,0,639,26831,54334,81165,True
port988,Port of Sohar,Oman,OMN,2019-02-04,7,3,7,2,2,3,14,17,16531,421448,0,2360,54514,440343,494857,6458,123457,0,152,23671,130068,153740,True
port988,Port of Sohar,Oman,OMN,2019-02-11,7,5,8,3,1,6,17,23,2541,406338,2404,3877,13613,415163,428776,6106,336790,11560,0,72300,354457,426759,True
port988,Port of Sohar,Oman,OMN,2019-02-18,7,5,11,3,3,2,22,24,10053,816309,4808,1180,5495,832351,837846,4401,305788,6721,76,20947,316986,337935,True
port988,Port of Sohar,Oman,OMN,2019-02-25,7,3,11,3,4,5,21,26,11554,744694,13573,7296,5495,777119,782614,0,479456,3114,59,45307,482629,527936,True
port988,Port of Sohar,Oman,OMN,2019-03-04,7,6,9,2,2,3,19,22,29714,44427,442,3219,1993,77806,79800,4116,258434,0,76,29838,262628,292466,True
port988,Port of Sohar,Oman,OMN,2019-03-11,7,2,11,1,3,7,17,24,2807,778852,2404,1180,8213,785244,793457,5249,267208,3114,534,135049,276106,411156,True
port988,Port of Sohar,Oman,OMN,2019-03-18,7,7,10,0,3,8,20,28,22571,516871,0,5165,56135,544610,600746,14583,446942,0,587,30299,462114,492414,True
port988,Port of Sohar,Oman,OMN,2019-03-25,7,5,12,1,4,9,22,31,8126,311462,0,2891,29583,322480,352064,8584,425140,5653,2563,89222,441943,531166,True
port988,Port of Sohar,Oman,OMN,2019-04-01,7,7,13,0,4,14,24,38,33840,372468,0,8327,30327,414638,444966,0,458554,0,0,79815,458554,538371,True
port988,Port of Sohar,Oman,OMN,2019-04-08,7,9,9,3,4,11,25,36,30623,94007,3536,3716,72271,131886,204159,4140,279818,3114,0,68598,287073,355672,True
port988,Port of Sohar,Oman,OMN,2019-04-15,7,9,11,1,8,5,29,34,19642,147173,4993,5642,5495,177451,182946,25735,275073,0,76,85245,300885,386132,True
port988,Port of Sohar,Oman,OMN,2019-04-22,7,8,12,2,3,15,25,40,13893,403785,3102,4138,44181,424919,469101,29209,442763,3922,76,101639,475973,577613,True
port988,Port of Sohar,Oman,OMN,2019-04-29,7,8,9,1,2,14,20,34,29591,59009,2404,1180,39258,92186,131444,10311,319558,3114,76,158851,333061,491917,True
port988,Port of Sohar,Oman,OMN,2019-05-06,7,10,12,2,4,17,28,45,32741,66331,6241,4770,107878,110086,217965,7773,485543,0,59,199941,493376,693321,True
port988,Port of Sohar,Oman,OMN,2019-05-13,7,8,14,1,4,11,27,38,38273,184343,0,511,55382,223127,278512,2841,464308,12109,0,89906,479258,569168,True
port988,Port of Sohar,Oman,OMN,2019-05-20,7,8,13,3,4,10,28,38,36994,430337,2404,5609,139771,475345,615118,1797,384240,14001,76,59865,400115,459981,True
port988,Port of Sohar,Oman,OMN,2019-05-27,7,10,13,2,4,14,29,43,42285,420368,3542,10670,143398,476868,620266,8830,540546,3114,0,142163,552492,694658,True
port988,Port of Sohar,Oman,OMN,2019-06-03,7,9,5,0,4,13,18,31,36330,39360,0,4101,102404,79793,182198,4907,14671,0,76,144126,19654,163782,True
port988,Port of Sohar,Oman,OMN,2019-06-10,7,10,15,2,3,9,30,39,52444,461879,1645,2892,102999,518862,621863,4099,535305,132,211,91329,539748,631079,True
port988,Port of Sohar,Oman,OMN,2019-06-17,7,7,8,2,8,10,25,35,17960,0,6803,13225,13708,37989,51697,24447,486721,3114,135,63252,514418,577672,True
port988,Port of Sohar,Oman,OMN,2019-06-24,7,11,5,1,3,14,20,34,22886,388271,698,1691,112931,413549,526482,2058,202407,808,76,189826,205350,395176,True
port988,Port of Sohar,Oman,OMN,2019-07-01,7,11,8,5,8,9,32,41,56196,83158,9861,11798,16117,161017,177135,4958,482358,9342,2081,139432,498740,638174,True
port988,Port of Sohar,Oman,OMN,2019-07-08,7,8,14,3,4,10,29,39,21234,461089,4808,5766,90327,492900,583228,25992,368622,13874,0,83103,408491,491594,True
port988,Port of Sohar,Oman,OMN,2019-07-15,7,8,6,1,5,13,20,33,8981,421522,2404,6705,65815,439612,505427,6181,321923,3114,0,120529,331218,451750,True
port988,Port of Sohar,Oman,OMN,2019-07-22,7,9,9,1,4,11,23,34,32707,71047,0,3475,4935,107231,112166,6457,337473,9802,152,204538,353885,558424,True
port988,Port of Sohar,Oman,OMN,2019-07-29,7,9,10,1,5,7,25,32,31647,61255,0,3377,34780,96280,131060,26257,405803,0,152,32116,432214,464330,True
port988,Port of Sohar,Oman,OMN,2019-08-05,7,9,9,3,5,9,26,35,37227,70778,1926,10851,41284,120788,162072,32114,329626,0,76,66434,361819,428253,True
port988,Port of Sohar,Oman,OMN,2019-08-12,7,6,10,2,2,7,20,27,21457,352843,981,3513,72888,378796,451684,769,413898,1210,1124,79737,417001,496739,True
port988,Port of Sohar,Oman,OMN,2019-08-19,7,7,10,3,6,13,26,39,33096,871429,1396,6852,17293,912777,930070,4146,369787,9193,0,80655,383127,463786,True
port988,Port of Sohar,Oman,OMN,2019-08-26,7,7,9,0,2,15,18,33,17026,31635,0,2048,60389,50711,111100,15663,554583,0,0,143359,570246,713606,True
port988,Port of Sohar,Oman,OMN,2019-09-02,7,7,11,3,3,7,24,31,10551,393814,3261,1673,163084,409303,572388,19968,489739,3922,0,65251,513630,578883,True
port988,Port of Sohar,Oman,OMN,2019-09-09,7,8,7,1,5,8,21,29,23485,69735,0,185,72295,93405,165701,25404,129671,184,4198,125967,159458,285427,True
port988,Port of Sohar,Oman,OMN,2019-09-16,7,10,7,3,8,12,28,40,35322,129284,6955,5099,42539,176663,219202,9713,160615,6604,1154,191228,178088,369319,True
port988,Port of Sohar,Oman,OMN,2019-09-23,7,8,7,1,3,6,19,25,17799,456467,2404,6691,72036,483363,555399,36255,158155,3114,0,2791,197526,200317,True
port988,Port of Sohar,Oman,OMN,2019-09-30,7,5,5,1,3,2,14,16,22696,48308,2404,7999,77217,81409,158627,0,248187,3114,0,10648,251301,261950,True
port988,Port of Sohar,Oman,OMN,2019-10-07,7,2,10,1,4,6,17,23,7987,148319,2404,5280,50238,163992,214231,0,438600,3114,0,72087,441715,513803,True
port988,Port of Sohar,Oman,OMN,2019-10-14,7,8,11,2,7,7,28,35,23508,480391,0,3503,10186,507405,517592,3594,303399,10581,0,134379,317575,451957,True
port988,Port of Sohar,Oman,OMN,2019-10-21,7,7,10,1,6,7,24,31,41939,10615,2404,3608,61971,58569,120542,8558,574361,3114,76,18425,586109,604535,True
port988,Port of Sohar,Oman,OMN,2019-10-28,7,5,4,1,2,4,12,16,20760,48333,283,512,116828,69888,186716,9038,286176,402,0,56509,295617,352127,True
port988,Port of Sohar,Oman,OMN,2019-11-04,7,1,4,0,5,3,10,13,0,424400,0,2360,0,426760,426760,5592,119102,0,705,50120,125399,175520,True
port988,Port of Sohar,Oman,OMN,2019-11-11,7,1,4,1,0,3,6,9,3149,34375,18795,0,55799,56320,112120,1797,112311,0,0,54650,114108,168758,True
port988,Port of Sohar,Oman,OMN,2019-11-18,7,2,4,2,7,3,15,18,31073,10615,13222,8516,1329,63426,64756,0,149300,12626,6364,18037,168290,186327,True
port988,Port of Sohar,Oman,OMN,2019-11-25,7,4,4,1,1,2,10,12,4899,416514,2267,5897,42616,429578,472195,24694,136729,0,0,0,161423,161423,True
port988,Port of Sohar,Oman,OMN,2019-12-02,7,1,7,1,5,2,14,16,3149,53077,0,14473,2636,70701,73337,1797,299850,1819,76,39271,303543,342814,True
port988,Port of Sohar,Oman,OMN,2019-12-09,7,2,8,1,2,2,13,15,3149,41074,698,3564,40558,48487,89045,16850,213880,808,0,13643,231539,245182,True
port988,Port of Sohar,Oman,OMN,2019-12-16,7,4,5,3,5,4,17,21,8880,21230,2404,6274,5495,38789,44284,3594,184249,16640,76,39434,204562,243998,True
port988,Port of Sohar,Oman,OMN,2019-12-23,7,1,11,1,2,3,15,18,0,210206,0,3230,5495,213438,218933,5905,264622,5147,76,52936,275750,328686,True
port988,Port of Sohar,Oman,OMN,2019-12-30,7,5,6,1,2,4,14,18,16781,17632,3192,3977,5495,41583,47078,6697,148349,5883,0,47917,160930,208848,True
port988,Port of Sohar,Oman,OMN,2020-01-06,7,5,3,1,6,1,15,16,18856,40185,2404,6772,2035,68218,70254,10364,57141,3114,3717,2944,74336,77280,True
port988,Port of Sohar,Oman,OMN,2020-01-13,7,2,5,1,4,4,12,16,13704,10615,1091,3530,14283,28942,43225,0,162720,0,76,40500,162796,203297,True
port988,Port of Sohar,Oman,OMN,2020-01-20,7,5,5,2,7,4,19,23,22154,53077,2404,10832,13025,88470,101495,3594,187187,7160,812,30230,198755,228986,True
port988,Port of Sohar,Oman,OMN,2020-01-27,7,5,9,0,0,3,14,17,9708,89883,0,0,0,99594,99594,9430,219456,0,0,87219,228886,316106,True
port988,Port of Sohar,Oman,OMN,2020-02-03,7,1,7,3,3,5,14,19,2340,119512,4808,6635,5495,133295,138790,0,204501,6228,0,169735,210730,380466,True
port988,Port of Sohar,Oman,OMN,2020-02-10,7,3,6,1,4,4,14,18,23807,21230,0,3572,10434,48610,59044,1797,248228,5066,76,25239,255168,280407,True
port988,Port of Sohar,Oman,OMN,2020-02-17,7,12,6,3,6,8,27,35,47660,84793,3956,6826,6114,143238,149352,23454,258054,3114,3885,37149,288508,325660,True
port988,Port of Sohar,Oman,OMN,2020-02-24,7,8,8,1,2,5,19,24,36874,64253,2404,0,10990,103533,114523,4173,325351,3114,0,89021,332640,421664,True
port988,Port of Sohar,Oman,OMN,2020-03-02,7,6,9,1,4,5,20,25,24387,89326,2656,1657,55723,118029,173753,14945,250853,0,0,72289,265800,338090,True
port988,Port of Sohar,Oman,OMN,2020-03-09,7,2,6,5,8,10,21,31,31242,384465,2687,2737,117628,421134,538764,4744,264447,21676,0,70087,290868,360956,True
port988,Port of Sohar,Oman,OMN,2020-03-16,7,2,5,3,2,5,12,17,5675,66093,0,4039,10990,75808,86798,0,214212,21958,76,101072,236246,337321,True
port988,Port of Sohar,Oman,OMN,2020-03-23,7,3,7,1,2,2,13,15,3149,364614,2404,811,42713,370978,413691,28160,126520,3114,1018,4234,158814,163048,True
port988,Port of Sohar,Oman,OMN,2020-03-30,7,4,12,4,4,4,24,28,5656,428184,7560,6912,8193,448313,456507,17726,490687,22839,0,35336,531255,566592,True
port988,Port of Sohar,Oman,OMN,2020-04-06,7,11,7,2,3,8,23,31,57504,12923,0,1021,11515,71448,82963,19357,309321,17597,0,139846,346276,486124,True
port988,Port of Sohar,Oman,OMN,2020-04-13,7,7,9,2,0,2,18,20,33628,440936,6389,0,10990,480955,491945,7222,353421,9842,0,27286,370487,397773,True
port988,Port of Sohar,Oman,OMN,2020-04-20,7,6,12,4,6,6,28,34,14181,134414,4913,5210,94316,158721,253037,1797,295129,13502,0,22614,310429,333043,True
port988,Port of Sohar,Oman,OMN,2020-04-27,7,8,6,4,6,6,24,30,42999,36629,3102,11006,29536,93740,123277,4208,275943,19187,152,21989,299492,321482,True
port988,Port of Sohar,Oman,OMN,2020-05-04,7,10,13,0,1,5,24,29,48270,197175,0,0,32345,245446,277792,3594,425837,0,0,151814,429432,581247,True
port988,Port of Sohar,Oman,OMN,2020-05-11,7,8,10,3,3,8,24,32,49052,1228702,734,3570,45332,1282062,1327396,5392,242838,27477,76,104686,275783,380471,True
port988,Port of Sohar,Oman,OMN,2020-05-18,7,11,11,3,5,5,30,35,42261,76845,9086,4894,8366,133090,141456,15077,570939,11167,76,58647,597263,655910,True
port988,Port of Sohar,Oman,OMN,2020-05-25,7,8,11,3,4,5,26,31,31545,456593,3854,2782,25163,494777,519940,2804,397642,9842,0,19019,410289,429308,True
port988,Port of Sohar,Oman,OMN,2020-06-01,7,5,9,1,2,10,17,27,19882,67326,2404,3577,81164,93190,174356,7696,372854,3114,76,125877,383742,509621,True
port988,Port of Sohar,Oman,OMN,2020-06-08,7,11,7,3,2,6,23,29,37673,114927,0,1532,78888,154133,233022,21687,313398,41442,0,75732,376529,452262,True
port988,Port of Sohar,Oman,OMN,2020-06-15,7,6,8,2,3,5,19,24,17547,448635,0,4913,42064,471097,513161,4639,275675,33082,2959,31436,316355,347792,True
port988,Port of Sohar,Oman,OMN,2020-06-22,7,9,11,2,3,5,25,30,33547,437869,0,2360,11010,473779,484790,18244,517358,10421,713,163103,546739,709843,True
port988,Port of Sohar,Oman,OMN,2020-06-29,7,11,13,3,4,5,31,36,25953,473208,6303,4908,43074,510376,553450,18259,541849,3114,76,14094,563300,577395,True
port988,Port of Sohar,Oman,OMN,2020-07-06,7,7,9,1,4,7,21,28,23619,399269,2404,4773,50334,430067,480402,7899,432416,3114,3902,148399,447332,595732,True
port988,Port of Sohar,Oman,OMN,2020-07-13,7,5,9,2,2,5,18,23,39415,122462,0,531,109819,162410,272230,1797,265894,26614,59,17713,294366,312080,True
port988,Port of Sohar,Oman,OMN,2020-07-20,7,10,10,2,3,7,25,32,32423,484425,11191,3282,46010,531324,577336,13988,230270,3114,152,60824,247527,308352,True
port988,Port of Sohar,Oman,OMN,2020-07-27,7,10,9,0,3,6,22,28,35294,427293,0,1710,18694,464300,482994,13380,319665,0,1109,83753,334155,417909,True
port988,Port of Sohar,Oman,OMN,2020-08-03,7,9,13,2,1,5,25,30,38513,103704,3034,0,0,145253,145253,17268,501904,7338,0,54890,526512,581404,True
port988,Port of Sohar,Oman,OMN,2020-08-10,7,9,5,0,3,4,17,21,32608,82210,0,5050,24112,119871,143984,15016,173951,0,0,64823,188969,253792,True
port988,Port of Sohar,Oman,OMN,2020-08-17,7,6,10,0,3,6,19,25,12386,465812,0,531,0,478731,478731,12395,267088,0,3666,120418,283149,403568,True
port988,Port of Sohar,Oman,OMN,2020-08-24,7,9,13,1,4,10,27,37,15467,494843,0,2630,62582,512943,575527,33395,483578,5946,0,117652,522920,640575,True
port988,Port of Sohar,Oman,OMN,2020-08-31,7,10,13,0,6,5,29,34,50252,466563,0,5536,47389,522352,569742,12012,440306,0,2927,14209,455249,469459,True
port988,Port of Sohar,Oman,OMN,2020-09-07,7,11,8,2,4,8,25,33,30635,85534,0,1746,15304,117917,133221,7580,367130,10844,76,87901,385632,473534,True
port988,Port of Sohar,Oman,OMN,2020-09-14,7,11,8,1,1,3,21,24,27995,150911,2404,1874,662,183186,183848,45594,188680,3114,0,38451,237390,275841,True
port988,Port of Sohar,Oman,OMN,2020-09-21,7,13,12,3,4,6,32,38,52878,516261,2855,3419,14641,575419,590060,30043,307610,9781,584,31289,348020,379310,True
port988,Port of Sohar,Oman,OMN,2020-09-28,7,12,10,1,2,6,25,31,32709,399188,0,2036,9362,433935,443298,44035,540425,1728,76,88349,586265,674615,True
port988,Port of Sohar,Oman,OMN,2020-10-05,7,9,12,1,2,6,24,30,20966,126806,2404,531,16162,150707,166871,17052,473695,3114,59,72427,493923,566351,True
port988,Port of Sohar,Oman,OMN,2020-10-12,7,5,4,1,3,4,13,17,15002,11827,0,2188,10577,29017,39594,3595,168001,11074,59,52121,182729,234850,True
port988,Port of Sohar,Oman,OMN,2020-10-19,7,10,6,3,5,5,24,29,27339,10615,1827,8085,62467,47869,110336,37172,283999,5899,0,16080,327072,343152,True
port988,Port of Sohar,Oman,OMN,2020-10-26,7,9,12,2,2,3,25,28,55054,59032,486,2303,15874,116877,132751,5392,408931,5877,59,25432,420261,445693,True
port988,Port of Sohar,Oman,OMN,2020-11-02,7,5,4,0,1,3,10,13,10908,10615,0,0,5495,21523,27018,4134,127529,0,0,13643,131663,145307,True
port988,Port of Sohar,Oman,OMN,2020-11-09,7,5,9,0,2,2,16,18,15080,295446,0,2877,10209,313404,323614,4290,313228,0,0,0,317518,317518,True
port988,Port of Sohar,Oman,OMN,2020-11-16,7,3,5,3,3,3,14,17,3218,22850,2404,3284,7530,31759,39289,0,83242,11396,152,16587,94790,111377,True
port988,Port of Sohar,Oman,OMN,2020-11-23,7,2,4,3,1,1,10,11,6298,69021,1836,0,0,77156,77156,3594,85699,7409,0,0,96702,96702,True
port988,Port of Sohar,Oman,OMN,2020-11-30,7,8,9,1,2,4,20,24,36222,150348,2404,2360,51648,191337,242985,7028,245878,3114,152,100433,256175,356608,True
port988,Port of Sohar,Oman,OMN,2020-12-07,7,2,3,2,1,1,8,9,18507,54612,2404,0,5495,75524,81019,1797,126853,3857,0,13643,132508,146151,True
port988,Port of Sohar,Oman,OMN,2020-12-14,7,7,3,1,1,2,12,14,14231,10615,0,0,0,24846,24846,27265,71633,12810,0,40882,111709,152592,True
port988,Port of Sohar,Oman,OMN,2020-12-21,7,3,5,3,1,3,12,15,11921,28235,4808,1016,13122,45980,59102,1797,212083,13087,0,67798,226967,294767,True
port988,Port of Sohar,Oman,OMN,2020-12-28,7,4,9,3,2,3,18,21,13339,37931,2864,1692,0,55829,55829,1797,279128,3857,76,80682,284858,365542,True
port988,Port of Sohar,Oman,OMN,2021-01-04,7,5,6,3,2,1,16,17,17919,64478,0,581,1062,82980,84043,9177,135017,15636,0,0,159831,159831,True
port988,Port of Sohar,Oman,OMN,2021-01-11,7,5,7,0,4,7,16,23,23785,21706,0,2551,61233,48044,109280,3594,103834,0,152,106224,107581,213806,True
port988,Port of Sohar,Oman,OMN,2021-01-18,7,2,4,2,3,6,11,17,7626,23978,5449,1621,8927,38675,47603,0,136456,3114,508,68904,140078,208982,True
port988,Port of Sohar,Oman,OMN,2021-01-25,7,3,4,5,4,4,16,20,9875,26146,3090,7657,68049,46769,114818,3594,144253,15376,0,63059,163226,226286,True
port988,Port of Sohar,Oman,OMN,2021-02-01,7,7,6,2,2,4,17,21,24459,429994,2404,1025,99164,457884,557049,8545,104580,12956,508,47111,126591,173702,True
port988,Port of Sohar,Oman,OMN,2021-02-08,7,4,10,0,4,3,18,21,17446,104026,0,4243,40863,125716,166580,4111,310218,0,76,13643,314405,328049,True
port988,Port of Sohar,Oman,OMN,2021-02-15,7,11,8,4,3,2,26,28,54357,31846,6709,1735,6995,94651,101647,10990,470915,12910,0,13643,494818,508461,True
port988,Port of Sohar,Oman,OMN,2021-02-22,7,5,2,1,3,4,11,15,25004,10615,2404,2980,5495,41003,46498,1797,99882,3114,4531,106231,109326,215557,True
port988,Port of Sohar,Oman,OMN,2021-03-01,7,6,7,0,4,3,17,20,38321,71595,0,5138,15025,115054,130080,0,204712,0,0,52403,204712,257116,True
port988,Port of Sohar,Oman,OMN,2021-03-08,7,8,5,2,2,3,17,20,26017,59340,4406,1690,8632,91457,100089,23150,126853,743,76,35412,150823,186235,True
port988,Port of Sohar,Oman,OMN,2021-03-15,7,9,13,0,3,5,25,30,31505,482127,0,2334,50912,515969,566882,9910,534739,0,512,21009,545163,566172,True
port988,Port of Sohar,Oman,OMN,2021-03-22,7,7,4,1,4,3,16,19,23592,55938,0,6317,8213,85848,94061,15775,147712,743,0,90263,164231,254494,True
port988,Port of Sohar,Oman,OMN,2021-03-29,7,9,19,2,3,5,33,38,28923,167139,1271,1449,13830,198785,212615,29470,889512,7204,0,24814,926188,951002,True
port988,Port of Sohar,Oman,OMN,2021-04-05,7,8,10,1,4,2,23,25,24030,462844,0,5252,38534,492129,530664,12211,268811,9180,76,1048,290280,291328,True
port988,Port of Sohar,Oman,OMN,2021-04-12,7,11,6,0,2,4,19,23,18380,10615,0,803,14502,29799,44302,19538,250209,0,0,46246,269749,315995,True
port988,Port of Sohar,Oman,OMN,2021-04-19,7,11,13,1,5,6,30,36,18735,466643,0,5854,75806,491235,567042,21074,520628,16229,76,23461,558007,581469,True
port988,Port of Sohar,Oman,OMN,2021-04-26,7,9,3,4,5,5,21,26,31111,0,15528,2754,80962,49396,130359,13884,251,3857,76,41334,18068,59403,True
port988,Port of Sohar,Oman,OMN,2021-05-03,7,6,5,3,1,6,15,21,18280,77901,6495,1180,22191,103856,126048,18145,135383,0,76,43641,153605,197246,True
port988,Port of Sohar,Oman,OMN,2021-05-10,7,6,7,2,3,6,18,24,30591,374196,2873,5551,16050,413215,429266,5391,287597,3114,76,57357,296179,353537,True
port988,Port of Sohar,Oman,OMN,2021-05-17,7,10,11,1,2,6,24,30,16428,54355,2404,5157,37195,78345,115540,37945,330352,3114,76,116940,371488,488431,True
port988,Port of Sohar,Oman,OMN,2021-05-24,7,8,9,2,3,7,22,29,18544,243786,6491,1414,44881,270238,315121,20436,475381,10686,59,18981,506563,525546,True
port988,Port of Sohar,Oman,OMN,2021-05-31,7,4,7,0,4,5,15,20,3149,142378,0,4965,61493,150493,211987,6588,178104,0,152,59626,184845,244474,True
port988,Port of Sohar,Oman,OMN,2021-06-07,7,9,12,1,3,6,25,31,24889,328756,0,3554,17562,357201,374764,27165,484736,12465,76,95304,524443,619748,True
port988,Port of Sohar,Oman,OMN,2021-06-14,7,7,7,1,2,6,17,23,27414,481669,0,2148,26830,511233,538063,9040,128641,5262,0,82991,142945,225937,True
port988,Port of Sohar,Oman,OMN,2021-06-21,7,7,12,1,6,8,26,34,30309,96771,0,6385,16357,133467,149826,14532,538707,6666,59,114649,559965,674615,True
port988,Port of Sohar,Oman,OMN,2021-06-28,7,11,14,1,3,7,29,36,36963,315118,10431,3868,62498,366383,428882,36583,548883,0,0,75224,585467,660692,True
port988,Port of Sohar,Oman,OMN,2021-07-05,7,7,6,1,1,5,15,20,12374,412370,5008,0,6085,429755,435840,13489,200076,0,0,6980,213566,220547,True
port988,Port of Sohar,Oman,OMN,2021-07-12,7,7,6,0,1,4,14,18,19750,63006,0,3305,41311,86062,127374,14335,259057,0,0,125562,273392,398956,True
port988,Port of Sohar,Oman,OMN,2021-07-19,7,10,10,1,4,6,25,31,25205,339135,5816,1722,26805,371880,398687,14605,471453,0,59,229472,486118,715592,True
port988,Port of Sohar,Oman,OMN,2021-07-26,7,8,7,1,6,8,22,30,22189,371109,0,3640,27975,396940,424918,9217,318038,12715,76,107199,340048,447249,True
port988,Port of Sohar,Oman,OMN,2021-08-02,7,11,11,0,6,9,28,37,29621,515485,0,4923,35663,550035,585698,18978,364651,0,0,197872,383631,581505,True
port988,Port of Sohar,Oman,OMN,2021-08-09,7,4,3,1,4,5,12,17,9032,3090,0,3725,28200,15847,44047,7237,82763,0,1270,103217,91271,194488,True
port988,Port of Sohar,Oman,OMN,2021-08-16,7,5,7,2,2,10,16,26,14876,26999,4808,1763,16100,48447,64547,16668,460152,6228,0,184351,483049,667401,True
port988,Port of Sohar,Oman,OMN,2021-08-23,7,6,7,1,5,11,19,30,22435,220514,9786,4634,5495,257371,262866,5137,184271,0,76,293846,189484,483333,True
port988,Port of Sohar,Oman,OMN,2021-08-30,7,10,8,0,4,6,22,28,17574,338710,0,1017,29609,357301,386912,34379,278705,0,0,7751,313085,320838,True
port988,Port of Sohar,Oman,OMN,2021-09-06,7,7,11,0,2,13,20,33,14893,125773,0,0,99879,140667,240547,13580,424433,0,0,174124,438016,612142,True
port988,Port of Sohar,Oman,OMN,2021-09-13,7,8,7,1,2,9,18,27,27459,118277,386,4318,28389,150443,178832,21665,146929,0,0,156854,168594,325450,True
port988,Port of Sohar,Oman,OMN,2021-09-20,7,6,9,0,2,4,17,21,11029,328140,0,667,10990,339838,350828,14612,139260,0,0,28336,153873,182210,True
port988,Port of Sohar,Oman,OMN,2021-09-27,7,5,4,0,2,4,11,15,8467,3733,0,1180,33076,13381,46457,11138,384552,0,76,52177,395767,447946,True
port988,Port of Sohar,Oman,OMN,2021-10-04,7,7,13,0,4,7,24,31,17167,195270,0,2910,17115,215348,232464,14764,629577,0,0,50778,644344,695123,True
port988,Port of Sohar,Oman,OMN,2021-10-11,7,5,15,1,0,7,21,28,14386,517925,0,0,9297,532312,541611,10590,525573,15659,0,89077,551824,640904,True
port988,Port of Sohar,Oman,OMN,2021-10-18,7,4,10,0,1,5,15,20,13452,150693,0,2199,67367,166345,233713,22681,327624,0,0,67508,350305,417814,True
port988,Port of Sohar,Oman,OMN,2021-10-25,7,2,8,0,3,5,13,18,519,99212,0,2283,54798,102016,156814,4412,265550,0,76,85449,270038,355487,True
port988,Port of Sohar,Oman,OMN,2021-11-01,7,7,7,0,2,2,16,18,4842,80345,0,1524,5495,86713,92208,20958,161934,0,0,37105,182892,219997,True
port988,Port of Sohar,Oman,OMN,2021-11-08,7,9,16,0,1,12,26,38,22793,796975,0,1180,29480,820950,850432,24503,727181,0,76,170871,751764,922638,True
port988,Port of Sohar,Oman,OMN,2021-11-15,7,6,17,3,7,13,33,46,3734,109503,410,5023,87366,118673,206039,22086,829847,10421,507,149121,862862,1011987,True
port988,Port of Sohar,Oman,OMN,2021-11-22,7,12,11,2,4,11,29,40,26303,79351,663,5283,84277,111604,195881,29894,616754,3518,76,179385,650244,829631,True
port988,Port of Sohar,Oman,OMN,2021-11-29,7,8,13,0,6,10,27,37,37611,99289,0,1180,10990,138082,149072,33033,669020,0,76,122975,702130,825107,True
port988,Port of Sohar,Oman,OMN,2021-12-06,7,9,12,0,2,14,23,37,20780,382296,0,3134,129392,406211,535606,8372,569075,0,0,204953,577450,782405,True
port988,Port of Sohar,Oman,OMN,2021-12-13,7,9,17,2,4,6,32,38,21007,335816,3358,3298,72684,363484,436169,12237,897175,1932,76,36735,911425,948163,True
port988,Port of Sohar,Oman,OMN,2021-12-20,7,9,12,2,5,16,28,44,19230,383484,2404,3219,52112,408339,460453,4382,703882,19533,0,112651,727799,840452,True
port988,Port of Sohar,Oman,OMN,2021-12-27,7,9,14,3,5,12,31,43,31665,529792,1751,5266,271748,568477,840228,11933,374080,19720,0,68992,405736,474731,True
port988,Port of Sohar,Oman,OMN,2022-01-03,7,8,16,1,4,10,29,39,18732,259783,392,1803,187168,280712,467882,4538,566965,0,0,140112,571505,711619,True
port988,Port of Sohar,Oman,OMN,2022-01-10,7,11,13,0,2,11,26,37,33335,385475,0,1689,143607,420501,564111,33706,454728,0,76,142217,488512,630731,True
port988,Port of Sohar,Oman,OMN,2022-01-17,7,11,12,2,5,11,30,41,41375,157905,2404,6074,91733,207762,299496,15161,454185,3114,0,130010,472462,602474,True
port988,Port of Sohar,Oman,OMN,2022-01-24,7,7,16,2,3,14,28,42,13811,295941,2404,1925,81889,314083,395974,13650,765880,9235,76,156161,788841,945006,True
port988,Port of Sohar,Oman,OMN,2022-01-31,7,13,12,1,5,13,31,44,18667,363839,503,2835,72154,385846,458001,30073,543203,0,76,281838,573353,855196,True
port988,Port of Sohar,Oman,OMN,2022-02-07,7,9,13,3,3,11,28,39,38696,498637,0,4002,27007,541338,568346,26402,508847,34905,76,73784,570230,644017,True
port988,Port of Sohar,Oman,OMN,2022-02-14,7,12,10,3,2,14,27,41,30683,87006,4959,3877,75467,126529,201999,18184,447907,6228,0,98918,472323,571242,True
port988,Port of Sohar,Oman,OMN,2022-02-21,7,6,12,1,6,14,25,39,9377,124300,0,8058,156974,141738,298713,14874,402963,935,1025,216275,419801,636076,True
port988,Port of Sohar,Oman,OMN,2022-02-28,7,14,13,4,4,20,35,55,50689,530954,2404,3756,169275,587808,757084,16962,459341,27135,0,380188,503445,883636,True
port988,Port of Sohar,Oman,OMN,2022-03-07,7,9,9,0,2,17,20,37,11771,17926,0,3971,97833,33669,131503,22886,403378,0,76,264807,426341,691151,True
port988,Port of Sohar,Oman,OMN,2022-03-14,7,8,11,1,4,15,24,39,11845,71681,2404,3267,52850,89199,142050,45292,334312,3114,59,239449,382779,622231,True
port988,Port of Sohar,Oman,OMN,2022-03-21,7,8,15,1,2,17,26,43,9797,285735,13940,4732,32792,314207,346999,14874,341717,0,0,299468,356594,656063,True
port988,Port of Sohar,Oman,OMN,2022-03-28,7,12,6,2,6,16,26,42,23392,0,2404,10754,152817,36551,189372,24958,320632,6531,76,180395,352200,532597,True
port988,Port of Sohar,Oman,OMN,2022-04-04,7,9,9,0,7,17,25,42,26873,372737,0,6861,93728,406473,500202,7345,513990,0,194,374714,521529,896247,True
port988,Port of Sohar,Oman,OMN,2022-04-11,7,10,13,0,4,14,27,41,24370,563006,0,5603,72275,592982,665259,12769,459873,0,76,117293,472718,590013,True
port988,Port of Sohar,Oman,OMN,2022-04-18,7,12,7,2,3,18,24,42,18950,92024,2932,4526,30831,118436,149270,18664,261001,3114,76,183299,282857,466158,True
port988,Port of Sohar,Oman,OMN,2022-04-25,7,14,16,2,4,18,36,54,23785,486037,17444,6919,54252,534190,588443,34071,546845,397,59,219835,581375,801213,True
port988,Port of Sohar,Oman,OMN,2022-05-02,7,12,12,1,8,15,33,48,40511,94273,2404,7273,156338,144465,300803,22835,441290,3114,152,270542,467393,737937,True
port988,Port of Sohar,Oman,OMN,2022-05-09,7,8,13,1,2,17,24,41,20967,545434,1539,1573,66014,569516,635532,9803,453162,0,0,264702,462966,727670,True
port988,Port of Sohar,Oman,OMN,2022-05-16,7,12,12,1,3,19,28,47,26150,31314,0,1776,102543,59242,161788,31450,539448,581,76,294070,571557,865630,True
port988,Port of Sohar,Oman,OMN,2022-05-23,7,6,15,0,6,21,27,48,6762,521367,0,5072,181710,533204,714915,8723,565807,0,152,346854,574683,921541,True
port988,Port of Sohar,Oman,OMN,2022-05-30,7,13,15,1,6,16,35,51,27612,400214,0,4087,26600,431915,458517,12614,491043,0,59,244075,503718,747797,True
port988,Port of Sohar,Oman,OMN,2022-06-06,7,10,11,4,3,19,28,47,19840,137153,11306,3074,89617,171375,260994,22132,435821,6228,0,316221,464185,780408,True
port988,Port of Sohar,Oman,OMN,2022-06-13,7,11,9,1,3,19,24,43,31265,494627,0,4887,128454,530783,659239,30961,221322,4297,0,355826,256582,612410,True
port988,Port of Sohar,Oman,OMN,2022-06-20,7,13,18,1,3,16,35,51,22189,48426,0,4192,175548,74809,250358,28826,826828,15502,0,200435,871160,1071597,True
port988,Port of Sohar,Oman,OMN,2022-06-27,7,14,14,2,7,15,37,52,50959,545326,17906,5947,24918,620145,645064,25969,445640,3114,152,255089,474877,729971,True
port988,Port of Sohar,Oman,OMN,2022-07-04,7,11,11,2,1,17,25,42,31997,330666,4808,1103,112964,368576,481544,22699,578590,6228,0,313199,607519,920721,True
port988,Port of Sohar,Oman,OMN,2022-07-11,7,12,9,3,3,15,27,42,40268,138644,8972,4032,26129,191921,218050,7552,251820,26793,557,226670,286725,513398,True
port988,Port of Sohar,Oman,OMN,2022-07-18,7,7,13,1,2,18,23,41,13293,359189,0,4152,124020,376634,500655,3122,615094,12428,59,160670,630707,791377,True
port988,Port of Sohar,Oman,OMN,2022-07-25,7,11,9,2,4,20,26,46,10661,66254,2404,2563,47604,81884,129489,17051,584992,10456,0,392437,612501,1004939,True
port988,Port of Sohar,Oman,OMN,2022-08-01,7,15,17,0,5,10,37,47,30333,556876,0,2277,55804,589490,645295,13060,512358,0,1021,221833,526443,748277,True
port988,Port of Sohar,Oman,OMN,2022-08-08,7,12,13,1,2,16,28,44,30420,88000,2404,2327,180226,123153,303380,23192,594877,3114,581,201684,621766,823454,True
port988,Port of Sohar,Oman,OMN,2022-08-15,7,9,10,2,3,14,24,38,15107,104904,274,5630,108076,125916,233993,18527,315984,6682,0,154273,341194,495468,True
port988,Port of Sohar,Oman,OMN,2022-08-22,7,14,14,2,4,13,34,47,29065,371073,1614,4968,73914,406722,480637,25393,533848,10270,76,147217,569587,716808,True
port988,Port of Sohar,Oman,OMN,2022-08-29,7,11,15,3,3,18,32,50,25206,123026,2404,6066,139603,156703,296309,12358,798717,19390,0,144544,830468,975016,True
port988,Port of Sohar,Oman,OMN,2022-09-05,7,12,13,2,5,13,32,45,17308,485782,0,4075,21208,507167,528375,19350,566222,22999,76,198208,608651,806863,True
port988,Port of Sohar,Oman,OMN,2022-09-12,7,10,12,2,2,17,26,43,10754,129634,1737,512,208242,142640,350885,13270,503870,0,0,299445,517140,816586,True
port988,Port of Sohar,Oman,OMN,2022-09-19,7,14,11,3,5,15,33,48,59379,379955,12982,7830,135061,460149,595211,31402,576366,29807,76,160243,637653,797900,True
port988,Port of Sohar,Oman,OMN,2022-09-26,7,10,15,0,2,14,27,41,17207,527753,0,1019,71115,545981,617096,44617,566021,0,0,287215,610639,897858,True
port988,Port of Sohar,Oman,OMN,2022-10-03,7,12,13,2,3,15,30,45,28318,128085,0,2327,89471,158732,248204,13455,462020,2413,0,132758,477891,610651,True
port988,Port of Sohar,Oman,OMN,2022-10-10,7,16,14,1,2,13,33,46,50598,266689,0,2809,10641,320099,330741,19403,368330,12428,0,299555,400163,699720,True
port988,Port of Sohar,Oman,OMN,2022-10-17,7,16,16,1,4,22,37,59,20188,444822,3328,6995,188592,475335,663928,40287,697301,0,0,274896,737589,1012491,True
port988,Port of Sohar,Oman,OMN,2022-10-24,7,11,11,3,7,15,32,47,25511,119433,432,3104,97968,148483,246453,18102,564916,1523,135,229726,584681,814411,True
port988,Port of Sohar,Oman,OMN,2022-10-31,7,15,14,1,2,15,32,47,23711,529637,0,0,83277,553351,636630,14776,394484,239,0,174758,409501,584262,True
port988,Port of Sohar,Oman,OMN,2022-11-07,7,14,11,3,6,18,34,52,53577,161711,3850,5376,66928,224517,291447,10548,609998,18487,0,314859,639035,953899,True
port988,Port of Sohar,Oman,OMN,2022-11-14,7,12,13,2,1,13,28,41,29517,118210,2404,2627,126318,152760,279078,6881,534316,11850,0,252094,553049,805147,True
port988,Port of Sohar,Oman,OMN,2022-11-21,7,12,14,3,4,15,33,48,38747,122054,8000,1583,132869,170388,303258,12189,634566,12111,0,233371,658868,892241,True
port988,Port of Sohar,Oman,OMN,2022-11-28,7,11,12,1,5,13,29,42,31792,480676,2404,5569,78309,520444,598756,8071,386632,3114,76,127976,397895,525872,True
port988,Port of Sohar,Oman,OMN,2022-12-05,7,13,11,3,1,9,28,37,29057,94613,2404,2809,140918,128886,269805,32484,442876,8902,0,94003,484264,578268,True
port988,Port of Sohar,Oman,OMN,2022-12-12,7,14,13,2,2,19,31,50,27683,146656,4488,2844,60355,181674,242031,27145,441822,4012,0,256981,472979,729965,True
port988,Port of Sohar,Oman,OMN,2022-12-19,7,14,10,3,2,16,29,45,39888,444086,6806,971,94817,491753,586571,24773,378005,20067,0,193543,422848,616395,True
port988,Port of Sohar,Oman,OMN,2022-12-26,7,14,11,3,2,12,30,42,21588,131980,6575,2039,109707,162187,271894,27211,431155,13794,0,145958,472161,618120,True
port988,Port of Sohar,Oman,OMN,2023-01-02,7,17,8,3,6,13,34,47,39475,302454,4808,5522,65982,352263,418247,14324,249087,6637,76,199749,270125,469876,True
port988,Port of Sohar,Oman,OMN,2023-01-09,7,10,9,2,3,10,24,34,36272,64449,2404,2041,124076,105168,229244,14197,444270,9550,0,170452,468021,638474,True
port988,Port of Sohar,Oman,OMN,2023-01-16,7,15,17,1,4,20,37,57,51348,400622,2404,5743,57659,460123,517786,10764,511891,3114,0,339656,525773,865431,True
port988,Port of Sohar,Oman,OMN,2023-01-23,7,15,9,0,3,14,27,41,34193,271172,0,4450,50924,309818,360743,14785,242361,0,0,232532,257148,489682,True
port988,Port of Sohar,Oman,OMN,2023-01-30,7,14,11,0,3,18,28,46,30891,15169,0,2604,117713,48666,166381,23532,496128,0,0,228500,519661,748164,True
port988,Port of Sohar,Oman,OMN,2023-02-06,7,14,14,3,4,21,35,56,34080,462049,15502,5029,140745,516663,657409,13080,677336,700,76,264052,691194,955249,True
port988,Port of Sohar,Oman,OMN,2023-02-13,7,14,12,1,1,14,28,42,52593,156676,0,1180,30129,210451,240580,12710,407688,6666,76,195356,427142,622500,True
port988,Port of Sohar,Oman,OMN,2023-02-20,7,14,10,1,3,23,28,51,29835,188490,0,3232,174278,221561,395841,21172,275636,9895,76,371702,306780,678484,True
port988,Port of Sohar,Oman,OMN,2023-02-27,7,9,14,2,5,22,30,52,30837,118071,2404,5745,78306,157060,235367,10839,593522,9780,211,324490,614352,938846,True
port988,Port of Sohar,Oman,OMN,2023-03-06,7,14,8,3,4,18,29,47,31482,104885,1185,2043,169891,139598,309490,42804,313956,14409,0,429881,371173,801055,True
port988,Port of Sohar,Oman,OMN,2023-03-13,7,12,10,2,3,25,27,52,44019,86735,12697,3252,296420,146705,443127,12848,425893,3114,0,399270,441856,841129,True
port988,Port of Sohar,Oman,OMN,2023-03-20,7,11,9,3,3,15,26,41,46613,419005,6826,3164,89795,475611,565408,18099,289683,7534,0,421208,315319,736528,True
port988,Port of Sohar,Oman,OMN,2023-03-27,7,12,10,0,4,16,26,42,28324,557278,0,4059,100624,589663,690289,12783,364815,0,76,281454,377675,659132,True
port988,Port of Sohar,Oman,OMN,2023-04-03,7,16,10,0,3,18,29,47,15268,365825,0,2715,200662,383810,584474,37308,510914,0,76,251983,548298,800284,True
port988,Port of Sohar,Oman,OMN,2023-04-10,7,10,9,1,3,16,23,39,39172,24442,2404,3962,64309,69981,134291,1797,200548,3114,0,208443,205459,413903,True
port988,Port of Sohar,Oman,OMN,2023-04-17,7,14,15,4,6,23,39,62,26087,361614,11171,8515,211683,407390,619074,12429,749825,19314,76,432467,781645,1214114,True
port988,Port of Sohar,Oman,OMN,2023-04-24,7,14,10,2,1,12,27,39,40087,461127,209,2380,91268,503805,595074,10975,286649,0,0,108980,297625,406608,True
port988,Port of Sohar,Oman,OMN,2023-05-01,7,14,13,4,6,19,37,56,42390,133874,20489,1989,176753,198745,375502,16420,616852,3114,0,138282,636388,774672,True
port988,Port of Sohar,Oman,OMN,2023-05-08,7,15,13,4,1,16,33,49,41221,448793,22147,2046,72703,514209,586913,31804,465629,16844,0,370049,514281,884333,True
port988,Port of Sohar,Oman,OMN,2023-05-15,7,8,16,4,6,14,34,48,25654,123370,21768,5542,120966,176337,297306,8772,612457,28490,76,312196,649797,961994,True
port988,Port of Sohar,Oman,OMN,2023-05-22,7,12,14,0,3,22,29,51,18925,420366,0,509,218649,439800,658451,51074,694807,0,0,317728,745883,1063614,True
port988,Port of Sohar,Oman,OMN,2023-05-29,7,12,10,4,2,20,28,48,22410,88877,56561,1180,164499,169031,333532,24066,441994,0,76,296194,466138,762335,True
port988,Port of Sohar,Oman,OMN,2023-06-05,7,10,17,1,3,15,31,46,30508,172573,2404,4759,142155,210247,352406,11741,655698,3114,0,272862,670555,943419,True
port988,Port of Sohar,Oman,OMN,2023-06-12,7,12,11,1,2,23,26,49,34043,290430,15502,3429,221650,343405,565057,37240,508406,0,0,227962,545646,773610,True
port988,Port of Sohar,Oman,OMN,2023-06-19,7,10,17,2,4,22,33,55,18708,493267,4283,3226,76884,519486,596372,9447,751718,226,673,306074,762068,1068145,True
port988,Port of Sohar,Oman,OMN,2023-06-26,7,15,13,4,4,23,36,59,25889,110464,4808,3971,21924,145135,167060,25547,483225,21877,76,504819,530730,1035553,True
port988,Port of Sohar,Oman,OMN,2023-07-03,7,12,12,3,3,20,30,50,36146,382412,29853,3404,78878,451820,530700,13705,407688,1985,76,283675,423456,707135,True
port988,Port of Sohar,Oman,OMN,2023-07-10,7,11,13,1,1,20,26,46,20182,307547,1693,2433,199453,331857,531310,28291,489121,0,0,335327,517414,852745,True
port988,Port of Sohar,Oman,OMN,2023-07-17,7,11,14,0,3,18,28,46,38600,448584,0,3347,121039,490533,611573,3416,408647,0,76,303564,412140,715706,True
port988,Port of Sohar,Oman,OMN,2023-07-24,7,12,11,4,6,23,33,56,11346,66439,30162,1927,165895,109877,275775,25879,661684,8609,76,397143,696251,1093398,True
port988,Port of Sohar,Oman,OMN,2023-07-31,7,14,14,2,2,16,32,48,27163,521058,0,2556,66436,550781,617219,44334,628866,2687,76,282261,675964,958230,True
port988,Port of Sohar,Oman,OMN,2023-08-07,7,11,15,2,3,21,31,52,49146,457885,21875,2239,167916,531150,699066,6863,527566,0,0,251313,534430,785746,True
port988,Port of Sohar,Oman,OMN,2023-08-14,7,16,13,0,3,15,32,47,60724,73354,0,7113,131456,141195,272652,36470,546056,0,0,278480,582530,861012,True
port988,Port of Sohar,Oman,OMN,2023-08-21,7,14,12,4,1,17,31,48,38508,486493,698,1545,18717,527247,545966,17598,349671,33229,0,321167,400504,721673,True
port988,Port of Sohar,Oman,OMN,2023-08-28,7,12,14,3,3,16,32,48,43308,156397,17906,0,123825,217614,341440,36532,638869,3515,0,184614,678918,863535,True
port988,Port of Sohar,Oman,OMN,2023-09-04,7,15,15,3,4,16,37,53,36469,326371,2404,2979,113600,368226,481827,11317,333377,4044,0,216565,348740,565308,True
port988,Port of Sohar,Oman,OMN,2023-09-11,7,17,15,2,1,20,35,55,49613,448990,1844,1535,115944,501984,617931,12558,586765,808,0,340636,600134,940772,True
port988,Port of Sohar,Oman,OMN,2023-09-18,7,12,12,3,3,22,30,52,40705,49795,16873,3859,157720,111236,268957,19807,556918,1936,0,384074,578663,962741,True
port988,Port of Sohar,Oman,OMN,2023-09-25,7,12,13,4,5,17,34,51,27791,528784,16893,4769,142781,578241,721023,31973,565307,14222,2781,252701,614288,866992,True
port988,Port of Sohar,Oman,OMN,2023-10-02,7,13,10,2,3,19,28,47,38166,112769,2404,4009,162774,157351,320126,33701,414666,5176,76,386763,453620,840385,True
port988,Port of Sohar,Oman,OMN,2023-10-09,7,16,20,3,4,16,43,59,41926,350031,2404,4504,58947,398871,457819,18934,917970,8229,76,274310,945214,1219525,True
port988,Port of Sohar,Oman,OMN,2023-10-16,7,11,12,3,3,15,29,44,10155,87506,6802,2727,71890,107192,179083,23423,526348,3114,0,318236,552887,871125,True
port988,Port of Sohar,Oman,OMN,2023-10-23,7,11,15,4,5,18,35,53,29489,453021,13593,2969,213992,499075,713068,17542,610790,5178,0,174396,633515,807912,True
port988,Port of Sohar,Oman,OMN,2023-10-30,7,13,14,3,2,16,32,48,19242,227794,438,5401,83170,252880,336052,21754,413373,16126,0,195013,451255,646271,True
port988,Port of Sohar,Oman,OMN,2023-11-06,7,14,12,4,4,13,34,47,29359,331604,18032,9421,170169,388420,558590,16664,475573,5686,76,189075,498003,687082,True
port988,Port of Sohar,Oman,OMN,2023-11-13,7,13,9,1,1,11,24,35,21341,42163,0,1180,67664,64687,132352,24455,329622,459,76,176038,354615,530655,True
port988,Port of Sohar,Oman,OMN,2023-11-20,7,10,9,2,1,13,22,35,31456,315316,0,4837,56029,351609,407640,14916,318745,12991,0,237348,346652,584003,True
port988,Port of Sohar,Oman,OMN,2023-11-27,7,15,16,0,5,12,36,48,33037,275627,0,8276,110722,316946,427669,19340,462766,0,76,155381,482185,637568,True
port988,Port of Sohar,Oman,OMN,2023-12-04,7,13,12,4,2,16,31,47,33807,369090,8798,2044,38420,413742,452163,21186,456401,3114,0,129724,480703,610431,True
port988,Port of Sohar,Oman,OMN,2023-12-11,7,13,6,2,3,15,24,39,27421,201889,3977,6648,34338,239935,274276,21368,182959,3114,0,250273,207443,457720,True
port988,Port of Sohar,Oman,OMN,2023-12-18,7,16,13,2,3,10,34,44,56857,100567,0,1394,99137,158821,257960,21698,421413,15628,0,83323,458742,542065,True
port988,Port of Sohar,Oman,OMN,2023-12-25,7,14,17,2,2,18,35,53,50249,503970,17644,4223,123374,576089,699465,15630,819959,0,76,192015,835669,1027688,True
port988,Port of Sohar,Oman,OMN,2024-01-01,7,15,13,0,4,8,32,40,43519,419002,0,5965,8213,468488,476701,20267,429765,0,0,94637,450034,544673,True
port988,Port of Sohar,Oman,OMN,2024-01-08,7,12,11,2,2,15,27,42,39236,222458,28132,3087,162446,292916,455363,5876,241121,0,0,136086,246998,383084,True
port988,Port of Sohar,Oman,OMN,2024-01-15,7,12,13,2,6,16,33,49,39035,83419,0,8713,207748,131170,338920,29938,276663,9327,76,246963,316007,562973,True
port988,Port of Sohar,Oman,OMN,2024-01-22,7,13,10,3,5,14,31,45,57708,329131,0,6528,111254,393372,504628,9829,315090,20373,76,187330,345373,532706,True
port988,Port of Sohar,Oman,OMN,2024-01-29,7,15,8,1,3,11,27,38,61054,82230,2404,422,10480,146113,156593,26294,310101,3114,0,174327,339511,513840,True
port988,Port of Sohar,Oman,OMN,2024-02-05,7,10,11,3,3,13,27,40,37214,322708,3761,3458,9373,367143,376516,15624,414052,7088,0,245600,436765,682369,True
port988,Port of Sohar,Oman,OMN,2024-02-12,7,13,14,1,5,16,33,49,16427,163989,0,7008,180877,187431,368310,31123,556093,11567,0,245668,598788,844456,True
port988,Port of Sohar,Oman,OMN,2024-02-19,7,13,9,2,1,12,25,37,47931,85887,12665,0,33161,146485,179647,6671,151443,2183,0,151338,160298,311638,True
port988,Port of Sohar,Oman,OMN,2024-02-26,7,11,12,0,4,17,27,44,43465,457885,0,4834,129852,506187,636040,17597,299138,0,76,351487,316813,668303,True
port988,Port of Sohar,Oman,OMN,2024-03-04,7,12,9,1,2,14,24,38,83176,516370,0,512,24891,600062,624954,17886,282795,12665,0,283196,313348,596549,True
port988,Port of Sohar,Oman,OMN,2024-03-11,7,11,9,2,3,17,25,42,49274,437135,6529,3400,139393,496340,635736,11512,300566,1125,0,268023,313205,581230,True
port988,Port of Sohar,Oman,OMN,2024-03-18,7,17,13,3,3,18,36,54,32388,438862,2871,2694,138101,476816,614920,39537,491494,19226,0,154316,550261,704580,True
port988,Port of Sohar,Oman,OMN,2024-03-25,7,7,8,4,1,14,20,34,16332,80922,16097,1180,131586,114532,246119,27296,501474,3114,76,236731,531963,768697,True
port988,Port of Sohar,Oman,OMN,2024-04-01,7,14,15,2,5,15,36,51,100165,559203,1147,10891,93524,671411,764935,9868,411201,3517,9374,221195,433962,655160,True
port988,Port of Sohar,Oman,OMN,2024-04-08,7,16,12,4,5,15,37,52,83018,467456,32606,1180,154064,584265,738332,48496,474486,3114,0,190858,526098,716958,True
port988,Port of Sohar,Oman,OMN,2024-04-15,7,14,8,1,4,15,27,42,100156,90300,6529,5317,64330,202308,266638,54701,307049,0,152,171025,361905,532931,True
port988,Port of Sohar,Oman,OMN,2024-04-22,7,15,11,4,5,13,35,48,40705,512492,2404,3543,136950,559146,696097,46952,252351,7177,0,154822,306482,461306,True
port988,Port of Sohar,Oman,OMN,2024-04-29,7,11,8,2,2,17,23,40,28983,79726,12980,1844,157000,123536,280539,16341,230828,2795,0,406302,249965,656272,True
port988,Port of Sohar,Oman,OMN,2024-05-06,7,17,17,3,2,20,39,59,51557,593637,20209,2208,152118,667615,819735,48267,574933,808,0,317634,624010,941645,True
port988,Port of Sohar,Oman,OMN,2024-05-13,7,14,12,0,4,14,30,44,22518,486789,0,2938,30173,512249,542423,23666,370012,0,76,154479,393756,548238,True
port988,Port of Sohar,Oman,OMN,2024-05-20,7,7,16,2,3,13,28,41,16485,104368,4511,1023,65982,126390,192373,10036,540263,0,459,181756,550760,732519,True
port988,Port of Sohar,Oman,OMN,2024-05-27,7,13,12,0,4,20,29,49,56115,408675,0,5634,254851,470426,725280,29637,467899,0,0,223559,497537,721099,True
port988,Port of Sohar,Oman,OMN,2024-06-03,7,13,9,9,4,16,35,51,21110,16665,31289,2556,54910,71623,126535,27474,208337,30780,1601,213820,268198,482021,True
port988,Port of Sohar,Oman,OMN,2024-06-10,7,10,13,3,3,15,29,44,44646,241747,21502,8341,134910,316240,451151,5981,338803,0,0,41503,344784,386288,True
port988,Port of Sohar,Oman,OMN,2024-06-17,7,16,13,0,6,15,35,50,43396,392481,0,5435,67868,441314,509183,22393,553326,0,135,229903,575854,805759,True
port988,Port of Sohar,Oman,OMN,2024-06-24,7,9,13,1,1,16,24,40,28639,453278,698,4636,51118,487254,538373,14625,253927,808,0,268397,269363,537763,True
port988,Port of Sohar,Oman,OMN,2024-07-01,7,10,6,1,4,17,21,38,20583,562,15502,1782,23290,38429,61721,25915,506458,0,76,243135,532453,775590,True
port988,Port of Sohar,Oman,OMN,2024-07-08,7,15,9,2,3,14,29,43,29514,146083,1396,3011,45104,180010,225117,15619,195932,1616,0,295771,213168,508942,True
port988,Port of Sohar,Oman,OMN,2024-07-15,7,15,15,5,2,15,37,52,39499,473170,30224,2864,90639,545761,636403,17011,351000,19675,0,339284,387688,726974,True
port988,Port of Sohar,Oman,OMN,2024-07-22,7,11,8,1,6,16,26,42,57622,490545,3699,3978,148905,555846,704752,19430,214377,0,152,275233,233962,509197,True
port988,Port of Sohar,Oman,OMN,2024-07-29,7,16,8,5,5,17,34,51,61069,388678,17291,5525,184650,472569,657220,21402,311601,4210,0,247870,337216,585088,True
port988,Port of Sohar,Oman,OMN,2024-08-05,7,9,11,1,2,18,23,41,15758,452425,0,2685,189918,470870,660792,11095,452988,4772,0,153186,468857,622047,True
port988,Port of Sohar,Oman,OMN,2024-08-12,7,11,6,4,2,18,23,41,37560,13490,21896,4905,221393,77856,299251,25762,235652,808,0,268425,262223,530652,True
port988,Port of Sohar,Oman,OMN,2024-08-19,7,11,12,3,5,20,31,51,38055,540287,8345,5581,184034,592274,776311,12252,248284,0,76,226028,260612,486643,True
port988,Port of Sohar,Oman,OMN,2024-08-26,7,11,12,2,3,17,28,45,28158,516327,10054,5655,86650,560198,646850,22477,231246,229,76,325081,254028,579111,True
port988,Port of Sohar,Oman,OMN,2024-09-02,7,14,13,1,2,19,30,49,38951,462642,2404,2259,129154,506260,635416,21042,560180,3114,0,224493,584339,808834,True
port988,Port of Sohar,Oman,OMN,2024-09-09,7,8,9,1,6,21,24,45,33428,53512,934,4785,126436,92662,219099,8030,259484,0,0,231970,267515,499487,True
port988,Port of Sohar,Oman,OMN,2024-09-16,7,11,6,1,2,21,20,41,30145,58019,0,2049,151053,90216,241273,22532,404643,0,0,275048,427177,702226,True
port988,Port of Sohar,Oman,OMN,2024-09-23,7,12,12,1,3,21,28,49,21198,481686,0,4594,125328,507484,632814,16502,269150,339,0,311058,285992,597053,True
port988,Port of Sohar,Oman,OMN,2024-09-30,7,12,17,0,6,19,35,54,33424,218682,0,6237,208913,258348,467261,8560,141372,0,135,313653,150068,463723,True
port988,Port of Sohar,Oman,OMN,2024-10-07,7,9,11,5,4,17,29,46,24132,542757,17415,3913,95350,588221,683573,12548,249386,10609,0,213836,272546,486385,True
port988,Port of Sohar,Oman,OMN,2024-10-14,7,11,10,3,3,15,27,42,14800,433214,3055,4569,145349,455641,600991,21854,218605,0,152,240498,240611,481111,True
port988,Port of Sohar,Oman,OMN,2024-10-21,7,9,7,5,5,20,26,46,30539,49361,3304,4288,100889,87498,188388,9948,220238,16610,0,230258,246796,477058,True
port988,Port of Sohar,Oman,OMN,2024-10-28,7,8,15,3,1,14,27,41,16495,537465,8586,2041,191804,564588,756393,7991,413936,3475,0,182964,425405,608369,True
port988,Port of Sohar,Oman,OMN,2024-11-04,7,14,17,0,4,19,35,54,58986,511523,0,8914,131731,579428,711161,8713,512989,0,0,249163,521704,770871,True
port988,Port of Sohar,Oman,OMN,2024-11-11,7,10,11,4,3,17,28,45,22455,7302,18091,6771,112439,54622,167062,33569,622784,5934,0,375920,662290,1038212,True
port988,Port of Sohar,Oman,OMN,2024-11-18,7,15,11,2,4,14,32,46,43460,457227,6512,9123,40608,516327,556937,13824,210162,3377,76,228069,227439,455510,True
port988,Port of Sohar,Oman,OMN,2024-11-25,7,8,13,1,6,14,28,42,19885,487045,10461,9393,76365,526786,603152,5996,285935,0,0,173725,291932,465660,True
port988,Port of Sohar,Oman,OMN,2024-12-02,7,8,13,1,2,17,24,41,18298,478887,936,1951,203675,500075,703752,7022,454203,0,0,118625,461226,579853,True
port988,Port of Sohar,Oman,OMN,2024-12-09,7,10,13,4,3,13,30,43,14782,180905,2834,5503,141491,204027,345521,17614,350485,4151,76,195835,372328,568164,True
port988,Port of Sohar,Oman,OMN,2024-12-16,7,12,11,0,8,17,31,48,26012,456061,0,6739,106074,488814,594890,18563,241537,0,0,257562,260100,517664,True
port988,Port of Sohar,Oman,OMN,2024-12-23,7,9,19,1,4,13,33,46,46000,472446,0,8257,65483,526706,592193,12219,863282,178,0,192838,875681,1068523,True
port988,Port of Sohar,Oman,OMN,2024-12-30,7,14,10,1,4,17,29,46,45052,93028,0,460,115668,138545,254213,16984,216873,0,0,237778,233858,471639,True
port988,Port of Sohar,Oman,OMN,2025-01-06,7,11,15,1,4,11,31,42,27051,485529,265,3384,14603,516233,530837,8118,586111,0,0,211986,594229,806218,True
port988,Port of Sohar,Oman,OMN,2025-01-13,7,10,8,5,5,11,28,39,20859,433014,13190,4815,129373,471882,601255,4504,209290,5805,0,99470,219601,319075,True
port988,Port of Sohar,Oman,OMN,2025-01-20,7,11,8,4,6,16,29,45,48440,472663,2691,2870,101457,526669,628128,14048,204735,402,135,286342,219321,505665,True
port988,Port of Sohar,Oman,OMN,2025-01-27,7,11,15,2,1,16,29,45,26609,159466,1548,1024,50953,188649,239603,12925,344835,0,0,269203,357761,626965,True
port988,Port of Sohar,Oman,OMN,2025-02-03,7,11,14,6,6,6,37,43,34102,462255,7212,8304,7496,511879,519375,9772,607982,37674,76,61521,655506,717029,True
port988,Port of Sohar,Oman,OMN,2025-02-10,7,11,8,1,7,18,27,45,68242,120774,4277,7815,230411,201113,431527,8985,263393,0,152,170249,272531,442783,True
port988,Port of Sohar,Oman,OMN,2025-02-17,7,9,11,5,2,15,27,42,14773,440866,8186,2699,98777,466524,565303,20228,542991,7921,0,272381,571142,843526,True
port988,Port of Sohar,Oman,OMN,2025-02-24,7,11,10,3,2,17,26,43,26123,413426,9014,3864,45118,452429,497547,20205,470233,3114,76,224545,493632,718178,True
port988,Port of Sohar,Oman,OMN,2025-03-03,7,12,15,1,3,13,31,44,41564,560070,0,1442,167170,603080,770252,10783,417232,152,0,256102,428170,684273,True
port988,Port of Sohar,Oman,OMN,2025-03-10,7,11,10,6,5,17,32,49,34930,67665,9355,5784,88039,117736,205777,14449,313707,3317,0,151810,331473,483285,True
port988,Port of Sohar,Oman,OMN,2025-03-17,7,13,11,5,4,15,33,48,42052,77838,489,7670,34373,128052,162426,32178,691262,14357,0,185985,737799,923788,True
port988,Port of Sohar,Oman,OMN,2025-03-24,7,7,10,5,1,16,23,39,19232,400996,5359,3615,191505,429204,620710,5426,296169,15075,0,241519,316670,558194,True
port988,Port of Sohar,Oman,OMN,2025-03-31,7,10,13,2,10,20,35,55,29518,549460,5498,4228,117797,588708,706507,25064,254519,277,1284,283450,281146,564598,True
port988,Port of Sohar,Oman,OMN,2025-04-07,7,9,13,6,4,13,32,45,13493,160839,2687,2720,48710,179743,228454,13346,359955,6209,76,237487,379591,617082,True
port988,Port of Sohar,Oman,OMN,2025-04-14,7,9,9,0,2,14,20,34,43775,326001,0,4375,67682,374154,441838,14359,198456,0,0,227595,212816,440413,True
port988,Port of Sohar,Oman,OMN,2025-04-21,7,12,5,4,6,20,27,47,22017,106620,2404,6837,156034,137882,293918,23604,37470,12458,826,431292,74358,505654,True
port988,Port of Sohar,Oman,OMN,2025-04-28,7,11,11,4,4,13,30,43,44126,484908,16525,3251,154060,548813,702875,22436,257640,974,2148,189441,283199,472641,True
port988,Port of Sohar,Oman,OMN,2025-05-05,7,10,11,2,4,15,27,42,36054,405465,2279,1859,23891,445660,469552,18131,585896,0,0,255434,604030,859466,True
port988,Port of Sohar,Oman,OMN,2025-05-12,7,15,14,3,5,12,37,49,57413,93374,3262,8221,64855,162276,227131,18903,378537,5863,0,227459,403303,630765,True
port988,Port of Sohar,Oman,OMN,2025-05-19,7,11,9,4,4,24,28,52,38537,63887,772,1535,57266,104736,162003,15481,376184,4749,0,599902,396419,996323,True
port988,Port of Sohar,Oman,OMN,2025-05-26,7,17,4,3,8,15,32,47,97484,372737,4996,9009,207111,484229,691342,26585,122950,402,152,267408,150090,417500,True
port988,Port of Sohar,Oman,OMN,2025-06-02,7,9,10,6,1,22,26,48,32747,493041,11085,1180,67842,538056,605900,17215,407782,17840,76,294978,442916,737895,True
port988,Port of Sohar,Oman,OMN,2025-06-09,7,10,12,9,5,18,36,54,32877,190067,25202,7163,160028,255315,415346,8737,222316,6303,0,303760,237359,541120,True
port988,Port of Sohar,Oman,OMN,2025-06-16,7,12,8,3,4,12,27,39,36815,386602,15070,1693,90582,440183,530766,24930,330549,402,76,201595,355959,557556,True
port988,Port of Sohar,Oman,OMN,2025-06-23,7,11,13,7,5,19,36,55,25222,83942,10562,6719,181887,126446,308335,15360,410751,6228,511,450207,432851,883062,True
port988,Port of Sohar,Oman,OMN,2025-06-30,7,12,13,2,5,13,32,45,28830,556205,1273,2360,183490,588673,772165,17767,258991,402,758,228540,277919,506462,True
port988,Port of Sohar,Oman,OMN,2025-07-07,7,9,13,3,5,21,30,51,57341,611386,20559,5768,177304,695057,872364,57163,316715,6228,152,362106,380261,742367,True
port988,Port of Sohar,Oman,OMN,2025-07-14,7,15,11,4,6,14,36,50,57062,128113,2916,6082,89411,194181,283595,11867,316340,4272,76,112313,332560,444874,True
port988,Port of Sohar,Oman,OMN,2025-07-21,7,6,15,4,4,15,29,44,11473,523015,12089,5191,227170,551771,778942,11511,493855,15029,0,302640,520397,823038,True
port988,Port of Sohar,Oman,OMN,2025-07-28,7,8,14,6,5,17,33,50,22858,547632,3257,6926,244423,580677,825102,31141,383171,1509,76,218841,415899,634744,True
port988,Port of Sohar,Oman,OMN,2025-08-04,7,11,9,6,8,17,34,51,47948,390750,0,5735,141989,444437,586427,22793,444019,27931,152,317315,494901,812219,True
port988,Port of Sohar,Oman,OMN,2025-08-11,7,11,12,1,6,17,30,47,37090,144900,0,6028,29969,188022,217991,4115,427336,0,76,431939,431528,863470,True
port988,Port of Sohar,Oman,OMN,2025-08-18,7,11,7,6,3,18,27,45,25508,172241,5973,2590,213992,206315,420309,13120,255635,14463,0,240036,283221,523259,True
port988,Port of Sohar,Oman,OMN,2025-08-25,7,14,10,4,5,16,33,49,35694,495662,2404,5405,88499,539166,627666,20982,326125,4108,2193,270350,353411,623762,True
port988,Port of Sohar,Oman,OMN,2025-09-01,7,12,8,2,3,18,25,43,49220,352544,3896,1125,110401,406789,517191,9441,201175,3114,59,276167,213790,489962,True
port988,Port of Sohar,Oman,OMN,2025-09-08,7,15,6,6,7,15,34,49,36276,62463,13071,14082,59351,125896,185248,25872,313856,9399,2172,214423,351301,565729,True
port988,Port of Sohar,Oman,OMN,2025-09-15,7,11,13,3,7,18,34,52,44873,475698,2404,4330,176064,527310,703375,18815,393799,9040,76,352846,421732,774580,True
port988,Port of Sohar,Oman,OMN,2025-09-22,7,8,18,2,4,20,32,52,22137,637711,13763,5757,118215,679370,797586,12444,578836,0,0,313401,591281,904687,True
port988,Port of Sohar,Oman,OMN,2025-09-29,7,12,6,5,1,25,24,49,33873,10615,4214,3062,171544,51765,223313,12998,263359,3257,0,328970,279617,608589,True
port988,Port of Sohar,Oman,OMN,2025-10-06,7,11,10,5,7,16,33,49,40821,422240,1983,10053,56493,475101,531597,11037,159612,31420,76,195184,202148,397335,True
port988,Port of Sohar,Oman,OMN,2025-10-13,7,13,11,4,5,17,33,50,48307,116933,698,8449,80730,174392,255124,16113,409064,15244,0,373914,440422,814338,True
port988,Port of Sohar,Oman,OMN,2025-10-20,7,9,11,4,2,17,26,43,21308,271816,3285,512,57123,296923,354048,14567,179660,7107,0,217623,201335,418960,True
port988,Port of Sohar,Oman,OMN,2025-10-27,7,12,15,3,7,20,37,57,54308,116226,3216,9114,158635,182869,341506,8664,450385,3114,0,296528,462166,758696,True
port988,Port of Sohar,Oman,OMN,2025-11-03,7,12,7,4,5,16,28,44,22911,50825,2404,8840,95398,84983,180383,13360,89262,13210,76,223459,115911,339372,True
port988,Port of Sohar,Oman,OMN,2025-11-10,7,12,15,1,5,13,33,46,28767,39849,0,6378,98075,74995,173072,44722,808372,0,0,166915,853095,1020014,True
port988,Port of Sohar,Oman,OMN,2025-11-17,7,9,13,3,4,15,29,44,30390,410871,0,6520,43984,447784,491771,14536,302155,10526,3141,196065,330362,526428,True
port988,Port of Sohar,Oman,OMN,2025-11-24,7,7,10,4,6,8,27,35,26604,327022,2404,3720,23147,359752,382900,9133,344352,9740,59,135003,363285,498289,True
port988,Port of Sohar,Oman,OMN,2025-12-01,7,11,12,2,2,12,27,39,48864,197279,283,3478,31558,249906,281466,16435,206981,402,0,228759,223821,452580,True
port988,Port of Sohar,Oman,OMN,2025-12-08,7,12,8,2,3,15,25,40,61280,559486,14554,3575,95233,638901,734136,16956,57888,0,0,231310,74845,306156,True
port988,Port of Sohar,Oman,OMN,2025-12-15,7,9,11,2,8,12,30,42,32458,379833,0,13387,136671,425681,562353,25122,350540,0,3598,125235,379261,504498,True
port988,Port of Sohar,Oman,OMN,2025-12-22,7,12,12,7,3,15,34,49,41310,71392,0,3970,49355,116676,166032,22323,564130,43924,0,355424,630382,985808,True
port988,Port of Sohar,Oman,OMN,2025-12-29,7,12,9,3,4,7,28,35,31215,469071,283,4031,56058,504601,560661,26436,571848,706,59,115625,599053,714680,True
port988,Port of Sohar,Oman,OMN,2026-01-05,7,11,16,1,7,13,35,48,31005,511343,0,7954,28324,550307,578631,19547,295168,4138,76,293218,318931,612151,True
port988,Port of Sohar,Oman,OMN,2026-01-12,7,10,11,3,4,12,28,40,39887,444507,4466,5186,96110,494052,590163,8212,164432,402,152,193381,173200,366585,True
port988,Port of Sohar,Oman,OMN,2026-01-19,7,10,12,2,4,16,28,44,42475,35000,0,1180,189156,78656,267813,21835,553921,21095,76,153952,596929,750884,True
port988,Port of Sohar,Oman,OMN,2026-01-26,7,10,10,4,6,9,30,39,29856,85354,5596,6131,41646,126940,168589,12881,100405,12314,0,132053,125602,257656,True
port988,Port of Sohar,Oman,OMN,2026-02-02,7,11,13,5,3,14,32,46,32032,561093,7212,3335,76453,603677,680131,36457,439441,12270,0,216601,488170,704772,True
port988,Port of Sohar,Oman,OMN,2026-02-09,7,13,13,4,6,14,36,50,67169,498036,0,7334,157084,572542,729629,9429,472919,5463,0,296715,487813,784532,True
port988,Port of Sohar,Oman,OMN,2026-02-16,7,9,12,2,5,14,28,42,23649,242989,13594,5861,182084,286097,468184,8658,287253,0,0,133937,295914,429852,True
port988,Port of Sohar,Oman,OMN,2026-02-23,7,12,14,3,2,18,31,49,39210,143825,5296,511,22618,188845,211464,30501,558601,296,0,369772,589401,959176,True
port988,Port of Sohar,Oman,OMN,2026-03-02,7,6,8,0,2,10,16,26,63307,221554,0,7038,27720,291900,319621,1322,96247,0,76,191658,97645,289303,True
port988,Port of Sohar,Oman,OMN,2026-03-09,7,4,3,2,0,7,9,16,11281,21230,18311,0,153481,50825,204306,8693,114379,310,0,79765,123383,203148,True
port988,Port of Sohar,Oman,OMN,2026-03-16,7,7,9,2,0,12,18,30,78202,349348,14306,0,31611,441858,473471,9704,136566,0,0,159375,146271,305648,True
port988,Port of Sohar,Oman,OMN,2026-03-23,7,7,2,0,0,9,9,18,69642,115561,0,0,16552,185203,201756,11045,0,0,0,87434,11045,98479,True
port988,Port of Sohar,Oman,OMN,2026-03-30,7,8,11,2,0,15,21,36,104028,378357,0,0,41814,482386,524201,55531,96376,24456,0,292579,176364,468946,True
port988,Port of Sohar,Oman,OMN,2026-04-06,7,9,6,2,0,15,17,32,36227,141614,5793,0,50638,183638,234276,27906,17292,17776,0,91608,62974,154586,True
port988,Port of Sohar,Oman,OMN,2026-04-13,7,11,7,4,2,12,24,36,100776,63941,18796,1850,4907,185365,190274,6308,51663,26894,0,172879,84865,257746,True
port988,Port of Sohar,Oman,OMN,2026-04-20,7,11,7,4,0,11,22,33,14751,67113,4734,0,47223,86599,133823,40782,191729,35814,0,179449,268327,447779,True
port988,Port of Sohar,Oman,OMN,2026-04-27,7,10,11,4,0,14,25,39,19807,341512,7080,0,83061,368403,451466,59210,187585,8522,0,188839,255320,444162,True
port988,Port of Sohar,Oman,OMN,2026-05-04,7,10,14,3,0,6,27,33,8228,127338,1598,0,8213,137166,145379,46833,386356,480,0,92862,433673,526536,True
port988,Port of Sohar,Oman,OMN,2026-05-11,7,7,9,2,0,9,18,27,41654,74676,10214,0,11362,126545,137908,28825,251423,0,0,204530,280250,484782,True
port988,Port of Sohar,Oman,OMN,2026-05-18,7,10,10,3,1,7,24,31,28899,217442,6983,0,662,253327,253990,20574,201193,8159,0,190212,229927,420140,True
port988,Port of Sohar,Oman,OMN,2026-05-25,7,10,16,4,0,13,30,43,30715,352524,11040,0,99984,394283,494268,31752,314710,7069,0,243480,353532,597015,True
port988,Port of Sohar,Oman,OMN,2026-06-01,7,11,12,2,0,15,25,40,47341,286845,7019,0,71487,341206,412696,67619,254425,0,0,307009,322045,629057,True
port988,Port of Sohar,Oman,OMN,2026-06-08,7,10,10,4,1,9,25,34,29071,313541,5969,618,20263,349202,369466,24015,187560,13800,0,171667,225376,397044,True
port988,Port of Sohar,Oman,OMN,2026-06-15,7,7,11,5,1,8,24,32,66038,463160,6718,0,88678,535917,624596,26498,156398,2034,0,77049,184931,261981,True
port988,Port of Sohar,Oman,OMN,2026-06-22,7,7,8,4,2,11,21,32,19666,209372,10307,3378,80853,242726,323580,8552,203136,3913,0,178033,215603,393639,True
port988,Port of Sohar,Oman,OMN,2026-06-29,7,9,8,7,0,10,24,34,16521,237030,18180,0,9115,271734,280850,6837,157413,2565,0,160723,166817,327544,True
port988,Port of Sohar,Oman,OMN,2026-07-06,7,9,7,4,0,16,20,36,25839,87298,2404,0,142805,115542,258348,74842,164688,13345,0,245279,252880,498161,True
port988,Port of Sohar,Oman,OMN,2026-07-13,7,7,10,6,2,8,25,33,9872,131364,23445,2591,75733,167276,243009,34997,291051,2141,59,117759,328251,446014,True
port988,Port of Sohar,Oman,OMN,2026-07-20,5,6,7,5,0,12,18,30,24314,267664,12808,0,32375,304789,337165,20676,164876,18339,0,231816,203894,435713,False
