evidence_layer,controller_id,training_information_regime,evaluation_information_regime,capacity_rights,warning_scenario,base_path_id,base_physical_path_sha256,training_seed_count,learning_seeds_averaged_within_path_first,inference_unit,decision_periods,clearance_followup_periods,decision_operational_loss,clearance_operational_loss,terminal_correction,total_operational_objective,loss_queue,loss_waiting,loss_exit,loss_overflow,loss_route_resource,loss_action,peak_pressure,overload,waiting_model_unit_weeks,direct_sue_exit,duration_attrition,total_exit,delivered_landbridge,ending_outstanding_mass,clearance_weeks_observed,maximum_transition_residual,loss_direct_sue_exit,loss_duration_attrition,loss_component_sum_with_terminal,mean_decision_time_seconds,maximum_decision_time_seconds,bc_proposal_selected_count,sac_proposal_selected_count,fallback_count,action_dimension,restricted_clearance_time_contribution,right_censored,numerical_failure,transition_audits_passed,accepted,all_step_acceptance_passed,scenario_label_in_controller_observation,seed_clearance_probability,censored_seed_trajectories
fixed_policy_information_responsiveness,IL_RD,IL,I0,RD,GFW,test_000_4ae657b9eeec,b13b629eea5ca5393b7414d311f373c02758e81e3b2eae0911376c5b665f359a,3,True,physical_path,29.0,0.0,24.89221813595205,0.0,0.0,24.89221813595205,0.0,0.0,0.0,0.0,0.0,24.89221813595205,0.0,0.0,0.0,0.0,0.0,0.0,0.0,0.0,0.0,0.0,0.0,0.0,24.89221813595205,0.30916687931555015,0.33488533335427445,0.0,29.0,0.0,34.0,0.0,False,False,True,True,True,False,1.0,0
fixed_policy_information_responsiveness,IL_RD,IL,I0,RD,GFW,test_001_dde9993de777,3fff6834c5ca55770bb2ce011392b4601323013339a806ff304e5858d633ad25,3,True,physical_path,29.0,0.0,24.89221813595205,0.0,0.0,24.89221813595205,0.0,0.0,0.0,0.0,0.0,24.89221813595205,0.0,0.0,0.0,0.0,0.0,0.0,0.0,0.0,0.0,0.0,0.0,0.0,24.89221813595205,0.3103971517291562,0.3397435999941081,0.0,29.0,0.0,34.0,0.0,False,False,True,True,True,False,1.0,0
fixed_policy_information_responsiveness,IL_RD,IL,I0,RD,GFW,test_002_f01217ab0e79,17fe2867b80c61a33b2f04bf45397773c30df8191e2adc4b5b92110e26b545d6,3,True,physical_path,29.0,0.0,24.89221813595205,0.0,0.0,24.89221813595205,0.0,0.0,0.0,0.0,0.0,24.89221813595205,0.0,0.0,0.0,0.0,0.0,0.0,0.0,0.0,0.0,0.0,0.0,0.0,24.89221813595205,0.31227741723655367,0.3480824000046899,0.0,29.0,0.0,34.0,0.0,False,False,True,True,True,False,1.0,0
fixed_policy_information_responsiveness,IL_RD,IL,I0,RD,GFW,test_003_eb3106001035,e313a4d47eb3a6fdd9ce893166342e93487908fca1329a3ebd6655e90063d358,3,True,physical_path,29.0,0.0,24.89221813595205,0.0,0.0,24.89221813595205,0.0,0.0,0.0,0.0,0.0,24.89221813595205,0.0,0.0,0.0,0.0,0.0,0.0,0.0,0.0,0.0,0.0,0.0,0.0,24.89221813595205,0.3107474620785864,0.3344836999507,0.0,29.0,0.0,34.0,0.0,False,False,True,True,True,False,1.0,0
fixed_policy_information_responsiveness,IL_RD,IL,I0,RD,GFW,test_004_55a330aff5c4,3d576c2c2e35bb2dcee0d0659de529fad0cf3349e708d77b4b50e669a9fc31ef,3,True,physical_path,29.0,0.0,24.89221813595205,0.0,0.0,24.89221813595205,0.0,0.0,0.0,0.0,0.0,24.89221813595205,0.0,0.0,0.0,0.0,0.0,0.0,0.0,0.0,0.0,0.0,0.0,0.0,24.89221813595205,0.31444756090962167,0.34543319993341964,0.0,29.0,0.0,34.0,0.0,False,False,True,True,True,False,1.0,0
fixed_policy_information_responsiveness,IL_RD,IL,I0,RD,GFW,test_005_981c73a17708,486158d4056bf919c05d831eb2457e1e5b0f77be811f8850194e44ad6f7b51c4,3,True,physical_path,29.0,0.0,24.89221813595205,0.0,0.0,24.89221813595205,0.0,0.0,0.0,0.0,0.0,24.89221813595205,0.0,0.0,0.0,0.0,0.0,0.0,0.0,0.0,0.0,0.0,0.0,0.0,24.89221813595205,0.3157944919477249,0.35425063331301015,0.0,29.0,0.0,34.0,0.0,False,False,True,True,True,False,1.0,0
fixed_policy_information_responsiveness,IL_RD,IL,I0,RD,GFW,test_006_daba4b1e9814,952a31a06c5a53e6e31268d61aa18540666df9f1b9e3ae6a233963dce9488fa4,3,True,physical_path,29.0,0.0,24.89221813595205,0.0,0.0,24.89221813595205,0.0,0.0,0.0,0.0,0.0,24.89221813595205,0.0,0.0,0.0,0.0,0.0,0.0,0.0,0.0,0.0,0.0,0.0,0.0,24.89221813595205,0.3153161482548277,0.345560266636312,0.0,29.0,0.0,34.0,0.0,False,False,True,True,True,False,1.0,0
fixed_policy_information_responsiveness,IL_RD,IL,I0,RD,GFW,test_007_925513ee8ec6,731d03623a8a74cd3218b698af1e8e12c97d38fb15453dca892775607b29fa81,3,True,physical_path,29.0,0.0,24.89221813595205,0.0,0.0,24.89221813595205,0.0,0.0,0.0,0.0,0.0,24.89221813595205,0.0,0.0,0.0,0.0,0.0,0.0,0.0,0.0,0.0,0.0,0.0,0.0,24.89221813595205,0.3094709310225671,0.33898103330284357,0.0,29.0,0.0,34.0,0.0,False,False,True,True,True,False,1.0,0
fixed_policy_information_responsiveness,IL_RD,IL,I0,RD,GFW,test_008_fabe46a0ea00,e9fdfe86c1213d66406ad2b5a1489098162eeacb4fd3bb135c7774f43447e50a,3,True,physical_path,29.0,0.0,24.89221813595205,0.0,0.0,24.89221813595205,0.0,0.0,0.0,0.0,0.0,24.89221813595205,0.0,0.0,0.0,0.0,0.0,0.0,0.0,0.0,0.0,0.0,0.0,0.0,24.89221813595205,0.3097610609236591,0.341918299983566,0.0,29.0,0.0,34.0,0.0,False,False,True,True,True,False,1.0,0
fixed_policy_information_responsiveness,IL_RD,IL,I0,RD,GFW,test_009_c8ef87e47101,e7c739cef2038dc9dd49043c1f0d7f937e1197ba26c7d6d5cfd35e6884576a8f,3,True,physical_path,29.0,0.0,24.89221813595205,0.0,0.0,24.89221813595205,0.0,0.0,0.0,0.0,0.0,24.89221813595205,0.0,0.0,0.0,0.0,0.0,0.0,0.0,0.0,0.0,0.0,0.0,0.0,24.89221813595205,0.309701694250535,0.33895853348076344,0.0,29.0,0.0,34.0,0.0,False,False,True,True,True,False,1.0,0
fixed_policy_information_responsiveness,IL_RD,IL,I0,RD,GFW,test_010_613ab99db82c,b6d6d7a34dc5c759fa2f74e51cf089ae14ef375b3d2118cbc6e54cfe69610ff0,3,True,physical_path,29.0,0.0,24.89221813595205,0.0,0.0,24.89221813595205,0.0,0.0,0.0,0.0,0.0,24.89221813595205,0.0,0.0,0.0,0.0,0.0,0.0,0.0,0.0,0.0,0.0,0.0,0.0,24.89221813595205,0.3094443022942534,0.33558053337037563,0.0,29.0,0.0,34.0,0.0,False,False,True,True,True,False,1.0,0
fixed_policy_information_responsiveness,IL_RD,IL,I0,RD,GFW,test_011_8a2e74b38d5d,2c1def025a197cafcbff5811b07b27cda029492b99505187bb109a25c6324dd0,3,True,physical_path,29.0,0.0,24.89221813595205,0.0,0.0,24.89221813595205,0.0,0.0,0.0,0.0,0.0,24.89221813595205,0.0,0.0,0.0,0.0,0.0,0.0,0.0,0.0,0.0,0.0,0.0,0.0,24.89221813595205,0.3100580977110042,0.3461207667520891,0.0,29.0,0.0,34.0,0.0,False,False,True,True,True,False,1.0,0
fixed_policy_information_responsiveness,IL_RD,IL,I0,RD,GFW,test_012_b6bdc05b20a7,a0b19e6776a2ab7419a6e1e972fe362229d4c1ceaee4fcd5b26af8dd6487d91a,3,True,physical_path,29.0,0.0,24.89221813595205,0.0,0.0,24.89221813595205,0.0,0.0,0.0,0.0,0.0,24.89221813595205,0.0,0.0,0.0,0.0,0.0,0.0,0.0,0.0,0.0,0.0,0.0,0.0,24.89221813595205,0.306901242495675,0.33599223336204886,0.0,29.0,0.0,34.0,0.0,False,False,True,True,True,False,1.0,0
fixed_policy_information_responsiveness,IL_RD,IL,I0,RD,GFW,test_013_040653995d85,126fef2eb8dec4e751a3cd0ab4030fa0eef9f2124b9012d0f237435c02edf2bb,3,True,physical_path,29.0,0.0,24.89221813595205,0.0,0.0,24.89221813595205,0.0,0.0,0.0,0.0,0.0,24.89221813595205,0.0,0.0,0.0,0.0,0.0,0.0,0.0,0.0,0.0,0.0,0.0,0.0,24.89221813595205,0.3085123724170329,0.3384069334715605,0.0,29.0,0.0,34.0,0.0,False,False,True,True,True,False,1.0,0
fixed_policy_information_responsiveness,IL_RD,IL,I0,RD,GFW,test_014_f00647451070,373a8ad6e78d461dfdcc95fdf1fb04a78758e9c383379518c6a7f99e0d53dc1b,3,True,physical_path,29.0,0.0,24.89221813595205,0.0,0.0,24.89221813595205,0.0,0.0,0.0,0.0,0.0,24.89221813595205,0.0,0.0,0.0,0.0,0.0,0.0,0.0,0.0,0.0,0.0,0.0,0.0,24.89221813595205,0.3054444149575442,0.3335544999378423,0.0,29.0,0.0,34.0,0.0,False,False,True,True,True,False,1.0,0
fixed_policy_information_responsiveness,IL_RD,IL,I0,RD,GFW,test_015_643a837775f9,2c7b39349a0d1081bb9965c20059966e2efa2b36929e46f58bc4a9c3814b5fa1,3,True,physical_path,29.0,0.0,24.89221813595205,0.0,0.0,24.89221813595205,0.0,0.0,0.0,0.0,0.0,24.89221813595205,0.0,0.0,0.0,0.0,0.0,0.0,0.0,0.0,0.0,0.0,0.0,0.0,24.89221813595205,0.30615781953065907,0.3368781000220527,0.0,29.0,0.0,34.0,0.0,False,False,True,True,True,False,1.0,0
fixed_policy_information_responsiveness,IL_RD,IL,I0,RD,GFW,test_016_45a90ccef8bd,0029ff00c2ec31c1e494acd10829e465e27a2f2b2b25b7e64eec745f570ed89f,3,True,physical_path,29.0,0.0,24.89221813595205,0.0,0.0,24.89221813595205,0.0,0.0,0.0,0.0,0.0,24.89221813595205,0.0,0.0,0.0,0.0,0.0,0.0,0.0,0.0,0.0,0.0,0.0,0.0,24.89221813595205,0.30634002989939485,0.3387206334155053,0.0,29.0,0.0,34.0,0.0,False,False,True,True,True,False,1.0,0
fixed_policy_information_responsiveness,IL_RD,IL,I0,RD,GFW,test_017_ebd333a3cdba,29f164f4e07e3587787b4f7f02f926e6abe18c76068f83f7e907a642cb6d0b70,3,True,physical_path,29.0,0.0,24.89221813595205,0.0,0.0,24.89221813595205,0.0,0.0,0.0,0.0,0.0,24.89221813595205,0.0,0.0,0.0,0.0,0.0,0.0,0.0,0.0,0.0,0.0,0.0,0.0,24.89221813595205,0.30773216206045156,0.33551669997784,0.0,29.0,0.0,34.0,0.0,False,False,True,True,True,False,1.0,0
fixed_policy_information_responsiveness,IL_RD,IL,I0,RD,GFW,test_018_9466cee538c9,6b88d9f59b5451cc58b1015bbaf872072f54219821d24a23dcee85e5907ccd6f,3,True,physical_path,29.0,0.0,24.89221813595205,0.0,0.0,24.89221813595205,0.0,0.0,0.0,0.0,0.0,24.89221813595205,0.0,0.0,0.0,0.0,0.0,0.0,0.0,0.0,0.0,0.0,0.0,0.0,24.89221813595205,0.30669903678113014,0.3358986999373883,0.0,29.0,0.0,34.0,0.0,False,False,True,True,True,False,1.0,0
fixed_policy_information_responsiveness,IL_RD,IL,I0,RD,GFW,test_019_9d2b7462a57a,37b0c4171f21c5ce77200cf1c07cafe2ac3222d7de42f1ae6fc1d30f162235f4,3,True,physical_path,29.0,0.0,24.89221813595205,0.0,0.0,24.89221813595205,0.0,0.0,0.0,0.0,0.0,24.89221813595205,0.0,0.0,0.0,0.0,0.0,0.0,0.0,0.0,0.0,0.0,0.0,0.0,24.89221813595205,0.3052301218321054,0.33368156671834487,0.0,29.0,0.0,34.0,0.0,False,False,True,True,True,False,1.0,0
fixed_policy_information_responsiveness,IL_RD,IL,I0,RD,GFW,test_020_701c8d28bc45,8026693322b81e3fb97240607d2705dd6b93933f00598bd25d51a0e0815f078a,3,True,physical_path,29.0,0.0,24.89221813595205,0.0,0.0,24.89221813595205,0.0,0.0,0.0,0.0,0.0,24.89221813595205,0.0,0.0,0.0,0.0,0.0,0.0,0.0,0.0,0.0,0.0,0.0,0.0,24.89221813595205,0.3040618206743665,0.3338403000185887,0.0,29.0,0.0,34.0,0.0,False,False,True,True,True,False,1.0,0
fixed_policy_information_responsiveness,IL_RD,IL,I0,RD,GFW,test_021_69299bc5d0bf,73b12655c0d3ba790b0d7646d848d8482c556907f3df355b5debba89d629dce8,3,True,physical_path,29.0,0.0,24.89221813595205,0.0,0.0,24.89221813595205,0.0,0.0,0.0,0.0,0.0,24.89221813595205,0.0,0.0,0.0,0.0,0.0,0.0,0.0,0.0,0.0,0.0,0.0,0.0,24.89221813595205,0.30626913448046333,0.3296055666481455,0.0,29.0,0.0,34.0,0.0,False,False,True,True,True,False,1.0,0
fixed_policy_information_responsiveness,IL_RD,IL,I0,RD,GFW,test_022_1b3e72c80b5f,8baf29c9a8cf1929f75debe3e9655a2a247f63e35bbf7fa4ef4c40555ea2ebf6,3,True,physical_path,29.0,0.0,24.89221813595205,0.0,0.0,24.89221813595205,0.0,0.0,0.0,0.0,0.0,24.89221813595205,0.0,0.0,0.0,0.0,0.0,0.0,0.0,0.0,0.0,0.0,0.0,0.0,24.89221813595205,0.31019875056902485,0.36731596663594246,0.0,29.0,0.0,34.0,0.0,False,False,True,True,True,False,1.0,0
fixed_policy_information_responsiveness,IL_RD,IL,I0,RD,GFW,test_023_90a8af416c5a,a1630780ff34130d213e2e129b87abd380aace39bba5543962105d498f5aea0d,3,True,physical_path,29.0,0.0,24.89221813595205,0.0,0.0,24.89221813595205,0.0,0.0,0.0,0.0,0.0,24.89221813595205,0.0,0.0,0.0,0.0,0.0,0.0,0.0,0.0,0.0,0.0,0.0,0.0,24.89221813595205,0.3066322862052884,0.37950463329131406,0.0,29.0,0.0,34.0,0.0,False,False,True,True,True,False,1.0,0
fixed_policy_information_responsiveness,IL_RD,IL,I0,RD,GFW,test_024_e90f261f99e2,f7208349640673e17c7b506bd6a88873b8173f8b58e84fd23d30793c0a7b7461,3,True,physical_path,29.0,0.0,24.89221813595205,0.0,0.0,24.89221813595205,0.0,0.0,0.0,0.0,0.0,24.89221813595205,0.0,0.0,0.0,0.0,0.0,0.0,0.0,0.0,0.0,0.0,0.0,0.0,24.89221813595205,0.30872618276411773,0.36226853348004323,0.0,29.0,0.0,34.0,0.0,False,False,True,True,True,False,1.0,0
fixed_policy_information_responsiveness,IL_RD,IL,I0,RD,GFW,test_025_0c3eeaae0824,ebb244754df442c284ce8466b9c0a1886d39cd718575bde71d7c3e618bfcb05d,3,True,physical_path,29.0,0.0,24.89221813595205,0.0,0.0,24.89221813595205,0.0,0.0,0.0,0.0,0.0,24.89221813595205,0.0,0.0,0.0,0.0,0.0,0.0,0.0,0.0,0.0,0.0,0.0,0.0,24.89221813595205,0.3102240609272715,0.35666970008363325,0.0,29.0,0.0,34.0,0.0,False,False,True,True,True,False,1.0,0
fixed_policy_information_responsiveness,IL_RD,IL,I0,RD,GFW,test_026_770d47ae1768,1b634cc6c964c3493aa7054c18162810eb0343a0bfa9c10559ab275be90f270b,3,True,physical_path,29.0,0.0,24.89221813595205,0.0,0.0,24.89221813595205,0.0,0.0,0.0,0.0,0.0,24.89221813595205,0.0,0.0,0.0,0.0,0.0,0.0,0.0,0.0,0.0,0.0,0.0,0.0,24.89221813595205,0.30713636091985236,0.3514368333077679,0.0,29.0,0.0,34.0,0.0,False,False,True,True,True,False,1.0,0
fixed_policy_information_responsiveness,IL_RD,IL,I0,RD,GFW,test_027_df5d670513fa,ab2101884236e9b9aa7c3ee22d154832c5d8010acf768023992dab208603418a,3,True,physical_path,29.0,0.0,24.89221813595205,0.0,0.0,24.89221813595205,0.0,0.0,0.0,0.0,0.0,24.89221813595205,0.0,0.0,0.0,0.0,0.0,0.0,0.0,0.0,0.0,0.0,0.0,0.0,24.89221813595205,0.3088730115084855,0.33493726669500273,0.0,29.0,0.0,34.0,0.0,False,False,True,True,True,False,1.0,0
fixed_policy_information_responsiveness,IL_RD,IL,I0,RD,GFW,test_028_e9fb02365dd3,69c3b469f3d109c4fde6819023b6b3424a81a6c9410b5bdadf6a389b0ac41cd8,3,True,physical_path,29.0,0.0,24.89221813595205,0.0,0.0,24.89221813595205,0.0,0.0,0.0,0.0,0.0,24.89221813595205,0.0,0.0,0.0,0.0,0.0,0.0,0.0,0.0,0.0,0.0,0.0,0.0,24.89221813595205,0.3066022540148262,0.33223839996693033,0.0,29.0,0.0,34.0,0.0,False,False,True,True,True,False,1.0,0
fixed_policy_information_responsiveness,IL_RD,IL,I0,RD,GFW,test_029_b44f60718c5a,1da7e85d4baff589ff68ef8559039803d6320ab2ed03342b24ac128a2318d190,3,True,physical_path,29.0,0.0,24.89221813595205,0.0,0.0,24.89221813595205,0.0,0.0,0.0,0.0,0.0,24.89221813595205,0.0,0.0,0.0,0.0,0.0,0.0,0.0,0.0,0.0,0.0,0.0,0.0,24.89221813595205,0.3109607965519502,0.3333650999702513,0.0,29.0,0.0,34.0,0.0,False,False,True,True,True,False,1.0,0
fixed_policy_information_responsiveness,IL_RD,IL,I0,RD,GFW,test_030_038f4c53d11f,4eb8a7c0bcb39227046e9505c361e42bb2c658236f0c564a6269a847ed31aa9d,3,True,physical_path,29.0,0.0,24.89221813595205,0.0,0.0,24.89221813595205,0.0,0.0,0.0,0.0,0.0,24.89221813595205,0.0,0.0,0.0,0.0,0.0,0.0,0.0,0.0,0.0,0.0,0.0,0.0,24.89221813595205,0.30526555862930743,0.3374049667424212,0.0,29.0,0.0,34.0,0.0,False,False,True,True,True,False,1.0,0
fixed_policy_information_responsiveness,IL_RD,IL,I0,RD,GFW,test_031_0a6ff70351b5,f433009c2dc9babd801ecc4a83bff803bafefdf2dda16c2339f89fdea4819ef5,3,True,physical_path,29.0,0.0,24.89221813595205,0.0,0.0,24.89221813595205,0.0,0.0,0.0,0.0,0.0,24.89221813595205,0.0,0.0,0.0,0.0,0.0,0.0,0.0,0.0,0.0,0.0,0.0,0.0,24.89221813595205,0.3086060540210028,0.33656183335309225,0.0,29.0,0.0,34.0,0.0,False,False,True,True,True,False,1.0,0
fixed_policy_information_responsiveness,IL_RD,IL,I0,RD,GFW,test_032_efdf826e6bc3,21ce1693bc3699e2f09363a75d56cade9dded2bb98e7d8c9fa223f6a0e80fe32,3,True,physical_path,29.0,0.0,24.89221813595205,0.0,0.0,24.89221813595205,0.0,0.0,0.0,0.0,0.0,24.89221813595205,0.0,0.0,0.0,0.0,0.0,0.0,0.0,0.0,0.0,0.0,0.0,0.0,24.89221813595205,0.30820407011899453,0.3351117999603351,0.0,29.0,0.0,34.0,0.0,False,False,True,True,True,False,1.0,0
fixed_policy_information_responsiveness,IL_RD,IL,I0,RD,GFW,test_033_de0c441dba67,20b1ce9257b6bc10879dbeb9b585d2252b6a0d0e70758a9074e7bce30e8381e7,3,True,physical_path,29.0,0.0,24.89221813595205,0.0,0.0,24.89221813595205,0.0,0.0,0.0,0.0,0.0,24.89221813595205,0.0,0.0,0.0,0.0,0.0,0.0,0.0,0.0,0.0,0.0,0.0,0.0,24.89221813595205,0.30576256322192735,0.3293192000128329,0.0,29.0,0.0,34.0,0.0,False,False,True,True,True,False,1.0,0
fixed_policy_information_responsiveness,IL_RD,IL,I0,RD,GFW,test_034_a00d80b83640,b036cb3fefcab64a46f1c815d5ca0fe171f0b46d33f7ae7b6be2a6bacb1fd612,3,True,physical_path,29.0,0.0,24.89221813595205,0.0,0.0,24.89221813595205,0.0,0.0,0.0,0.0,0.0,24.89221813595205,0.0,0.0,0.0,0.0,0.0,0.0,0.0,0.0,0.0,0.0,0.0,0.0,24.89221813595205,0.3063584057475044,0.3386873666507502,0.0,29.0,0.0,34.0,0.0,False,False,True,True,True,False,1.0,0
fixed_policy_information_responsiveness,IL_RD,IL,I0,RD,GFW,test_035_51fd398978b7,7abaf72660924f39b0c3de4eca048c4bfc88cc650ecff93ab95fe73dba109cce,3,True,physical_path,29.0,0.0,24.89221813595205,0.0,0.0,24.89221813595205,0.0,0.0,0.0,0.0,0.0,24.89221813595205,0.0,0.0,0.0,0.0,0.0,0.0,0.0,0.0,0.0,0.0,0.0,0.0,24.89221813595205,0.30581895172617385,0.33911406660142046,0.0,29.0,0.0,34.0,0.0,False,False,True,True,True,False,1.0,0
fixed_policy_information_responsiveness,IL_RD,IL,I0,RD,GFW,test_036_7eb6ac1ca077,0c9a87f5ff17777b85b5a6eeeaa638de53fb4b7d7f19e240d28c11f6cc64f47c,3,True,physical_path,29.0,0.0,24.89221813595205,0.0,0.0,24.89221813595205,0.0,0.0,0.0,0.0,0.0,24.89221813595205,0.0,0.0,0.0,0.0,0.0,0.0,0.0,0.0,0.0,0.0,0.0,0.0,24.89221813595205,0.30929685632923043,0.33248310000635684,0.0,29.0,0.0,34.0,0.0,False,False,True,True,True,False,1.0,0
fixed_policy_information_responsiveness,IL_RD,IL,I0,RD,GFW,test_037_f096257ecaa4,3929daae8a4ddc386215a14d62f0df20cc184dc67a9d3e9dfcf391616c8b09aa,3,True,physical_path,29.0,0.0,24.89221813595205,0.0,0.0,24.89221813595205,0.0,0.0,0.0,0.0,0.0,24.89221813595205,0.0,0.0,0.0,0.0,0.0,0.0,0.0,0.0,0.0,0.0,0.0,0.0,24.89221813595205,0.3075960540244805,0.3346217000701775,0.0,29.0,0.0,34.0,0.0,False,False,True,True,True,False,1.0,0
fixed_policy_information_responsiveness,IL_RD,IL,I0,RD,GFW,test_038_b05abc6e01b3,91d9ad359e88dd62f32db770d8fc971bf07ab01c0e8fc379b5a718e95e02a857,3,True,physical_path,29.0,0.0,24.89221813595205,0.0,0.0,24.89221813595205,0.0,0.0,0.0,0.0,0.0,24.89221813595205,0.0,0.0,0.0,0.0,0.0,0.0,0.0,0.0,0.0,0.0,0.0,0.0,24.89221813595205,0.3068082689671595,0.33219289996971685,0.0,29.0,0.0,34.0,0.0,False,False,True,True,True,False,1.0,0
fixed_policy_information_responsiveness,IL_RD,IL,I0,RD,GFW,test_039_9c0d1ebe6c19,e13ccaea86f54a246efc2c37fdff34f1d6d2c788bedc46e779cb26330eb19767,3,True,physical_path,29.0,0.0,24.89221813595205,0.0,0.0,24.89221813595205,0.0,0.0,0.0,0.0,0.0,24.89221813595205,0.0,0.0,0.0,0.0,0.0,0.0,0.0,0.0,0.0,0.0,0.0,0.0,24.89221813595205,0.3066438505661556,0.33434619995144504,0.0,29.0,0.0,34.0,0.0,False,False,True,True,True,False,1.0,0
fixed_policy_information_responsiveness,IL_RD,IL,I0,RD,GFW,test_040_11a8950c659e,8c86505470912e1666c9fc2940eaa827bdbe9a292d18acba8b65690bc5504edd,3,True,physical_path,29.0,0.0,24.89221813595205,0.0,0.0,24.89221813595205,0.0,0.0,0.0,0.0,0.0,24.89221813595205,0.0,0.0,0.0,0.0,0.0,0.0,0.0,0.0,0.0,0.0,0.0,0.0,24.89221813595205,0.3068911218346664,0.33612073337038356,0.0,29.0,0.0,34.0,0.0,False,False,True,True,True,False,1.0,0
fixed_policy_information_responsiveness,IL_RD,IL,I0,RD,GFW,test_041_e58f21dcc209,8ac790e22f29b9e6016d417a41ae81357645899a955003b28c3db743adaf7651,3,True,physical_path,29.0,0.0,24.89221813595205,0.0,0.0,24.89221813595205,0.0,0.0,0.0,0.0,0.0,24.89221813595205,0.0,0.0,0.0,0.0,0.0,0.0,0.0,0.0,0.0,0.0,0.0,0.0,24.89221813595205,0.3060635862117312,0.33119626661452156,0.0,29.0,0.0,34.0,0.0,False,False,True,True,True,False,1.0,0
fixed_policy_information_responsiveness,IL_RD,IL,I0,RD,GFW,test_042_a77d2ece213a,f2460e8d37d7dd00974c41189f6e0ebf50b6f52ebee182f6c1995d712d434a80,3,True,physical_path,29.0,0.0,24.89221813595205,0.0,0.0,24.89221813595205,0.0,0.0,0.0,0.0,0.0,24.89221813595205,0.0,0.0,0.0,0.0,0.0,0.0,0.0,0.0,0.0,0.0,0.0,0.0,24.89221813595205,0.30572672297739173,0.32970216660760343,0.0,29.0,0.0,34.0,0.0,False,False,True,True,True,False,1.0,0
fixed_policy_information_responsiveness,IL_RD,IL,I0,RD,GFW,test_043_f1174106175c,9f0e52313eae7646721460bef1d7844c63ef6e6466e00cda6d88b59f753bdb44,3,True,physical_path,29.0,0.0,24.89221813595205,0.0,0.0,24.89221813595205,0.0,0.0,0.0,0.0,0.0,24.89221813595205,0.0,0.0,0.0,0.0,0.0,0.0,0.0,0.0,0.0,0.0,0.0,0.0,24.89221813595205,0.3069783723886371,0.3326190334434311,0.0,29.0,0.0,34.0,0.0,False,False,True,True,True,False,1.0,0
fixed_policy_information_responsiveness,IL_RD,IL,I0,RD,GFW,test_044_ed401c94714a,b8c9d29aa3de6cf470181459344c092f63897fea165efd006f3522d28d5b7546,3,True,physical_path,29.0,0.0,24.89221813595205,0.0,0.0,24.89221813595205,0.0,0.0,0.0,0.0,0.0,24.89221813595205,0.0,0.0,0.0,0.0,0.0,0.0,0.0,0.0,0.0,0.0,0.0,0.0,24.89221813595205,0.3077880724215473,0.33489319992562133,0.0,29.0,0.0,34.0,0.0,False,False,True,True,True,False,1.0,0
fixed_policy_information_responsiveness,IL_RD,IL,I0,RD,GFW,test_045_af7d3f616c1d,4016cea405cb4a960b6e35575052133785df257d690566934f375b42aaec6319,3,True,physical_path,29.0,0.0,24.89221813595205,0.0,0.0,24.89221813595205,0.0,0.0,0.0,0.0,0.0,24.89221813595205,0.0,0.0,0.0,0.0,0.0,0.0,0.0,0.0,0.0,0.0,0.0,0.0,24.89221813595205,0.30669894138211923,0.335905466771995,0.0,29.0,0.0,34.0,0.0,False,False,True,True,True,False,1.0,0
fixed_policy_information_responsiveness,IL_RD,IL,I0,RD,GFW,test_046_e35b743e6617,a2353a3737f40fe134958bb2e87b8e305fa8a93484beedd0e8bfecb9f57017a4,3,True,physical_path,29.0,0.0,24.89221813595205,0.0,0.0,24.89221813595205,0.0,0.0,0.0,0.0,0.0,24.89221813595205,0.0,0.0,0.0,0.0,0.0,0.0,0.0,0.0,0.0,0.0,0.0,0.0,24.89221813595205,0.3056740299022446,0.3398377332681169,0.0,29.0,0.0,34.0,0.0,False,False,True,True,True,False,1.0,0
fixed_policy_information_responsiveness,IL_RD,IL,I0,RD,GFW,test_047_20c1f89391c1,36ff09fb12219b2b6b87f6cf0c5423c116879052b34d4962c7ef266ec126ac57,3,True,physical_path,29.0,0.0,24.89221813595205,0.0,0.0,24.89221813595205,0.0,0.0,0.0,0.0,0.0,24.89221813595205,0.0,0.0,0.0,0.0,0.0,0.0,0.0,0.0,0.0,0.0,0.0,0.0,24.89221813595205,0.3063903816081797,0.33142993327540654,0.0,29.0,0.0,34.0,0.0,False,False,True,True,True,False,1.0,0
fixed_policy_information_responsiveness,IL_RD,IL,I0,RD,GFW,test_048_eeaf6a6a0a15,994d5fe747d109631079ca2dcc4446c2f6416a37c0e22f518eee625a1adb06f0,3,True,physical_path,29.0,0.0,24.89221813595205,0.0,0.0,24.89221813595205,0.0,0.0,0.0,0.0,0.0,24.89221813595205,0.0,0.0,0.0,0.0,0.0,0.0,0.0,0.0,0.0,0.0,0.0,0.0,24.89221813595205,0.3063087517224338,0.3317019334062934,0.0,29.0,0.0,34.0,0.0,False,False,True,True,True,False,1.0,0
fixed_policy_information_responsiveness,IL_RD,IL,I0,RD,GFW,test_049_343da3774e7e,67fbb29d58fe3b18a75d771f5cd686cc8e735fd689001d0916b3e6fc39ec79f7,3,True,physical_path,29.0,0.0,24.89221813595205,0.0,0.0,24.89221813595205,0.0,0.0,0.0,0.0,0.0,24.89221813595205,0.0,0.0,0.0,0.0,0.0,0.0,0.0,0.0,0.0,0.0,0.0,0.0,24.89221813595205,0.3076707701086356,0.3350426333490759,0.0,29.0,0.0,34.0,0.0,False,False,True,True,True,False,1.0,0
fixed_policy_information_responsiveness,IL_RD,IL,I0,RD,GFW,test_050_1c7612d8bc63,7009ba679041fca4f919f6d67b859e0c50e7cd8a1fa70db807d12180ce36fef5,3,True,physical_path,29.0,0.0,24.89221813595205,0.0,0.0,24.89221813595205,0.0,0.0,0.0,0.0,0.0,24.89221813595205,0.0,0.0,0.0,0.0,0.0,0.0,0.0,0.0,0.0,0.0,0.0,0.0,24.89221813595205,0.3090312023079772,0.3292365000428011,0.0,29.0,0.0,34.0,0.0,False,False,True,True,True,False,1.0,0
fixed_policy_information_responsiveness,IL_RD,IL,I0,RD,GFW,test_051_5747c87e6d9a,bb19bfcd3eaa9ae29a90b097a82f01dd9904f3e32ae9aa861440c9cf80f5fb0a,3,True,physical_path,29.0,0.0,24.89221813595205,0.0,0.0,24.89221813595205,0.0,0.0,0.0,0.0,0.0,24.89221813595205,0.0,0.0,0.0,0.0,0.0,0.0,0.0,0.0,0.0,0.0,0.0,0.0,24.89221813595205,0.3063884827565273,0.33414153327854973,0.0,29.0,0.0,34.0,0.0,False,False,True,True,True,False,1.0,0
fixed_policy_information_responsiveness,IL_RD,IL,I0,RD,GFW,test_052_9760565f31de,b277e216bbe75cc8b4046b1aa2c88aaae1bf926561535d906f0016105604e08f,3,True,physical_path,29.0,0.0,24.89221813595205,0.0,0.0,24.89221813595205,0.0,0.0,0.0,0.0,0.0,24.89221813595205,0.0,0.0,0.0,0.0,0.0,0.0,0.0,0.0,0.0,0.0,0.0,0.0,24.89221813595205,0.30647784595955807,0.33380583324469626,0.0,29.0,0.0,34.0,0.0,False,False,True,True,True,False,1.0,0
fixed_policy_information_responsiveness,IL_RD,IL,I0,RD,GFW,test_053_4473e6f72168,9feaa2d293c4a0b8af4c3aac58c9e8005521bc4d6f077825fadec29b0e53c01f,3,True,physical_path,29.0,0.0,24.89221813595205,0.0,0.0,24.89221813595205,0.0,0.0,0.0,0.0,0.0,24.89221813595205,0.0,0.0,0.0,0.0,0.0,0.0,0.0,0.0,0.0,0.0,0.0,0.0,24.89221813595205,0.3084445011603978,0.3377093666543563,0.0,29.0,0.0,34.0,0.0,False,False,True,True,True,False,1.0,0
fixed_policy_information_responsiveness,IL_RD,IL,I0,RD,GFW,test_054_c66f0b1dacc4,16ce17c1744d78faa37da5b4fb33e5bfea16723fc6b8a0bda692e50ec3e2b55e,3,True,physical_path,29.0,0.0,24.89221813595205,0.0,0.0,24.89221813595205,0.0,0.0,0.0,0.0,0.0,24.89221813595205,0.0,0.0,0.0,0.0,0.0,0.0,0.0,0.0,0.0,0.0,0.0,0.0,24.89221813595205,0.30762157930949724,0.33654676664931077,0.0,29.0,0.0,34.0,0.0,False,False,True,True,True,False,1.0,0
fixed_policy_information_responsiveness,IL_RD,IL,I0,RD,GFW,test_055_f90330578051,8df94c8ced26ea4c0c1fb973fcdb315e4aa4bd11418f4678cad692434784d305,3,True,physical_path,29.0,0.0,24.89221813595205,0.0,0.0,24.89221813595205,0.0,0.0,0.0,0.0,0.0,24.89221813595205,0.0,0.0,0.0,0.0,0.0,0.0,0.0,0.0,0.0,0.0,0.0,0.0,24.89221813595205,0.3067876655105288,0.3360817999734233,0.0,29.0,0.0,34.0,0.0,False,False,True,True,True,False,1.0,0
fixed_policy_information_responsiveness,IL_RD,IL,I0,RD,GFW,test_056_b2c64046cef9,21949659c92b6085fdcf7f8ded48b2ce45b53d882ca7a31b19d9fde23c9a706e,3,True,physical_path,29.0,0.0,24.89221813595205,0.0,0.0,24.89221813595205,0.0,0.0,0.0,0.0,0.0,24.89221813595205,0.0,0.0,0.0,0.0,0.0,0.0,0.0,0.0,0.0,0.0,0.0,0.0,24.89221813595205,0.30888415056537705,0.33656193339265883,0.0,29.0,0.0,34.0,0.0,False,False,True,True,True,False,1.0,0
fixed_policy_information_responsiveness,IL_RD,IL,I0,RD,GFW,test_057_bf11b8e004e2,2705d48abdd25cd31ce63dce45d98fc5d7a7014cbaa2b7e9d3841215da085223,3,True,physical_path,29.0,0.0,24.89221813595205,0.0,0.0,24.89221813595205,0.0,0.0,0.0,0.0,0.0,24.89221813595205,0.0,0.0,0.0,0.0,0.0,0.0,0.0,0.0,0.0,0.0,0.0,0.0,24.89221813595205,0.3068718321878334,0.3350948666532834,0.0,29.0,0.0,34.0,0.0,False,False,True,True,True,False,1.0,0
fixed_policy_information_responsiveness,IL_RD,IL,I0,RD,GFW,test_058_fbcfbffca03e,f3cffe67760837d34721010e552b7b113b7312cf23c606a8484b6a9212a6f2b7,3,True,physical_path,29.0,0.0,24.89221813595205,0.0,0.0,24.89221813595205,0.0,0.0,0.0,0.0,0.0,24.89221813595205,0.0,0.0,0.0,0.0,0.0,0.0,0.0,0.0,0.0,0.0,0.0,0.0,24.89221813595205,0.3066117229908919,0.3355029665399343,0.0,29.0,0.0,34.0,0.0,False,False,True,True,True,False,1.0,0
fixed_policy_information_responsiveness,IL_RD,IL,I0,RD,GFW,test_059_d22925a9593f,c98c7ab547b822f5e3f6bd57e8c1cac4fe3ffb8f9767451fb6469582500778c3,3,True,physical_path,29.0,0.0,24.89221813595205,0.0,0.0,24.89221813595205,0.0,0.0,0.0,0.0,0.0,24.89221813595205,0.0,0.0,0.0,0.0,0.0,0.0,0.0,0.0,0.0,0.0,0.0,0.0,24.89221813595205,0.30607722643441687,0.33332563331350684,0.0,29.0,0.0,34.0,0.0,False,False,True,True,True,False,1.0,0
fixed_policy_information_responsiveness,IL_RD,IL,I0,RD,GFW,test_060_b3feb9e274c2,3c86ab20f510c1061ab2e7f48b9256de5e0c280f7c3174b1c7b1d72c0dc53850,3,True,physical_path,29.0,0.0,24.89221813595205,0.0,0.0,24.89221813595205,0.0,0.0,0.0,0.0,0.0,24.89221813595205,0.0,0.0,0.0,0.0,0.0,0.0,0.0,0.0,0.0,0.0,0.0,0.0,24.89221813595205,0.3077441172556545,0.3306819333229214,0.0,29.0,0.0,34.0,0.0,False,False,True,True,True,False,1.0,0
fixed_policy_information_responsiveness,IL_RD,IL,I0,RD,GFW,test_061_627abde70c26,cf65918b4a1357466ba3ff0110bd4979bea1c5b3536ccf53783601c4166c8ca6,3,True,physical_path,29.0,0.0,24.89221813595205,0.0,0.0,24.89221813595205,0.0,0.0,0.0,0.0,0.0,24.89221813595205,0.0,0.0,0.0,0.0,0.0,0.0,0.0,0.0,0.0,0.0,0.0,0.0,24.89221813595205,0.3044771298916004,0.33381136669777334,0.0,29.0,0.0,34.0,0.0,False,False,True,True,True,False,1.0,0
fixed_policy_information_responsiveness,IL_RD,IL,I0,RD,GFW,test_062_0c9ea14e9507,8862784afef2156ec2bb9a00ad9818b4d1388563f98bbba5abeb4f579f5d3719,3,True,physical_path,29.0,0.0,24.89221813595205,0.0,0.0,24.89221813595205,0.0,0.0,0.0,0.0,0.0,24.89221813595205,0.0,0.0,0.0,0.0,0.0,0.0,0.0,0.0,0.0,0.0,0.0,0.0,24.89221813595205,0.3103944436705875,0.3338964666860799,0.0,29.0,0.0,34.0,0.0,False,False,True,True,True,False,1.0,0
fixed_policy_information_responsiveness,IL_RD,IL,I0,RD,GFW,test_063_44f0f2a191ef,b8eaab80f4cb12634be223f90a9511d83ae0a0c70e808e91a4421d33496959d7,3,True,physical_path,29.0,0.0,24.89221813595205,0.0,0.0,24.89221813595205,0.0,0.0,0.0,0.0,0.0,24.89221813595205,0.0,0.0,0.0,0.0,0.0,0.0,0.0,0.0,0.0,0.0,0.0,0.0,24.89221813595205,0.30573024023217205,0.3364858333176623,0.0,29.0,0.0,34.0,0.0,False,False,True,True,True,False,1.0,0
fixed_policy_information_responsiveness,IL_RD,IL,I0,RD,GFW,test_064_27d69866b791,2ec0c0a718a10df192ec10de190b328be4edfb62be1f83170a30bcefaeb9a769,3,True,physical_path,29.0,0.0,24.89221813595205,0.0,0.0,24.89221813595205,0.0,0.0,0.0,0.0,0.0,24.89221813595205,0.0,0.0,0.0,0.0,0.0,0.0,0.0,0.0,0.0,0.0,0.0,0.0,24.89221813595205,0.30695477702879703,0.3325222666996221,0.0,29.0,0.0,34.0,0.0,False,False,True,True,True,False,1.0,0
fixed_policy_information_responsiveness,IL_RD,IL,I0,RD,GFW,test_065_930038cc16e9,18fb933270e55e8c52b9a38602689fa29979759dbcbae5ef58a9c981f50bf3b8,3,True,physical_path,29.0,0.0,24.89221813595205,0.0,0.0,24.89221813595205,0.0,0.0,0.0,0.0,0.0,24.89221813595205,0.0,0.0,0.0,0.0,0.0,0.0,0.0,0.0,0.0,0.0,0.0,0.0,24.89221813595205,0.30521333909689863,0.3323668999752651,0.0,29.0,0.0,34.0,0.0,False,False,True,True,True,False,1.0,0
fixed_policy_information_responsiveness,IL_RD,IL,I0,RD,GFW,test_066_28fb87ba4913,ff4f107913023d14c03bc1cd6277514f73f4407f2764dfbf0e0deb814377968c,3,True,physical_path,29.0,0.0,24.89221813595205,0.0,0.0,24.89221813595205,0.0,0.0,0.0,0.0,0.0,24.89221813595205,0.0,0.0,0.0,0.0,0.0,0.0,0.0,0.0,0.0,0.0,0.0,0.0,24.89221813595205,0.3076999988487183,0.3346570667345077,0.0,29.0,0.0,34.0,0.0,False,False,True,True,True,False,1.0,0
fixed_policy_information_responsiveness,IL_RD,IL,I0,RD,GFW,test_067_4d46fa716471,c5230648af9c4f4dc0776a75f661ec73f22b489cfafbd075c40df451d1313df6,3,True,physical_path,29.0,0.0,24.89221813595205,0.0,0.0,24.89221813595205,0.0,0.0,0.0,0.0,0.0,24.89221813595205,0.0,0.0,0.0,0.0,0.0,0.0,0.0,0.0,0.0,0.0,0.0,0.0,24.89221813595205,0.30821607813731516,0.33377759996801615,0.0,29.0,0.0,34.0,0.0,False,False,True,True,True,False,1.0,0
fixed_policy_information_responsiveness,IL_RD,IL,I0,RD,GFW,test_068_93da1d4ae1ba,0b8d0dd08db87d627b90309f160d00d1ddeb6b00d7f4987587040229f4a4cd12,3,True,physical_path,29.0,0.0,24.89221813595205,0.0,0.0,24.89221813595205,0.0,0.0,0.0,0.0,0.0,24.89221813595205,0.0,0.0,0.0,0.0,0.0,0.0,0.0,0.0,0.0,0.0,0.0,0.0,24.89221813595205,0.30673012296380153,0.33312866658282775,0.0,29.0,0.0,34.0,0.0,False,False,True,True,True,False,1.0,0
fixed_policy_information_responsiveness,IL_RD,IL,I0,RD,GFW,test_069_5b01ea54b2fa,22f60a5da5be788b709a0bf9475f8c37f0b33916bebd0799ebaaf3285655bfee,3,True,physical_path,29.0,0.0,24.89221813595205,0.0,0.0,24.89221813595205,0.0,0.0,0.0,0.0,0.0,24.89221813595205,0.0,0.0,0.0,0.0,0.0,0.0,0.0,0.0,0.0,0.0,0.0,0.0,24.89221813595205,0.3047301023101284,0.3335293667235722,0.0,29.0,0.0,34.0,0.0,False,False,True,True,True,False,1.0,0
fixed_policy_information_responsiveness,IL_RD,IL,I0,RD,GFW,test_070_0cd9bcac96c3,ac8bd7f7939970c5e1b97489aabbaa29f40b1929a2ec3f09189cf2fcbfdb65d8,3,True,physical_path,29.0,0.0,24.89221813595205,0.0,0.0,24.89221813595205,0.0,0.0,0.0,0.0,0.0,24.89221813595205,0.0,0.0,0.0,0.0,0.0,0.0,0.0,0.0,0.0,0.0,0.0,0.0,24.89221813595205,0.3063205322036627,0.33462446671910584,0.0,29.0,0.0,34.0,0.0,False,False,True,True,True,False,1.0,0
fixed_policy_information_responsiveness,IL_RD,IL,I0,RD,GFW,test_071_34f77888383f,978827093da846cddfccde9ad52348bfe9f4f64568eca4ff8d64b6c87e54255a,3,True,physical_path,29.0,0.0,24.89221813595205,0.0,0.0,24.89221813595205,0.0,0.0,0.0,0.0,0.0,24.89221813595205,0.0,0.0,0.0,0.0,0.0,0.0,0.0,0.0,0.0,0.0,0.0,0.0,24.89221813595205,0.30905276781279895,0.334753533359617,0.0,29.0,0.0,34.0,0.0,False,False,True,True,True,False,1.0,0
fixed_policy_information_responsiveness,IL_RD,IL,I0,RD,GFW,test_072_8e59fac0e6c8,7e93a48e903b3b29e9cfd61aa6f7d8a149899a2101332226be7e94ab1036b791,3,True,physical_path,29.0,0.0,24.89221813595205,0.0,0.0,24.89221813595205,0.0,0.0,0.0,0.0,0.0,24.89221813595205,0.0,0.0,0.0,0.0,0.0,0.0,0.0,0.0,0.0,0.0,0.0,0.0,24.89221813595205,0.3054546942431266,0.32900166674517095,0.0,29.0,0.0,34.0,0.0,False,False,True,True,True,False,1.0,0
fixed_policy_information_responsiveness,IL_RD,IL,I0,RD,GFW,test_073_69349232969b,98f56d41ffdac696e79f292345c77fd1c847a37b978773ffd2afa3f0e762e364,3,True,physical_path,29.0,0.0,24.89221813595205,0.0,0.0,24.89221813595205,0.0,0.0,0.0,0.0,0.0,24.89221813595205,0.0,0.0,0.0,0.0,0.0,0.0,0.0,0.0,0.0,0.0,0.0,0.0,24.89221813595205,0.30448102988516806,0.3344527999870479,0.0,29.0,0.0,34.0,0.0,False,False,True,True,True,False,1.0,0
fixed_policy_information_responsiveness,IL_RD,IL,I0,RD,GFW,test_074_212affc962e2,7d251f36a1555111a2468d4970c61d10b0c63026c731e32ba65369bfc9953ed2,3,True,physical_path,29.0,0.0,24.89221813595205,0.0,0.0,24.89221813595205,0.0,0.0,0.0,0.0,0.0,24.89221813595205,0.0,0.0,0.0,0.0,0.0,0.0,0.0,0.0,0.0,0.0,0.0,0.0,24.89221813595205,0.30698559769354333,0.3299153666788091,0.0,29.0,0.0,34.0,0.0,False,False,True,True,True,False,1.0,0
fixed_policy_information_responsiveness,IL_RD,IL,I0,RD,GFW,test_075_8de4e41c7ad9,f6e2cc1671f3817f471476cdc0ea3e4c954a82516e22ca96f1df04c71aa23737,3,True,physical_path,29.0,0.0,24.89221813595205,0.0,0.0,24.89221813595205,0.0,0.0,0.0,0.0,0.0,24.89221813595205,0.0,0.0,0.0,0.0,0.0,0.0,0.0,0.0,0.0,0.0,0.0,0.0,24.89221813595205,0.3065263310356344,0.3320021000690758,0.0,29.0,0.0,34.0,0.0,False,False,True,True,True,False,1.0,0
fixed_policy_information_responsiveness,IL_RD,IL,I0,RD,GFW,test_076_48339f21c8ec,853e1b8854e71655bed802e1be24dc8a42971835025d7aa7dbf46c74d675b80a,3,True,physical_path,29.0,0.0,24.89221813595205,0.0,0.0,24.89221813595205,0.0,0.0,0.0,0.0,0.0,24.89221813595205,0.0,0.0,0.0,0.0,0.0,0.0,0.0,0.0,0.0,0.0,0.0,0.0,24.89221813595205,0.31051900345114886,0.3371861666285743,0.0,29.0,0.0,34.0,0.0,False,False,True,True,True,False,1.0,0
fixed_policy_information_responsiveness,IL_RD,IL,I0,RD,GFW,test_077_b1f2e84dc844,3406e400e027376c2dbe2fee84527ba3bfe158dccb8dc19847f8c1a5352837e1,3,True,physical_path,29.0,0.0,24.89221813595205,0.0,0.0,24.89221813595205,0.0,0.0,0.0,0.0,0.0,24.89221813595205,0.0,0.0,0.0,0.0,0.0,0.0,0.0,0.0,0.0,0.0,0.0,0.0,24.89221813595205,0.3047077114982852,0.3363533999460439,0.0,29.0,0.0,34.0,0.0,False,False,True,True,True,False,1.0,0
fixed_policy_information_responsiveness,IL_RD,IL,I0,RD,GFW,test_078_367d379a9297,7bade50184dce11fbc666840ca45900919f933cd311c2d8fa880ff6d09435abe,3,True,physical_path,29.0,0.0,24.89221813595205,0.0,0.0,24.89221813595205,0.0,0.0,0.0,0.0,0.0,24.89221813595205,0.0,0.0,0.0,0.0,0.0,0.0,0.0,0.0,0.0,0.0,0.0,0.0,24.89221813595205,0.3061526149067086,0.32935683336108923,0.0,29.0,0.0,34.0,0.0,False,False,True,True,True,False,1.0,0
fixed_policy_information_responsiveness,IL_RD,IL,I0,RD,GFW,test_079_bce06ca59758,ff56b6eb3c0d8f48ee02d373f6389dde2a5668b3bacfe1e705a846d1358b242f,3,True,physical_path,29.0,0.0,24.89221813595205,0.0,0.0,24.89221813595205,0.0,0.0,0.0,0.0,0.0,24.89221813595205,0.0,0.0,0.0,0.0,0.0,0.0,0.0,0.0,0.0,0.0,0.0,0.0,24.89221813595205,0.30511919309481467,0.33386923326179385,0.0,29.0,0.0,34.0,0.0,False,False,True,True,True,False,1.0,0
fixed_policy_information_responsiveness,IL_RD,IL,I0,RD,GFW,test_080_e669407a98d7,31e2c2faa0cbb0b52eefc4b81b351cc72890d54a6b3415456f0ffeff79bad4e2,3,True,physical_path,29.0,0.0,24.89221813595205,0.0,0.0,24.89221813595205,0.0,0.0,0.0,0.0,0.0,24.89221813595205,0.0,0.0,0.0,0.0,0.0,0.0,0.0,0.0,0.0,0.0,0.0,0.0,24.89221813595205,0.30665918390919594,0.3356940333421032,0.0,29.0,0.0,34.0,0.0,False,False,True,True,True,False,1.0,0
fixed_policy_information_responsiveness,IL_RD,IL,I0,RD,GFW,test_081_fbbd80304765,e343ae809aeaa214a9c78b7dcdff12843f4529e8d7becf97c29383d1c3a40026,3,True,physical_path,29.0,0.0,24.89221813595205,0.0,0.0,24.89221813595205,0.0,0.0,0.0,0.0,0.0,24.89221813595205,0.0,0.0,0.0,0.0,0.0,0.0,0.0,0.0,0.0,0.0,0.0,0.0,24.89221813595205,0.3064291712656703,0.3375841000427802,0.0,29.0,0.0,34.0,0.0,False,False,True,True,True,False,1.0,0
fixed_policy_information_responsiveness,IL_RD,IL,I0,RD,GFW,test_082_2cf496ac3a99,932e9092c3c0d00461792008e4071b3f0a7d7a5addfdd599dafb60c3e4113dc8,3,True,physical_path,29.0,0.0,24.89221813595205,0.0,0.0,24.89221813595205,0.0,0.0,0.0,0.0,0.0,24.89221813595205,0.0,0.0,0.0,0.0,0.0,0.0,0.0,0.0,0.0,0.0,0.0,0.0,24.89221813595205,0.3102524126317866,0.3400489666964859,0.0,29.0,0.0,34.0,0.0,False,False,True,True,True,False,1.0,0
fixed_policy_information_responsiveness,IL_RD,IL,I0,RD,GFW,test_083_4cbdde5f376f,df70ad099e6cd48e1019af4014d77c36a8e26f43c62b1d6ff6cd66f2e969c07f,3,True,physical_path,29.0,0.0,24.89221813595205,0.0,0.0,24.89221813595205,0.0,0.0,0.0,0.0,0.0,24.89221813595205,0.0,0.0,0.0,0.0,0.0,0.0,0.0,0.0,0.0,0.0,0.0,0.0,24.89221813595205,0.3095753126397686,0.3331299332591395,0.0,29.0,0.0,34.0,0.0,False,False,True,True,True,False,1.0,0
fixed_policy_information_responsiveness,IL_RD,IL,I0,RD,GFW,test_084_513eb18f351c,2798b753be095b8d0471e7c935f6bebf4b36419368bd78b20043e405fd99e124,3,True,physical_path,29.0,0.0,24.89221813595205,0.0,0.0,24.89221813595205,0.0,0.0,0.0,0.0,0.0,24.89221813595205,0.0,0.0,0.0,0.0,0.0,0.0,0.0,0.0,0.0,0.0,0.0,0.0,24.89221813595205,0.30725440687778266,0.32931429993671674,0.0,29.0,0.0,34.0,0.0,False,False,True,True,True,False,1.0,0
fixed_policy_information_responsiveness,IL_RD,IL,I0,RD,GFW,test_085_650c50514b66,ff1e33829d663b2a3750ba472b87c501555710e4ba1bac54715e3fc56b55ba71,3,True,physical_path,29.0,0.0,24.89221813595205,0.0,0.0,24.89221813595205,0.0,0.0,0.0,0.0,0.0,24.89221813595205,0.0,0.0,0.0,0.0,0.0,0.0,0.0,0.0,0.0,0.0,0.0,0.0,24.89221813595205,0.305912413773523,0.3329641332384199,0.0,29.0,0.0,34.0,0.0,False,False,True,True,True,False,1.0,0
fixed_policy_information_responsiveness,IL_RD,IL,I0,RD,GFW,test_086_754dc8e1ab0e,976e396241ac3dbe642f7f43c25b34b582453ec030052f6ab05972d97d83ac8c,3,True,physical_path,29.0,0.0,24.89221813595205,0.0,0.0,24.89221813595205,0.0,0.0,0.0,0.0,0.0,24.89221813595205,0.0,0.0,0.0,0.0,0.0,0.0,0.0,0.0,0.0,0.0,0.0,0.0,24.89221813595205,0.3082572103494072,0.3396732332961013,0.0,29.0,0.0,34.0,0.0,False,False,True,True,True,False,1.0,0
fixed_policy_information_responsiveness,IL_RD,IL,I0,RD,GFW,test_087_cbc79ee243dd,a9b51a5432bf4efc78c9df715d30d6e8619d9f7a08be0d0d302672bba5a2b451,3,True,physical_path,29.0,0.0,24.89221813595205,0.0,0.0,24.89221813595205,0.0,0.0,0.0,0.0,0.0,24.89221813595205,0.0,0.0,0.0,0.0,0.0,0.0,0.0,0.0,0.0,0.0,0.0,0.0,24.89221813595205,0.3077142597577567,0.3326044666270415,0.0,29.0,0.0,34.0,0.0,False,False,True,True,True,False,1.0,0
fixed_policy_information_responsiveness,IL_RD,IL,I0,RD,GH,test_000_4ae657b9eeec,75ed41740f0c0ea197ff0f6944b61b9920fa00e925068801312b85d79b461d66,3,True,physical_path,29.0,79.0,16371.608728256759,102224.63005424972,0.0,118596.23878250648,8927.126397185653,99786.27985378169,3976.548822312286,3582.263508534959,1385.5669650960779,938.453235595848,44.35186876790987,1450.631354227139,8081.3902406658935,0.0005658202072662521,189.3589019089492,189.35946772915645,1552.0134069047426,5.29999238379501e-07,79.0,9.777211041711e-07,0.011882224352591293,3976.536940087933,118596.23878250651,2.425363233331698,5.025711999973282,17.0,12.0,0.0,34.0,79.0,False,False,True,True,True,False,1.0,0
fixed_policy_information_responsiveness,IL_RD,IL,I0,RD,GH,test_001_dde9993de777,b808f465cc0e3fe36a03bec0642f5929d80ca792c9eab50b8a5f7d736e2b2a4a,3,True,physical_path,29.0,79.0,15067.723130541262,107655.81375549624,0.0,122723.53688603752,8326.254918490034,104739.24322045331,4203.32503235242,3233.8654681559387,1278.222645240293,942.6256013455298,42.468075751616034,1315.532531104237,8264.723377517917,0.0004506788859832079,200.15788419503875,200.15833487392476,1497.9937847849626,6.887715921583944e-07,79.0,9.56832065026856e-07,0.009464256605647365,4203.315568095814,122723.53688603752,2.410373697686277,5.180416699886943,17.0,12.0,0.0,34.0,79.0,False,False,True,True,True,False,1.0,0
fixed_policy_information_responsiveness,IL_RD,IL,I0,RD,GH,test_002_f01217ab0e79,24aabe5c62e36a790e477ed18aff5dac1142b7af1d1d88af275176c9d7ea1387,3,True,physical_path,29.0,79.0,15835.871206506774,91912.7767409658,0.0,107748.64794747258,8330.837119009475,90380.55751925353,3580.79936115219,3202.436863924273,1313.70065574001,940.3164283931274,41.46456759606564,1301.600042558681,7468.850608918982,0.0004976377795512019,170.51375765518188,170.5142552929614,1493.8538007880225,4.553571208113041e-07,79.0,9.610910463637445e-07,0.01045039337057524,3580.7889107588194,107748.64794747262,2.4109344229787246,5.016725433291867,17.0,12.0,0.0,34.0,79.0,False,False,True,True,True,False,1.0,0
fixed_policy_information_responsiveness,IL_RD,IL,I0,RD,GH,test_003_eb3106001035,0fccfaeb1ade372557c677b5e07cb40e189af0a7e2bbdb2c2978a5d58d41fc2d,3,True,physical_path,29.0,79.0,15729.480618249343,101287.68860359878,0.0,117017.16922184812,8596.717476375272,98790.89662042749,3943.2806839482946,3403.293228078767,1341.9516468582403,941.0295661600827,43.32320847813278,1378.4061649770065,7966.897715077696,0.0005365506879148076,187.7747341135166,187.7752706642045,1521.2247183283914,5.427505809424937e-07,79.0,9.889898227669317e-07,0.011267564446210958,3943.2694163838482,117017.16922184818,2.4340025885110914,5.244312700039397,17.0,12.0,0.0,34.0,79.0,False,False,True,True,True,False,1.0,0
fixed_policy_information_responsiveness,IL_RD,IL,I0,RD,GH,test_004_55a330aff5c4,9a4b0569bbc20b830eb1ee3bb7731626cfbae3f9f8cf1cf45343c7ba4ed58e52,3,True,physical_path,29.0,79.0,15936.62268434646,93475.8270290083,0.0,109412.44971335476,8486.71370830658,91769.42639056197,3636.1151516470527,3258.7072541303933,1321.9435085443554,939.543700164404,42.32201921417009,1348.00032847402,7568.901496482435,0.0004877240372225138,173.14785283058436,173.14834055462157,1505.2896815045508,5.030114129535668e-07,79.0,9.750674258260813e-07,0.010242204781672789,3636.104909442272,109412.44971335476,2.405431800021458,5.198643466690555,17.0,12.0,0.0,34.0,79.0,False,False,True,True,True,False,1.0,0
fixed_policy_information_responsiveness,IL_RD,IL,I0,RD,GH,test_005_981c73a17708,bd46abfec5f078f3c0b19ad420f7d1eec7f2f95d2b406a00ba59ae9d93fc20a4,3,True,physical_path,29.0,79.0,15256.770263201208,100234.15178370103,0.0,115490.92204690223,8310.570291675189,97906.61125769421,3909.441167753486,3150.419300835418,1272.4117603986656,941.4682685452439,42.04461458667699,1315.2163114566054,7878.251003900817,0.0004169623385150368,186.16344816877984,186.16386513111834,1497.7788660918911,5.464085856222918e-07,79.0,9.608040199243497e-07,0.008756209108815772,3909.4324115443765,115490.92204690223,2.3953146930976676,5.116399299974243,17.0,12.0,0.0,34.0,79.0,False,False,True,True,True,False,1.0,0
fixed_policy_information_responsiveness,IL_RD,IL,I0,RD,GH,test_006_daba4b1e9814,75d8e3ad38430229f3cdc728b83652efff820d1f0dd36a5cd061b247917ecdf8,3,True,physical_path,29.0,79.0,15845.899911497845,98112.34095536424,0.0,113958.24086686212,8508.86048665096,96049.70645967625,3821.691744953023,3314.3126079443996,1323.8449491475292,939.8246184899555,42.741159549916546,1361.863017452401,7810.531967761318,0.00048809088704440846,181.98483309735215,181.98532118823917,1506.929262998158,6.44871240147265e-07,79.0,9.7520140911499e-07,0.010249908627932578,3821.681495044395,113958.24086686212,2.370804352881173,5.13236843328923,17.0,12.0,0.0,34.0,79.0,False,False,True,True,True,False,1.0,0
fixed_policy_information_responsiveness,IL_RD,IL,I0,RD,GH,test_007_925513ee8ec6,957d3dac7377db030d8efcc559a3fc404ec47b9f9427c91498d013d77b53a266,3,True,physical_path,29.0,79.0,18616.646613523615,97346.1632490181,0.0,115962.80986254172,9913.94332162,95551.56243494432,3759.16685987553,4239.480507828012,1566.872860737319,931.7838775365058,47.862465014886226,1695.5609039984604,8044.034301253577,0.0008416924059102995,179.00710401595268,179.00794570835862,1645.5900738867585,5.200512782358097e-07,79.0,9.863400891505809e-07,0.01767554052411629,3759.1491843350063,115962.80986254169,2.449063344823796,5.139562999984871,17.0,12.0,0.0,34.0,79.0,False,False,True,True,True,False,1.0,0
fixed_policy_information_responsiveness,IL_RD,IL,I0,RD,GH,test_008_fabe46a0ea00,0996fbf8c5be056e9a791faf37c1568c2dc3325672b618fb6690495c48960310,3,True,physical_path,29.0,79.0,14775.18976150675,93368.05013882181,0.0,108143.23990032857,7826.29819217899,91627.84717569964,3648.7990245760498,2869.66868153478,1226.8378500254908,943.7889763136145,39.763744632857566,1190.695927078444,7446.425241164013,0.0004049209183459596,173.75192958270304,173.75233450362137,1449.0197761653787,5.505606477331997e-07,79.0,9.495408284325851e-07,0.008503339285265152,3648.790521236764,108143.23990032857,2.380835975860192,5.152106866706163,17.0,12.0,0.0,34.0,79.0,False,False,True,True,True,False,1.0,0
fixed_policy_information_responsiveness,IL_RD,IL,I0,RD,GH,test_009_c8ef87e47101,03ce056d9504b5b9251870ba36fce4267bfe22fa89f4bd0577a9954153b78ab2,3,True,physical_path,29.0,79.0,14648.508530192436,105808.25912219546,0.0,120456.76765238789,8252.368799952847,102732.64111987833,4125.651932959383,3158.4816692238105,1244.7193640312419,942.9047663422804,42.63988908310694,1329.044402655273,8099.297913659114,0.0003918913950280694,196.45922396381366,196.45961585520874,1473.030655536697,6.676766540674109e-07,79.0,9.803509819653117e-07,0.008229719295589457,4125.643703240087,120456.76765238789,2.3887233862160953,5.373943666694686,17.0,12.0,0.0,34.0,79.0,False,False,True,True,True,False,1.0,0
fixed_policy_information_responsiveness,IL_RD,IL,I0,RD,GH,test_010_613ab99db82c,8253022823d5a215e2583b996ae67139d72d8adc75a9ea76d7291e805e31f0a2,3,True,physical_path,29.0,79.0,14373.595263893338,91167.41523774237,0.0,105541.01050163571,7637.660913107903,89442.64456414408,3562.5091573202953,2723.740495801017,1170.390858440846,1004.0645128215625,38.847522030153364,1159.3383139783534,7279.136925177013,0.00032920776741744397,169.64296399796095,169.64329320572836,1426.5233362793958,5.260184116436074e-07,79.0,9.87564026981465e-07,0.006913363115766323,3562.50224395718,105541.01050163571,2.375862678165023,4.7777921000185115,18.0,11.0,0.0,34.0,79.0,False,False,True,True,True,False,1.0,0
fixed_policy_information_responsiveness,IL_RD,IL,I0,RD,GH,test_011_8a2e74b38d5d,b824165b944fb1d86e7d4136e62bf979a2d34ce44df3cdf01e75a763724ca312,3,True,physical_path,29.0,79.0,15865.21239732285,113199.95382011232,0.0,129065.16621743517,9054.040594283812,109613.2428782002,4402.359184770935,3695.466483631771,1379.7207908406472,920.3362857078104,45.70629211475748,1499.0580819137042,8631.691982731862,0.0005641214931098757,209.63558753426568,209.6361516557588,1558.6928410725375,6.667978329796175e-07,79.0,9.587928605903428e-07,0.01184655135530739,4402.347338219578,129065.16621743517,2.4418537954200357,5.363923099978517,16.666666666666668,12.333333333333334,0.0,34.0,79.0,False,False,True,True,True,False,1.0,0
fixed_policy_information_responsiveness,IL_RD,IL,I0,RD,GH,test_012_b6bdc05b20a7,edeec4d1f91f6f1c3ba0da1aaf276e2980c22cd017c9d346001dbdbeef6561d5,3,True,physical_path,29.0,79.0,16203.45127588608,104987.96211366395,0.0,121191.41338955001,8947.29997312782,102274.6435169194,4082.341522281769,3567.57238533668,1380.5764073406729,938.9795845437038,44.694028995053905,1459.1781689137633,8239.769131100767,0.0005533722424249311,194.39666197450848,194.39721534675093,1563.3870140436202,5.596609804337835e-07,79.0,9.868658588898982e-07,0.011620817090923552,4082.3299014646786,121191.41338955004,2.4437721379277906,5.2786972667090595,17.0,12.0,0.0,34.0,79.0,False,False,True,True,True,False,1.0,0
fixed_policy_information_responsiveness,IL_RD,IL,I0,RD,GH,test_013_040653995d85,2a3f86788826a75d0de1d4e0c5a0a4ad5dd4e8f1e00bcf6e5fda30c62147be3e,3,True,physical_path,29.0,79.0,14519.586098590991,87751.24662215037,0.0,102270.83272074135,7650.515175871452,86311.86712391891,3425.356586278125,2763.1883158808837,1177.0547046817362,942.8508141102265,39.1570913393956,1181.7686657863142,7088.393255289454,0.0003411811320915905,163.11187721306433,163.1122183941964,1407.2106604926482,5.09772436098767e-07,79.0,9.679528883379647e-07,0.007164803773923401,3425.349421474351,102270.83272074132,2.3463335367770672,4.927187500055879,17.0,12.0,0.0,34.0,79.0,False,False,True,True,True,False,1.0,0
fixed_policy_information_responsiveness,IL_RD,IL,I0,RD,GH,test_014_f00647451070,7ad601c322ea2fcf691d98774905f79d0c6933a53f28eeac922ceab084665ca3,3,True,physical_path,29.0,79.0,14766.342532364251,92061.80996212126,0.0,106828.15249448553,7859.630451306068,90314.0050603655,3592.2121867066744,2912.1012995646047,1226.6341327061448,923.5693638365298,40.00477350845845,1209.0760940664002,7361.6197158714385,0.0004124726210045491,171.05731070388734,171.05772317650835,1440.3923047081837,5.345905339363391e-07,79.0,9.749236657618665e-07,0.00866192504109553,3592.2035247816334,106828.15249448553,2.349318581622565,4.90704863347734,16.666666666666668,12.333333333333334,0.0,34.0,79.0,False,False,True,True,True,False,1.0,0
fixed_policy_information_responsiveness,IL_RD,IL,I0,RD,GH,test_015_643a837775f9,0bdb5da5c9f39a1f5f16016cd38cb9bd2d3650ade00801bf72abf1b5c1ef2fe9,3,True,physical_path,29.0,79.0,18597.553430369197,108972.96010703273,0.0,127570.51353740193,10305.074880731909,105982.53615539482,4209.856090543716,4522.4221520339715,1617.8442888737172,932.7799698237726,49.88201809607826,1786.3219148606615,8664.36284928414,0.0009629328698058029,200.46837471206902,200.46933764493883,1685.7481717796818,5.711922356417555e-07,79.0,9.736293370583662e-07,0.020221590265921855,4209.83586895345,127570.51353740192,2.4510576218371978,5.0955750667490065,17.0,12.0,0.0,34.0,79.0,False,False,True,True,True,False,1.0,0
fixed_policy_information_responsiveness,IL_RD,IL,I0,RD,GH,test_016_45a90ccef8bd,5d3ce39b508a4ccb3e9dcf8f61989ac456296e3755e7ad04d31e21895bc1ec7a,3,True,physical_path,29.0,79.0,16070.71639873131,108981.4002903673,0.0,125052.1166890986,9102.850383683626,105665.9344079898,4232.767063610666,3715.418487982896,1395.840037983975,939.3063078476449,45.7052198976906,1507.1792524211385,8414.765557855471,0.0005809298890892231,201.5597554325236,201.5603363624127,1565.1444946670956,5.690183330499424e-07,79.0,9.72041522434161e-07,0.012199527670873685,4232.7548640829955,125052.1166890986,2.424230140229773,5.248463699982191,17.0,12.0,0.0,34.0,79.0,False,False,True,True,True,False,1.0,0
fixed_policy_information_responsiveness,IL_RD,IL,I0,RD,GH,test_017_ebd333a3cdba,a3c85008563f8c8c015d326ebf96d911a84dfa810c1806a6610330bd74827e2b,3,True,physical_path,29.0,79.0,16211.030190542604,99079.63916135642,0.0,115290.66935189902,8751.23755018186,96944.09844256779,3855.375110264477,3446.59950214045,1354.513914196911,938.8448325475309,43.70890970156139,1421.0709114279016,7892.212355378088,0.0005060067027505408,183.58878495827238,183.5892909649751,1530.2834003386924,6.223867036997887e-07,79.0,9.477988619694106e-07,0.01062614075776136,3855.3644841237196,115290.66935189902,2.3610112413753295,4.85633539998283,17.0,12.0,0.0,34.0,79.0,False,False,True,True,True,False,1.0,0
fixed_policy_information_responsiveness,IL_RD,IL,I0,RD,GH,test_018_9466cee538c9,86253eb5a2d091cc16d1f9a3a320e171c30977628d47b9c2faefafd18ea0aa0d,3,True,physical_path,29.0,79.0,16680.64659010503,99555.5891254525,0.0,116236.23571555753,9035.09937217374,97320.96418480988,3866.9940843414915,3656.2565515748465,1418.890210963082,938.031311694513,44.70217510120623,1472.1196183591892,7966.571663116531,0.0006316921112932915,184.14194375272163,184.14257544483291,1563.5204659206768,5.138573256881133e-07,79.0,9.307013816842053e-07,0.013265534337159123,3866.9808188071534,116236.23571555754,2.4160598770115826,5.077514366634811,17.0,12.0,0.0,34.0,79.0,False,False,True,True,True,False,1.0,0
fixed_policy_information_responsiveness,IL_RD,IL,I0,RD,GH,test_019_9d2b7462a57a,e3686a781bf5d9cc8a1a95f6cfee4adb410e97762f9815f7f575cd1c7c688f06,3,True,physical_path,29.0,79.0,17465.84179242451,98699.03176743998,0.0,116164.87355986449,9505.360609535199,96420.14645681978,3814.4057214164036,4005.7611019841693,1484.6644248619268,934.5352452470153,46.91926566024742,1618.8832429437896,7983.504966660993,0.0007145379551055738,181.63765314854035,181.63836768649546,1592.6285852300407,5.766663360204606e-07,79.0,9.8053137995439e-07,0.01500529705721705,3814.390716119347,116164.87355986451,2.41660210573457,5.237979733307536,17.0,12.0,0.0,34.0,79.0,False,False,True,True,True,False,1.0,0
fixed_policy_information_responsiveness,IL_RD,IL,I0,RD,GH,test_020_701c8d28bc45,64a6b03bce01c1a89c724a633f63003ecd11109f06a7e37ec1b0cd196da48626,3,True,physical_path,29.0,79.0,16326.770575467242,104959.07506668968,0.0,121285.84564215694,9096.617036772852,102056.23435638692,4076.376467282377,3711.3487137458565,1406.6302888590228,938.6387791099022,45.41388456496725,1502.4452516825768,8213.112873984699,0.0005991988233947477,194.11256590986122,194.1131651086846,1562.8502117271992,5.050815691135498e-07,79.0,9.77506910418744e-07,0.012583175291289697,4076.363884107086,121285.84564215691,2.440930294266356,5.178418933336313,17.0,12.0,0.0,34.0,79.0,False,False,True,True,True,False,1.0,0
fixed_policy_information_responsiveness,IL_RD,IL,I0,RD,GH,test_021_69299bc5d0bf,6e755751a4e65a356d16122e1fe19db7f245d1323155a143f838c95d128bde6f,3,True,physical_path,29.0,79.0,15956.416478467583,94813.38493722356,0.0,110769.80141569115,8459.515272007053,93078.17238946752,3693.175855830923,3274.858122959808,1324.4618408562321,939.6179345696128,42.175654731911585,1338.5515310310802,7644.824538938686,0.0004963437479839665,175.8650206005817,175.8655169443297,1506.0680861997737,5.45054921566578e-07,79.0,9.900964418090149e-07,0.0104232187076633,3693.1654326122157,110769.80141569115,2.3711555953881565,4.907587133270378,17.0,12.0,0.0,34.0,79.0,False,False,True,True,True,False,1.0,0
fixed_policy_information_responsiveness,IL_RD,IL,I0,RD,GH,test_022_1b3e72c80b5f,206d3dd2f49133cdef746f58bc516b176cdbc2a51f7ebbbc523df6455ae5b53c,3,True,physical_path,29.0,79.0,16473.026380419233,92851.34200999404,0.0,109324.36839041328,8692.330158150518,91297.86292889631,3607.8647625097315,3418.3104617417225,1369.755934919065,938.2441441958905,42.97228345827841,1389.0808636058537,7601.132286725294,0.0005529745319156238,171.8025309545029,171.80308392903484,1536.0545201172984,5.026652060892398e-07,79.0,9.769095278332215e-07,0.0116124651702281,3607.853150044562,109324.36839041323,2.3920856839094053,4.895440533446769,17.0,12.0,0.0,34.0,79.0,False,False,True,True,True,False,1.0,0
fixed_policy_information_responsiveness,IL_RD,IL,I0,RD,GH,test_023_90a8af416c5a,6f307309d3320cf90229ccbd42690532f83de1f86a41507c5e6229792230343f,3,True,physical_path,29.0,79.0,17035.05280318785,101018.06955178613,0.0,118053.12235497398,9360.23345529572,98453.24085402658,3911.9278010854564,3931.9481263505318,1458.6261631121963,937.14595510347,46.75522930026167,1597.153186052098,8047.41815673186,0.00069462365085419,186.28158161851377,186.2822762421646,1576.9326193856284,6.434307458730318e-07,79.0,9.777697427800328e-07,0.014587096667937989,3911.9132139887893,118053.12235497397,2.248944035621531,4.608418899898727,17.0,12.0,0.0,34.0,79.0,False,False,True,True,True,False,1.0,0
fixed_policy_information_responsiveness,IL_RD,IL,I0,RD,GH,test_024_e90f261f99e2,a2217a451505b72ecffb15b706f82fa13dd02e5246239352e71c874c3e2b909b,3,True,physical_path,29.0,79.0,15399.471423920957,103845.19905235642,0.0,119244.67047627737,8606.354309016831,100955.56758861094,4042.4530773382708,3383.5307951912982,1315.5838005665764,941.1809055534881,43.609765843278545,1392.873809411757,8056.507356591438,0.0004661413965265213,192.4972994461402,192.49776558753672,1513.2845624014026,5.704178494103408e-07,79.0,9.402194677046521e-07,0.009788969327056947,4042.443288368944,119244.67047627742,2.3687195264327543,5.032909199983503,17.0,12.0,0.0,34.0,79.0,False,False,True,True,True,False,1.0,0
fixed_policy_information_responsiveness,IL_RD,IL,I0,RD,GH,test_025_0c3eeaae0824,481de4be35a821cd093f24ffad7eca6efe30e96f4cd9848aff621fcb70d542fd,3,True,physical_path,29.0,79.0,15599.106279533866,103023.71255890146,0.0,118622.81883843533,8481.954225188189,100591.0434779824,4013.934992213474,3287.5742168612455,1307.7139163242948,940.5980098656619,42.85087813083873,1351.2418500630877,8090.435927787828,0.00048368862049482574,191.13927784535448,191.13976153397496,1521.779255424178,6.853367135770934e-07,79.0,9.407252992827314e-07,0.010157461030391342,4013.924834752444,118622.81883843528,2.350170372404565,5.092803366637479,17.0,12.0,0.0,34.0,79.0,False,False,True,True,True,False,1.0,0
fixed_policy_information_responsiveness,IL_RD,IL,I0,RD,GH,test_026_770d47ae1768,0f2bea7027db9d8baf45b68efc718379be3d8148c45feaa470d4d0623fef3f41,3,True,physical_path,29.0,79.0,15184.213527307773,112186.25632392208,0.0,127370.46985122985,8599.622238605596,108717.36827898912,4374.25748966179,3434.5911489578716,1302.2659855515033,942.3647094639828,43.688775440386195,1387.3826459124218,8502.56712173714,0.00046349711732852303,208.29751220106314,208.29797569818047,1511.5472533789962,7.151575005350564e-07,79.0,9.477376521124838e-07,0.009733439463898983,4374.247756222326,127370.46985122988,2.353901427579059,5.27219386662667,17.0,12.0,0.0,34.0,79.0,False,False,True,True,True,False,1.0,0
fixed_policy_information_responsiveness,IL_RD,IL,I0,RD,GH,test_027_df5d670513fa,81fd0061cbc1e7018bd5b9eb1239ce1515bc6cbada40b12f82000eb260b5e055,3,True,physical_path,29.0,79.0,16161.943108744623,95818.75683118186,0.0,111980.69993992649,8604.581242709706,94000.49952249887,3728.631980901108,3361.1578149841857,1346.7910088219533,939.0383700106737,42.73968329597159,1368.8926162357584,7730.31528976792,0.0005285665807099376,177.553375285853,177.5539038524337,1525.2012766603095,4.913339384952125e-07,79.0,9.696023476518337e-07,0.011099898194908689,3728.620881002913,111980.69993992649,2.361975917234032,5.113597266686459,17.0,12.0,0.0,34.0,79.0,False,False,True,True,True,False,1.0,0
fixed_policy_information_responsiveness,IL_RD,IL,I0,RD,GH,test_028_e9fb02365dd3,5d802ed0aa2ed1e79c8a0eb81c45c7d2acaad5c313db1e25b12244cb5da1a3f1,3,True,physical_path,29.0,79.0,14902.554943275949,93907.30364343004,0.0,108809.85858670599,7906.258656098234,92114.40453730799,3667.4554100837718,2942.5132901237243,1236.0628474687862,943.1638456234924,39.91976768441153,1202.7213275202757,7484.572331140545,0.0004135754493962498,174.64032023806354,174.64073381351295,1448.5157506863886,4.968457786126601e-07,79.0,9.845955127588067e-07,0.008685084437321248,3667.4467249993345,108809.85858670599,2.342083781593661,5.066194599959999,17.0,12.0,0.0,34.0,79.0,False,False,True,True,True,False,1.0,0
fixed_policy_information_responsiveness,IL_RD,IL,I0,RD,GH,test_029_b44f60718c5a,864fc5477a80617dcd1dfd105218334b6714ff3283b58095987765279672cc93,3,True,physical_path,29.0,79.0,14579.354352997945,100216.90005890891,0.0,114796.25441190686,7999.5639322866255,97676.48493678674,3913.4846693395575,2983.6517162536634,1219.3039608168056,1003.7651964234507,40.738619309765674,1239.556942070924,7790.094384600598,0.00037856369313288285,186.3560342620001,186.35641282569324,1463.6970744338876,5.900848780664442e-07,79.0,9.921304579036432e-07,0.00794983755579054,3913.4767195020017,114796.25441190686,2.3774304689609327,5.002048299958308,18.0,11.0,0.0,34.0,79.0,False,False,True,True,True,False,1.0,0
fixed_policy_information_responsiveness,IL_RD,IL,I0,RD,GH,test_030_038f4c53d11f,c289c0180e19d4efe38d6fb3cf749dc58fb2fc82a28248babf37eba4d050247c,3,True,physical_path,29.0,79.0,15802.042075489118,94356.10222523374,0.0,110158.14430072287,8393.422090425214,92580.01859820871,3676.4686995002,3254.0196565074716,1314.1802513218263,940.0350047594392,42.12964540119204,1335.4012046191326,7588.099022155434,0.0004900206094930413,175.06944805082858,175.0699380714381,1493.094424440853,5.594445845868498e-07,79.0,9.891956894562735e-07,0.010290432799353868,3676.4584090674,110158.14430072287,2.3467873321878243,4.750561433300997,17.0,12.0,0.0,34.0,79.0,False,False,True,True,True,False,1.0,0
fixed_policy_information_responsiveness,IL_RD,IL,I0,RD,GH,test_031_0a6ff70351b5,66453c50834fa3dcd176a36c69c2cd344e4023d8d34a02e0efe688cf2781c3f9,3,True,physical_path,29.0,79.0,14808.076921977612,99767.25097143328,0.0,114575.32789341088,8066.067188158867,97443.9721524504,3897.8825006141615,2989.418500724539,1234.7573279014116,943.2302235614974,40.993847487805006,1251.8508656501238,7795.885805862233,0.0003802767698965709,185.61307213342823,185.61345241019816,1466.4851908972394,5.414657288176421e-07,79.0,9.341760878279264e-07,0.00798581216782799,3897.8745148019934,114575.32789341085,2.381912364362172,5.113375033329551,17.0,12.0,0.0,34.0,79.0,False,False,True,True,True,False,1.0,0
fixed_policy_information_responsiveness,IL_RD,IL,I0,RD,GH,test_032_efdf826e6bc3,f68d8f9fe8ed71a08598d0d2dbfcc8624aee20f294eb03c5d0d1b47b192231a8,3,True,physical_path,29.0,79.0,16516.31779295742,99666.84179164807,0.0,116183.15958460548,8960.294800863203,97400.71429677651,3870.4511370216496,3587.1355516835633,1387.618048808569,976.945749451998,44.34501497829708,1463.8965210188474,7965.747697362368,0.0005643540745765464,184.30663264695636,184.30719700103091,1555.2494232648262,5.595250369665807e-07,79.0,9.174497175735486e-07,0.011851435566107474,3870.4392855860838,116183.15958460548,2.392430868965905,5.173110966648285,17.666666666666668,11.333333333333334,0.0,34.0,79.0,False,False,True,True,True,False,1.0,0
fixed_policy_information_responsiveness,IL_RD,IL,I0,RD,GH,test_033_de0c441dba67,7ec9546050ec128248d8d481b870b6380d6ca6d723d82627518325ffbdc72f3a,3,True,physical_path,29.0,79.0,15933.452582192775,103850.9478531046,0.0,119784.40043529736,8789.804983073156,101148.00756190444,4041.1397357660485,3478.5096154293065,1348.0672925260506,978.8712465983671,43.91013225095381,1423.6072710616234,8123.9009061064535,0.0005129978876148738,192.43471251478135,192.43522551266895,1535.246889338365,5.842448358688314e-07,79.0,9.671785310981683e-07,0.010772955639912351,4041.128962810408,119784.40043529736,2.378128618384636,5.108401633333415,17.666666666666668,11.333333333333334,0.0,34.0,79.0,False,False,True,True,True,False,1.0,0
fixed_policy_information_responsiveness,IL_RD,IL,I0,RD,GH,test_034_a00d80b83640,0f4bc5cfced121212348bbd1013ec4964294f487da2bfeef2082f3134c966878,3,True,physical_path,29.0,79.0,15634.66424259566,103878.82394034928,0.0,119513.48818294494,8608.488838002124,101187.52942939791,4045.427301286203,3398.591505587743,1332.239650496377,941.2114581745487,43.36069956415427,1377.2487716742796,8106.41741540416,0.0005077747026245875,192.63888752464038,192.63939529934302,1522.1427309222393,5.909792803543842e-07,79.0,9.877884482882232e-07,0.01066326875511634,4045.4166380174483,119513.4881829449,2.3667955540104546,5.07203416658255,17.0,12.0,0.0,34.0,79.0,False,False,True,True,True,False,1.0,0
fixed_policy_information_responsiveness,IL_RD,IL,I0,RD,GH,test_035_51fd398978b7,b6fa16487d60759605dd86ad9e174dcae5c07eba9b0e4a208e41547329603d50,3,True,physical_path,29.0,79.0,14786.815732562902,97421.13263925859,0.0,112207.94837182149,7988.851842264376,95276.88908260886,3803.5070400788486,2965.557679998043,1230.05199857323,943.0907282981358,40.78193254395917,1242.320750123639,7669.933740179925,0.00039102729347811937,181.1189918336041,181.11938286089753,1456.3788659410511,6.254388789289765e-07,79.0,9.356098204548224e-07,0.008211573163040506,3803.4988285056857,112207.94837182149,2.3456085229977623,4.938000233378261,17.0,12.0,0.0,34.0,79.0,False,False,True,True,True,False,1.0,0
fixed_policy_information_responsiveness,IL_RD,IL,I0,RD,GH,test_036_7eb6ac1ca077,835e8a13ce793ee0d4c8d1922e6d12f857b647d3db30f415b92ebcca10cb9554,3,True,physical_path,29.0,79.0,15604.89847738875,99167.81343514448,0.0,114772.71191253322,8511.108723221858,96806.41901284514,3861.12204528719,3314.290199814288,1300.269566276256,979.5023650884787,42.62079453732749,1363.7453518633438,7822.410771078762,0.0004363541631559125,183.86251818332207,183.86295453748525,1502.4815115026224,5.576098442496117e-07,79.0,9.712074468947923e-07,0.009163437426274164,3861.1128818497637,114772.71191253322,2.3550731115037813,5.114782700082287,17.666666666666668,11.333333333333334,0.0,34.0,79.0,False,False,True,True,True,False,1.0,0
fixed_policy_information_responsiveness,IL_RD,IL,I0,RD,GH,test_037_f096257ecaa4,0504d3553dd1b04e2daf266d9385ecec583ac5ee5143240ec48390c3637711cc,3,True,physical_path,29.0,79.0,18983.08641505087,100377.83546852309,0.0,119360.92188357397,10317.036508111802,98096.63450361048,3863.6155646504376,4526.322042369121,1626.4998517357242,930.8134130963977,49.555980944643984,1791.3427753767303,8235.831655588718,0.0009669776050192947,183.98072657717773,183.98169355478277,1682.3243697047994,4.749827143866041e-07,79.0,9.794515534596249e-07,0.02030652970540519,3863.5952581207325,119360.92188357397,2.4651394827671393,5.209426899983858,17.0,12.0,0.0,34.0,79.0,False,False,True,True,True,False,1.0,0
fixed_policy_information_responsiveness,IL_RD,IL,I0,RD,GH,test_038_b05abc6e01b3,d70904feaac93846beafd0d4f452a87f57385097244d4e0d5b2934e20eff821f,3,True,physical_path,29.0,79.0,16485.149725284635,99138.50498724791,0.0,115623.65471253253,9080.828548212454,96627.94390836077,3841.662092448509,3733.3271162600818,1401.6658957621078,938.2271514886152,45.58200242864987,1530.8346428407967,7886.555473929039,0.0005923326875370796,182.93569778390815,182.9362901165957,1545.1413352758548,5.551521655768031e-07,79.0,9.401311069709888e-07,0.012438986438278671,3841.649653462071,115623.65471253255,2.2757692482836287,4.9020306000020355,17.0,12.0,0.0,34.0,79.0,False,False,True,True,True,False,1.0,0
fixed_policy_information_responsiveness,IL_RD,IL,I0,RD,GH,test_039_9c0d1ebe6c19,a764716cc7f8aeab39c2c2f073ba3bf25b0853e49b15690e7a526a3355477947,3,True,physical_path,29.0,79.0,15449.910597550966,103748.1891697204,0.0,119198.09976727136,8550.467296486438,101031.9072449173,4042.394748693528,3331.4887478178266,1301.1866804205326,940.6550489357119,43.33631678750373,1384.837005513429,8064.5942177694305,0.00043433947733593527,192.4945536935478,192.49498803302512,1503.109469391493,6.21847405981969e-07,79.0,9.687572953991945e-07,0.00912112902405464,4042.3856275645035,119198.09976727136,2.3908118011601185,5.502497333334759,17.0,12.0,0.0,34.0,79.0,False,False,True,True,True,False,1.0,0
fixed_policy_information_responsiveness,IL_RD,IL,I0,RD,GH,test_040_11a8950c659e,ce3f9b7a7902becf4bdfbdd9494b3f00f7d8b741e45d94aec742b61d96ed6b99,3,True,physical_path,29.0,79.0,14826.499676819707,97667.26380046007,0.0,112493.76347727976,8086.607043260256,95352.92792368295,3808.0028163521233,3061.324413368105,1242.6843070901523,942.2169735262202,41.61537573271821,1288.265087555673,7666.76162156078,0.0004166154395169805,181.33305082989966,181.3334674453392,1456.9414974066128,6.46305145101384e-07,79.0,9.84719690519556e-07,0.00874892422985659,3807.9940674278932,112493.7634772798,2.3777293620561513,4.97061746668381,17.0,12.0,0.0,34.0,79.0,False,False,True,True,True,False,1.0,0
fixed_policy_information_responsiveness,IL_RD,IL,I0,RD,GH,test_041_e58f21dcc209,20e0bcb4b669443da2e153571c054142078f1a87cfd8564b8fb31b4d19884070,3,True,physical_path,29.0,79.0,15827.8858107678,103885.66844563735,0.0,119713.55425640514,8638.70405983503,101360.84519858634,4049.646046555299,3388.8834390577517,1335.2269914647673,940.248520905922,43.35606783010949,1383.3737422302302,8133.848931652711,0.0005048009211167908,192.83978313028362,192.8402879312047,1529.3633977889551,5.869159949662297e-07,79.0,9.657923001803608e-07,0.01060081934345261,4049.6354457359557,119713.5542564051,2.41069224713124,5.194674333402266,17.0,12.0,0.0,34.0,79.0,False,False,True,True,True,False,1.0,0
fixed_policy_information_responsiveness,IL_RD,IL,I0,RD,GH,test_042_a77d2ece213a,50867af1413e5b1f4a57b100697daff06a7a7ddbbedf8273b0f515bdaa98e6d9,3,True,physical_path,29.0,79.0,13911.381404752896,100135.69806440563,0.0,114047.0794691585,7633.9188873233325,97637.83057712806,3918.1328867870593,2764.627984613897,1147.4565687370002,945.1125645691474,39.74051909144333,1179.7918802668853,7719.173730688287,0.0003047151930511571,186.57745179847643,186.57775651366947,1412.1579363380245,6.253392521882957e-07,79.0,9.796700853733553e-07,0.0063990190540742994,3918.1264877680055,114047.07946915849,2.354741375850535,5.206881166590999,17.0,12.0,0.0,34.0,79.0,False,False,True,True,True,False,1.0,0
fixed_policy_information_responsiveness,IL_RD,IL,I0,RD,GH,test_043_f1174106175c,e1c05921a15b70c43f0abce37906cec0d00142a1459fb9059ceffadf5f4c1ace,3,True,physical_path,29.0,79.0,18180.889204359835,93649.13839279953,0.0,111830.02759715938,9582.333445732009,92174.13774509054,3619.6147162619695,4001.713080386847,1519.4871081590343,932.7415015289303,46.40794203017273,1609.3353011370211,7811.930920052128,0.0007670721305686984,172.3618384641537,172.36260553628426,1617.1164117705675,4.965613941347152e-07,79.0,9.541987603571723e-07,0.016108514741942664,3619.5986077472276,111830.02759715934,2.421761951709016,5.052655233380695,17.0,12.0,0.0,34.0,79.0,False,False,True,True,True,False,1.0,0
fixed_policy_information_responsiveness,IL_RD,IL,I0,RD,GH,test_044_ed401c94714a,cdd3e3788096b9dacb2df0d0b62a1cb28d51b122523dcf031887b030038a9f0b,3,True,physical_path,29.0,79.0,14967.62485021977,101850.20305277809,0.0,116817.82790299786,8145.169284689269,99426.04909861316,3977.0555049655754,3072.1994612174444,1254.7537273322034,942.6008261801857,41.474005167424366,1272.6752864053788,7938.314104509055,0.00041592295149139733,189.3831795515997,189.38359547455119,1477.4784366613867,6.617396070367829e-07,79.0,9.960107517531612e-07,0.008734381981319343,3977.046770583594,116817.82790299784,2.3745471931132216,5.171592633317535,17.0,12.0,0.0,34.0,79.0,False,False,True,True,True,False,1.0,0
fixed_policy_information_responsiveness,IL_RD,IL,I0,RD,GH,test_045_af7d3f616c1d,0760d304a5c54d302e032eaa6ef8974da5965cac272efb3a66af257287e72ea4,3,True,physical_path,29.0,79.0,16069.146415084586,103707.77788691716,0.0,119776.92430200173,8783.962252411244,101174.86130809992,4036.9733222505693,3485.6974463531956,1355.7510400420558,939.6789328447635,43.833507312535296,1414.2345497399303,8148.823263032246,0.0005160866151291647,192.2363087824596,192.2368248690747,1537.632559484164,6.083159237239173e-07,79.0,9.493539996247645e-07,0.010837818917712459,4036.9624844316513,119776.92430200173,2.4156013436631523,5.196241533228506,17.0,12.0,0.0,34.0,79.0,False,False,True,True,True,False,1.0,0
fixed_policy_information_responsiveness,IL_RD,IL,I0,RD,GH,test_046_e35b743e6617,c0048e37b8520d7bfa898229e339686779b407fa7d2b062c359012d56267e7ec,3,True,physical_path,29.0,79.0,15619.229218737091,105886.31841454461,0.0,121505.54763328172,8587.181921284595,103146.32195614633,4129.011791047491,3373.6501749597405,1328.0950942249958,941.2866956185535,43.29343892065663,1369.7110004784108,8222.614050146409,0.0005001355460838973,196.61910896195351,196.6196090974996,1523.7317781828315,6.461517653075602e-07,79.0,9.517474165000511e-07,0.010502846467761841,4129.001288201024,121505.54763328172,2.3957040287345523,5.08867650005656,17.0,12.0,0.0,34.0,79.0,False,False,True,True,True,False,1.0,0
fixed_policy_information_responsiveness,IL_RD,IL,I0,RD,GH,test_047_20c1f89391c1,f2130b5fd299cb2fd05ecda0fd2c152640207395401d37a5f1e7253bbd0a35d8,3,True,physical_path,29.0,79.0,15392.364499864394,111828.72727842825,0.0,127221.09177829266,8728.132538363885,108374.72273718599,4358.651439878465,3489.2630049580844,1328.7070493285116,941.6150085777153,44.20136930364209,1410.3022644799858,8501.135703815044,0.0004837383142967364,207.5543467320888,207.5548304704031,1526.9235224363792,6.504170301341584e-07,79.0,9.558722676394844e-07,0.010158504600231466,4358.641281373864,127221.09177829266,2.347462193087685,5.227811233373359,17.0,12.0,0.0,34.0,79.0,False,False,True,True,True,False,1.0,0
fixed_policy_information_responsiveness,IL_RD,IL,I0,RD,GH,test_048_eeaf6a6a0a15,ebcee93a99cde79ceee231d38070645a6f701ecc4eb97b1e8abf3b74f65be4df,3,True,physical_path,29.0,79.0,15338.464262562667,103798.31354640685,0.0,119136.77780896949,8607.502147970723,100819.94047677309,4037.4503667937156,3415.1658192478703,1315.8909110919838,940.8280870920947,44.02301406288324,1414.8796230742894,8029.905541033632,0.0004886730012925463,192.2590526028899,192.25954127589122,1501.5892675167981,6.380610226659562e-07,79.0,9.863562758301885e-07,0.010262133027143473,4037.4401046606886,119136.77780896949,2.338238558630277,5.04256663331762,17.0,12.0,0.0,34.0,79.0,False,False,True,True,True,False,1.0,0
fixed_policy_information_responsiveness,IL_RD,IL,I0,RD,GH,test_049_343da3774e7e,c214ac02e921d1ab893b808c39160612ee2c6e853c942be7eb6c6df35facccd4,3,True,physical_path,29.0,79.0,15227.400433222967,89457.95987232354,0.0,104685.36030554649,7992.158316371596,87986.20193097166,3488.464995458722,2980.472251321911,1237.2616569787813,1000.8011544438014,40.013403500975386,1237.5756713628416,7272.137795906866,0.0003973521507256535,166.11698338397892,166.11738073612966,1463.8631260840102,4.4578451727993903e-07,79.0,9.975180432637568e-07,0.008344395165238723,3488.4566510635573,104685.36030554648,2.3119352563236166,4.811103366703416,18.0,11.0,0.0,34.0,79.0,False,False,True,True,True,False,1.0,0
fixed_policy_information_responsiveness,IL_RD,IL,I0,RD,GH,test_050_1c7612d8bc63,ca36b4544ddd266e5e7dac2cbd5076e4b80860d23b0cfeba892432607eb1c108,3,True,physical_path,29.0,79.0,14456.860328889516,94847.52721583417,0.0,109304.3875447237,7752.736515965359,92857.52055034052,3707.6181967469165,2808.0500772177,1175.521470999304,1002.9407334539422,39.59954129152977,1196.1230329984146,7475.969871534194,0.00032650146591631,176.55292096267294,176.55324746413888,1424.7634893726427,6.366526377954409e-07,79.0,9.83485765492729e-07,0.006856530784242511,3707.611340216132,109304.38754472374,2.2866178482674573,4.704508799981947,18.0,11.0,0.0,34.0,79.0,False,False,True,True,True,False,1.0,0
fixed_policy_information_responsiveness,IL_RD,IL,I0,RD,GH,test_051_5747c87e6d9a,e6daf165b6654b82650b4110a9d37185e59752e103161fa9379474087ef82a6e,3,True,physical_path,29.0,79.0,14046.760026635835,93490.98393549531,0.0,107537.74396213115,7608.358538583566,91455.9619300523,3654.1407558709675,2770.9790416442793,1161.5610795202454,886.7426164597836,39.16339539764203,1168.2795039326975,7344.319025095305,0.0003263785264545691,174.00637628199584,174.00670266052228,1400.8528689703478,4.808943076107575e-07,79.0,9.704739875481515e-07,0.006853949055545952,3654.133901921912,107537.74396213115,2.1553135988511274,4.745180966642995,16.0,13.0,0.0,34.0,79.0,False,False,True,True,True,False,1.0,0
fixed_policy_information_responsiveness,IL_RD,IL,I0,RD,GH,test_052_9760565f31de,6035569faeed384797542e22427b98096943350bd372d90adabb2f7b8bd83c2d,3,True,physical_path,29.0,79.0,16298.319123925836,96483.36392348015,0.0,112781.68304740598,8782.207914376939,94448.03407862906,3747.5670974353925,3494.7355257132604,1370.7431678603452,938.395263390978,43.73329021038825,1424.90402927188,7757.017278652929,0.0005598034500871356,178.45501626490193,178.45557606835203,1530.2422315655913,5.177744029577225e-07,79.0,9.857374109032276e-07,0.011755872451829847,3747.5553415629406,112781.68304740598,2.3367771218402376,5.033145433369403,17.0,12.0,0.0,34.0,79.0,False,False,True,True,True,False,1.0,0
fixed_policy_information_responsiveness,IL_RD,IL,I0,RD,GH,test_053_4473e6f72168,17a3df2ca591ed3526e75386d9ef68be536d2e20274236e9f585e3eab4517305,3,True,physical_path,29.0,79.0,15896.613564002531,96246.65418709263,0.0,112143.26775109518,8669.248527361584,94012.51877449134,3738.1013645753865,3442.7990540973065,1341.119990710403,939.4800398591618,43.493302586664434,1409.1352101042012,7680.124047933178,0.0004962861197696423,178.00433059842246,178.0048268845422,1514.4104848339205,4.78838685621266e-07,79.0,9.753112853802799e-07,0.010422008515162487,3738.090942566871,112143.26775109519,2.3294771494338526,4.955525433256601,17.0,12.0,0.0,34.0,79.0,False,False,True,True,True,False,1.0,0
fixed_policy_information_responsiveness,IL_RD,IL,I0,RD,GH,test_054_c66f0b1dacc4,41d8a5d8d4cfcde283bef35c1b2d5ce97e39ebb3c2113f99f8fd9b7941330476,3,True,physical_path,29.0,79.0,15031.92932952081,106221.76465022225,0.0,121253.69397974304,8300.242879055433,103412.75134004524,4148.049968068802,3182.3885595095617,1267.636986639869,942.6242464241359,42.1641639600899,1304.9525118452664,8181.815066587904,0.00041838848965249667,197.5257705671676,197.52618895565726,1492.7961329285447,6.191314608015084e-07,79.0,9.780266102680382e-07,0.00878615828270243,4148.04118191052,121253.69397974305,2.3057724425205213,5.118034933305656,17.0,12.0,0.0,34.0,79.0,False,False,True,True,True,False,1.0,0
fixed_policy_information_responsiveness,IL_RD,IL,I0,RD,GH,test_055_f90330578051,e326898d13671d058e9870b749033db5deaedc7911ad667ec11d6318f5e5b833,3,True,physical_path,29.0,79.0,16460.255999345783,108071.80220346297,0.0,124532.05820280877,9253.047461309681,104939.46696501068,4194.69939571722,3794.182501292765,1412.6598333594147,938.0020461189546,46.17776038097185,1547.3525180799998,8401.296859886676,0.0005718735766736448,199.74701839867183,199.74759027224854,1573.209814824277,6.30820658474777e-07,79.0,9.955767764060209e-07,0.01200934511014654,4194.687386372108,124532.05820280872,2.351064880472212,5.072492333284269,17.0,12.0,0.0,34.0,79.0,False,False,True,True,True,False,1.0,0
fixed_policy_information_responsiveness,IL_RD,IL,I0,RD,GH,test_056_b2c64046cef9,b502bb540057ea09101e5a92cf118d4c56c5e877b089e5a6174a0c5376124a73,3,True,physical_path,29.0,79.0,15373.111013722335,94894.79810899554,0.0,110267.90912271786,8266.296501609058,92901.05860183011,3698.259087257758,3133.8453621280864,1268.065223798445,1000.3843460944321,41.426812891967366,1304.3541629939125,7571.330342837253,0.0004124408690521696,176.10716314283374,176.10757558370275,1482.8952972247407,5.329630091417674e-07,79.0,9.701921282603121e-07,0.00866125825009556,3698.250425999508,110267.9091227179,2.294579581595722,4.734591000014916,18.0,11.0,0.0,34.0,79.0,False,False,True,True,True,False,1.0,0
fixed_policy_information_responsiveness,IL_RD,IL,I0,RD,GH,test_057_bf11b8e004e2,bd54b59477f900317d7a6030359d807e3fd1567aed129780d6c3a1179956b9b0,3,True,physical_path,29.0,79.0,15228.278551026235,98569.4928227465,0.0,113797.77137377275,8202.366522395087,96407.06412521786,3844.4677345082505,3116.8566243969467,1284.0421421436574,942.974225110966,41.35546614600333,1266.7525957591613,7789.87949542409,0.000467103261494214,183.069425016179,183.0698921194405,1489.040957111242,5.786490309788521e-07,79.0,9.554690583327745e-07,0.009809168491378494,3844.457925339759,113797.77137377276,2.308920347129112,4.827851333344976,17.0,12.0,0.0,34.0,79.0,False,False,True,True,True,False,1.0,0
fixed_policy_information_responsiveness,IL_RD,IL,I0,RD,GH,test_058_fbcfbffca03e,13831837259f85f8b98b1b4c0178e5e4f669e020ebeaab3661478609d357b2f2,3,True,physical_path,29.0,79.0,16873.76937358246,105146.62134534163,0.0,122020.39071892411,9305.148337018989,102439.17378508288,4077.5977342081787,3821.167130779382,1440.3296274036945,936.9741044310064,46.08464229822767,1548.4214848776428,8306.274129107105,0.0006357053144292462,194.17068497126556,194.17132067657997,1584.5582425670793,6.376099637114177e-07,79.0,9.448293478679055e-07,0.01334981160301417,4077.584384396576,122020.39071892411,2.3576907344890397,5.17740946666648,17.0,12.0,0.0,34.0,79.0,False,False,True,True,True,False,1.0,0
fixed_policy_information_responsiveness,IL_RD,IL,I0,RD,GH,test_059_d22925a9593f,65a524d66b35e81b093404e6035554728cfd659313f34e588cf5b6e2f203bf7e,3,True,physical_path,29.0,79.0,15143.444875025052,98603.64887118667,0.0,113747.09374621173,8206.253499247307,96345.77259963877,3846.066315954617,3130.3313054511837,1275.9510202884196,942.7190056314342,41.646558140273015,1285.457340067228,7766.105076802077,0.0004564261340410665,183.1455586193239,183.14601504545797,1482.5621840106635,5.55874693488263e-07,79.0,9.888997310578703e-07,0.009584948814862397,3846.056731005802,113747.09374621173,2.32708922988232,5.014520066712673,17.0,12.0,0.0,34.0,79.0,False,False,True,True,True,False,1.0,0
fixed_policy_information_responsiveness,IL_RD,IL,I0,RD,GH,test_060_b3feb9e274c2,fe682fe273560fd0980f751cdfa7c31a0af682fbc188f47a4be67cd05391ad49,3,True,physical_path,29.0,79.0,15954.64364353665,102346.69590197339,0.0,118301.33954551003,8722.026635073553,99855.79943699768,3983.551577108992,3451.193329102372,1348.7189129729684,940.0496542544697,43.6202401192651,1403.42784984156,8053.542077250187,0.0005019934381336849,189.6924302498472,189.69293224328533,1532.5962421567576,5.749232396366405e-07,79.0,9.83916447413827e-07,0.010541862200807384,3983.541035246791,118301.33954551005,2.3216985655043962,5.002557333325967,17.0,12.0,0.0,34.0,79.0,False,False,True,True,True,False,1.0,0
fixed_policy_information_responsiveness,IL_RD,IL,I0,RD,GH,test_061_627abde70c26,9c8b14e19bd2698ae546067471c6494d669882592255e3ba42b51e389929b531,3,True,physical_path,29.0,79.0,15803.18820928822,100351.25685438926,0.0,116154.44506367749,8599.671035166908,97991.71399228576,3906.8947710917805,3371.4434377397115,1343.8573465628451,940.8644808304658,43.02093048681194,1363.9867193305042,7934.588699133144,0.0005333460370469035,186.04207480119058,186.04260814722764,1527.7066682450595,4.997341569235222e-07,79.0,9.96679329229259e-07,0.011200266777984975,3906.8835708250026,116154.44506367746,2.3620982724027813,4.994644500004749,17.0,12.0,0.0,34.0,79.0,False,False,True,True,True,False,1.0,0
fixed_policy_information_responsiveness,IL_RD,IL,I0,RD,GH,test_062_0c9ea14e9507,af66fd8fb7365940ac5c1b9dc17d1039a43a9fd2a98560c7757a265c61778c70,3,True,physical_path,29.0,79.0,15796.477838651617,106440.83282833907,0.0,122237.3106669907,8755.387046513206,103581.5115274295,4143.760119805395,3461.5594481034855,1354.3581514695331,940.7343736696135,44.018360179096646,1408.4799397316701,8278.251646648268,0.0005342903322434854,197.32137617659131,197.32191046692355,1543.750448188931,6.191339646650075e-07,79.0,9.195040180112146e-07,0.011220096977113193,4143.748899708418,122237.31066699074,2.346216452853947,5.066333933345352,17.0,12.0,0.0,34.0,79.0,False,False,True,True,True,False,1.0,0
fixed_policy_information_responsiveness,IL_RD,IL,I0,RD,GH,test_063_44f0f2a191ef,9b047725f5e05c013bf644e7fe14234fc246265c97db48c08b1f430961820dbd,3,True,physical_path,29.0,79.0,14455.080127263702,100708.47389435001,0.0,115163.55402161372,7996.902134811865,98083.47658232407,3927.840147792658,3043.002845667595,1226.39132869282,885.9409823247042,41.08926181240578,1252.2254973392353,7804.6934623304915,0.0004026833063975768,187.03960435443923,187.04000703774565,1450.9480857339606,5.884067286362807e-07,79.0,9.420491138516673e-07,0.008456349434349112,3927.831691443224,115163.55402161372,2.1785799908082417,4.795878500056763,16.0,13.0,0.0,34.0,79.0,False,False,True,True,True,False,1.0,0
fixed_policy_information_responsiveness,IL_RD,IL,I0,RD,GH,test_064_27d69866b791,5f6b4edb7095f7ca58bdefc63fb823fc255df66a141464fcf1266546ab804d66,3,True,physical_path,29.0,79.0,14074.437128639574,90238.99551903414,0.0,104313.43264767369,7362.461335395441,88736.38680196366,3533.7947766692446,2591.021847908009,1144.2929406377782,945.4749450996,37.89265565631706,1097.8430009557048,7200.838255646799,0.00032496256209167766,168.27561678359243,168.2759417461545,1396.337171474699,5.599521005107671e-07,79.0,9.77962578574569e-07,0.006824213803925231,3533.7879524554405,104313.43264767372,2.2735714689726763,4.797272800079857,17.0,12.0,0.0,34.0,79.0,False,False,True,True,True,False,1.0,0
fixed_policy_information_responsiveness,IL_RD,IL,I0,RD,GH,test_065_930038cc16e9,ed770af97447cc6ec3b990ca1ef9540e1f795247d7d2c7f6ca7de9b23418ba1a,3,True,physical_path,29.0,79.0,14726.08096290308,104343.17089258628,0.0,119069.25185548935,8104.098803342423,101675.4807710084,4075.991604854791,3030.8245773216327,1239.1994663709036,943.6566325912095,41.469672948553686,1263.983409626373,8056.524456036536,0.00038901955299673873,194.09444930686564,194.09483832641862,1473.9198524377227,7.212874631810987e-07,79.0,9.135103711607561e-07,0.008169410612931513,4075.9834354441787,119069.25185548935,2.330040610357905,5.217039633309469,17.0,12.0,0.0,34.0,79.0,False,False,True,True,True,False,1.0,0
fixed_policy_information_responsiveness,IL_RD,IL,I0,RD,GH,test_066_28fb87ba4913,9b548ccc36e0f1fcf56118f1c4cd88441dc46405c6bb547e1dc04c4a67ae436a,3,True,physical_path,29.0,79.0,16621.00713820462,106395.30009393534,0.0,123016.30723213994,9344.041235041785,103306.34670748377,4125.11562348682,3871.582323001329,1431.7551853646348,937.466157761569,46.63011948197325,1577.3211255510826,8309.574101224518,0.0005953375569224603,196.43348197133923,196.43407730889615,1578.7167987216865,6.219848249948688e-07,79.0,9.233928579956706e-07,0.012502088695371666,4125.103121398123,123016.30723213991,2.3888181172439764,5.278618433435137,17.0,12.0,0.0,34.0,79.0,False,False,True,True,True,False,1.0,0
fixed_policy_information_responsiveness,IL_RD,IL,I0,RD,GH,test_067_4d46fa716471,b2be1c4651c379ec66a4cbbceabbb946a1f8949b548124874b8ecbdce94c77f3,3,True,physical_path,29.0,79.0,14740.779495787037,105580.69910328354,0.0,120321.47859907057,8271.612794214145,102562.71337134024,4120.961489085711,3170.196682712712,1253.0384238504887,942.9558378672963,42.52244885160213,1324.4550540826792,8081.345625161232,0.0004025953515700042,196.23585878968228,196.23626138503383,1477.6324305593635,5.916930443987217e-07,79.0,9.681967270466935e-07,0.008454502382970087,4120.953034583327,120321.47859907059,2.339075602307359,5.106112766700487,17.0,12.0,0.0,34.0,79.0,False,False,True,True,True,False,1.0,0
fixed_policy_information_responsiveness,IL_RD,IL,I0,RD,GH,test_068_93da1d4ae1ba,1e5fab7a4bc73a2c903c60a4ba54bd432fc478ccc1813a3002391fd1bcefe179,3,True,physical_path,29.0,79.0,16506.702574229468,108734.27683046793,0.0,125240.97940469741,9202.90409166317,105734.34874246603,4226.355924795821,3728.74228457995,1410.5470562838073,938.0813049086274,45.84404042901423,1526.3010053514618,8462.95562997708,0.0005740709691417407,201.25446996692708,201.25504403789623,1576.82654808811,6.158883070809531e-07,79.0,9.711956858499978e-07,0.012055490351976556,4226.343869305468,125240.97940469741,2.3674373045836674,4.889818099948267,17.0,12.0,0.0,34.0,79.0,False,False,True,True,True,False,1.0,0
fixed_policy_information_responsiveness,IL_RD,IL,I0,RD,GH,test_069_5b01ea54b2fa,ab74b72396ecc5ee23369a0401781e1eedea17a51518978cc28be65bd8c7c6de,3,True,physical_path,29.0,79.0,15783.018971089112,91872.4312109998,0.0,107655.4501820889,8397.27882047694,90212.13928039541,3574.3543839794033,3214.078733992193,1317.1540847851272,940.4448784598426,41.923345989218994,1323.0428625933737,7459.063031753946,0.0004928201279143829,170.2068587979389,170.2073516180668,1504.0138758267876,4.5678529230272325e-07,79.0,9.725827805633123e-07,0.010349222686202041,3574.3440347567175,107655.4501820889,2.3277272792886303,4.8576365666619195,17.0,12.0,0.0,34.0,79.0,False,False,True,True,True,False,1.0,0
fixed_policy_information_responsiveness,IL_RD,IL,I0,RD,GH,test_070_0cd9bcac96c3,af1c089b1585069ce3aa8660e2ccbc7790157d41b7564bd42a816925e624afb1,3,True,physical_path,29.0,79.0,16409.970980360755,104484.28144007991,0.0,120894.25242044067,9161.57792003465,101587.7670542565,4054.788495006498,3741.2403490884385,1410.4491721787533,938.4294298758485,45.566321113817345,1514.2418551875533,8191.4046451018,0.000569343172343354,193.08459708570854,193.0851664288809,1569.6890567304706,5.326441501941061e-07,79.0,9.678078823039862e-07,0.011956206619210435,4054.7765387998793,120894.25242044068,2.272086623007025,4.941310999915004,17.0,12.0,0.0,34.0,79.0,False,False,True,True,True,False,1.0,0
fixed_policy_information_responsiveness,IL_RD,IL,I0,RD,GH,test_071_34f77888383f,9ea4b08354972ecc8e92b86fbc35f8c0031316e3afe68c72a63a6e70a1bbc8a8,3,True,physical_path,29.0,79.0,14068.519947751285,95160.49524477038,0.0,109229.01519252166,7528.215589569103,93130.05034643749,3726.4442118567554,2742.4281070090237,1156.6071078759494,945.26982977337,38.9018334427027,1144.9340802183688,7445.711626450466,0.00033194834550817615,177.4493924257857,177.44972437413125,1401.8195911950195,5.377119099271407e-07,79.0,9.944208359172217e-07,0.006970915255671698,3726.4372409414996,109229.01519252169,2.1883173264407865,4.603175766766071,17.0,12.0,0.0,34.0,79.0,False,False,True,True,True,False,1.0,0
fixed_policy_information_responsiveness,IL_RD,IL,I0,RD,GH,test_072_8e59fac0e6c8,a92a7392849d15eefcaf1837db77746f72e76c3458114a652198fbbac7696f85,3,True,physical_path,29.0,79.0,14982.346905684799,102229.11038149527,0.0,117211.45728718008,8304.573700035917,99532.31829139493,3987.6513315841457,3153.10138297923,1252.4339687448849,981.3786124409156,42.06358192151516,1319.4622720504558,7927.5853240519,0.0003794614067448847,189.88777918545733,189.8881586468641,1484.579495278342,5.733645254303619e-07,79.0,9.602522475358579e-07,0.00796868954164258,3987.643362894604,117211.45728718002,2.2256342988413085,4.850038499959434,17.666666666666668,11.333333333333334,0.0,34.0,79.0,False,False,True,True,True,False,1.0,0
fixed_policy_information_responsiveness,IL_RD,IL,I0,RD,GH,test_073_69349232969b,2f362bb368dcdc730f872c8fef400b9c0f1ea176fcef502da962a890dc828cd3,3,True,physical_path,29.0,79.0,16119.147548936975,100181.05638144702,0.0,116300.20393038401,8857.582403177126,97655.00283102237,3890.950627605107,3580.737403631157,1376.6261180849826,939.3045468632671,44.44154180588081,1451.9688914112273,7914.643650279603,0.00057466835843246,185.2827885509324,185.28336321929078,1530.7393675657966,5.69173360810397e-07,79.0,9.744296140664288e-07,0.012068035527081659,3890.93855956958,116300.20393038401,2.256170982754543,4.778935966702799,17.0,12.0,0.0,34.0,79.0,False,False,True,True,True,False,1.0,0
fixed_policy_information_responsiveness,IL_RD,IL,I0,RD,GH,test_074_212affc962e2,5e264f6232f1c29e769f71e598177184ad84a0bf9ff8df6be008bd7148f26ae7,3,True,physical_path,29.0,79.0,16045.5846270513,98631.02674661414,0.0,114676.61137366544,8802.458275096162,96197.27472950383,3828.7217895258054,3542.2345615804284,1365.9404479497962,939.9815700094144,44.44181536680711,1455.6249709435915,7830.540326726313,0.0005649371143345768,182.3195202784002,182.32008521551452,1525.593078239133,5.776477326104408e-07,79.0,9.381506439943791e-07,0.011863679401026112,3828.709925846404,114676.61137366544,2.103524972406355,4.480694099950294,17.0,12.0,0.0,34.0,79.0,False,False,True,True,True,False,1.0,0
fixed_policy_information_responsiveness,IL_RD,IL,I0,RD,GH,test_075_8de4e41c7ad9,166abe46fe8875dd98f46b7b2978bf6ca11460aaf2ee4dda761e02f6149bab0d,3,True,physical_path,29.0,79.0,14894.315433881313,93565.66855880785,0.0,108459.98399268916,8010.4947355233135,91585.20841090781,3649.331933722235,3034.210118819941,1238.2505893750401,942.4882043408383,40.65838229364616,1248.5860437311014,7428.733094693511,0.00041205213912371623,173.7772990774911,173.77771112963023,1442.8798938905966,5.093669383070488e-07,79.0,9.84330364093772e-07,0.008653094921598043,3649.3232806273136,108459.98399268916,2.190520391949377,4.564152833307162,17.0,12.0,0.0,34.0,79.0,False,False,True,True,True,False,1.0,0
fixed_policy_information_responsiveness,IL_RD,IL,I0,RD,GH,test_076_48339f21c8ec,387a6bfe5e45be691df244ec9fae6a75828f663e05409a99728fee303e05e519,3,True,physical_path,29.0,79.0,16730.730279064792,107252.1011462795,0.0,123982.8314253443,9337.272449021808,104293.75717832742,4160.505653693776,3816.2629310860616,1437.420683421505,937.6125297937521,46.37717153271987,1558.1846632375552,8405.960527279021,0.0006088002372503774,198.11870804232345,198.1193168425607,1594.4924364302387,6.414216794040892e-07,79.0,9.81748052252267e-07,0.012784804982257925,4160.492868888793,123982.83142534434,2.2695850207010047,4.91667013328212,17.0,12.0,0.0,34.0,79.0,False,False,True,True,True,False,1.0,0
fixed_policy_information_responsiveness,IL_RD,IL,I0,RD,GH,test_077_b1f2e84dc844,327faba7b538b224eb0dff4c274be7b98e160c294f315741e33a3e501ab91753,3,True,physical_path,29.0,79.0,16194.210605716124,95377.59360064608,0.0,111571.80420636221,8703.094550460379,93415.72076721086,3704.7497322397703,3458.7399038142453,1351.148367397225,938.3508852397586,43.620153751547775,1423.6462335607368,7674.414124123095,0.0005171905209275805,176.41613672565862,176.41665391617957,1514.6457946723285,5.951138413035983e-07,79.0,9.850060043107682e-07,0.010861000939479191,3704.738871238831,111571.80420636223,2.2389181528839917,4.7299557666604715,17.0,12.0,0.0,34.0,79.0,False,False,True,True,True,False,1.0,0
fixed_policy_information_responsiveness,IL_RD,IL,I0,RD,GH,test_078_367d379a9297,f9d9eb992e504e9775b1d536a7a14d78c484ed66383cb9fe11fbb7eaa3b15364,3,True,physical_path,29.0,79.0,16127.936557165982,96991.51501659816,0.0,113119.45157376413,8631.742574990401,95077.53520744666,3773.3708139233204,3374.5279695473455,1324.1080901211255,938.1669177352651,42.96204236086819,1392.7978248078264,7781.962097388357,0.0004494763965421896,179.68387499614252,179.68432447253906,1514.6099480021428,5.721141351517283e-07,79.0,9.643376262998223e-07,0.009439004327385982,3773.361374918993,113119.45157376413,2.203281009192418,4.919050966699918,17.0,12.0,0.0,34.0,79.0,False,False,True,True,True,False,1.0,0
fixed_policy_information_responsiveness,IL_RD,IL,I0,RD,GH,test_079_bce06ca59758,354b6f6d5badf8b78b4e947bce85d66a812832394cae0b2d8d8905466cdff072,3,True,physical_path,29.0,79.0,13868.61046980779,93780.6827536754,0.0,107649.2932234832,7366.99057431873,91843.65020995394,3672.344643103861,2628.145104921746,1132.545276852603,1005.6174143323069,38.090991958911566,1103.214052230024,7364.2577579686595,0.0003125654760961862,174.87324186804108,174.87355443351717,1400.5610820079685,6.13465745870306e-07,79.0,9.861240626629035e-07,0.00656387499801991,3672.3380792288626,107649.29322348315,2.2002653034575195,4.6733690333397435,18.0,11.0,0.0,34.0,79.0,False,False,True,True,True,False,1.0,0
fixed_policy_information_responsiveness,IL_RD,IL,I0,RD,GH,test_080_e669407a98d7,121d71da3287fd0210c7b9434b794a18b7c744d477b29a53f3d620911cf9f336,3,True,physical_path,29.0,79.0,16099.61612727806,106326.3533476626,0.0,122425.96947494066,8903.209617709987,103434.27231901667,4138.66114660921,3621.9175577614783,1387.9047455691689,940.0040882741673,44.65321410038575,1448.2318477493834,8271.840151677987,0.0006071530360561785,197.07849506645007,197.07910221948615,1552.5220339234857,5.247114724670867e-07,79.0,9.773207393254069e-07,0.012750213757179748,4138.6483963954515,122425.96947494068,2.2725970321923668,4.818193866638467,17.0,12.0,0.0,34.0,79.0,False,False,True,True,True,False,1.0,0
fixed_policy_information_responsiveness,IL_RD,IL,I0,RD,GH,test_081_fbbd80304765,0b82e11f5cd1fea6f347b45e70d47396c0c136e422733b8ac33c145a65f3ca6e,3,True,physical_path,29.0,79.0,14332.030242619983,105092.03538410319,0.0,119424.06562672317,7922.039875518117,102282.32314246467,4109.567429064139,2955.182825105597,1209.6835685262538,945.2687860443962,40.80145729478158,1220.1420308409254,8052.105826267206,0.000370407927137869,195.6933166903652,195.69368709829234,1460.7207443767347,6.473135567884037e-07,79.0,9.760840421102885e-07,0.007778566469895248,4109.55965049767,119424.06562672317,2.230385447121707,4.92102813324891,17.0,12.0,0.0,34.0,79.0,False,False,True,True,True,False,1.0,0
fixed_policy_information_responsiveness,IL_RD,IL,I0,RD,GH,test_082_2cf496ac3a99,2a7046d4a4e1fe03445d9dae89497a78aa0ff11fe474d9f7fdbf7d09c4f5ff24,3,True,physical_path,29.0,79.0,16512.89282380448,103170.44567565715,0.0,119683.33849946164,9034.226446565637,100652.71887660085,4009.036085505159,3647.7660787668215,1401.6001297075145,937.9908823156229,44.765436230790975,1473.3688229105826,8158.314000384794,0.0005834673056312258,190.9058967948448,190.90648026215044,1562.134292378171,5.073728160036009e-07,79.0,9.758064329018236e-07,0.012252813418255739,4009.023832691741,119683.33849946159,2.263018451716708,4.954207866607855,17.0,12.0,0.0,34.0,79.0,False,False,True,True,True,False,1.0,0
fixed_policy_information_responsiveness,IL_RD,IL,I0,RD,GH,test_083_4cbdde5f376f,21703e1831e6b1210ccf39ad402121126a8f354e5dd13cff5081d7a07b4a2274,3,True,physical_path,29.0,79.0,15983.228566649255,98224.65870228111,0.0,114207.88726893037,8608.42424973226,96098.88536590751,3823.7252943352137,3381.286263937385,1355.0858709750767,940.4802240429198,42.91742911532031,1363.4134034035903,7829.01943761672,0.0005565633617571647,182.08160030974366,182.08215687310542,1524.1717082122561,5.277835817795107e-07,79.0,9.769573299704982e-07,0.011687830596900461,3823.7136065046166,114207.88726893037,2.2623518448290896,4.860742900054902,17.0,12.0,0.0,34.0,79.0,False,False,True,True,True,False,1.0,0
fixed_policy_information_responsiveness,IL_RD,IL,I0,RD,GH,test_084_513eb18f351c,341db6669dc186ed38f4ff6debc2545e4eb1d075fadf4fe32c2aabeb61a2d25b,3,True,physical_path,29.0,79.0,15803.190765989792,101036.54005099872,0.0,116839.73081698851,8640.9457648795,98557.52663150978,3932.85286436463,3421.0974857699002,1346.801777367418,940.5062930972912,43.520874276418624,1392.545978375947,7955.668576458217,0.0005417329935933757,187.27816609389356,187.27870782688714,1522.6340381736497,5.629052770948194e-07,79.0,9.412931054260817e-07,0.011376392865460895,3932.8414879717643,116839.73081698851,2.2629500011479933,4.597686200014626,17.0,12.0,0.0,34.0,79.0,False,False,True,True,True,False,1.0,0
fixed_policy_information_responsiveness,IL_RD,IL,I0,RD,GH,test_085_650c50514b66,e94f854176fa26c2ed212d69844def725d10578665dd847cab94c351dbec1cda,3,True,physical_path,29.0,79.0,17254.231018412873,101561.01925926468,0.0,118815.25027767755,9372.881512204754,99230.87432737932,3936.2784210783407,3884.970505051462,1454.859156567644,935.3863553959917,46.059968386267286,1566.0456944398431,8132.177365656057,0.0006438349558119915,187.44118574020328,187.4418295751591,1585.7556253646,5.579769846373587e-07,79.0,9.613997417309914e-07,0.013520534072051824,3936.264900544269,118815.2502776775,2.262404242530465,4.88619069995669,17.0,12.0,0.0,34.0,79.0,False,False,True,True,True,False,1.0,0
fixed_policy_information_responsiveness,IL_RD,IL,I0,RD,GH,test_086_754dc8e1ab0e,ea444f07bd4f0035c9bf3a885f359d285cd12879a434942844a860db87947cd3,3,True,physical_path,29.0,79.0,16656.18576676931,106719.69020138709,0.0,123375.87596815638,9193.017621947301,103900.17779174213,4148.170659829011,3751.511224469646,1406.675243473094,976.3234266952251,45.597692601800794,1529.596989364024,8354.635386580194,0.0005638423562655217,197.53137233997757,197.53193618233385,1572.8208384075922,6.679156282748189e-07,79.0,9.62804138790499e-07,0.011840689481575956,4148.1588191395285,123375.8759681564,2.2457028253153823,4.801119800036152,17.666666666666668,11.333333333333334,0.0,34.0,79.0,False,False,True,True,True,False,1.0,0
fixed_policy_information_responsiveness,IL_RD,IL,I0,RD,GH,test_087_cbc79ee243dd,691486e3c17626ca20c775eaa69679e041e484b6d253bf1a67a4cf50a423fb8c,3,True,physical_path,29.0,79.0,15326.027504249398,108078.53991241429,0.0,123404.56741666369,8664.578071286987,104832.97205940842,4208.972834647809,3436.8150218443793,1319.869626714827,941.3598027612592,44.2205960875121,1417.108496293564,8280.423971752038,0.0004915326811345244,200.42678630769072,200.42727784037186,1518.3328750758392,6.160176733917092e-07,79.0,9.719333406398663e-07,0.010322186303825013,4208.962512461505,123404.56741666367,2.259096671273161,4.893564966662477,17.0,12.0,0.0,34.0,79.0,False,False,True,True,True,False,1.0,0
fixed_policy_information_responsiveness,IL_RD,IL,I0,RD,GL,test_000_4ae657b9eeec,75ed41740f0c0ea197ff0f6944b61b9920fa00e925068801312b85d79b461d66,3,True,physical_path,29.0,79.0,16371.608728256759,102224.63005424972,0.0,118596.23878250648,8927.126397185653,99786.27985378169,3976.548822312286,3582.263508534959,1385.5669650960779,938.453235595848,44.35186876790987,1450.631354227139,8081.3902406658935,0.0005658202072662521,189.3589019089492,189.35946772915645,1552.0134069047426,5.29999238379501e-07,79.0,9.777211041711e-07,0.011882224352591293,3976.536940087933,118596.23878250651,2.2471979758728984,4.739504133351147,17.0,12.0,0.0,34.0,79.0,False,False,True,True,True,False,1.0,0
fixed_policy_information_responsiveness,IL_RD,IL,I0,RD,GL,test_001_dde9993de777,b808f465cc0e3fe36a03bec0642f5929d80ca792c9eab50b8a5f7d736e2b2a4a,3,True,physical_path,29.0,79.0,15067.723130541262,107655.81375549624,0.0,122723.53688603752,8326.254918490033,104739.24322045331,4203.32503235242,3233.8654681559387,1278.222645240293,942.6256013455298,42.468075751616034,1315.532531104237,8264.723377517917,0.0004506788859832079,200.15788419503875,200.15833487392476,1497.9937847849626,6.887715921583944e-07,79.0,9.56832065026856e-07,0.009464256605647365,4203.315568095814,122723.53688603752,2.2344576103329103,4.861690533347428,17.0,12.0,0.0,34.0,79.0,False,False,True,True,True,False,1.0,0
fixed_policy_information_responsiveness,IL_RD,IL,I0,RD,GL,test_002_f01217ab0e79,24aabe5c62e36a790e477ed18aff5dac1142b7af1d1d88af275176c9d7ea1387,3,True,physical_path,29.0,79.0,15835.871206506774,91912.7767409658,0.0,107748.64794747258,8330.837119009475,90380.55751925353,3580.79936115219,3202.436863924273,1313.70065574001,940.3164283931274,41.46456759606564,1301.600042558681,7468.850608918982,0.0004976377795512019,170.51375765518188,170.5142552929614,1493.8538007880225,4.553571208113041e-07,79.0,9.610910463637445e-07,0.01045039337057524,3580.7889107588194,107748.64794747262,2.232067897696391,4.604282066614057,17.0,12.0,0.0,34.0,79.0,False,False,True,True,True,False,1.0,0
fixed_policy_information_responsiveness,IL_RD,IL,I0,RD,GL,test_003_eb3106001035,0fccfaeb1ade372557c677b5e07cb40e189af0a7e2bbdb2c2978a5d58d41fc2d,3,True,physical_path,29.0,79.0,15729.480618249343,101287.68860359878,0.0,117017.16922184812,8596.717476375272,98790.89662042749,3943.2806839482946,3403.293228078767,1341.9516468582403,941.0295661600827,43.32320847813278,1378.4061649770065,7966.897715077696,0.0005365506879148076,187.7747341135166,187.7752706642045,1521.2247183283914,5.427505809424937e-07,79.0,9.889898227669317e-07,0.011267564446210958,3943.2694163838482,117017.16922184818,2.26720962529713,4.753935666754842,17.0,12.0,0.0,34.0,79.0,False,False,True,True,True,False,1.0,0
fixed_policy_information_responsiveness,IL_RD,IL,I0,RD,GL,test_004_55a330aff5c4,9a4b0569bbc20b830eb1ee3bb7731626cfbae3f9f8cf1cf45343c7ba4ed58e52,3,True,physical_path,29.0,79.0,15936.62268434646,93475.8270290083,0.0,109412.44971335476,8486.71370830658,91769.42639056197,3636.1151516470527,3258.7072541303933,1321.9435085443554,939.543700164404,42.32201921417009,1348.00032847402,7568.901496482435,0.0004877240372225138,173.14785283058436,173.14834055462157,1505.2896815045508,5.030114129535668e-07,79.0,9.750674258260813e-07,0.010242204781672789,3636.104909442272,109412.44971335476,2.2320083735574934,4.823452766674261,17.0,12.0,0.0,34.0,79.0,False,False,True,True,True,False,1.0,0
fixed_policy_information_responsiveness,IL_RD,IL,I0,RD,GL,test_005_981c73a17708,bd46abfec5f078f3c0b19ad420f7d1eec7f2f95d2b406a00ba59ae9d93fc20a4,3,True,physical_path,29.0,79.0,15256.770263201208,100234.15178370103,0.0,115490.92204690223,8310.570291675189,97906.61125769421,3909.441167753486,3150.419300835418,1272.4117603986656,941.4682685452439,42.04461458667699,1315.2163114566054,7878.251003900817,0.0004169623385150368,186.16344816877984,186.16386513111834,1497.7788660918911,5.464085856222918e-07,79.0,9.608040199243497e-07,0.008756209108815772,3909.4324115443765,115490.92204690223,2.2507812425242633,4.833006599918008,17.0,12.0,0.0,34.0,79.0,False,False,True,True,True,False,1.0,0
fixed_policy_information_responsiveness,IL_RD,IL,I0,RD,GL,test_006_daba4b1e9814,75d8e3ad38430229f3cdc728b83652efff820d1f0dd36a5cd061b247917ecdf8,3,True,physical_path,29.0,79.0,15845.899911497845,98112.34095536424,0.0,113958.24086686212,8508.86048665096,96049.70645967625,3821.691744953023,3314.3126079443996,1323.8449491475292,939.8246184899555,42.741159549916546,1361.863017452401,7810.531967761318,0.00048809088704440846,181.98483309735215,181.98532118823917,1506.929262998158,6.44871240147265e-07,79.0,9.7520140911499e-07,0.010249908627932578,3821.681495044395,113958.24086686212,2.216689401148315,4.730352433398366,17.0,12.0,0.0,34.0,79.0,False,False,True,True,True,False,1.0,0
fixed_policy_information_responsiveness,IL_RD,IL,I0,RD,GL,test_007_925513ee8ec6,957d3dac7377db030d8efcc559a3fc404ec47b9f9427c91498d013d77b53a266,3,True,physical_path,29.0,79.0,18616.646613523615,97346.1632490181,0.0,115962.80986254172,9913.94332162,95551.56243494432,3759.16685987553,4239.480507828012,1566.872860737319,931.7838775365058,47.862465014886226,1695.5609039984604,8044.034301253577,0.0008416924059102995,179.00710401595268,179.00794570835862,1645.5900738867585,5.200512782358097e-07,79.0,9.863400891505809e-07,0.01767554052411629,3759.1491843350063,115962.80986254169,2.2865435632170534,4.700276866710435,17.0,12.0,0.0,34.0,79.0,False,False,True,True,True,False,1.0,0
fixed_policy_information_responsiveness,IL_RD,IL,I0,RD,GL,test_008_fabe46a0ea00,0996fbf8c5be056e9a791faf37c1568c2dc3325672b618fb6690495c48960310,3,True,physical_path,29.0,79.0,14775.18976150675,93368.05013882181,0.0,108143.23990032857,7826.29819217899,91627.84717569964,3648.7990245760498,2869.66868153478,1226.8378500254908,943.7889763136145,39.763744632857566,1190.695927078444,7446.425241164013,0.0004049209183459596,173.75192958270304,173.75233450362137,1449.0197761653787,5.505606477331997e-07,79.0,9.495408284325851e-07,0.008503339285265152,3648.790521236764,108143.23990032857,2.2084298839059326,4.605031100024159,17.0,12.0,0.0,34.0,79.0,False,False,True,True,True,False,1.0,0
fixed_policy_information_responsiveness,IL_RD,IL,I0,RD,GL,test_009_c8ef87e47101,03ce056d9504b5b9251870ba36fce4267bfe22fa89f4bd0577a9954153b78ab2,3,True,physical_path,29.0,79.0,14648.508530192436,105808.25912219546,0.0,120456.76765238789,8252.368799952847,102732.64111987833,4125.651932959383,3158.4816692238105,1244.7193640312419,942.9047663422804,42.63988908310694,1329.044402655273,8099.297913659114,0.0003918913950280694,196.45922396381366,196.45961585520874,1473.030655536697,6.676766540674109e-07,79.0,9.803509819653117e-07,0.008229719295589457,4125.643703240087,120456.76765238789,2.2163336206918003,5.010867466606821,17.0,12.0,0.0,34.0,79.0,False,False,True,True,True,False,1.0,0
fixed_policy_information_responsiveness,IL_RD,IL,I0,RD,GL,test_010_613ab99db82c,8253022823d5a215e2583b996ae67139d72d8adc75a9ea76d7291e805e31f0a2,3,True,physical_path,29.0,79.0,14373.595263893338,91167.41523774237,0.0,105541.01050163571,7637.660913107903,89442.64456414408,3562.5091573202953,2723.740495801017,1170.390858440846,1004.0645128215625,38.847522030153364,1159.3383139783534,7279.136925177013,0.00032920776741744397,169.64296399796095,169.64329320572836,1426.5233362793958,5.260184116436074e-07,79.0,9.87564026981465e-07,0.006913363115766323,3562.50224395718,105541.01050163571,2.203601629888082,4.4373470667439205,18.0,11.0,0.0,34.0,79.0,False,False,True,True,True,False,1.0,0
fixed_policy_information_responsiveness,IL_RD,IL,I0,RD,GL,test_011_8a2e74b38d5d,b824165b944fb1d86e7d4136e62bf979a2d34ce44df3cdf01e75a763724ca312,3,True,physical_path,29.0,79.0,15865.21239732285,113199.95382011232,0.0,129065.16621743517,9054.040594283812,109613.2428782002,4402.359184770935,3695.466483631771,1379.7207908406472,920.3362857078104,45.70629211475748,1499.0580819137042,8631.691982731862,0.0005641214931098757,209.63558753426568,209.6361516557588,1558.6928410725375,6.667978329796175e-07,79.0,9.587928605903428e-07,0.01184655135530739,4402.347338219578,129065.16621743517,2.2686331885058606,5.085346066625789,16.666666666666668,12.333333333333334,0.0,34.0,79.0,False,False,True,True,True,False,1.0,0
fixed_policy_information_responsiveness,IL_RD,IL,I0,RD,GL,test_012_b6bdc05b20a7,edeec4d1f91f6f1c3ba0da1aaf276e2980c22cd017c9d346001dbdbeef6561d5,3,True,physical_path,29.0,79.0,16203.45127588608,104987.96211366395,0.0,121191.41338955001,8947.29997312782,102274.6435169194,4082.341522281769,3567.57238533668,1380.5764073406729,938.9795845437038,44.694028995053905,1459.1781689137633,8239.769131100767,0.0005533722424249311,194.39666197450848,194.39721534675093,1563.3870140436202,5.596609804337835e-07,79.0,9.868658588898982e-07,0.011620817090923552,4082.3299014646786,121191.41338955004,2.2628934206788958,4.889784833338733,17.0,12.0,0.0,34.0,79.0,False,False,True,True,True,False,1.0,0
fixed_policy_information_responsiveness,IL_RD,IL,I0,RD,GL,test_013_040653995d85,2a3f86788826a75d0de1d4e0c5a0a4ad5dd4e8f1e00bcf6e5fda30c62147be3e,3,True,physical_path,29.0,79.0,14519.586098590991,87751.24662215037,0.0,102270.83272074135,7650.515175871452,86311.86712391891,3425.356586278125,2763.1883158808837,1177.0547046817362,942.8508141102265,39.1570913393956,1181.7686657863142,7088.393255289454,0.0003411811320915905,163.11187721306433,163.1122183941964,1407.2106604926482,5.09772436098767e-07,79.0,9.679528883379647e-07,0.007164803773923401,3425.349421474351,102270.83272074132,2.1826256655140557,4.645787399960682,17.0,12.0,0.0,34.0,79.0,False,False,True,True,True,False,1.0,0
fixed_policy_information_responsiveness,IL_RD,IL,I0,RD,GL,test_014_f00647451070,7ad601c322ea2fcf691d98774905f79d0c6933a53f28eeac922ceab084665ca3,3,True,physical_path,29.0,79.0,14766.342532364251,92061.80996212126,0.0,106828.15249448553,7859.630451306068,90314.0050603655,3592.2121867066744,2912.1012995646047,1226.6341327061448,923.5693638365298,40.00477350845845,1209.0760940664002,7361.6197158714385,0.0004124726210045491,171.05731070388734,171.05772317650835,1440.3923047081837,5.345905339363391e-07,79.0,9.749236657618665e-07,0.00866192504109553,3592.2035247816334,106828.15249448553,2.213984152874856,4.7006167666210485,16.666666666666668,12.333333333333334,0.0,34.0,79.0,False,False,True,True,True,False,1.0,0
fixed_policy_information_responsiveness,IL_RD,IL,I0,RD,GL,test_015_643a837775f9,0bdb5da5c9f39a1f5f16016cd38cb9bd2d3650ade00801bf72abf1b5c1ef2fe9,3,True,physical_path,29.0,79.0,18597.553430369197,108972.96010703273,0.0,127570.51353740193,10305.074880731909,105982.53615539482,4209.856090543716,4522.4221520339715,1617.8442888737172,932.7799698237726,49.88201809607826,1786.3219148606615,8664.36284928414,0.0009629328698058029,200.46837471206902,200.46933764493883,1685.7481717796818,5.711922356417555e-07,79.0,9.736293370583662e-07,0.020221590265921855,4209.83586895345,127570.51353740192,2.3019681885014234,4.773250866681337,17.0,12.0,0.0,34.0,79.0,False,False,True,True,True,False,1.0,0
fixed_policy_information_responsiveness,IL_RD,IL,I0,RD,GL,test_016_45a90ccef8bd,5d3ce39b508a4ccb3e9dcf8f61989ac456296e3755e7ad04d31e21895bc1ec7a,3,True,physical_path,29.0,79.0,16070.71639873131,108981.4002903673,0.0,125052.1166890986,9102.850383683626,105665.9344079898,4232.767063610666,3715.418487982896,1395.840037983975,939.3063078476449,45.7052198976906,1507.1792524211385,8414.765557855471,0.0005809298890892231,201.5597554325236,201.5603363624127,1565.1444946670956,5.690183330499424e-07,79.0,9.72041522434161e-07,0.012199527670873685,4232.7548640829955,125052.1166890986,2.262792633319188,4.984150799922645,17.0,12.0,0.0,34.0,79.0,False,False,True,True,True,False,1.0,0
fixed_policy_information_responsiveness,IL_RD,IL,I0,RD,GL,test_017_ebd333a3cdba,a3c85008563f8c8c015d326ebf96d911a84dfa810c1806a6610330bd74827e2b,3,True,physical_path,29.0,79.0,16211.030190542604,99079.63916135642,0.0,115290.66935189902,8751.23755018186,96944.09844256779,3855.375110264477,3446.59950214045,1354.513914196911,938.8448325475309,43.70890970156139,1421.0709114279016,7892.212355378088,0.0005060067027505408,183.58878495827238,183.5892909649751,1530.2834003386924,6.223867036997887e-07,79.0,9.477988619694106e-07,0.01062614075776136,3855.3644841237196,115290.66935189902,2.2234156436618715,4.577609066773827,17.0,12.0,0.0,34.0,79.0,False,False,True,True,True,False,1.0,0
fixed_policy_information_responsiveness,IL_RD,IL,I0,RD,GL,test_018_9466cee538c9,86253eb5a2d091cc16d1f9a3a320e171c30977628d47b9c2faefafd18ea0aa0d,3,True,physical_path,29.0,79.0,16680.64659010503,99555.5891254525,0.0,116236.23571555753,9035.09937217374,97320.96418480988,3866.9940843414915,3656.2565515748465,1418.890210963082,938.031311694513,44.70217510120623,1472.1196183591892,7966.571663116531,0.0006316921112932915,184.14194375272163,184.14257544483291,1563.5204659206768,5.138573256881133e-07,79.0,9.307013816842053e-07,0.013265534337159123,3866.9808188071534,116236.23571555754,2.2652706264346922,4.745440166598807,17.0,12.0,0.0,34.0,79.0,False,False,True,True,True,False,1.0,0
fixed_policy_information_responsiveness,IL_RD,IL,I0,RD,GL,test_019_9d2b7462a57a,e3686a781bf5d9cc8a1a95f6cfee4adb410e97762f9815f7f575cd1c7c688f06,3,True,physical_path,29.0,79.0,17465.84179242451,98699.03176743998,0.0,116164.87355986449,9505.360609535199,96420.14645681978,3814.4057214164036,4005.7611019841693,1484.6644248619268,934.5352452470153,46.91926566024742,1618.8832429437896,7983.504966660993,0.0007145379551055738,181.63765314854035,181.63836768649546,1592.6285852300407,5.766663360204606e-07,79.0,9.8053137995439e-07,0.01500529705721705,3814.390716119347,116164.87355986451,2.2666425643617223,5.031583199976012,17.0,12.0,0.0,34.0,79.0,False,False,True,True,True,False,1.0,0
fixed_policy_information_responsiveness,IL_RD,IL,I0,RD,GL,test_020_701c8d28bc45,64a6b03bce01c1a89c724a633f63003ecd11109f06a7e37ec1b0cd196da48626,3,True,physical_path,29.0,79.0,16326.770575467242,104959.07506668968,0.0,121285.84564215694,9096.617036772852,102056.23435638692,4076.376467282377,3711.3487137458565,1406.6302888590228,938.6387791099022,45.41388456496725,1502.4452516825768,8213.112873984699,0.0005991988233947477,194.11256590986122,194.1131651086846,1562.8502117271992,5.050815691135498e-07,79.0,9.77506910418744e-07,0.012583175291289697,4076.363884107086,121285.84564215691,2.277884432192271,4.9044849334750324,17.0,12.0,0.0,34.0,79.0,False,False,True,True,True,False,1.0,0
fixed_policy_information_responsiveness,IL_RD,IL,I0,RD,GL,test_021_69299bc5d0bf,6e755751a4e65a356d16122e1fe19db7f245d1323155a143f838c95d128bde6f,3,True,physical_path,29.0,79.0,15956.416478467583,94813.38493722356,0.0,110769.80141569115,8459.515272007053,93078.17238946752,3693.175855830923,3274.858122959808,1324.4618408562321,939.6179345696128,42.175654731911585,1338.5515310310802,7644.824538938686,0.0004963437479839665,175.8650206005817,175.8655169443297,1506.0680861997737,5.45054921566578e-07,79.0,9.900964418090149e-07,0.0104232187076633,3693.1654326122157,110769.80141569115,2.2167207000231177,4.5589347334268195,17.0,12.0,0.0,34.0,79.0,False,False,True,True,True,False,1.0,0
fixed_policy_information_responsiveness,IL_RD,IL,I0,RD,GL,test_022_1b3e72c80b5f,206d3dd2f49133cdef746f58bc516b176cdbc2a51f7ebbbc523df6455ae5b53c,3,True,physical_path,29.0,79.0,16473.026380419233,92851.34200999404,0.0,109324.36839041328,8692.330158150518,91297.86292889631,3607.8647625097315,3418.3104617417225,1369.755934919065,938.2441441958905,42.97228345827841,1389.0808636058537,7601.132286725294,0.0005529745319156238,171.8025309545029,171.80308392903484,1536.0545201172984,5.026652060892398e-07,79.0,9.769095278332215e-07,0.0116124651702281,3607.853150044562,109324.36839041323,2.23138477700634,4.589995500088359,17.0,12.0,0.0,34.0,79.0,False,False,True,True,True,False,1.0,0
fixed_policy_information_responsiveness,IL_RD,IL,I0,RD,GL,test_023_90a8af416c5a,6f307309d3320cf90229ccbd42690532f83de1f86a41507c5e6229792230343f,3,True,physical_path,29.0,79.0,17035.05280318785,101018.06955178613,0.0,118053.12235497398,9360.23345529572,98453.24085402658,3911.9278010854564,3931.9481263505318,1458.6261631121963,937.14595510347,46.75522930026167,1597.153186052098,8047.41815673186,0.00069462365085419,186.28158161851377,186.2822762421646,1576.9326193856284,6.434307458730318e-07,79.0,9.777697427800328e-07,0.014587096667937989,3911.9132139887893,118053.12235497397,2.1195413678049526,4.363314099997903,17.0,12.0,0.0,34.0,79.0,False,False,True,True,True,False,1.0,0
fixed_policy_information_responsiveness,IL_RD,IL,I0,RD,GL,test_024_e90f261f99e2,a2217a451505b72ecffb15b706f82fa13dd02e5246239352e71c874c3e2b909b,3,True,physical_path,29.0,79.0,15399.471423920957,103845.19905235642,0.0,119244.67047627737,8606.354309016831,100955.56758861094,4042.4530773382708,3383.5307951912982,1315.5838005665764,941.1809055534881,43.609765843278545,1392.873809411757,8056.507356591438,0.0004661413965265213,192.4972994461402,192.49776558753672,1513.2845624014026,5.704178494103408e-07,79.0,9.402194677046521e-07,0.009788969327056947,4042.443288368944,119244.67047627742,2.2466648333336643,4.871176666735361,17.0,12.0,0.0,34.0,79.0,False,False,True,True,True,False,1.0,0
fixed_policy_information_responsiveness,IL_RD,IL,I0,RD,GL,test_025_0c3eeaae0824,481de4be35a821cd093f24ffad7eca6efe30e96f4cd9848aff621fcb70d542fd,3,True,physical_path,29.0,79.0,15599.106279533866,103023.71255890146,0.0,118622.81883843533,8481.954225188189,100591.0434779824,4013.934992213474,3287.5742168612455,1307.7139163242948,940.5980098656619,42.85087813083873,1351.2418500630877,8090.435927787828,0.00048368862049482574,191.13927784535448,191.13976153397496,1521.779255424178,6.853367135770934e-07,79.0,9.407252992827314e-07,0.010157461030391342,4013.924834752444,118622.81883843528,2.2333220068964805,4.775928099950154,17.0,12.0,0.0,34.0,79.0,False,False,True,True,True,False,1.0,0
fixed_policy_information_responsiveness,IL_RD,IL,I0,RD,GL,test_026_770d47ae1768,0f2bea7027db9d8baf45b68efc718379be3d8148c45feaa470d4d0623fef3f41,3,True,physical_path,29.0,79.0,15184.213527307773,112186.25632392208,0.0,127370.46985122985,8599.622238605596,108717.36827898912,4374.25748966179,3434.5911489578716,1302.2659855515033,942.3647094639828,43.688775440386195,1387.3826459124218,8502.56712173714,0.00046349711732852303,208.29751220106314,208.29797569818047,1511.5472533789962,7.151575005350564e-07,79.0,9.477376521124838e-07,0.009733439463898983,4374.247756222326,127370.46985122988,2.2298769344918257,4.968352533411235,17.0,12.0,0.0,34.0,79.0,False,False,True,True,True,False,1.0,0
fixed_policy_information_responsiveness,IL_RD,IL,I0,RD,GL,test_027_df5d670513fa,81fd0061cbc1e7018bd5b9eb1239ce1515bc6cbada40b12f82000eb260b5e055,3,True,physical_path,29.0,79.0,16161.943108744623,95818.75683118186,0.0,111980.69993992649,8604.581242709706,94000.49952249887,3728.631980901108,3361.1578149841857,1346.7910088219533,939.0383700106737,42.73968329597159,1368.8926162357584,7730.31528976792,0.0005285665807099376,177.553375285853,177.5539038524337,1525.2012766603095,4.913339384952125e-07,79.0,9.696023476518337e-07,0.011099898194908689,3728.620881002913,111980.69993992649,2.237239402304029,4.6946001667529345,17.0,12.0,0.0,34.0,79.0,False,False,True,True,True,False,1.0,0
fixed_policy_information_responsiveness,IL_RD,IL,I0,RD,GL,test_028_e9fb02365dd3,5d802ed0aa2ed1e79c8a0eb81c45c7d2acaad5c313db1e25b12244cb5da1a3f1,3,True,physical_path,29.0,79.0,14902.554943275949,93907.30364343004,0.0,108809.85858670599,7906.258656098234,92114.40453730799,3667.4554100837718,2942.5132901237243,1236.0628474687862,943.1638456234924,39.91976768441153,1202.7213275202757,7484.572331140545,0.0004135754493962498,174.64032023806354,174.64073381351295,1448.5157506863886,4.968457786126601e-07,79.0,9.845955127588067e-07,0.008685084437321248,3667.4467249993345,108809.85858670599,2.1995458988413943,4.825863666599616,17.0,12.0,0.0,34.0,79.0,False,False,True,True,True,False,1.0,0
fixed_policy_information_responsiveness,IL_RD,IL,I0,RD,GL,test_029_b44f60718c5a,864fc5477a80617dcd1dfd105218334b6714ff3283b58095987765279672cc93,3,True,physical_path,29.0,79.0,14579.354352997945,100216.90005890891,0.0,114796.25441190686,7999.5639322866255,97676.48493678674,3913.4846693395575,2983.6517162536634,1219.3039608168056,1003.7651964234507,40.738619309765674,1239.556942070924,7790.094384600598,0.00037856369313288285,186.3560342620001,186.35641282569324,1463.6970744338876,5.900848780664442e-07,79.0,9.921304579036432e-07,0.00794983755579054,3913.4767195020017,114796.25441190686,2.236545983897308,4.765812233400841,18.0,11.0,0.0,34.0,79.0,False,False,True,True,True,False,1.0,0
fixed_policy_information_responsiveness,IL_RD,IL,I0,RD,GL,test_030_038f4c53d11f,c289c0180e19d4efe38d6fb3cf749dc58fb2fc82a28248babf37eba4d050247c,3,True,physical_path,29.0,79.0,15802.042075489118,94356.10222523374,0.0,110158.14430072287,8393.422090425214,92580.01859820871,3676.4686995002,3254.0196565074716,1314.1802513218263,940.0350047594392,42.12964540119204,1335.4012046191326,7588.099022155434,0.0004900206094930413,175.06944805082858,175.0699380714381,1493.094424440853,5.594445845868498e-07,79.0,9.891956894562735e-07,0.010290432799353868,3676.4584090674,110158.14430072287,2.200866950563444,4.528092999942601,17.0,12.0,0.0,34.0,79.0,False,False,True,True,True,False,1.0,0
fixed_policy_information_responsiveness,IL_RD,IL,I0,RD,GL,test_031_0a6ff70351b5,66453c50834fa3dcd176a36c69c2cd344e4023d8d34a02e0efe688cf2781c3f9,3,True,physical_path,29.0,79.0,14808.076921977612,99767.25097143328,0.0,114575.32789341088,8066.067188158867,97443.9721524504,3897.8825006141615,2989.418500724539,1234.7573279014116,943.2302235614974,40.993847487805006,1251.8508656501238,7795.885805862233,0.0003802767698965709,185.61307213342823,185.61345241019816,1466.4851908972394,5.414657288176421e-07,79.0,9.341760878279264e-07,0.00798581216782799,3897.8745148019934,114575.32789341085,2.228313157463382,4.793072766624391,17.0,12.0,0.0,34.0,79.0,False,False,True,True,True,False,1.0,0
fixed_policy_information_responsiveness,IL_RD,IL,I0,RD,GL,test_032_efdf826e6bc3,f68d8f9fe8ed71a08598d0d2dbfcc8624aee20f294eb03c5d0d1b47b192231a8,3,True,physical_path,29.0,79.0,16516.31779295742,99666.84179164807,0.0,116183.15958460548,8960.294800863203,97400.71429677651,3870.4511370216496,3587.1355516835633,1387.618048808569,976.945749451998,44.34501497829708,1463.8965210188474,7965.747697362368,0.0005643540745765464,184.30663264695636,184.30719700103091,1555.2494232648262,5.595250369665807e-07,79.0,9.174497175735486e-07,0.011851435566107474,3870.4392855860838,116183.15958460548,2.251678339085253,4.797511633330335,17.666666666666668,11.333333333333334,0.0,34.0,79.0,False,False,True,True,True,False,1.0,0
fixed_policy_information_responsiveness,IL_RD,IL,I0,RD,GL,test_033_de0c441dba67,7ec9546050ec128248d8d481b870b6380d6ca6d723d82627518325ffbdc72f3a,3,True,physical_path,29.0,79.0,15933.452582192775,103850.9478531046,0.0,119784.40043529736,8789.804983073156,101148.00756190444,4041.1397357660485,3478.5096154293065,1348.0672925260506,978.8712465983671,43.91013225095381,1423.6072710616234,8123.9009061064535,0.0005129978876148738,192.43471251478135,192.43522551266895,1535.246889338365,5.842448358688314e-07,79.0,9.671785310981683e-07,0.010772955639912351,4041.128962810408,119784.40043529736,2.2583517356235103,4.870026099961251,17.666666666666668,11.333333333333334,0.0,34.0,79.0,False,False,True,True,True,False,1.0,0
fixed_policy_information_responsiveness,IL_RD,IL,I0,RD,GL,test_034_a00d80b83640,0f4bc5cfced121212348bbd1013ec4964294f487da2bfeef2082f3134c966878,3,True,physical_path,29.0,79.0,15634.66424259566,103878.82394034928,0.0,119513.48818294494,8608.488838002124,101187.52942939791,4045.427301286203,3398.591505587743,1332.239650496377,941.2114581745487,43.36069956415427,1377.2487716742796,8106.41741540416,0.0005077747026245875,192.63888752464038,192.63939529934302,1522.1427309222393,5.909792803543842e-07,79.0,9.877884482882232e-07,0.01066326875511634,4045.4166380174483,119513.4881829449,2.231832995384546,4.929295899889742,17.0,12.0,0.0,34.0,79.0,False,False,True,True,True,False,1.0,0
fixed_policy_information_responsiveness,IL_RD,IL,I0,RD,GL,test_035_51fd398978b7,b6fa16487d60759605dd86ad9e174dcae5c07eba9b0e4a208e41547329603d50,3,True,physical_path,29.0,79.0,14786.815732562902,97421.13263925859,0.0,112207.94837182149,7988.851842264376,95276.88908260886,3803.5070400788486,2965.557679998043,1230.05199857323,943.0907282981358,40.78193254395917,1242.320750123639,7669.933740179925,0.00039102729347811937,181.1189918336041,181.11938286089753,1456.3788659410511,6.254388789289765e-07,79.0,9.356098204548224e-07,0.008211573163040506,3803.4988285056857,112207.94837182149,2.2216377965303074,4.653303766700749,17.0,12.0,0.0,34.0,79.0,False,False,True,True,True,False,1.0,0
fixed_policy_information_responsiveness,IL_RD,IL,I0,RD,GL,test_036_7eb6ac1ca077,835e8a13ce793ee0d4c8d1922e6d12f857b647d3db30f415b92ebcca10cb9554,3,True,physical_path,29.0,79.0,15604.89847738875,99167.81343514448,0.0,114772.71191253322,8511.108723221858,96806.41901284514,3861.12204528719,3314.290199814288,1300.269566276256,979.5023650884787,42.62079453732749,1363.7453518633438,7822.410771078762,0.0004363541631559125,183.86251818332207,183.86295453748525,1502.4815115026224,5.576098442496117e-07,79.0,9.712074468947923e-07,0.009163437426274164,3861.1128818497637,114772.71191253322,2.221545366674726,4.802071600065877,17.666666666666668,11.333333333333334,0.0,34.0,79.0,False,False,True,True,True,False,1.0,0
fixed_policy_information_responsiveness,IL_RD,IL,I0,RD,GL,test_037_f096257ecaa4,0504d3553dd1b04e2daf266d9385ecec583ac5ee5143240ec48390c3637711cc,3,True,physical_path,29.0,79.0,18983.08641505087,100377.83546852309,0.0,119360.92188357397,10317.036508111802,98096.63450361048,3863.6155646504376,4526.322042369121,1626.4998517357242,930.8134130963977,49.555980944643984,1791.3427753767303,8235.831655588718,0.0009669776050192947,183.98072657717773,183.98169355478277,1682.3243697047994,4.749827143866041e-07,79.0,9.794515534596249e-07,0.02030652970540519,3863.5952581207325,119360.92188357397,2.307428135640983,4.929160699946806,17.0,12.0,0.0,34.0,79.0,False,False,True,True,True,False,1.0,0
fixed_policy_information_responsiveness,IL_RD,IL,I0,RD,GL,test_038_b05abc6e01b3,d70904feaac93846beafd0d4f452a87f57385097244d4e0d5b2934e20eff821f,3,True,physical_path,29.0,79.0,16485.149725284635,99138.50498724791,0.0,115623.65471253253,9080.828548212454,96627.94390836077,3841.662092448509,3733.3271162600818,1401.6658957621078,938.2271514886152,45.58200242864987,1530.8346428407967,7886.555473929039,0.0005923326875370796,182.93569778390815,182.9362901165957,1545.1413352758548,5.551521655768031e-07,79.0,9.401311069709888e-07,0.012438986438278671,3841.649653462071,115623.65471253255,2.117883219520144,4.639233733294532,17.0,12.0,0.0,34.0,79.0,False,False,True,True,True,False,1.0,0
fixed_policy_information_responsiveness,IL_RD,IL,I0,RD,GL,test_039_9c0d1ebe6c19,a764716cc7f8aeab39c2c2f073ba3bf25b0853e49b15690e7a526a3355477947,3,True,physical_path,29.0,79.0,15449.910597550966,103748.1891697204,0.0,119198.09976727136,8550.467296486438,101031.9072449173,4042.394748693528,3331.4887478178266,1301.1866804205326,940.6550489357119,43.33631678750373,1384.837005513429,8064.5942177694305,0.00043433947733593527,192.4945536935478,192.49498803302512,1503.109469391493,6.21847405981969e-07,79.0,9.687572953991945e-07,0.00912112902405464,4042.3856275645035,119198.09976727136,2.2206970103427595,5.008230100075404,17.0,12.0,0.0,34.0,79.0,False,False,True,True,True,False,1.0,0
fixed_policy_information_responsiveness,IL_RD,IL,I0,RD,GL,test_040_11a8950c659e,ce3f9b7a7902becf4bdfbdd9494b3f00f7d8b741e45d94aec742b61d96ed6b99,3,True,physical_path,29.0,79.0,14826.499676819707,97667.26380046007,0.0,112493.76347727976,8086.607043260256,95352.92792368295,3808.0028163521233,3061.324413368105,1242.6843070901523,942.2169735262202,41.61537573271821,1288.265087555673,7666.76162156078,0.0004166154395169805,181.33305082989966,181.3334674453392,1456.9414974066128,6.46305145101384e-07,79.0,9.84719690519556e-07,0.00874892422985659,3807.9940674278932,112493.7634772798,2.2189228689597766,4.613670866703615,17.0,12.0,0.0,34.0,79.0,False,False,True,True,True,False,1.0,0
fixed_policy_information_responsiveness,IL_RD,IL,I0,RD,GL,test_041_e58f21dcc209,20e0bcb4b669443da2e153571c054142078f1a87cfd8564b8fb31b4d19884070,3,True,physical_path,29.0,79.0,15827.8858107678,103885.66844563735,0.0,119713.55425640514,8638.70405983503,101360.84519858634,4049.646046555299,3388.8834390577517,1335.2269914647673,940.248520905922,43.35606783010949,1383.3737422302302,8133.848931652711,0.0005048009211167908,192.83978313028362,192.8402879312047,1529.3633977889551,5.869159949662297e-07,79.0,9.657923001803608e-07,0.01060081934345261,4049.6354457359557,119713.5542564051,2.2402365540325557,4.906346966745332,17.0,12.0,0.0,34.0,79.0,False,False,True,True,True,False,1.0,0
fixed_policy_information_responsiveness,IL_RD,IL,I0,RD,GL,test_042_a77d2ece213a,50867af1413e5b1f4a57b100697daff06a7a7ddbbedf8273b0f515bdaa98e6d9,3,True,physical_path,29.0,79.0,13911.381404752896,100135.69806440563,0.0,114047.0794691585,7633.9188873233325,97637.83057712806,3918.1328867870593,2764.627984613897,1147.4565687370002,945.1125645691474,39.74051909144333,1179.7918802668853,7719.173730688287,0.0003047151930511571,186.57745179847643,186.57775651366947,1412.1579363380245,6.253392521882957e-07,79.0,9.796700853733553e-07,0.0063990190540742994,3918.1264877680055,114047.07946915849,2.1979235965308956,4.913836399946983,17.0,12.0,0.0,34.0,79.0,False,False,True,True,True,False,1.0,0
fixed_policy_information_responsiveness,IL_RD,IL,I0,RD,GL,test_043_f1174106175c,e1c05921a15b70c43f0abce37906cec0d00142a1459fb9059ceffadf5f4c1ace,3,True,physical_path,29.0,79.0,18180.889204359835,93649.13839279953,0.0,111830.02759715938,9582.333445732009,92174.13774509054,3619.6147162619695,4001.713080386847,1519.4871081590343,932.7415015289303,46.40794203017273,1609.3353011370211,7811.930920052128,0.0007670721305686984,172.3618384641537,172.36260553628426,1617.1164117705675,4.965613941347152e-07,79.0,9.541987603571723e-07,0.016108514741942664,3619.5986077472276,111830.02759715934,2.2752904091993797,4.761954300027962,17.0,12.0,0.0,34.0,79.0,False,False,True,True,True,False,1.0,0
fixed_policy_information_responsiveness,IL_RD,IL,I0,RD,GL,test_044_ed401c94714a,cdd3e3788096b9dacb2df0d0b62a1cb28d51b122523dcf031887b030038a9f0b,3,True,physical_path,29.0,79.0,14967.62485021977,101850.20305277809,0.0,116817.82790299786,8145.169284689269,99426.04909861316,3977.0555049655754,3072.1994612174444,1254.7537273322034,942.6008261801857,41.474005167424366,1272.6752864053788,7938.314104509055,0.00041592295149139733,189.3831795515997,189.38359547455119,1477.4784366613867,6.617396070367829e-07,79.0,9.960107517531612e-07,0.008734381981319343,3977.046770583594,116817.82790299784,2.220490582766354,4.810473133344203,17.0,12.0,0.0,34.0,79.0,False,False,True,True,True,False,1.0,0
fixed_policy_information_responsiveness,IL_RD,IL,I0,RD,GL,test_045_af7d3f616c1d,0760d304a5c54d302e032eaa6ef8974da5965cac272efb3a66af257287e72ea4,3,True,physical_path,29.0,79.0,16069.146415084586,103707.77788691716,0.0,119776.92430200173,8783.962252411244,101174.86130809992,4036.9733222505693,3485.6974463531956,1355.7510400420558,939.6789328447635,43.833507312535296,1414.2345497399303,8148.823263032246,0.0005160866151291647,192.2363087824596,192.2368248690747,1537.632559484164,6.083159237239173e-07,79.0,9.493539996247645e-07,0.010837818917712459,4036.9624844316513,119776.92430200173,2.2618581390639916,4.809438733306403,17.0,12.0,0.0,34.0,79.0,False,False,True,True,True,False,1.0,0
fixed_policy_information_responsiveness,IL_RD,IL,I0,RD,GL,test_046_e35b743e6617,c0048e37b8520d7bfa898229e339686779b407fa7d2b062c359012d56267e7ec,3,True,physical_path,29.0,79.0,15619.229218737091,105886.31841454461,0.0,121505.54763328172,8587.181921284595,103146.32195614633,4129.011791047491,3373.6501749597405,1328.0950942249958,941.2866956185535,43.29343892065663,1369.7110004784108,8222.614050146409,0.0005001355460838973,196.61910896195351,196.6196090974996,1523.7317781828315,6.461517653075602e-07,79.0,9.517474165000511e-07,0.010502846467761841,4129.001288201024,121505.54763328172,2.248931637927676,4.857467899952705,17.0,12.0,0.0,34.0,79.0,False,False,True,True,True,False,1.0,0
fixed_policy_information_responsiveness,IL_RD,IL,I0,RD,GL,test_047_20c1f89391c1,f2130b5fd299cb2fd05ecda0fd2c152640207395401d37a5f1e7253bbd0a35d8,3,True,physical_path,29.0,79.0,15392.364499864394,111828.72727842825,0.0,127221.09177829266,8728.132538363885,108374.72273718599,4358.651439878465,3489.2630049580844,1328.7070493285116,941.6150085777153,44.20136930364209,1410.3022644799858,8501.135703815044,0.0004837383142967364,207.5543467320888,207.5548304704031,1526.9235224363792,6.504170301341584e-07,79.0,9.558722676394844e-07,0.010158504600231466,4358.641281373864,127221.09177829266,2.2562545206954425,5.090008299952994,17.0,12.0,0.0,34.0,79.0,False,False,True,True,True,False,1.0,0
fixed_policy_information_responsiveness,IL_RD,IL,I0,RD,GL,test_048_eeaf6a6a0a15,ebcee93a99cde79ceee231d38070645a6f701ecc4eb97b1e8abf3b74f65be4df,3,True,physical_path,29.0,79.0,15338.464262562667,103798.31354640685,0.0,119136.77780896949,8607.502147970723,100819.94047677309,4037.4503667937156,3415.1658192478703,1315.8909110919838,940.8280870920947,44.02301406288324,1414.8796230742894,8029.905541033632,0.0004886730012925463,192.2590526028899,192.25954127589122,1501.5892675167981,6.380610226659562e-07,79.0,9.863562758301885e-07,0.010262133027143473,4037.4401046606886,119136.77780896949,2.2230174138007324,4.7740040333786355,17.0,12.0,0.0,34.0,79.0,False,False,True,True,True,False,1.0,0
fixed_policy_information_responsiveness,IL_RD,IL,I0,RD,GL,test_049_343da3774e7e,c214ac02e921d1ab893b808c39160612ee2c6e853c942be7eb6c6df35facccd4,3,True,physical_path,29.0,79.0,15227.400433222967,89457.95987232354,0.0,104685.36030554649,7992.158316371596,87986.20193097166,3488.464995458722,2980.472251321911,1237.2616569787813,1000.8011544438014,40.013403500975386,1237.5756713628416,7272.137795906866,0.0003973521507256535,166.11698338397892,166.11738073612966,1463.8631260840102,4.4578451727993903e-07,79.0,9.975180432637568e-07,0.008344395165238723,3488.4566510635573,104685.36030554648,2.206455632182502,4.6108707000967115,18.0,11.0,0.0,34.0,79.0,False,False,True,True,True,False,1.0,0
fixed_policy_information_responsiveness,IL_RD,IL,I0,RD,GL,test_050_1c7612d8bc63,ca36b4544ddd266e5e7dac2cbd5076e4b80860d23b0cfeba892432607eb1c108,3,True,physical_path,29.0,79.0,14456.860328889516,94847.52721583417,0.0,109304.3875447237,7752.736515965359,92857.52055034052,3707.6181967469165,2808.0500772177,1175.521470999304,1002.9407334539422,39.59954129152977,1196.1230329984146,7475.969871534194,0.00032650146591631,176.55292096267294,176.55324746413888,1424.7634893726427,6.366526377954409e-07,79.0,9.83485765492729e-07,0.006856530784242511,3707.611340216132,109304.38754472374,2.1812118379313543,4.5365221666482585,18.0,11.0,0.0,34.0,79.0,False,False,True,True,True,False,1.0,0
fixed_policy_information_responsiveness,IL_RD,IL,I0,RD,GL,test_051_5747c87e6d9a,e6daf165b6654b82650b4110a9d37185e59752e103161fa9379474087ef82a6e,3,True,physical_path,29.0,79.0,14046.760026635835,93490.98393549531,0.0,107537.74396213115,7608.358538583566,91455.9619300523,3654.1407558709675,2770.9790416442793,1161.5610795202454,886.7426164597836,39.16339539764203,1168.2795039326975,7344.319025095305,0.0003263785264545691,174.00637628199584,174.00670266052228,1400.8528689703478,4.808943076107575e-07,79.0,9.704739875481515e-07,0.006853949055545952,3654.133901921912,107537.74396213115,2.071997390800402,4.515782233250017,16.0,13.0,0.0,34.0,79.0,False,False,True,True,True,False,1.0,0
fixed_policy_information_responsiveness,IL_RD,IL,I0,RD,GL,test_052_9760565f31de,6035569faeed384797542e22427b98096943350bd372d90adabb2f7b8bd83c2d,3,True,physical_path,29.0,79.0,16298.319123925836,96483.36392348015,0.0,112781.68304740598,8782.207914376939,94448.03407862906,3747.5670974353925,3494.7355257132604,1370.7431678603452,938.395263390978,43.73329021038825,1424.90402927188,7757.017278652929,0.0005598034500871356,178.45501626490193,178.45557606835203,1530.2422315655913,5.177744029577225e-07,79.0,9.857374109032276e-07,0.011755872451829847,3747.5553415629406,112781.68304740598,2.259484974691516,4.811580266648282,17.0,12.0,0.0,34.0,79.0,False,False,True,True,True,False,1.0,0
fixed_policy_information_responsiveness,IL_RD,IL,I0,RD,GL,test_053_4473e6f72168,17a3df2ca591ed3526e75386d9ef68be536d2e20274236e9f585e3eab4517305,3,True,physical_path,29.0,79.0,15896.613564002531,96246.65418709263,0.0,112143.26775109518,8669.248527361584,94012.51877449134,3738.1013645753865,3442.7990540973065,1341.119990710403,939.4800398591618,43.493302586664434,1409.1352101042012,7680.124047933178,0.0004962861197696423,178.00433059842246,178.0048268845422,1514.4104848339205,4.78838685621266e-07,79.0,9.753112853802799e-07,0.010422008515162487,3738.090942566871,112143.26775109519,2.234886505734711,4.794985166673238,17.0,12.0,0.0,34.0,79.0,False,False,True,True,True,False,1.0,0
fixed_policy_information_responsiveness,IL_RD,IL,I0,RD,GL,test_054_c66f0b1dacc4,41d8a5d8d4cfcde283bef35c1b2d5ce97e39ebb3c2113f99f8fd9b7941330476,3,True,physical_path,29.0,79.0,15031.92932952081,106221.76465022225,0.0,121253.69397974304,8300.242879055433,103412.75134004524,4148.049968068802,3182.3885595095617,1267.636986639869,942.6242464241359,42.1641639600899,1304.9525118452664,8181.815066587904,0.00041838848965249667,197.5257705671676,197.52618895565726,1492.7961329285447,6.191314608015084e-07,79.0,9.780266102680382e-07,0.00878615828270243,4148.04118191052,121253.69397974305,2.2177388942452554,4.894915033442278,17.0,12.0,0.0,34.0,79.0,False,False,True,True,True,False,1.0,0
fixed_policy_information_responsiveness,IL_RD,IL,I0,RD,GL,test_055_f90330578051,e326898d13671d058e9870b749033db5deaedc7911ad667ec11d6318f5e5b833,3,True,physical_path,29.0,79.0,16460.255999345783,108071.80220346297,0.0,124532.05820280877,9253.047461309681,104939.46696501068,4194.69939571722,3794.182501292765,1412.6598333594147,938.0020461189546,46.17776038097185,1547.3525180799998,8401.296859886676,0.0005718735766736448,199.74701839867183,199.74759027224854,1573.209814824277,6.30820658474777e-07,79.0,9.955767764060209e-07,0.01200934511014654,4194.687386372108,124532.05820280872,2.2726000471190475,4.890012566698715,17.0,12.0,0.0,34.0,79.0,False,False,True,True,True,False,1.0,0
fixed_policy_information_responsiveness,IL_RD,IL,I0,RD,GL,test_056_b2c64046cef9,b502bb540057ea09101e5a92cf118d4c56c5e877b089e5a6174a0c5376124a73,3,True,physical_path,29.0,79.0,15373.111013722335,94894.79810899554,0.0,110267.90912271786,8266.296501609058,92901.05860183011,3698.259087257758,3133.8453621280864,1268.065223798445,1000.3843460944321,41.426812891967366,1304.3541629939125,7571.330342837253,0.0004124408690521696,176.10716314283374,176.10757558370275,1482.8952972247407,5.329630091417674e-07,79.0,9.701921282603121e-07,0.00866125825009556,3698.250425999508,110267.9091227179,2.2163153494221173,4.695888766553253,18.0,11.0,0.0,34.0,79.0,False,False,True,True,True,False,1.0,0
fixed_policy_information_responsiveness,IL_RD,IL,I0,RD,GL,test_057_bf11b8e004e2,bd54b59477f900317d7a6030359d807e3fd1567aed129780d6c3a1179956b9b0,3,True,physical_path,29.0,79.0,15228.278551026235,98569.4928227465,0.0,113797.77137377275,8202.366522395087,96407.06412521786,3844.4677345082505,3116.8566243969467,1284.0421421436574,942.974225110966,41.35546614600333,1266.7525957591613,7789.87949542409,0.000467103261494214,183.069425016179,183.0698921194405,1489.040957111242,5.786490309788521e-07,79.0,9.554690583327745e-07,0.009809168491378494,3844.457925339759,113797.77137377276,2.230774542528215,4.641746800004815,17.0,12.0,0.0,34.0,79.0,False,False,True,True,True,False,1.0,0
fixed_policy_information_responsiveness,IL_RD,IL,I0,RD,GL,test_058_fbcfbffca03e,13831837259f85f8b98b1b4c0178e5e4f669e020ebeaab3661478609d357b2f2,3,True,physical_path,29.0,79.0,16873.76937358246,105146.62134534163,0.0,122020.39071892411,9305.148337018989,102439.17378508288,4077.5977342081787,3821.167130779382,1440.3296274036945,936.9741044310064,46.08464229822767,1548.4214848776428,8306.274129107105,0.0006357053144292462,194.17068497126556,194.17132067657997,1584.5582425670793,6.376099637114177e-07,79.0,9.448293478679055e-07,0.01334981160301417,4077.584384396576,122020.39071892411,2.273934266650407,4.892256633223345,17.0,12.0,0.0,34.0,79.0,False,False,True,True,True,False,1.0,0
fixed_policy_information_responsiveness,IL_RD,IL,I0,RD,GL,test_059_d22925a9593f,65a524d66b35e81b093404e6035554728cfd659313f34e588cf5b6e2f203bf7e,3,True,physical_path,29.0,79.0,15143.444875025052,98603.64887118667,0.0,113747.09374621173,8206.253499247307,96345.77259963877,3846.066315954617,3130.3313054511837,1275.9510202884196,942.7190056314342,41.646558140273015,1285.457340067228,7766.105076802077,0.0004564261340410665,183.1455586193239,183.14601504545797,1482.5621840106635,5.55874693488263e-07,79.0,9.888997310578703e-07,0.009584948814862397,3846.056731005802,113747.09374621173,2.2396370367703677,4.717341366689652,17.0,12.0,0.0,34.0,79.0,False,False,True,True,True,False,1.0,0
fixed_policy_information_responsiveness,IL_RD,IL,I0,RD,GL,test_060_b3feb9e274c2,fe682fe273560fd0980f751cdfa7c31a0af682fbc188f47a4be67cd05391ad49,3,True,physical_path,29.0,79.0,15954.64364353665,102346.69590197339,0.0,118301.33954551003,8722.026635073553,99855.79943699768,3983.551577108992,3451.193329102372,1348.7189129729684,940.0496542544697,43.6202401192651,1403.42784984156,8053.542077250187,0.0005019934381336849,189.6924302498472,189.69293224328533,1532.5962421567576,5.749232396366405e-07,79.0,9.83916447413827e-07,0.010541862200807384,3983.541035246791,118301.33954551005,2.2427755747225953,4.902363933467616,17.0,12.0,0.0,34.0,79.0,False,False,True,True,True,False,1.0,0
fixed_policy_information_responsiveness,IL_RD,IL,I0,RD,GL,test_061_627abde70c26,9c8b14e19bd2698ae546067471c6494d669882592255e3ba42b51e389929b531,3,True,physical_path,29.0,79.0,15803.18820928822,100351.25685438926,0.0,116154.44506367749,8599.671035166908,97991.71399228576,3906.8947710917805,3371.4434377397115,1343.8573465628451,940.8644808304658,43.02093048681194,1363.9867193305042,7934.588699133144,0.0005333460370469035,186.04207480119058,186.04260814722764,1527.7066682450595,4.997341569235222e-07,79.0,9.96679329229259e-07,0.011200266777984975,3906.8835708250026,116154.44506367746,2.2816436091978534,4.877176066705336,17.0,12.0,0.0,34.0,79.0,False,False,True,True,True,False,1.0,0
fixed_policy_information_responsiveness,IL_RD,IL,I0,RD,GL,test_062_0c9ea14e9507,af66fd8fb7365940ac5c1b9dc17d1039a43a9fd2a98560c7757a265c61778c70,3,True,physical_path,29.0,79.0,15796.477838651617,106440.83282833907,0.0,122237.3106669907,8755.387046513206,103581.5115274295,4143.760119805395,3461.5594481034855,1354.3581514695331,940.7343736696135,44.018360179096646,1408.4799397316701,8278.251646648268,0.0005342903322434854,197.32137617659131,197.32191046692355,1543.750448188931,6.191339646650075e-07,79.0,9.195040180112146e-07,0.011220096977113193,4143.748899708418,122237.31066699074,2.2538502115017636,4.833569866527493,17.0,12.0,0.0,34.0,79.0,False,False,True,True,True,False,1.0,0
fixed_policy_information_responsiveness,IL_RD,IL,I0,RD,GL,test_063_44f0f2a191ef,9b047725f5e05c013bf644e7fe14234fc246265c97db48c08b1f430961820dbd,3,True,physical_path,29.0,79.0,14455.080127263702,100708.47389435001,0.0,115163.55402161372,7996.902134811865,98083.47658232407,3927.840147792658,3043.002845667595,1226.39132869282,885.9409823247042,41.08926181240578,1252.2254973392353,7804.6934623304915,0.0004026833063975768,187.03960435443923,187.04000703774565,1450.9480857339606,5.884067286362807e-07,79.0,9.420491138516673e-07,0.008456349434349112,3927.831691443224,115163.55402161372,2.095126602287543,4.667738733269895,16.0,13.0,0.0,34.0,79.0,False,False,True,True,True,False,1.0,0
fixed_policy_information_responsiveness,IL_RD,IL,I0,RD,GL,test_064_27d69866b791,5f6b4edb7095f7ca58bdefc63fb823fc255df66a141464fcf1266546ab804d66,3,True,physical_path,29.0,79.0,14074.437128639574,90238.99551903414,0.0,104313.43264767369,7362.461335395441,88736.38680196366,3533.7947766692446,2591.021847908009,1144.2929406377782,945.4749450996,37.89265565631706,1097.8430009557048,7200.838255646799,0.00032496256209167766,168.27561678359243,168.2759417461545,1396.337171474699,5.599521005107671e-07,79.0,9.77962578574569e-07,0.006824213803925231,3533.7879524554405,104313.43264767372,2.1847774045884436,4.533294666636114,17.0,12.0,0.0,34.0,79.0,False,False,True,True,True,False,1.0,0
fixed_policy_information_responsiveness,IL_RD,IL,I0,RD,GL,test_065_930038cc16e9,ed770af97447cc6ec3b990ca1ef9540e1f795247d7d2c7f6ca7de9b23418ba1a,3,True,physical_path,29.0,79.0,14726.08096290308,104343.17089258628,0.0,119069.25185548935,8104.098803342423,101675.4807710084,4075.991604854791,3030.8245773216327,1239.1994663709036,943.6566325912095,41.469672948553686,1263.983409626373,8056.524456036536,0.00038901955299673873,194.09444930686564,194.09483832641862,1473.9198524377227,7.212874631810987e-07,79.0,9.135103711607561e-07,0.008169410612931513,4075.9834354441787,119069.25185548935,2.215755275860108,4.8378797332601,17.0,12.0,0.0,34.0,79.0,False,False,True,True,True,False,1.0,0
fixed_policy_information_responsiveness,IL_RD,IL,I0,RD,GL,test_066_28fb87ba4913,9b548ccc36e0f1fcf56118f1c4cd88441dc46405c6bb547e1dc04c4a67ae436a,3,True,physical_path,29.0,79.0,16621.00713820462,106395.30009393534,0.0,123016.30723213994,9344.041235041785,103306.34670748377,4125.11562348682,3871.582323001329,1431.7551853646348,937.466157761569,46.63011948197325,1577.3211255510826,8309.574101224518,0.0005953375569224603,196.43348197133923,196.43407730889615,1578.7167987216865,6.219848249948688e-07,79.0,9.233928579956706e-07,0.012502088695371666,4125.103121398123,123016.30723213991,2.271049664363843,4.783244866644964,17.0,12.0,0.0,34.0,79.0,False,False,True,True,True,False,1.0,0
fixed_policy_information_responsiveness,IL_RD,IL,I0,RD,GL,test_067_4d46fa716471,b2be1c4651c379ec66a4cbbceabbb946a1f8949b548124874b8ecbdce94c77f3,3,True,physical_path,29.0,79.0,14740.779495787037,105580.69910328354,0.0,120321.47859907057,8271.612794214145,102562.71337134024,4120.961489085711,3170.196682712712,1253.0384238504887,942.9558378672963,42.52244885160213,1324.4550540826792,8081.345625161232,0.0004025953515700042,196.23585878968228,196.23626138503383,1477.6324305593635,5.916930443987217e-07,79.0,9.681967270466935e-07,0.008454502382970087,4120.953034583327,120321.47859907059,2.2237360793106986,4.855126533346872,17.0,12.0,0.0,34.0,79.0,False,False,True,True,True,False,1.0,0
fixed_policy_information_responsiveness,IL_RD,IL,I0,RD,GL,test_068_93da1d4ae1ba,1e5fab7a4bc73a2c903c60a4ba54bd432fc478ccc1813a3002391fd1bcefe179,3,True,physical_path,29.0,79.0,16506.702574229468,108734.27683046793,0.0,125240.97940469741,9202.90409166317,105734.34874246603,4226.355924795821,3728.74228457995,1410.5470562838073,938.0813049086274,45.84404042901423,1526.3010053514618,8462.95562997708,0.0005740709691417407,201.25446996692708,201.25504403789623,1576.82654808811,6.158883070809531e-07,79.0,9.711956858499978e-07,0.012055490351976556,4226.343869305468,125240.97940469741,2.259076398853534,4.890777566703036,17.0,12.0,0.0,34.0,79.0,False,False,True,True,True,False,1.0,0
fixed_policy_information_responsiveness,IL_RD,IL,I0,RD,GL,test_069_5b01ea54b2fa,ab74b72396ecc5ee23369a0401781e1eedea17a51518978cc28be65bd8c7c6de,3,True,physical_path,29.0,79.0,15783.018971089112,91872.4312109998,0.0,107655.4501820889,8397.27882047694,90212.13928039541,3574.3543839794033,3214.078733992193,1317.1540847851272,940.4448784598426,41.923345989218994,1323.0428625933737,7459.063031753946,0.0004928201279143829,170.2068587979389,170.2073516180668,1504.0138758267876,4.5678529230272325e-07,79.0,9.725827805633123e-07,0.010349222686202041,3574.3440347567175,107655.4501820889,2.2221255000043745,4.5858916667445255,17.0,12.0,0.0,34.0,79.0,False,False,True,True,True,False,1.0,0
fixed_policy_information_responsiveness,IL_RD,IL,I0,RD,GL,test_070_0cd9bcac96c3,af1c089b1585069ce3aa8660e2ccbc7790157d41b7564bd42a816925e624afb1,3,True,physical_path,29.0,79.0,16409.970980360755,104484.28144007991,0.0,120894.25242044067,9161.57792003465,101587.7670542565,4054.788495006498,3741.2403490884385,1410.4491721787533,938.4294298758485,45.566321113817345,1514.2418551875533,8191.4046451018,0.000569343172343354,193.08459708570854,193.0851664288809,1569.6890567304706,5.326441501941061e-07,79.0,9.678078823039862e-07,0.011956206619210435,4054.7765387998793,120894.25242044068,2.2739757011516084,4.837054366711527,17.0,12.0,0.0,34.0,79.0,False,False,True,True,True,False,1.0,0
fixed_policy_information_responsiveness,IL_RD,IL,I0,RD,GL,test_071_34f77888383f,9ea4b08354972ecc8e92b86fbc35f8c0031316e3afe68c72a63a6e70a1bbc8a8,3,True,physical_path,29.0,79.0,14068.519947751285,95160.49524477038,0.0,109229.01519252166,7528.215589569103,93130.05034643749,3726.4442118567554,2742.4281070090237,1156.6071078759494,945.26982977337,38.9018334427027,1144.9340802183688,7445.711626450466,0.00033194834550817615,177.4493924257857,177.44972437413125,1401.8195911950195,5.377119099271407e-07,79.0,9.944208359172217e-07,0.006970915255671698,3726.4372409414996,109229.01519252169,2.18521600229473,4.672851066648339,17.0,12.0,0.0,34.0,79.0,False,False,True,True,True,False,1.0,0
fixed_policy_information_responsiveness,IL_RD,IL,I0,RD,GL,test_072_8e59fac0e6c8,a92a7392849d15eefcaf1837db77746f72e76c3458114a652198fbbac7696f85,3,True,physical_path,29.0,79.0,14982.346905684799,102229.11038149527,0.0,117211.45728718008,8304.573700035917,99532.31829139493,3987.6513315841457,3153.10138297923,1252.4339687448849,981.3786124409156,42.06358192151516,1319.4622720504558,7927.5853240519,0.0003794614067448847,189.88777918545733,189.8881586468641,1484.579495278342,5.733645254303619e-07,79.0,9.602522475358579e-07,0.00796868954164258,3987.643362894604,117211.45728718002,2.2250521931042573,4.863553266661863,17.666666666666668,11.333333333333334,0.0,34.0,79.0,False,False,True,True,True,False,1.0,0
fixed_policy_information_responsiveness,IL_RD,IL,I0,RD,GL,test_073_69349232969b,2f362bb368dcdc730f872c8fef400b9c0f1ea176fcef502da962a890dc828cd3,3,True,physical_path,29.0,79.0,16119.147548936975,100181.05638144702,0.0,116300.20393038401,8857.582403177126,97655.00283102237,3890.950627605107,3580.737403631157,1376.6261180849826,939.3045468632671,44.44154180588081,1451.9688914112273,7914.643650279603,0.00057466835843246,185.2827885509324,185.28336321929078,1530.7393675657966,5.69173360810397e-07,79.0,9.744296140664288e-07,0.012068035527081659,3890.93855956958,116300.20393038401,2.240299160902699,4.7089526999431355,17.0,12.0,0.0,34.0,79.0,False,False,True,True,True,False,1.0,0
fixed_policy_information_responsiveness,IL_RD,IL,I0,RD,GL,test_074_212affc962e2,5e264f6232f1c29e769f71e598177184ad84a0bf9ff8df6be008bd7148f26ae7,3,True,physical_path,29.0,79.0,16045.5846270513,98631.02674661414,0.0,114676.61137366544,8802.458275096162,96197.27472950383,3828.7217895258054,3542.2345615804284,1365.9404479497962,939.9815700094144,44.44181536680711,1455.6249709435915,7830.540326726313,0.0005649371143345768,182.3195202784002,182.32008521551452,1525.593078239133,5.776477326104408e-07,79.0,9.381506439943791e-07,0.011863679401026112,3828.709925846404,114676.61137366544,2.114712006907546,4.497164266649634,17.0,12.0,0.0,34.0,79.0,False,False,True,True,True,False,1.0,0
fixed_policy_information_responsiveness,IL_RD,IL,I0,RD,GL,test_075_8de4e41c7ad9,166abe46fe8875dd98f46b7b2978bf6ca11460aaf2ee4dda761e02f6149bab0d,3,True,physical_path,29.0,79.0,14894.315433881313,93565.66855880785,0.0,108459.98399268916,8010.4947355233135,91585.20841090781,3649.331933722235,3034.210118819941,1238.2505893750401,942.4882043408383,40.65838229364616,1248.5860437311014,7428.733094693511,0.00041205213912371623,173.7772990774911,173.77771112963023,1442.8798938905966,5.093669383070488e-07,79.0,9.84330364093772e-07,0.008653094921598043,3649.3232806273136,108459.98399268916,2.1891471413847317,4.631475633243099,17.0,12.0,0.0,34.0,79.0,False,False,True,True,True,False,1.0,0
fixed_policy_information_responsiveness,IL_RD,IL,I0,RD,GL,test_076_48339f21c8ec,387a6bfe5e45be691df244ec9fae6a75828f663e05409a99728fee303e05e519,3,True,physical_path,29.0,79.0,16730.730279064792,107252.1011462795,0.0,123982.8314253443,9337.272449021808,104293.75717832742,4160.505653693776,3816.2629310860616,1437.420683421505,937.6125297937521,46.37717153271987,1558.1846632375552,8405.960527279021,0.0006088002372503774,198.11870804232345,198.1193168425607,1594.4924364302387,6.414216794040892e-07,79.0,9.81748052252267e-07,0.012784804982257925,4160.492868888793,123982.83142534434,2.2685223586279255,4.846819033225377,17.0,12.0,0.0,34.0,79.0,False,False,True,True,True,False,1.0,0
fixed_policy_information_responsiveness,IL_RD,IL,I0,RD,GL,test_077_b1f2e84dc844,327faba7b538b224eb0dff4c274be7b98e160c294f315741e33a3e501ab91753,3,True,physical_path,29.0,79.0,16194.210605716124,95377.59360064608,0.0,111571.80420636221,8703.094550460379,93415.72076721086,3704.7497322397703,3458.7399038142453,1351.148367397225,938.3508852397586,43.620153751547775,1423.6462335607368,7674.414124123095,0.0005171905209275805,176.41613672565862,176.41665391617957,1514.6457946723285,5.951138413035983e-07,79.0,9.850060043107682e-07,0.010861000939479191,3704.738871238831,111571.80420636223,2.2312544712438194,4.710749066590021,17.0,12.0,0.0,34.0,79.0,False,False,True,True,True,False,1.0,0
fixed_policy_information_responsiveness,IL_RD,IL,I0,RD,GL,test_078_367d379a9297,f9d9eb992e504e9775b1d536a7a14d78c484ed66383cb9fe11fbb7eaa3b15364,3,True,physical_path,29.0,79.0,16127.936557165982,96991.51501659816,0.0,113119.45157376413,8631.742574990401,95077.53520744666,3773.3708139233204,3374.5279695473455,1324.1080901211255,938.1669177352651,42.96204236086819,1392.7978248078264,7781.962097388357,0.0004494763965421896,179.68387499614252,179.68432447253906,1514.6099480021428,5.721141351517283e-07,79.0,9.643376262998223e-07,0.009439004327385982,3773.361374918993,113119.45157376413,2.1867272080478912,4.82909503323026,17.0,12.0,0.0,34.0,79.0,False,False,True,True,True,False,1.0,0
fixed_policy_information_responsiveness,IL_RD,IL,I0,RD,GL,test_079_bce06ca59758,354b6f6d5badf8b78b4e947bce85d66a812832394cae0b2d8d8905466cdff072,3,True,physical_path,29.0,79.0,13868.61046980779,93780.6827536754,0.0,107649.2932234832,7366.99057431873,91843.65020995394,3672.344643103861,2628.145104921746,1132.545276852603,1005.6174143323069,38.090991958911566,1103.214052230024,7364.2577579686595,0.0003125654760961862,174.87324186804108,174.87355443351717,1400.5610820079685,6.13465745870306e-07,79.0,9.861240626629035e-07,0.00656387499801991,3672.3380792288626,107649.29322348315,2.1929031138003263,4.696473799878731,18.0,11.0,0.0,34.0,79.0,False,False,True,True,True,False,1.0,0
fixed_policy_information_responsiveness,IL_RD,IL,I0,RD,GL,test_080_e669407a98d7,121d71da3287fd0210c7b9434b794a18b7c744d477b29a53f3d620911cf9f336,3,True,physical_path,29.0,79.0,16099.61612727806,106326.3533476626,0.0,122425.96947494066,8903.209617709987,103434.27231901667,4138.66114660921,3621.9175577614783,1387.9047455691689,940.0040882741673,44.65321410038575,1448.2318477493834,8271.840151677987,0.0006071530360561785,197.07849506645007,197.07910221948615,1552.5220339234857,5.247114724670867e-07,79.0,9.773207393254069e-07,0.012750213757179748,4138.6483963954515,122425.96947494068,2.283940586205251,4.9243318666704,17.0,12.0,0.0,34.0,79.0,False,False,True,True,True,False,1.0,0
fixed_policy_information_responsiveness,IL_RD,IL,I0,RD,GL,test_081_fbbd80304765,0b82e11f5cd1fea6f347b45e70d47396c0c136e422733b8ac33c145a65f3ca6e,3,True,physical_path,29.0,79.0,14332.030242619983,105092.03538410319,0.0,119424.06562672317,7922.039875518117,102282.32314246467,4109.567429064139,2955.182825105597,1209.6835685262538,945.2687860443962,40.80145729478158,1220.1420308409254,8052.105826267206,0.000370407927137869,195.6933166903652,195.69368709829234,1460.7207443767347,6.473135567884037e-07,79.0,9.760840421102885e-07,0.007778566469895248,4109.55965049767,119424.06562672317,2.231624821829877,4.855703833357741,17.0,12.0,0.0,34.0,79.0,False,False,True,True,True,False,1.0,0
fixed_policy_information_responsiveness,IL_RD,IL,I0,RD,GL,test_082_2cf496ac3a99,2a7046d4a4e1fe03445d9dae89497a78aa0ff11fe474d9f7fdbf7d09c4f5ff24,3,True,physical_path,29.0,79.0,16512.89282380448,103170.44567565715,0.0,119683.33849946164,9034.226446565637,100652.71887660085,4009.036085505159,3647.7660787668215,1401.6001297075145,937.9908823156229,44.765436230790975,1473.3688229105826,8158.314000384794,0.0005834673056312258,190.9058967948448,190.90648026215044,1562.134292378171,5.073728160036009e-07,79.0,9.758064329018236e-07,0.012252813418255739,4009.023832691741,119683.33849946159,2.262715251720243,4.907811433387299,17.0,12.0,0.0,34.0,79.0,False,False,True,True,True,False,1.0,0
fixed_policy_information_responsiveness,IL_RD,IL,I0,RD,GL,test_083_4cbdde5f376f,21703e1831e6b1210ccf39ad402121126a8f354e5dd13cff5081d7a07b4a2274,3,True,physical_path,29.0,79.0,15983.228566649255,98224.65870228111,0.0,114207.88726893037,8608.424249732258,96098.88536590751,3823.7252943352137,3381.286263937385,1355.0858709750767,940.4802240429198,42.91742911532031,1363.4134034035903,7829.01943761672,0.0005565633617571647,182.08160030974366,182.08215687310542,1524.1717082122561,5.277835817795107e-07,79.0,9.769573299704982e-07,0.011687830596900461,3823.7136065046166,114207.88726893037,2.2558411298689016,4.811467800056562,17.0,12.0,0.0,34.0,79.0,False,False,True,True,True,False,1.0,0
fixed_policy_information_responsiveness,IL_RD,IL,I0,RD,GL,test_084_513eb18f351c,341db6669dc186ed38f4ff6debc2545e4eb1d075fadf4fe32c2aabeb61a2d25b,3,True,physical_path,29.0,79.0,15803.190765989792,101036.54005099872,0.0,116839.73081698851,8640.9457648795,98557.52663150978,3932.85286436463,3421.0974857699002,1346.801777367418,940.5062930972912,43.520874276418624,1392.545978375947,7955.668576458217,0.0005417329935933757,187.27816609389356,187.27870782688714,1522.6340381736497,5.629052770948194e-07,79.0,9.412931054260817e-07,0.011376392865460895,3932.8414879717643,116839.73081698851,2.2538987574643916,4.725504233269021,17.0,12.0,0.0,34.0,79.0,False,False,True,True,True,False,1.0,0
fixed_policy_information_responsiveness,IL_RD,IL,I0,RD,GL,test_085_650c50514b66,e94f854176fa26c2ed212d69844def725d10578665dd847cab94c351dbec1cda,3,True,physical_path,29.0,79.0,17254.231018412873,101561.01925926468,0.0,118815.25027767755,9372.881512204754,99230.87432737932,3936.2784210783407,3884.970505051462,1454.859156567644,935.3863553959917,46.059968386267286,1566.0456944398431,8132.177365656057,0.0006438349558119915,187.44118574020328,187.4418295751591,1585.7556253646,5.579769846373587e-07,79.0,9.613997417309914e-07,0.013520534072051824,3936.264900544269,118815.2502776775,2.2756887988438934,4.974432466629271,17.0,12.0,0.0,34.0,79.0,False,False,True,True,True,False,1.0,0
fixed_policy_information_responsiveness,IL_RD,IL,I0,RD,GL,test_086_754dc8e1ab0e,ea444f07bd4f0035c9bf3a885f359d285cd12879a434942844a860db87947cd3,3,True,physical_path,29.0,79.0,16656.18576676931,106719.69020138709,0.0,123375.87596815638,9193.017621947301,103900.17779174213,4148.170659829011,3751.511224469646,1406.675243473094,976.3234266952251,45.597692601800794,1529.596989364024,8354.635386580194,0.0005638423562655217,197.53137233997757,197.53193618233385,1572.8208384075922,6.679156282748189e-07,79.0,9.62804138790499e-07,0.011840689481575956,4148.1588191395285,123375.8759681564,2.266274410350805,4.876745266607031,17.666666666666668,11.333333333333334,0.0,34.0,79.0,False,False,True,True,True,False,1.0,0
fixed_policy_information_responsiveness,IL_RD,IL,I0,RD,GL,test_087_cbc79ee243dd,691486e3c17626ca20c775eaa69679e041e484b6d253bf1a67a4cf50a423fb8c,3,True,physical_path,29.0,79.0,15326.027504249398,108078.53991241429,0.0,123404.56741666369,8664.578071286987,104832.97205940842,4208.972834647809,3436.8150218443793,1319.869626714827,941.3598027612592,44.2205960875121,1417.108496293564,8280.423971752038,0.0004915326811345244,200.42678630769072,200.42727784037186,1518.3328750758392,6.160176733917092e-07,79.0,9.719333406398663e-07,0.010322186303825013,4208.962512461505,123404.56741666367,2.2659258183985735,4.877901433346172,17.0,12.0,0.0,34.0,79.0,False,False,True,True,True,False,1.0,0
fixed_policy_information_responsiveness,IL_RD,IL,I0,RD,GT,test_000_4ae657b9eeec,75ed41740f0c0ea197ff0f6944b61b9920fa00e925068801312b85d79b461d66,3,True,physical_path,29.0,79.0,16371.608728256759,102224.63005424972,0.0,118596.23878250648,8927.126397185653,99786.27985378169,3976.548822312286,3582.263508534959,1385.5669650960779,938.453235595848,44.35186876790987,1450.631354227139,8081.3902406658935,0.0005658202072662521,189.3589019089492,189.35946772915645,1552.0134069047426,5.29999238379501e-07,79.0,9.777211041711e-07,0.011882224352591293,3976.536940087933,118596.23878250651,2.255845014963984,4.726639800006524,17.0,12.0,0.0,34.0,79.0,False,False,True,True,True,False,1.0,0
fixed_policy_information_responsiveness,IL_RD,IL,I0,RD,GT,test_001_dde9993de777,b808f465cc0e3fe36a03bec0642f5929d80ca792c9eab50b8a5f7d736e2b2a4a,3,True,physical_path,29.0,79.0,15067.723130541262,107655.81375549624,0.0,122723.53688603752,8326.254918490034,104739.24322045331,4203.32503235242,3233.8654681559387,1278.222645240293,942.6256013455298,42.468075751616034,1315.532531104237,8264.723377517917,0.0004506788859832079,200.15788419503875,200.15833487392476,1497.9937847849626,6.887715921583944e-07,79.0,9.56832065026856e-07,0.009464256605647365,4203.315568095814,122723.53688603752,2.2349503770170887,4.923216700088233,17.0,12.0,0.0,34.0,79.0,False,False,True,True,True,False,1.0,0
fixed_policy_information_responsiveness,IL_RD,IL,I0,RD,GT,test_002_f01217ab0e79,24aabe5c62e36a790e477ed18aff5dac1142b7af1d1d88af275176c9d7ea1387,3,True,physical_path,29.0,79.0,15835.871206506774,91912.7767409658,0.0,107748.64794747258,8330.837119009475,90380.55751925353,3580.79936115219,3202.436863924273,1313.70065574001,940.3164283931274,41.46456759606564,1301.600042558681,7468.850608918982,0.0004976377795512019,170.51375765518188,170.5142552929614,1493.8538007880225,4.553571208113041e-07,79.0,9.610910463637445e-07,0.01045039337057524,3580.7889107588194,107748.64794747262,2.2204640632302595,4.572329433324437,17.0,12.0,0.0,34.0,79.0,False,False,True,True,True,False,1.0,0
fixed_policy_information_responsiveness,IL_RD,IL,I0,RD,GT,test_003_eb3106001035,0fccfaeb1ade372557c677b5e07cb40e189af0a7e2bbdb2c2978a5d58d41fc2d,3,True,physical_path,29.0,79.0,15729.480618249343,101287.68860359878,0.0,117017.16922184812,8596.717476375272,98790.89662042749,3943.2806839482946,3403.293228078767,1341.9516468582403,941.0295661600827,43.32320847813278,1378.4061649770065,7966.897715077696,0.0005365506879148076,187.7747341135166,187.7752706642045,1521.2247183283914,5.427505809424937e-07,79.0,9.889898227669317e-07,0.011267564446210958,3943.2694163838482,117017.16922184818,2.2570066770147963,4.857840666702638,17.0,12.0,0.0,34.0,79.0,False,False,True,True,True,False,1.0,0
fixed_policy_information_responsiveness,IL_RD,IL,I0,RD,GT,test_004_55a330aff5c4,9a4b0569bbc20b830eb1ee3bb7731626cfbae3f9f8cf1cf45343c7ba4ed58e52,3,True,physical_path,29.0,79.0,15936.62268434646,93475.8270290083,0.0,109412.44971335476,8486.71370830658,91769.42639056197,3636.1151516470527,3258.7072541303933,1321.9435085443554,939.543700164404,42.32201921417009,1348.00032847402,7568.901496482435,0.0004877240372225138,173.14785283058436,173.14834055462157,1505.2896815045508,5.030114129535668e-07,79.0,9.750674258260813e-07,0.010242204781672789,3636.104909442272,109412.44971335476,2.2284521436848643,4.856677133357152,17.0,12.0,0.0,34.0,79.0,False,False,True,True,True,False,1.0,0
fixed_policy_information_responsiveness,IL_RD,IL,I0,RD,GT,test_005_981c73a17708,bd46abfec5f078f3c0b19ad420f7d1eec7f2f95d2b406a00ba59ae9d93fc20a4,3,True,physical_path,29.0,79.0,15256.770263201208,100234.15178370103,0.0,115490.92204690223,8310.570291675189,97906.61125769421,3909.441167753486,3150.419300835418,1272.4117603986656,941.4682685452439,42.04461458667699,1315.2163114566054,7878.251003900817,0.0004169623385150368,186.16344816877984,186.16386513111834,1497.7788660918911,5.464085856222918e-07,79.0,9.608040199243497e-07,0.008756209108815772,3909.4324115443765,115490.92204690223,2.2286743206860518,4.758168800035492,17.0,12.0,0.0,34.0,79.0,False,False,True,True,True,False,1.0,0
fixed_policy_information_responsiveness,IL_RD,IL,I0,RD,GT,test_006_daba4b1e9814,75d8e3ad38430229f3cdc728b83652efff820d1f0dd36a5cd061b247917ecdf8,3,True,physical_path,29.0,79.0,15845.899911497845,98112.34095536424,0.0,113958.24086686212,8508.86048665096,96049.70645967625,3821.691744953023,3314.3126079443996,1323.8449491475292,939.8246184899555,42.741159549916546,1361.863017452401,7810.531967761318,0.00048809088704440846,181.98483309735215,181.98532118823917,1506.929262998158,6.44871240147265e-07,79.0,9.7520140911499e-07,0.010249908627932578,3821.681495044395,113958.24086686212,2.219503402311205,4.750301566673443,17.0,12.0,0.0,34.0,79.0,False,False,True,True,True,False,1.0,0
fixed_policy_information_responsiveness,IL_RD,IL,I0,RD,GT,test_007_925513ee8ec6,957d3dac7377db030d8efcc559a3fc404ec47b9f9427c91498d013d77b53a266,3,True,physical_path,29.0,79.0,18616.646613523615,97346.1632490181,0.0,115962.80986254172,9913.94332162,95551.56243494432,3759.16685987553,4239.480507828012,1566.872860737319,931.7838775365058,47.862465014886226,1695.5609039984604,8044.034301253577,0.0008416924059102995,179.00710401595268,179.00794570835862,1645.5900738867585,5.200512782358097e-07,79.0,9.863400891505809e-07,0.01767554052411629,3759.1491843350063,115962.80986254169,2.290789972415365,4.67933649996606,17.0,12.0,0.0,34.0,79.0,False,False,True,True,True,False,1.0,0
fixed_policy_information_responsiveness,IL_RD,IL,I0,RD,GT,test_008_fabe46a0ea00,0996fbf8c5be056e9a791faf37c1568c2dc3325672b618fb6690495c48960310,3,True,physical_path,29.0,79.0,14775.18976150675,93368.05013882181,0.0,108143.23990032857,7826.29819217899,91627.84717569964,3648.7990245760498,2869.66868153478,1226.8378500254908,943.7889763136145,39.763744632857566,1190.695927078444,7446.425241164013,0.0004049209183459596,173.75192958270304,173.75233450362137,1449.0197761653787,5.505606477331997e-07,79.0,9.495408284325851e-07,0.008503339285265152,3648.790521236764,108143.23990032857,2.2175818103387006,4.625000533259784,17.0,12.0,0.0,34.0,79.0,False,False,True,True,True,False,1.0,0
fixed_policy_information_responsiveness,IL_RD,IL,I0,RD,GT,test_009_c8ef87e47101,03ce056d9504b5b9251870ba36fce4267bfe22fa89f4bd0577a9954153b78ab2,3,True,physical_path,29.0,79.0,14648.508530192436,105808.25912219546,0.0,120456.76765238789,8252.368799952847,102732.64111987833,4125.651932959383,3158.4816692238105,1244.7193640312419,942.9047663422804,42.63988908310694,1329.044402655273,8099.297913659114,0.0003918913950280694,196.45922396381366,196.45961585520874,1473.030655536697,6.676766540674109e-07,79.0,9.803509819653117e-07,0.008229719295589457,4125.643703240087,120456.76765238789,2.2244638977010314,5.032091833340625,17.0,12.0,0.0,34.0,79.0,False,False,True,True,True,False,1.0,0
fixed_policy_information_responsiveness,IL_RD,IL,I0,RD,GT,test_010_613ab99db82c,8253022823d5a215e2583b996ae67139d72d8adc75a9ea76d7291e805e31f0a2,3,True,physical_path,29.0,79.0,14373.595263893338,91167.41523774237,0.0,105541.01050163571,7637.660913107903,89442.64456414408,3562.5091573202953,2723.740495801017,1170.390858440846,1004.0645128215625,38.847522030153364,1159.3383139783534,7279.136925177013,0.00032920776741744397,169.64296399796095,169.64329320572836,1426.5233362793958,5.260184116436074e-07,79.0,9.87564026981465e-07,0.006913363115766323,3562.50224395718,105541.01050163571,2.198149416097922,4.465206799951072,18.0,11.0,0.0,34.0,79.0,False,False,True,True,True,False,1.0,0
fixed_policy_information_responsiveness,IL_RD,IL,I0,RD,GT,test_011_8a2e74b38d5d,b824165b944fb1d86e7d4136e62bf979a2d34ce44df3cdf01e75a763724ca312,3,True,physical_path,29.0,79.0,15865.21239732285,113199.95382011232,0.0,129065.16621743517,9054.040594283812,109613.2428782002,4402.359184770935,3695.466483631771,1379.7207908406472,920.3362857078104,45.70629211475748,1499.0580819137042,8631.691982731862,0.0005641214931098757,209.63558753426568,209.6361516557588,1558.6928410725375,6.667978329796175e-07,79.0,9.587928605903428e-07,0.01184655135530739,4402.347338219578,129065.16621743517,2.2685014034658884,5.127523733380561,16.666666666666668,12.333333333333334,0.0,34.0,79.0,False,False,True,True,True,False,1.0,0
fixed_policy_information_responsiveness,IL_RD,IL,I0,RD,GT,test_012_b6bdc05b20a7,edeec4d1f91f6f1c3ba0da1aaf276e2980c22cd017c9d346001dbdbeef6561d5,3,True,physical_path,29.0,79.0,16203.45127588608,104987.96211366395,0.0,121191.41338955001,8947.29997312782,102274.6435169194,4082.341522281769,3567.57238533668,1380.5764073406729,938.9795845437038,44.694028995053905,1459.1781689137633,8239.769131100767,0.0005533722424249311,194.39666197450848,194.39721534675093,1563.3870140436202,5.596609804337835e-07,79.0,9.868658588898982e-07,0.011620817090923552,4082.3299014646786,121191.41338955004,2.268838497721751,4.893903966682653,17.0,12.0,0.0,34.0,79.0,False,False,True,True,True,False,1.0,0
fixed_policy_information_responsiveness,IL_RD,IL,I0,RD,GT,test_013_040653995d85,2a3f86788826a75d0de1d4e0c5a0a4ad5dd4e8f1e00bcf6e5fda30c62147be3e,3,True,physical_path,29.0,79.0,14519.586098590991,87751.24662215037,0.0,102270.83272074135,7650.515175871452,86311.86712391891,3425.356586278125,2763.1883158808837,1177.0547046817362,942.8508141102265,39.1570913393956,1181.7686657863142,7088.393255289454,0.0003411811320915905,163.11187721306433,163.1122183941964,1407.2106604926482,5.09772436098767e-07,79.0,9.679528883379647e-07,0.007164803773923401,3425.349421474351,102270.83272074132,2.1859852977139855,4.685142366603638,17.0,12.0,0.0,34.0,79.0,False,False,True,True,True,False,1.0,0
fixed_policy_information_responsiveness,IL_RD,IL,I0,RD,GT,test_014_f00647451070,7ad601c322ea2fcf691d98774905f79d0c6933a53f28eeac922ceab084665ca3,3,True,physical_path,29.0,79.0,14766.342532364251,92061.80996212126,0.0,106828.15249448553,7859.630451306068,90314.0050603655,3592.2121867066744,2912.1012995646047,1226.6341327061448,923.5693638365298,40.00477350845845,1209.0760940664002,7361.6197158714385,0.0004124726210045491,171.05731070388734,171.05772317650835,1440.3923047081837,5.345905339363391e-07,79.0,9.749236657618665e-07,0.00866192504109553,3592.2035247816334,106828.15249448553,2.213519490816384,4.659100866643712,16.666666666666668,12.333333333333334,0.0,34.0,79.0,False,False,True,True,True,False,1.0,0
fixed_policy_information_responsiveness,IL_RD,IL,I0,RD,GT,test_015_643a837775f9,0bdb5da5c9f39a1f5f16016cd38cb9bd2d3650ade00801bf72abf1b5c1ef2fe9,3,True,physical_path,29.0,79.0,18597.553430369197,108972.96010703273,0.0,127570.51353740193,10305.074880731909,105982.53615539482,4209.856090543716,4522.4221520339715,1617.8442888737172,932.7799698237726,49.88201809607826,1786.3219148606615,8664.36284928414,0.0009629328698058029,200.46837471206902,200.46933764493883,1685.7481717796818,5.711922356417555e-07,79.0,9.736293370583662e-07,0.020221590265921855,4209.83586895345,127570.51353740192,2.3052552735684544,4.879674199968576,17.0,12.0,0.0,34.0,79.0,False,False,True,True,True,False,1.0,0
fixed_policy_information_responsiveness,IL_RD,IL,I0,RD,GT,test_016_45a90ccef8bd,5d3ce39b508a4ccb3e9dcf8f61989ac456296e3755e7ad04d31e21895bc1ec7a,3,True,physical_path,29.0,79.0,16070.71639873131,108981.4002903673,0.0,125052.1166890986,9102.850383683626,105665.9344079898,4232.767063610666,3715.418487982896,1395.840037983975,939.3063078476449,45.7052198976906,1507.1792524211385,8414.765557855471,0.0005809298890892231,201.5597554325236,201.5603363624127,1565.1444946670956,5.690183330499424e-07,79.0,9.72041522434161e-07,0.012199527670873685,4232.7548640829955,125052.1166890986,2.2645277999951663,4.970949666574597,17.0,12.0,0.0,34.0,79.0,False,False,True,True,True,False,1.0,0
fixed_policy_information_responsiveness,IL_RD,IL,I0,RD,GT,test_017_ebd333a3cdba,a3c85008563f8c8c015d326ebf96d911a84dfa810c1806a6610330bd74827e2b,3,True,physical_path,29.0,79.0,16211.030190542604,99079.63916135642,0.0,115290.66935189902,8751.23755018186,96944.09844256779,3855.375110264477,3446.59950214045,1354.513914196911,938.8448325475309,43.70890970156139,1421.0709114279016,7892.212355378088,0.0005060067027505408,183.58878495827238,183.5892909649751,1530.2834003386924,6.223867036997887e-07,79.0,9.477988619694106e-07,0.01062614075776136,3855.3644841237196,115290.66935189902,2.2218480988582274,4.538630233379081,17.0,12.0,0.0,34.0,79.0,False,False,True,True,True,False,1.0,0
fixed_policy_information_responsiveness,IL_RD,IL,I0,RD,GT,test_018_9466cee538c9,86253eb5a2d091cc16d1f9a3a320e171c30977628d47b9c2faefafd18ea0aa0d,3,True,physical_path,29.0,79.0,16680.64659010503,99555.5891254525,0.0,116236.23571555753,9035.09937217374,97320.96418480988,3866.9940843414915,3656.2565515748465,1418.890210963082,938.031311694513,44.70217510120623,1472.1196183591892,7966.571663116531,0.0006316921112932915,184.14194375272163,184.14257544483291,1563.5204659206768,5.138573256881133e-07,79.0,9.307013816842053e-07,0.013265534337159123,3866.9808188071534,116236.23571555754,2.2864077999925603,4.859142466681078,17.0,12.0,0.0,34.0,79.0,False,False,True,True,True,False,1.0,0
fixed_policy_information_responsiveness,IL_RD,IL,I0,RD,GT,test_019_9d2b7462a57a,e3686a781bf5d9cc8a1a95f6cfee4adb410e97762f9815f7f575cd1c7c688f06,3,True,physical_path,29.0,79.0,17465.84179242451,98699.03176743998,0.0,116164.87355986449,9505.360609535199,96420.14645681978,3814.4057214164036,4005.7611019841693,1484.6644248619268,934.5352452470153,46.91926566024742,1618.8832429437896,7983.504966660993,0.0007145379551055738,181.63765314854035,181.63836768649546,1592.6285852300407,5.766663360204606e-07,79.0,9.8053137995439e-07,0.01500529705721705,3814.390716119347,116164.87355986451,2.2613432908098847,4.9409719000104815,17.0,12.0,0.0,34.0,79.0,False,False,True,True,True,False,1.0,0
fixed_policy_information_responsiveness,IL_RD,IL,I0,RD,GT,test_020_701c8d28bc45,64a6b03bce01c1a89c724a633f63003ecd11109f06a7e37ec1b0cd196da48626,3,True,physical_path,29.0,79.0,16326.770575467242,104959.07506668968,0.0,121285.84564215694,9096.617036772852,102056.23435638692,4076.376467282377,3711.3487137458565,1406.6302888590228,938.6387791099022,45.41388456496725,1502.4452516825768,8213.112873984699,0.0005991988233947477,194.11256590986122,194.1131651086846,1562.8502117271992,5.050815691135498e-07,79.0,9.77506910418744e-07,0.012583175291289697,4076.363884107086,121285.84564215691,2.2704898356245935,4.82844793330878,17.0,12.0,0.0,34.0,79.0,False,False,True,True,True,False,1.0,0
fixed_policy_information_responsiveness,IL_RD,IL,I0,RD,GT,test_021_69299bc5d0bf,6e755751a4e65a356d16122e1fe19db7f245d1323155a143f838c95d128bde6f,3,True,physical_path,29.0,79.0,15956.416478467583,94813.38493722356,0.0,110769.80141569115,8459.515272007053,93078.17238946752,3693.175855830923,3274.858122959808,1324.4618408562321,939.6179345696128,42.175654731911585,1338.5515310310802,7644.824538938686,0.0004963437479839665,175.8650206005817,175.8655169443297,1506.0680861997737,5.45054921566578e-07,79.0,9.900964418090149e-07,0.0104232187076633,3693.1654326122157,110769.80141569115,2.2157281137836944,4.645231899960588,17.0,12.0,0.0,34.0,79.0,False,False,True,True,True,False,1.0,0
fixed_policy_information_responsiveness,IL_RD,IL,I0,RD,GT,test_022_1b3e72c80b5f,206d3dd2f49133cdef746f58bc516b176cdbc2a51f7ebbbc523df6455ae5b53c,3,True,physical_path,29.0,79.0,16473.026380419233,92851.34200999404,0.0,109324.36839041328,8692.330158150518,91297.86292889631,3607.8647625097315,3418.3104617417225,1369.755934919065,938.2441441958905,42.97228345827841,1389.0808636058537,7601.132286725294,0.0005529745319156238,171.8025309545029,171.80308392903484,1536.0545201172984,5.026652060892398e-07,79.0,9.769095278332215e-07,0.0116124651702281,3607.853150044562,109324.36839041323,2.2360330586289536,4.667305966606364,17.0,12.0,0.0,34.0,79.0,False,False,True,True,True,False,1.0,0
fixed_policy_information_responsiveness,IL_RD,IL,I0,RD,GT,test_023_90a8af416c5a,6f307309d3320cf90229ccbd42690532f83de1f86a41507c5e6229792230343f,3,True,physical_path,29.0,79.0,17035.05280318785,101018.06955178613,0.0,118053.12235497398,9360.23345529572,98453.24085402658,3911.9278010854564,3931.9481263505318,1458.6261631121963,937.14595510347,46.75522930026167,1597.153186052098,8047.41815673186,0.00069462365085419,186.28158161851377,186.2822762421646,1576.9326193856284,6.434307458730318e-07,79.0,9.777697427800328e-07,0.014587096667937989,3911.9132139887893,118053.12235497397,2.1225320287236156,4.386128999991342,17.0,12.0,0.0,34.0,79.0,False,False,True,True,True,False,1.0,0
fixed_policy_information_responsiveness,IL_RD,IL,I0,RD,GT,test_024_e90f261f99e2,a2217a451505b72ecffb15b706f82fa13dd02e5246239352e71c874c3e2b909b,3,True,physical_path,29.0,79.0,15399.471423920957,103845.19905235642,0.0,119244.67047627737,8606.354309016831,100955.56758861094,4042.4530773382708,3383.5307951912982,1315.5838005665764,941.1809055534881,43.609765843278545,1392.873809411757,8056.507356591438,0.0004661413965265213,192.4972994461402,192.49776558753672,1513.2845624014026,5.704178494103408e-07,79.0,9.402194677046521e-07,0.009788969327056947,4042.443288368944,119244.67047627742,2.249716655169239,4.8591051666686935,17.0,12.0,0.0,34.0,79.0,False,False,True,True,True,False,1.0,0
fixed_policy_information_responsiveness,IL_RD,IL,I0,RD,GT,test_025_0c3eeaae0824,481de4be35a821cd093f24ffad7eca6efe30e96f4cd9848aff621fcb70d542fd,3,True,physical_path,29.0,79.0,15599.106279533866,103023.71255890146,0.0,118622.81883843533,8481.954225188189,100591.0434779824,4013.934992213474,3287.5742168612455,1307.7139163242948,940.5980098656619,42.85087813083873,1351.2418500630877,8090.435927787828,0.00048368862049482574,191.13927784535448,191.13976153397496,1521.779255424178,6.853367135770934e-07,79.0,9.407252992827314e-07,0.010157461030391342,4013.924834752444,118622.81883843528,2.2320724827660268,4.79928176671577,17.0,12.0,0.0,34.0,79.0,False,False,True,True,True,False,1.0,0
fixed_policy_information_responsiveness,IL_RD,IL,I0,RD,GT,test_026_770d47ae1768,0f2bea7027db9d8baf45b68efc718379be3d8148c45feaa470d4d0623fef3f41,3,True,physical_path,29.0,79.0,15184.213527307773,112186.25632392208,0.0,127370.46985122985,8599.622238605596,108717.36827898912,4374.25748966179,3434.5911489578716,1302.2659855515033,942.3647094639828,43.688775440386195,1387.3826459124218,8502.56712173714,0.00046349711732852303,208.29751220106314,208.29797569818047,1511.5472533789962,7.151575005350564e-07,79.0,9.477376521124838e-07,0.009733439463898983,4374.247756222326,127370.46985122988,2.2236738022759384,4.886120033217594,17.0,12.0,0.0,34.0,79.0,False,False,True,True,True,False,1.0,0
fixed_policy_information_responsiveness,IL_RD,IL,I0,RD,GT,test_027_df5d670513fa,81fd0061cbc1e7018bd5b9eb1239ce1515bc6cbada40b12f82000eb260b5e055,3,True,physical_path,29.0,79.0,16161.943108744623,95818.75683118186,0.0,111980.69993992649,8604.581242709706,94000.49952249887,3728.631980901108,3361.1578149841857,1346.7910088219533,939.0383700106737,42.73968329597159,1368.8926162357584,7730.31528976792,0.0005285665807099376,177.553375285853,177.5539038524337,1525.2012766603095,4.913339384952125e-07,79.0,9.696023476518337e-07,0.011099898194908689,3728.620881002913,111980.69993992649,2.2335409655010903,4.738173200050369,17.0,12.0,0.0,34.0,79.0,False,False,True,True,True,False,1.0,0
fixed_policy_information_responsiveness,IL_RD,IL,I0,RD,GT,test_028_e9fb02365dd3,5d802ed0aa2ed1e79c8a0eb81c45c7d2acaad5c313db1e25b12244cb5da1a3f1,3,True,physical_path,29.0,79.0,14902.554943275949,93907.30364343004,0.0,108809.85858670599,7906.258656098234,92114.40453730799,3667.4554100837718,2942.5132901237243,1236.0628474687862,943.1638456234924,39.91976768441153,1202.7213275202757,7484.572331140545,0.0004135754493962498,174.64032023806354,174.64073381351295,1448.5157506863886,4.968457786126601e-07,79.0,9.845955127588067e-07,0.008685084437321248,3667.4467249993345,108809.85858670599,2.197744155168833,4.742227533366531,17.0,12.0,0.0,34.0,79.0,False,False,True,True,True,False,1.0,0
fixed_policy_information_responsiveness,IL_RD,IL,I0,RD,GT,test_029_b44f60718c5a,864fc5477a80617dcd1dfd105218334b6714ff3283b58095987765279672cc93,3,True,physical_path,29.0,79.0,14579.354352997945,100216.90005890891,0.0,114796.25441190686,7999.5639322866255,97676.48493678674,3913.4846693395575,2983.6517162536634,1219.3039608168056,1003.7651964234507,40.738619309765674,1239.556942070924,7790.094384600598,0.00037856369313288285,186.3560342620001,186.35641282569324,1463.6970744338876,5.900848780664442e-07,79.0,9.921304579036432e-07,0.00794983755579054,3913.4767195020017,114796.25441190686,2.2296467919582397,4.65688950001883,18.0,11.0,0.0,34.0,79.0,False,False,True,True,True,False,1.0,0
fixed_policy_information_responsiveness,IL_RD,IL,I0,RD,GT,test_030_038f4c53d11f,c289c0180e19d4efe38d6fb3cf749dc58fb2fc82a28248babf37eba4d050247c,3,True,physical_path,29.0,79.0,15802.042075489118,94356.10222523374,0.0,110158.14430072287,8393.422090425214,92580.01859820871,3676.4686995002,3254.0196565074716,1314.1802513218263,940.0350047594392,42.12964540119204,1335.4012046191326,7588.099022155434,0.0004900206094930413,175.06944805082858,175.0699380714381,1493.094424440853,5.594445845868498e-07,79.0,9.891956894562735e-07,0.010290432799353868,3676.4584090674,110158.14430072287,2.2135908540268696,4.48600980003054,17.0,12.0,0.0,34.0,79.0,False,False,True,True,True,False,1.0,0
fixed_policy_information_responsiveness,IL_RD,IL,I0,RD,GT,test_031_0a6ff70351b5,66453c50834fa3dcd176a36c69c2cd344e4023d8d34a02e0efe688cf2781c3f9,3,True,physical_path,29.0,79.0,14808.076921977612,99767.25097143328,0.0,114575.32789341088,8066.067188158867,97443.9721524504,3897.8825006141615,2989.418500724539,1234.7573279014116,943.2302235614974,40.993847487805006,1251.8508656501238,7795.885805862233,0.0003802767698965709,185.61307213342823,185.61345241019816,1466.4851908972394,5.414657288176421e-07,79.0,9.341760878279264e-07,0.00798581216782799,3897.8745148019934,114575.32789341085,2.2298679735522247,4.762362233207871,17.0,12.0,0.0,34.0,79.0,False,False,True,True,True,False,1.0,0
fixed_policy_information_responsiveness,IL_RD,IL,I0,RD,GT,test_032_efdf826e6bc3,f68d8f9fe8ed71a08598d0d2dbfcc8624aee20f294eb03c5d0d1b47b192231a8,3,True,physical_path,29.0,79.0,16516.31779295742,99666.84179164807,0.0,116183.15958460548,8960.294800863203,97400.71429677651,3870.4511370216496,3587.1355516835633,1387.618048808569,976.945749451998,44.34501497829708,1463.8965210188474,7965.747697362368,0.0005643540745765464,184.30663264695636,184.30719700103091,1555.2494232648262,5.595250369665807e-07,79.0,9.174497175735486e-07,0.011851435566107474,3870.4392855860838,116183.15958460548,2.2543182597741827,4.86687946676587,17.666666666666668,11.333333333333334,0.0,34.0,79.0,False,False,True,True,True,False,1.0,0
fixed_policy_information_responsiveness,IL_RD,IL,I0,RD,GT,test_033_de0c441dba67,7ec9546050ec128248d8d481b870b6380d6ca6d723d82627518325ffbdc72f3a,3,True,physical_path,29.0,79.0,15933.452582192775,103850.9478531046,0.0,119784.40043529736,8789.804983073156,101148.00756190444,4041.1397357660485,3478.5096154293065,1348.0672925260506,978.8712465983671,43.91013225095381,1423.6072710616234,8123.9009061064535,0.0005129978876148738,192.43471251478135,192.43522551266895,1535.246889338365,5.842448358688314e-07,79.0,9.671785310981683e-07,0.010772955639912351,4041.128962810408,119784.40043529736,2.2548863034716797,4.829870966806387,17.666666666666668,11.333333333333334,0.0,34.0,79.0,False,False,True,True,True,False,1.0,0
fixed_policy_information_responsiveness,IL_RD,IL,I0,RD,GT,test_034_a00d80b83640,0f4bc5cfced121212348bbd1013ec4964294f487da2bfeef2082f3134c966878,3,True,physical_path,29.0,79.0,15634.66424259566,103878.82394034928,0.0,119513.48818294494,8608.488838002124,101187.52942939791,4045.427301286203,3398.591505587743,1332.239650496377,941.2114581745487,43.36069956415427,1377.2487716742796,8106.41741540416,0.0005077747026245875,192.63888752464038,192.63939529934302,1522.1427309222393,5.909792803543842e-07,79.0,9.877884482882232e-07,0.01066326875511634,4045.4166380174483,119513.4881829449,2.2330729839011987,4.917301933281124,17.0,12.0,0.0,34.0,79.0,False,False,True,True,True,False,1.0,0
fixed_policy_information_responsiveness,IL_RD,IL,I0,RD,GT,test_035_51fd398978b7,b6fa16487d60759605dd86ad9e174dcae5c07eba9b0e4a208e41547329603d50,3,True,physical_path,29.0,79.0,14786.815732562902,97421.13263925859,0.0,112207.94837182149,7988.851842264376,95276.88908260886,3803.5070400788486,2965.557679998043,1230.05199857323,943.0907282981358,40.78193254395917,1242.320750123639,7669.933740179925,0.00039102729347811937,181.1189918336041,181.11938286089753,1456.3788659410511,6.254388789289765e-07,79.0,9.356098204548224e-07,0.008211573163040506,3803.4988285056857,112207.94837182149,2.2151351562974138,4.6522568666841835,17.0,12.0,0.0,34.0,79.0,False,False,True,True,True,False,1.0,0
fixed_policy_information_responsiveness,IL_RD,IL,I0,RD,GT,test_036_7eb6ac1ca077,835e8a13ce793ee0d4c8d1922e6d12f857b647d3db30f415b92ebcca10cb9554,3,True,physical_path,29.0,79.0,15604.89847738875,99167.81343514448,0.0,114772.71191253322,8511.108723221858,96806.41901284514,3861.12204528719,3314.290199814288,1300.269566276256,979.5023650884787,42.62079453732749,1363.7453518633438,7822.410771078762,0.0004363541631559125,183.86251818332207,183.86295453748525,1502.4815115026224,5.576098442496117e-07,79.0,9.712074468947923e-07,0.009163437426274164,3861.1128818497637,114772.71191253322,2.226371025297277,4.905755033250898,17.666666666666668,11.333333333333334,0.0,34.0,79.0,False,False,True,True,True,False,1.0,0
fixed_policy_information_responsiveness,IL_RD,IL,I0,RD,GT,test_037_f096257ecaa4,0504d3553dd1b04e2daf266d9385ecec583ac5ee5143240ec48390c3637711cc,3,True,physical_path,29.0,79.0,18983.08641505087,100377.83546852309,0.0,119360.92188357397,10317.036508111802,98096.63450361048,3863.6155646504376,4526.322042369121,1626.4998517357242,930.8134130963977,49.555980944643984,1791.3427753767303,8235.831655588718,0.0009669776050192947,183.98072657717773,183.98169355478277,1682.3243697047994,4.749827143866041e-07,79.0,9.794515534596249e-07,0.02030652970540519,3863.5952581207325,119360.92188357397,2.314618178140158,4.927977533312514,17.0,12.0,0.0,34.0,79.0,False,False,True,True,True,False,1.0,0
fixed_policy_information_responsiveness,IL_RD,IL,I0,RD,GT,test_038_b05abc6e01b3,d70904feaac93846beafd0d4f452a87f57385097244d4e0d5b2934e20eff821f,3,True,physical_path,29.0,79.0,16485.149725284635,99138.50498724791,0.0,115623.65471253253,9080.828548212454,96627.94390836077,3841.662092448509,3733.3271162600818,1401.6658957621078,938.2271514886152,45.58200242864987,1530.8346428407967,7886.555473929039,0.0005923326875370796,182.93569778390815,182.9362901165957,1545.1413352758548,5.551521655768031e-07,79.0,9.401311069709888e-07,0.012438986438278671,3841.649653462071,115623.65471253255,2.113829914948785,4.490456399973482,17.0,12.0,0.0,34.0,79.0,False,False,True,True,True,False,1.0,0
fixed_policy_information_responsiveness,IL_RD,IL,I0,RD,GT,test_039_9c0d1ebe6c19,a764716cc7f8aeab39c2c2f073ba3bf25b0853e49b15690e7a526a3355477947,3,True,physical_path,29.0,79.0,15449.910597550966,103748.1891697204,0.0,119198.09976727136,8550.467296486438,101031.9072449173,4042.394748693528,3331.4887478178266,1301.1866804205326,940.6550489357119,43.33631678750373,1384.837005513429,8064.5942177694305,0.00043433947733593527,192.4945536935478,192.49498803302512,1503.109469391493,6.21847405981969e-07,79.0,9.687572953991945e-07,0.00912112902405464,4042.3856275645035,119198.09976727136,2.2230175528648553,5.085844300066431,17.0,12.0,0.0,34.0,79.0,False,False,True,True,True,False,1.0,0
fixed_policy_information_responsiveness,IL_RD,IL,I0,RD,GT,test_040_11a8950c659e,ce3f9b7a7902becf4bdfbdd9494b3f00f7d8b741e45d94aec742b61d96ed6b99,3,True,physical_path,29.0,79.0,14826.499676819707,97667.26380046007,0.0,112493.76347727976,8086.607043260256,95352.92792368295,3808.0028163521233,3061.324413368105,1242.6843070901523,942.2169735262202,41.61537573271821,1288.265087555673,7666.76162156078,0.0004166154395169805,181.33305082989966,181.3334674453392,1456.9414974066128,6.46305145101384e-07,79.0,9.84719690519556e-07,0.00874892422985659,3807.9940674278932,112493.7634772798,2.2132227574689205,4.600291933398694,17.0,12.0,0.0,34.0,79.0,False,False,True,True,True,False,1.0,0
fixed_policy_information_responsiveness,IL_RD,IL,I0,RD,GT,test_041_e58f21dcc209,20e0bcb4b669443da2e153571c054142078f1a87cfd8564b8fb31b4d19884070,3,True,physical_path,29.0,79.0,15827.8858107678,103885.66844563735,0.0,119713.55425640514,8638.70405983503,101360.84519858634,4049.646046555299,3388.8834390577517,1335.2269914647673,940.248520905922,43.35606783010949,1383.3737422302302,8133.848931652711,0.0005048009211167908,192.83978313028362,192.8402879312047,1529.3633977889551,5.869159949662297e-07,79.0,9.657923001803608e-07,0.01060081934345261,4049.6354457359557,119713.5542564051,2.254019562066693,4.824493100012963,17.0,12.0,0.0,34.0,79.0,False,False,True,True,True,False,1.0,0
fixed_policy_information_responsiveness,IL_RD,IL,I0,RD,GT,test_042_a77d2ece213a,50867af1413e5b1f4a57b100697daff06a7a7ddbbedf8273b0f515bdaa98e6d9,3,True,physical_path,29.0,79.0,13911.381404752896,100135.69806440563,0.0,114047.0794691585,7633.9188873233325,97637.83057712806,3918.1328867870593,2764.627984613897,1147.4565687370002,945.1125645691474,39.74051909144333,1179.7918802668853,7719.173730688287,0.0003047151930511571,186.57745179847643,186.57775651366947,1412.1579363380245,6.253392521882957e-07,79.0,9.796700853733553e-07,0.0063990190540742994,3918.1264877680055,114047.07946915849,2.1970691517177414,4.881847866578028,17.0,12.0,0.0,34.0,79.0,False,False,True,True,True,False,1.0,0
fixed_policy_information_responsiveness,IL_RD,IL,I0,RD,GT,test_043_f1174106175c,e1c05921a15b70c43f0abce37906cec0d00142a1459fb9059ceffadf5f4c1ace,3,True,physical_path,29.0,79.0,18180.889204359835,93649.13839279953,0.0,111830.02759715938,9582.333445732009,92174.13774509054,3619.6147162619695,4001.713080386847,1519.4871081590343,932.7415015289303,46.40794203017273,1609.3353011370211,7811.930920052128,0.0007670721305686984,172.3618384641537,172.36260553628426,1617.1164117705675,4.965613941347152e-07,79.0,9.541987603571723e-07,0.016108514741942664,3619.5986077472276,111830.02759715934,2.262251803466793,4.746681133362775,17.0,12.0,0.0,34.0,79.0,False,False,True,True,True,False,1.0,0
fixed_policy_information_responsiveness,IL_RD,IL,I0,RD,GT,test_044_ed401c94714a,cdd3e3788096b9dacb2df0d0b62a1cb28d51b122523dcf031887b030038a9f0b,3,True,physical_path,29.0,79.0,14967.62485021977,101850.20305277809,0.0,116817.82790299786,8145.169284689269,99426.04909861316,3977.0555049655754,3072.1994612174444,1254.7537273322034,942.6008261801857,41.474005167424366,1272.6752864053788,7938.314104509055,0.00041592295149139733,189.3831795515997,189.38359547455119,1477.4784366613867,6.617396070367829e-07,79.0,9.960107517531612e-07,0.008734381981319343,3977.046770583594,116817.82790299784,2.213792967818806,4.738197966556375,17.0,12.0,0.0,34.0,79.0,False,False,True,True,True,False,1.0,0
fixed_policy_information_responsiveness,IL_RD,IL,I0,RD,GT,test_045_af7d3f616c1d,0760d304a5c54d302e032eaa6ef8974da5965cac272efb3a66af257287e72ea4,3,True,physical_path,29.0,79.0,16069.146415084586,103707.77788691716,0.0,119776.92430200173,8783.962252411244,101174.86130809992,4036.9733222505693,3485.6974463531956,1355.7510400420558,939.6789328447635,43.833507312535296,1414.2345497399303,8148.823263032246,0.0005160866151291647,192.2363087824596,192.2368248690747,1537.632559484164,6.083159237239173e-07,79.0,9.493539996247645e-07,0.010837818917712459,4036.9624844316513,119776.92430200173,2.252332951742406,4.8875669334083796,17.0,12.0,0.0,34.0,79.0,False,False,True,True,True,False,1.0,0
fixed_policy_information_responsiveness,IL_RD,IL,I0,RD,GT,test_046_e35b743e6617,c0048e37b8520d7bfa898229e339686779b407fa7d2b062c359012d56267e7ec,3,True,physical_path,29.0,79.0,15619.229218737091,105886.31841454461,0.0,121505.54763328172,8587.181921284595,103146.32195614633,4129.011791047491,3373.6501749597405,1328.0950942249958,941.2866956185535,43.29343892065663,1369.7110004784108,8222.614050146409,0.0005001355460838973,196.61910896195351,196.6196090974996,1523.7317781828315,6.461517653075602e-07,79.0,9.517474165000511e-07,0.010502846467761841,4129.001288201024,121505.54763328172,2.252769878152865,4.79832213333187,17.0,12.0,0.0,34.0,79.0,False,False,True,True,True,False,1.0,0
fixed_policy_information_responsiveness,IL_RD,IL,I0,RD,GT,test_047_20c1f89391c1,f2130b5fd299cb2fd05ecda0fd2c152640207395401d37a5f1e7253bbd0a35d8,3,True,physical_path,29.0,79.0,15392.364499864394,111828.72727842825,0.0,127221.09177829266,8728.132538363885,108374.72273718599,4358.651439878465,3489.2630049580844,1328.7070493285116,941.6150085777153,44.20136930364209,1410.3022644799858,8501.135703815044,0.0004837383142967364,207.5543467320888,207.5548304704031,1526.9235224363792,6.504170301341584e-07,79.0,9.558722676394844e-07,0.010158504600231466,4358.641281373864,127221.09177829266,2.249700867835882,5.03345093332852,17.0,12.0,0.0,34.0,79.0,False,False,True,True,True,False,1.0,0
fixed_policy_information_responsiveness,IL_RD,IL,I0,RD,GT,test_048_eeaf6a6a0a15,ebcee93a99cde79ceee231d38070645a6f701ecc4eb97b1e8abf3b74f65be4df,3,True,physical_path,29.0,79.0,15338.464262562667,103798.31354640685,0.0,119136.77780896949,8607.502147970723,100819.94047677309,4037.4503667937156,3415.1658192478703,1315.8909110919838,940.8280870920947,44.02301406288324,1414.8796230742894,8029.905541033632,0.0004886730012925463,192.2590526028899,192.25954127589122,1501.5892675167981,6.380610226659562e-07,79.0,9.863562758301885e-07,0.010262133027143473,4037.4401046606886,119136.77780896949,2.2276765229822746,4.818486233397077,17.0,12.0,0.0,34.0,79.0,False,False,True,True,True,False,1.0,0
fixed_policy_information_responsiveness,IL_RD,IL,I0,RD,GT,test_049_343da3774e7e,c214ac02e921d1ab893b808c39160612ee2c6e853c942be7eb6c6df35facccd4,3,True,physical_path,29.0,79.0,15227.400433222967,89457.95987232354,0.0,104685.36030554649,7992.158316371596,87986.20193097166,3488.464995458722,2980.472251321911,1237.2616569787813,1000.8011544438014,40.013403500975386,1237.5756713628416,7272.137795906866,0.0003973521507256535,166.11698338397892,166.11738073612966,1463.8631260840102,4.4578451727993903e-07,79.0,9.975180432637568e-07,0.008344395165238723,3488.4566510635573,104685.36030554648,2.2053424471389804,4.717395199928433,18.0,11.0,0.0,34.0,79.0,False,False,True,True,True,False,1.0,0
fixed_policy_information_responsiveness,IL_RD,IL,I0,RD,GT,test_050_1c7612d8bc63,ca36b4544ddd266e5e7dac2cbd5076e4b80860d23b0cfeba892432607eb1c108,3,True,physical_path,29.0,79.0,14456.860328889516,94847.52721583417,0.0,109304.3875447237,7752.736515965359,92857.52055034052,3707.6181967469165,2808.0500772177,1175.521470999304,1002.9407334539422,39.59954129152977,1196.1230329984146,7475.969871534194,0.00032650146591631,176.55292096267294,176.55324746413888,1424.7634893726427,6.366526377954409e-07,79.0,9.83485765492729e-07,0.006856530784242511,3707.611340216132,109304.38754472374,2.186837974713644,4.575904733346154,18.0,11.0,0.0,34.0,79.0,False,False,True,True,True,False,1.0,0
fixed_policy_information_responsiveness,IL_RD,IL,I0,RD,GT,test_051_5747c87e6d9a,e6daf165b6654b82650b4110a9d37185e59752e103161fa9379474087ef82a6e,3,True,physical_path,29.0,79.0,14046.760026635835,93490.98393549531,0.0,107537.74396213115,7608.358538583566,91455.9619300523,3654.1407558709675,2770.9790416442793,1161.5610795202454,886.7426164597836,39.16339539764203,1168.2795039326975,7344.319025095305,0.0003263785264545691,174.00637628199584,174.00670266052228,1400.8528689703478,4.808943076107575e-07,79.0,9.704739875481515e-07,0.006853949055545952,3654.133901921912,107537.74396213115,2.077772394248188,4.616129599899675,16.0,13.0,0.0,34.0,79.0,False,False,True,True,True,False,1.0,0
fixed_policy_information_responsiveness,IL_RD,IL,I0,RD,GT,test_052_9760565f31de,6035569faeed384797542e22427b98096943350bd372d90adabb2f7b8bd83c2d,3,True,physical_path,29.0,79.0,16298.319123925836,96483.36392348015,0.0,112781.68304740598,8782.207914376939,94448.03407862906,3747.5670974353925,3494.7355257132604,1370.7431678603452,938.395263390978,43.73329021038825,1424.90402927188,7757.017278652929,0.0005598034500871356,178.45501626490193,178.45557606835203,1530.2422315655913,5.177744029577225e-07,79.0,9.857374109032276e-07,0.011755872451829847,3747.5553415629406,112781.68304740598,2.2591625896694634,4.752716966671869,17.0,12.0,0.0,34.0,79.0,False,False,True,True,True,False,1.0,0
fixed_policy_information_responsiveness,IL_RD,IL,I0,RD,GT,test_053_4473e6f72168,17a3df2ca591ed3526e75386d9ef68be536d2e20274236e9f585e3eab4517305,3,True,physical_path,29.0,79.0,15896.613564002531,96246.65418709263,0.0,112143.26775109518,8669.248527361584,94012.51877449134,3738.1013645753865,3442.7990540973065,1341.119990710403,939.4800398591618,43.493302586664434,1409.1352101042012,7680.124047933178,0.0004962861197696423,178.00433059842246,178.0048268845422,1514.4104848339205,4.78838685621266e-07,79.0,9.753112853802799e-07,0.010422008515162487,3738.090942566871,112143.26775109519,2.240953396556192,4.779456466669217,17.0,12.0,0.0,34.0,79.0,False,False,True,True,True,False,1.0,0
fixed_policy_information_responsiveness,IL_RD,IL,I0,RD,GT,test_054_c66f0b1dacc4,41d8a5d8d4cfcde283bef35c1b2d5ce97e39ebb3c2113f99f8fd9b7941330476,3,True,physical_path,29.0,79.0,15031.92932952081,106221.76465022225,0.0,121253.69397974304,8300.242879055433,103412.75134004524,4148.049968068802,3182.3885595095617,1267.636986639869,942.6242464241359,42.1641639600899,1304.9525118452664,8181.815066587904,0.00041838848965249667,197.5257705671676,197.52618895565726,1492.7961329285447,6.191314608015084e-07,79.0,9.780266102680382e-07,0.00878615828270243,4148.04118191052,121253.69397974305,2.2149190413819135,4.8605959667668985,17.0,12.0,0.0,34.0,79.0,False,False,True,True,True,False,1.0,0
fixed_policy_information_responsiveness,IL_RD,IL,I0,RD,GT,test_055_f90330578051,e326898d13671d058e9870b749033db5deaedc7911ad667ec11d6318f5e5b833,3,True,physical_path,29.0,79.0,16460.255999345783,108071.80220346297,0.0,124532.05820280877,9253.047461309681,104939.46696501068,4194.69939571722,3794.182501292765,1412.6598333594147,938.0020461189546,46.17776038097185,1547.3525180799998,8401.296859886676,0.0005718735766736448,199.74701839867183,199.74759027224854,1573.209814824277,6.30820658474777e-07,79.0,9.955767764060209e-07,0.01200934511014654,4194.687386372108,124532.05820280872,2.2733495114959945,4.877966299963494,17.0,12.0,0.0,34.0,79.0,False,False,True,True,True,False,1.0,0
fixed_policy_information_responsiveness,IL_RD,IL,I0,RD,GT,test_056_b2c64046cef9,b502bb540057ea09101e5a92cf118d4c56c5e877b089e5a6174a0c5376124a73,3,True,physical_path,29.0,79.0,15373.111013722335,94894.79810899554,0.0,110267.90912271786,8266.296501609058,92901.05860183011,3698.259087257758,3133.8453621280864,1268.065223798445,1000.3843460944321,41.426812891967366,1304.3541629939125,7571.330342837253,0.0004124408690521696,176.10716314283374,176.10757558370275,1482.8952972247407,5.329630091417674e-07,79.0,9.701921282603121e-07,0.00866125825009556,3698.250425999508,110267.9091227179,2.2172096379384953,4.612155133392662,18.0,11.0,0.0,34.0,79.0,False,False,True,True,True,False,1.0,0
fixed_policy_information_responsiveness,IL_RD,IL,I0,RD,GT,test_057_bf11b8e004e2,bd54b59477f900317d7a6030359d807e3fd1567aed129780d6c3a1179956b9b0,3,True,physical_path,29.0,79.0,15228.278551026235,98569.4928227465,0.0,113797.77137377275,8202.366522395087,96407.06412521786,3844.4677345082505,3116.8566243969467,1284.0421421436574,942.974225110966,41.35546614600333,1266.7525957591613,7789.87949542409,0.000467103261494214,183.069425016179,183.0698921194405,1489.040957111242,5.786490309788521e-07,79.0,9.554690583327745e-07,0.009809168491378494,3844.457925339759,113797.77137377276,2.2348396769970997,4.665159033300976,17.0,12.0,0.0,34.0,79.0,False,False,True,True,True,False,1.0,0
fixed_policy_information_responsiveness,IL_RD,IL,I0,RD,GT,test_058_fbcfbffca03e,13831837259f85f8b98b1b4c0178e5e4f669e020ebeaab3661478609d357b2f2,3,True,physical_path,29.0,79.0,16873.76937358246,105146.62134534163,0.0,122020.39071892411,9305.148337018989,102439.17378508288,4077.5977342081787,3821.167130779382,1440.3296274036945,936.9741044310064,46.08464229822767,1548.4214848776428,8306.274129107105,0.0006357053144292462,194.17068497126556,194.17132067657997,1584.5582425670793,6.376099637114177e-07,79.0,9.448293478679055e-07,0.01334981160301417,4077.584384396576,122020.39071892411,2.264277411496331,4.84397553334323,17.0,12.0,0.0,34.0,79.0,False,False,True,True,True,False,1.0,0
fixed_policy_information_responsiveness,IL_RD,IL,I0,RD,GT,test_059_d22925a9593f,65a524d66b35e81b093404e6035554728cfd659313f34e588cf5b6e2f203bf7e,3,True,physical_path,29.0,79.0,15143.444875025052,98603.64887118667,0.0,113747.09374621173,8206.253499247307,96345.77259963877,3846.066315954617,3130.3313054511837,1275.9510202884196,942.7190056314342,41.646558140273015,1285.457340067228,7766.105076802077,0.0004564261340410665,183.1455586193239,183.14601504545797,1482.5621840106635,5.55874693488263e-07,79.0,9.888997310578703e-07,0.009584948814862397,3846.056731005802,113747.09374621173,2.2410553838955987,4.7225507000306,17.0,12.0,0.0,34.0,79.0,False,False,True,True,True,False,1.0,0
fixed_policy_information_responsiveness,IL_RD,IL,I0,RD,GT,test_060_b3feb9e274c2,fe682fe273560fd0980f751cdfa7c31a0af682fbc188f47a4be67cd05391ad49,3,True,physical_path,29.0,79.0,15954.64364353665,102346.69590197339,0.0,118301.33954551003,8722.026635073553,99855.79943699768,3983.551577108992,3451.193329102372,1348.7189129729684,940.0496542544697,43.6202401192651,1403.42784984156,8053.542077250187,0.0005019934381336849,189.6924302498472,189.69293224328533,1532.5962421567576,5.749232396366405e-07,79.0,9.83916447413827e-07,0.010541862200807384,3983.541035246791,118301.33954551005,2.2348561091910533,4.89943886664696,17.0,12.0,0.0,34.0,79.0,False,False,True,True,True,False,1.0,0
fixed_policy_information_responsiveness,IL_RD,IL,I0,RD,GT,test_061_627abde70c26,9c8b14e19bd2698ae546067471c6494d669882592255e3ba42b51e389929b531,3,True,physical_path,29.0,79.0,15803.18820928822,100351.25685438926,0.0,116154.44506367749,8599.671035166908,97991.71399228576,3906.8947710917805,3371.4434377397115,1343.8573465628451,940.8644808304658,43.02093048681194,1363.9867193305042,7934.588699133144,0.0005333460370469035,186.04207480119058,186.04260814722764,1527.7066682450595,4.997341569235222e-07,79.0,9.96679329229259e-07,0.011200266777984975,3906.8835708250026,116154.44506367746,2.273066928727959,4.845485899985458,17.0,12.0,0.0,34.0,79.0,False,False,True,True,True,False,1.0,0
fixed_policy_information_responsiveness,IL_RD,IL,I0,RD,GT,test_062_0c9ea14e9507,af66fd8fb7365940ac5c1b9dc17d1039a43a9fd2a98560c7757a265c61778c70,3,True,physical_path,29.0,79.0,15796.477838651617,106440.83282833907,0.0,122237.3106669907,8755.387046513206,103581.5115274295,4143.760119805395,3461.5594481034855,1354.3581514695331,940.7343736696135,44.018360179096646,1408.4799397316701,8278.251646648268,0.0005342903322434854,197.32137617659131,197.32191046692355,1543.750448188931,6.191339646650075e-07,79.0,9.195040180112146e-07,0.011220096977113193,4143.748899708418,122237.31066699074,2.2635176574795284,4.891123366697381,17.0,12.0,0.0,34.0,79.0,False,False,True,True,True,False,1.0,0
fixed_policy_information_responsiveness,IL_RD,IL,I0,RD,GT,test_063_44f0f2a191ef,9b047725f5e05c013bf644e7fe14234fc246265c97db48c08b1f430961820dbd,3,True,physical_path,29.0,79.0,14455.080127263702,100708.47389435001,0.0,115163.55402161372,7996.902134811865,98083.47658232407,3927.840147792658,3043.002845667595,1226.39132869282,885.9409823247042,41.08926181240578,1252.2254973392353,7804.6934623304915,0.0004026833063975768,187.03960435443923,187.04000703774565,1450.9480857339606,5.884067286362807e-07,79.0,9.420491138516673e-07,0.008456349434349112,3927.831691443224,115163.55402161372,2.0945012275927066,4.580428333332141,16.0,13.0,0.0,34.0,79.0,False,False,True,True,True,False,1.0,0
fixed_policy_information_responsiveness,IL_RD,IL,I0,RD,GT,test_064_27d69866b791,5f6b4edb7095f7ca58bdefc63fb823fc255df66a141464fcf1266546ab804d66,3,True,physical_path,29.0,79.0,14074.437128639574,90238.99551903414,0.0,104313.43264767369,7362.461335395441,88736.38680196366,3533.7947766692446,2591.021847908009,1144.2929406377782,945.4749450996,37.89265565631706,1097.8430009557048,7200.838255646799,0.00032496256209167766,168.27561678359243,168.2759417461545,1396.337171474699,5.599521005107671e-07,79.0,9.77962578574569e-07,0.006824213803925231,3533.7879524554405,104313.43264767372,2.1933945712510323,4.5809020666250335,17.0,12.0,0.0,34.0,79.0,False,False,True,True,True,False,1.0,0
fixed_policy_information_responsiveness,IL_RD,IL,I0,RD,GT,test_065_930038cc16e9,ed770af97447cc6ec3b990ca1ef9540e1f795247d7d2c7f6ca7de9b23418ba1a,3,True,physical_path,29.0,79.0,14726.08096290308,104343.17089258628,0.0,119069.25185548935,8104.098803342423,101675.4807710084,4075.991604854791,3030.8245773216327,1239.1994663709036,943.6566325912095,41.469672948553686,1263.983409626373,8056.524456036536,0.00038901955299673873,194.09444930686564,194.09483832641862,1473.9198524377227,7.212874631810987e-07,79.0,9.135103711607561e-07,0.008169410612931513,4075.9834354441787,119069.25185548935,2.2260695632209937,4.872299800006052,17.0,12.0,0.0,34.0,79.0,False,False,True,True,True,False,1.0,0
fixed_policy_information_responsiveness,IL_RD,IL,I0,RD,GT,test_066_28fb87ba4913,9b548ccc36e0f1fcf56118f1c4cd88441dc46405c6bb547e1dc04c4a67ae436a,3,True,physical_path,29.0,79.0,16621.00713820462,106395.30009393534,0.0,123016.30723213994,9344.041235041785,103306.34670748377,4125.11562348682,3871.582323001329,1431.7551853646348,937.466157761569,46.63011948197325,1577.3211255510826,8309.574101224518,0.0005953375569224603,196.43348197133923,196.43407730889615,1578.7167987216865,6.219848249948688e-07,79.0,9.233928579956706e-07,0.012502088695371666,4125.103121398123,123016.30723213991,2.2752435103529827,4.718627099956696,17.0,12.0,0.0,34.0,79.0,False,False,True,True,True,False,1.0,0
fixed_policy_information_responsiveness,IL_RD,IL,I0,RD,GT,test_067_4d46fa716471,b2be1c4651c379ec66a4cbbceabbb946a1f8949b548124874b8ecbdce94c77f3,3,True,physical_path,29.0,79.0,14740.779495787037,105580.69910328354,0.0,120321.47859907057,8271.612794214145,102562.71337134024,4120.961489085711,3170.196682712712,1253.0384238504887,942.9558378672963,42.52244885160213,1324.4550540826792,8081.345625161232,0.0004025953515700042,196.23585878968228,196.23626138503383,1477.6324305593635,5.916930443987217e-07,79.0,9.681967270466935e-07,0.008454502382970087,4120.953034583327,120321.47859907059,2.2178547505808504,4.780970999893422,17.0,12.0,0.0,34.0,79.0,False,False,True,True,True,False,1.0,0
fixed_policy_information_responsiveness,IL_RD,IL,I0,RD,GT,test_068_93da1d4ae1ba,1e5fab7a4bc73a2c903c60a4ba54bd432fc478ccc1813a3002391fd1bcefe179,3,True,physical_path,29.0,79.0,16506.702574229468,108734.27683046793,0.0,125240.97940469741,9202.90409166317,105734.34874246603,4226.355924795821,3728.74228457995,1410.5470562838073,938.0813049086274,45.84404042901423,1526.3010053514618,8462.95562997708,0.0005740709691417407,201.25446996692708,201.25504403789623,1576.82654808811,6.158883070809531e-07,79.0,9.711956858499978e-07,0.012055490351976556,4226.343869305468,125240.97940469741,2.272593767831809,4.88559136663874,17.0,12.0,0.0,34.0,79.0,False,False,True,True,True,False,1.0,0
fixed_policy_information_responsiveness,IL_RD,IL,I0,RD,GT,test_069_5b01ea54b2fa,ab74b72396ecc5ee23369a0401781e1eedea17a51518978cc28be65bd8c7c6de,3,True,physical_path,29.0,79.0,15783.018971089112,91872.4312109998,0.0,107655.4501820889,8397.27882047694,90212.13928039541,3574.3543839794033,3214.078733992193,1317.1540847851272,940.4448784598426,41.923345989218994,1323.0428625933737,7459.063031753946,0.0004928201279143829,170.2068587979389,170.2073516180668,1504.0138758267876,4.5678529230272325e-07,79.0,9.725827805633123e-07,0.010349222686202041,3574.3440347567175,107655.4501820889,2.2258208586068977,4.575592499924824,17.0,12.0,0.0,34.0,79.0,False,False,True,True,True,False,1.0,0
fixed_policy_information_responsiveness,IL_RD,IL,I0,RD,GT,test_070_0cd9bcac96c3,af1c089b1585069ce3aa8660e2ccbc7790157d41b7564bd42a816925e624afb1,3,True,physical_path,29.0,79.0,16409.970980360755,104484.28144007991,0.0,120894.25242044067,9161.57792003465,101587.7670542565,4054.788495006498,3741.2403490884385,1410.4491721787533,938.4294298758485,45.566321113817345,1514.2418551875533,8191.4046451018,0.000569343172343354,193.08459708570854,193.0851664288809,1569.6890567304706,5.326441501941061e-07,79.0,9.678078823039862e-07,0.011956206619210435,4054.7765387998793,120894.25242044068,2.2691352747102407,4.844477766659111,17.0,12.0,0.0,34.0,79.0,False,False,True,True,True,False,1.0,0
fixed_policy_information_responsiveness,IL_RD,IL,I0,RD,GT,test_071_34f77888383f,9ea4b08354972ecc8e92b86fbc35f8c0031316e3afe68c72a63a6e70a1bbc8a8,3,True,physical_path,29.0,79.0,14068.519947751285,95160.49524477038,0.0,109229.01519252166,7528.215589569103,93130.05034643749,3726.4442118567554,2742.4281070090237,1156.6071078759494,945.26982977337,38.9018334427027,1144.9340802183688,7445.711626450466,0.00033194834550817615,177.4493924257857,177.44972437413125,1401.8195911950195,5.377119099271407e-07,79.0,9.944208359172217e-07,0.006970915255671698,3726.4372409414996,109229.01519252169,2.1836642655089027,4.638966599944979,17.0,12.0,0.0,34.0,79.0,False,False,True,True,True,False,1.0,0
fixed_policy_information_responsiveness,IL_RD,IL,I0,RD,GT,test_072_8e59fac0e6c8,a92a7392849d15eefcaf1837db77746f72e76c3458114a652198fbbac7696f85,3,True,physical_path,29.0,79.0,14982.346905684799,102229.11038149527,0.0,117211.45728718008,8304.573700035917,99532.31829139493,3987.6513315841457,3153.10138297923,1252.4339687448849,981.3786124409156,42.06358192151516,1319.4622720504558,7927.5853240519,0.0003794614067448847,189.88777918545733,189.8881586468641,1484.579495278342,5.733645254303619e-07,79.0,9.602522475358579e-07,0.00796868954164258,3987.643362894604,117211.45728718002,2.219702873555622,4.868386200008293,17.666666666666668,11.333333333333334,0.0,34.0,79.0,False,False,True,True,True,False,1.0,0
fixed_policy_information_responsiveness,IL_RD,IL,I0,RD,GT,test_073_69349232969b,2f362bb368dcdc730f872c8fef400b9c0f1ea176fcef502da962a890dc828cd3,3,True,physical_path,29.0,79.0,16119.147548936975,100181.05638144702,0.0,116300.20393038401,8857.582403177126,97655.00283102237,3890.950627605107,3580.737403631157,1376.6261180849826,939.3045468632671,44.44154180588081,1451.9688914112273,7914.643650279603,0.00057466835843246,185.2827885509324,185.28336321929078,1530.7393675657966,5.69173360810397e-07,79.0,9.744296140664288e-07,0.012068035527081659,3890.93855956958,116300.20393038401,2.2305376632353187,4.730527866709356,17.0,12.0,0.0,34.0,79.0,False,False,True,True,True,False,1.0,0
fixed_policy_information_responsiveness,IL_RD,IL,I0,RD,GT,test_074_212affc962e2,5e264f6232f1c29e769f71e598177184ad84a0bf9ff8df6be008bd7148f26ae7,3,True,physical_path,29.0,79.0,16045.5846270513,98631.02674661414,0.0,114676.61137366544,8802.458275096162,96197.27472950383,3828.7217895258054,3542.2345615804284,1365.9404479497962,939.9815700094144,44.44181536680711,1455.6249709435915,7830.540326726313,0.0005649371143345768,182.3195202784002,182.32008521551452,1525.593078239133,5.776477326104408e-07,79.0,9.381506439943791e-07,0.011863679401026112,3828.709925846404,114676.61137366544,2.111948894261886,4.515167633381982,17.0,12.0,0.0,34.0,79.0,False,False,True,True,True,False,1.0,0
fixed_policy_information_responsiveness,IL_RD,IL,I0,RD,GT,test_075_8de4e41c7ad9,166abe46fe8875dd98f46b7b2978bf6ca11460aaf2ee4dda761e02f6149bab0d,3,True,physical_path,29.0,79.0,14894.315433881313,93565.66855880785,0.0,108459.98399268916,8010.4947355233135,91585.20841090781,3649.331933722235,3034.210118819941,1238.2505893750401,942.4882043408383,40.65838229364616,1248.5860437311014,7428.733094693511,0.00041205213912371623,173.7772990774911,173.77771112963023,1442.8798938905966,5.093669383070488e-07,79.0,9.84330364093772e-07,0.008653094921598043,3649.3232806273136,108459.98399268916,2.1970235827705427,4.634589966619387,17.0,12.0,0.0,34.0,79.0,False,False,True,True,True,False,1.0,0
fixed_policy_information_responsiveness,IL_RD,IL,I0,RD,GT,test_076_48339f21c8ec,387a6bfe5e45be691df244ec9fae6a75828f663e05409a99728fee303e05e519,3,True,physical_path,29.0,79.0,16730.730279064792,107252.1011462795,0.0,123982.8314253443,9337.272449021808,104293.75717832742,4160.505653693776,3816.2629310860616,1437.420683421505,937.6125297937521,46.37717153271987,1558.1846632375552,8405.960527279021,0.0006088002372503774,198.11870804232345,198.1193168425607,1594.4924364302387,6.414216794040892e-07,79.0,9.81748052252267e-07,0.012784804982257925,4160.492868888793,123982.83142534434,2.2707646080538972,4.882038300080846,17.0,12.0,0.0,34.0,79.0,False,False,True,True,True,False,1.0,0
fixed_policy_information_responsiveness,IL_RD,IL,I0,RD,GT,test_077_b1f2e84dc844,327faba7b538b224eb0dff4c274be7b98e160c294f315741e33a3e501ab91753,3,True,physical_path,29.0,79.0,16194.210605716124,95377.59360064608,0.0,111571.80420636221,8703.094550460379,93415.72076721086,3704.7497322397703,3458.7399038142453,1351.148367397225,938.3508852397586,43.620153751547775,1423.6462335607368,7674.414124123095,0.0005171905209275805,176.41613672565862,176.41665391617957,1514.6457946723285,5.951138413035983e-07,79.0,9.850060043107682e-07,0.010861000939479191,3704.738871238831,111571.80420636223,2.226229194235913,4.716262400072689,17.0,12.0,0.0,34.0,79.0,False,False,True,True,True,False,1.0,0
fixed_policy_information_responsiveness,IL_RD,IL,I0,RD,GT,test_078_367d379a9297,f9d9eb992e504e9775b1d536a7a14d78c484ed66383cb9fe11fbb7eaa3b15364,3,True,physical_path,29.0,79.0,16127.936557165982,96991.51501659816,0.0,113119.45157376413,8631.742574990401,95077.53520744666,3773.3708139233204,3374.5279695473455,1324.1080901211255,938.1669177352651,42.96204236086819,1392.7978248078264,7781.962097388357,0.0004494763965421896,179.68387499614252,179.68432447253906,1514.6099480021428,5.721141351517283e-07,79.0,9.643376262998223e-07,0.009439004327385982,3773.361374918993,113119.45157376413,2.1920718184040706,4.8514945666926605,17.0,12.0,0.0,34.0,79.0,False,False,True,True,True,False,1.0,0
fixed_policy_information_responsiveness,IL_RD,IL,I0,RD,GT,test_079_bce06ca59758,354b6f6d5badf8b78b4e947bce85d66a812832394cae0b2d8d8905466cdff072,3,True,physical_path,29.0,79.0,13868.61046980779,93780.6827536754,0.0,107649.2932234832,7366.99057431873,91843.65020995394,3672.344643103861,2628.145104921746,1132.545276852603,1005.6174143323069,38.090991958911566,1103.214052230024,7364.2577579686595,0.0003125654760961862,174.87324186804108,174.87355443351717,1400.5610820079685,6.13465745870306e-07,79.0,9.861240626629035e-07,0.00656387499801991,3672.3380792288626,107649.29322348315,2.1974590459822454,4.709387099991242,18.0,11.0,0.0,34.0,79.0,False,False,True,True,True,False,1.0,0
fixed_policy_information_responsiveness,IL_RD,IL,I0,RD,GT,test_080_e669407a98d7,121d71da3287fd0210c7b9434b794a18b7c744d477b29a53f3d620911cf9f336,3,True,physical_path,29.0,79.0,16099.61612727806,106326.3533476626,0.0,122425.96947494066,8903.209617709987,103434.27231901667,4138.66114660921,3621.9175577614783,1387.9047455691689,940.0040882741673,44.65321410038575,1448.2318477493834,8271.840151677987,0.0006071530360561785,197.07849506645007,197.07910221948615,1552.5220339234857,5.247114724670867e-07,79.0,9.773207393254069e-07,0.012750213757179748,4138.6483963954515,122425.96947494068,2.2757555321849154,4.885621433301519,17.0,12.0,0.0,34.0,79.0,False,False,True,True,True,False,1.0,0
fixed_policy_information_responsiveness,IL_RD,IL,I0,RD,GT,test_081_fbbd80304765,0b82e11f5cd1fea6f347b45e70d47396c0c136e422733b8ac33c145a65f3ca6e,3,True,physical_path,29.0,79.0,14332.030242619983,105092.03538410319,0.0,119424.06562672317,7922.039875518117,102282.32314246467,4109.567429064139,2955.182825105597,1209.6835685262538,945.2687860443962,40.80145729478158,1220.1420308409254,8052.105826267206,0.000370407927137869,195.6933166903652,195.69368709829234,1460.7207443767347,6.473135567884037e-07,79.0,9.760840421102885e-07,0.007778566469895248,4109.55965049767,119424.06562672317,2.2422160011603784,4.763446533353999,17.0,12.0,0.0,34.0,79.0,False,False,True,True,True,False,1.0,0
fixed_policy_information_responsiveness,IL_RD,IL,I0,RD,GT,test_082_2cf496ac3a99,2a7046d4a4e1fe03445d9dae89497a78aa0ff11fe474d9f7fdbf7d09c4f5ff24,3,True,physical_path,29.0,79.0,16512.89282380448,103170.44567565715,0.0,119683.33849946164,9034.226446565637,100652.71887660085,4009.036085505159,3647.7660787668215,1401.6001297075145,937.9908823156229,44.765436230790975,1473.3688229105826,8158.314000384794,0.0005834673056312258,190.9058967948448,190.90648026215044,1562.134292378171,5.073728160036009e-07,79.0,9.758064329018236e-07,0.012252813418255739,4009.023832691741,119683.33849946159,2.272174337940376,4.93308646666507,17.0,12.0,0.0,34.0,79.0,False,False,True,True,True,False,1.0,0
fixed_policy_information_responsiveness,IL_RD,IL,I0,RD,GT,test_083_4cbdde5f376f,21703e1831e6b1210ccf39ad402121126a8f354e5dd13cff5081d7a07b4a2274,3,True,physical_path,29.0,79.0,15983.228566649255,98224.65870228111,0.0,114207.88726893037,8608.424249732258,96098.88536590751,3823.7252943352137,3381.286263937385,1355.0858709750767,940.4802240429198,42.91742911532031,1363.4134034035903,7829.01943761672,0.0005565633617571647,182.08160030974366,182.08215687310542,1524.1717082122561,5.277835817795107e-07,79.0,9.769573299704982e-07,0.011687830596900461,3823.7136065046166,114207.88726893037,2.2506733390946887,4.821372633334249,17.0,12.0,0.0,34.0,79.0,False,False,True,True,True,False,1.0,0
fixed_policy_information_responsiveness,IL_RD,IL,I0,RD,GT,test_084_513eb18f351c,341db6669dc186ed38f4ff6debc2545e4eb1d075fadf4fe32c2aabeb61a2d25b,3,True,physical_path,29.0,79.0,15803.190765989792,101036.54005099872,0.0,116839.73081698851,8640.9457648795,98557.52663150978,3932.85286436463,3421.0974857699002,1346.801777367418,940.5062930972912,43.520874276418624,1392.545978375947,7955.668576458217,0.0005417329935933757,187.27816609389356,187.27870782688714,1522.6340381736497,5.629052770948194e-07,79.0,9.412931054260817e-07,0.011376392865460895,3932.8414879717643,116839.73081698851,2.270692300008631,4.662192800004656,17.0,12.0,0.0,34.0,79.0,False,False,True,True,True,False,1.0,0
fixed_policy_information_responsiveness,IL_RD,IL,I0,RD,GT,test_085_650c50514b66,e94f854176fa26c2ed212d69844def725d10578665dd847cab94c351dbec1cda,3,True,physical_path,29.0,79.0,17254.231018412873,101561.01925926468,0.0,118815.25027767755,9372.881512204754,99230.87432737932,3936.2784210783407,3884.970505051462,1454.859156567644,935.3863553959917,46.059968386267286,1566.0456944398431,8132.177365656057,0.0006438349558119915,187.44118574020328,187.4418295751591,1585.7556253646,5.579769846373587e-07,79.0,9.613997417309914e-07,0.013520534072051824,3936.264900544269,118815.2502776775,2.2615091827746223,4.849800833268091,17.0,12.0,0.0,34.0,79.0,False,False,True,True,True,False,1.0,0
fixed_policy_information_responsiveness,IL_RD,IL,I0,RD,GT,test_086_754dc8e1ab0e,ea444f07bd4f0035c9bf3a885f359d285cd12879a434942844a860db87947cd3,3,True,physical_path,29.0,79.0,16656.18576676931,106719.69020138709,0.0,123375.87596815638,9193.017621947301,103900.17779174213,4148.170659829011,3751.511224469646,1406.675243473094,976.3234266952251,45.597692601800794,1529.596989364024,8354.635386580194,0.0005638423562655217,197.53137233997757,197.53193618233385,1572.8208384075922,6.679156282748189e-07,79.0,9.62804138790499e-07,0.011840689481575956,4148.1588191395285,123375.8759681564,2.2417628080396774,4.710021299930911,17.666666666666668,11.333333333333334,0.0,34.0,79.0,False,False,True,True,True,False,1.0,0
fixed_policy_information_responsiveness,IL_RD,IL,I0,RD,GT,test_087_cbc79ee243dd,691486e3c17626ca20c775eaa69679e041e484b6d253bf1a67a4cf50a423fb8c,3,True,physical_path,29.0,79.0,15326.027504249398,108078.53991241429,0.0,123404.56741666369,8664.578071286987,104832.97205940842,4208.972834647809,3436.8150218443793,1319.869626714827,941.3598027612592,44.2205960875121,1417.108496293564,8280.423971752038,0.0004915326811345244,200.42678630769072,200.42727784037186,1518.3328750758392,6.160176733917092e-07,79.0,9.719333406398663e-07,0.010322186303825013,4208.962512461505,123404.56741666367,2.2494586988475342,4.902078366683175,17.0,12.0,0.0,34.0,79.0,False,False,True,True,True,False,1.0,0
fixed_policy_information_responsiveness,IL_RD,IL,IF,RD,GFW,test_000_4ae657b9eeec,b13b629eea5ca5393b7414d311f373c02758e81e3b2eae0911376c5b665f359a,3,True,physical_path,29.0,0.0,22.855945956625646,0.0,0.0,22.855945956625646,0.0,0.0,0.0,0.0,0.0,22.855945956625646,0.0,0.0,0.0,0.0,0.0,0.0,0.0,0.0,0.0,0.0,0.0,0.0,22.855945956625646,0.3077937022905968,0.3359818998724222,0.0,29.0,0.0,34.0,0.0,False,False,True,True,True,False,1.0,0
fixed_policy_information_responsiveness,IL_RD,IL,IF,RD,GFW,test_001_dde9993de777,3fff6834c5ca55770bb2ce011392b4601323013339a806ff304e5858d633ad25,3,True,physical_path,29.0,0.0,22.855945956625646,0.0,0.0,22.855945956625646,0.0,0.0,0.0,0.0,0.0,22.855945956625646,0.0,0.0,0.0,0.0,0.0,0.0,0.0,0.0,0.0,0.0,0.0,0.0,22.855945956625646,0.3083204482682049,0.33704769999409717,0.0,29.0,0.0,34.0,0.0,False,False,True,True,True,False,1.0,0
fixed_policy_information_responsiveness,IL_RD,IL,IF,RD,GFW,test_002_f01217ab0e79,17fe2867b80c61a33b2f04bf45397773c30df8191e2adc4b5b92110e26b545d6,3,True,physical_path,29.0,0.0,22.855945956625646,0.0,0.0,22.855945956625646,0.0,0.0,0.0,0.0,0.0,22.855945956625646,0.0,0.0,0.0,0.0,0.0,0.0,0.0,0.0,0.0,0.0,0.0,0.0,22.855945956625646,0.31007860459108977,0.33884936664253473,0.0,29.0,0.0,34.0,0.0,False,False,True,True,True,False,1.0,0
fixed_policy_information_responsiveness,IL_RD,IL,IF,RD,GFW,test_003_eb3106001035,e313a4d47eb3a6fdd9ce893166342e93487908fca1329a3ebd6655e90063d358,3,True,physical_path,29.0,0.0,22.855945956625646,0.0,0.0,22.855945956625646,0.0,0.0,0.0,0.0,0.0,22.855945956625646,0.0,0.0,0.0,0.0,0.0,0.0,0.0,0.0,0.0,0.0,0.0,0.0,22.855945956625646,0.311132524138445,0.33786359995914,0.0,29.0,0.0,34.0,0.0,False,False,True,True,True,False,1.0,0
fixed_policy_information_responsiveness,IL_RD,IL,IF,RD,GFW,test_004_55a330aff5c4,3d576c2c2e35bb2dcee0d0659de529fad0cf3349e708d77b4b50e669a9fc31ef,3,True,physical_path,29.0,0.0,22.855945956625646,0.0,0.0,22.855945956625646,0.0,0.0,0.0,0.0,0.0,22.855945956625646,0.0,0.0,0.0,0.0,0.0,0.0,0.0,0.0,0.0,0.0,0.0,0.0,22.855945956625646,0.3119095988523472,0.34242133346075815,0.0,29.0,0.0,34.0,0.0,False,False,True,True,True,False,1.0,0
fixed_policy_information_responsiveness,IL_RD,IL,IF,RD,GFW,test_005_981c73a17708,486158d4056bf919c05d831eb2457e1e5b0f77be811f8850194e44ad6f7b51c4,3,True,physical_path,29.0,0.0,22.855945956625646,0.0,0.0,22.855945956625646,0.0,0.0,0.0,0.0,0.0,22.855945956625646,0.0,0.0,0.0,0.0,0.0,0.0,0.0,0.0,0.0,0.0,0.0,0.0,22.855945956625646,0.3082580172547792,0.33627616668430466,0.0,29.0,0.0,34.0,0.0,False,False,True,True,True,False,1.0,0
fixed_policy_information_responsiveness,IL_RD,IL,IF,RD,GFW,test_006_daba4b1e9814,952a31a06c5a53e6e31268d61aa18540666df9f1b9e3ae6a233963dce9488fa4,3,True,physical_path,29.0,0.0,22.855945956625646,0.0,0.0,22.855945956625646,0.0,0.0,0.0,0.0,0.0,22.855945956625646,0.0,0.0,0.0,0.0,0.0,0.0,0.0,0.0,0.0,0.0,0.0,0.0,22.855945956625646,0.30997451032972195,0.3413259000517428,0.0,29.0,0.0,34.0,0.0,False,False,True,True,True,False,1.0,0
fixed_policy_information_responsiveness,IL_RD,IL,IF,RD,GFW,test_007_925513ee8ec6,731d03623a8a74cd3218b698af1e8e12c97d38fb15453dca892775607b29fa81,3,True,physical_path,29.0,0.0,22.855945956625646,0.0,0.0,22.855945956625646,0.0,0.0,0.0,0.0,0.0,22.855945956625646,0.0,0.0,0.0,0.0,0.0,0.0,0.0,0.0,0.0,0.0,0.0,0.0,22.855945956625646,0.31162286895841107,0.33638406669100124,0.0,29.0,0.0,34.0,0.0,False,False,True,True,True,False,1.0,0
fixed_policy_information_responsiveness,IL_RD,IL,IF,RD,GFW,test_008_fabe46a0ea00,e9fdfe86c1213d66406ad2b5a1489098162eeacb4fd3bb135c7774f43447e50a,3,True,physical_path,29.0,0.0,22.855945956625646,0.0,0.0,22.855945956625646,0.0,0.0,0.0,0.0,0.0,22.855945956625646,0.0,0.0,0.0,0.0,0.0,0.0,0.0,0.0,0.0,0.0,0.0,0.0,22.855945956625646,0.3100942850525052,0.33190293330699205,0.0,29.0,0.0,34.0,0.0,False,False,True,True,True,False,1.0,0
fixed_policy_information_responsiveness,IL_RD,IL,IF,RD,GFW,test_009_c8ef87e47101,e7c739cef2038dc9dd49043c1f0d7f937e1197ba26c7d6d5cfd35e6884576a8f,3,True,physical_path,29.0,0.0,22.855945956625646,0.0,0.0,22.855945956625646,0.0,0.0,0.0,0.0,0.0,22.855945956625646,0.0,0.0,0.0,0.0,0.0,0.0,0.0,0.0,0.0,0.0,0.0,0.0,22.855945956625646,0.31202445057991507,0.3456857333270212,0.0,29.0,0.0,34.0,0.0,False,False,True,True,True,False,1.0,0
fixed_policy_information_responsiveness,IL_RD,IL,IF,RD,GFW,test_010_613ab99db82c,b6d6d7a34dc5c759fa2f74e51cf089ae14ef375b3d2118cbc6e54cfe69610ff0,3,True,physical_path,29.0,0.0,22.855945956625646,0.0,0.0,22.855945956625646,0.0,0.0,0.0,0.0,0.0,22.855945956625646,0.0,0.0,0.0,0.0,0.0,0.0,0.0,0.0,0.0,0.0,0.0,0.0,22.855945956625646,0.3098224080328284,0.3386618667282164,0.0,29.0,0.0,34.0,0.0,False,False,True,True,True,False,1.0,0
fixed_policy_information_responsiveness,IL_RD,IL,IF,RD,GFW,test_011_8a2e74b38d5d,2c1def025a197cafcbff5811b07b27cda029492b99505187bb109a25c6324dd0,3,True,physical_path,29.0,0.0,22.855945956625646,0.0,0.0,22.855945956625646,0.0,0.0,0.0,0.0,0.0,22.855945956625646,0.0,0.0,0.0,0.0,0.0,0.0,0.0,0.0,0.0,0.0,0.0,0.0,22.855945956625646,0.31149111951208924,0.33885169999363524,0.0,29.0,0.0,34.0,0.0,False,False,True,True,True,False,1.0,0
fixed_policy_information_responsiveness,IL_RD,IL,IF,RD,GFW,test_012_b6bdc05b20a7,a0b19e6776a2ab7419a6e1e972fe362229d4c1ceaee4fcd5b26af8dd6487d91a,3,True,physical_path,29.0,0.0,22.855945956625646,0.0,0.0,22.855945956625646,0.0,0.0,0.0,0.0,0.0,22.855945956625646,0.0,0.0,0.0,0.0,0.0,0.0,0.0,0.0,0.0,0.0,0.0,0.0,22.855945956625646,0.3078858367884639,0.3292907332846274,0.0,29.0,0.0,34.0,0.0,False,False,True,True,True,False,1.0,0
fixed_policy_information_responsiveness,IL_RD,IL,IF,RD,GFW,test_013_040653995d85,126fef2eb8dec4e751a3cd0ab4030fa0eef9f2124b9012d0f237435c02edf2bb,3,True,physical_path,29.0,0.0,22.855945956625646,0.0,0.0,22.855945956625646,0.0,0.0,0.0,0.0,0.0,22.855945956625646,0.0,0.0,0.0,0.0,0.0,0.0,0.0,0.0,0.0,0.0,0.0,0.0,22.855945956625646,0.3064651678145017,0.3295323667116463,0.0,29.0,0.0,34.0,0.0,False,False,True,True,True,False,1.0,0
fixed_policy_information_responsiveness,IL_RD,IL,IF,RD,GFW,test_014_f00647451070,373a8ad6e78d461dfdcc95fdf1fb04a78758e9c383379518c6a7f99e0d53dc1b,3,True,physical_path,29.0,0.0,22.855945956625646,0.0,0.0,22.855945956625646,0.0,0.0,0.0,0.0,0.0,22.855945956625646,0.0,0.0,0.0,0.0,0.0,0.0,0.0,0.0,0.0,0.0,0.0,0.0,22.855945956625646,0.30761497355087647,0.3359954666035871,0.0,29.0,0.0,34.0,0.0,False,False,True,True,True,False,1.0,0
fixed_policy_information_responsiveness,IL_RD,IL,IF,RD,GFW,test_015_643a837775f9,2c7b39349a0d1081bb9965c20059966e2efa2b36929e46f58bc4a9c3814b5fa1,3,True,physical_path,29.0,0.0,22.855945956625646,0.0,0.0,22.855945956625646,0.0,0.0,0.0,0.0,0.0,22.855945956625646,0.0,0.0,0.0,0.0,0.0,0.0,0.0,0.0,0.0,0.0,0.0,0.0,22.855945956625646,0.30840726207470753,0.33544883333767456,0.0,29.0,0.0,34.0,0.0,False,False,True,True,True,False,1.0,0
fixed_policy_information_responsiveness,IL_RD,IL,IF,RD,GFW,test_016_45a90ccef8bd,0029ff00c2ec31c1e494acd10829e465e27a2f2b2b25b7e64eec745f570ed89f,3,True,physical_path,29.0,0.0,22.855945956625646,0.0,0.0,22.855945956625646,0.0,0.0,0.0,0.0,0.0,22.855945956625646,0.0,0.0,0.0,0.0,0.0,0.0,0.0,0.0,0.0,0.0,0.0,0.0,22.855945956625646,0.30529811839712245,0.34670773334801197,0.0,29.0,0.0,34.0,0.0,False,False,True,True,True,False,1.0,0
fixed_policy_information_responsiveness,IL_RD,IL,IF,RD,GFW,test_017_ebd333a3cdba,29f164f4e07e3587787b4f7f02f926e6abe18c76068f83f7e907a642cb6d0b70,3,True,physical_path,29.0,0.0,22.855945956625646,0.0,0.0,22.855945956625646,0.0,0.0,0.0,0.0,0.0,22.855945956625646,0.0,0.0,0.0,0.0,0.0,0.0,0.0,0.0,0.0,0.0,0.0,0.0,22.855945956625646,0.3066835643873475,0.33225563331507146,0.0,29.0,0.0,34.0,0.0,False,False,True,True,True,False,1.0,0
fixed_policy_information_responsiveness,IL_RD,IL,IF,RD,GFW,test_018_9466cee538c9,6b88d9f59b5451cc58b1015bbaf872072f54219821d24a23dcee85e5907ccd6f,3,True,physical_path,29.0,0.0,22.855945956625646,0.0,0.0,22.855945956625646,0.0,0.0,0.0,0.0,0.0,22.855945956625646,0.0,0.0,0.0,0.0,0.0,0.0,0.0,0.0,0.0,0.0,0.0,0.0,22.855945956625646,0.30568242871909046,0.33664079996136326,0.0,29.0,0.0,34.0,0.0,False,False,True,True,True,False,1.0,0
fixed_policy_information_responsiveness,IL_RD,IL,IF,RD,GFW,test_019_9d2b7462a57a,37b0c4171f21c5ce77200cf1c07cafe2ac3222d7de42f1ae6fc1d30f162235f4,3,True,physical_path,29.0,0.0,22.855945956625646,0.0,0.0,22.855945956625646,0.0,0.0,0.0,0.0,0.0,22.855945956625646,0.0,0.0,0.0,0.0,0.0,0.0,0.0,0.0,0.0,0.0,0.0,0.0,22.855945956625646,0.3079918000108466,0.33214176663508016,0.0,29.0,0.0,34.0,0.0,False,False,True,True,True,False,1.0,0
fixed_policy_information_responsiveness,IL_RD,IL,IF,RD,GFW,test_020_701c8d28bc45,8026693322b81e3fb97240607d2705dd6b93933f00598bd25d51a0e0815f078a,3,True,physical_path,29.0,0.0,22.855945956625646,0.0,0.0,22.855945956625646,0.0,0.0,0.0,0.0,0.0,22.855945956625646,0.0,0.0,0.0,0.0,0.0,0.0,0.0,0.0,0.0,0.0,0.0,0.0,22.855945956625646,0.3067561781740394,0.33398563337201875,0.0,29.0,0.0,34.0,0.0,False,False,True,True,True,False,1.0,0
fixed_policy_information_responsiveness,IL_RD,IL,IF,RD,GFW,test_021_69299bc5d0bf,73b12655c0d3ba790b0d7646d848d8482c556907f3df355b5debba89d629dce8,3,True,physical_path,29.0,0.0,22.855945956625646,0.0,0.0,22.855945956625646,0.0,0.0,0.0,0.0,0.0,22.855945956625646,0.0,0.0,0.0,0.0,0.0,0.0,0.0,0.0,0.0,0.0,0.0,0.0,22.855945956625646,0.30518739541521533,0.33597903333914775,0.0,29.0,0.0,34.0,0.0,False,False,True,True,True,False,1.0,0
fixed_policy_information_responsiveness,IL_RD,IL,IF,RD,GFW,test_022_1b3e72c80b5f,8baf29c9a8cf1929f75debe3e9655a2a247f63e35bbf7fa4ef4c40555ea2ebf6,3,True,physical_path,29.0,0.0,22.855945956625646,0.0,0.0,22.855945956625646,0.0,0.0,0.0,0.0,0.0,22.855945956625646,0.0,0.0,0.0,0.0,0.0,0.0,0.0,0.0,0.0,0.0,0.0,0.0,22.855945956625646,0.3075806080636665,0.3336513667212178,0.0,29.0,0.0,34.0,0.0,False,False,True,True,True,False,1.0,0
fixed_policy_information_responsiveness,IL_RD,IL,IF,RD,GFW,test_023_90a8af416c5a,a1630780ff34130d213e2e129b87abd380aace39bba5543962105d498f5aea0d,3,True,physical_path,29.0,0.0,22.855945956625646,0.0,0.0,22.855945956625646,0.0,0.0,0.0,0.0,0.0,22.855945956625646,0.0,0.0,0.0,0.0,0.0,0.0,0.0,0.0,0.0,0.0,0.0,0.0,22.855945956625646,0.30858666093313486,0.3376126333605498,0.0,29.0,0.0,34.0,0.0,False,False,True,True,True,False,1.0,0
fixed_policy_information_responsiveness,IL_RD,IL,IF,RD,GFW,test_024_e90f261f99e2,f7208349640673e17c7b506bd6a88873b8173f8b58e84fd23d30793c0a7b7461,3,True,physical_path,29.0,0.0,22.855945956625646,0.0,0.0,22.855945956625646,0.0,0.0,0.0,0.0,0.0,22.855945956625646,0.0,0.0,0.0,0.0,0.0,0.0,0.0,0.0,0.0,0.0,0.0,0.0,22.855945956625646,0.30390717240649906,0.34449793328531086,0.0,29.0,0.0,34.0,0.0,False,False,True,True,True,False,1.0,0
fixed_policy_information_responsiveness,IL_RD,IL,IF,RD,GFW,test_025_0c3eeaae0824,ebb244754df442c284ce8466b9c0a1886d39cd718575bde71d7c3e618bfcb05d,3,True,physical_path,29.0,0.0,22.855945956625646,0.0,0.0,22.855945956625646,0.0,0.0,0.0,0.0,0.0,22.855945956625646,0.0,0.0,0.0,0.0,0.0,0.0,0.0,0.0,0.0,0.0,0.0,0.0,22.855945956625646,0.30542035402740814,0.3326536001016696,0.0,29.0,0.0,34.0,0.0,False,False,True,True,True,False,1.0,0
fixed_policy_information_responsiveness,IL_RD,IL,IF,RD,GFW,test_026_770d47ae1768,1b634cc6c964c3493aa7054c18162810eb0343a0bfa9c10559ab275be90f270b,3,True,physical_path,29.0,0.0,22.855945956625646,0.0,0.0,22.855945956625646,0.0,0.0,0.0,0.0,0.0,22.855945956625646,0.0,0.0,0.0,0.0,0.0,0.0,0.0,0.0,0.0,0.0,0.0,0.0,22.855945956625646,0.3069562586158215,0.342507466673851,0.0,29.0,0.0,34.0,0.0,False,False,True,True,True,False,1.0,0
fixed_policy_information_responsiveness,IL_RD,IL,IF,RD,GFW,test_027_df5d670513fa,ab2101884236e9b9aa7c3ee22d154832c5d8010acf768023992dab208603418a,3,True,physical_path,29.0,0.0,22.855945956625646,0.0,0.0,22.855945956625646,0.0,0.0,0.0,0.0,0.0,22.855945956625646,0.0,0.0,0.0,0.0,0.0,0.0,0.0,0.0,0.0,0.0,0.0,0.0,22.855945956625646,0.30629209886658293,0.336197966709733,0.0,29.0,0.0,34.0,0.0,False,False,True,True,True,False,1.0,0
fixed_policy_information_responsiveness,IL_RD,IL,IF,RD,GFW,test_028_e9fb02365dd3,69c3b469f3d109c4fde6819023b6b3424a81a6c9410b5bdadf6a389b0ac41cd8,3,True,physical_path,29.0,0.0,22.855945956625646,0.0,0.0,22.855945956625646,0.0,0.0,0.0,0.0,0.0,22.855945956625646,0.0,0.0,0.0,0.0,0.0,0.0,0.0,0.0,0.0,0.0,0.0,0.0,22.855945956625646,0.30569935056391634,0.33028739993460476,0.0,29.0,0.0,34.0,0.0,False,False,True,True,True,False,1.0,0
fixed_policy_information_responsiveness,IL_RD,IL,IF,RD,GFW,test_029_b44f60718c5a,1da7e85d4baff589ff68ef8559039803d6320ab2ed03342b24ac128a2318d190,3,True,physical_path,29.0,0.0,22.855945956625646,0.0,0.0,22.855945956625646,0.0,0.0,0.0,0.0,0.0,22.855945956625646,0.0,0.0,0.0,0.0,0.0,0.0,0.0,0.0,0.0,0.0,0.0,0.0,22.855945956625646,0.3103750965627574,0.3359514666566004,0.0,29.0,0.0,34.0,0.0,False,False,True,True,True,False,1.0,0
fixed_policy_information_responsiveness,IL_RD,IL,IF,RD,GFW,test_030_038f4c53d11f,4eb8a7c0bcb39227046e9505c361e42bb2c658236f0c564a6269a847ed31aa9d,3,True,physical_path,29.0,0.0,22.855945956625646,0.0,0.0,22.855945956625646,0.0,0.0,0.0,0.0,0.0,22.855945956625646,0.0,0.0,0.0,0.0,0.0,0.0,0.0,0.0,0.0,0.0,0.0,0.0,22.855945956625646,0.3072195804768895,0.33795883335794014,0.0,29.0,0.0,34.0,0.0,False,False,True,True,True,False,1.0,0
fixed_policy_information_responsiveness,IL_RD,IL,IF,RD,GFW,test_031_0a6ff70351b5,f433009c2dc9babd801ecc4a83bff803bafefdf2dda16c2339f89fdea4819ef5,3,True,physical_path,29.0,0.0,22.855945956625646,0.0,0.0,22.855945956625646,0.0,0.0,0.0,0.0,0.0,22.855945956625646,0.0,0.0,0.0,0.0,0.0,0.0,0.0,0.0,0.0,0.0,0.0,0.0,22.855945956625646,0.3062313172495228,0.3361780333022277,0.0,29.0,0.0,34.0,0.0,False,False,True,True,True,False,1.0,0
fixed_policy_information_responsiveness,IL_RD,IL,IF,RD,GFW,test_032_efdf826e6bc3,21ce1693bc3699e2f09363a75d56cade9dded2bb98e7d8c9fa223f6a0e80fe32,3,True,physical_path,29.0,0.0,22.855945956625646,0.0,0.0,22.855945956625646,0.0,0.0,0.0,0.0,0.0,22.855945956625646,0.0,0.0,0.0,0.0,0.0,0.0,0.0,0.0,0.0,0.0,0.0,0.0,22.855945956625646,0.3067622069060674,0.3313738333526999,0.0,29.0,0.0,34.0,0.0,False,False,True,True,True,False,1.0,0
fixed_policy_information_responsiveness,IL_RD,IL,IF,RD,GFW,test_033_de0c441dba67,20b1ce9257b6bc10879dbeb9b585d2252b6a0d0e70758a9074e7bce30e8381e7,3,True,physical_path,29.0,0.0,22.855945956625646,0.0,0.0,22.855945956625646,0.0,0.0,0.0,0.0,0.0,22.855945956625646,0.0,0.0,0.0,0.0,0.0,0.0,0.0,0.0,0.0,0.0,0.0,0.0,22.855945956625646,0.3078777080551646,0.33223643332409364,0.0,29.0,0.0,34.0,0.0,False,False,True,True,True,False,1.0,0
fixed_policy_information_responsiveness,IL_RD,IL,IF,RD,GFW,test_034_a00d80b83640,b036cb3fefcab64a46f1c815d5ca0fe171f0b46d33f7ae7b6be2a6bacb1fd612,3,True,physical_path,29.0,0.0,22.855945956625646,0.0,0.0,22.855945956625646,0.0,0.0,0.0,0.0,0.0,22.855945956625646,0.0,0.0,0.0,0.0,0.0,0.0,0.0,0.0,0.0,0.0,0.0,0.0,22.855945956625646,0.30715667929275536,0.33657529996708035,0.0,29.0,0.0,34.0,0.0,False,False,True,True,True,False,1.0,0
fixed_policy_information_responsiveness,IL_RD,IL,IF,RD,GFW,test_035_51fd398978b7,7abaf72660924f39b0c3de4eca048c4bfc88cc650ecff93ab95fe73dba109cce,3,True,physical_path,29.0,0.0,22.855945956625646,0.0,0.0,22.855945956625646,0.0,0.0,0.0,0.0,0.0,22.855945956625646,0.0,0.0,0.0,0.0,0.0,0.0,0.0,0.0,0.0,0.0,0.0,0.0,22.855945956625646,0.3072648701102783,0.3336139666692664,0.0,29.0,0.0,34.0,0.0,False,False,True,True,True,False,1.0,0
fixed_policy_information_responsiveness,IL_RD,IL,IF,RD,GFW,test_036_7eb6ac1ca077,0c9a87f5ff17777b85b5a6eeeaa638de53fb4b7d7f19e240d28c11f6cc64f47c,3,True,physical_path,29.0,0.0,22.855945956625646,0.0,0.0,22.855945956625646,0.0,0.0,0.0,0.0,0.0,22.855945956625646,0.0,0.0,0.0,0.0,0.0,0.0,0.0,0.0,0.0,0.0,0.0,0.0,22.855945956625646,0.30587910919653616,0.330546166592588,0.0,29.0,0.0,34.0,0.0,False,False,True,True,True,False,1.0,0
fixed_policy_information_responsiveness,IL_RD,IL,IF,RD,GFW,test_037_f096257ecaa4,3929daae8a4ddc386215a14d62f0df20cc184dc67a9d3e9dfcf391616c8b09aa,3,True,physical_path,29.0,0.0,22.855945956625646,0.0,0.0,22.855945956625646,0.0,0.0,0.0,0.0,0.0,22.855945956625646,0.0,0.0,0.0,0.0,0.0,0.0,0.0,0.0,0.0,0.0,0.0,0.0,22.855945956625646,0.30728878277814253,0.3364020000056674,0.0,29.0,0.0,34.0,0.0,False,False,True,True,True,False,1.0,0
fixed_policy_information_responsiveness,IL_RD,IL,IF,RD,GFW,test_038_b05abc6e01b3,91d9ad359e88dd62f32db770d8fc971bf07ab01c0e8fc379b5a718e95e02a857,3,True,physical_path,29.0,0.0,22.855945956625646,0.0,0.0,22.855945956625646,0.0,0.0,0.0,0.0,0.0,22.855945956625646,0.0,0.0,0.0,0.0,0.0,0.0,0.0,0.0,0.0,0.0,0.0,0.0,22.855945956625646,0.307129914931225,0.3378097667203595,0.0,29.0,0.0,34.0,0.0,False,False,True,True,True,False,1.0,0
fixed_policy_information_responsiveness,IL_RD,IL,IF,RD,GFW,test_039_9c0d1ebe6c19,e13ccaea86f54a246efc2c37fdff34f1d6d2c788bedc46e779cb26330eb19767,3,True,physical_path,29.0,0.0,22.855945956625646,0.0,0.0,22.855945956625646,0.0,0.0,0.0,0.0,0.0,22.855945956625646,0.0,0.0,0.0,0.0,0.0,0.0,0.0,0.0,0.0,0.0,0.0,0.0,22.855945956625646,0.3072264643824905,0.3299520667642355,0.0,29.0,0.0,34.0,0.0,False,False,True,True,True,False,1.0,0
fixed_policy_information_responsiveness,IL_RD,IL,IF,RD,GFW,test_040_11a8950c659e,8c86505470912e1666c9fc2940eaa827bdbe9a292d18acba8b65690bc5504edd,3,True,physical_path,29.0,0.0,22.855945956625646,0.0,0.0,22.855945956625646,0.0,0.0,0.0,0.0,0.0,22.855945956625646,0.0,0.0,0.0,0.0,0.0,0.0,0.0,0.0,0.0,0.0,0.0,0.0,22.855945956625646,0.30712785747373245,0.3336312333121896,0.0,29.0,0.0,34.0,0.0,False,False,True,True,True,False,1.0,0
fixed_policy_information_responsiveness,IL_RD,IL,IF,RD,GFW,test_041_e58f21dcc209,8ac790e22f29b9e6016d417a41ae81357645899a955003b28c3db743adaf7651,3,True,physical_path,29.0,0.0,22.855945956625646,0.0,0.0,22.855945956625646,0.0,0.0,0.0,0.0,0.0,22.855945956625646,0.0,0.0,0.0,0.0,0.0,0.0,0.0,0.0,0.0,0.0,0.0,0.0,22.855945956625646,0.30322137586879494,0.33315913332626224,0.0,29.0,0.0,34.0,0.0,False,False,True,True,True,False,1.0,0
fixed_policy_information_responsiveness,IL_RD,IL,IF,RD,GFW,test_042_a77d2ece213a,f2460e8d37d7dd00974c41189f6e0ebf50b6f52ebee182f6c1995d712d434a80,3,True,physical_path,29.0,0.0,22.855945956625646,0.0,0.0,22.855945956625646,0.0,0.0,0.0,0.0,0.0,22.855945956625646,0.0,0.0,0.0,0.0,0.0,0.0,0.0,0.0,0.0,0.0,0.0,0.0,22.855945956625646,0.30641176089933464,0.33710399999593693,0.0,29.0,0.0,34.0,0.0,False,False,True,True,True,False,1.0,0
fixed_policy_information_responsiveness,IL_RD,IL,IF,RD,GFW,test_043_f1174106175c,9f0e52313eae7646721460bef1d7844c63ef6e6466e00cda6d88b59f753bdb44,3,True,physical_path,29.0,0.0,22.855945956625646,0.0,0.0,22.855945956625646,0.0,0.0,0.0,0.0,0.0,22.855945956625646,0.0,0.0,0.0,0.0,0.0,0.0,0.0,0.0,0.0,0.0,0.0,0.0,22.855945956625646,0.3068856793166748,0.3342894333569954,0.0,29.0,0.0,34.0,0.0,False,False,True,True,True,False,1.0,0
fixed_policy_information_responsiveness,IL_RD,IL,IF,RD,GFW,test_044_ed401c94714a,b8c9d29aa3de6cf470181459344c092f63897fea165efd006f3522d28d5b7546,3,True,physical_path,29.0,0.0,22.855945956625646,0.0,0.0,22.855945956625646,0.0,0.0,0.0,0.0,0.0,22.855945956625646,0.0,0.0,0.0,0.0,0.0,0.0,0.0,0.0,0.0,0.0,0.0,0.0,22.855945956625646,0.30697277930950556,0.3323797000727306,0.0,29.0,0.0,34.0,0.0,False,False,True,True,True,False,1.0,0
fixed_policy_information_responsiveness,IL_RD,IL,IF,RD,GFW,test_045_af7d3f616c1d,4016cea405cb4a960b6e35575052133785df257d690566934f375b42aaec6319,3,True,physical_path,29.0,0.0,22.855945956625646,0.0,0.0,22.855945956625646,0.0,0.0,0.0,0.0,0.0,22.855945956625646,0.0,0.0,0.0,0.0,0.0,0.0,0.0,0.0,0.0,0.0,0.0,0.0,22.855945956625646,0.30773717469814094,0.3328096333425492,0.0,29.0,0.0,34.0,0.0,False,False,True,True,True,False,1.0,0
fixed_policy_information_responsiveness,IL_RD,IL,IF,RD,GFW,test_046_e35b743e6617,a2353a3737f40fe134958bb2e87b8e305fa8a93484beedd0e8bfecb9f57017a4,3,True,physical_path,29.0,0.0,22.855945956625646,0.0,0.0,22.855945956625646,0.0,0.0,0.0,0.0,0.0,22.855945956625646,0.0,0.0,0.0,0.0,0.0,0.0,0.0,0.0,0.0,0.0,0.0,0.0,22.855945956625646,0.3045532046094665,0.32921253338766593,0.0,29.0,0.0,34.0,0.0,False,False,True,True,True,False,1.0,0
fixed_policy_information_responsiveness,IL_RD,IL,IF,RD,GFW,test_047_20c1f89391c1,36ff09fb12219b2b6b87f6cf0c5423c116879052b34d4962c7ef266ec126ac57,3,True,physical_path,29.0,0.0,22.855945956625646,0.0,0.0,22.855945956625646,0.0,0.0,0.0,0.0,0.0,22.855945956625646,0.0,0.0,0.0,0.0,0.0,0.0,0.0,0.0,0.0,0.0,0.0,0.0,22.855945956625646,0.306119679304739,0.3394156666472554,0.0,29.0,0.0,34.0,0.0,False,False,True,True,True,False,1.0,0
fixed_policy_information_responsiveness,IL_RD,IL,IF,RD,GFW,test_048_eeaf6a6a0a15,994d5fe747d109631079ca2dcc4446c2f6416a37c0e22f518eee625a1adb06f0,3,True,physical_path,29.0,0.0,22.855945956625646,0.0,0.0,22.855945956625646,0.0,0.0,0.0,0.0,0.0,22.855945956625646,0.0,0.0,0.0,0.0,0.0,0.0,0.0,0.0,0.0,0.0,0.0,0.0,22.855945956625646,0.3061304609210969,0.33377509998778504,0.0,29.0,0.0,34.0,0.0,False,False,True,True,True,False,1.0,0
fixed_policy_information_responsiveness,IL_RD,IL,IF,RD,GFW,test_049_343da3774e7e,67fbb29d58fe3b18a75d771f5cd686cc8e735fd689001d0916b3e6fc39ec79f7,3,True,physical_path,29.0,0.0,22.855945956625646,0.0,0.0,22.855945956625646,0.0,0.0,0.0,0.0,0.0,22.855945956625646,0.0,0.0,0.0,0.0,0.0,0.0,0.0,0.0,0.0,0.0,0.0,0.0,22.855945956625646,0.3048164908046267,0.33270686663066346,0.0,29.0,0.0,34.0,0.0,False,False,True,True,True,False,1.0,0
fixed_policy_information_responsiveness,IL_RD,IL,IF,RD,GFW,test_050_1c7612d8bc63,7009ba679041fca4f919f6d67b859e0c50e7cd8a1fa70db807d12180ce36fef5,3,True,physical_path,29.0,0.0,22.855945956625646,0.0,0.0,22.855945956625646,0.0,0.0,0.0,0.0,0.0,22.855945956625646,0.0,0.0,0.0,0.0,0.0,0.0,0.0,0.0,0.0,0.0,0.0,0.0,22.855945956625646,0.306425171256622,0.3331955667429914,0.0,29.0,0.0,34.0,0.0,False,False,True,True,True,False,1.0,0
fixed_policy_information_responsiveness,IL_RD,IL,IF,RD,GFW,test_051_5747c87e6d9a,bb19bfcd3eaa9ae29a90b097a82f01dd9904f3e32ae9aa861440c9cf80f5fb0a,3,True,physical_path,29.0,0.0,22.855945956625646,0.0,0.0,22.855945956625646,0.0,0.0,0.0,0.0,0.0,22.855945956625646,0.0,0.0,0.0,0.0,0.0,0.0,0.0,0.0,0.0,0.0,0.0,0.0,22.855945956625646,0.3087769379389697,0.3333888667014738,0.0,29.0,0.0,34.0,0.0,False,False,True,True,True,False,1.0,0
fixed_policy_information_responsiveness,IL_RD,IL,IF,RD,GFW,test_052_9760565f31de,b277e216bbe75cc8b4046b1aa2c88aaae1bf926561535d906f0016105604e08f,3,True,physical_path,29.0,0.0,22.855945956625646,0.0,0.0,22.855945956625646,0.0,0.0,0.0,0.0,0.0,22.855945956625646,0.0,0.0,0.0,0.0,0.0,0.0,0.0,0.0,0.0,0.0,0.0,0.0,22.855945956625646,0.30450426207202347,0.33165336671906215,0.0,29.0,0.0,34.0,0.0,False,False,True,True,True,False,1.0,0
fixed_policy_information_responsiveness,IL_RD,IL,IF,RD,GFW,test_053_4473e6f72168,9feaa2d293c4a0b8af4c3aac58c9e8005521bc4d6f077825fadec29b0e53c01f,3,True,physical_path,29.0,0.0,22.855945956625646,0.0,0.0,22.855945956625646,0.0,0.0,0.0,0.0,0.0,22.855945956625646,0.0,0.0,0.0,0.0,0.0,0.0,0.0,0.0,0.0,0.0,0.0,0.0,22.855945956625646,0.3074366046094346,0.3332005000362794,0.0,29.0,0.0,34.0,0.0,False,False,True,True,True,False,1.0,0
fixed_policy_information_responsiveness,IL_RD,IL,IF,RD,GFW,test_054_c66f0b1dacc4,16ce17c1744d78faa37da5b4fb33e5bfea16723fc6b8a0bda692e50ec3e2b55e,3,True,physical_path,29.0,0.0,22.855945956625646,0.0,0.0,22.855945956625646,0.0,0.0,0.0,0.0,0.0,22.855945956625646,0.0,0.0,0.0,0.0,0.0,0.0,0.0,0.0,0.0,0.0,0.0,0.0,22.855945956625646,0.30570123677313243,0.33373169996775687,0.0,29.0,0.0,34.0,0.0,False,False,True,True,True,False,1.0,0
fixed_policy_information_responsiveness,IL_RD,IL,IF,RD,GFW,test_055_f90330578051,8df94c8ced26ea4c0c1fb973fcdb315e4aa4bd11418f4678cad692434784d305,3,True,physical_path,29.0,0.0,22.855945956625646,0.0,0.0,22.855945956625646,0.0,0.0,0.0,0.0,0.0,22.855945956625646,0.0,0.0,0.0,0.0,0.0,0.0,0.0,0.0,0.0,0.0,0.0,0.0,22.855945956625646,0.3080512494271643,0.3336578000647326,0.0,29.0,0.0,34.0,0.0,False,False,True,True,True,False,1.0,0
fixed_policy_information_responsiveness,IL_RD,IL,IF,RD,GFW,test_056_b2c64046cef9,21949659c92b6085fdcf7f8ded48b2ce45b53d882ca7a31b19d9fde23c9a706e,3,True,physical_path,29.0,0.0,22.855945956625646,0.0,0.0,22.855945956625646,0.0,0.0,0.0,0.0,0.0,22.855945956625646,0.0,0.0,0.0,0.0,0.0,0.0,0.0,0.0,0.0,0.0,0.0,0.0,22.855945956625646,0.30461193448542784,0.3330064667388797,0.0,29.0,0.0,34.0,0.0,False,False,True,True,True,False,1.0,0
fixed_policy_information_responsiveness,IL_RD,IL,IF,RD,GFW,test_057_bf11b8e004e2,2705d48abdd25cd31ce63dce45d98fc5d7a7014cbaa2b7e9d3841215da085223,3,True,physical_path,29.0,0.0,22.855945956625646,0.0,0.0,22.855945956625646,0.0,0.0,0.0,0.0,0.0,22.855945956625646,0.0,0.0,0.0,0.0,0.0,0.0,0.0,0.0,0.0,0.0,0.0,0.0,22.855945956625646,0.3084406011373918,0.33551586667696637,0.0,29.0,0.0,34.0,0.0,False,False,True,True,True,False,1.0,0
fixed_policy_information_responsiveness,IL_RD,IL,IF,RD,GFW,test_058_fbcfbffca03e,f3cffe67760837d34721010e552b7b113b7312cf23c606a8484b6a9212a6f2b7,3,True,physical_path,29.0,0.0,22.855945956625646,0.0,0.0,22.855945956625646,0.0,0.0,0.0,0.0,0.0,22.855945956625646,0.0,0.0,0.0,0.0,0.0,0.0,0.0,0.0,0.0,0.0,0.0,0.0,22.855945956625646,0.30718417354623906,0.3361382333096117,0.0,29.0,0.0,34.0,0.0,False,False,True,True,True,False,1.0,0
fixed_policy_information_responsiveness,IL_RD,IL,IF,RD,GFW,test_059_d22925a9593f,c98c7ab547b822f5e3f6bd57e8c1cac4fe3ffb8f9767451fb6469582500778c3,3,True,physical_path,29.0,0.0,22.855945956625646,0.0,0.0,22.855945956625646,0.0,0.0,0.0,0.0,0.0,22.855945956625646,0.0,0.0,0.0,0.0,0.0,0.0,0.0,0.0,0.0,0.0,0.0,0.0,22.855945956625646,0.3072352034612505,0.33065943342323106,0.0,29.0,0.0,34.0,0.0,False,False,True,True,True,False,1.0,0
fixed_policy_information_responsiveness,IL_RD,IL,IF,RD,GFW,test_060_b3feb9e274c2,3c86ab20f510c1061ab2e7f48b9256de5e0c280f7c3174b1c7b1d72c0dc53850,3,True,physical_path,29.0,0.0,22.855945956625646,0.0,0.0,22.855945956625646,0.0,0.0,0.0,0.0,0.0,22.855945956625646,0.0,0.0,0.0,0.0,0.0,0.0,0.0,0.0,0.0,0.0,0.0,0.0,22.855945956625646,0.3069462448347831,0.33368870010599494,0.0,29.0,0.0,34.0,0.0,False,False,True,True,True,False,1.0,0
fixed_policy_information_responsiveness,IL_RD,IL,IF,RD,GFW,test_061_627abde70c26,cf65918b4a1357466ba3ff0110bd4979bea1c5b3536ccf53783601c4166c8ca6,3,True,physical_path,29.0,0.0,22.855945956625646,0.0,0.0,22.855945956625646,0.0,0.0,0.0,0.0,0.0,22.855945956625646,0.0,0.0,0.0,0.0,0.0,0.0,0.0,0.0,0.0,0.0,0.0,0.0,22.855945956625646,0.3080156034543768,0.33267896676746506,0.0,29.0,0.0,34.0,0.0,False,False,True,True,True,False,1.0,0
fixed_policy_information_responsiveness,IL_RD,IL,IF,RD,GFW,test_062_0c9ea14e9507,8862784afef2156ec2bb9a00ad9818b4d1388563f98bbba5abeb4f579f5d3719,3,True,physical_path,29.0,0.0,22.855945956625646,0.0,0.0,22.855945956625646,0.0,0.0,0.0,0.0,0.0,22.855945956625646,0.0,0.0,0.0,0.0,0.0,0.0,0.0,0.0,0.0,0.0,0.0,0.0,22.855945956625646,0.3066650597838921,0.3362443334578226,0.0,29.0,0.0,34.0,0.0,False,False,True,True,True,False,1.0,0
fixed_policy_information_responsiveness,IL_RD,IL,IF,RD,GFW,test_063_44f0f2a191ef,b8eaab80f4cb12634be223f90a9511d83ae0a0c70e808e91a4421d33496959d7,3,True,physical_path,29.0,0.0,22.855945956625646,0.0,0.0,22.855945956625646,0.0,0.0,0.0,0.0,0.0,22.855945956625646,0.0,0.0,0.0,0.0,0.0,0.0,0.0,0.0,0.0,0.0,0.0,0.0,22.855945956625646,0.3060475574758161,0.3349260000201563,0.0,29.0,0.0,34.0,0.0,False,False,True,True,True,False,1.0,0
fixed_policy_information_responsiveness,IL_RD,IL,IF,RD,GFW,test_064_27d69866b791,2ec0c0a718a10df192ec10de190b328be4edfb62be1f83170a30bcefaeb9a769,3,True,physical_path,29.0,0.0,22.855945956625646,0.0,0.0,22.855945956625646,0.0,0.0,0.0,0.0,0.0,22.855945956625646,0.0,0.0,0.0,0.0,0.0,0.0,0.0,0.0,0.0,0.0,0.0,0.0,22.855945956625646,0.30611895399981703,0.33082316668393713,0.0,29.0,0.0,34.0,0.0,False,False,True,True,True,False,1.0,0
fixed_policy_information_responsiveness,IL_RD,IL,IF,RD,GFW,test_065_930038cc16e9,18fb933270e55e8c52b9a38602689fa29979759dbcbae5ef58a9c981f50bf3b8,3,True,physical_path,29.0,0.0,22.855945956625646,0.0,0.0,22.855945956625646,0.0,0.0,0.0,0.0,0.0,22.855945956625646,0.0,0.0,0.0,0.0,0.0,0.0,0.0,0.0,0.0,0.0,0.0,0.0,22.855945956625646,0.3073766643620342,0.333728566688175,0.0,29.0,0.0,34.0,0.0,False,False,True,True,True,False,1.0,0
fixed_policy_information_responsiveness,IL_RD,IL,IF,RD,GFW,test_066_28fb87ba4913,ff4f107913023d14c03bc1cd6277514f73f4407f2764dfbf0e0deb814377968c,3,True,physical_path,29.0,0.0,22.855945956625646,0.0,0.0,22.855945956625646,0.0,0.0,0.0,0.0,0.0,22.855945956625646,0.0,0.0,0.0,0.0,0.0,0.0,0.0,0.0,0.0,0.0,0.0,0.0,22.855945956625646,0.3065527287183394,0.33134096666860086,0.0,29.0,0.0,34.0,0.0,False,False,True,True,True,False,1.0,0
fixed_policy_information_responsiveness,IL_RD,IL,IF,RD,GFW,test_067_4d46fa716471,c5230648af9c4f4dc0776a75f661ec73f22b489cfafbd075c40df451d1313df6,3,True,physical_path,29.0,0.0,22.855945956625646,0.0,0.0,22.855945956625646,0.0,0.0,0.0,0.0,0.0,22.855945956625646,0.0,0.0,0.0,0.0,0.0,0.0,0.0,0.0,0.0,0.0,0.0,0.0,22.855945956625646,0.3061764770048275,0.3386138000059873,0.0,29.0,0.0,34.0,0.0,False,False,True,True,True,False,1.0,0
fixed_policy_information_responsiveness,IL_RD,IL,IF,RD,GFW,test_068_93da1d4ae1ba,0b8d0dd08db87d627b90309f160d00d1ddeb6b00d7f4987587040229f4a4cd12,3,True,physical_path,29.0,0.0,22.855945956625646,0.0,0.0,22.855945956625646,0.0,0.0,0.0,0.0,0.0,22.855945956625646,0.0,0.0,0.0,0.0,0.0,0.0,0.0,0.0,0.0,0.0,0.0,0.0,22.855945956625646,0.3070346965459871,0.339329466689378,0.0,29.0,0.0,34.0,0.0,False,False,True,True,True,False,1.0,0
fixed_policy_information_responsiveness,IL_RD,IL,IF,RD,GFW,test_069_5b01ea54b2fa,22f60a5da5be788b709a0bf9475f8c37f0b33916bebd0799ebaaf3285655bfee,3,True,physical_path,29.0,0.0,22.855945956625646,0.0,0.0,22.855945956625646,0.0,0.0,0.0,0.0,0.0,22.855945956625646,0.0,0.0,0.0,0.0,0.0,0.0,0.0,0.0,0.0,0.0,0.0,0.0,22.855945956625646,0.3052984402306249,0.3324432000517845,0.0,29.0,0.0,34.0,0.0,False,False,True,True,True,False,1.0,0
fixed_policy_information_responsiveness,IL_RD,IL,IF,RD,GFW,test_070_0cd9bcac96c3,ac8bd7f7939970c5e1b97489aabbaa29f40b1929a2ec3f09189cf2fcbfdb65d8,3,True,physical_path,29.0,0.0,22.855945956625646,0.0,0.0,22.855945956625646,0.0,0.0,0.0,0.0,0.0,22.855945956625646,0.0,0.0,0.0,0.0,0.0,0.0,0.0,0.0,0.0,0.0,0.0,0.0,22.855945956625646,0.3066809678278949,0.33350903339063126,0.0,29.0,0.0,34.0,0.0,False,False,True,True,True,False,1.0,0
fixed_policy_information_responsiveness,IL_RD,IL,IF,RD,GFW,test_071_34f77888383f,978827093da846cddfccde9ad52348bfe9f4f64568eca4ff8d64b6c87e54255a,3,True,physical_path,29.0,0.0,22.855945956625646,0.0,0.0,22.855945956625646,0.0,0.0,0.0,0.0,0.0,22.855945956625646,0.0,0.0,0.0,0.0,0.0,0.0,0.0,0.0,0.0,0.0,0.0,0.0,22.855945956625646,0.30757779886025466,0.3370775667329629,0.0,29.0,0.0,34.0,0.0,False,False,True,True,True,False,1.0,0
fixed_policy_information_responsiveness,IL_RD,IL,IF,RD,GFW,test_072_8e59fac0e6c8,7e93a48e903b3b29e9cfd61aa6f7d8a149899a2101332226be7e94ab1036b791,3,True,physical_path,29.0,0.0,22.855945956625646,0.0,0.0,22.855945956625646,0.0,0.0,0.0,0.0,0.0,22.855945956625646,0.0,0.0,0.0,0.0,0.0,0.0,0.0,0.0,0.0,0.0,0.0,0.0,22.855945956625646,0.30684206666339237,0.3324848000581066,0.0,29.0,0.0,34.0,0.0,False,False,True,True,True,False,1.0,0
fixed_policy_information_responsiveness,IL_RD,IL,IF,RD,GFW,test_073_69349232969b,98f56d41ffdac696e79f292345c77fd1c847a37b978773ffd2afa3f0e762e364,3,True,physical_path,29.0,0.0,22.855945956625646,0.0,0.0,22.855945956625646,0.0,0.0,0.0,0.0,0.0,22.855945956625646,0.0,0.0,0.0,0.0,0.0,0.0,0.0,0.0,0.0,0.0,0.0,0.0,22.855945956625646,0.30621615517884493,0.3323327999872466,0.0,29.0,0.0,34.0,0.0,False,False,True,True,True,False,1.0,0
fixed_policy_information_responsiveness,IL_RD,IL,IF,RD,GFW,test_074_212affc962e2,7d251f36a1555111a2468d4970c61d10b0c63026c731e32ba65369bfc9953ed2,3,True,physical_path,29.0,0.0,22.855945956625646,0.0,0.0,22.855945956625646,0.0,0.0,0.0,0.0,0.0,22.855945956625646,0.0,0.0,0.0,0.0,0.0,0.0,0.0,0.0,0.0,0.0,0.0,0.0,22.855945956625646,0.30340487586505627,0.3322029000458618,0.0,29.0,0.0,34.0,0.0,False,False,True,True,True,False,1.0,0
fixed_policy_information_responsiveness,IL_RD,IL,IF,RD,GFW,test_075_8de4e41c7ad9,f6e2cc1671f3817f471476cdc0ea3e4c954a82516e22ca96f1df04c71aa23737,3,True,physical_path,29.0,0.0,22.855945956625646,0.0,0.0,22.855945956625646,0.0,0.0,0.0,0.0,0.0,22.855945956625646,0.0,0.0,0.0,0.0,0.0,0.0,0.0,0.0,0.0,0.0,0.0,0.0,22.855945956625646,0.30776142412207846,0.3367137333067755,0.0,29.0,0.0,34.0,0.0,False,False,True,True,True,False,1.0,0
fixed_policy_information_responsiveness,IL_RD,IL,IF,RD,GFW,test_076_48339f21c8ec,853e1b8854e71655bed802e1be24dc8a42971835025d7aa7dbf46c74d675b80a,3,True,physical_path,29.0,0.0,22.855945956625646,0.0,0.0,22.855945956625646,0.0,0.0,0.0,0.0,0.0,22.855945956625646,0.0,0.0,0.0,0.0,0.0,0.0,0.0,0.0,0.0,0.0,0.0,0.0,22.855945956625646,0.307338901147803,0.3342497000315537,0.0,29.0,0.0,34.0,0.0,False,False,True,True,True,False,1.0,0
fixed_policy_information_responsiveness,IL_RD,IL,IF,RD,GFW,test_077_b1f2e84dc844,3406e400e027376c2dbe2fee84527ba3bfe158dccb8dc19847f8c1a5352837e1,3,True,physical_path,29.0,0.0,22.855945956625646,0.0,0.0,22.855945956625646,0.0,0.0,0.0,0.0,0.0,22.855945956625646,0.0,0.0,0.0,0.0,0.0,0.0,0.0,0.0,0.0,0.0,0.0,0.0,22.855945956625646,0.3046505046023548,0.3350264666757236,0.0,29.0,0.0,34.0,0.0,False,False,True,True,True,False,1.0,0
fixed_policy_information_responsiveness,IL_RD,IL,IF,RD,GFW,test_078_367d379a9297,7bade50184dce11fbc666840ca45900919f933cd311c2d8fa880ff6d09435abe,3,True,physical_path,29.0,0.0,22.855945956625646,0.0,0.0,22.855945956625646,0.0,0.0,0.0,0.0,0.0,22.855945956625646,0.0,0.0,0.0,0.0,0.0,0.0,0.0,0.0,0.0,0.0,0.0,0.0,22.855945956625646,0.305940544818817,0.33352783337856334,0.0,29.0,0.0,34.0,0.0,False,False,True,True,True,False,1.0,0
fixed_policy_information_responsiveness,IL_RD,IL,IF,RD,GFW,test_079_bce06ca59758,ff56b6eb3c0d8f48ee02d373f6389dde2a5668b3bacfe1e705a846d1358b242f,3,True,physical_path,29.0,0.0,22.855945956625646,0.0,0.0,22.855945956625646,0.0,0.0,0.0,0.0,0.0,22.855945956625646,0.0,0.0,0.0,0.0,0.0,0.0,0.0,0.0,0.0,0.0,0.0,0.0,22.855945956625646,0.30718826093903645,0.33564913319423795,0.0,29.0,0.0,34.0,0.0,False,False,True,True,True,False,1.0,0
fixed_policy_information_responsiveness,IL_RD,IL,IF,RD,GFW,test_080_e669407a98d7,31e2c2faa0cbb0b52eefc4b81b351cc72890d54a6b3415456f0ffeff79bad4e2,3,True,physical_path,29.0,0.0,22.855945956625646,0.0,0.0,22.855945956625646,0.0,0.0,0.0,0.0,0.0,22.855945956625646,0.0,0.0,0.0,0.0,0.0,0.0,0.0,0.0,0.0,0.0,0.0,0.0,22.855945956625646,0.30737178735756154,0.3351281999299924,0.0,29.0,0.0,34.0,0.0,False,False,True,True,True,False,1.0,0
fixed_policy_information_responsiveness,IL_RD,IL,IF,RD,GFW,test_081_fbbd80304765,e343ae809aeaa214a9c78b7dcdff12843f4529e8d7becf97c29383d1c3a40026,3,True,physical_path,29.0,0.0,22.855945956625646,0.0,0.0,22.855945956625646,0.0,0.0,0.0,0.0,0.0,22.855945956625646,0.0,0.0,0.0,0.0,0.0,0.0,0.0,0.0,0.0,0.0,0.0,0.0,22.855945956625646,0.3059595482900268,0.329902399952213,0.0,29.0,0.0,34.0,0.0,False,False,True,True,True,False,1.0,0
fixed_policy_information_responsiveness,IL_RD,IL,IF,RD,GFW,test_082_2cf496ac3a99,932e9092c3c0d00461792008e4071b3f0a7d7a5addfdd599dafb60c3e4113dc8,3,True,physical_path,29.0,0.0,22.855945956625646,0.0,0.0,22.855945956625646,0.0,0.0,0.0,0.0,0.0,22.855945956625646,0.0,0.0,0.0,0.0,0.0,0.0,0.0,0.0,0.0,0.0,0.0,0.0,22.855945956625646,0.30745629079896825,0.3335058665834367,0.0,29.0,0.0,34.0,0.0,False,False,True,True,True,False,1.0,0
fixed_policy_information_responsiveness,IL_RD,IL,IF,RD,GFW,test_083_4cbdde5f376f,df70ad099e6cd48e1019af4014d77c36a8e26f43c62b1d6ff6cd66f2e969c07f,3,True,physical_path,29.0,0.0,22.855945956625646,0.0,0.0,22.855945956625646,0.0,0.0,0.0,0.0,0.0,22.855945956625646,0.0,0.0,0.0,0.0,0.0,0.0,0.0,0.0,0.0,0.0,0.0,0.0,22.855945956625646,0.3053458482803156,0.33853863334904116,0.0,29.0,0.0,34.0,0.0,False,False,True,True,True,False,1.0,0
fixed_policy_information_responsiveness,IL_RD,IL,IF,RD,GFW,test_084_513eb18f351c,2798b753be095b8d0471e7c935f6bebf4b36419368bd78b20043e405fd99e124,3,True,physical_path,29.0,0.0,22.855945956625646,0.0,0.0,22.855945956625646,0.0,0.0,0.0,0.0,0.0,22.855945956625646,0.0,0.0,0.0,0.0,0.0,0.0,0.0,0.0,0.0,0.0,0.0,0.0,22.855945956625646,0.30503248735384525,0.3345893333510806,0.0,29.0,0.0,34.0,0.0,False,False,True,True,True,False,1.0,0
fixed_policy_information_responsiveness,IL_RD,IL,IF,RD,GFW,test_085_650c50514b66,ff1e33829d663b2a3750ba472b87c501555710e4ba1bac54715e3fc56b55ba71,3,True,physical_path,29.0,0.0,22.855945956625646,0.0,0.0,22.855945956625646,0.0,0.0,0.0,0.0,0.0,22.855945956625646,0.0,0.0,0.0,0.0,0.0,0.0,0.0,0.0,0.0,0.0,0.0,0.0,22.855945956625646,0.306094362073974,0.33702533327353495,0.0,29.0,0.0,34.0,0.0,False,False,True,True,True,False,1.0,0
fixed_policy_information_responsiveness,IL_RD,IL,IF,RD,GFW,test_086_754dc8e1ab0e,976e396241ac3dbe642f7f43c25b34b582453ec030052f6ab05972d97d83ac8c,3,True,physical_path,29.0,0.0,22.855945956625646,0.0,0.0,22.855945956625646,0.0,0.0,0.0,0.0,0.0,22.855945956625646,0.0,0.0,0.0,0.0,0.0,0.0,0.0,0.0,0.0,0.0,0.0,0.0,22.855945956625646,0.30830464137707375,0.33580369991250336,0.0,29.0,0.0,34.0,0.0,False,False,True,True,True,False,1.0,0
fixed_policy_information_responsiveness,IL_RD,IL,IF,RD,GFW,test_087_cbc79ee243dd,a9b51a5432bf4efc78c9df715d30d6e8619d9f7a08be0d0d302672bba5a2b451,3,True,physical_path,29.0,0.0,22.855945956625646,0.0,0.0,22.855945956625646,0.0,0.0,0.0,0.0,0.0,22.855945956625646,0.0,0.0,0.0,0.0,0.0,0.0,0.0,0.0,0.0,0.0,0.0,0.0,22.855945956625646,0.308805150574009,0.33765756664797664,0.0,29.0,0.0,34.0,0.0,False,False,True,True,True,False,1.0,0
fixed_policy_information_responsiveness,IL_RD,IL,IF,RD,GH,test_000_4ae657b9eeec,75ed41740f0c0ea197ff0f6944b61b9920fa00e925068801312b85d79b461d66,3,True,physical_path,29.0,79.0,16358.986053880028,102013.52432682371,0.0,118372.51038070374,8932.031431389221,99557.59224075318,3967.6148670913394,3585.553763292477,1386.7314418046371,942.9866363729017,44.36104498621296,1451.02102147326,8065.25735404307,0.0005676784263573771,188.93347361163742,188.9340412900638,1552.4388333439983,5.298363694951545e-07,79.0,9.190331196940451e-07,0.011921246953504917,3967.602945844386,118372.51038070377,2.11133937126336,4.310967233264819,17.0,12.0,0.0,34.0,79.0,False,False,True,True,True,False,1.0,0
fixed_policy_information_responsiveness,IL_RD,IL,IF,RD,GH,test_001_dde9993de777,b808f465cc0e3fe36a03bec0642f5929d80ca792c9eab50b8a5f7d736e2b2a4a,3,True,physical_path,29.0,79.0,15042.785090998339,107397.89118104246,0.0,122440.6762720408,8332.855752751137,104449.86716309784,4192.3591075320355,3238.6395567992336,1279.5211062105789,947.4335856499739,42.48393110172187,1316.3555228850166,8243.250894203213,0.00045226837458507354,199.63569570934143,199.63614797771598,1498.515971681365,6.885781189037423e-07,79.0,9.492145963258018e-07,0.009497635866286545,4192.34960989617,122440.6762720408,2.0974224138169966,4.432287666636209,17.0,12.0,0.0,34.0,79.0,False,False,True,True,True,False,1.0,0
fixed_policy_information_responsiveness,IL_RD,IL,IF,RD,GH,test_002_f01217ab0e79,24aabe5c62e36a790e477ed18aff5dac1142b7af1d1d88af275176c9d7ea1387,3,True,physical_path,29.0,79.0,15821.367072390787,91701.55833631808,0.0,107522.92540870886,8336.595793030529,90148.30168041121,3571.792894533283,3206.5584036835694,1314.8313235212647,944.8453135289892,41.482025915258134,1302.4711642519035,7452.285437009334,0.0004992463632915955,170.08487668379306,170.08537593015635,1494.2826801509946,4.5518972672700483e-07,79.0,9.810253962940945e-07,0.010484173629123508,3571.782410359654,107522.92540870886,2.12205747817643,4.226016633367787,17.0,12.0,0.0,34.0,79.0,False,False,True,True,True,False,1.0,0
fixed_policy_information_responsiveness,IL_RD,IL,IF,RD,GH,test_003_eb3106001035,0fccfaeb1ade372557c677b5e07cb40e189af0a7e2bbdb2c2978a5d58d41fc2d,3,True,physical_path,29.0,79.0,15712.078971859177,101071.82735526057,0.0,116783.90632711975,8602.164268439365,98551.9323048499,3934.0989293616644,3407.1170860771945,1343.0208320133268,945.5729063782804,43.338668295062114,1379.1463275309354,7949.3460599272175,0.0005380543314709509,187.3375062009859,187.33804425531739,1521.661944737448,5.425811671383763e-07,79.0,9.692180686586885e-07,0.01129914096088997,3934.0876302207034,116783.90632711974,2.1158633287327,4.504701733356342,17.0,12.0,0.0,34.0,79.0,False,False,True,True,True,False,1.0,0
fixed_policy_information_responsiveness,IL_RD,IL,IF,RD,GH,test_004_55a330aff5c4,9a4b0569bbc20b830eb1ee3bb7731626cfbae3f9f8cf1cf45343c7ba4ed58e52,3,True,physical_path,29.0,79.0,15925.502574034124,93255.72633776838,0.0,109181.22891180251,8491.895582967278,91533.03414551828,3626.780336424426,3262.2877839988737,1323.1243685737038,944.1066943199289,42.3310449536273,1348.3823210546973,7552.437804516885,0.0004892321219072225,172.70333631189837,172.70382554402025,1505.7341965153112,5.028525133079367e-07,79.0,9.827294855602833e-07,0.010273874560051674,3626.7700625498655,109181.22891180248,2.0976376000004984,4.502904999923582,17.0,12.0,0.0,34.0,79.0,False,False,True,True,True,False,1.0,0
fixed_policy_information_responsiveness,IL_RD,IL,IF,RD,GH,test_005_981c73a17708,bd46abfec5f078f3c0b19ad420f7d1eec7f2f95d2b406a00ba59ae9d93fc20a4,3,True,physical_path,29.0,79.0,15245.631071695985,99996.85986322374,0.0,115242.49093491973,8315.970293492637,97653.27627076785,3899.4295399883886,3153.896773476951,1273.826973496547,946.091083697339,42.05047269897074,1315.3515464368027,7860.867753570096,0.00041861062984782004,185.68670234119818,185.687120951828,1498.2556102713577,5.462321176540222e-07,79.0,9.828415012324322e-07,0.008790823226804223,3899.420749165162,115242.49093491973,2.1022614011535654,4.325516933264832,17.0,12.0,0.0,34.0,79.0,False,False,True,True,True,False,1.0,0
fixed_policy_information_responsiveness,IL_RD,IL,IF,RD,GH,test_006_daba4b1e9814,75d8e3ad38430229f3cdc728b83652efff820d1f0dd36a5cd061b247917ecdf8,3,True,physical_path,29.0,79.0,15829.949316880558,97886.42074101839,0.0,113716.37005789897,8514.204828645434,95802.64521707558,3812.0810493266545,3318.0177922383336,1325.0035667750565,944.4176038378879,42.7580590693241,1362.7165074489658,7792.88345286132,0.000489632521918489,181.5271793830331,181.527669015555,1507.3869151710094,6.447044009593904e-07,79.0,9.484985088579759e-07,0.010282282960288271,3812.0707670436946,113716.37005789894,2.0893587206875712,4.3620711999634905,17.0,12.0,0.0,34.0,79.0,False,False,True,True,True,False,1.0,0
fixed_policy_information_responsiveness,IL_RD,IL,IF,RD,GH,test_007_925513ee8ec6,957d3dac7377db030d8efcc559a3fc404ec47b9f9427c91498d013d77b53a266,3,True,physical_path,29.0,79.0,18611.727656238392,97173.72508335445,0.0,115785.45273959286,9918.401495522437,95368.34079631996,3751.8614935926585,4242.598541992175,1567.9177310532625,936.3326811123649,47.87009985472999,1695.8896791637662,8031.435694986194,0.0008439202872848168,178.65922720317266,178.66007112345994,1645.9379484717956,5.199126970924915e-07,79.0,9.84379633300064e-07,0.017722326032981153,3751.843771266626,115785.45273959286,2.1274893747176975,4.262998933282991,17.0,12.0,0.0,34.0,79.0,False,False,True,True,True,False,1.0,0
fixed_policy_information_responsiveness,IL_RD,IL,IF,RD,GH,test_008_fabe46a0ea00,0996fbf8c5be056e9a791faf37c1568c2dc3325672b618fb6690495c48960310,3,True,physical_path,29.0,79.0,14758.296987409283,93054.62089156736,0.0,107812.91787897666,7832.61265518687,91294.36270475168,3635.475828015191,2873.753343983246,1228.2596229424769,948.4537240971812,39.777066526366745,1191.2821865050016,7424.058252716842,0.0004065941932943082,173.11748997795868,173.11789657215195,1449.6542140969748,5.504339418633914e-07,79.0,9.101990141898731e-07,0.008538478059180473,3635.467289537132,107812.91787897663,2.0863272850722843,4.257583800004795,17.0,12.0,0.0,34.0,79.0,False,False,True,True,True,False,1.0,0
fixed_policy_information_responsiveness,IL_RD,IL,IF,RD,GH,test_009_c8ef87e47101,03ce056d9504b5b9251870ba36fce4267bfe22fa89f4bd0577a9954153b78ab2,3,True,physical_path,29.0,79.0,14631.704864276706,105588.86258869508,0.0,120220.56745297178,8257.379399256579,102491.56348426991,4116.366609905617,3162.022212326425,1245.7349241256045,947.5008230876629,42.65231043893291,1329.6360103464124,8081.444974695645,0.00039307217569606296,196.01706454237748,196.0174576145532,1473.472813777583,6.674458421545351e-07,79.0,9.517457299473503e-07,0.008254515689617324,4116.358355389927,120220.56745297178,2.0997341563095517,4.6394927999159945,17.0,12.0,0.0,34.0,79.0,False,False,True,True,True,False,1.0,0
fixed_policy_information_responsiveness,IL_RD,IL,IF,RD,GH,test_010_613ab99db82c,8253022823d5a215e2583b996ae67139d72d8adc75a9ea76d7291e805e31f0a2,3,True,physical_path,29.0,79.0,14361.963213469564,90878.90411153635,0.0,105240.86732500592,7643.634870111554,89139.05678627639,3550.321136663604,2727.3590350668237,1171.9650058001578,1008.5304910874161,38.8564403866198,1159.6868738030412,7259.087885398277,0.0003308151394363122,169.062580454556,169.06291126969543,1427.1037182155778,5.258694852194422e-07,79.0,9.594087993520139e-07,0.006947117928162556,3550.314189545676,105240.86732500594,2.08632368161129,4.194906033265094,18.0,11.0,0.0,34.0,79.0,False,False,True,True,True,False,1.0,0
fixed_policy_information_responsiveness,IL_RD,IL,IF,RD,GH,test_011_8a2e74b38d5d,b824165b944fb1d86e7d4136e62bf979a2d34ce44df3cdf01e75a763724ca312,3,True,physical_path,29.0,79.0,15847.68104448481,112996.09131463057,0.0,128843.77235911538,9059.486918892551,109385.47601443021,4393.6830512509305,3699.449188195073,1380.6649304523155,925.012255894307,45.722372868981154,1499.8846632514699,8614.549375027651,0.0005655484245415659,209.222436892096,209.22300244052053,1559.105990287984,6.665895737840983e-07,79.0,9.804380384702404e-07,0.011876516915372884,4393.671174734016,128843.7723591154,2.139512354015619,4.613502066582441,16.666666666666668,12.333333333333334,0.0,34.0,79.0,False,False,True,True,True,False,1.0,0
fixed_policy_information_responsiveness,IL_RD,IL,IF,RD,GH,test_012_b6bdc05b20a7,edeec4d1f91f6f1c3ba0da1aaf276e2980c22cd017c9d346001dbdbeef6561d5,3,True,physical_path,29.0,79.0,16192.724983195983,104772.58541674865,0.0,120965.31039994465,8952.456079333106,102043.23935114079,4073.25168474159,3570.926274472278,1381.842951089885,943.5940591669851,44.70002973385616,1459.377017429818,8223.622829393518,0.0005552237528841224,193.9638107163228,193.96436594007568,1563.819863450478,5.594786754448857e-07,79.0,9.859276777585075e-07,0.011659698810566574,4073.2400250427786,120965.31039994462,2.1265619195430356,4.450251600006595,17.0,12.0,0.0,34.0,79.0,False,False,True,True,True,False,1.0,0
fixed_policy_information_responsiveness,IL_RD,IL,IF,RD,GH,test_013_040653995d85,2a3f86788826a75d0de1d4e0c5a0a4ad5dd4e8f1e00bcf6e5fda30c62147be3e,3,True,physical_path,29.0,79.0,14504.93907537233,87502.42417765968,0.0,102007.36325303199,7655.710526539396,86044.50579205058,3414.824805491961,2766.6543984811665,1178.20427353177,947.4634569371464,39.17108013081613,1182.400891880602,7069.636384381071,0.0003423449050427101,162.61036267852165,162.6107050234267,1407.7121738636135,5.095768618918185e-07,79.0,9.741564051501384e-07,0.007189243005896913,3414.817616248955,102007.36325303203,2.0737679241219773,4.386522099996607,17.0,12.0,0.0,34.0,79.0,False,False,True,True,True,False,1.0,0
fixed_policy_information_responsiveness,IL_RD,IL,IF,RD,GH,test_014_f00647451070,7ad601c322ea2fcf691d98774905f79d0c6933a53f28eeac922ceab084665ca3,3,True,physical_path,29.0,79.0,14749.560251680503,91803.66077126151,0.0,106553.221022942,7865.319593416774,90034.74666205845,3581.2227343470827,2915.9896092430104,1227.7725102415588,928.1699136351876,40.02133105127941,1209.8518533742774,7342.039087637725,0.0004137822005348673,170.53400213908915,170.53441592128968,1440.9156119635438,5.344488760620342e-07,79.0,9.687533443445238e-07,0.008689426211232214,3581.2140449208714,106553.22102294206,2.102401766674486,4.401889266756673,16.666666666666668,12.333333333333334,0.0,34.0,79.0,False,False,True,True,True,False,1.0,0
fixed_policy_information_responsiveness,IL_RD,IL,IF,RD,GH,test_015_643a837775f9,0bdb5da5c9f39a1f5f16016cd38cb9bd2d3650ade00801bf72abf1b5c1ef2fe9,3,True,physical_path,29.0,79.0,18586.64042646941,108765.18933545338,0.0,127351.82976192278,10310.501821194908,105757.996992076,4200.999168428402,4526.202881165493,1618.9091659103958,937.2197331475751,49.89886147997614,1787.2979372400607,8648.655356813035,0.0009653530205890893,200.04661409595096,200.04757944897156,1686.1699299758122,5.710293954245758e-07,79.0,9.529608635591656e-07,0.020272413432370875,4200.97889601497,127351.82976192278,2.1501603517199643,4.389340199918176,17.0,12.0,0.0,34.0,79.0,False,False,True,True,True,False,1.0,0
fixed_policy_information_responsiveness,IL_RD,IL,IF,RD,GH,test_016_45a90ccef8bd,5d3ce39b508a4ccb3e9dcf8f61989ac456296e3755e7ad04d31e21895bc1ec7a,3,True,physical_path,29.0,79.0,16053.905696976382,108769.49411625585,0.0,124823.39981323223,9108.301275372176,105431.25950079884,4223.749000818746,3719.293392093072,1396.8970232713073,943.8996208780787,45.72097274933187,1508.011789608504,8397.500118130049,0.000582461993032833,201.13032233889962,201.13090480089264,1565.5739262288296,5.688045435387546e-07,79.0,9.926269224278417e-07,0.012231701853689492,4223.736769116892,124823.39981323223,2.1377308069134195,4.481979199995597,17.0,12.0,0.0,34.0,79.0,False,False,True,True,True,False,1.0,0
fixed_policy_information_responsiveness,IL_RD,IL,IF,RD,GH,test_017_ebd333a3cdba,a3c85008563f8c8c015d326ebf96d911a84dfa810c1806a6610330bd74827e2b,3,True,physical_path,29.0,79.0,16201.327290008447,98882.78543760383,0.0,115084.11272761227,8755.985097769697,96732.05556758495,3847.0660041821116,3449.9291519677595,1355.6188788842062,943.4580272235526,43.71754273141405,1421.377807235226,7877.0529289148435,0.0005075598217663537,183.1931116869454,183.19361924676718,1530.6790720570527,6.222342161838365e-07,79.0,9.386205865858233e-07,0.010658756257093427,3847.055345425854,115084.11272761227,2.1138954770044776,4.267903400041784,17.0,12.0,0.0,34.0,79.0,False,False,True,True,True,False,1.0,0
fixed_policy_information_responsiveness,IL_RD,IL,IF,RD,GH,test_018_9466cee538c9,86253eb5a2d091cc16d1f9a3a320e171c30977628d47b9c2faefafd18ea0aa0d,3,True,physical_path,29.0,79.0,16595.961185586646,99096.25314032845,0.0,115692.21432591509,9063.61837045066,96675.92054901442,3844.6174205601505,3691.2436665979626,1414.7235325716572,1002.0907867202486,44.81845625408517,1483.685088221485,7911.9360889393465,0.000623742219680827,183.07639628445415,183.07702002667384,1564.5860213391634,5.135300002946223e-07,79.0,9.837991815824596e-07,0.013098586613297367,3844.604321973537,115692.21432591509,2.1408060919600485,4.398297433353339,18.0,11.0,0.0,34.0,79.0,False,False,True,True,True,False,1.0,0
fixed_policy_information_responsiveness,IL_RD,IL,IF,RD,GH,test_019_9d2b7462a57a,e3686a781bf5d9cc8a1a95f6cfee4adb410e97762f9815f7f575cd1c7c688f06,3,True,physical_path,29.0,79.0,17452.984974785126,98509.94965442113,0.0,115962.93462920627,9509.653479648407,96213.59208840785,3806.3639975524407,4008.633398260325,1485.54443866173,939.1472266755169,46.93248483219193,1619.5582026256416,7968.556875858448,0.000716255917229795,181.2547121989609,181.2554284548781,1593.011524461838,5.764866145388494e-07,79.0,9.70490559256566e-07,0.015041374261825696,3806.348956178179,115962.93462920627,2.119822978146438,4.495373899970825,17.0,12.0,0.0,34.0,79.0,False,False,True,True,True,False,1.0,0
fixed_policy_information_responsiveness,IL_RD,IL,IF,RD,GH,test_020_701c8d28bc45,64a6b03bce01c1a89c724a633f63003ecd11109f06a7e37ec1b0cd196da48626,3,True,physical_path,29.0,79.0,16311.833312656556,104718.85877293251,0.0,121030.6920855891,9102.015015533383,101796.53231296224,4066.1686330963325,3714.9993947764256,1407.7764193728735,943.2003098477929,45.42916897014911,1503.2043197455544,8194.8455548666,0.0006008316268397656,193.6264769348652,193.62707776649202,1563.336299069574,5.048994609393948e-07,79.0,9.743045772790428e-07,0.012617464163635074,4066.156015632169,121030.69208558905,2.1388725632154006,4.387532066709052,17.0,12.0,0.0,34.0,79.0,False,False,True,True,True,False,1.0,0
fixed_policy_information_responsiveness,IL_RD,IL,IF,RD,GH,test_021_69299bc5d0bf,6e755751a4e65a356d16122e1fe19db7f245d1323155a143f838c95d128bde6f,3,True,physical_path,29.0,79.0,15941.235084832066,94607.59996596177,0.0,110548.83505079383,8464.255492939597,92852.2122436877,3684.4733672994516,3278.031409568432,1325.5998218323082,944.2627154663378,42.185252220085864,1338.9678295162878,7628.4847379840285,0.0004979869633019486,175.45061474158203,175.45111272854533,1506.4824904157229,5.448903950788007e-07,79.0,9.769357154481674e-07,0.01045772622934092,3684.462909573222,110548.83505079383,2.110310777018232,4.2551124333404005,17.0,12.0,0.0,34.0,79.0,False,False,True,True,True,False,1.0,0
fixed_policy_information_responsiveness,IL_RD,IL,IF,RD,GH,test_022_1b3e72c80b5f,206d3dd2f49133cdef746f58bc516b176cdbc2a51f7ebbbc523df6455ae5b53c,3,True,physical_path,29.0,79.0,16463.14560449157,92640.68120319973,0.0,109103.8268076913,8696.968404520456,91072.87386625784,3598.9322141955618,3421.2487024059824,1370.9904282549141,942.813192056516,42.97969734740533,1389.350987292113,7585.831844781988,0.0005547425625069884,171.37716974294042,171.3777244855029,1536.4798795609784,5.025169701560316e-07,79.0,9.595549831809143e-07,0.011649593812646755,3598.9205646017485,109103.82680769125,2.0982276011558096,4.261378566501662,17.0,12.0,0.0,34.0,79.0,False,False,True,True,True,False,1.0,0
fixed_policy_information_responsiveness,IL_RD,IL,IF,RD,GH,test_023_90a8af416c5a,6f307309d3320cf90229ccbd42690532f83de1f86a41507c5e6229792230343f,3,True,physical_path,29.0,79.0,17028.262680962154,100784.45902943575,0.0,117812.7217103979,9365.53670640449,98207.67181009332,3902.0569780803544,3935.4972628151613,1460.119917586753,941.8390354177831,46.75868804722188,1597.1616429074081,8031.3709699015735,0.0006973226278784705,185.81153972881756,185.81223705144544,1577.4026585764886,6.43289778896331e-07,79.0,9.710278325202418e-07,0.014643775185447882,3902.0423343051684,117812.72171039786,1.987136432178447,3.9455953332750746,17.0,12.0,0.0,34.0,79.0,False,False,True,True,True,False,1.0,0
fixed_policy_information_responsiveness,IL_RD,IL,IF,RD,GH,test_024_e90f261f99e2,a2217a451505b72ecffb15b706f82fa13dd02e5246239352e71c874c3e2b909b,3,True,physical_path,29.0,79.0,15382.195663422193,103594.57639866024,0.0,118976.77206208243,8611.720614460297,100683.59599571915,4031.817810260069,3387.0902554510176,1316.789469783448,945.757916408413,43.625607324146756,1393.6388330187656,8037.310630982109,0.00046755220340173115,191.99085674589514,191.99132429809856,1513.7910036910346,5.702238968644662e-07,79.0,9.827442405537026e-07,0.009818596271436353,4031.807991663798,118976.77206208241,2.1026039482709877,4.395141799934208,17.0,12.0,0.0,34.0,79.0,False,False,True,True,True,False,1.0,0
fixed_policy_information_responsiveness,IL_RD,IL,IF,RD,GH,test_025_0c3eeaae0824,481de4be35a821cd093f24ffad7eca6efe30e96f4cd9848aff621fcb70d542fd,3,True,physical_path,29.0,79.0,15589.987318081092,102837.30181857084,0.0,118427.28913665195,8487.34936171963,100388.54647322033,4006.0385113998473,3291.201561925849,1308.9664693262428,945.1867590600401,42.8562464968356,1351.4211858062838,8075.976844834241,0.0004852945608400875,190.76325334352714,190.76373863808797,1522.1552783202417,6.85160008671157e-07,79.0,9.51443710029114e-07,0.010191185777641838,4006.0283202140695,118427.2891366519,2.1048926747264876,4.386385266591485,17.0,12.0,0.0,34.0,79.0,False,False,True,True,True,False,1.0,0
fixed_policy_information_responsiveness,IL_RD,IL,IF,RD,GH,test_026_770d47ae1768,0f2bea7027db9d8baf45b68efc718379be3d8148c45feaa470d4d0623fef3f41,3,True,physical_path,29.0,79.0,15163.290096979748,111962.99743155825,0.0,127126.28752853801,8605.157310908553,108467.52241944347,4364.78663956371,3438.3748008643634,1303.4330706068065,947.0132871510859,43.70519112771274,1388.0932598933603,8483.97111417767,0.0004650303232470241,207.84651780604395,207.84698283636715,1511.9982462410355,7.149314108445529e-07,79.0,9.496127115051011e-07,0.009765636788187506,4364.776873926922,127126.28752853799,2.1090929712725526,4.514336200120549,17.0,12.0,0.0,34.0,79.0,False,False,True,True,True,False,1.0,0
fixed_policy_information_responsiveness,IL_RD,IL,IF,RD,GH,test_027_df5d670513fa,81fd0061cbc1e7018bd5b9eb1239ce1515bc6cbada40b12f82000eb260b5e055,3,True,physical_path,29.0,79.0,16151.1931884514,95612.8399299847,0.0,111764.03311843611,8609.46157709771,93778.53601447975,3719.93427688131,3364.418244081109,1347.9825117096427,943.7004941865615,42.747545313971706,1369.2040942447647,7714.659970026274,0.0005302787228585837,177.1391971918157,177.13972747053856,1525.615453042369,4.911700333256202e-07,79.0,9.636093113300864e-07,0.011135853180030257,3719.9231410281295,111764.0331184361,2.116864322984441,4.407176733327408,17.0,12.0,0.0,34.0,79.0,False,False,True,True,True,False,1.0,0
fixed_policy_information_responsiveness,IL_RD,IL,IF,RD,GH,test_028_e9fb02365dd3,5d802ed0aa2ed1e79c8a0eb81c45c7d2acaad5c313db1e25b12244cb5da1a3f1,3,True,physical_path,29.0,79.0,14882.622036305882,93648.23004140488,0.0,108530.85207771078,7912.448653091223,91829.99069562207,3656.4356134365094,2946.8353097366926,1237.2890663182436,947.8527395060486,39.936377512399616,1203.5272226416535,7464.27513036719,0.00041517282094969484,174.11556641939376,174.1159815922147,1449.0405029078868,4.966458860785832e-07,79.0,9.333453813014229e-07,0.008718629239943591,3656.426894807269,108530.85207771078,2.082471962057418,4.256701233408724,17.0,12.0,0.0,34.0,79.0,False,False,True,True,True,False,1.0,0
fixed_policy_information_responsiveness,IL_RD,IL,IF,RD,GH,test_029_b44f60718c5a,864fc5477a80617dcd1dfd105218334b6714ff3283b58095987765279672cc93,3,True,physical_path,29.0,79.0,14562.866892350321,99984.52922196954,0.0,114547.39611431985,8005.11769148369,97422.47175399098,3903.668181635488,2987.293620285321,1220.654825956473,1008.1900409679052,40.74849529745314,1239.9751744037,7771.8995641338115,0.00037997535471285805,185.8885810549066,185.88896103026136,1464.164526229495,5.899089341170802e-07,79.0,9.644490533003386e-07,0.007979482448970019,3903.6602021530393,114547.39611431987,2.1136529976957017,4.35725609996977,18.0,11.0,0.0,34.0,79.0,False,False,True,True,True,False,1.0,0
fixed_policy_information_responsiveness,IL_RD,IL,IF,RD,GH,test_030_038f4c53d11f,c289c0180e19d4efe38d6fb3cf749dc58fb2fc82a28248babf37eba4d050247c,3,True,physical_path,29.0,79.0,15788.035116836914,94109.2844716295,0.0,109897.31958846642,8398.872461132034,92314.90081175324,3665.966876125946,3257.657082987116,1315.3688650582,944.5534914098711,42.145443089000345,1336.1832731436762,7569.913750088245,0.0004916228197773914,174.56935962127292,174.56985124409266,1493.5945112683478,5.592950450559143e-07,79.0,9.272292351863269e-07,0.010324079215325221,3665.956552046731,109897.31958846639,2.1042146287141263,4.14246593338127,17.0,12.0,0.0,34.0,79.0,False,False,True,True,True,False,1.0,0
fixed_policy_information_responsiveness,IL_RD,IL,IF,RD,GH,test_031_0a6ff70351b5,66453c50834fa3dcd176a36c69c2cd344e4023d8d34a02e0efe688cf2781c3f9,3,True,physical_path,29.0,79.0,14789.889296957122,99529.62998786081,0.0,114319.51928481793,8071.423559096757,97183.2900540441,3887.8599148549897,2993.033009999685,1236.0437608231757,947.868985999231,41.00299147201164,1252.1810748122255,7776.988242088756,0.00038178578138980176,185.13580463588474,185.13618642166617,1466.96245688595,5.412870199639552e-07,79.0,9.492920368423819e-07,0.008017501409185838,3887.8518973535806,114319.51928481793,2.1090137804564004,4.436193633358926,17.0,12.0,0.0,34.0,79.0,False,False,True,True,True,False,1.0,0
fixed_policy_information_responsiveness,IL_RD,IL,IF,RD,GH,test_032_efdf826e6bc3,f68d8f9fe8ed71a08598d0d2dbfcc8624aee20f294eb03c5d0d1b47b192231a8,3,True,physical_path,29.0,79.0,16507.30578233067,99463.36796792706,0.0,115970.67375025772,8965.074735333246,97183.14863738282,3861.8731357506535,3590.315235321303,1388.8156682996498,981.4463381700493,44.3539002171685,1464.1958469456442,7950.5532813072905,0.0005661813492959284,183.89815456868186,183.89872075003112,1555.6578995159878,5.593632112327221e-07,79.0,9.323432595029531e-07,0.011889808335214497,3861.8612459423184,115970.67375025775,2.1205399896435697,4.459766033338383,17.666666666666668,11.333333333333334,0.0,34.0,79.0,False,False,True,True,True,False,1.0,0
fixed_policy_information_responsiveness,IL_RD,IL,IF,RD,GH,test_033_de0c441dba67,7ec9546050ec128248d8d481b870b6380d6ca6d723d82627518325ffbdc72f3a,3,True,physical_path,29.0,79.0,15919.604232838266,103617.15726863482,0.0,119536.7615014731,8794.866620487725,100896.05945120328,4031.2814946439375,3481.8637123075096,1349.2881160390136,983.4021067916169,43.92003600814959,1423.9757171547924,8106.062089295029,0.0005146764426203013,191.96527078279254,191.96578545923512,1535.7163293919793,5.840644525555034e-07,79.0,9.740463829697964e-07,0.01080820529502633,4031.270686438643,119536.7615014731,2.1288302045973855,4.3463592999614775,17.666666666666668,11.333333333333334,0.0,34.0,79.0,False,False,True,True,True,False,1.0,0
fixed_policy_information_responsiveness,IL_RD,IL,IF,RD,GH,test_034_a00d80b83640,0f4bc5cfced121212348bbd1013ec4964294f487da2bfeef2082f3134c966878,3,True,physical_path,29.0,79.0,15618.009856121673,103637.75391402356,0.0,119255.76377014523,8613.997172045712,100925.0639106214,4035.188895471844,3402.351939476774,1333.4230773735922,945.7387751559022,43.3774644494032,1378.0773264653344,8087.8073765953895,0.0005093211692361982,192.15134284415663,192.15185216532586,1522.6302740564477,5.907882976950255e-07,79.0,9.801772608120355e-07,0.010695744553960163,4035.1781997272897,119255.7637701452,2.114319526443215,4.470745533316706,17.0,12.0,0.0,34.0,79.0,False,False,True,True,True,False,1.0,0
fixed_policy_information_responsiveness,IL_RD,IL,IF,RD,GH,test_035_51fd398978b7,b6fa16487d60759605dd86ad9e174dcae5c07eba9b0e4a208e41547329603d50,3,True,physical_path,29.0,79.0,14770.90122717001,97146.02755874001,0.0,111916.92878591003,7994.727263734974,94981.72632800741,3791.836573527426,2969.492647433952,1231.350426855068,947.7955463512329,40.79768994534248,1243.0969205588256,7649.628967567289,0.0003925076443709406,180.5632538508045,180.56364635844886,1456.9346024437134,6.25225587861775e-07,79.0,9.343589782967898e-07,0.008242660531789753,3791.8283308668942,111916.92878591006,2.0996702448331117,4.377546633438517,17.0,12.0,0.0,34.0,79.0,False,False,True,True,True,False,1.0,0
fixed_policy_information_responsiveness,IL_RD,IL,IF,RD,GH,test_036_7eb6ac1ca077,835e8a13ce793ee0d4c8d1922e6d12f857b647d3db30f415b92ebcca10cb9554,3,True,physical_path,29.0,79.0,15592.458836807462,98915.3640560829,0.0,114507.82289289036,8516.160852771945,96538.04244381042,3850.4685326898075,3317.520143854899,1301.5743333735963,984.0565863896874,42.63149833586902,1364.1388243162003,7804.028607730394,0.0004379640285181562,183.35520644977183,183.35564441380038,1502.9888216265042,5.57413121968267e-07,79.0,9.742692461245399e-07,0.00919724459888128,3850.4593354452086,114507.82289289036,2.1172734252980043,4.426688833395019,17.666666666666668,11.333333333333334,0.0,34.0,79.0,False,False,True,True,True,False,1.0,0
fixed_policy_information_responsiveness,IL_RD,IL,IF,RD,GH,test_037_f096257ecaa4,0504d3553dd1b04e2daf266d9385ecec583ac5ee5143240ec48390c3637711cc,3,True,physical_path,29.0,79.0,18975.34056727117,100221.75297178922,0.0,119197.09353906038,10321.240297565368,97926.87782877631,3856.9840725604954,4529.214295651266,1627.4173239670145,935.3597205399557,49.56542575293139,1791.7647771889806,8223.566362199452,0.0009690410098908462,183.66493917615654,183.66590821716645,1682.6401550425587,4.748397074378513e-07,79.0,9.650531471895158e-07,0.02034986120770777,3856.9637226992877,119197.0935390604,2.1559379896598645,4.481709733372554,17.0,12.0,0.0,34.0,79.0,False,False,True,True,True,False,1.0,0
fixed_policy_information_responsiveness,IL_RD,IL,IF,RD,GH,test_038_b05abc6e01b3,d70904feaac93846beafd0d4f452a87f57385097244d4e0d5b2934e20eff821f,3,True,physical_path,29.0,79.0,16474.690253253502,98937.85819183006,0.0,115412.54844508355,9082.8676208119,96416.48881245569,3833.2566663749053,3734.5883193202894,1402.5031709488183,942.8438551719328,45.58193479413985,1530.555232111543,7872.155531237917,0.0005938154682245184,182.53543791667013,182.53603173213835,1545.541593660473,5.54991801901129e-07,79.0,9.390579945928747e-07,0.012470124832714887,3833.2441962500725,115412.54844508355,1.9844082827711926,4.236211799938853,17.0,12.0,0.0,34.0,79.0,False,False,True,True,True,False,1.0,0
fixed_policy_information_responsiveness,IL_RD,IL,IF,RD,GH,test_039_9c0d1ebe6c19,a764716cc7f8aeab39c2c2f073ba3bf25b0853e49b15690e7a526a3355477947,3,True,physical_path,29.0,79.0,15433.511240949034,103495.69949252925,0.0,118929.21073347826,8556.026306163258,100758.43854330317,4031.7008422712424,3335.3032022053335,1302.3855400804225,945.3562994548676,43.35239998197297,1385.6268671846174,8045.099602909599,0.0004358118514289812,191.98531858201727,191.9857543938687,1503.6187030308467,6.216498761459315e-07,79.0,9.811339320428405e-07,0.009152048880008605,4031.6916902223625,118929.21073347826,2.097994317257798,4.513619833393022,17.0,12.0,0.0,34.0,79.0,False,False,True,True,True,False,1.0,0
fixed_policy_information_responsiveness,IL_RD,IL,IF,RD,GH,test_040_11a8950c659e,ce3f9b7a7902becf4bdfbdd9494b3f00f7d8b741e45d94aec742b61d96ed6b99,3,True,physical_path,29.0,79.0,14810.18230602416,97407.20088271453,0.0,112217.3831887387,8091.717949371937,95073.10277773549,3797.016364462324,3064.7600739965405,1243.7680294664308,947.0179937060184,41.627156372165466,1288.831783889373,7646.828310749587,0.00041798355772519933,180.80988508607675,180.81030306963444,1457.4646617825176,6.461048171095439e-07,79.0,9.666953461878076e-07,0.008777654712229186,3797.0075868076115,112217.38318873872,2.0876082528741153,4.295858533276866,17.0,12.0,0.0,34.0,79.0,False,False,True,True,True,False,1.0,0
fixed_policy_information_responsiveness,IL_RD,IL,IF,RD,GH,test_041_e58f21dcc209,20e0bcb4b669443da2e153571c054142078f1a87cfd8564b8fb31b4d19884070,3,True,physical_path,29.0,79.0,15814.02370251942,103661.66968853313,0.0,119475.69339105254,8643.848531958958,101118.07303601418,4040.1837416999665,3392.2221107269165,1336.4829049393447,944.8830657132088,43.36410574787274,1383.680327935045,8116.704647864011,0.000506560391620093,192.38919542532108,192.3897019857127,1529.813983734621,5.867420287095716e-07,79.0,9.635668303157556e-07,0.01063776822402195,4040.173103931742,119475.69339105258,2.122458965520257,4.4842585334554315,17.0,12.0,0.0,34.0,79.0,False,False,True,True,True,False,1.0,0
fixed_policy_information_responsiveness,IL_RD,IL,IF,RD,GH,test_042_a77d2ece213a,50867af1413e5b1f4a57b100697daff06a7a7ddbbedf8273b0f515bdaa98e6d9,3,True,physical_path,29.0,79.0,13891.99775968752,99907.12230472353,0.0,113799.12006441106,7638.959285272086,97385.22581442275,3908.467493932032,2768.2225263624373,1148.58983610996,949.6551083118094,39.754228071875936,1180.4011641918833,7700.545021946577,0.0003058092115828211,186.11719390183757,186.11749971104913,1412.6181931408864,6.250977914440429e-07,79.0,9.787248566808902e-07,0.006421993443239241,3908.4610719385887,113799.12006441108,2.0690933080502494,4.347913466626778,17.0,12.0,0.0,34.0,79.0,False,False,True,True,True,False,1.0,0
fixed_policy_information_responsiveness,IL_RD,IL,IF,RD,GH,test_043_f1174106175c,e1c05921a15b70c43f0abce37906cec0d00142a1459fb9059ceffadf5f4c1ace,3,True,physical_path,29.0,79.0,18175.792062409935,93471.48619450313,0.0,111647.27825691306,9586.834638511164,91985.6259418854,3612.0932216272618,4004.847731986895,1520.5903858459415,937.286337056385,46.415251681376695,1609.6479379030677,7799.07946369558,0.000769154121875705,172.00366997098584,172.00443912510772,1617.4745781818904,4.964151393449475e-07,79.0,9.895134145749318e-07,0.016152236559389802,3612.077069390703,111647.27825691302,2.128073480448568,4.340614999954899,17.0,12.0,0.0,34.0,79.0,False,False,True,True,True,False,1.0,0
fixed_policy_information_responsiveness,IL_RD,IL,IF,RD,GH,test_044_ed401c94714a,cdd3e3788096b9dacb2df0d0b62a1cb28d51b122523dcf031887b030038a9f0b,3,True,physical_path,29.0,79.0,14949.215457733078,101594.55331487482,0.0,116543.7687726079,8151.12346504839,99146.70708214556,3966.232891469703,3076.332858359822,1256.031202811897,947.3412727725241,41.48744214837667,1273.3170207581668,7918.33685121486,0.00041747834249279263,188.86781544878625,188.8682329271288,1477.9937992089992,6.615492799086343e-07,79.0,9.96643493490631e-07,0.008767045192348645,3966.224124424511,116543.7687726079,2.0966310551652323,4.4045399999401225,17.0,12.0,0.0,34.0,79.0,False,False,True,True,True,False,1.0,0
fixed_policy_information_responsiveness,IL_RD,IL,IF,RD,GH,test_045_af7d3f616c1d,0760d304a5c54d302e032eaa6ef8974da5965cac272efb3a66af257287e72ea4,3,True,physical_path,29.0,79.0,16054.319377564874,103477.22529439942,0.0,119531.5446719643,8788.633057290404,100925.77220804372,4027.2276559912084,3488.6627143487253,1356.9543136371406,944.2947226530778,43.843308925290366,1414.6534568004365,8131.328544638648,0.0005177903824595455,191.7722277330084,191.77274552339088,1538.096638830027,6.081368166602553e-07,79.0,9.695738867961378e-07,0.010873598031650458,4027.2167823931763,119531.5446719643,2.1196536471606926,4.372954166649531,17.0,12.0,0.0,34.0,79.0,False,False,True,True,True,False,1.0,0
fixed_policy_information_responsiveness,IL_RD,IL,IF,RD,GH,test_046_e35b743e6617,c0048e37b8520d7bfa898229e339686779b407fa7d2b062c359012d56267e7ec,3,True,physical_path,29.0,79.0,15603.208047572529,105655.97609221934,0.0,121259.18413979186,8593.205086164724,102893.76816771494,4119.199565245814,3377.880008961309,1329.2929148484525,945.8383968566131,43.3107342852683,1370.6185167176366,8204.634052394618,0.0005017576442441324,196.1518584921564,196.15236024980064,1524.1990270307133,6.459690091009761e-07,79.0,9.771842040209677e-07,0.01053691052912678,4119.189028335284,121259.18413979186,2.127708629897699,4.524718466602887,17.0,12.0,0.0,34.0,79.0,False,False,True,True,True,False,1.0,0
fixed_policy_information_responsiveness,IL_RD,IL,IF,RD,GH,test_047_20c1f89391c1,f2130b5fd299cb2fd05ecda0fd2c152640207395401d37a5f1e7253bbd0a35d8,3,True,physical_path,29.0,79.0,15373.402332011994,111576.85291880007,0.0,126950.25525081206,8734.081814266096,108098.73823412923,4347.936187189475,3493.385349739318,1329.9910328746175,946.1226326133216,44.217343791462206,1411.0937566297368,8481.595537318584,0.00048545757389493365,207.04409488478208,207.04458034235594,1527.4337725646399,6.502035539964941e-07,79.0,9.925161692354666e-07,0.010194609051793606,4347.925992580423,126950.25525081204,2.1081780793396865,4.435724233277142,17.0,12.0,0.0,34.0,79.0,False,False,True,True,True,False,1.0,0
fixed_policy_information_responsiveness,IL_RD,IL,IF,RD,GH,test_048_eeaf6a6a0a15,ebcee93a99cde79ceee231d38070645a6f701ecc4eb97b1e8abf3b74f65be4df,3,True,physical_path,29.0,79.0,15324.411413576381,103591.5306888998,0.0,118915.9421024762,8612.334258678171,100594.20869339426,4028.697188118805,3418.4834830529994,1316.8176826290935,945.4007966028403,44.03414498750973,1415.3951031663719,8013.265332948194,0.0004899688802887787,191.8422332748723,191.8427232437526,1502.0060855491204,6.378774414765034e-07,79.0,9.924431816187792e-07,0.010289346486064353,4028.6868987723187,118915.94210247618,2.091099132181563,4.431756700001036,17.0,12.0,0.0,34.0,79.0,False,False,True,True,True,False,1.0,0
fixed_policy_information_responsiveness,IL_RD,IL,IF,RD,GH,test_049_343da3774e7e,c214ac02e921d1ab893b808c39160612ee2c6e853c942be7eb6c6df35facccd4,3,True,physical_path,29.0,79.0,15215.865297271876,89238.78999926453,0.0,104454.65529653641,7997.261219385,87750.64146907796,3479.230171497064,2983.5775561085916,1238.6949155425443,1005.2499649251931,40.02007181151999,1237.7869459931296,7255.94002284747,0.0003990386691013752,165.6772281754768,165.6776272141459,1464.3028796061692,4.456090446986409e-07,79.0,9.92916034512785e-07,0.00837981205112888,3479.221791685013,104454.65529653635,2.0931022873458764,4.299030099995434,18.0,11.0,0.0,34.0,79.0,False,False,True,True,True,False,1.0,0
fixed_policy_information_responsiveness,IL_RD,IL,IF,RD,GH,test_050_1c7612d8bc63,ca36b4544ddd266e5e7dac2cbd5076e4b80860d23b0cfeba892432607eb1c108,3,True,physical_path,29.0,79.0,14442.799819653903,94612.1973173365,0.0,109054.99713699038,7758.3498896842275,92602.80793501118,3697.668685511197,2811.930408456961,1176.8243813582383,1007.4158369685598,39.615554051853245,1196.940124146152,7457.942871891965,0.0003278599140087389,176.0791333549049,176.07946121481893,1425.2372756221328,6.364826814855898e-07,79.0,9.906583543484416e-07,0.006885058194183517,3697.6618004530033,109054.99713699038,2.064213644820212,4.207033833411212,18.0,11.0,0.0,34.0,79.0,False,False,True,True,True,False,1.0,0
fixed_policy_information_responsiveness,IL_RD,IL,IF,RD,GH,test_051_5747c87e6d9a,e6daf165b6654b82650b4110a9d37185e59752e103161fa9379474087ef82a6e,3,True,physical_path,29.0,79.0,14006.432940223696,93146.33574055514,0.0,107152.76868077884,7607.891590237537,91063.98378571564,3639.9231976233173,2768.016707126282,1161.1457113865606,911.8076886895188,39.272949041881,1171.201477033286,7313.635292924756,0.0003258048487546499,173.32935027245207,173.32967607730083,1401.529895553834,4.806293036903219e-07,79.0,9.400115834159865e-07,0.006841901823847647,3639.916355721494,107152.76868077884,1.9443152563046964,4.098321933376913,16.333333333333332,12.666666666666666,0.0,34.0,79.0,False,False,True,True,True,False,1.0,0
fixed_policy_information_responsiveness,IL_RD,IL,IF,RD,GH,test_052_9760565f31de,6035569faeed384797542e22427b98096943350bd372d90adabb2f7b8bd83c2d,3,True,physical_path,29.0,79.0,16284.774680966775,96276.65389265574,0.0,112561.42857362253,8787.439787401157,94221.97945008885,3738.785534197283,3498.4532317815792,1371.7579515451346,943.0126186085486,43.74904966928043,1425.72107294528,7740.604368217304,0.0005613551033547551,178.0368450352435,178.03740639034686,1530.6604012437638,5.176069637384662e-07,79.0,9.761925356163016e-07,0.011788457170449856,3738.773745740113,112561.42857362254,2.125186203457094,4.445323566595714,17.0,12.0,0.0,34.0,79.0,False,False,True,True,True,False,1.0,0
fixed_policy_information_responsiveness,IL_RD,IL,IF,RD,GH,test_053_4473e6f72168,17a3df2ca591ed3526e75386d9ef68be536d2e20274236e9f585e3eab4517305,3,True,physical_path,29.0,79.0,15882.88224408267,96016.8419316649,0.0,111899.72417574756,8674.322419320999,93764.65173257461,3728.3497103103564,3446.172547082058,1342.2114408845134,944.0163255750598,43.5092238625447,1409.914392256582,7662.717813078057,0.0004978413617154385,177.5399645543695,177.54046239573123,1514.874849322916,4.786543539701703e-07,79.0,9.798942946249589e-07,0.010454668596024208,3728.33925564176,111899.72417574759,2.114156402286206,4.446744866591568,17.0,12.0,0.0,34.0,79.0,False,False,True,True,True,False,1.0,0
fixed_policy_information_responsiveness,IL_RD,IL,IF,RD,GH,test_054_c66f0b1dacc4,41d8a5d8d4cfcde283bef35c1b2d5ce97e39ebb3c2113f99f8fd9b7941330476,3,True,physical_path,29.0,79.0,15015.059932477874,105963.67433271637,0.0,120978.73426519423,8305.932706431593,103133.3043573285,4137.123148705456,3186.173483940318,1268.9609640620954,947.2396047262828,42.17394345344265,1305.3713490566513,8162.214670568329,0.00042001975884798753,197.0054442043105,197.0058642240693,1493.3164576603206,6.189432096104581e-07,79.0,9.830535442360026e-07,0.008820414935807737,4137.1143282905205,120978.73426519423,2.1013543344820023,4.411415366688743,17.0,12.0,0.0,34.0,79.0,False,False,True,True,True,False,1.0,0
fixed_policy_information_responsiveness,IL_RD,IL,IF,RD,GH,test_055_f90330578051,e326898d13671d058e9870b749033db5deaedc7911ad667ec11d6318f5e5b833,3,True,physical_path,29.0,79.0,16448.791348647632,107872.85320728511,0.0,124321.64455593273,9258.264293372995,104722.98497598298,4186.237089125217,3797.9096458139466,1413.681703292974,942.5668483446261,46.19405220056265,1548.1954693162334,8385.654309881673,0.0005733061630032489,199.34404998551403,199.34462329167704,1573.6127818050438,6.306249603527773e-07,79.0,9.824135176277816e-07,0.012039429423068225,4186.225049695794,124321.64455593273,2.1251204839061906,4.4004265666008,17.0,12.0,0.0,34.0,79.0,False,False,True,True,True,False,1.0,0
fixed_policy_information_responsiveness,IL_RD,IL,IF,RD,GH,test_056_b2c64046cef9,b502bb540057ea09101e5a92cf118d4c56c5e877b089e5a6174a0c5376124a73,3,True,physical_path,29.0,79.0,15357.754260268586,94685.99659752722,0.0,110043.7508577958,8271.270373696492,92671.57336068015,3689.4596849465156,3137.1960048016463,1269.3488632099316,1004.9025704610807,41.435006098907785,1304.6805811111685,7554.722387672125,0.00041411719763400213,175.68814230882688,175.68855642602452,1483.314316382579,5.328028340160415e-07,79.0,9.784359949159636e-07,0.008696461150314045,3689.450988485365,110043.75085779582,2.079550973559869,4.181270333239809,18.0,11.0,0.0,34.0,79.0,False,False,True,True,True,False,1.0,0
fixed_policy_information_responsiveness,IL_RD,IL,IF,RD,GH,test_057_bf11b8e004e2,bd54b59477f900317d7a6030359d807e3fd1567aed129780d6c3a1179956b9b0,3,True,physical_path,29.0,79.0,15211.911049695576,98339.74677530785,0.0,113551.65782500342,8207.694275045958,96155.90269863933,3834.728398132152,3120.5048701514347,1285.197606697666,947.629976336848,41.365907377756365,1267.2068383840392,7771.847994593097,0.0004685480543534048,182.6056456487148,182.60611419676914,1489.5047350341083,5.784540058651072e-07,79.0,9.859114849322134e-07,0.009839509141421501,3834.7185586230103,113551.65782500339,2.1082713758631813,4.395706533376749,17.0,12.0,0.0,34.0,79.0,False,False,True,True,True,False,1.0,0
fixed_policy_information_responsiveness,IL_RD,IL,IF,RD,GH,test_058_fbcfbffca03e,13831837259f85f8b98b1b4c0178e5e4f669e020ebeaab3661478609d357b2f2,3,True,physical_path,29.0,79.0,16862.25053870073,104968.66822803339,0.0,121830.91876673412,9310.55229370942,102242.34720930182,4070.0038757006682,3825.1881306067794,1441.3014518681466,941.5258055472867,46.10136905916983,1549.3457594564725,8291.751837187418,0.0006373258338962388,193.80907104086464,193.80970836669852,1584.91985487715,6.37420770324144e-07,79.0,9.287820286642834e-07,0.013383842511821016,4069.9904918581574,121830.91876673412,2.134884667820993,4.439751933406417,17.0,12.0,0.0,34.0,79.0,False,False,True,True,True,False,1.0,0
fixed_policy_information_responsiveness,IL_RD,IL,IF,RD,GH,test_059_d22925a9593f,65a524d66b35e81b093404e6035554728cfd659313f34e588cf5b6e2f203bf7e,3,True,physical_path,29.0,79.0,15124.876645606613,98369.32581209643,0.0,113494.20245770307,8212.045988704764,96087.2779186048,3836.080161680909,3134.4099223844078,1277.1207720648617,947.267694263324,41.66261852446477,1286.2085368961018,7747.408046950509,0.0004578007751206139,182.67002608879196,182.6704838895671,1483.037715166716,5.557132827671974e-07,79.0,9.764937405501598e-07,0.009613816277532891,3836.070547864631,113494.20245770307,2.106561314943514,4.4398970666807145,17.0,12.0,0.0,34.0,79.0,False,False,True,True,True,False,1.0,0
fixed_policy_information_responsiveness,IL_RD,IL,IF,RD,GH,test_060_b3feb9e274c2,fe682fe273560fd0980f751cdfa7c31a0af682fbc188f47a4be67cd05391ad49,3,True,physical_path,29.0,79.0,15940.54751284596,102108.08563016495,0.0,118048.6331430109,8726.910324601731,99599.37517751427,3973.4623948590147,3454.2792540521555,1349.9741711049955,944.6318208787261,43.63038619463156,1403.8234282704277,8035.789316871897,0.0005037185466749129,189.21199127473974,189.2124949932864,1533.0766794069452,5.747347154833924e-07,79.0,9.833239909613438e-07,0.010578089480173173,3973.451816769535,118048.6331430109,2.110930086196475,4.464674566639587,17.0,12.0,0.0,34.0,79.0,False,False,True,True,True,False,1.0,0
fixed_policy_information_responsiveness,IL_RD,IL,IF,RD,GH,test_061_627abde70c26,9c8b14e19bd2698ae546067471c6494d669882592255e3ba42b51e389929b531,3,True,physical_path,29.0,79.0,15788.847064814347,100133.25007839421,0.0,115922.09714320855,8604.896183438277,97754.08886076894,3897.6605452078325,3374.9728898529643,1345.0074495782967,945.4712143622322,43.030671270641484,1364.3976202762142,7917.5355187463765,0.0005349155368851816,185.60234818959796,185.60288310513488,1528.1463932873212,4.995656169915553e-07,79.0,9.973966503934236e-07,0.011233226274588809,3897.6493119815573,115922.09714320855,2.121474732197928,4.357451333353917,17.0,12.0,0.0,34.0,79.0,False,False,True,True,True,False,1.0,0
fixed_policy_information_responsiveness,IL_RD,IL,IF,RD,GH,test_062_0c9ea14e9507,af66fd8fb7365940ac5c1b9dc17d1039a43a9fd2a98560c7757a265c61778c70,3,True,physical_path,29.0,79.0,15784.582106438984,106242.16965984004,0.0,122026.75176627903,8760.635517279641,103364.80415379639,4135.340257753011,3465.189293325917,1355.4762184075498,945.3063257165117,44.02766034021635,1408.8921022018276,8262.569575974514,0.0005357717061473824,196.92042888319918,196.92096465490533,1544.1513940011384,6.189449264743339e-07,79.0,9.450552720546619e-07,0.011251205829095029,4135.329006547182,122026.751766279,2.1281737367643965,4.426877533240865,17.0,12.0,0.0,34.0,79.0,False,False,True,True,True,False,1.0,0
fixed_policy_information_responsiveness,IL_RD,IL,IF,RD,GH,test_063_44f0f2a191ef,9b047725f5e05c013bf644e7fe14234fc246265c97db48c08b1f430961820dbd,3,True,physical_path,29.0,79.0,14440.238029830589,100477.491356891,0.0,114917.72938672158,7999.9163895898055,97835.66733248373,3918.1465787545035,3045.907232139352,1227.3591936939154,890.7326600602458,41.09169491827554,1252.2021707155586,7787.394372585583,0.00040396650369800276,186.57800454561553,186.57840851211924,1451.4096842597673,5.88226349777243e-07,79.0,9.728045425319547e-07,0.008483296577658058,3918.138095457926,114917.72938672155,1.975777263204492,4.328310933274527,16.0,13.0,0.0,34.0,79.0,False,False,True,True,True,False,1.0,0
fixed_policy_information_responsiveness,IL_RD,IL,IF,RD,GH,test_064_27d69866b791,5f6b4edb7095f7ca58bdefc63fb823fc255df66a141464fcf1266546ab804d66,3,True,physical_path,29.0,79.0,14056.489936761931,89986.17094129311,0.0,104042.66087805503,7368.906816703676,88459.24070738384,3523.0381614590697,2595.7533483897982,1145.5414597638853,950.1803843547399,37.908724842530134,1098.6024700563323,7180.952869244847,0.0003262180290940034,167.7633957562123,167.7637219742414,1396.8493912467784,5.597857620367161e-07,79.0,9.81026521696989e-07,0.006850578610974072,3523.0313108804585,104042.66087805499,2.0781053367804136,4.190445366703595,17.0,12.0,0.0,34.0,79.0,False,False,True,True,True,False,1.0,0
fixed_policy_information_responsiveness,IL_RD,IL,IF,RD,GH,test_065_930038cc16e9,ed770af97447cc6ec3b990ca1ef9540e1f795247d7d2c7f6ca7de9b23418ba1a,3,True,physical_path,29.0,79.0,14711.735501711628,104056.3751740828,0.0,118768.1106757944,8109.77619879107,101371.01475274905,4063.8843242384296,3034.4613652665644,1240.5510877900902,948.4229469592282,41.47959688615186,1264.4195511334265,8035.82601380818,0.00039066126796547174,193.51791049294297,193.51830115421095,1474.496389610147,7.2107134525041e-07,79.0,9.355273980014995e-07,0.008203886627274908,4063.876120351802,118768.11067579442,2.082792879299036,4.323301933395366,17.0,12.0,0.0,34.0,79.0,False,False,True,True,True,False,1.0,0
fixed_policy_information_responsiveness,IL_RD,IL,IF,RD,GH,test_066_28fb87ba4913,9b548ccc36e0f1fcf56118f1c4cd88441dc46405c6bb547e1dc04c4a67ae436a,3,True,physical_path,29.0,79.0,16606.539249012927,106181.5067431683,0.0,122788.04599218124,9349.074192860571,103073.11864230297,4116.029046726829,3874.992337804631,1432.7642363010054,942.0675361852185,46.64469207970436,1578.0245607108982,8292.82359708448,0.0005969053249788053,196.00078627214307,196.00138317746806,1579.14949285328,6.218194372534756e-07,79.0,9.405572847440375e-07,0.012535011824554911,4116.016511715005,122788.04599218121,2.1268126103604192,4.329191799974069,17.0,12.0,0.0,34.0,79.0,False,False,True,True,True,False,1.0,0
fixed_policy_information_responsiveness,IL_RD,IL,IF,RD,GH,test_067_4d46fa716471,b2be1c4651c379ec66a4cbbceabbb946a1f8949b548124874b8ecbdce94c77f3,3,True,physical_path,29.0,79.0,14722.971989839009,105331.46343979707,0.0,120054.43542963608,8277.206811881362,102291.00708253175,4110.412045570797,3174.088546986728,1254.2108531959725,947.5100894694816,42.53728110471346,1325.136521346775,8061.796113088698,0.00040405515620349773,195.7335028767865,195.7339069319427,1478.134785012636,5.915114618282661e-07,79.0,9.63142267632197e-07,0.008485158280273452,4110.4035604125165,120054.4354296361,2.116015632197946,4.418543200008571,17.0,12.0,0.0,34.0,79.0,False,False,True,True,True,False,1.0,0
fixed_policy_information_responsiveness,IL_RD,IL,IF,RD,GH,test_068_93da1d4ae1ba,1e5fab7a4bc73a2c903c60a4ba54bd432fc478ccc1813a3002391fd1bcefe179,3,True,physical_path,29.0,79.0,16495.89413563207,108515.61194904138,0.0,125011.50608467346,9207.859839759156,105499.93151198803,4217.118879892496,3732.144264604432,1411.7069728052804,942.7446156240438,45.85247075880705,1526.6196998245762,8446.450340571544,0.0005758351331012443,200.81460892165242,200.8151847567855,1577.2664073693861,6.157228432375842e-07,79.0,9.749299849179981e-07,0.01209253779512613,4217.106787354701,125011.50608467341,2.13382903103524,4.475911766756326,17.0,12.0,0.0,34.0,79.0,False,False,True,True,True,False,1.0,0
fixed_policy_information_responsiveness,IL_RD,IL,IF,RD,GH,test_069_5b01ea54b2fa,ab74b72396ecc5ee23369a0401781e1eedea17a51518978cc28be65bd8c7c6de,3,True,physical_path,29.0,79.0,15771.887916765074,91680.3493819,0.0,107452.23729866506,8402.432770289428,90002.48721497256,3566.228398823252,3217.768241336657,1318.2846427944937,945.036030448674,41.93176691430671,1323.3600407628962,7443.869525824724,0.0004943382984614022,169.81990560566592,169.8203999439644,1504.4008275010385,4.5663679015296213e-07,79.0,9.773096966404844e-07,0.010381104267689444,3566.218017718984,107452.23729866504,2.0808471356272356,4.183046400003756,17.0,12.0,0.0,34.0,79.0,False,False,True,True,True,False,1.0,0
fixed_policy_information_responsiveness,IL_RD,IL,IF,RD,GH,test_070_0cd9bcac96c3,af1c089b1585069ce3aa8660e2ccbc7790157d41b7564bd42a816925e624afb1,3,True,physical_path,29.0,79.0,16394.930174705954,104251.59091909062,0.0,120646.52109379659,9167.24713346034,101334.61176341453,4044.882790011821,3745.1426833870414,1411.6247633489356,943.0119601739162,45.58417624432183,1515.1425231062142,8173.552293545695,0.0005710181889866997,192.6128951728501,192.61346619103907,1570.1607569684945,5.32462234844438e-07,79.0,9.839286293185579e-07,0.011991381968720695,4044.870798629852,120646.52109379659,2.1164364574808925,4.362242233396198,17.0,12.0,0.0,34.0,79.0,False,False,True,True,True,False,1.0,0
fixed_policy_information_responsiveness,IL_RD,IL,IF,RD,GH,test_071_34f77888383f,9ea4b08354972ecc8e92b86fbc35f8c0031316e3afe68c72a63a6e70a1bbc8a8,3,True,physical_path,29.0,79.0,14048.553127599871,94914.04493779036,0.0,108962.59806539021,7533.676743655541,92859.1351744358,3715.992788030828,2746.203110152653,1157.7825682508674,949.8076808645219,38.91537864633414,1145.5521165361663,7426.123205037459,0.00033320272056170937,176.95170432255694,176.95203752527752,1402.3172780440611,5.375237612570882e-07,79.0,9.828956817959728e-07,0.006997257131795896,3715.9857907736964,108962.59806539021,2.0754380885179784,4.301638266692559,17.0,12.0,0.0,34.0,79.0,False,False,True,True,True,False,1.0,0
fixed_policy_information_responsiveness,IL_RD,IL,IF,RD,GH,test_072_8e59fac0e6c8,a92a7392849d15eefcaf1837db77746f72e76c3458114a652198fbbac7696f85,3,True,physical_path,29.0,79.0,14969.189773460434,101980.0047310482,0.0,116949.19450450863,8309.687401195342,99266.142277764,3977.1672179493175,3156.4575225143344,1253.7963553308116,985.9437297548362,42.072451625029196,1319.7571191852182,7909.050406761703,0.0003810155886518586,189.38853412485503,189.38891514044371,1485.0787387849457,5.731810641325241e-07,79.0,9.634201860966663e-07,0.00800132736168903,3977.159216621956,116949.19450450863,2.10100625172236,4.399296133313328,17.666666666666668,11.333333333333334,0.0,34.0,79.0,False,False,True,True,True,False,1.0,0
fixed_policy_information_responsiveness,IL_RD,IL,IF,RD,GH,test_073_69349232969b,2f362bb368dcdc730f872c8fef400b9c0f1ea176fcef502da962a890dc828cd3,3,True,physical_path,29.0,79.0,16104.048063996552,99975.2565537402,0.0,116079.30461773674,8862.51688530775,97428.89925468432,3882.2218769775754,3584.1655463600096,1377.6147806857578,943.8862737213148,44.4563441822086,1452.6984200837323,7897.979676633125,0.00057617903759234,184.86713224846605,184.86770842750363,1531.1550223577462,5.69010447577222e-07,79.0,9.736195357864255e-07,0.01209975978943914,3882.209777217787,116079.30461773672,2.1103843241587454,4.394986333403115,17.0,12.0,0.0,34.0,79.0,False,False,True,True,True,False,1.0,0
fixed_policy_information_responsiveness,IL_RD,IL,IF,RD,GH,test_074_212affc962e2,5e264f6232f1c29e769f71e598177184ad84a0bf9ff8df6be008bd7148f26ae7,3,True,physical_path,29.0,79.0,16036.281906970798,98440.09487271507,0.0,114476.37677968584,8804.758781307697,95995.4494031447,3820.71621298902,3544.125058952037,1366.7610552329727,944.5662680594232,44.44233984153542,1455.400389112807,7816.66433928636,0.0005663973769889828,181.93830088781442,181.93886728519144,1525.9742961696095,5.77494086082324e-07,79.0,9.183649687121214e-07,0.01189434491676864,3820.7043186441038,114476.37677968584,1.9824324563391846,4.131519733307262,17.0,12.0,0.0,34.0,79.0,False,False,True,True,True,False,1.0,0
fixed_policy_information_responsiveness,IL_RD,IL,IF,RD,GH,test_075_8de4e41c7ad9,166abe46fe8875dd98f46b7b2978bf6ca11460aaf2ee4dda761e02f6149bab0d,3,True,physical_path,29.0,79.0,14875.576990893713,93339.37138066247,0.0,108214.9483715562,8015.351975982794,91335.99013621874,3639.7543095278993,3037.4316933175905,1239.3411004846619,947.079156024523,40.67208752258684,1249.1992319551882,7410.508279676728,0.0004134202602617813,173.32122036678254,173.32163378704277,1443.3359712333574,5.091933054381769e-07,79.0,9.846265863622823e-07,0.008681825465497407,3639.7456277024335,108214.9483715562,2.079034608034096,4.229598599951714,17.0,12.0,0.0,34.0,79.0,False,False,True,True,True,False,1.0,0
fixed_policy_information_responsiveness,IL_RD,IL,IF,RD,GH,test_076_48339f21c8ec,387a6bfe5e45be691df244ec9fae6a75828f663e05409a99728fee303e05e519,3,True,physical_path,29.0,79.0,16720.30510442288,107050.43749360705,0.0,123770.74259802994,9342.477621213693,104075.55959653946,4151.966524993922,3819.954200973401,1438.5682035807083,942.2164507287449,46.385524643971166,1558.527300468984,8390.485559304185,0.0006106122216135564,197.71208105415565,197.71269166637725,1594.899061606581,6.412630322510824e-07,79.0,9.644057196226172e-07,0.012822856653884683,4151.953702137268,123770.74259802994,2.1277144666675523,4.427877966624995,17.0,12.0,0.0,34.0,79.0,False,False,True,True,True,False,1.0,0
fixed_policy_information_responsiveness,IL_RD,IL,IF,RD,GH,test_077_b1f2e84dc844,327faba7b538b224eb0dff4c274be7b98e160c294f315741e33a3e501ab91753,3,True,physical_path,29.0,79.0,16180.079654245552,95166.06051535392,0.0,111346.14016959949,8708.053039046854,93185.02311180103,3695.777610515373,3462.168779879524,1352.14189294961,942.9757354070974,43.63543408346374,1424.4077566695676,7657.664708605636,0.0005186529374913731,175.98889137160413,175.9894100245416,1515.0730385641352,5.949454105118327e-07,79.0,9.767098541456362e-07,0.010891711687318834,3695.766718803686,111346.14016959949,2.1001048678232506,4.32479379993553,17.0,12.0,0.0,34.0,79.0,False,False,True,True,True,False,1.0,0
fixed_policy_information_responsiveness,IL_RD,IL,IF,RD,GH,test_078_367d379a9297,f9d9eb992e504e9775b1d536a7a14d78c484ed66383cb9fe11fbb7eaa3b15364,3,True,physical_path,29.0,79.0,16117.916311349369,96784.43733975392,0.0,112902.35365110329,8636.310555097385,94855.70018629608,3764.628325076961,3377.597962368123,1325.2902152033967,942.8264070613328,42.96995941864126,1393.1058768373762,7766.616402048009,0.00045107751980264177,179.26756440233547,179.2680154798553,1515.0262569950519,5.718885381522853e-07,79.0,9.508106479566663e-07,0.009472627915855477,3764.618852449045,112902.35365110327,2.092277157465638,4.5241372667563455,17.0,12.0,0.0,34.0,79.0,False,False,True,True,True,False,1.0,0
fixed_policy_information_responsiveness,IL_RD,IL,IF,RD,GH,test_079_bce06ca59758,354b6f6d5badf8b78b4e947bce85d66a812832394cae0b2d8d8905466cdff072,3,True,physical_path,29.0,79.0,13847.925268206134,93517.19933219005,0.0,107365.12460039619,7373.715127582214,91553.05804371358,3661.182446934281,2632.9556925331894,1133.943145646222,1010.2701439867052,38.10772442268916,1104.0258052615147,7343.226465032079,0.000313944746491875,174.3417073378383,174.3420212825848,1401.0926151591077,6.132592572750701e-07,79.0,9.66237062996522e-07,0.006592839676329374,3661.1758540946043,107365.1246003962,2.0804997620697336,4.359643266691516,18.0,11.0,0.0,34.0,79.0,False,False,True,True,True,False,1.0,0
fixed_policy_information_responsiveness,IL_RD,IL,IF,RD,GH,test_080_e669407a98d7,121d71da3287fd0210c7b9434b794a18b7c744d477b29a53f3d620911cf9f336,3,True,physical_path,29.0,79.0,16080.03543970509,106106.94665956798,0.0,122186.98209927307,8908.94522045141,103189.08770846711,4129.3270215943385,3626.0537749909618,1388.92545672891,944.6429170403627,44.668165458386945,1448.9701007979736,8253.51116125763,0.000608838689799701,196.63401123723102,196.63462007592088,1552.9665160672173,5.245451973047694e-07,79.0,9.66146092079188e-07,0.012785612485793721,4129.314235981852,122186.98209927308,2.1254771241447195,4.44150203334478,17.0,12.0,0.0,34.0,79.0,False,False,True,True,True,False,1.0,0
fixed_policy_information_responsiveness,IL_RD,IL,IF,RD,GH,test_081_fbbd80304765,0b82e11f5cd1fea6f347b45e70d47396c0c136e422733b8ac33c145a65f3ca6e,3,True,physical_path,29.0,79.0,14315.265545593573,104834.68644295842,0.0,119149.951988552,7928.707605790205,102001.85449417164,4098.637579682576,2959.91845103995,1211.0147147237572,949.8191431438609,40.81908479217988,1221.0153771607,8032.289777977364,0.0003718778896777306,195.172846202233,195.17321808012267,1461.2412133950968,6.471210442647996e-07,79.0,9.575291552138965e-07,0.007809435683232341,4098.629770246893,119149.951988552,2.107296954008119,4.494997666605438,17.0,12.0,0.0,34.0,79.0,False,False,True,True,True,False,1.0,0
fixed_policy_information_responsiveness,IL_RD,IL,IF,RD,GH,test_082_2cf496ac3a99,2a7046d4a4e1fe03445d9dae89497a78aa0ff11fe474d9f7fdbf7d09c4f5ff24,3,True,physical_path,29.0,79.0,16500.251313733705,102979.34377230202,0.0,119479.59508603573,9038.988312320738,100443.28134533415,4000.9410961141352,3651.1181759487226,1402.657966677547,942.608189640427,44.77491241870081,1473.7709437356705,8143.05771115804,0.000585139890629504,190.52041943697293,190.5210045768636,1562.5197680636486,5.071820246346863e-07,79.0,9.578180553370184e-07,0.012287937703219586,4000.9288081764316,119479.59508603571,2.132691998856313,4.419856199994683,17.0,12.0,0.0,34.0,79.0,False,False,True,True,True,False,1.0,0
fixed_policy_information_responsiveness,IL_RD,IL,IF,RD,GH,test_083_4cbdde5f376f,21703e1831e6b1210ccf39ad402121126a8f354e5dd13cff5081d7a07b4a2274,3,True,physical_path,29.0,79.0,15968.384632673953,98030.38858218024,0.0,113998.7732148542,8614.196235087758,95882.38251546219,3815.444556438309,3385.5521552092923,1356.1061576518348,945.091595004817,42.93510534751234,1364.331968705085,7812.852180398014,0.0005581273623409009,181.68727789350953,181.68783602087186,1524.5660290646465,5.276268338277504e-07,79.0,9.738777499164193e-07,0.011720674609158918,3815.4328357637,113998.77321485418,2.115907037927737,4.489658833326151,17.0,12.0,0.0,34.0,79.0,False,False,True,True,True,False,1.0,0
fixed_policy_information_responsiveness,IL_RD,IL,IF,RD,GH,test_084_513eb18f351c,341db6669dc186ed38f4ff6debc2545e4eb1d075fadf4fe32c2aabeb61a2d25b,3,True,physical_path,29.0,79.0,15831.728375895473,100928.80878557544,0.0,116760.53716147091,8651.457002277577,98474.7526290643,3928.004288230819,3431.5604023744895,1349.3502198173844,925.4126197063489,43.42444519362516,1388.9687105212859,7953.720079457526,0.0005461964729330263,187.0472770526137,187.0478232490866,1522.8649227515473,5.628081448385492e-07,79.0,9.250624230142145e-07,0.011470125931593555,3927.9928181048876,116760.53716147091,2.121082383925202,4.271911599983771,16.666666666666668,12.333333333333334,0.0,34.0,79.0,False,False,True,True,True,False,1.0,0
fixed_policy_information_responsiveness,IL_RD,IL,IF,RD,GH,test_085_650c50514b66,e94f854176fa26c2ed212d69844def725d10578665dd847cab94c351dbec1cda,3,True,physical_path,29.0,79.0,17244.71494057625,101392.8900458425,0.0,118637.60498641878,9377.18699515151,99047.42968701973,3929.1650269229144,3888.0010869017406,1455.8172275870966,940.0049628357996,46.069332094403755,1566.4446080893504,8118.718668415141,0.0006453997985213534,187.1024511203403,187.1030965201388,1586.0943584198194,5.577779604345746e-07,79.0,9.57682676547621e-07,0.01355339576894842,3929.151473527146,118637.6049864188,2.133316260920409,4.425562100019306,17.0,12.0,0.0,34.0,79.0,False,False,True,True,True,False,1.0,0
fixed_policy_information_responsiveness,IL_RD,IL,IF,RD,GH,test_086_754dc8e1ab0e,ea444f07bd4f0035c9bf3a885f359d285cd12879a434942844a860db87947cd3,3,True,physical_path,29.0,79.0,16644.56122891573,106487.64698295291,0.0,123132.20821186865,9197.835652022266,103652.82765654147,4138.380536320424,3754.5530215719223,1407.933316775792,980.6780286367438,45.6068057322413,1529.9254604325195,8337.720558456911,0.0005658807079753811,197.0651739440741,197.06573982478207,1573.2870347653152,6.677443007354862e-07,79.0,9.6664008606228e-07,0.011883494867483002,4138.368652825556,123132.20821186861,2.1249811597511,4.50015123328194,17.666666666666668,11.333333333333334,0.0,34.0,79.0,False,False,True,True,True,False,1.0,0
fixed_policy_information_responsiveness,IL_RD,IL,IF,RD,GH,test_087_cbc79ee243dd,691486e3c17626ca20c775eaa69679e041e484b6d253bf1a67a4cf50a423fb8c,3,True,physical_path,29.0,79.0,15310.144877637016,107840.94459781454,0.0,123151.08947545156,8670.102182528428,104574.51653442225,4198.9041121509035,3440.6994957365628,1320.9597509090597,945.9073997043461,44.23485421407355,1417.804704287442,8261.803863502275,0.0004930400961637675,199.94732182423255,199.9478148643287,1518.812338052062,6.158381748603646e-07,79.0,9.70852698464262e-07,0.010353842019439117,4198.893758308884,123151.08947545156,2.1056252402178512,4.353612399970491,17.0,12.0,0.0,34.0,79.0,False,False,True,True,True,False,1.0,0
fixed_policy_information_responsiveness,IL_RD,IL,IF,RD,GL,test_000_4ae657b9eeec,75ed41740f0c0ea197ff0f6944b61b9920fa00e925068801312b85d79b461d66,3,True,physical_path,29.0,79.0,16358.986053926667,102013.52432681416,0.0,118372.51038074082,8932.031431378033,99557.59224074474,3967.6148670911825,3585.553763286392,1386.7314418028946,942.9866364376097,44.36104498618251,1451.0210214712952,8065.257354041535,0.0005676784263550777,188.93347361162998,188.93404129005629,1552.4388333440056,5.298363694951535e-07,79.0,9.190331196722439e-07,0.011921246953456631,3967.6029458442295,118372.51038074086,2.1212484138059677,4.205414399970323,17.0,12.0,0.0,34.0,79.0,False,False,True,True,True,False,1.0,0
fixed_policy_information_responsiveness,IL_RD,IL,IF,RD,GL,test_001_dde9993de777,b808f465cc0e3fe36a03bec0642f5929d80ca792c9eab50b8a5f7d736e2b2a4a,3,True,physical_path,29.0,79.0,15042.78509104941,107397.89118102599,0.0,122440.67627207539,8332.855752743439,104449.8671630784,4192.359107531426,3238.639556798334,1279.521106209141,947.4335857146593,42.483931101716614,1316.3555228846942,8243.25089420082,0.00045226837458341683,199.6356957093124,199.63614797768696,1498.5159716813941,6.885781189037259e-07,79.0,9.492145963229239e-07,0.009497635866251753,4192.34960989556,122440.67627207539,2.1189353999938683,4.4412990667236345,17.0,12.0,0.0,34.0,79.0,False,False,True,True,True,False,1.0,0
fixed_policy_information_responsiveness,IL_RD,IL,IF,RD,GL,test_002_f01217ab0e79,24aabe5c62e36a790e477ed18aff5dac1142b7af1d1d88af275176c9d7ea1387,3,True,physical_path,29.0,79.0,15821.367072437875,91701.55833630361,0.0,107522.92540874147,8336.595793022036,90148.3016803927,3571.7928945327517,3206.5584036807572,1314.8313235195635,944.8453135936664,41.48202591525425,1302.471164251608,7452.285437006972,0.0004992463632895239,170.0848766837677,170.08537593013102,1494.28268015102,4.5518972672699784e-07,79.0,9.810253963108565e-07,0.010484173629080001,3571.7824103591224,107522.9254087415,2.1220439919591723,4.241301333298907,17.0,12.0,0.0,34.0,79.0,False,False,True,True,True,False,1.0,0
fixed_policy_information_responsiveness,IL_RD,IL,IF,RD,GL,test_003_eb3106001035,0fccfaeb1ade372557c677b5e07cb40e189af0a7e2bbdb2c2978a5d58d41fc2d,3,True,physical_path,29.0,79.0,15712.07897191,101071.82735524811,0.0,116783.90632715814,8602.164268431843,98551.93230483442,3934.098929361222,3407.1170860758016,1343.0208320119011,945.5729064429629,43.33866829505681,1379.1463275305898,7949.346059925137,0.0005380543314692223,187.33750620096484,187.3380442552963,1521.661944737469,5.425811671383706e-07,79.0,9.69218068738737e-07,0.011299140960853668,3934.0876302202614,116783.90632715815,2.120280794242675,4.46422976674512,17.0,12.0,0.0,34.0,79.0,False,False,True,True,True,False,1.0,0
fixed_policy_information_responsiveness,IL_RD,IL,IF,RD,GL,test_004_55a330aff5c4,9a4b0569bbc20b830eb1ee3bb7731626cfbae3f9f8cf1cf45343c7ba4ed58e52,3,True,physical_path,29.0,79.0,15925.502574079772,93255.72633775731,0.0,109181.22891183708,8491.895582955913,91533.03414550891,3626.780336424199,3262.2877839914668,1323.1243685719521,944.1066943846339,42.331044953596326,1348.3823210527196,7552.437804515447,0.0004892321219052037,172.70333631188757,172.70382554400945,1505.734196515322,5.028525133079349e-07,79.0,9.827294856288168e-07,0.010273874560009277,3626.7700625496386,109181.22891183708,2.0972421057522297,4.3929231999597205,17.0,12.0,0.0,34.0,79.0,False,False,True,True,True,False,1.0,0
fixed_policy_information_responsiveness,IL_RD,IL,IF,RD,GL,test_005_981c73a17708,bd46abfec5f078f3c0b19ad420f7d1eec7f2f95d2b406a00ba59ae9d93fc20a4,3,True,physical_path,29.0,79.0,15245.631071761753,99996.85986323166,0.0,115242.49093499342,8315.970293488665,97653.2762707818,3899.429539988912,3153.8967734756443,1273.826973496325,946.0910837620304,42.05047269894009,1315.35154643501,7860.867753571119,0.0004186106298476437,185.68670234122314,185.68712095185296,1498.2556102713327,5.462321176540318e-07,79.0,9.828415011908137e-07,0.008790823226800517,3899.4207491656853,115242.49093499337,2.0983196195327385,4.285813100015123,17.0,12.0,0.0,34.0,79.0,False,False,True,True,True,False,1.0,0
fixed_policy_information_responsiveness,IL_RD,IL,IF,RD,GL,test_006_daba4b1e9814,75d8e3ad38430229f3cdc728b83652efff820d1f0dd36a5cd061b247917ecdf8,3,True,physical_path,29.0,79.0,15829.949316927836,97886.42074100545,0.0,113716.37005793331,8514.204828636992,95802.64521705864,3812.0810493261833,3318.0177922355356,1325.003566773347,944.4176039025651,42.75805906932024,1362.7165074486684,7792.883452859157,0.0004896325219164926,181.52717938301063,181.52766901553252,1507.3869151710317,6.447044009593829e-07,79.0,9.484985088108942e-07,0.010282282960246343,3812.0707670432225,113716.37005793327,2.0949559367834536,4.372698366641998,17.0,12.0,0.0,34.0,79.0,False,False,True,True,True,False,1.0,0
fixed_policy_information_responsiveness,IL_RD,IL,IF,RD,GL,test_007_925513ee8ec6,957d3dac7377db030d8efcc559a3fc404ec47b9f9427c91498d013d77b53a266,3,True,physical_path,29.0,79.0,18611.727656283303,97173.72508335237,0.0,115785.45273963567,9918.401495511323,95368.34079631884,3751.861493592822,4242.598541984192,1567.9177310514622,936.3326811770676,47.87009985469896,1695.8896791616198,8031.435694985191,0.0008439202872815484,178.65922720318045,178.6600711234677,1645.9379484717876,5.199126970924966e-07,79.0,9.843796332921944e-07,0.017722326032912517,3751.8437712667896,115785.45273963572,2.13828558045782,4.24739453336224,17.0,12.0,0.0,34.0,79.0,False,False,True,True,True,False,1.0,0
fixed_policy_information_responsiveness,IL_RD,IL,IF,RD,GL,test_008_fabe46a0ea00,0996fbf8c5be056e9a791faf37c1568c2dc3325672b618fb6690495c48960310,3,True,physical_path,29.0,79.0,14758.2969874697,93054.62089158724,0.0,107812.91787905696,7832.612655187627,91294.36270476296,3635.475828015756,2873.7533439867816,1228.259622941975,948.4537241618509,39.7770665263626,1191.2821865049107,7424.058252716964,0.00040659419329397596,173.11748997798557,173.11789657217886,1449.6542140969477,5.504339418634005e-07,79.0,9.101990140155361e-07,0.008538478059173495,3635.467289537697,107812.91787905694,2.086655649412745,4.235796733371292,17.0,12.0,0.0,34.0,79.0,False,False,True,True,True,False,1.0,0
fixed_policy_information_responsiveness,IL_RD,IL,IF,RD,GL,test_009_c8ef87e47101,03ce056d9504b5b9251870ba36fce4267bfe22fa89f4bd0577a9954153b78ab2,3,True,physical_path,29.0,79.0,14631.704864324556,105588.8625886775,0.0,120220.56745300205,8257.379399247846,102491.5634842487,4116.366609904956,3162.0222123242706,1245.7349241239363,947.5008231523425,42.652310438929035,1329.6360103461348,8081.444974693193,0.00039307217569439936,196.01706454234605,196.01745761452176,1473.4728137776146,6.674458421545185e-07,79.0,9.51745729870076e-07,0.008254515689582388,4116.358355389268,120220.56745300205,2.1019635528631126,4.546110599922637,17.0,12.0,0.0,34.0,79.0,False,False,True,True,True,False,1.0,0
fixed_policy_information_responsiveness,IL_RD,IL,IF,RD,GL,test_010_613ab99db82c,8253022823d5a215e2583b996ae67139d72d8adc75a9ea76d7291e805e31f0a2,3,True,physical_path,29.0,79.0,14361.963213517816,90878.90411151678,0.0,105240.86732503459,7643.634870099977,89139.05678625875,3550.3211366630185,2727.3590350622885,1171.9650057984516,1008.5304911521256,38.85644038658829,1159.6868738012543,7259.087885396355,0.0003308151394347185,169.0625804545281,169.06291126966752,1427.1037182156053,5.258694852194319e-07,79.0,9.594087993242043e-07,0.0069471179281290875,3550.31418954509,105240.86732503462,2.072489544824194,4.211675233285253,18.0,11.0,0.0,34.0,79.0,False,False,True,True,True,False,1.0,0
fixed_policy_information_responsiveness,IL_RD,IL,IF,RD,GL,test_011_8a2e74b38d5d,b824165b944fb1d86e7d4136e62bf979a2d34ce44df3cdf01e75a763724ca312,3,True,physical_path,29.0,79.0,15847.68104453232,112996.09131461689,0.0,128843.7723591492,9059.486918883054,109385.47601441415,4393.683051250492,3699.4491881919257,1380.664930450603,925.0122559590005,45.722372868969465,1499.8846632506863,8614.549375025439,0.0005655484245393606,209.22243689207505,209.2230024404996,1559.105990288005,6.665895737840906e-07,79.0,9.804380384071648e-07,0.011876516915326573,4393.671174733577,128843.77235914922,2.1316468229827783,4.493938433394457,16.666666666666668,12.333333333333334,0.0,34.0,79.0,False,False,True,True,True,False,1.0,0
fixed_policy_information_responsiveness,IL_RD,IL,IF,RD,GL,test_012_b6bdc05b20a7,edeec4d1f91f6f1c3ba0da1aaf276e2980c22cd017c9d346001dbdbeef6561d5,3,True,physical_path,29.0,79.0,16192.724983244167,104772.58541673546,0.0,120965.31039997963,8952.456079321753,102043.23935112906,4073.251684741284,3570.9262744676926,1381.8429510881517,943.5940592316939,44.70002973382534,1459.3770174278525,8223.62282939179,0.0005552237528819374,193.96381071630822,193.96436594006113,1563.8198634504924,5.594786754448837e-07,79.0,9.859276776746423e-07,0.011659698810520683,4073.240025042473,120965.31039997964,2.1259520459711427,4.4663428332811845,17.0,12.0,0.0,34.0,79.0,False,False,True,True,True,False,1.0,0
fixed_policy_information_responsiveness,IL_RD,IL,IF,RD,GL,test_013_040653995d85,2a3f86788826a75d0de1d4e0c5a0a4ad5dd4e8f1e00bcf6e5fda30c62147be3e,3,True,physical_path,29.0,79.0,14504.93907541863,87502.4241776438,0.0,102007.36325306243,7655.71052653081,86044.50579203105,3414.824805491359,2766.654398477264,1178.2042735300965,947.4634570018234,39.17108013081244,1182.4008918802886,7069.636384378832,0.0003423449050411538,162.61036267849303,162.61070502339805,1407.7121738636422,5.09576861891805e-07,79.0,9.741564051563285e-07,0.007189243005864231,3414.8176162483537,102007.3632530624,2.0608006954011135,4.284676499975224,17.0,12.0,0.0,34.0,79.0,False,False,True,True,True,False,1.0,0
fixed_policy_information_responsiveness,IL_RD,IL,IF,RD,GL,test_014_f00647451070,7ad601c322ea2fcf691d98774905f79d0c6933a53f28eeac922ceab084665ca3,3,True,physical_path,29.0,79.0,14749.56025174097,91803.66077125292,0.0,106553.22102299386,7865.319593412995,90034.74666205182,3581.2227343468126,2915.9896092413924,1227.7725102410118,928.1699136998676,40.0213310512669,1209.8518533735537,7342.039087637227,0.0004137822005341912,170.53400213907625,170.53441592127677,1440.9156119635572,5.344488760620298e-07,79.0,9.687533443585477e-07,0.008689426211218014,3581.2140449206004,106553.22102299391,2.0826042137783145,4.364155133332436,16.666666666666668,12.333333333333334,0.0,34.0,79.0,False,False,True,True,True,False,1.0,0
fixed_policy_information_responsiveness,IL_RD,IL,IF,RD,GL,test_015_643a837775f9,0bdb5da5c9f39a1f5f16016cd38cb9bd2d3650ade00801bf72abf1b5c1ef2fe9,3,True,physical_path,29.0,79.0,18586.640426515718,108765.18933544988,0.0,127351.8297619656,10310.5018211865,105757.99699206797,4200.999168428338,4526.202881161875,1618.9091659086416,937.2197332122463,49.89886147997233,1787.2979372397137,8648.65535681132,0.0009653530205856925,200.0466140959479,200.04757944896846,1686.1699299758154,5.71029395424577e-07,79.0,9.529608635891319e-07,0.020272413432299543,4200.978896014905,127351.8297619656,2.1254896103409813,4.350698366761208,17.0,12.0,0.0,34.0,79.0,False,False,True,True,True,False,1.0,0
fixed_policy_information_responsiveness,IL_RD,IL,IF,RD,GL,test_016_45a90ccef8bd,5d3ce39b508a4ccb3e9dcf8f61989ac456296e3755e7ad04d31e21895bc1ec7a,3,True,physical_path,29.0,79.0,16053.9056970234,108769.49411624158,0.0,124823.399813265,9108.301275363587,105431.25950078068,4223.749000818233,3719.2933920901246,1396.8970232696138,943.8996209427573,45.720972749328034,1508.011789608192,8397.500118127691,0.000582461993030601,201.1303223388752,201.13090480086825,1565.5739262288541,5.688045435387469e-07,79.0,9.92626922398827e-07,0.012231701853642621,4223.736769116379,124823.399813265,2.126120005731589,4.424378733383492,17.0,12.0,0.0,34.0,79.0,False,False,True,True,True,False,1.0,0
fixed_policy_information_responsiveness,IL_RD,IL,IF,RD,GL,test_017_ebd333a3cdba,a3c85008563f8c8c015d326ebf96d911a84dfa810c1806a6610330bd74827e2b,3,True,physical_path,29.0,79.0,16201.327290054127,98882.78543759436,0.0,115084.11272764848,8755.98509775829,96732.0555675772,3847.066004181955,3449.929151960327,1355.6188788824531,943.4580272882567,43.717542731383084,1421.377807233219,7877.052928913549,0.0005075598217642894,183.193111686938,183.1936192467598,1530.67907205706,6.222342161838355e-07,79.0,9.386205866310127e-07,0.010658756257050076,3847.0553454256988,115084.11272764848,2.083372263205719,4.143983933298538,17.0,12.0,0.0,34.0,79.0,False,False,True,True,True,False,1.0,0
fixed_policy_information_responsiveness,IL_RD,IL,IF,RD,GL,test_018_9466cee538c9,86253eb5a2d091cc16d1f9a3a320e171c30977628d47b9c2faefafd18ea0aa0d,3,True,physical_path,29.0,79.0,16595.96118563316,99096.25314031221,0.0,115692.21432594536,9063.618370442262,96675.92054899421,3844.6174205595435,3691.2436665944715,1414.7235325699764,1002.0907867849228,44.81845625408144,1483.6850882211663,7911.936088937014,0.0006237422196782882,183.07639628442527,183.07702002664493,1564.5860213391925,5.135300002946158e-07,79.0,9.837991816879622e-07,0.013098586613244053,3844.6043219729304,115692.2143259454,2.1250138816172153,4.416280866755794,18.0,11.0,0.0,34.0,79.0,False,False,True,True,True,False,1.0,0
fixed_policy_information_responsiveness,IL_RD,IL,IF,RD,GL,test_019_9d2b7462a57a,e3686a781bf5d9cc8a1a95f6cfee4adb410e97762f9815f7f575cd1c7c688f06,3,True,physical_path,29.0,79.0,17452.98497483035,98509.94965441259,0.0,115962.93462924294,9509.653479639988,96213.59208839496,3806.3639975521496,4008.6333982556885,1485.544438659981,939.1472267401917,46.93248483218817,1619.5582026252748,7968.556875856576,0.0007162559172270372,181.2547121989471,181.2554284548643,1593.0115244618516,5.76486614538847e-07,79.0,9.704905592329834e-07,0.015041374261767784,3806.348956177888,115962.93462924294,2.117194606903833,4.516152799983199,17.0,12.0,0.0,34.0,79.0,False,False,True,True,True,False,1.0,0
fixed_policy_information_responsiveness,IL_RD,IL,IF,RD,GL,test_020_701c8d28bc45,64a6b03bce01c1a89c724a633f63003ecd11109f06a7e37ec1b0cd196da48626,3,True,physical_path,29.0,79.0,16311.833312703806,104718.85877292072,0.0,121030.69208562454,9102.015015524901,101796.53231294644,4066.168633095914,3714.9993947736075,1407.7764193711766,943.2003099124689,45.42916897014525,1503.2043197452447,8194.84555486441,0.0006008316268374933,193.62647693484527,193.62707776647213,1563.336299069594,5.048994609393892e-07,79.0,9.743045772597224e-07,0.012617464163587359,4066.1560156317514,121030.69208562448,2.127344895397773,4.340684899982686,17.0,12.0,0.0,34.0,79.0,False,False,True,True,True,False,1.0,0
fixed_policy_information_responsiveness,IL_RD,IL,IF,RD,GL,test_021_69299bc5d0bf,6e755751a4e65a356d16122e1fe19db7f245d1323155a143f838c95d128bde6f,3,True,physical_path,29.0,79.0,15941.235084879365,94607.59996595148,0.0,110548.83505083085,8464.255492928465,92852.21224367834,3684.473367299254,3278.031409563185,1325.5998218305585,944.2627155310466,42.185252220055354,1338.9678295144051,7628.484737982453,0.0004979869632998511,175.4506147415726,175.45111272853592,1506.4824904157322,5.44890395078799e-07,79.0,9.769357154825851e-07,0.010457726229296872,3684.462909573025,110548.83505083085,2.108233022982597,4.326750933347891,17.0,12.0,0.0,34.0,79.0,False,False,True,True,True,False,1.0,0
fixed_policy_information_responsiveness,IL_RD,IL,IF,RD,GL,test_022_1b3e72c80b5f,206d3dd2f49133cdef746f58bc516b176cdbc2a51f7ebbbc523df6455ae5b53c,3,True,physical_path,29.0,79.0,16463.145604538953,92640.68120319066,0.0,109103.82680772962,8696.96840450936,91072.87386624976,3598.932214195418,3421.2487024007264,1370.9904282531572,942.8131921212231,42.97969734737476,1389.3509872902202,7585.831844780502,0.0005547425625047819,171.37716974293357,171.3777244854961,1536.4798795609852,5.025169701560316e-07,79.0,9.595549832226373e-07,0.011649593812600422,3598.9205646016053,109103.82680772962,2.090420037920148,4.232316366629675,17.0,12.0,0.0,34.0,79.0,False,False,True,True,True,False,1.0,0
fixed_policy_information_responsiveness,IL_RD,IL,IF,RD,GL,test_023_90a8af416c5a,6f307309d3320cf90229ccbd42690532f83de1f86a41507c5e6229792230343f,3,True,physical_path,29.0,79.0,17028.262681026597,100784.45902943898,0.0,117812.72171046557,9365.536706403196,98207.6718100971,3902.0569780805213,3935.497262815759,1460.1199175865504,941.8390354824481,46.75868804721848,1597.161642907231,8031.370969901749,0.0006973226278782265,185.81153972882552,185.8122370514534,1577.4026585764805,6.432897788963339e-07,79.0,9.710278324255397e-07,0.014643775185442756,3902.0423343053353,117812.72171046557,1.9815170747072746,3.93238183328261,17.0,12.0,0.0,34.0,79.0,False,False,True,True,True,False,1.0,0
fixed_policy_information_responsiveness,IL_RD,IL,IF,RD,GL,test_024_e90f261f99e2,a2217a451505b72ecffb15b706f82fa13dd02e5246239352e71c874c3e2b909b,3,True,physical_path,29.0,79.0,15382.195663469365,103594.5763986456,0.0,118976.77206211498,8611.7206144517,100683.59599570082,4031.8178102595343,3387.0902554480467,1316.789469781776,945.7579164730914,43.62560732414284,1393.6388330184554,8037.310630979845,0.000467552203399937,191.99085674586968,191.9913242980731,1513.79100369106,5.702238968644575e-07,79.0,9.827442405489547e-07,0.009818596271398677,4031.8079916632632,118976.77206211496,2.1098053471517115,4.420983433335398,17.0,12.0,0.0,34.0,79.0,False,False,True,True,True,False,1.0,0
fixed_policy_information_responsiveness,IL_RD,IL,IF,RD,GL,test_025_0c3eeaae0824,481de4be35a821cd093f24ffad7eca6efe30e96f4cd9848aff621fcb70d542fd,3,True,physical_path,29.0,79.0,15589.987318130145,102837.30181855416,0.0,118427.28913668431,8487.349361708308,100388.54647320486,4006.0385113993852,3291.2015619224658,1308.9664693245238,945.1867591247501,42.85624649680478,1351.4211858044157,8075.97684483216,0.00048529456083799117,190.76325334350517,190.76373863806597,1522.1552783202635,6.851600086711479e-07,79.0,9.514437100577827e-07,0.010191185777597816,4006.0283202136075,118427.28913668428,2.1011429321818356,4.335880300030112,17.0,12.0,0.0,34.0,79.0,False,False,True,True,True,False,1.0,0
fixed_policy_information_responsiveness,IL_RD,IL,IF,RD,GL,test_026_770d47ae1768,0f2bea7027db9d8baf45b68efc718379be3d8148c45feaa470d4d0623fef3f41,3,True,physical_path,29.0,79.0,15163.290097028346,111962.99743154395,0.0,127126.2875285723,8605.157310898025,108467.52241942954,4364.786639563335,3438.374800860391,1303.4330706051803,947.0132872157988,43.7051911276859,1388.093259891708,8483.97111417559,0.0004650303232451259,207.84651780602607,207.84698283634927,1511.9982462410535,7.149314108445446e-07,79.0,9.496127115050202e-07,0.009765636788147644,4364.776873926546,127126.28752857227,2.104897290816124,4.42949160009933,17.0,12.0,0.0,34.0,79.0,False,False,True,True,True,False,1.0,0
fixed_policy_information_responsiveness,IL_RD,IL,IF,RD,GL,test_027_df5d670513fa,81fd0061cbc1e7018bd5b9eb1239ce1515bc6cbada40b12f82000eb260b5e055,3,True,physical_path,29.0,79.0,16151.193188498955,95612.83992997429,0.0,111764.03311847323,8609.46157708658,93778.53601447032,3719.934276881109,3364.418244076074,1347.9825117078954,943.7004942512694,42.747545313940996,1369.2040942428775,7714.659970024654,0.0005302787228563798,177.13919719180612,177.13972747052898,1525.6154530423785,4.911700333256184e-07,79.0,9.636093113742752e-07,0.011135853179983978,3719.9231410279285,111764.03311847325,2.1145729609021124,4.388398900007208,17.0,12.0,0.0,34.0,79.0,False,False,True,True,True,False,1.0,0
fixed_policy_information_responsiveness,IL_RD,IL,IF,RD,GL,test_028_e9fb02365dd3,5d802ed0aa2ed1e79c8a0eb81c45c7d2acaad5c313db1e25b12244cb5da1a3f1,3,True,physical_path,29.0,79.0,14882.622036371156,93648.23004140839,0.0,108530.85207777955,7912.448653090832,91829.99069562671,3656.4356134366735,2946.835309736373,1237.289066318224,947.8527395707089,39.93637751239638,1203.527222641478,7464.27513036758,0.00041517282094967554,174.1155664194016,174.11598159222254,1449.040502907879,4.966458860785866e-07,79.0,9.333453813567557e-07,0.008718629239943184,3656.426894807433,108530.85207777953,2.085869181606833,4.373193133311967,17.0,12.0,0.0,34.0,79.0,False,False,True,True,True,False,1.0,0
fixed_policy_information_responsiveness,IL_RD,IL,IF,RD,GL,test_029_b44f60718c5a,864fc5477a80617dcd1dfd105218334b6714ff3283b58095987765279672cc93,3,True,physical_path,29.0,79.0,14562.866892400178,99984.52922194717,0.0,114547.39611434734,8005.117691472159,97422.47175397041,3903.668181634792,2987.29362028257,1220.6548259547988,1008.1900410326183,40.74849529742166,1239.9751744019197,7771.89956413159,0.000379975354711129,185.88858105487347,185.8889610302282,1464.164526229528,5.899089341170678e-07,79.0,9.644490532939615e-07,0.007979482448933711,3903.660202152343,114547.39611434734,2.1026134505873313,4.49358810003226,18.0,11.0,0.0,34.0,79.0,False,False,True,True,True,False,1.0,0
fixed_policy_information_responsiveness,IL_RD,IL,IF,RD,GL,test_030_038f4c53d11f,c289c0180e19d4efe38d6fb3cf749dc58fb2fc82a28248babf37eba4d050247c,3,True,physical_path,29.0,79.0,15788.035116884113,94109.28447161615,0.0,109897.31958850025,8398.872461123583,92314.90081173585,3665.9668761254616,3257.6570829843163,1315.3688650565023,944.5534914745489,42.14544308899641,1336.1832731433742,7569.91375008599,0.0004916228197753753,174.56935962124984,174.5698512440696,1493.594511268371,5.592950450559077e-07,79.0,9.272292353095166e-07,0.010324079215282883,3665.956552046246,109897.31958850026,2.108112213790588,4.162492933217436,17.0,12.0,0.0,34.0,79.0,False,False,True,True,True,False,1.0,0
fixed_policy_information_responsiveness,IL_RD,IL,IF,RD,GL,test_031_0a6ff70351b5,66453c50834fa3dcd176a36c69c2cd344e4023d8d34a02e0efe688cf2781c3f9,3,True,physical_path,29.0,79.0,14789.889297006202,99529.62998784514,0.0,114319.51928485134,8071.423559085197,97183.29005403035,3887.8599148545704,2993.033009995799,1236.0437608214643,947.8689860639414,41.002991471980806,1252.1810748104137,7776.988242087004,0.00038178578138817334,185.13580463586484,185.13618642164624,1466.96245688597,5.412870199639478e-07,79.0,9.492920369912094e-07,0.008017501409151641,3887.8518973531613,114319.51928485134,2.1123786011560894,4.44425313329945,17.0,12.0,0.0,34.0,79.0,False,False,True,True,True,False,1.0,0
fixed_policy_information_responsiveness,IL_RD,IL,IF,RD,GL,test_032_efdf826e6bc3,f68d8f9fe8ed71a08598d0d2dbfcc8624aee20f294eb03c5d0d1b47b192231a8,3,True,physical_path,29.0,79.0,16507.305782377185,99463.36796791799,0.0,115970.67375029519,8965.074735321983,97183.14863737488,3861.8731357505185,3590.315235315133,1388.8156682978818,981.4463382347623,44.35390021713727,1464.1958469436333,7950.553281305821,0.0005661813492935545,183.8981545686754,183.8987207500247,1555.6578995159944,5.593632112327212e-07,79.0,9.323432594879786e-07,0.011889808335164646,3861.8612459421834,115970.67375029517,2.117918444824159,4.4896083333684755,17.666666666666668,11.333333333333334,0.0,34.0,79.0,False,False,True,True,True,False,1.0,0
fixed_policy_information_responsiveness,IL_RD,IL,IF,RD,GL,test_033_de0c441dba67,7ec9546050ec128248d8d481b870b6380d6ca6d723d82627518325ffbdc72f3a,3,True,physical_path,29.0,79.0,15919.604232884747,103617.15726862312,0.0,119536.76150150788,8794.866620476334,100896.05945119304,4031.2814946436943,3481.8637123012013,1349.288116037269,983.4021068563294,43.920036008118444,1423.9757171527954,8106.062089293401,0.000514676442618116,191.96527078278095,191.96578545922355,1535.716329391991,5.840644525554996e-07,79.0,9.740463829071958e-07,0.010808205294980435,4031.2706864383995,119536.76150150789,2.134797408047464,4.4297874666905654,17.666666666666668,11.333333333333334,0.0,34.0,79.0,False,False,True,True,True,False,1.0,0
fixed_policy_information_responsiveness,IL_RD,IL,IF,RD,GL,test_034_a00d80b83640,0f4bc5cfced121212348bbd1013ec4964294f487da2bfeef2082f3134c966878,3,True,physical_path,29.0,79.0,15618.00985618297,103637.75391403824,0.0,119255.76377022122,8613.997172046256,100925.06391062842,4035.1888954722285,3402.351939480595,1333.4230773731827,945.7387752205641,43.37746444939902,1378.0773264652362,8087.807376595243,0.0005093211692359211,192.151342844175,192.1518521653442,1522.630274056429,5.907882976950332e-07,79.0,9.801772608000095e-07,0.010695744553954343,4035.1781997276744,119255.76377022125,2.1254718287703422,4.4209140667226166,17.0,12.0,0.0,34.0,79.0,False,False,True,True,True,False,1.0,0
fixed_policy_information_responsiveness,IL_RD,IL,IF,RD,GL,test_035_51fd398978b7,b6fa16487d60759605dd86ad9e174dcae5c07eba9b0e4a208e41547329603d50,3,True,physical_path,29.0,79.0,14770.901227217668,97146.02755872156,0.0,111916.92878593922,7994.727263726148,94981.7263279853,3791.836573526729,2969.492647431769,1231.3504268533773,947.7955464159132,40.79768994533853,1243.09692055855,7649.628967564781,0.0003925076443692654,180.5632538507713,180.56364635841567,1456.9346024437466,6.252255878617614e-07,79.0,9.343589782462162e-07,0.008242660531754572,3791.8283308661976,111916.92878593925,2.0930970965526012,4.333760666738574,17.0,12.0,0.0,34.0,79.0,False,False,True,True,True,False,1.0,0
fixed_policy_information_responsiveness,IL_RD,IL,IF,RD,GL,test_036_7eb6ac1ca077,835e8a13ce793ee0d4c8d1922e6d12f857b647d3db30f415b92ebcca10cb9554,3,True,physical_path,29.0,79.0,15592.458836852942,98915.36405607383,0.0,114507.82289292675,8516.160852760555,96538.04244380268,3850.4685326896665,3317.5201438476192,1301.5743333718356,984.056586454402,42.63149833583799,1364.1388243142233,7804.028607729056,0.00043796402851619835,183.35520644976518,183.35564441379367,1502.9888216265108,5.574131219682634e-07,79.0,9.742692461387774e-07,0.009197244598840165,3850.459335445068,114507.82289292675,2.1150906413750743,4.411709166597575,17.666666666666668,11.333333333333334,0.0,34.0,79.0,False,False,True,True,True,False,1.0,0
fixed_policy_information_responsiveness,IL_RD,IL,IF,RD,GL,test_037_f096257ecaa4,0504d3553dd1b04e2daf266d9385ecec583ac5ee5143240ec48390c3637711cc,3,True,physical_path,29.0,79.0,18975.340567316467,100221.75297178398,0.0,119197.09353910045,10321.240297554023,97926.8778287721,3856.98407256053,4529.214295643906,1627.4173239652246,935.359720604657,49.56542575290052,1791.764777186805,8223.566362198295,0.0009690410098872748,183.6649391761582,183.6659082171681,1682.6401550425571,4.748397074378555e-07,79.0,9.6505314728306e-07,0.020349861207632772,3856.9637226993223,119197.09353910045,2.155322445976687,4.4533482999540865,17.0,12.0,0.0,34.0,79.0,False,False,True,True,True,False,1.0,0
fixed_policy_information_responsiveness,IL_RD,IL,IF,RD,GL,test_038_b05abc6e01b3,d70904feaac93846beafd0d4f452a87f57385097244d4e0d5b2934e20eff821f,3,True,physical_path,29.0,79.0,16474.69025329858,98937.8581918194,0.0,115412.54844511797,9082.867620803361,96416.48881244085,3833.2566663745292,3734.5883193155205,1402.5031709470893,942.8438552366096,45.581934794136224,1530.5552321111843,7872.1555312359005,0.000593815468222151,182.53543791665223,182.53603173212045,1545.5415936604907,5.549918019011242e-07,79.0,9.390579945469298e-07,0.012470124832665172,3833.2441962496973,115412.54844511797,2.001019943671451,4.310942933273812,17.0,12.0,0.0,34.0,79.0,False,False,True,True,True,False,1.0,0
fixed_policy_information_responsiveness,IL_RD,IL,IF,RD,GL,test_039_9c0d1ebe6c19,a764716cc7f8aeab39c2c2f073ba3bf25b0853e49b15690e7a526a3355477947,3,True,physical_path,29.0,79.0,15433.511240995447,103495.69949251525,0.0,118929.21073351071,8556.0263061546,100758.43854328571,4031.7008422707313,3335.3032022014027,1302.3855400787113,945.3562995195424,43.352399981969334,1385.6268671842915,8045.099602907513,0.0004358118514271794,191.98531858199294,191.98575439384436,1503.618703030871,6.216498761459208e-07,79.0,9.811339319617686e-07,0.009152048879970768,4031.6916902218513,118929.21073351071,2.0991761241477493,4.5344711667081965,17.0,12.0,0.0,34.0,79.0,False,False,True,True,True,False,1.0,0
fixed_policy_information_responsiveness,IL_RD,IL,IF,RD,GL,test_040_11a8950c659e,ce3f9b7a7902becf4bdfbdd9494b3f00f7d8b741e45d94aec742b61d96ed6b99,3,True,physical_path,29.0,79.0,14810.182306072273,97407.2008826968,0.0,112217.38318876906,8091.717949363192,95073.10277771395,3797.016364461655,3064.7600739948157,1243.7680294647605,947.0179937706974,41.62715637216156,1288.8317838891114,7646.8283107470625,0.0004179835577234018,180.80988508604491,180.8103030696026,1457.4646617825495,6.461048171095298e-07,79.0,9.666953461996025e-07,0.008777654712191435,3797.007586806943,112217.38318876906,2.0842725839091187,4.238653333314384,17.0,12.0,0.0,34.0,79.0,False,False,True,True,True,False,1.0,0
fixed_policy_information_responsiveness,IL_RD,IL,IF,RD,GL,test_041_e58f21dcc209,20e0bcb4b669443da2e153571c054142078f1a87cfd8564b8fb31b4d19884070,3,True,physical_path,29.0,79.0,15814.023702568084,103661.66968852036,0.0,119475.69339108844,8643.848531947646,101118.0730360027,4040.1837416996746,3392.222110722923,1336.4829049376167,944.8830657779172,43.36410574784199,1383.68032793316,8116.704647862204,0.0005065603916180083,192.38919542530718,192.3897019856988,1529.813983734635,5.867420287095674e-07,79.0,9.635668303673928e-07,0.010637768223978175,4040.173103931451,119475.69339108847,2.126349456329969,4.509355999995023,17.0,12.0,0.0,34.0,79.0,False,False,True,True,True,False,1.0,0
fixed_policy_information_responsiveness,IL_RD,IL,IF,RD,GL,test_042_a77d2ece213a,50867af1413e5b1f4a57b100697daff06a7a7ddbbedf8273b0f515bdaa98e6d9,3,True,physical_path,29.0,79.0,13891.997759736303,99907.12230470183,0.0,113799.12006443813,7638.959285263126,97385.22581439796,3908.4674939312063,2768.222526361009,1148.5898361083107,949.6551083764933,39.754228071870784,1180.401164191564,7700.545021943911,0.0003058092115814298,186.11719390179826,186.11749971100986,1412.6181931409258,6.250977914440204e-07,79.0,9.787248567314094e-07,0.006421993443210026,3908.4610719377633,113799.1200644381,2.077218212644923,4.391659333293016,17.0,12.0,0.0,34.0,79.0,False,False,True,True,True,False,1.0,0
fixed_policy_information_responsiveness,IL_RD,IL,IF,RD,GL,test_043_f1174106175c,e1c05921a15b70c43f0abce37906cec0d00142a1459fb9059ceffadf5f4c1ace,3,True,physical_path,29.0,79.0,18175.792062455843,93471.48619449952,0.0,111647.27825695537,9586.834638500159,91985.62594188272,3612.093221627358,4004.8477319798894,1520.5903858441445,937.2863371210879,46.41525168134573,1609.6479379009868,7799.079463694459,0.0007691541218726779,172.00366997099044,172.0044391251123,1617.4745781818858,4.964151393449517e-07,79.0,9.895134146503677e-07,0.01615223655932624,3612.0770693907994,111647.27825695537,2.1239856160754313,4.3902521666605026,17.0,12.0,0.0,34.0,79.0,False,False,True,True,True,False,1.0,0
fixed_policy_information_responsiveness,IL_RD,IL,IF,RD,GL,test_044_ed401c94714a,cdd3e3788096b9dacb2df0d0b62a1cb28d51b122523dcf031887b030038a9f0b,3,True,physical_path,29.0,79.0,14949.215457781838,101594.5533148583,0.0,116543.76877264015,8151.123465039585,99146.70708212559,3966.2328914690956,3076.3328583584466,1256.0312028102283,947.3412728372065,41.487442148371464,1273.3170207578362,7918.336851212412,0.00041747834249099405,188.86781544875734,188.86823292709983,1477.9937992090283,6.615492799086195e-07,79.0,9.966434934851875e-07,0.008767045192310875,3966.2241244239035,116543.76877264015,2.1035064563219406,4.400744666655858,17.0,12.0,0.0,34.0,79.0,False,False,True,True,True,False,1.0,0
fixed_policy_information_responsiveness,IL_RD,IL,IF,RD,GL,test_045_af7d3f616c1d,0760d304a5c54d302e032eaa6ef8974da5965cac272efb3a66af257287e72ea4,3,True,physical_path,29.0,79.0,16054.319377612215,103477.22529439018,0.0,119531.54467200242,8788.633057279241,100925.7722080355,4027.2276559910592,3488.662714343447,1356.9543136353818,944.2947227177856,43.84330892525992,1414.6534567985266,8131.3285446371265,0.0005177903824574694,191.77222773300136,191.7727455233838,1538.0966388300342,6.081368166602533e-07,79.0,9.69573886711047e-07,0.010873598031606856,4027.216782393028,119531.54467200239,2.116505147113154,4.292776100027065,17.0,12.0,0.0,34.0,79.0,False,False,True,True,True,False,1.0,0
fixed_policy_information_responsiveness,IL_RD,IL,IF,RD,GL,test_046_e35b743e6617,c0048e37b8520d7bfa898229e339686779b407fa7d2b062c359012d56267e7ec,3,True,physical_path,29.0,79.0,15603.208047620501,105655.9760922019,0.0,121259.18413982242,8593.205086156167,102893.76816769346,4119.199565245162,3377.8800089595693,1329.2929148467683,945.8383969212914,43.310734285264424,1370.6185167173687,8204.634052391959,0.0005017576442421286,196.15185849212537,196.15236024976966,1524.1990270307442,6.45969009100965e-07,79.0,9.77184204126524e-07,0.010536910529084701,4119.189028334633,121259.18413982242,2.1207696333441928,4.4320180000116425,17.0,12.0,0.0,34.0,79.0,False,False,True,True,True,False,1.0,0
fixed_policy_information_responsiveness,IL_RD,IL,IF,RD,GL,test_047_20c1f89391c1,f2130b5fd299cb2fd05ecda0fd2c152640207395401d37a5f1e7253bbd0a35d8,3,True,physical_path,29.0,79.0,15373.40233207731,111576.85291880353,0.0,126950.25525088083,8734.081814264719,108098.73823413362,4347.936187189655,3493.385349740454,1329.9910328744256,946.1226326779853,44.217343791457516,1411.0937566295006,8481.59553731881,0.00048545757389475427,207.04409488479067,207.04458034236458,1527.433772564631,6.50203553996499e-07,79.0,9.92516169186577e-07,0.010194609051789838,4347.925992580604,126950.25525088084,2.1150565517011857,4.558784233328576,17.0,12.0,0.0,34.0,79.0,False,False,True,True,True,False,1.0,0
fixed_policy_information_responsiveness,IL_RD,IL,IF,RD,GL,test_048_eeaf6a6a0a15,ebcee93a99cde79ceee231d38070645a6f701ecc4eb97b1e8abf3b74f65be4df,3,True,physical_path,29.0,79.0,15324.411413640957,103591.53068890252,0.0,118915.94210254347,8612.334258676807,100594.20869339781,4028.6971881189497,3418.4834830535106,1316.8176826289011,945.4007966675043,44.034144987505634,1415.3951031661543,8013.26533294839,0.0004899688802885906,191.84223327487925,191.84272324375954,1502.006085549113,6.378774414765073e-07,79.0,9.924431816759067e-07,0.010289346486060403,4028.6868987724642,118915.94210254349,2.092103344840586,4.426463833311573,17.0,12.0,0.0,34.0,79.0,False,False,True,True,True,False,1.0,0
fixed_policy_information_responsiveness,IL_RD,IL,IF,RD,GL,test_049_343da3774e7e,c214ac02e921d1ab893b808c39160612ee2c6e853c942be7eb6c6df35facccd4,3,True,physical_path,29.0,79.0,15215.865297320446,89238.78999924735,0.0,104454.65529656778,7997.261219373773,87750.64146906223,3479.2301714965856,2983.577556104454,1238.694915540835,1005.2499649899015,40.02007181148835,1237.786945991266,7255.940022845526,0.00039903866909949347,165.67722817545402,165.67762721412313,1464.302879606192,4.456090446986338e-07,79.0,9.929160345315852e-07,0.008379812051089362,3479.2217916845348,104454.65529656778,2.0978669161084054,4.298670400011663,18.0,11.0,0.0,34.0,79.0,False,False,True,True,True,False,1.0,0
fixed_policy_information_responsiveness,IL_RD,IL,IF,RD,GL,test_050_1c7612d8bc63,ca36b4544ddd266e5e7dac2cbd5076e4b80860d23b0cfeba892432607eb1c108,3,True,physical_path,29.0,79.0,14442.79981970075,94612.1973173165,0.0,109054.99713701726,7758.349889675545,92602.80793498807,3697.6686855104413,2811.930408453369,1176.824381356574,1007.4158370332352,39.615554051849486,1196.940124145846,7457.9428718895215,0.0003278599140071412,176.0791333548689,176.0794612147829,1425.2372756221687,6.364826814855699e-07,79.0,9.906583543154791e-07,0.006885058194149966,3697.6618004522475,109054.99713701724,2.0607454724229832,4.185598066697518,18.0,11.0,0.0,34.0,79.0,False,False,True,True,True,False,1.0,0
fixed_policy_information_responsiveness,IL_RD,IL,IF,RD,GL,test_051_5747c87e6d9a,e6daf165b6654b82650b4110a9d37185e59752e103161fa9379474087ef82a6e,3,True,physical_path,29.0,79.0,14006.43294027931,93146.33574053994,0.0,107152.76868081925,7607.8915902318995,91063.98378570196,3639.923197622795,2768.016707122712,1161.145711385685,911.8076887541955,39.27294904186555,1171.2014770323492,7313.635292923624,0.00032580484875378797,173.3293502724272,173.329676077276,1401.529895553859,4.806293036903125e-07,79.0,9.400115834181286e-07,0.006841901823829546,3639.916355720972,107152.76868081925,1.950587589652331,4.188217400107533,16.333333333333332,12.666666666666666,0.0,34.0,79.0,False,False,True,True,True,False,1.0,0
fixed_policy_information_responsiveness,IL_RD,IL,IF,RD,GL,test_052_9760565f31de,6035569faeed384797542e22427b98096943350bd372d90adabb2f7b8bd83c2d,3,True,physical_path,29.0,79.0,16284.774681013065,96276.65389264423,0.0,112561.4285736573,8787.439787392732,94221.97945007317,3738.7855341968716,3498.4532317778926,1371.75795154341,943.0126186732246,43.749049669276694,1425.7210729449555,7740.604368215191,0.0005613551033524741,178.03684503522388,178.0374063903272,1530.6604012437836,5.176069637384605e-07,79.0,9.76192535618554e-07,0.011788457170401957,3738.773745739701,112561.4285736573,2.1256867586180097,4.492833966699739,17.0,12.0,0.0,34.0,79.0,False,False,True,True,True,False,1.0,0
fixed_policy_information_responsiveness,IL_RD,IL,IF,RD,GL,test_053_4473e6f72168,17a3df2ca591ed3526e75386d9ef68be536d2e20274236e9f585e3eab4517305,3,True,physical_path,29.0,79.0,15882.882244129121,96016.84193165317,0.0,111899.72417578228,8674.322419312455,93764.65173255913,3728.3497103099385,3446.1725470782258,1342.211440882822,944.0163256397358,43.509223862540914,1409.9143922562507,7662.717813076073,0.0004978413617134743,177.53996455434967,177.54046239571133,1514.8748493229357,4.786543539701644e-07,79.0,9.79894294640042e-07,0.010454668595982963,3728.339255641342,111899.72417578229,2.1082921459783814,4.3871430999909835,17.0,12.0,0.0,34.0,79.0,False,False,True,True,True,False,1.0,0
fixed_policy_information_responsiveness,IL_RD,IL,IF,RD,GL,test_054_c66f0b1dacc4,41d8a5d8d4cfcde283bef35c1b2d5ce97e39ebb3c2113f99f8fd9b7941330476,3,True,physical_path,29.0,79.0,15015.05993252577,105963.6743327022,0.0,120978.73426522798,8305.932706420215,103133.30435731549,4137.123148705101,3186.1734839357864,1268.9609640603733,947.2396047909939,42.17394345341237,1305.3713490548043,8162.214670566423,0.0004200197588461404,197.00544420429355,197.0058642240524,1493.3164576603376,6.189432096104475e-07,79.0,9.830535442257154e-07,0.008820414935768949,4137.114328290165,120978.73426522796,2.1031582333259933,4.415408699928473,17.0,12.0,0.0,34.0,79.0,False,False,True,True,True,False,1.0,0
fixed_policy_information_responsiveness,IL_RD,IL,IF,RD,GL,test_055_f90330578051,e326898d13671d058e9870b749033db5deaedc7911ad667ec11d6318f5e5b833,3,True,physical_path,29.0,79.0,16448.791348693194,107872.85320727302,0.0,124321.64455596621,9258.264293364326,104722.98497596748,4186.237089124792,3797.90964580905,1413.6817032912513,942.5668484092997,46.19405220055893,1548.1954693158605,8385.654309879697,0.0005733061630010467,199.3440499854937,199.34462329165672,1573.6127818050643,6.30624960352771e-07,79.0,9.824135175782382e-07,0.012039429423021981,4186.225049695368,124321.6445559662,2.126653056340185,4.370353733422235,17.0,12.0,0.0,34.0,79.0,False,False,True,True,True,False,1.0,0
fixed_policy_information_responsiveness,IL_RD,IL,IF,RD,GL,test_056_b2c64046cef9,b502bb540057ea09101e5a92cf118d4c56c5e877b089e5a6174a0c5376124a73,3,True,physical_path,29.0,79.0,15357.754260315365,94685.99659751105,0.0,110043.7508578264,8271.270373685107,92671.5733606658,3689.45968494608,3137.196004795412,1269.3488632082178,1004.9025705257882,41.43500609887608,1304.6805811092336,7554.722387670412,0.00041411719763211427,175.6881423088062,175.68855642600383,1483.3143163825998,5.328028340160354e-07,79.0,9.784359948757977e-07,0.0086964611502744,3689.45098848493,110043.7508578264,2.0812689770152257,4.191506333338718,18.0,11.0,0.0,34.0,79.0,False,False,True,True,True,False,1.0,0
fixed_policy_information_responsiveness,IL_RD,IL,IF,RD,GL,test_057_bf11b8e004e2,bd54b59477f900317d7a6030359d807e3fd1567aed129780d6c3a1179956b9b0,3,True,physical_path,29.0,79.0,15211.911049760913,98339.7467753183,0.0,113551.65782507921,8207.694275042528,96155.90269865551,3834.7283981327673,3120.5048701492683,1285.1976066975685,947.6299764015404,41.3659073777265,1267.2068383823182,7771.847994594176,0.00046854805435352884,182.60564564874406,182.60611419679844,1489.5047350340792,5.784540058651188e-07,79.0,9.859114849065183e-07,0.009839509141424105,3834.718558623625,113551.65782507918,2.1016692068995155,4.384789933295299,17.0,12.0,0.0,34.0,79.0,False,False,True,True,True,False,1.0,0
fixed_policy_information_responsiveness,IL_RD,IL,IF,RD,GL,test_058_fbcfbffca03e,13831837259f85f8b98b1b4c0178e5e4f669e020ebeaab3661478609d357b2f2,3,True,physical_path,29.0,79.0,16862.250538746146,104968.66822802392,0.0,121830.91876677006,9310.552293701052,102242.3472092881,4070.00387570034,3825.1881306021874,1441.3014518664006,941.5258056119619,46.1013690591661,1549.345759456109,8291.75183718544,0.0006373258338937469,193.80907104084898,193.80970836668288,1584.9198548771656,6.374207703241397e-07,79.0,9.28782028646749e-07,0.013383842511768688,4069.9904918578286,121830.91876677005,2.135153980481428,4.454351966734976,17.0,12.0,0.0,34.0,79.0,False,False,True,True,True,False,1.0,0
fixed_policy_information_responsiveness,IL_RD,IL,IF,RD,GL,test_059_d22925a9593f,65a524d66b35e81b093404e6035554728cfd659313f34e588cf5b6e2f203bf7e,3,True,physical_path,29.0,79.0,15124.876645654942,98369.32581207696,0.0,113494.2024577319,8212.045988695867,96087.27791858172,3836.0801616801764,3134.409922382924,1277.120772063198,947.2676943280076,41.6626185244596,1286.2085368957694,7747.408046947819,0.0004578007751187718,182.67002608875706,182.67048388953222,1483.0377151667508,5.557132827671869e-07,79.0,9.76493740351554e-07,0.009613816277494209,3836.070547863899,113494.2024577319,2.1041887838944753,4.465822266725202,17.0,12.0,0.0,34.0,79.0,False,False,True,True,True,False,1.0,0
fixed_policy_information_responsiveness,IL_RD,IL,IF,RD,GL,test_060_b3feb9e274c2,fe682fe273560fd0980f751cdfa7c31a0af682fbc188f47a4be67cd05391ad49,3,True,physical_path,29.0,79.0,15940.547512893158,102108.0856301569,0.0,118048.63314305006,8726.910324590479,99599.37517750719,3973.462394858914,3454.2792540468017,1349.9741711032368,944.6318209434339,43.63038619460148,1403.8234282685353,8035.78931687049,0.0005037185466728704,189.21199127473494,189.21249499328164,1533.0766794069498,5.747347154833916e-07,79.0,9.833239908896202e-07,0.01057808948013028,3973.4518167694337,118048.63314305006,2.102775105762285,4.406773333360131,17.0,12.0,0.0,34.0,79.0,False,False,True,True,True,False,1.0,0
fixed_policy_information_responsiveness,IL_RD,IL,IF,RD,GL,test_061_627abde70c26,9c8b14e19bd2698ae546067471c6494d669882592255e3ba42b51e389929b531,3,True,physical_path,29.0,79.0,15788.847064862712,100133.25007838027,0.0,115922.097143243,8604.89618342689,97754.08886075621,3897.6605452074896,3374.9728898488515,1345.0074495765782,945.4712144269425,43.03067127061089,1364.397620274335,7917.53551874449,0.0005349155368830318,185.60234818958168,185.6028831051186,1528.1463932873373,4.99565616991552e-07,79.0,9.97396650370181e-07,0.01123322627454367,3897.6493119812153,115922.09714324297,2.131120829893833,4.367680399989088,17.0,12.0,0.0,34.0,79.0,False,False,True,True,True,False,1.0,0
fixed_policy_information_responsiveness,IL_RD,IL,IF,RD,GL,test_062_0c9ea14e9507,af66fd8fb7365940ac5c1b9dc17d1039a43a9fd2a98560c7757a265c61778c70,3,True,physical_path,29.0,79.0,15784.582106486845,106242.16965982516,0.0,122026.75176631201,8760.635517268216,103364.80415378278,4135.340257752632,3465.189293321335,1355.4762184058234,945.3063257812219,44.0276603401858,1408.892102199906,8262.569575972602,0.000535771706145219,196.92042888318107,196.92096465488723,1544.1513940011564,6.189449264743297e-07,79.0,9.450552718204061e-07,0.011251205829049598,4135.329006546803,122026.751766312,2.1151615402142077,4.419654066674411,17.0,12.0,0.0,34.0,79.0,False,False,True,True,True,False,1.0,0
fixed_policy_information_responsiveness,IL_RD,IL,IF,RD,GL,test_063_44f0f2a191ef,9b047725f5e05c013bf644e7fe14234fc246265c97db48c08b1f430961820dbd,3,True,physical_path,29.0,79.0,14440.23802987941,100477.49135687192,0.0,114917.72938675135,7999.916389578513,97835.66733246512,3918.1465787539205,3045.9072321366,1227.3591936922023,890.7326601249633,41.09169491824863,1252.2021707139832,7787.394372583251,0.0004039665036962399,186.57800454558776,186.57840851209144,1451.4096842597953,5.882263497772312e-07,79.0,9.728045424925833e-07,0.008483296577621039,3918.138095457343,114917.7293867513,1.978993063211848,4.270882499947523,16.0,13.0,0.0,34.0,79.0,False,False,True,True,True,False,1.0,0
fixed_policy_information_responsiveness,IL_RD,IL,IF,RD,GL,test_064_27d69866b791,5f6b4edb7095f7ca58bdefc63fb823fc255df66a141464fcf1266546ab804d66,3,True,physical_path,29.0,79.0,14056.489936811164,89986.17094127175,0.0,104042.66087808293,7368.906816694605,88459.24070735928,3523.0381614582534,2595.7533483890907,1145.5414597622466,950.1803844194242,37.90872484252504,1098.6024700560492,7180.952869242134,0.00032621802909251076,167.76339575617345,167.76372197420255,1396.8493912468173,5.597857620366992e-07,79.0,9.8102652174605e-07,0.006850578610942726,3523.031310879642,104042.6608780829,2.0837824551773996,4.183035399997607,17.0,12.0,0.0,34.0,79.0,False,False,True,True,True,False,1.0,0
fixed_policy_information_responsiveness,IL_RD,IL,IF,RD,GL,test_065_930038cc16e9,ed770af97447cc6ec3b990ca1ef9540e1f795247d7d2c7f6ca7de9b23418ba1a,3,True,physical_path,29.0,79.0,14711.735501777175,104056.37517409034,0.0,118768.11067586752,8109.776198787174,101371.01475276228,4063.884324238928,3034.46136526537,1240.551087789867,948.4229470239202,41.47959688612186,1264.4195511317296,8035.8260138091355,0.00039066126796529166,193.5179104929667,193.51830115423468,1474.4963896101233,7.210713452504194e-07,79.0,9.355273980389057e-07,0.008203886627271124,4063.8761203523004,118768.11067586753,2.0907563931099937,4.332555666565895,17.0,12.0,0.0,34.0,79.0,False,False,True,True,True,False,1.0,0
fixed_policy_information_responsiveness,IL_RD,IL,IF,RD,GL,test_066_28fb87ba4913,9b548ccc36e0f1fcf56118f1c4cd88441dc46405c6bb547e1dc04c4a67ae436a,3,True,physical_path,29.0,79.0,16606.539249058253,106181.50674315794,0.0,122788.04599221621,9349.074192851791,103073.11864228913,4116.02904672648,3874.9923377996383,1432.7642362992854,942.0675362498941,46.64469207970061,1578.0245607105207,8292.823597082608,0.0005969053249766153,196.00078627212648,196.00138317745146,1579.1494928532966,6.218194372534717e-07,79.0,9.405572846794673e-07,0.012535011824508918,4116.016511714656,122788.04599221621,2.1303351850612837,4.380073599983007,17.0,12.0,0.0,34.0,79.0,False,False,True,True,True,False,1.0,0
fixed_policy_information_responsiveness,IL_RD,IL,IF,RD,GL,test_067_4d46fa716471,b2be1c4651c379ec66a4cbbceabbb946a1f8949b548124874b8ecbdce94c77f3,3,True,physical_path,29.0,79.0,14722.971989887097,105331.46343977761,0.0,120054.43542966469,8277.206811872524,102291.0070825088,4110.412045570061,3174.0885469848176,1254.2108531943197,947.5100895341608,42.53728110470963,1325.1365213465078,8061.796113086129,0.0004040551562018052,195.7335028767515,195.73390693190768,1478.134785012671,5.915114618282507e-07,79.0,9.631422676229244e-07,0.008485158280237909,4110.403560411781,120054.43542966469,2.1024990873438063,4.4423780666353805,17.0,12.0,0.0,34.0,79.0,False,False,True,True,True,False,1.0,0
fixed_policy_information_responsiveness,IL_RD,IL,IF,RD,GL,test_068_93da1d4ae1ba,1e5fab7a4bc73a2c903c60a4ba54bd432fc478ccc1813a3002391fd1bcefe179,3,True,physical_path,29.0,79.0,16495.894135677754,108515.61194903374,0.0,125011.50608471151,9207.85983974768,105499.93151198217,4217.118879892433,3732.1442645969423,1411.7069728035212,942.7446156887495,45.85247075877616,1526.6196998225132,8446.450340570249,0.0005758351330990147,200.8146089216494,200.81518475678254,1577.2664073693893,6.15722843237584e-07,79.0,9.749299849331037e-07,0.012092537795079308,4217.106787354638,125011.50608471148,2.136751252887556,4.4792384333753335,17.0,12.0,0.0,34.0,79.0,False,False,True,True,True,False,1.0,0
fixed_policy_information_responsiveness,IL_RD,IL,IF,RD,GL,test_069_5b01ea54b2fa,ab74b72396ecc5ee23369a0401781e1eedea17a51518978cc28be65bd8c7c6de,3,True,physical_path,29.0,79.0,15771.88791681142,91680.34938188751,0.0,107452.23729869892,8402.432770278074,90002.48721496155,3566.2283988229624,3217.7682413302136,1318.284642792767,945.0360305133803,41.93176691427619,1323.3600407609965,7443.869525823152,0.0004943382984593782,169.8199056056521,169.82039994395055,1504.4008275010526,4.566367901529605e-07,79.0,9.773096966066981e-07,0.010381104267646941,3566.218017718694,107452.23729869894,2.0817852977010283,4.20625703339465,17.0,12.0,0.0,34.0,79.0,False,False,True,True,True,False,1.0,0
fixed_policy_information_responsiveness,IL_RD,IL,IF,RD,GL,test_070_0cd9bcac96c3,af1c089b1585069ce3aa8660e2ccbc7790157d41b7564bd42a816925e624afb1,3,True,physical_path,29.0,79.0,16394.930174752193,104251.59091907984,0.0,120646.52109383202,9167.247133451701,101334.61176339992,4044.8827900114447,3745.142683383156,1411.6247633472212,943.0119602385931,45.58417624431812,1515.1425231058784,8173.55229354373,0.0005710181889845956,192.6128951728322,192.6134661910212,1570.1607569685123,5.324622348444333e-07,79.0,9.839286293347224e-07,0.011991381968676508,4044.8707986294758,120646.52109383204,2.1153765390627086,4.418007100078587,17.0,12.0,0.0,34.0,79.0,False,False,True,True,True,False,1.0,0
fixed_policy_information_responsiveness,IL_RD,IL,IF,RD,GL,test_071_34f77888383f,9ea4b08354972ecc8e92b86fbc35f8c0031316e3afe68c72a63a6e70a1bbc8a8,3,True,physical_path,29.0,79.0,14048.553127666137,94914.04493780357,0.0,108962.59806546972,7533.676743654317,92859.13517444895,3715.9927880314044,2746.203110155095,1157.7825682507405,949.8076809291853,38.91537864632892,1145.5521165359705,7426.123205037907,0.00033320272056185313,176.9517043225844,176.95203752530495,1402.3172780440336,5.375237612571003e-07,79.0,9.82895681918229e-07,0.006997257131798915,3715.985790774272,108962.59806546969,2.07924841607696,4.297265633319815,17.0,12.0,0.0,34.0,79.0,False,False,True,True,True,False,1.0,0
fixed_policy_information_responsiveness,IL_RD,IL,IF,RD,GL,test_072_8e59fac0e6c8,a92a7392849d15eefcaf1837db77746f72e76c3458114a652198fbbac7696f85,3,True,physical_path,29.0,79.0,14969.18977350601,101980.00473103569,0.0,116949.19450454171,8309.6874011837,99266.14227775352,3977.1672179490397,3156.457522506796,1253.7963553290717,985.9437298195493,42.07245162499796,1319.757119183222,7909.050406760219,0.00038101558865015874,189.38853412484184,189.3889151404305,1485.0787387849593,5.73181064132517e-07,79.0,9.63420186143786e-07,0.008001327361653333,3977.1592166216783,116949.19450454168,2.1045266666754694,4.4259044000258045,17.666666666666668,11.333333333333334,0.0,34.0,79.0,False,False,True,True,True,False,1.0,0
fixed_policy_information_responsiveness,IL_RD,IL,IF,RD,GL,test_073_69349232969b,2f362bb368dcdc730f872c8fef400b9c0f1ea176fcef502da962a890dc828cd3,3,True,physical_path,29.0,79.0,16104.048064061635,99975.25655374391,0.0,116079.30461780557,8862.516885306344,97428.89925468895,3882.221876977767,3584.1655463609372,1377.6147806855654,943.8862737859776,44.45634418220393,1452.6984200834895,7897.979676633389,0.0005761790375921407,184.86713224847517,184.86770842751275,1531.1550223577372,5.690104475772258e-07,79.0,9.736195357108537e-07,0.012099759789434955,3882.209777217978,116079.30461780554,2.109398963210847,4.3464905333239585,17.0,12.0,0.0,34.0,79.0,False,False,True,True,True,False,1.0,0
fixed_policy_information_responsiveness,IL_RD,IL,IF,RD,GL,test_074_212affc962e2,5e264f6232f1c29e769f71e598177184ad84a0bf9ff8df6be008bd7148f26ae7,3,True,physical_path,29.0,79.0,16036.281907016737,98440.09487270168,0.0,114476.3767797184,8804.758781299137,95995.449403127,3820.7162129885323,3544.125058948411,1366.761055231258,944.5662681241021,44.44233984153169,1455.400389112483,7816.664339284061,0.0005663973769867153,181.93830088779123,181.9388672851682,1525.974296169633,5.774940860823175e-07,79.0,9.183649687360412e-07,0.011894344916721021,3820.7043186436154,114476.37677971843,1.9893601586233995,4.138137500034645,17.0,12.0,0.0,34.0,79.0,False,False,True,True,True,False,1.0,0
fixed_policy_information_responsiveness,IL_RD,IL,IF,RD,GL,test_075_8de4e41c7ad9,166abe46fe8875dd98f46b7b2978bf6ca11460aaf2ee4dda761e02f6149bab0d,3,True,physical_path,29.0,79.0,14875.57699095897,93339.37138066645,0.0,108214.94837162543,8015.351975982263,91335.99013622409,3639.754309528091,3037.4316933171335,1239.3411004846412,947.0791560891865,40.67208752258215,1249.1992319549188,7410.508279677172,0.0004134202602617625,173.32122036679172,173.32163378705195,1443.3359712333483,5.091933054381804e-07,79.0,9.846265864365792e-07,0.008681825465497013,3639.7456277026254,108214.9483716254,2.0874836586078565,4.300080633334194,17.0,12.0,0.0,34.0,79.0,False,False,True,True,True,False,1.0,0
fixed_policy_information_responsiveness,IL_RD,IL,IF,RD,GL,test_076_48339f21c8ec,387a6bfe5e45be691df244ec9fae6a75828f663e05409a99728fee303e05e519,3,True,physical_path,29.0,79.0,16720.305104468498,107050.4374935996,0.0,123770.74259806809,9342.477621202108,104075.55959653393,4151.96652499387,3819.954200965801,1438.5682035789405,942.2164507934494,46.38552464394025,1558.5273004668852,8390.485559302962,0.0006106122216112821,197.71208105415315,197.71269166637475,1594.8990616065832,6.412630322510838e-07,79.0,9.64405719624715e-07,0.012822856653836924,4151.953702137215,123770.74259806809,2.123362872423069,4.435800366724531,17.0,12.0,0.0,34.0,79.0,False,False,True,True,True,False,1.0,0
fixed_policy_information_responsiveness,IL_RD,IL,IF,RD,GL,test_077_b1f2e84dc844,327faba7b538b224eb0dff4c274be7b98e160c294f315741e33a3e501ab91753,3,True,physical_path,29.0,79.0,16180.079654291723,95166.06051534257,0.0,111346.1401696343,8708.053039038285,93185.02311178566,3695.777610514966,3462.168779875697,1352.141892947883,942.9757354717725,43.635434083460076,1424.4077566692429,7657.664708603658,0.0005186529374892047,175.9888913715847,175.9894100245222,1515.0730385641546,5.949454105118261e-07,79.0,9.767098541786999e-07,0.010891711687273301,3695.7667188032788,111346.14016963427,2.106944749447592,4.303783133315544,17.0,12.0,0.0,34.0,79.0,False,False,True,True,True,False,1.0,0
fixed_policy_information_responsiveness,IL_RD,IL,IF,RD,GL,test_078_367d379a9297,f9d9eb992e504e9775b1d536a7a14d78c484ed66383cb9fe11fbb7eaa3b15364,3,True,physical_path,29.0,79.0,16117.916311395335,96784.43733974452,0.0,112902.35365113984,8636.310555086244,94855.7001862882,3764.6283250768006,3377.5979623609405,1325.2902152016209,942.826407126037,42.96995941861034,1393.1058768354021,7766.616402046756,0.00045107751980065974,179.26756440232785,179.26801547984766,1515.0262569950598,5.718885381522832e-07,79.0,9.508106479173434e-07,0.009472627915813854,3764.618852448885,112902.35365113984,2.092253583916945,4.451296033337712,17.0,12.0,0.0,34.0,79.0,False,False,True,True,True,False,1.0,0
fixed_policy_information_responsiveness,IL_RD,IL,IF,RD,GL,test_079_bce06ca59758,354b6f6d5badf8b78b4e947bce85d66a812832394cae0b2d8d8905466cdff072,3,True,physical_path,29.0,79.0,13847.925268256033,93517.1993321631,0.0,107365.12460041913,7373.715127573243,91553.0580436833,3661.1824469332387,2632.955692533407,1133.943145644597,1010.2701440513856,38.10772442268535,1104.0258052613342,7343.226465028912,0.00031394474649031886,174.34170733778868,174.34202128253517,1401.0926151591573,6.132592572750448e-07,79.0,9.662370629225387e-07,0.006592839676296695,3661.1758540935625,107365.12460041915,2.07805769080992,4.413756299996749,18.0,11.0,0.0,34.0,79.0,False,False,True,True,True,False,1.0,0
fixed_policy_information_responsiveness,IL_RD,IL,IF,RD,GL,test_080_e669407a98d7,121d71da3287fd0210c7b9434b794a18b7c744d477b29a53f3d620911cf9f336,3,True,physical_path,29.0,79.0,16080.035439753547,106106.94665954995,0.0,122186.98209930351,8908.945220442785,103189.08770844496,4129.327021593668,3626.053774989765,1388.9254567272492,944.6429171050444,44.66816545838179,1448.970100797637,8253.511161254806,0.0006088386897973337,196.6340112371992,196.63462007588896,1552.9665160672491,5.245451973047606e-07,79.0,9.661460920700815e-07,0.012785612485744008,4129.314235981183,122186.98209930347,2.128607104588621,4.389901966710265,17.0,12.0,0.0,34.0,79.0,False,False,True,True,True,False,1.0,0
fixed_policy_information_responsiveness,IL_RD,IL,IF,RD,GL,test_081_fbbd80304765,0b82e11f5cd1fea6f347b45e70d47396c0c136e422733b8ac33c145a65f3ca6e,3,True,physical_path,29.0,79.0,14315.26554564236,104834.68644293414,0.0,119149.9519885765,7928.70760578126,102001.8544941439,4098.637579681642,2959.9184510390446,1211.0147147221232,949.8191432085438,40.81908479217595,1221.0153771604676,8032.289777974341,0.0003718778896761266,195.17284620218848,195.17321808007816,1461.2412133951414,6.471210442647775e-07,79.0,9.57529155240091e-07,0.007809435683198658,4098.629770245959,119149.95198857652,2.1054262275668396,4.428300666700427,17.0,12.0,0.0,34.0,79.0,False,False,True,True,True,False,1.0,0
fixed_policy_information_responsiveness,IL_RD,IL,IF,RD,GL,test_082_2cf496ac3a99,2a7046d4a4e1fe03445d9dae89497a78aa0ff11fe474d9f7fdbf7d09c4f5ff24,3,True,physical_path,29.0,79.0,16500.251313780172,102979.34377229359,0.0,119479.59508607378,9038.988312309559,100443.28134532679,4000.941096114024,3651.1181759424912,1402.6579666757918,942.6081897051337,44.77491241867015,1473.77094373369,8143.05771115658,0.0005851398906271233,190.52041943696767,190.5210045768583,1562.5197680636538,5.071820246346874e-07,79.0,9.578180554330525e-07,0.012287937703169589,4000.928808176321,119479.59508607378,2.130336174706597,4.368382499941315,17.0,12.0,0.0,34.0,79.0,False,False,True,True,True,False,1.0,0
fixed_policy_information_responsiveness,IL_RD,IL,IF,RD,GL,test_083_4cbdde5f376f,21703e1831e6b1210ccf39ad402121126a8f354e5dd13cff5081d7a07b4a2274,3,True,physical_path,29.0,79.0,15968.384632739295,98030.38858218398,0.0,113998.77321492328,8614.196235086427,95882.38251546687,3815.444556438501,3385.552155210357,1356.1061576516602,945.0915950694806,42.93510534750764,1364.3319687048531,7812.852180398278,0.0005581273623407344,181.68727789351865,181.687836020881,1524.5660290646374,5.276268338277541e-07,79.0,9.738777498492102e-07,0.011720674609155421,3815.4328357638915,113998.77321492329,2.113715801141814,4.466638666732858,17.0,12.0,0.0,34.0,79.0,False,False,True,True,True,False,1.0,0
fixed_policy_information_responsiveness,IL_RD,IL,IF,RD,GL,test_084_513eb18f351c,341db6669dc186ed38f4ff6debc2545e4eb1d075fadf4fe32c2aabeb61a2d25b,3,True,physical_path,29.0,79.0,15831.728375943409,100928.80878556147,0.0,116760.5371615049,8651.45700226816,98474.75262904773,3928.0042882303574,3431.5604023718793,1349.350219815681,925.412619771043,43.42444519361336,1388.9687105205358,7953.720079455266,0.0005461964729308754,187.04727705259168,187.04782324906463,1522.864922751569,5.628081448385432e-07,79.0,9.250624230975084e-07,0.011470125931548385,3927.9928181044256,116760.53716150485,2.1220113161025336,4.308671433400984,16.666666666666668,12.333333333333334,0.0,34.0,79.0,False,False,True,True,True,False,1.0,0
fixed_policy_information_responsiveness,IL_RD,IL,IF,RD,GL,test_085_650c50514b66,e94f854176fa26c2ed212d69844def725d10578665dd847cab94c351dbec1cda,3,True,physical_path,29.0,79.0,17244.714940621776,101392.89004583571,0.0,118637.6049864575,9377.186995140271,99047.42968701404,3929.1650269228744,3888.0010868944846,1455.8172275853203,940.0049629005056,46.06933209437286,1566.4446080872647,8118.718668413917,0.0006453997985186988,187.10245112033837,187.1030965201369,1586.0943584198214,5.577779604345775e-07,79.0,9.576826766031478e-07,0.013553395768892676,3929.1514735271053,118637.60498645749,2.1301669839089845,4.457254666679849,17.0,12.0,0.0,34.0,79.0,False,False,True,True,True,False,1.0,0
fixed_policy_information_responsiveness,IL_RD,IL,IF,RD,GL,test_086_754dc8e1ab0e,ea444f07bd4f0035c9bf3a885f359d285cd12879a434942844a860db87947cd3,3,True,physical_path,29.0,79.0,16644.56122896152,106487.64698294533,0.0,123132.20821190684,9197.835652010986,103652.82765653521,4138.380536320356,3754.553021564769,1407.9333167740224,980.6780287014558,45.60680573221006,1529.9254604304458,8337.720558455576,0.0005658807079730388,197.06517394407092,197.06573982477892,1573.2870347653181,6.677443007354862e-07,79.0,9.666400860826146e-07,0.011883494867433814,4138.368652825489,123132.20821190679,2.1442793183799442,4.524133700023715,17.666666666666668,11.333333333333334,0.0,34.0,79.0,False,False,True,True,True,False,1.0,0
fixed_policy_information_responsiveness,IL_RD,IL,IF,RD,GL,test_087_cbc79ee243dd,691486e3c17626ca20c775eaa69679e041e484b6d253bf1a67a4cf50a423fb8c,3,True,physical_path,29.0,79.0,15310.144877685821,107840.94459779614,0.0,123151.08947548196,8670.102182519542,104574.51653440052,4198.904112150222,3440.699495735246,1320.959750907397,945.9073997690261,44.23485421406847,1417.8047042871058,8261.803863499716,0.000493040096161797,199.94732182420012,199.94781486429625,1518.8123380520944,6.158381748603521e-07,79.0,9.70852698475952e-07,0.010353842019397737,4198.893758308203,123151.08947548196,2.120133808035211,4.4288505998750525,17.0,12.0,0.0,34.0,79.0,False,False,True,True,True,False,1.0,0
fixed_policy_information_responsiveness,IL_RD,IL,IF,RD,GT,test_000_4ae657b9eeec,75ed41740f0c0ea197ff0f6944b61b9920fa00e925068801312b85d79b461d66,3,True,physical_path,29.0,79.0,16358.986052460948,102013.52432597913,0.0,118372.5103784401,8932.031431258556,99557.59223889007,3967.6148670520397,3585.5537631847615,1386.7314417391447,942.9866363155602,44.36104498690286,1451.021021516852,8065.2573537344515,0.0005676784262672551,188.93347360976608,188.93404128819236,1552.4388333458694,5.29836369494554e-07,79.0,9.190331197835448e-07,0.011921246951612357,3967.6029458050875,118372.51037844013,2.1196939207014,4.2488172332911445,17.0,12.0,0.0,34.0,79.0,False,False,True,True,True,False,1.0,0
fixed_policy_information_responsiveness,IL_RD,IL,IF,RD,GT,test_001_dde9993de777,b808f465cc0e3fe36a03bec0642f5929d80ca792c9eab50b8a5f7d736e2b2a4a,3,True,physical_path,29.0,79.0,15042.785090084239,107397.89118060045,0.0,122440.6762706847,8332.855752487349,104449.86716231932,4192.359107522764,3238.6395565892017,1279.52110617036,947.4335855956924,42.48393110021101,1316.3555227949353,8243.250894028171,0.0004522683745349831,199.63569570889993,199.6361479772745,1498.5159716818064,6.88578118903403e-07,79.0,9.492145966069733e-07,0.009497635865234643,4192.349609886899,122440.67627068468,2.1048146471375837,4.464196000092973,17.0,12.0,0.0,34.0,79.0,False,False,True,True,True,False,1.0,0
fixed_policy_information_responsiveness,IL_RD,IL,IF,RD,GT,test_002_f01217ab0e79,24aabe5c62e36a790e477ed18aff5dac1142b7af1d1d88af275176c9d7ea1387,3,True,physical_path,29.0,79.0,15821.367071284978,91701.5583358791,0.0,107522.92540716408,8336.59579270895,90148.30167958634,3571.792894525302,3206.558403399718,1314.8313234689265,944.8453134748606,41.48202591352311,1302.4711641486535,7452.285436818714,0.00049924636322474,170.08487668341303,170.08537592977623,1494.2826801513747,4.551897267269701e-07,79.0,9.810253960772875e-07,0.010484173627719537,3571.7824103516737,107522.92540716409,2.1159277712690763,4.264144999984031,17.0,12.0,0.0,34.0,79.0,False,False,True,True,True,False,1.0,0
fixed_policy_information_responsiveness,IL_RD,IL,IF,RD,GT,test_003_eb3106001035,0fccfaeb1ade372557c677b5e07cb40e189af0a7e2bbdb2c2978a5d58d41fc2d,3,True,physical_path,29.0,79.0,15712.078971278048,101071.82735504117,0.0,116783.90632631922,8602.16426826352,98551.93230445929,3934.0989293592593,3407.1170859251065,1343.0208319885803,945.5729063234618,43.338668293957916,1379.146327464104,7949.346059826851,0.0005380543314386735,187.3375062008714,187.33804425520282,1521.6619447375624,5.425811671383919e-07,79.0,9.692180687096127e-07,0.011299140960212143,3934.0876302182987,116783.90632631925,2.1245434540297152,4.464244366701071,17.0,12.0,0.0,34.0,79.0,False,False,True,True,True,False,1.0,0
fixed_policy_information_responsiveness,IL_RD,IL,IF,RD,GT,test_004_55a330aff5c4,9a4b0569bbc20b830eb1ee3bb7731626cfbae3f9f8cf1cf45343c7ba4ed58e52,3,True,physical_path,29.0,79.0,15925.502572610558,93255.72633684469,0.0,109181.22890945524,8491.895582843077,91533.03414358868,3626.7803363812723,3262.287783870786,1323.1243685088532,944.1066942625724,42.33104495440621,1348.3823211008275,7552.43780420798,0.0004892321218287536,172.7033363098435,172.70382554196536,1505.7341965173662,5.028525133072889e-07,79.0,9.827294849169919e-07,0.010273874558403825,3626.770062506714,109181.22890945524,2.0892099988561164,4.41540260007605,17.0,12.0,0.0,34.0,79.0,False,False,True,True,True,False,1.0,0
fixed_policy_information_responsiveness,IL_RD,IL,IF,RD,GT,test_005_981c73a17708,bd46abfec5f078f3c0b19ad420f7d1eec7f2f95d2b406a00ba59ae9d93fc20a4,3,True,physical_path,29.0,79.0,15245.631069368532,99996.85986130704,0.0,115242.49093067557,8315.97029334085,97653.27626698463,3899.429539897526,3153.8967734180883,1273.8269733954417,946.0910836390389,42.05047270069448,1315.3515465443752,7860.8677530121895,0.0004186106297353236,185.6867023368715,185.68712094750126,1498.2556102756844,5.462321176523894e-07,79.0,9.828415007540371e-07,0.008790823224441796,3899.420749074301,115242.49093067557,2.105911966683557,4.345199900058408,17.0,12.0,0.0,34.0,79.0,False,False,True,True,True,False,1.0,0
fixed_policy_information_responsiveness,IL_RD,IL,IF,RD,GT,test_006_daba4b1e9814,75d8e3ad38430229f3cdc728b83652efff820d1f0dd36a5cd061b247917ecdf8,3,True,physical_path,29.0,79.0,15829.949315971637,97886.42074074222,0.0,113716.37005671386,8514.204828359221,95802.64521652895,3812.0810493249264,3318.0177919868424,1325.0035667304498,944.4176037834403,42.75805906772109,1362.716507352499,7792.883452715566,0.0004896325218646803,181.52717938295083,181.5276690154727,1507.3869151710915,6.447044009593917e-07,79.0,9.484985081332511e-07,0.010282282959158286,3812.070767041967,113716.37005671383,2.1016073609252683,4.3912560000705225,17.0,12.0,0.0,34.0,79.0,False,False,True,True,True,False,1.0,0
fixed_policy_information_responsiveness,IL_RD,IL,IF,RD,GT,test_007_925513ee8ec6,957d3dac7377db030d8efcc559a3fc404ec47b9f9427c91498d013d77b53a266,3,True,physical_path,29.0,79.0,18611.727654347556,97173.72508274687,0.0,115785.45273709443,9918.401495370317,95368.340794317,3751.8614935601204,4242.598541832523,1567.917730959891,936.332681054591,47.870099855833644,1695.8896792338064,8031.435694609448,0.0008439202871071068,178.6592272016234,178.6600711219105,1645.9379484733454,5.199126970920818e-07,79.0,9.843796328773566e-07,0.017722326029249242,3751.8437712340915,115785.45273709443,2.132190172432055,4.2392916666188585,17.0,12.0,0.0,34.0,79.0,False,False,True,True,True,False,1.0,0
fixed_policy_information_responsiveness,IL_RD,IL,IF,RD,GT,test_008_fabe46a0ea00,0996fbf8c5be056e9a791faf37c1568c2dc3325672b618fb6690495c48960310,3,True,physical_path,29.0,79.0,14758.2969863563,93054.6208911867,0.0,107812.91787754298,7832.612654900883,91294.36270393514,3635.475828007425,2873.7533437622787,1228.2596228943266,948.4537240429827,39.777066524700764,1191.282186410717,7424.058252523151,0.00040659419324204593,173.1174899775889,173.11789657178215,1449.6542140973445,5.504339418632392e-07,79.0,9.101990129037792e-07,0.008538478058082962,3635.4672895293666,107812.91787754302,2.080977605752133,4.245780966710299,17.0,12.0,0.0,34.0,79.0,False,False,True,True,True,False,1.0,0
fixed_policy_information_responsiveness,IL_RD,IL,IF,RD,GT,test_009_c8ef87e47101,03ce056d9504b5b9251870ba36fce4267bfe22fa89f4bd0577a9954153b78ab2,3,True,physical_path,29.0,79.0,14631.704864071953,105588.86258867646,0.0,120220.56745274844,8257.379399207508,102491.56348420113,4116.366609906866,3162.0222122818973,1245.7349241190857,947.5008230319823,42.65231043858582,1329.6360103258394,8081.444974669372,0.0003930721756899107,196.01706454243697,196.01745761461265,1473.4728137775237,6.674458421545608e-07,79.0,9.517457292954631e-07,0.008254515689488125,4116.358355391176,120220.56745274847,2.099073586212043,4.631351133420442,17.0,12.0,0.0,34.0,79.0,False,False,True,True,True,False,1.0,0
fixed_policy_information_responsiveness,IL_RD,IL,IF,RD,GT,test_010_613ab99db82c,8253022823d5a215e2583b996ae67139d72d8adc75a9ea76d7291e805e31f0a2,3,True,physical_path,29.0,79.0,14361.963211785596,90878.90411001856,0.0,105240.86732180417,7643.634869919192,89139.05678355762,3550.321136594875,2727.359034984985,1171.965005717963,1008.5304910295305,38.85644038777042,1159.6868738684864,7259.0878849884675,0.0003308151393607626,169.06258045128322,169.06291126642262,1427.1037182188504,5.258694852182255e-07,79.0,9.594087995776855e-07,0.006947117926576016,3550.3141894769483,105240.86732180417,2.0709927609302747,4.102970866719261,18.0,11.0,0.0,34.0,79.0,False,False,True,True,True,False,1.0,0
fixed_policy_information_responsiveness,IL_RD,IL,IF,RD,GT,test_011_8a2e74b38d5d,b824165b944fb1d86e7d4136e62bf979a2d34ce44df3cdf01e75a763724ca312,3,True,physical_path,29.0,79.0,15847.681043936724,112996.09131444736,0.0,128843.77235838409,9059.486918723464,109385.47601409571,4393.683051249638,3699.4491880478295,1380.664930428257,925.0122558391837,45.72237286799807,1499.8846631897832,8614.549374940698,0.0005655484245096902,209.22243689203447,209.223002440459,1559.1059902880454,6.66589573784108e-07,79.0,9.804380385029939e-07,0.011876516914703495,4393.6711747327245,128843.7723583841,2.1311473655353845,4.548131033312529,16.666666666666668,12.333333333333334,0.0,34.0,79.0,False,False,True,True,True,False,1.0,0
fixed_policy_information_responsiveness,IL_RD,IL,IF,RD,GT,test_012_b6bdc05b20a7,edeec4d1f91f6f1c3ba0da1aaf276e2980c22cd017c9d346001dbdbeef6561d5,3,True,physical_path,29.0,79.0,16192.724980997924,104772.58541506878,0.0,120965.3103960667,8952.456079182204,102043.23934769914,4073.2516846609687,3570.9262744271728,1381.842950988633,943.5940591085968,44.700029735527,1459.3770175372574,8223.62282886592,0.0005552237527454647,193.96381071248388,193.96436593623662,1563.8198634543169,5.594786754435261e-07,79.0,9.859276775411307e-07,0.011659698807654759,4073.240024962161,120965.3103960667,2.120355848273819,4.4032024999614805,17.0,12.0,0.0,34.0,79.0,False,False,True,True,True,False,1.0,0
fixed_policy_information_responsiveness,IL_RD,IL,IF,RD,GT,test_013_040653995d85,2a3f86788826a75d0de1d4e0c5a0a4ad5dd4e8f1e00bcf6e5fda30c62147be3e,3,True,physical_path,29.0,79.0,14504.939074971151,87502.42417758777,0.0,102007.36325255893,7655.710526419666,86044.5057918839,3414.8248054933774,2766.654398365245,1178.204273514844,947.4634568818987,39.17108013002377,1182.4008918354718,7069.6363843254285,0.0003423449050270972,162.61036267858913,162.61070502349415,1407.712173863546,5.095768618918345e-07,79.0,9.741564051999903e-07,0.0071892430055690406,3414.817616250372,102007.36325255892,2.06421144712909,4.313205033385505,17.0,12.0,0.0,34.0,79.0,False,False,True,True,True,False,1.0,0
fixed_policy_information_responsiveness,IL_RD,IL,IF,RD,GT,test_014_f00647451070,7ad601c322ea2fcf691d98774905f79d0c6933a53f28eeac922ceab084665ca3,3,True,physical_path,29.0,79.0,14749.56025112333,91803.66077105764,0.0,106553.22102218097,7865.3195932477365,90034.74666168653,3581.222734344719,2915.9896091039323,1227.7725102178476,928.1699135801977,40.02133105018857,1209.8518533121714,7342.039087545429,0.0004137822005092012,170.53400213897658,170.5344159211771,1440.9156119636566,5.34448876062022e-07,79.0,9.68753343900015e-07,0.008689426210693225,3581.214044918508,106553.22102218098,2.0838620551679843,4.376192866669347,16.666666666666668,12.333333333333334,0.0,34.0,79.0,False,False,True,True,True,False,1.0,0
fixed_policy_information_responsiveness,IL_RD,IL,IF,RD,GT,test_015_643a837775f9,0bdb5da5c9f39a1f5f16016cd38cb9bd2d3650ade00801bf72abf1b5c1ef2fe9,3,True,physical_path,29.0,79.0,18586.640425397007,108765.18933528835,0.0,127351.82976068534,10310.501820831927,105757.99699164391,4200.999168435151,4526.202880825303,1618.9091658557463,937.2197330933004,49.89886147809742,1787.2979371123718,8648.655356655667,0.0009653530204811805,200.04661409627238,200.04757944929284,1686.169929975491,5.71029395424812e-07,79.0,9.529608637127244e-07,0.02027241343010479,4200.978896021719,127351.82976068534,2.137521042539363,4.379416133277118,17.0,12.0,0.0,34.0,79.0,False,False,True,True,True,False,1.0,0
fixed_policy_information_responsiveness,IL_RD,IL,IF,RD,GT,test_016_45a90ccef8bd,5d3ce39b508a4ccb3e9dcf8f61989ac456296e3755e7ad04d31e21895bc1ec7a,3,True,physical_path,29.0,79.0,16053.905696310407,108769.49411604418,0.0,124823.39981235459,9108.301275155349,105431.25950041904,4223.749000818076,3719.2933918984854,1396.897023240371,943.8996208232694,45.7209727480965,1508.0117895306196,8397.50011802455,0.0005824619929909987,201.13032233886778,201.13090480086075,1565.5739262288614,5.688045435388111e-07,79.0,9.926269491829003e-07,0.012231701852810972,4223.7367691162235,124823.39981235459,2.132087249426578,4.42411690003549,17.0,12.0,0.0,34.0,79.0,False,False,True,True,True,False,1.0,0
fixed_policy_information_responsiveness,IL_RD,IL,IF,RD,GT,test_017_ebd333a3cdba,a3c85008563f8c8c015d326ebf96d911a84dfa810c1806a6610330bd74827e2b,3,True,physical_path,29.0,79.0,16201.3272884107,98882.7854367053,0.0,115084.112725116,8755.98509762006,96732.0555655654,3847.0660041395518,3449.9291518152518,1355.6188788097174,943.4580271660235,43.717542732271745,1421.3778072865334,7877.052928582435,0.0005075598216747762,183.1931116849189,183.19361924474057,1530.6790720590795,6.222342161831756e-07,79.0,9.386205863655748e-07,0.010658756255170298,3847.0553453832968,115084.112725116,2.085839917243662,4.18653446668759,17.0,12.0,0.0,34.0,79.0,False,False,True,True,True,False,1.0,0
fixed_policy_information_responsiveness,IL_RD,IL,IF,RD,GT,test_018_9466cee538c9,86253eb5a2d091cc16d1f9a3a320e171c30977628d47b9c2faefafd18ea0aa0d,3,True,physical_path,29.0,79.0,16595.961184676635,99096.25314004191,0.0,115692.21432471856,9063.618370131728,96675.92054853674,3844.617420559174,3691.2436663021913,1414.723532523011,1002.0907866657179,44.81845625246232,1483.6850881189712,7911.936088791801,0.0006237422196128474,183.0763962844077,183.07702002662734,1564.5860213392098,5.135300002947206e-07,79.0,9.837991819530793e-07,0.013098586611869793,3844.604321972563,115692.21432471856,2.1298410390723155,4.380415233317763,18.0,11.0,0.0,34.0,79.0,False,False,True,True,True,False,1.0,0
fixed_policy_information_responsiveness,IL_RD,IL,IF,RD,GT,test_019_9d2b7462a57a,e3686a781bf5d9cc8a1a95f6cfee4adb410e97762f9815f7f575cd1c7c688f06,3,True,physical_path,29.0,79.0,17452.984974466195,98509.94965439597,0.0,115962.93462886215,9509.653479552942,96213.59208832002,3806.363997555316,4008.6333981651464,1485.544438648689,939.1472266200564,46.93248483158474,1619.55820258657,7968.556875819319,0.0007162559172106815,181.25471219909784,181.25542845501505,1593.011524461701,5.764866145389411e-07,79.0,9.704905577413508e-07,0.01504137426142431,3806.3489561810543,115962.93462886217,2.1245283103606867,4.492415033358459,17.0,12.0,0.0,34.0,79.0,False,False,True,True,True,False,1.0,0
fixed_policy_information_responsiveness,IL_RD,IL,IF,RD,GT,test_020_701c8d28bc45,64a6b03bce01c1a89c724a633f63003ecd11109f06a7e37ec1b0cd196da48626,3,True,physical_path,29.0,79.0,16311.833312000826,104718.85877276602,0.0,121030.69208476685,9102.015015330862,101796.53231260764,4066.168633096792,3714.999394595714,1407.776419342831,943.2003097929415,45.42916896900196,1503.204319673184,8194.845554764344,0.0006008316267984293,193.6264769348871,193.6270777665139,1563.336299069552,5.048994609394508e-07,79.0,9.743045772573482e-07,0.012617464162767012,4066.156015632629,121030.69208476676,2.1280234022809985,4.337899633295213,17.0,12.0,0.0,34.0,79.0,False,False,True,True,True,False,1.0,0
fixed_policy_information_responsiveness,IL_RD,IL,IF,RD,GT,test_021_69299bc5d0bf,6e755751a4e65a356d16122e1fe19db7f245d1323155a143f838c95d128bde6f,3,True,physical_path,29.0,79.0,15941.23508351644,94607.59996514535,0.0,110548.8350486618,8464.255492804756,92852.21224194443,3684.4733672624097,3278.0314094705045,1325.599821770596,944.2627154090984,42.18525222062038,1338.9678295500328,7628.484737694377,0.0004979869632239219,175.45061473981818,175.4511127267814,1506.4824904174866,5.448903950782113e-07,79.0,9.76935715258834e-07,0.010457726227702363,3684.4629095361815,110548.8350486618,2.1072166528627707,4.3032340332865715,17.0,12.0,0.0,34.0,79.0,False,False,True,True,True,False,1.0,0
fixed_policy_information_responsiveness,IL_RD,IL,IF,RD,GT,test_022_1b3e72c80b5f,206d3dd2f49133cdef746f58bc516b176cdbc2a51f7ebbbc523df6455ae5b53c,3,True,physical_path,29.0,79.0,16463.145602478227,92640.68120190974,0.0,109103.82680438798,8696.968404350966,91072.8738634506,3598.932214134118,3421.248702292253,1370.9904281616266,942.8131919984293,42.97969734861734,1389.3509873653359,7585.831844336211,0.0005547425623802595,171.37716974001466,171.37772448257707,1536.4798795639044,5.025169701552293e-07,79.0,9.595549833333549e-07,0.011649593809985452,3598.9205645403085,109103.82680438801,2.101565264379498,4.296149366690467,17.0,12.0,0.0,34.0,79.0,False,False,True,True,True,False,1.0,0
fixed_policy_information_responsiveness,IL_RD,IL,IF,RD,GT,test_023_90a8af416c5a,6f307309d3320cf90229ccbd42690532f83de1f86a41507c5e6229792230343f,3,True,physical_path,29.0,79.0,17028.262680945354,100784.45902949649,0.0,117812.72171044185,9365.536706425568,98207.67181015197,3902.0569780824467,3935.4972628304226,1460.1199175899826,941.8390353614701,46.7586880472824,1597.1616429114813,8031.370969906601,0.0006973226278852983,185.81153972891718,185.81223705154505,1577.4026585763888,6.432897788963573e-07,79.0,9.71027832547483e-07,0.014643775185591264,3902.042334307261,117812.72171044185,1.9837756045778205,3.982795266667381,17.0,12.0,0.0,34.0,79.0,False,False,True,True,True,False,1.0,0
fixed_policy_information_responsiveness,IL_RD,IL,IF,RD,GT,test_024_e90f261f99e2,a2217a451505b72ecffb15b706f82fa13dd02e5246239352e71c874c3e2b909b,3,True,physical_path,29.0,79.0,15382.195662766637,103594.57639847898,0.0,118976.77206124563,8611.720614247535,100683.59599536944,4031.817810260138,3387.0902552623234,1316.7894697526033,945.7579163535798,43.62560732293057,1393.6388329445226,8037.310630881689,0.00046755220336771214,191.99085674589844,191.99132429810183,1513.7910036910314,5.70223896864495e-07,79.0,9.827442581383522e-07,0.009818596270721956,4031.8079916638676,118976.77206124563,2.0987575896453627,4.359821066648389,17.0,12.0,0.0,34.0,79.0,False,False,True,True,True,False,1.0,0
fixed_policy_information_responsiveness,IL_RD,IL,IF,RD,GT,test_025_0c3eeaae0824,481de4be35a821cd093f24ffad7eca6efe30e96f4cd9848aff621fcb70d542fd,3,True,physical_path,29.0,79.0,15589.98731576012,102837.30181659973,0.0,118427.28913235985,8487.349361571221,100388.54646931069,4006.038511305867,3291.201561947971,1308.9664692222893,945.1867590018046,42.8562464987111,1351.421185924401,8075.97684424798,0.00048529456070185045,190.763253339052,190.76373863361275,1522.155278324717,6.851600086692005e-07,79.0,9.514437105979347e-07,0.01019118577473886,4006.0283201200928,118427.28913235985,2.1053329057397385,4.379253300062071,17.0,12.0,0.0,34.0,79.0,False,False,True,True,True,False,1.0,0
fixed_policy_information_responsiveness,IL_RD,IL,IF,RD,GT,test_026_770d47ae1768,0f2bea7027db9d8baf45b68efc718379be3d8148c45feaa470d4d0623fef3f41,3,True,physical_path,29.0,79.0,15163.290096572504,111962.99743142987,0.0,127126.28752800236,8605.15731078548,108467.52241920117,4364.786639562849,3438.3748007682566,1303.4330705888124,947.0132870957738,43.705191127005,1388.0932598504971,8483.971114108968,0.0004650303232258092,207.8465178060029,207.84698283632613,1511.9982462410765,7.149314108445265e-07,79.0,9.496127117555144e-07,0.009765636787741993,4364.776873926061,127126.28752800236,2.1016603689667526,4.466841466724873,17.0,12.0,0.0,34.0,79.0,False,False,True,True,True,False,1.0,0
fixed_policy_information_responsiveness,IL_RD,IL,IF,RD,GT,test_027_df5d670513fa,81fd0061cbc1e7018bd5b9eb1239ce1515bc6cbada40b12f82000eb260b5e055,3,True,physical_path,29.0,79.0,16151.193186660283,95612.8399287269,0.0,111764.03311538718,8609.461576949661,93778.5360118661,3719.934276822409,3364.4182439938018,1347.9825116262934,943.7004941288847,42.74754531506763,1369.2040943113188,7714.659969609068,0.0005302787227453415,177.13919718901104,177.1397274677338,1525.6154530451738,4.911700333246866e-07,79.0,9.63609311378679e-07,0.011135853177652172,3719.9231409692316,111764.03311538718,2.1201185827443223,4.431570133271937,17.0,12.0,0.0,34.0,79.0,False,False,True,True,True,False,1.0,0
fixed_policy_information_responsiveness,IL_RD,IL,IF,RD,GT,test_028_e9fb02365dd3,5d802ed0aa2ed1e79c8a0eb81c45c7d2acaad5c313db1e25b12244cb5da1a3f1,3,True,physical_path,29.0,79.0,14882.622035566836,93648.23004122976,0.0,108530.8520767966,7912.44865288111,91829.99069519476,3656.435613437751,2946.835309542017,1237.2890662893562,947.8527394516374,39.93637751085543,1203.5272225541755,7464.275130234991,0.00041517282091803565,174.1155664194529,174.11598159227387,1449.0405029078277,4.966458860786315e-07,79.0,9.333453810390886e-07,0.008718629239278748,3656.4268948085114,108530.85207679664,2.083542662067874,4.315734933285664,17.0,12.0,0.0,34.0,79.0,False,False,True,True,True,False,1.0,0
fixed_policy_information_responsiveness,IL_RD,IL,IF,RD,GT,test_029_b44f60718c5a,864fc5477a80617dcd1dfd105218334b6714ff3283b58095987765279672cc93,3,True,physical_path,29.0,79.0,14562.866891132353,99984.52922075283,0.0,114547.39611188519,8005.117691350978,97422.47175187164,3903.6681815806755,2987.2936202740584,1220.654825897346,1008.1900409104802,40.748495298278556,1239.9751744542295,7771.899563817259,0.00037997535465293853,185.8885810522966,185.88896102765125,1464.1645262321053,5.899089341161153e-07,79.0,9.644490535826668e-07,0.00797948244771171,3903.660202098228,114547.39611188519,2.101453541389977,4.350838366663083,18.0,11.0,0.0,34.0,79.0,False,False,True,True,True,False,1.0,0
fixed_policy_information_responsiveness,IL_RD,IL,IF,RD,GT,test_030_038f4c53d11f,c289c0180e19d4efe38d6fb3cf749dc58fb2fc82a28248babf37eba4d050247c,3,True,physical_path,29.0,79.0,15788.03511610924,94109.28447140039,0.0,109897.31958750961,8398.87246090854,92314.90081130904,3665.966876124175,3257.6570827885457,1315.3688650241702,944.5534913551622,42.14544308771837,1336.1832730665658,7569.913749972256,0.0004916228197357212,174.5693596211886,174.56985124400833,1493.5945112684321,5.592950450559416e-07,79.0,9.272292350174861e-07,0.010324079214450145,3665.956552044961,109897.31958750963,2.1021789425459487,4.191124533380692,17.0,12.0,0.0,34.0,79.0,False,False,True,True,True,False,1.0,0
fixed_policy_information_responsiveness,IL_RD,IL,IF,RD,GT,test_031_0a6ff70351b5,66453c50834fa3dcd176a36c69c2cd344e4023d8d34a02e0efe688cf2781c3f9,3,True,physical_path,29.0,79.0,14789.889295655308,99529.62998669234,0.0,114319.51928234764,8071.423558972699,97183.29005191168,3887.8599148024095,2993.0330099550497,1236.0437607636884,947.8689859420755,41.00299147270738,1252.181074855421,7776.988241767726,0.0003817857813296362,185.135804633381,185.13618641916233,1466.9624568884537,5.412870199630267e-07,79.0,9.492920370830292e-07,0.00801750140792236,3887.8518973010014,114319.51928234762,2.109272574716858,4.35419339997073,17.0,12.0,0.0,34.0,79.0,False,False,True,True,True,False,1.0,0
fixed_policy_information_responsiveness,IL_RD,IL,IF,RD,GT,test_032_efdf826e6bc3,f68d8f9fe8ed71a08598d0d2dbfcc8624aee20f294eb03c5d0d1b47b192231a8,3,True,physical_path,29.0,79.0,16507.305780577317,99463.36796686049,0.0,115970.67374743782,8965.074735184586,97183.14863503388,3861.873135699425,3590.315235192899,1388.8156682148285,981.4463381121737,44.35390021831432,1464.1958470154914,7950.553280917456,0.0005661813491780221,183.89815456624248,183.89872074759168,1555.6578995184273,5.593632112318849e-07,79.0,9.323432586021608e-07,0.011889808332738463,3861.861245891092,115970.67374743782,2.1254403172435516,4.549566100118682,17.666666666666668,11.333333333333334,0.0,34.0,79.0,False,False,True,True,True,False,1.0,0
fixed_policy_information_responsiveness,IL_RD,IL,IF,RD,GT,test_033_de0c441dba67,7ec9546050ec128248d8d481b870b6380d6ca6d723d82627518325ffbdc72f3a,3,True,physical_path,29.0,79.0,15919.60423159944,103617.15726777162,0.0,119536.76149937107,8794.866620376155,100896.05944946613,4031.2814946037784,3481.863712209832,1349.2881159809556,983.4021067342096,43.92003600888906,1423.9757172002855,8106.06208901338,0.0005146764425454551,191.96527078088025,191.96578545732277,1535.7163293938918,5.840644525547968e-07,79.0,9.740463822738123e-07,0.010808205293454559,4031.2706863984845,119536.76149937107,2.127618882767642,4.415612900008758,17.666666666666668,11.333333333333334,0.0,34.0,79.0,False,False,True,True,True,False,1.0,0
fixed_policy_information_responsiveness,IL_RD,IL,IF,RD,GT,test_034_a00d80b83640,0f4bc5cfced121212348bbd1013ec4964294f487da2bfeef2082f3134c966878,3,True,physical_path,29.0,79.0,15618.009855323175,103637.75391379655,0.0,119255.76376911973,8613.997171817291,100925.06391011058,4035.1888954700808,3402.3519392828143,1333.423077337625,945.7387751013557,43.377464447999024,1378.0773263803396,8087.807376457188,0.0005093211691915308,192.15134284407273,192.15185216524193,1522.6302740565316,5.907882976950278e-07,79.0,9.801772608108499e-07,0.010695744553022147,4035.1781997255275,119255.76376911975,2.118606799999359,4.427182833353679,17.0,12.0,0.0,34.0,79.0,False,False,True,True,True,False,1.0,0
fixed_policy_information_responsiveness,IL_RD,IL,IF,RD,GT,test_035_51fd398978b7,b6fa16487d60759605dd86ad9e174dcae5c07eba9b0e4a208e41547329603d50,3,True,physical_path,29.0,79.0,14770.901226348331,97146.02755837911,0.0,111916.92878472745,7994.727263491561,94981.72632736886,3791.836573520032,2969.4926472337097,1231.350426816631,947.7955462966748,40.79768994402841,1243.0969204823043,7649.628967425085,0.000392507644331414,180.5632538504524,180.56364635809678,1456.9346024440654,6.25225587861636e-07,79.0,9.343589770279836e-07,0.008242660530959693,3791.8283308595005,111916.92878472745,2.087265259778962,4.283346900017932,17.0,12.0,0.0,34.0,79.0,False,False,True,True,True,False,1.0,0
fixed_policy_information_responsiveness,IL_RD,IL,IF,RD,GT,test_036_7eb6ac1ca077,835e8a13ce793ee0d4c8d1922e6d12f857b647d3db30f415b92ebcca10cb9554,3,True,physical_path,29.0,79.0,15592.458835566598,98915.36405531487,0.0,114507.82289088146,8516.160852624593,96538.04244225369,3850.468532655142,3317.5201437042947,1301.574333311489,984.0565863322445,42.63149833645121,1364.138824350643,7804.028607466192,0.00043796402844867543,183.35520644812118,183.35564441214964,1502.988821628155,5.574131219675901e-07,79.0,9.742692458183588e-07,0.009197244597422187,3850.459335410544,114507.82289088145,2.108705505742103,4.40984006676202,17.666666666666668,11.333333333333334,0.0,34.0,79.0,False,False,True,True,True,False,1.0,0
fixed_policy_information_responsiveness,IL_RD,IL,IF,RD,GT,test_037_f096257ecaa4,0504d3553dd1b04e2daf266d9385ecec583ac5ee5143240ec48390c3637711cc,3,True,physical_path,29.0,79.0,18975.3405659826,100221.75297139399,0.0,119197.09353737661,10321.240297434595,97926.8778274954,3856.9840725404724,4529.214295519613,1627.417323903842,935.3597204826843,49.565425753458264,1791.7647772244145,8223.56636195665,0.0009690410097612905,183.66493917520324,183.66590821621298,1682.640155043512,4.7483970743761987e-07,79.0,9.650531459718804e-07,0.020349861204987104,3856.963722679268,119197.0935373766,2.158543950581024,4.55149636673741,17.0,12.0,0.0,34.0,79.0,False,False,True,True,True,False,1.0,0
fixed_policy_information_responsiveness,IL_RD,IL,IF,RD,GT,test_038_b05abc6e01b3,d70904feaac93846beafd0d4f452a87f57385097244d4e0d5b2934e20eff821f,3,True,physical_path,29.0,79.0,16474.690253237466,98937.85819188936,0.0,115412.54844512684,9082.867620832896,96416.48881251267,3833.256666376925,3734.5883193367263,1402.503170952016,942.8438551156165,45.581934794200485,1530.5552321156035,7872.155531242974,0.0005938154682304044,182.5354379167663,182.53603173223453,1545.5415936603765,5.549918019011608e-07,79.0,9.390579945176743e-07,0.012470124832838492,3833.244196252092,115412.54844512686,1.9850846436784615,4.276049866651495,17.0,12.0,0.0,34.0,79.0,False,False,True,True,True,False,1.0,0
fixed_policy_information_responsiveness,IL_RD,IL,IF,RD,GT,test_039_9c0d1ebe6c19,a764716cc7f8aeab39c2c2f073ba3bf25b0853e49b15690e7a526a3355477947,3,True,physical_path,29.0,79.0,15433.511240180296,103495.69949235192,0.0,118929.21073253224,8556.026305913925,100758.43854293297,4031.7008422728854,3335.3032019685274,1302.3855400436703,945.3562994002592,43.35239998052427,1385.6268670957418,8045.099602795629,0.00043581185138992154,191.98531858209557,191.9857543939469,1503.618703030769,6.21649876145949e-07,79.0,9.811339314881976e-07,0.009152048879188352,4031.6916902240064,118929.21073253224,2.109540573546085,4.727881700110932,17.0,12.0,0.0,34.0,79.0,False,False,True,True,True,False,1.0,0
fixed_policy_information_responsiveness,IL_RD,IL,IF,RD,GT,test_040_11a8950c659e,ce3f9b7a7902becf4bdfbdd9494b3f00f7d8b741e45d94aec742b61d96ed6b99,3,True,physical_path,29.0,79.0,14810.182305886903,97407.20088271839,0.0,112217.3831886053,8091.7179493481935,95073.10277770739,3797.0163644636086,3064.760073972428,1243.768029463493,947.0179936501809,41.627156371962315,1288.8317838775904,7646.828310734694,0.00041798355772262066,180.8098850861379,180.81030306969566,1457.4646617824565,6.461048171095697e-07,79.0,9.666953460134357e-07,0.008777654712175032,3797.0075868088966,112217.38318860531,2.083294657473827,4.346082866735135,17.0,12.0,0.0,34.0,79.0,False,False,True,True,True,False,1.0,0
fixed_policy_information_responsiveness,IL_RD,IL,IF,RD,GT,test_041_e58f21dcc209,20e0bcb4b669443da2e153571c054142078f1a87cfd8564b8fb31b4d19884070,3,True,physical_path,29.0,79.0,15814.02370084667,103661.66968715488,0.0,119475.69338800154,8643.848531824313,101118.07303333328,4040.1837416361377,3392.222110690111,1336.4829048620952,944.8830656556324,43.36410574894049,1383.6803280023303,8116.704647450454,0.0005065603915195226,192.3891954222817,192.38970198267324,1529.813983737661,5.867420287084774e-07,79.0,9.635668302646954e-07,0.010637768221909974,4040.1731038679154,119475.69338800157,2.139760885061161,4.580783466730888,17.0,12.0,0.0,34.0,79.0,False,False,True,True,True,False,1.0,0
fixed_policy_information_responsiveness,IL_RD,IL,IF,RD,GT,test_042_a77d2ece213a,50867af1413e5b1f4a57b100697daff06a7a7ddbbedf8273b0f515bdaa98e6d9,3,True,physical_path,29.0,79.0,13891.997759357191,99907.12230461057,0.0,113799.12006396776,7638.959285181171,97385.22581421518,3908.4674939306424,2768.2225262874363,1148.589836096938,949.6551082564289,39.75422807128395,1180.4011641584975,7700.5450218936685,0.0003058092115716241,186.1171939017714,186.11749971098297,1412.6181931409528,6.250977914439786e-07,79.0,9.78724856193603e-07,0.0064219934430041065,3908.4610719371994,113799.12006396781,2.083525228723562,4.500987900032972,17.0,12.0,0.0,34.0,79.0,False,False,True,True,True,False,1.0,0
fixed_policy_information_responsiveness,IL_RD,IL,IF,RD,GT,test_043_f1174106175c,e1c05921a15b70c43f0abce37906cec0d00142a1459fb9059ceffadf5f4c1ace,3,True,physical_path,29.0,79.0,18175.792060358915,93471.48619368374,0.0,111647.27825404266,9586.834638351855,91985.62593953456,3612.093221584972,4004.847731827758,1520.5903857450778,937.2863369984326,46.415251682640836,1609.6479379820175,7799.079463271337,0.0007691541216951342,172.00366996897222,172.0044391230939,1617.4745781839044,4.964151393443982e-07,79.0,9.89513414222669e-07,0.016152236555597818,3612.077069348416,111647.27825404266,2.14129235057278,4.344141666544601,17.0,12.0,0.0,34.0,79.0,False,False,True,True,True,False,1.0,0
fixed_policy_information_responsiveness,IL_RD,IL,IF,RD,GT,test_044_ed401c94714a,cdd3e3788096b9dacb2df0d0b62a1cb28d51b122523dcf031887b030038a9f0b,3,True,physical_path,29.0,79.0,14949.215456625874,101594.55331435696,0.0,116543.76877098285,8151.123464718727,99146.70708121662,3966.2328914583327,3076.3328581120895,1256.0312027586324,947.3412727184383,41.48744214666912,1273.3170206575876,7918.336851011074,0.00041747834243227133,188.86781544824487,188.8682329265873,1477.993799209541,6.615492799082958e-07,79.0,9.966434933391402e-07,0.008767045191077698,3966.2241244131424,116543.76877098282,2.1057115057376268,4.3821023999868585,17.0,12.0,0.0,34.0,79.0,False,False,True,True,True,False,1.0,0
fixed_policy_information_responsiveness,IL_RD,IL,IF,RD,GT,test_045_af7d3f616c1d,0760d304a5c54d302e032eaa6ef8974da5965cac272efb3a66af257287e72ea4,3,True,physical_path,29.0,79.0,16054.319376430349,103477.22529364667,0.0,119531.544670077,8788.633057183413,100925.77220648456,4027.227655956969,3488.6627142711955,1356.9543135848098,944.2947225960479,43.84330892577603,1414.6534568316965,8131.328544384258,0.0005177903823936993,191.77222773137805,191.77274552176047,1538.0966388316574,6.081368166596589e-07,79.0,9.695738868001985e-07,0.010873598030267684,4027.2167823589393,119531.544670077,2.1277188241358673,4.370957099987815,17.0,12.0,0.0,34.0,79.0,False,False,True,True,True,False,1.0,0
fixed_policy_information_responsiveness,IL_RD,IL,IF,RD,GT,test_046_e35b743e6617,c0048e37b8520d7bfa898229e339686779b407fa7d2b062c359012d56267e7ec,3,True,physical_path,29.0,79.0,15603.208046528198,105655.97609169025,0.0,121259.18413821842,8593.205085857187,102893.76816681291,4119.199565233824,3377.880008713044,1329.2929147990617,945.8383968024101,43.31073428365212,1370.6185166188654,8204.634052199099,0.0005017576441814516,196.15185849158556,196.15236024922976,1524.1990270312842,6.459690091007931e-07,79.0,9.77184204573937e-07,0.010536910527810485,4119.189028323297,121259.18413821845,2.1419591678268994,4.508445399968575,17.0,12.0,0.0,34.0,79.0,False,False,True,True,True,False,1.0,0
fixed_policy_information_responsiveness,IL_RD,IL,IF,RD,GT,test_047_20c1f89391c1,f2130b5fd299cb2fd05ecda0fd2c152640207395401d37a5f1e7253bbd0a35d8,3,True,physical_path,29.0,79.0,15373.402331310339,111576.85291855193,0.0,126950.25524986227,8734.081814033043,108098.73823370064,4347.936187188178,3493.3853495396506,1329.9910328420551,946.1226325587073,44.21734379007048,1411.0937565440684,8481.595537200044,0.00048545757385526724,207.04409488472035,207.0445803422942,1527.4337725647013,6.502035539964717e-07,79.0,9.925161691940852e-07,0.010194609050960611,4347.925992579127,126950.25524986227,2.106801304596894,4.438946999997522,17.0,12.0,0.0,34.0,79.0,False,False,True,True,True,False,1.0,0
fixed_policy_information_responsiveness,IL_RD,IL,IF,RD,GT,test_048_eeaf6a6a0a15,ebcee93a99cde79ceee231d38070645a6f701ecc4eb97b1e8abf3b74f65be4df,3,True,physical_path,29.0,79.0,15324.411413546388,103591.5306889559,0.0,118915.94210250229,8612.334258693498,100594.20869344675,4028.697188120916,3418.4834830627465,1316.8176826315885,945.4007965467703,44.03414498753363,1415.3951031680444,8013.265332951586,0.000489968880292913,191.84223327497284,191.84272324385313,1502.0060855490199,6.378774414765472e-07,79.0,9.924431816061982e-07,0.010289346486151174,4028.6868987744297,118915.94210250227,2.089958386201326,4.410084433465575,17.0,12.0,0.0,34.0,79.0,False,False,True,True,True,False,1.0,0
fixed_policy_information_responsiveness,IL_RD,IL,IF,RD,GT,test_049_343da3774e7e,c214ac02e921d1ab893b808c39160612ee2c6e853c942be7eb6c6df35facccd4,3,True,physical_path,29.0,79.0,15215.865295130496,89238.78999735772,0.0,104454.65529248821,7997.261219191266,87750.64146554128,3479.2301714088685,2983.5775560423795,1238.6949154376305,1005.2499648667737,40.02007181320502,1237.7869460944069,7255.940022306742,0.00039903866898538727,165.67722817127716,165.6776272099461,1464.302879610369,4.456090446971319e-07,79.0,9.92916035833479e-07,0.008379812048693133,3479.22179159682,104454.65529248821,2.094009080476224,4.280940700011949,18.0,11.0,0.0,34.0,79.0,False,False,True,True,True,False,1.0,0
fixed_policy_information_responsiveness,IL_RD,IL,IF,RD,GT,test_050_1c7612d8bc63,ca36b4544ddd266e5e7dac2cbd5076e4b80860d23b0cfeba892432607eb1c108,3,True,physical_path,29.0,79.0,14442.799818704758,94612.19731694764,0.0,109054.99713565242,7758.34988938597,92602.80793434988,3697.6686855037965,2811.9304081891423,1176.8243813096776,1007.4158369139568,39.61555405040156,1196.9401240610898,7457.942871730717,0.0003278599139636435,176.0791333545525,176.0794612144665,1425.237275622485,6.364826814852952e-07,79.0,9.906583514143417e-07,0.006885058193236513,3697.6618004456027,109054.99713565242,2.070913945980392,4.245209700039898,18.0,11.0,0.0,34.0,79.0,False,False,True,True,True,False,1.0,0
fixed_policy_information_responsiveness,IL_RD,IL,IF,RD,GT,test_051_5747c87e6d9a,e6daf165b6654b82650b4110a9d37185e59752e103161fa9379474087ef82a6e,3,True,physical_path,29.0,79.0,14006.432940201725,93146.33574063216,0.0,107152.76868083388,7607.891590258713,91063.98378578784,3639.9231976260803,2768.01670713841,1161.1457113896583,911.8076886331841,39.27294904194241,1171.2014770368542,7313.635292930466,0.0003258048487581123,173.32935027258364,173.3296760774324,1401.5298955537025,4.806293036903727e-07,79.0,9.400115834319805e-07,0.006841901823920359,3639.916355724257,107152.76868083388,1.9472258482850962,4.157856933384513,16.333333333333332,12.666666666666666,0.0,34.0,79.0,False,False,True,True,True,False,1.0,0
fixed_policy_information_responsiveness,IL_RD,IL,IF,RD,GT,test_052_9760565f31de,6035569faeed384797542e22427b98096943350bd372d90adabb2f7b8bd83c2d,3,True,physical_path,29.0,79.0,16284.774680191855,96276.65389245465,0.0,112561.42857264652,8787.439787164085,94221.97944966552,3738.7855341972577,3498.4532315573356,1371.7579515084979,943.0126185538544,43.74904966792826,1425.721072862181,7740.604368097881,0.0005613551033055732,178.03684503524232,178.03740639034564,1530.660401243765,5.176069637385229e-07,79.0,9.761925460910231e-07,0.011788457169417038,3738.7737457400885,112561.42857264653,2.117669943685312,4.480114466665934,17.0,12.0,0.0,34.0,79.0,False,False,True,True,True,False,1.0,0
fixed_policy_information_responsiveness,IL_RD,IL,IF,RD,GT,test_053_4473e6f72168,17a3df2ca591ed3526e75386d9ef68be536d2e20274236e9f585e3eab4517305,3,True,physical_path,29.0,79.0,15882.88224349294,96016.84193158778,0.0,111899.72417508072,8674.322419110575,93764.65173239713,3728.3497103152426,3446.172546881646,1342.2114408558566,944.016325520267,43.50922386126365,1409.9143921783914,7662.717812999424,0.0004978413616823174,177.53996455460228,177.5404623959639,1514.874849322683,4.786543539703014e-07,79.0,9.79894294838298e-07,0.010454668595328667,3728.3392556466474,111899.72417508072,2.1052972390851674,4.395725566583375,17.0,12.0,0.0,34.0,79.0,False,False,True,True,True,False,1.0,0
fixed_policy_information_responsiveness,IL_RD,IL,IF,RD,GT,test_054_c66f0b1dacc4,41d8a5d8d4cfcde283bef35c1b2d5ce97e39ebb3c2113f99f8fd9b7941330476,3,True,physical_path,29.0,79.0,15015.059931306927,105963.67433176796,0.0,120978.73426307489,8305.932706325484,103133.30435552252,4137.123148662817,3186.1734838837306,1268.9609640110586,947.2396046692952,42.173943453979874,1305.3713490910832,8162.214670289905,0.00042001975879014074,197.00544420228013,197.0058642220389,1493.3164576623512,6.189432096095443e-07,79.0,9.830535443079255e-07,0.008820414934592957,4137.114328247883,120978.73426307492,2.10404016898581,4.390022200066596,17.0,12.0,0.0,34.0,79.0,False,False,True,True,True,False,1.0,0
fixed_policy_information_responsiveness,IL_RD,IL,IF,RD,GT,test_055_f90330578051,e326898d13671d058e9870b749033db5deaedc7911ad667ec11d6318f5e5b833,3,True,physical_path,29.0,79.0,16448.791347771068,107872.85320704295,0.0,124321.64455481402,9258.264293099424,104722.98497550278,4186.237089124843,3797.9096455460026,1413.6817032509298,942.5668482900627,46.1940521991093,1548.1954692217996,8385.654309749698,0.0005733061629493681,199.34404998549624,199.3446232916592,1573.6127818050618,6.306249603528453e-07,79.0,9.824135170126355e-07,0.012039429421936728,4186.225049695421,124321.64455481405,2.1269775724022426,4.362106533333038,17.0,12.0,0.0,34.0,79.0,False,False,True,True,True,False,1.0,0
fixed_policy_information_responsiveness,IL_RD,IL,IF,RD,GT,test_056_b2c64046cef9,b502bb540057ea09101e5a92cf118d4c56c5e877b089e5a6174a0c5376124a73,3,True,physical_path,29.0,79.0,15357.754258639485,94685.99659634779,0.0,110043.75085498726,8271.270373538087,92671.57335835889,3689.4596848915676,3137.1960046638983,1269.3488631317011,1004.9025704031632,41.43500610001603,1304.680581175004,7554.722387306282,0.0004141171975505802,175.68814230621044,175.68855642340796,1483.3143163851958,5.328028340151355e-07,79.0,9.784359947398263e-07,0.008696461148562184,3689.450988430419,110043.75085498732,2.076319174723293,4.214965466797973,18.0,11.0,0.0,34.0,79.0,False,False,True,True,True,False,1.0,0
fixed_policy_information_responsiveness,IL_RD,IL,IF,RD,GT,test_057_bf11b8e004e2,bd54b59477f900317d7a6030359d807e3fd1567aed129780d6c3a1179956b9b0,3,True,physical_path,29.0,79.0,15211.911048721291,98339.74677472515,0.0,113551.65782344644,8207.694275007523,96155.90269727196,3834.7283981049754,3120.5048701191977,1285.1976066629538,947.6299762798285,41.365907378185625,1267.2068384130264,7771.847994351406,0.00046854805431313586,182.60564564742072,182.60611419547502,1489.5047350354025,5.784540058646623e-07,79.0,9.859114849523968e-07,0.009839509140575853,3834.7185585958346,113551.65782344645,2.104376006892872,4.392909766640514,17.0,12.0,0.0,34.0,79.0,False,False,True,True,True,False,1.0,0
fixed_policy_information_responsiveness,IL_RD,IL,IF,RD,GT,test_058_fbcfbffca03e,13831837259f85f8b98b1b4c0178e5e4f669e020ebeaab3661478609d357b2f2,3,True,physical_path,29.0,79.0,16862.250537682106,104968.66822775027,0.0,121830.91876543238,9310.552293410807,102242.34720869521,4070.0038756989197,3825.1881303155988,1441.3014518189711,941.5258054928677,46.10136905762598,1549.3457593558505,8291.751837027508,0.0006373258338243449,193.8090710407814,193.80970836661524,1584.919854877233,6.37420770324205e-07,79.0,9.287820276822998e-07,0.013383842510311243,4069.9904918564084,121830.91876543239,2.13364234482923,4.458663399952154,17.0,12.0,0.0,34.0,79.0,False,False,True,True,True,False,1.0,0
fixed_policy_information_responsiveness,IL_RD,IL,IF,RD,GT,test_059_d22925a9593f,65a524d66b35e81b093404e6035554728cfd659313f34e588cf5b6e2f203bf7e,3,True,physical_path,29.0,79.0,15124.87664487947,98369.32581171601,0.0,113494.20245659548,8212.045988491534,96087.27791797374,3836.0801616720764,3134.4099222176214,1277.1207720318423,947.2676942086408,41.66261852327909,1286.2085368264159,7747.408046815331,0.0004578007750819267,182.67002608837143,182.67048388914648,1483.0377151671366,5.557132827670926e-07,79.0,9.76493739386997e-07,0.009613816276720462,3836.0705478557998,113494.20245659545,2.1094248218424405,4.423625466646627,17.0,12.0,0.0,34.0,79.0,False,False,True,True,True,False,1.0,0
fixed_policy_information_responsiveness,IL_RD,IL,IF,RD,GT,test_060_b3feb9e274c2,fe682fe273560fd0980f751cdfa7c31a0af682fbc188f47a4be67cd05391ad49,3,True,physical_path,29.0,79.0,15940.547511583958,102108.08562939368,0.0,118048.63314097765,8726.910324458242,99599.37517588236,3973.4623948244443,3454.2792539470684,1349.9741710439528,944.6318208215779,43.63038619509668,1403.8234283006404,8035.7893165963615,0.0005037185466002085,189.21199127309362,189.21249499164017,1533.0766794085912,5.747347154827856e-07,79.0,9.833239909452333e-07,0.010578089478604377,3973.451816734965,118048.63314097765,2.117133825270716,4.472899866678442,17.0,12.0,0.0,34.0,79.0,False,False,True,True,True,False,1.0,0
fixed_policy_information_responsiveness,IL_RD,IL,IF,RD,GT,test_061_627abde70c26,9c8b14e19bd2698ae546067471c6494d669882592255e3ba42b51e389929b531,3,True,physical_path,29.0,79.0,15788.847063512241,100133.2500773684,0.0,115922.09714088065,8604.89618331626,97754.08885877537,3897.6605451615214,3374.972889802372,1345.0074495199694,945.4712143051764,43.03067127121921,1364.3976203142383,7917.535518433746,0.0005349155368061391,185.60234818739278,185.60288310292958,1528.1463932895265,4.995656169908693e-07,79.0,9.973966501909349e-07,0.011233226272928921,3897.649311935249,115922.09714088067,2.1242194965497814,4.432949033332989,17.0,12.0,0.0,34.0,79.0,False,False,True,True,True,False,1.0,0
fixed_policy_information_responsiveness,IL_RD,IL,IF,RD,GT,test_062_0c9ea14e9507,af66fd8fb7365940ac5c1b9dc17d1039a43a9fd2a98560c7757a265c61778c70,3,True,physical_path,29.0,79.0,15784.582105031111,106242.16965877118,0.0,122026.75176380227,8760.635517156057,103364.80415167427,4135.340257703919,3465.1892932646347,1355.476218344111,945.3063256592823,44.027660340950796,1408.8921022493225,8262.569575641033,0.0005357717060617373,196.92042888086152,196.9209646525676,1544.1513940034758,6.189449264734647e-07,79.0,9.45055262955989e-07,0.011251205827296482,4135.329006498091,122026.75176380227,2.1208180724134693,4.449477999859179,17.0,12.0,0.0,34.0,79.0,False,False,True,True,True,False,1.0,0
fixed_policy_information_responsiveness,IL_RD,IL,IF,RD,GT,test_063_44f0f2a191ef,9b047725f5e05c013bf644e7fe14234fc246265c97db48c08b1f430961820dbd,3,True,physical_path,29.0,79.0,14440.238029804355,100477.4913569768,0.0,114917.72938678115,7999.916389610274,97835.66733256419,3918.146578757632,3045.9072321480576,1227.3591936970352,890.7326600039283,41.091694918337076,1252.2021707191043,7787.394372591771,0.0004039665037023122,186.57800454576446,186.57840851226817,1451.4096842596184,5.882263497773081e-07,79.0,9.728045424348652e-07,0.008483296577748557,3918.1380954610536,114917.72938678111,1.9760320666727835,4.341975933328892,16.0,13.0,0.0,34.0,79.0,False,False,True,True,True,False,1.0,0
fixed_policy_information_responsiveness,IL_RD,IL,IF,RD,GT,test_064_27d69866b791,5f6b4edb7095f7ca58bdefc63fb823fc255df66a141464fcf1266546ab804d66,3,True,physical_path,29.0,79.0,14056.489935888552,89986.17094079779,0.0,104042.66087668635,7368.906816445594,88459.24070655707,3523.038161446082,2595.7533482143954,1145.5414597228662,950.1803843003642,37.90872484110803,1098.602469978933,7180.952869074302,0.000326218029054915,167.7633957555939,167.76372197362298,1396.8493912473969,5.597857620364256e-07,79.0,9.810264825501082e-07,0.006850578610153216,3523.0313108674723,104042.66087668638,2.0858437333432636,4.178899333269025,17.0,12.0,0.0,34.0,79.0,False,False,True,True,True,False,1.0,0
fixed_policy_information_responsiveness,IL_RD,IL,IF,RD,GT,test_065_930038cc16e9,ed770af97447cc6ec3b990ca1ef9540e1f795247d7d2c7f6ca7de9b23418ba1a,3,True,physical_path,29.0,79.0,14711.73550052706,104056.37517319275,0.0,118768.11067371978,8109.77619867621,101371.01475100128,4063.884324198747,3034.461365203298,1240.5510877381003,948.4229469021815,41.4795968866048,1264.4195511630246,8035.826013529258,0.00039066126791063345,193.51791049105336,193.5183011523213,1474.4963896120364,7.210713452495024e-07,79.0,9.35527398018115e-07,0.008203886626123305,4063.876120312121,118768.1106737198,2.0941166770028956,4.467925666753824,17.0,12.0,0.0,34.0,79.0,False,False,True,True,True,False,1.0,0
fixed_policy_information_responsiveness,IL_RD,IL,IF,RD,GT,test_066_28fb87ba4913,9b548ccc36e0f1fcf56118f1c4cd88441dc46405c6bb547e1dc04c4a67ae436a,3,True,physical_path,29.0,79.0,16606.53924844597,106181.50674309018,0.0,122788.04599153616,9349.074192680055,103073.1186420938,4116.029046730353,3874.9923376267175,1432.7642362750378,942.0675361302068,46.64469207869143,1578.024560645379,8292.823597008168,0.0005969053249466446,196.00078627231088,196.00138317763583,1579.1494928531122,6.218194372535821e-07,79.0,9.405572847721277e-07,0.012535011823879538,4116.016511718529,122788.04599153616,2.124162824142018,4.357350600029652,17.0,12.0,0.0,34.0,79.0,False,False,True,True,True,False,1.0,0
fixed_policy_information_responsiveness,IL_RD,IL,IF,RD,GT,test_067_4d46fa716471,b2be1c4651c379ec66a4cbbceabbb946a1f8949b548124874b8ecbdce94c77f3,3,True,physical_path,29.0,79.0,14722.971989364478,105331.46343963958,0.0,120054.43542900406,8277.206811727274,102291.00708225432,4110.412045569896,3174.088546863419,1254.2108531747733,947.5100894143951,42.53728110378726,1325.1365212917563,8061.796113013232,0.0004040551561813928,195.73350287674361,195.7339069318998,1478.1347850126788,5.915114618282212e-07,79.0,9.63142266655652e-07,0.008485158279809248,4110.403560411616,120054.43542900406,2.1027516643704054,4.43434050003998,17.0,12.0,0.0,34.0,79.0,False,False,True,True,True,False,1.0,0
fixed_policy_information_responsiveness,IL_RD,IL,IF,RD,GT,test_068_93da1d4ae1ba,1e5fab7a4bc73a2c903c60a4ba54bd432fc478ccc1813a3002391fd1bcefe179,3,True,physical_path,29.0,79.0,16495.894134086746,108515.61194809235,0.0,125011.50608217908,9207.859839628174,105499.93150993237,4217.118879847828,3732.144264470422,1411.7069727337082,942.7446155665734,45.852470759692416,1526.619699879362,8446.450340234273,0.0005758351330050348,200.81460891952543,200.81518475465842,1577.2664073715132,6.157228432368393e-07,79.0,9.749299847722066e-07,0.012092537793105734,4217.106787310034,125011.50608217907,2.1299136229871034,4.4778707000271725,17.0,12.0,0.0,34.0,79.0,False,False,True,True,True,False,1.0,0
fixed_policy_information_responsiveness,IL_RD,IL,IF,RD,GT,test_069_5b01ea54b2fa,ab74b72396ecc5ee23369a0401781e1eedea17a51518978cc28be65bd8c7c6de,3,True,physical_path,29.0,79.0,15771.887914978865,91680.34938073745,0.0,107452.2372957163,8402.432770115598,90002.48721254827,3566.228398769091,3217.768241179767,1318.2846427126556,945.036030390927,41.9317669153061,1323.36004082119,7443.86952543851,0.000494338298360284,169.81990560308694,169.8203999413853,1504.4008275036176,4.5663679015222547e-07,79.0,9.77309696682081e-07,0.010381104265565965,3566.2180176648253,107452.23729571629,2.0750774712644344,4.18701389998508,17.0,12.0,0.0,34.0,79.0,False,False,True,True,True,False,1.0,0
fixed_policy_information_responsiveness,IL_RD,IL,IF,RD,GT,test_070_0cd9bcac96c3,af1c089b1585069ce3aa8660e2ccbc7790157d41b7564bd42a816925e624afb1,3,True,physical_path,29.0,79.0,16394.930173736288,104251.5909188894,0.0,120646.5210926257,9167.247133122828,101334.61176299899,4044.882790015625,3745.1426830691466,1411.6247632993934,943.0119601197271,45.58417624249538,1515.1425229901176,8173.552293404326,0.0005710181889250959,192.61289517303126,192.61346619122023,1570.160756968313,5.32462234844585e-07,79.0,9.83928629189406e-07,0.011991381967427014,4044.870798633657,120646.5210926257,2.1178608758631965,4.331340099995335,17.0,12.0,0.0,34.0,79.0,False,False,True,True,True,False,1.0,0
fixed_policy_information_responsiveness,IL_RD,IL,IF,RD,GT,test_071_34f77888383f,9ea4b08354972ecc8e92b86fbc35f8c0031316e3afe68c72a63a6e70a1bbc8a8,3,True,physical_path,29.0,79.0,14048.553127345536,94914.04493776424,0.0,108962.59806510976,7533.676743593784,92859.13517433744,3715.9927880325,2746.2031100938443,1157.7825682431321,949.8076808090519,38.91537864581807,1145.552116507641,7426.123204998647,0.0003332027205547908,176.9517043226366,176.95203752535713,1402.3172780439816,5.37523761257109e-07,79.0,9.828956817761745e-07,0.006997257131650606,3715.9857907753685,108962.59806510975,2.0860739344698858,4.336384233242522,17.0,12.0,0.0,34.0,79.0,False,False,True,True,True,False,1.0,0
fixed_policy_information_responsiveness,IL_RD,IL,IF,RD,GT,test_072_8e59fac0e6c8,a92a7392849d15eefcaf1837db77746f72e76c3458114a652198fbbac7696f85,3,True,physical_path,29.0,79.0,14969.189771841397,101980.00472977303,0.0,116949.19450161443,8309.687401042807,99266.14227537131,3977.1672178904555,3156.457522356453,1253.7963552563454,985.9437296970509,42.07245162607156,1319.7571192457008,7909.050406400917,0.0003810155885771031,189.38853412205216,189.38891513764074,1485.078738787749,5.731810641313736e-07,79.0,9.63420186053523e-07,0.008001327360119166,3977.159216563095,116949.19450161443,2.0930874023061974,4.318413033305357,17.666666666666668,11.333333333333334,0.0,34.0,79.0,False,False,True,True,True,False,1.0,0
fixed_policy_information_responsiveness,IL_RD,IL,IF,RD,GT,test_073_69349232969b,2f362bb368dcdc730f872c8fef400b9c0f1ea176fcef502da962a890dc828cd3,3,True,physical_path,29.0,79.0,16104.048063580887,99975.2565536892,0.0,116079.30461727011,8862.516885157,97428.89925458479,3882.2218769818605,3584.1655462129816,1377.6147806672564,943.8862736662476,44.45634418120411,1452.6984200218683,7897.9796765793935,0.0005761790375683884,184.86713224867006,184.8677084277076,1531.1550223575425,5.690104475773299e-07,79.0,9.736195357759655e-07,0.012099759788936156,3882.2097772220714,116079.30461727013,2.1158050287423933,4.450943366702025,17.0,12.0,0.0,34.0,79.0,False,False,True,True,True,False,1.0,0
fixed_policy_information_responsiveness,IL_RD,IL,IF,RD,GT,test_074_212affc962e2,5e264f6232f1c29e769f71e598177184ad84a0bf9ff8df6be008bd7148f26ae7,3,True,physical_path,29.0,79.0,16036.281906953387,98440.09487277712,0.0,114476.3767797305,8804.758781328686,95995.4494032042,3820.716212991157,3544.1250589671895,1366.761055236185,944.566268003106,44.442339841597054,1455.400389116804,7816.664339291577,0.0005663973769946122,181.93830088791617,181.93886728529318,1525.974296169508,5.774940860823555e-07,79.0,9.183649687187273e-07,0.011894344916886858,3820.7043186462397,114476.3767797305,1.9795290137823116,4.149670099994789,17.0,12.0,0.0,34.0,79.0,False,False,True,True,True,False,1.0,0
fixed_policy_information_responsiveness,IL_RD,IL,IF,RD,GT,test_075_8de4e41c7ad9,166abe46fe8875dd98f46b7b2978bf6ca11460aaf2ee4dda761e02f6149bab0d,3,True,physical_path,29.0,79.0,14875.576990609892,93339.3713806588,0.0,108214.94837126869,8015.351975895512,91335.99013616382,3639.754309531488,3037.431693234912,1239.3411004738439,947.0791559691274,40.672087521943304,1249.1992319183585,7410.508279639139,0.0004134202602507177,173.3212203669535,173.32163378721373,1443.3359712331865,5.091933054382487e-07,79.0,9.84626585962068e-07,0.008681825465265072,3639.7456277060232,108214.94837126869,2.0660616034540165,4.246862766720976,17.0,12.0,0.0,34.0,79.0,False,False,True,True,True,False,1.0,0
fixed_policy_information_responsiveness,IL_RD,IL,IF,RD,GT,test_076_48339f21c8ec,387a6bfe5e45be691df244ec9fae6a75828f663e05409a99728fee303e05e519,3,True,physical_path,29.0,79.0,16720.30510257982,107050.4374926063,0.0,123770.74259518611,9342.47762104725,104075.55959422246,4151.966524946124,3819.954200804581,1438.5682034946296,942.2164506710575,46.38552464498829,1558.5273005323554,8390.485558916427,0.0006106122214957451,197.71208105187966,197.71269166410116,1594.899061608857,6.412630322503646e-07,79.0,9.644057198758163e-07,0.012822856651410646,4151.953702089472,123770.74259518611,2.1242442540342696,4.4395780999523895,17.0,12.0,0.0,34.0,79.0,False,False,True,True,True,False,1.0,0
fixed_policy_information_responsiveness,IL_RD,IL,IF,RD,GT,test_077_b1f2e84dc844,327faba7b538b224eb0dff4c274be7b98e160c294f315741e33a3e501ab91753,3,True,physical_path,29.0,79.0,16180.079653713963,95166.06051526795,0.0,111346.14016898193,8708.053038870567,93185.02311160485,3695.7776105184676,3462.168779711143,1352.1418929247845,942.9757353520754,43.63543408238176,1424.4077566034664,7657.664708533989,0.0005186529374609241,175.9888913717515,175.98941002468896,1515.0730385639874,5.949454105119189e-07,79.0,9.767098531835736e-07,0.010891711686679406,3695.7667188067812,111346.1401689819,2.0935607057482257,4.275076466612518,17.0,12.0,0.0,34.0,79.0,False,False,True,True,True,False,1.0,0
fixed_policy_information_responsiveness,IL_RD,IL,IF,RD,GT,test_078_367d379a9297,f9d9eb992e504e9775b1d536a7a14d78c484ed66383cb9fe11fbb7eaa3b15364,3,True,physical_path,29.0,79.0,16117.916309582908,96784.43733870127,0.0,112902.3536482842,8636.31055493471,94855.70018399693,3764.6283250273063,3377.597962203144,1325.2902151185094,942.8264070036079,42.969959419617794,1393.105876894988,7766.616401676678,0.0004510775197035139,179.26756439997106,179.26801547749074,1515.0262569974166,5.718885381511835e-07,79.0,9.508106480520781e-07,0.009472627913773792,3764.618852399393,112902.3536482842,2.1023670183976404,4.497504000008727,17.0,12.0,0.0,34.0,79.0,False,False,True,True,True,False,1.0,0
fixed_policy_information_responsiveness,IL_RD,IL,IF,RD,GT,test_079_bce06ca59758,354b6f6d5badf8b78b4e947bce85d66a812832394cae0b2d8d8905466cdff072,3,True,physical_path,29.0,79.0,13847.925267292987,93517.19933155144,0.0,107365.12459884443,7373.715127277333,91553.05804277165,3661.182446916487,2632.955692347402,1133.9431455992396,1010.270143932301,38.10772442122519,1104.0258051799203,7343.226464839983,0.0003139447464473039,174.34170733699102,174.3420212817375,1401.0926151599551,6.132592572745902e-07,79.0,9.662370627403643e-07,0.006592839675393382,3661.175854076811,107365.12459884443,2.0785718264363324,4.359871599978457,18.0,11.0,0.0,34.0,79.0,False,False,True,True,True,False,1.0,0
fixed_policy_information_responsiveness,IL_RD,IL,IF,RD,GT,test_080_e669407a98d7,121d71da3287fd0210c7b9434b794a18b7c744d477b29a53f3d620911cf9f336,3,True,physical_path,29.0,79.0,16080.035439113499,106106.946659274,0.0,122186.98209838751,8908.945220273978,103189.08770799015,4129.3270215887305,3626.0537748459788,1388.9254567031485,944.6429169854982,44.66816545733453,1448.970100733284,8253.511161147844,0.0006088386897610301,196.63401123696408,196.63462007565386,1552.9665160674842,5.245451973047337e-07,79.0,9.661460920080088e-07,0.012785612484981631,4129.314235976246,122186.98209838748,2.1279572804469145,4.393708866632854,17.0,12.0,0.0,34.0,79.0,False,False,True,True,True,False,1.0,0
fixed_policy_information_responsiveness,IL_RD,IL,IF,RD,GT,test_081_fbbd80304765,0b82e11f5cd1fea6f347b45e70d47396c0c136e422733b8ac33c145a65f3ca6e,3,True,physical_path,29.0,79.0,14315.26554448677,104834.68644223055,0.0,119149.95198671734,7928.707605462684,102001.85449302192,4098.63757966207,2959.9184508088324,1211.0147146719337,949.8191430898482,40.81908479052168,1221.0153770648437,8032.289777754403,0.0003718778896232477,195.17284620125653,195.17321807914615,1461.2412133960734,6.47121044264245e-07,79.0,9.575291551675242e-07,0.007809435682088201,4098.629770226386,119149.95198671731,2.106441547125364,4.4976492000278085,17.0,12.0,0.0,34.0,79.0,False,False,True,True,True,False,1.0,0
fixed_policy_information_responsiveness,IL_RD,IL,IF,RD,GT,test_082_2cf496ac3a99,2a7046d4a4e1fe03445d9dae89497a78aa0ff11fe474d9f7fdbf7d09c4f5ff24,3,True,physical_path,29.0,79.0,16500.251312431006,102979.34377157188,0.0,119479.59508400288,9038.988312201136,100443.28134368175,4000.941096080182,3651.118175839334,1402.657966617265,942.6081895832241,44.77491241929437,1473.7709437731064,8143.057710877495,0.000585139890543321,190.5204194353562,190.5210045752468,1562.5197680652655,5.071820246340951e-07,79.0,9.578180553324087e-07,0.01228793770140974,4000.92880814248,119479.5950840029,2.1309187712613493,4.370586133329198,17.0,12.0,0.0,34.0,79.0,False,False,True,True,True,False,1.0,0
fixed_policy_information_responsiveness,IL_RD,IL,IF,RD,GT,test_083_4cbdde5f376f,21703e1831e6b1210ccf39ad402121126a8f354e5dd13cff5081d7a07b4a2274,3,True,physical_path,29.0,79.0,15968.384631612533,98030.38858175045,0.0,113998.773213363,8614.196234763229,95882.38251469871,3815.444556431687,3385.552154916503,1356.1061576021739,945.0915949506566,42.93510534566377,1364.3319685932167,7812.852180213918,0.0005581273622732263,181.68727789319428,181.68783602055655,1524.5660290649619,5.276268338277578e-07,79.0,9.73877749798311e-07,0.011720674607737751,3815.4328357570794,113998.77321336296,2.117330349425132,4.509376233288397,17.0,12.0,0.0,34.0,79.0,False,False,True,True,True,False,1.0,0
fixed_policy_information_responsiveness,IL_RD,IL,IF,RD,GT,test_084_513eb18f351c,341db6669dc186ed38f4ff6debc2545e4eb1d075fadf4fe32c2aabeb61a2d25b,3,True,physical_path,29.0,79.0,15831.728375265515,100928.80878532701,0.0,116760.53716059252,8651.457002097146,98474.752628604,3928.0042882265975,3431.5604022238845,1349.350219789623,925.4126196513181,43.42444519261301,1388.9687104596494,7953.7200793511765,0.0005461964728963518,187.04727705241268,187.0478232488856,1522.8649227517483,5.628081448385311e-07,79.0,9.250624226997697e-07,0.011470125930823387,3927.9928181006667,116760.53716059256,2.116414464370551,4.287035099929199,16.666666666666668,12.333333333333334,0.0,34.0,79.0,False,False,True,True,True,False,1.0,0
fixed_policy_information_responsiveness,IL_RD,IL,IF,RD,GT,test_085_650c50514b66,e94f854176fa26c2ed212d69844def725d10578665dd847cab94c351dbec1cda,3,True,physical_path,29.0,79.0,17244.71493944517,101392.89004538507,0.0,118637.60498483025,9377.186995049264,99047.42968577164,3929.1650269004053,3888.001086797249,1455.817227533059,940.0049627786608,46.06933209494227,1566.444608124086,8118.718668191891,0.0006453997984388755,187.10245111926847,187.1030965190669,1586.0943584208915,5.577779604341628e-07,79.0,9.576826754820578e-07,0.013553395767216389,3929.151473504638,118637.60498483026,2.1207628988382545,4.378872399994482,17.0,12.0,0.0,34.0,79.0,False,False,True,True,True,False,1.0,0
fixed_policy_information_responsiveness,IL_RD,IL,IF,RD,GT,test_086_754dc8e1ab0e,ea444f07bd4f0035c9bf3a885f359d285cd12879a434942844a860db87947cd3,3,True,physical_path,29.0,79.0,16644.56122730947,106487.64698204474,0.0,123132.2082093542,9197.835651886799,103652.82765447996,4138.380536276485,3754.5530214337687,1407.933316698216,980.6780285789893,45.60680573326969,1529.9254604958012,8337.720558111125,0.0005658807078698144,197.0651739419819,197.06573982268978,1573.2870347674077,6.677443007347359e-07,79.0,9.666400858116867e-07,0.011883494865266101,4138.36865278162,123132.2082093542,2.1264210275840014,4.501523900001,17.666666666666668,11.333333333333334,0.0,34.0,79.0,False,False,True,True,True,False,1.0,0
fixed_policy_information_responsiveness,IL_RD,IL,IF,RD,GT,test_087_cbc79ee243dd,691486e3c17626ca20c775eaa69679e041e484b6d253bf1a67a4cf50a423fb8c,3,True,physical_path,29.0,79.0,15310.144877231005,107840.94459768217,0.0,123151.08947491318,8670.102182398274,104574.5165341912,4198.904112150445,3440.6994956324997,1320.9597508916665,945.9073996491187,44.234854213272335,1417.8047042384205,8261.803863437952,0.0004930400961428694,199.94732182421077,199.9478148643069,1518.8123380520838,6.158381748603558e-07,79.0,9.708526985356914e-07,0.010353842019000256,4198.893758308426,123151.0894749132,2.1273332942443117,4.414153566661601,17.0,12.0,0.0,34.0,79.0,False,False,True,True,True,False,1.0,0
fixed_policy_information_responsiveness,IL_RD,IL,IL,RD,GFW,test_000_4ae657b9eeec,b13b629eea5ca5393b7414d311f373c02758e81e3b2eae0911376c5b665f359a,3,True,physical_path,29.0,0.0,24.13856208322998,0.0,0.0,24.13856208322998,0.0,0.0,0.0,0.0,0.0,24.13856208322998,0.0,0.0,0.0,0.0,0.0,0.0,0.0,0.0,0.0,0.0,0.0,0.0,24.13856208322998,0.3238065425258387,0.3780786666708688,0.0,29.0,0.0,34.0,0.0,False,False,True,True,True,False,1.0,0
fixed_policy_information_responsiveness,IL_RD,IL,IL,RD,GFW,test_001_dde9993de777,3fff6834c5ca55770bb2ce011392b4601323013339a806ff304e5858d633ad25,3,True,physical_path,29.0,0.0,24.13856208322998,0.0,0.0,24.13856208322998,0.0,0.0,0.0,0.0,0.0,24.13856208322998,0.0,0.0,0.0,0.0,0.0,0.0,0.0,0.0,0.0,0.0,0.0,0.0,24.13856208322998,0.33160176552061377,0.3887787333223969,0.0,29.0,0.0,34.0,0.0,False,False,True,True,True,False,1.0,0
fixed_policy_information_responsiveness,IL_RD,IL,IL,RD,GFW,test_002_f01217ab0e79,17fe2867b80c61a33b2f04bf45397773c30df8191e2adc4b5b92110e26b545d6,3,True,physical_path,29.0,0.0,24.13856208322998,0.0,0.0,24.13856208322998,0.0,0.0,0.0,0.0,0.0,24.13856208322998,0.0,0.0,0.0,0.0,0.0,0.0,0.0,0.0,0.0,0.0,0.0,0.0,24.13856208322998,0.33259029309104743,0.39181886659935117,0.0,29.0,0.0,34.0,0.0,False,False,True,True,True,False,1.0,0
fixed_policy_information_responsiveness,IL_RD,IL,IL,RD,GFW,test_003_eb3106001035,e313a4d47eb3a6fdd9ce893166342e93487908fca1329a3ebd6655e90063d358,3,True,physical_path,29.0,0.0,24.13856208322998,0.0,0.0,24.13856208322998,0.0,0.0,0.0,0.0,0.0,24.13856208322998,0.0,0.0,0.0,0.0,0.0,0.0,0.0,0.0,0.0,0.0,0.0,0.0,24.13856208322998,0.3263033942597779,0.36977489991113544,0.0,29.0,0.0,34.0,0.0,False,False,True,True,True,False,1.0,0
fixed_policy_information_responsiveness,IL_RD,IL,IL,RD,GFW,test_004_55a330aff5c4,3d576c2c2e35bb2dcee0d0659de529fad0cf3349e708d77b4b50e669a9fc31ef,3,True,physical_path,29.0,0.0,24.13856208322998,0.0,0.0,24.13856208322998,0.0,0.0,0.0,0.0,0.0,24.13856208322998,0.0,0.0,0.0,0.0,0.0,0.0,0.0,0.0,0.0,0.0,0.0,0.0,24.13856208322998,0.32079267816018614,0.3709559667234619,0.0,29.0,0.0,34.0,0.0,False,False,True,True,True,False,1.0,0
fixed_policy_information_responsiveness,IL_RD,IL,IL,RD,GFW,test_005_981c73a17708,486158d4056bf919c05d831eb2457e1e5b0f77be811f8850194e44ad6f7b51c4,3,True,physical_path,29.0,0.0,24.13856208322998,0.0,0.0,24.13856208322998,0.0,0.0,0.0,0.0,0.0,24.13856208322998,0.0,0.0,0.0,0.0,0.0,0.0,0.0,0.0,0.0,0.0,0.0,0.0,24.13856208322998,0.32505056781469494,0.3936462333270659,0.0,29.0,0.0,34.0,0.0,False,False,True,True,True,False,1.0,0
fixed_policy_information_responsiveness,IL_RD,IL,IL,RD,GFW,test_006_daba4b1e9814,952a31a06c5a53e6e31268d61aa18540666df9f1b9e3ae6a233963dce9488fa4,3,True,physical_path,29.0,0.0,24.13856208322998,0.0,0.0,24.13856208322998,0.0,0.0,0.0,0.0,0.0,24.13856208322998,0.0,0.0,0.0,0.0,0.0,0.0,0.0,0.0,0.0,0.0,0.0,0.0,24.13856208322998,0.32459287471191467,0.39005296661828953,0.0,29.0,0.0,34.0,0.0,False,False,True,True,True,False,1.0,0
fixed_policy_information_responsiveness,IL_RD,IL,IL,RD,GFW,test_007_925513ee8ec6,731d03623a8a74cd3218b698af1e8e12c97d38fb15453dca892775607b29fa81,3,True,physical_path,29.0,0.0,24.13856208322998,0.0,0.0,24.13856208322998,0.0,0.0,0.0,0.0,0.0,24.13856208322998,0.0,0.0,0.0,0.0,0.0,0.0,0.0,0.0,0.0,0.0,0.0,0.0,24.13856208322998,0.3195428804564022,0.3587149667243163,0.0,29.0,0.0,34.0,0.0,False,False,True,True,True,False,1.0,0
fixed_policy_information_responsiveness,IL_RD,IL,IL,RD,GFW,test_008_fabe46a0ea00,e9fdfe86c1213d66406ad2b5a1489098162eeacb4fd3bb135c7774f43447e50a,3,True,physical_path,29.0,0.0,24.13856208322998,0.0,0.0,24.13856208322998,0.0,0.0,0.0,0.0,0.0,24.13856208322998,0.0,0.0,0.0,0.0,0.0,0.0,0.0,0.0,0.0,0.0,0.0,0.0,24.13856208322998,0.3164419517103026,0.35567463321300846,0.0,29.0,0.0,34.0,0.0,False,False,True,True,True,False,1.0,0
fixed_policy_information_responsiveness,IL_RD,IL,IL,RD,GFW,test_009_c8ef87e47101,e7c739cef2038dc9dd49043c1f0d7f937e1197ba26c7d6d5cfd35e6884576a8f,3,True,physical_path,29.0,0.0,24.13856208322998,0.0,0.0,24.13856208322998,0.0,0.0,0.0,0.0,0.0,24.13856208322998,0.0,0.0,0.0,0.0,0.0,0.0,0.0,0.0,0.0,0.0,0.0,0.0,24.13856208322998,0.31551331149457,0.35804436658509076,0.0,29.0,0.0,34.0,0.0,False,False,True,True,True,False,1.0,0
fixed_policy_information_responsiveness,IL_RD,IL,IL,RD,GFW,test_010_613ab99db82c,b6d6d7a34dc5c759fa2f74e51cf089ae14ef375b3d2118cbc6e54cfe69610ff0,3,True,physical_path,29.0,0.0,24.13856208322998,0.0,0.0,24.13856208322998,0.0,0.0,0.0,0.0,0.0,24.13856208322998,0.0,0.0,0.0,0.0,0.0,0.0,0.0,0.0,0.0,0.0,0.0,0.0,24.13856208322998,0.3118550172396775,0.3619796666316688,0.0,29.0,0.0,34.0,0.0,False,False,True,True,True,False,1.0,0
fixed_policy_information_responsiveness,IL_RD,IL,IL,RD,GFW,test_011_8a2e74b38d5d,2c1def025a197cafcbff5811b07b27cda029492b99505187bb109a25c6324dd0,3,True,physical_path,29.0,0.0,24.13856208322998,0.0,0.0,24.13856208322998,0.0,0.0,0.0,0.0,0.0,24.13856208322998,0.0,0.0,0.0,0.0,0.0,0.0,0.0,0.0,0.0,0.0,0.0,0.0,24.13856208322998,0.32967115172463335,0.581199600128457,0.0,29.0,0.0,34.0,0.0,False,False,True,True,True,False,1.0,0
fixed_policy_information_responsiveness,IL_RD,IL,IL,RD,GFW,test_012_b6bdc05b20a7,a0b19e6776a2ab7419a6e1e972fe362229d4c1ceaee4fcd5b26af8dd6487d91a,3,True,physical_path,29.0,0.0,24.13856208322998,0.0,0.0,24.13856208322998,0.0,0.0,0.0,0.0,0.0,24.13856208322998,0.0,0.0,0.0,0.0,0.0,0.0,0.0,0.0,0.0,0.0,0.0,0.0,24.13856208322998,0.49430402528077105,1.1970794667334606,0.0,29.0,0.0,34.0,0.0,False,False,True,True,True,False,1.0,0
fixed_policy_information_responsiveness,IL_RD,IL,IL,RD,GFW,test_013_040653995d85,126fef2eb8dec4e751a3cd0ab4030fa0eef9f2124b9012d0f237435c02edf2bb,3,True,physical_path,29.0,0.0,24.13856208322998,0.0,0.0,24.13856208322998,0.0,0.0,0.0,0.0,0.0,24.13856208322998,0.0,0.0,0.0,0.0,0.0,0.0,0.0,0.0,0.0,0.0,0.0,0.0,24.13856208322998,0.4904372034401729,1.0170114999637008,0.0,29.0,0.0,34.0,0.0,False,False,True,True,True,False,1.0,0
fixed_policy_information_responsiveness,IL_RD,IL,IL,RD,GFW,test_014_f00647451070,373a8ad6e78d461dfdcc95fdf1fb04a78758e9c383379518c6a7f99e0d53dc1b,3,True,physical_path,29.0,0.0,24.13856208322998,0.0,0.0,24.13856208322998,0.0,0.0,0.0,0.0,0.0,24.13856208322998,0.0,0.0,0.0,0.0,0.0,0.0,0.0,0.0,0.0,0.0,0.0,0.0,24.13856208322998,0.5008697252715243,1.1044457333628088,0.0,29.0,0.0,34.0,0.0,False,False,True,True,True,False,1.0,0
fixed_policy_information_responsiveness,IL_RD,IL,IL,RD,GFW,test_015_643a837775f9,2c7b39349a0d1081bb9965c20059966e2efa2b36929e46f58bc4a9c3814b5fa1,3,True,physical_path,29.0,0.0,24.13856208322998,0.0,0.0,24.13856208322998,0.0,0.0,0.0,0.0,0.0,24.13856208322998,0.0,0.0,0.0,0.0,0.0,0.0,0.0,0.0,0.0,0.0,0.0,0.0,24.13856208322998,0.5441456436629183,1.470397666717569,0.0,29.0,0.0,34.0,0.0,False,False,True,True,True,False,1.0,0
fixed_policy_information_responsiveness,IL_RD,IL,IL,RD,GFW,test_016_45a90ccef8bd,0029ff00c2ec31c1e494acd10829e465e27a2f2b2b25b7e64eec745f570ed89f,3,True,physical_path,29.0,0.0,24.13856208322998,0.0,0.0,24.13856208322998,0.0,0.0,0.0,0.0,0.0,24.13856208322998,0.0,0.0,0.0,0.0,0.0,0.0,0.0,0.0,0.0,0.0,0.0,0.0,24.13856208322998,0.6220025747115242,2.0841716333137206,0.0,29.0,0.0,34.0,0.0,False,False,True,True,True,False,1.0,0
fixed_policy_information_responsiveness,IL_RD,IL,IL,RD,GFW,test_017_ebd333a3cdba,29f164f4e07e3587787b4f7f02f926e6abe18c76068f83f7e907a642cb6d0b70,3,True,physical_path,29.0,0.0,24.13856208322998,0.0,0.0,24.13856208322998,0.0,0.0,0.0,0.0,0.0,24.13856208322998,0.0,0.0,0.0,0.0,0.0,0.0,0.0,0.0,0.0,0.0,0.0,0.0,24.13856208322998,0.585170435630877,2.0770321666107825,0.0,29.0,0.0,34.0,0.0,False,False,True,True,True,False,1.0,0
fixed_policy_information_responsiveness,IL_RD,IL,IL,RD,GFW,test_018_9466cee538c9,6b88d9f59b5451cc58b1015bbaf872072f54219821d24a23dcee85e5907ccd6f,3,True,physical_path,29.0,0.0,24.13856208322998,0.0,0.0,24.13856208322998,0.0,0.0,0.0,0.0,0.0,24.13856208322998,0.0,0.0,0.0,0.0,0.0,0.0,0.0,0.0,0.0,0.0,0.0,0.0,24.13856208322998,0.6113298436942585,2.7591155666547516,0.0,29.0,0.0,34.0,0.0,False,False,True,True,True,False,1.0,0
fixed_policy_information_responsiveness,IL_RD,IL,IL,RD,GFW,test_019_9d2b7462a57a,37b0c4171f21c5ce77200cf1c07cafe2ac3222d7de42f1ae6fc1d30f162235f4,3,True,physical_path,29.0,0.0,24.13856208322998,0.0,0.0,24.13856208322998,0.0,0.0,0.0,0.0,0.0,24.13856208322998,0.0,0.0,0.0,0.0,0.0,0.0,0.0,0.0,0.0,0.0,0.0,0.0,24.13856208322998,0.5822286402335626,1.9586101333455492,0.0,29.0,0.0,34.0,0.0,False,False,True,True,True,False,1.0,0
fixed_policy_information_responsiveness,IL_RD,IL,IL,RD,GFW,test_020_701c8d28bc45,8026693322b81e3fb97240607d2705dd6b93933f00598bd25d51a0e0815f078a,3,True,physical_path,29.0,0.0,24.13856208322998,0.0,0.0,24.13856208322998,0.0,0.0,0.0,0.0,0.0,24.13856208322998,0.0,0.0,0.0,0.0,0.0,0.0,0.0,0.0,0.0,0.0,0.0,0.0,24.13856208322998,0.5419839528635487,1.5505239334112655,0.0,29.0,0.0,34.0,0.0,False,False,True,True,True,False,1.0,0
fixed_policy_information_responsiveness,IL_RD,IL,IL,RD,GFW,test_021_69299bc5d0bf,73b12655c0d3ba790b0d7646d848d8482c556907f3df355b5debba89d629dce8,3,True,physical_path,29.0,0.0,24.13856208322998,0.0,0.0,24.13856208322998,0.0,0.0,0.0,0.0,0.0,24.13856208322998,0.0,0.0,0.0,0.0,0.0,0.0,0.0,0.0,0.0,0.0,0.0,0.0,24.13856208322998,0.5946792873591399,1.1866745666290324,0.0,29.0,0.0,34.0,0.0,False,False,True,True,True,False,1.0,0
fixed_policy_information_responsiveness,IL_RD,IL,IL,RD,GFW,test_022_1b3e72c80b5f,8baf29c9a8cf1929f75debe3e9655a2a247f63e35bbf7fa4ef4c40555ea2ebf6,3,True,physical_path,29.0,0.0,24.13856208322998,0.0,0.0,24.13856208322998,0.0,0.0,0.0,0.0,0.0,24.13856208322998,0.0,0.0,0.0,0.0,0.0,0.0,0.0,0.0,0.0,0.0,0.0,0.0,24.13856208322998,0.6306761436929776,1.1125356333795935,0.0,29.0,0.0,34.0,0.0,False,False,True,True,True,False,1.0,0
fixed_policy_information_responsiveness,IL_RD,IL,IL,RD,GFW,test_023_90a8af416c5a,a1630780ff34130d213e2e129b87abd380aace39bba5543962105d498f5aea0d,3,True,physical_path,29.0,0.0,24.13856208322998,0.0,0.0,24.13856208322998,0.0,0.0,0.0,0.0,0.0,24.13856208322998,0.0,0.0,0.0,0.0,0.0,0.0,0.0,0.0,0.0,0.0,0.0,0.0,24.13856208322998,0.6658771804523194,1.1882725333950173,0.0,29.0,0.0,34.0,0.0,False,False,True,True,True,False,1.0,0
fixed_policy_information_responsiveness,IL_RD,IL,IL,RD,GFW,test_024_e90f261f99e2,f7208349640673e17c7b506bd6a88873b8173f8b58e84fd23d30793c0a7b7461,3,True,physical_path,29.0,0.0,24.13856208322998,0.0,0.0,24.13856208322998,0.0,0.0,0.0,0.0,0.0,24.13856208322998,0.0,0.0,0.0,0.0,0.0,0.0,0.0,0.0,0.0,0.0,0.0,0.0,24.13856208322998,0.6736178436830383,1.1777968666671466,0.0,29.0,0.0,34.0,0.0,False,False,True,True,True,False,1.0,0
fixed_policy_information_responsiveness,IL_RD,IL,IL,RD,GFW,test_025_0c3eeaae0824,ebb244754df442c284ce8466b9c0a1886d39cd718575bde71d7c3e618bfcb05d,3,True,physical_path,29.0,0.0,24.13856208322998,0.0,0.0,24.13856208322998,0.0,0.0,0.0,0.0,0.0,24.13856208322998,0.0,0.0,0.0,0.0,0.0,0.0,0.0,0.0,0.0,0.0,0.0,0.0,24.13856208322998,0.6075993195502623,1.033778800085808,0.0,29.0,0.0,34.0,0.0,False,False,True,True,True,False,1.0,0
fixed_policy_information_responsiveness,IL_RD,IL,IL,RD,GFW,test_026_770d47ae1768,1b634cc6c964c3493aa7054c18162810eb0343a0bfa9c10559ab275be90f270b,3,True,physical_path,29.0,0.0,24.13856208322998,0.0,0.0,24.13856208322998,0.0,0.0,0.0,0.0,0.0,24.13856208322998,0.0,0.0,0.0,0.0,0.0,0.0,0.0,0.0,0.0,0.0,0.0,0.0,24.13856208322998,0.5000392643804394,0.9613865666712323,0.0,29.0,0.0,34.0,0.0,False,False,True,True,True,False,1.0,0
fixed_policy_information_responsiveness,IL_RD,IL,IL,RD,GFW,test_027_df5d670513fa,ab2101884236e9b9aa7c3ee22d154832c5d8010acf768023992dab208603418a,3,True,physical_path,29.0,0.0,24.13856208322998,0.0,0.0,24.13856208322998,0.0,0.0,0.0,0.0,0.0,24.13856208322998,0.0,0.0,0.0,0.0,0.0,0.0,0.0,0.0,0.0,0.0,0.0,0.0,24.13856208322998,0.4416004045861077,0.8769200666962812,0.0,29.0,0.0,34.0,0.0,False,False,True,True,True,False,1.0,0
fixed_policy_information_responsiveness,IL_RD,IL,IL,RD,GFW,test_028_e9fb02365dd3,69c3b469f3d109c4fde6819023b6b3424a81a6c9410b5bdadf6a389b0ac41cd8,3,True,physical_path,29.0,0.0,24.13856208322998,0.0,0.0,24.13856208322998,0.0,0.0,0.0,0.0,0.0,24.13856208322998,0.0,0.0,0.0,0.0,0.0,0.0,0.0,0.0,0.0,0.0,0.0,0.0,24.13856208322998,0.4047305735374062,0.8126942666713148,0.0,29.0,0.0,34.0,0.0,False,False,True,True,True,False,1.0,0
fixed_policy_information_responsiveness,IL_RD,IL,IL,RD,GFW,test_029_b44f60718c5a,1da7e85d4baff589ff68ef8559039803d6320ab2ed03342b24ac128a2318d190,3,True,physical_path,29.0,0.0,24.13856208322998,0.0,0.0,24.13856208322998,0.0,0.0,0.0,0.0,0.0,24.13856208322998,0.0,0.0,0.0,0.0,0.0,0.0,0.0,0.0,0.0,0.0,0.0,0.0,24.13856208322998,0.3703937666576313,0.5063223999459296,0.0,29.0,0.0,34.0,0.0,False,False,True,True,True,False,1.0,0
fixed_policy_information_responsiveness,IL_RD,IL,IL,RD,GFW,test_030_038f4c53d11f,4eb8a7c0bcb39227046e9505c361e42bb2c658236f0c564a6269a847ed31aa9d,3,True,physical_path,29.0,0.0,24.13856208322998,0.0,0.0,24.13856208322998,0.0,0.0,0.0,0.0,0.0,24.13856208322998,0.0,0.0,0.0,0.0,0.0,0.0,0.0,0.0,0.0,0.0,0.0,0.0,24.13856208322998,0.35919811379903094,0.4223216332805653,0.0,29.0,0.0,34.0,0.0,False,False,True,True,True,False,1.0,0
fixed_policy_information_responsiveness,IL_RD,IL,IL,RD,GFW,test_031_0a6ff70351b5,f433009c2dc9babd801ecc4a83bff803bafefdf2dda16c2339f89fdea4819ef5,3,True,physical_path,29.0,0.0,24.13856208322998,0.0,0.0,24.13856208322998,0.0,0.0,0.0,0.0,0.0,24.13856208322998,0.0,0.0,0.0,0.0,0.0,0.0,0.0,0.0,0.0,0.0,0.0,0.0,24.13856208322998,0.377421231033152,0.49986966668317717,0.0,29.0,0.0,34.0,0.0,False,False,True,True,True,False,1.0,0
fixed_policy_information_responsiveness,IL_RD,IL,IL,RD,GFW,test_032_efdf826e6bc3,21ce1693bc3699e2f09363a75d56cade9dded2bb98e7d8c9fa223f6a0e80fe32,3,True,physical_path,29.0,0.0,24.13856208322998,0.0,0.0,24.13856208322998,0.0,0.0,0.0,0.0,0.0,24.13856208322998,0.0,0.0,0.0,0.0,0.0,0.0,0.0,0.0,0.0,0.0,0.0,0.0,24.13856208322998,0.37991484369943457,0.5481374667336544,0.0,29.0,0.0,34.0,0.0,False,False,True,True,True,False,1.0,0
fixed_policy_information_responsiveness,IL_RD,IL,IL,RD,GFW,test_033_de0c441dba67,20b1ce9257b6bc10879dbeb9b585d2252b6a0d0e70758a9074e7bce30e8381e7,3,True,physical_path,29.0,0.0,24.13856208322998,0.0,0.0,24.13856208322998,0.0,0.0,0.0,0.0,0.0,24.13856208322998,0.0,0.0,0.0,0.0,0.0,0.0,0.0,0.0,0.0,0.0,0.0,0.0,24.13856208322998,0.3812078689653213,0.5287481001578271,0.0,29.0,0.0,34.0,0.0,False,False,True,True,True,False,1.0,0
fixed_policy_information_responsiveness,IL_RD,IL,IL,RD,GFW,test_034_a00d80b83640,b036cb3fefcab64a46f1c815d5ca0fe171f0b46d33f7ae7b6be2a6bacb1fd612,3,True,physical_path,29.0,0.0,24.13856208322998,0.0,0.0,24.13856208322998,0.0,0.0,0.0,0.0,0.0,24.13856208322998,0.0,0.0,0.0,0.0,0.0,0.0,0.0,0.0,0.0,0.0,0.0,0.0,24.13856208322998,0.3778168770067137,0.4762737333464126,0.0,29.0,0.0,34.0,0.0,False,False,True,True,True,False,1.0,0
fixed_policy_information_responsiveness,IL_RD,IL,IL,RD,GFW,test_035_51fd398978b7,7abaf72660924f39b0c3de4eca048c4bfc88cc650ecff93ab95fe73dba109cce,3,True,physical_path,29.0,0.0,24.13856208322998,0.0,0.0,24.13856208322998,0.0,0.0,0.0,0.0,0.0,24.13856208322998,0.0,0.0,0.0,0.0,0.0,0.0,0.0,0.0,0.0,0.0,0.0,0.0,24.13856208322998,0.3981012873399746,0.5950279667352637,0.0,29.0,0.0,34.0,0.0,False,False,True,True,True,False,1.0,0
fixed_policy_information_responsiveness,IL_RD,IL,IL,RD,GFW,test_036_7eb6ac1ca077,0c9a87f5ff17777b85b5a6eeeaa638de53fb4b7d7f19e240d28c11f6cc64f47c,3,True,physical_path,29.0,0.0,24.13856208322998,0.0,0.0,24.13856208322998,0.0,0.0,0.0,0.0,0.0,24.13856208322998,0.0,0.0,0.0,0.0,0.0,0.0,0.0,0.0,0.0,0.0,0.0,0.0,24.13856208322998,0.4061702034307708,0.569076233310625,0.0,29.0,0.0,34.0,0.0,False,False,True,True,True,False,1.0,0
fixed_policy_information_responsiveness,IL_RD,IL,IL,RD,GFW,test_037_f096257ecaa4,3929daae8a4ddc386215a14d62f0df20cc184dc67a9d3e9dfcf391616c8b09aa,3,True,physical_path,29.0,0.0,24.13856208322998,0.0,0.0,24.13856208322998,0.0,0.0,0.0,0.0,0.0,24.13856208322998,0.0,0.0,0.0,0.0,0.0,0.0,0.0,0.0,0.0,0.0,0.0,0.0,24.13856208322998,0.40703575746370374,0.6968908332443485,0.0,29.0,0.0,34.0,0.0,False,False,True,True,True,False,1.0,0
fixed_policy_information_responsiveness,IL_RD,IL,IL,RD,GFW,test_038_b05abc6e01b3,91d9ad359e88dd62f32db770d8fc971bf07ab01c0e8fc379b5a718e95e02a857,3,True,physical_path,29.0,0.0,24.13856208322998,0.0,0.0,24.13856208322998,0.0,0.0,0.0,0.0,0.0,24.13856208322998,0.0,0.0,0.0,0.0,0.0,0.0,0.0,0.0,0.0,0.0,0.0,0.0,24.13856208322998,0.45121706091938,0.9065001332201064,0.0,29.0,0.0,34.0,0.0,False,False,True,True,True,False,1.0,0
fixed_policy_information_responsiveness,IL_RD,IL,IL,RD,GFW,test_039_9c0d1ebe6c19,e13ccaea86f54a246efc2c37fdff34f1d6d2c788bedc46e779cb26330eb19767,3,True,physical_path,29.0,0.0,24.13856208322998,0.0,0.0,24.13856208322998,0.0,0.0,0.0,0.0,0.0,24.13856208322998,0.0,0.0,0.0,0.0,0.0,0.0,0.0,0.0,0.0,0.0,0.0,0.0,24.13856208322998,0.43618416665764204,0.7637166666487852,0.0,29.0,0.0,34.0,0.0,False,False,True,True,True,False,1.0,0
fixed_policy_information_responsiveness,IL_RD,IL,IL,RD,GFW,test_040_11a8950c659e,8c86505470912e1666c9fc2940eaa827bdbe9a292d18acba8b65690bc5504edd,3,True,physical_path,29.0,0.0,24.13856208322998,0.0,0.0,24.13856208322998,0.0,0.0,0.0,0.0,0.0,24.13856208322998,0.0,0.0,0.0,0.0,0.0,0.0,0.0,0.0,0.0,0.0,0.0,0.0,24.13856208322998,0.4224125632170545,0.6377530000172555,0.0,29.0,0.0,34.0,0.0,False,False,True,True,True,False,1.0,0
fixed_policy_information_responsiveness,IL_RD,IL,IL,RD,GFW,test_041_e58f21dcc209,8ac790e22f29b9e6016d417a41ae81357645899a955003b28c3db743adaf7651,3,True,physical_path,29.0,0.0,24.13856208322998,0.0,0.0,24.13856208322998,0.0,0.0,0.0,0.0,0.0,24.13856208322998,0.0,0.0,0.0,0.0,0.0,0.0,0.0,0.0,0.0,0.0,0.0,0.0,24.13856208322998,0.47072544253709586,0.7629262333114942,0.0,29.0,0.0,34.0,0.0,False,False,True,True,True,False,1.0,0
fixed_policy_information_responsiveness,IL_RD,IL,IL,RD,GFW,test_042_a77d2ece213a,f2460e8d37d7dd00974c41189f6e0ebf50b6f52ebee182f6c1995d712d434a80,3,True,physical_path,29.0,0.0,24.13856208322998,0.0,0.0,24.13856208322998,0.0,0.0,0.0,0.0,0.0,24.13856208322998,0.0,0.0,0.0,0.0,0.0,0.0,0.0,0.0,0.0,0.0,0.0,0.0,24.13856208322998,0.4372306034509521,0.7585961000683407,0.0,29.0,0.0,34.0,0.0,False,False,True,True,True,False,1.0,0
fixed_policy_information_responsiveness,IL_RD,IL,IL,RD,GFW,test_043_f1174106175c,9f0e52313eae7646721460bef1d7844c63ef6e6466e00cda6d88b59f753bdb44,3,True,physical_path,29.0,0.0,24.13856208322998,0.0,0.0,24.13856208322998,0.0,0.0,0.0,0.0,0.0,24.13856208322998,0.0,0.0,0.0,0.0,0.0,0.0,0.0,0.0,0.0,0.0,0.0,0.0,24.13856208322998,0.4408618126214407,0.6702662332293888,0.0,29.0,0.0,34.0,0.0,False,False,True,True,True,False,1.0,0
fixed_policy_information_responsiveness,IL_RD,IL,IL,RD,GFW,test_044_ed401c94714a,b8c9d29aa3de6cf470181459344c092f63897fea165efd006f3522d28d5b7546,3,True,physical_path,29.0,0.0,24.13856208322998,0.0,0.0,24.13856208322998,0.0,0.0,0.0,0.0,0.0,24.13856208322998,0.0,0.0,0.0,0.0,0.0,0.0,0.0,0.0,0.0,0.0,0.0,0.0,24.13856208322998,0.4245981517242503,0.5793877666195234,0.0,29.0,0.0,34.0,0.0,False,False,True,True,True,False,1.0,0
fixed_policy_information_responsiveness,IL_RD,IL,IL,RD,GFW,test_045_af7d3f616c1d,4016cea405cb4a960b6e35575052133785df257d690566934f375b42aaec6319,3,True,physical_path,29.0,0.0,24.13856208322998,0.0,0.0,24.13856208322998,0.0,0.0,0.0,0.0,0.0,24.13856208322998,0.0,0.0,0.0,0.0,0.0,0.0,0.0,0.0,0.0,0.0,0.0,0.0,24.13856208322998,0.4412759551644625,0.5773030333220959,0.0,29.0,0.0,34.0,0.0,False,False,True,True,True,False,1.0,0
fixed_policy_information_responsiveness,IL_RD,IL,IL,RD,GFW,test_046_e35b743e6617,a2353a3737f40fe134958bb2e87b8e305fa8a93484beedd0e8bfecb9f57017a4,3,True,physical_path,29.0,0.0,24.13856208322998,0.0,0.0,24.13856208322998,0.0,0.0,0.0,0.0,0.0,24.13856208322998,0.0,0.0,0.0,0.0,0.0,0.0,0.0,0.0,0.0,0.0,0.0,0.0,24.13856208322998,0.44723433104675564,0.6061216000622759,0.0,29.0,0.0,34.0,0.0,False,False,True,True,True,False,1.0,0
fixed_policy_information_responsiveness,IL_RD,IL,IL,RD,GFW,test_047_20c1f89391c1,36ff09fb12219b2b6b87f6cf0c5423c116879052b34d4962c7ef266ec126ac57,3,True,physical_path,29.0,0.0,24.13856208322998,0.0,0.0,24.13856208322998,0.0,0.0,0.0,0.0,0.0,24.13856208322998,0.0,0.0,0.0,0.0,0.0,0.0,0.0,0.0,0.0,0.0,0.0,0.0,24.13856208322998,0.44220578736068966,0.6286884333627919,0.0,29.0,0.0,34.0,0.0,False,False,True,True,True,False,1.0,0
fixed_policy_information_responsiveness,IL_RD,IL,IL,RD,GFW,test_048_eeaf6a6a0a15,994d5fe747d109631079ca2dcc4446c2f6416a37c0e22f518eee625a1adb06f0,3,True,physical_path,29.0,0.0,24.13856208322998,0.0,0.0,24.13856208322998,0.0,0.0,0.0,0.0,0.0,24.13856208322998,0.0,0.0,0.0,0.0,0.0,0.0,0.0,0.0,0.0,0.0,0.0,0.0,24.13856208322998,0.4594685471477522,0.700796733222281,0.0,29.0,0.0,34.0,0.0,False,False,True,True,True,False,1.0,0
fixed_policy_information_responsiveness,IL_RD,IL,IL,RD,GFW,test_049_343da3774e7e,67fbb29d58fe3b18a75d771f5cd686cc8e735fd689001d0916b3e6fc39ec79f7,3,True,physical_path,29.0,0.0,24.13856208322998,0.0,0.0,24.13856208322998,0.0,0.0,0.0,0.0,0.0,24.13856208322998,0.0,0.0,0.0,0.0,0.0,0.0,0.0,0.0,0.0,0.0,0.0,0.0,24.13856208322998,0.4375309333467492,0.6204786334031572,0.0,29.0,0.0,34.0,0.0,False,False,True,True,True,False,1.0,0
fixed_policy_information_responsiveness,IL_RD,IL,IL,RD,GFW,test_050_1c7612d8bc63,7009ba679041fca4f919f6d67b859e0c50e7cd8a1fa70db807d12180ce36fef5,3,True,physical_path,29.0,0.0,24.13856208322998,0.0,0.0,24.13856208322998,0.0,0.0,0.0,0.0,0.0,24.13856208322998,0.0,0.0,0.0,0.0,0.0,0.0,0.0,0.0,0.0,0.0,0.0,0.0,24.13856208322998,0.42789189194746574,0.6523526333427677,0.0,29.0,0.0,34.0,0.0,False,False,True,True,True,False,1.0,0
fixed_policy_information_responsiveness,IL_RD,IL,IL,RD,GFW,test_051_5747c87e6d9a,bb19bfcd3eaa9ae29a90b097a82f01dd9904f3e32ae9aa861440c9cf80f5fb0a,3,True,physical_path,29.0,0.0,24.13856208322998,0.0,0.0,24.13856208322998,0.0,0.0,0.0,0.0,0.0,24.13856208322998,0.0,0.0,0.0,0.0,0.0,0.0,0.0,0.0,0.0,0.0,0.0,0.0,24.13856208322998,0.42539852412535284,0.7384239333526542,0.0,29.0,0.0,34.0,0.0,False,False,True,True,True,False,1.0,0
fixed_policy_information_responsiveness,IL_RD,IL,IL,RD,GFW,test_052_9760565f31de,b277e216bbe75cc8b4046b1aa2c88aaae1bf926561535d906f0016105604e08f,3,True,physical_path,29.0,0.0,24.13856208322998,0.0,0.0,24.13856208322998,0.0,0.0,0.0,0.0,0.0,24.13856208322998,0.0,0.0,0.0,0.0,0.0,0.0,0.0,0.0,0.0,0.0,0.0,0.0,24.13856208322998,0.4245615678106103,0.6957420332667729,0.0,29.0,0.0,34.0,0.0,False,False,True,True,True,False,1.0,0
fixed_policy_information_responsiveness,IL_RD,IL,IL,RD,GFW,test_053_4473e6f72168,9feaa2d293c4a0b8af4c3aac58c9e8005521bc4d6f077825fadec29b0e53c01f,3,True,physical_path,29.0,0.0,24.13856208322998,0.0,0.0,24.13856208322998,0.0,0.0,0.0,0.0,0.0,24.13856208322998,0.0,0.0,0.0,0.0,0.0,0.0,0.0,0.0,0.0,0.0,0.0,0.0,24.13856208322998,0.4194655563339762,0.6762953666814914,0.0,29.0,0.0,34.0,0.0,False,False,True,True,True,False,1.0,0
fixed_policy_information_responsiveness,IL_RD,IL,IL,RD,GFW,test_054_c66f0b1dacc4,16ce17c1744d78faa37da5b4fb33e5bfea16723fc6b8a0bda692e50ec3e2b55e,3,True,physical_path,29.0,0.0,24.13856208322998,0.0,0.0,24.13856208322998,0.0,0.0,0.0,0.0,0.0,24.13856208322998,0.0,0.0,0.0,0.0,0.0,0.0,0.0,0.0,0.0,0.0,0.0,0.0,24.13856208322998,0.40917996898154324,0.6530580666537086,0.0,29.0,0.0,34.0,0.0,False,False,True,True,True,False,1.0,0
fixed_policy_information_responsiveness,IL_RD,IL,IL,RD,GFW,test_055_f90330578051,8df94c8ced26ea4c0c1fb973fcdb315e4aa4bd11418f4678cad692434784d305,3,True,physical_path,29.0,0.0,24.13856208322998,0.0,0.0,24.13856208322998,0.0,0.0,0.0,0.0,0.0,24.13856208322998,0.0,0.0,0.0,0.0,0.0,0.0,0.0,0.0,0.0,0.0,0.0,0.0,24.13856208322998,0.39861151380143284,0.6451617666364958,0.0,29.0,0.0,34.0,0.0,False,False,True,True,True,False,1.0,0
fixed_policy_information_responsiveness,IL_RD,IL,IL,RD,GFW,test_056_b2c64046cef9,21949659c92b6085fdcf7f8ded48b2ce45b53d882ca7a31b19d9fde23c9a706e,3,True,physical_path,29.0,0.0,24.13856208322998,0.0,0.0,24.13856208322998,0.0,0.0,0.0,0.0,0.0,24.13856208322998,0.0,0.0,0.0,0.0,0.0,0.0,0.0,0.0,0.0,0.0,0.0,0.0,24.13856208322998,0.4190467563297214,0.6496606667060405,0.0,29.0,0.0,34.0,0.0,False,False,True,True,True,False,1.0,0
fixed_policy_information_responsiveness,IL_RD,IL,IL,RD,GFW,test_057_bf11b8e004e2,2705d48abdd25cd31ce63dce45d98fc5d7a7014cbaa2b7e9d3841215da085223,3,True,physical_path,29.0,0.0,24.13856208322998,0.0,0.0,24.13856208322998,0.0,0.0,0.0,0.0,0.0,24.13856208322998,0.0,0.0,0.0,0.0,0.0,0.0,0.0,0.0,0.0,0.0,0.0,0.0,24.13856208322998,0.410089104586206,0.6981197333273789,0.0,29.0,0.0,34.0,0.0,False,False,True,True,True,False,1.0,0
fixed_policy_information_responsiveness,IL_RD,IL,IL,RD,GFW,test_058_fbcfbffca03e,f3cffe67760837d34721010e552b7b113b7312cf23c606a8484b6a9212a6f2b7,3,True,physical_path,29.0,0.0,24.13856208322998,0.0,0.0,24.13856208322998,0.0,0.0,0.0,0.0,0.0,24.13856208322998,0.0,0.0,0.0,0.0,0.0,0.0,0.0,0.0,0.0,0.0,0.0,0.0,24.13856208322998,0.4224916436955675,0.7852317666790137,0.0,29.0,0.0,34.0,0.0,False,False,True,True,True,False,1.0,0
fixed_policy_information_responsiveness,IL_RD,IL,IL,RD,GFW,test_059_d22925a9593f,c98c7ab547b822f5e3f6bd57e8c1cac4fe3ffb8f9767451fb6469582500778c3,3,True,physical_path,29.0,0.0,24.13856208322998,0.0,0.0,24.13856208322998,0.0,0.0,0.0,0.0,0.0,24.13856208322998,0.0,0.0,0.0,0.0,0.0,0.0,0.0,0.0,0.0,0.0,0.0,0.0,24.13856208322998,0.40958714482759867,0.7277555332208673,0.0,29.0,0.0,34.0,0.0,False,False,True,True,True,False,1.0,0
fixed_policy_information_responsiveness,IL_RD,IL,IL,RD,GFW,test_060_b3feb9e274c2,3c86ab20f510c1061ab2e7f48b9256de5e0c280f7c3174b1c7b1d72c0dc53850,3,True,physical_path,29.0,0.0,24.13856208322998,0.0,0.0,24.13856208322998,0.0,0.0,0.0,0.0,0.0,24.13856208322998,0.0,0.0,0.0,0.0,0.0,0.0,0.0,0.0,0.0,0.0,0.0,0.0,24.13856208322998,0.40484607815688967,0.5966541666227082,0.0,29.0,0.0,34.0,0.0,False,False,True,True,True,False,1.0,0
fixed_policy_information_responsiveness,IL_RD,IL,IL,RD,GFW,test_061_627abde70c26,cf65918b4a1357466ba3ff0110bd4979bea1c5b3536ccf53783601c4166c8ca6,3,True,physical_path,29.0,0.0,24.13856208322998,0.0,0.0,24.13856208322998,0.0,0.0,0.0,0.0,0.0,24.13856208322998,0.0,0.0,0.0,0.0,0.0,0.0,0.0,0.0,0.0,0.0,0.0,0.0,24.13856208322998,0.3979340517176208,0.5553760333762815,0.0,29.0,0.0,34.0,0.0,False,False,True,True,True,False,1.0,0
fixed_policy_information_responsiveness,IL_RD,IL,IL,RD,GFW,test_062_0c9ea14e9507,8862784afef2156ec2bb9a00ad9818b4d1388563f98bbba5abeb4f579f5d3719,3,True,physical_path,29.0,0.0,24.13856208322998,0.0,0.0,24.13856208322998,0.0,0.0,0.0,0.0,0.0,24.13856208322998,0.0,0.0,0.0,0.0,0.0,0.0,0.0,0.0,0.0,0.0,0.0,0.0,24.13856208322998,0.4185944057321283,0.6347909665976962,0.0,29.0,0.0,34.0,0.0,False,False,True,True,True,False,1.0,0
fixed_policy_information_responsiveness,IL_RD,IL,IL,RD,GFW,test_063_44f0f2a191ef,b8eaab80f4cb12634be223f90a9511d83ae0a0c70e808e91a4421d33496959d7,3,True,physical_path,29.0,0.0,24.13856208322998,0.0,0.0,24.13856208322998,0.0,0.0,0.0,0.0,0.0,24.13856208322998,0.0,0.0,0.0,0.0,0.0,0.0,0.0,0.0,0.0,0.0,0.0,0.0,24.13856208322998,0.396830835628548,0.6290369333388904,0.0,29.0,0.0,34.0,0.0,False,False,True,True,True,False,1.0,0
fixed_policy_information_responsiveness,IL_RD,IL,IL,RD,GFW,test_064_27d69866b791,2ec0c0a718a10df192ec10de190b328be4edfb62be1f83170a30bcefaeb9a769,3,True,physical_path,29.0,0.0,24.13856208322998,0.0,0.0,24.13856208322998,0.0,0.0,0.0,0.0,0.0,24.13856208322998,0.0,0.0,0.0,0.0,0.0,0.0,0.0,0.0,0.0,0.0,0.0,0.0,24.13856208322998,0.39849167241682776,0.6042904000108441,0.0,29.0,0.0,34.0,0.0,False,False,True,True,True,False,1.0,0
fixed_policy_information_responsiveness,IL_RD,IL,IL,RD,GFW,test_065_930038cc16e9,18fb933270e55e8c52b9a38602689fa29979759dbcbae5ef58a9c981f50bf3b8,3,True,physical_path,29.0,0.0,24.13856208322998,0.0,0.0,24.13856208322998,0.0,0.0,0.0,0.0,0.0,24.13856208322998,0.0,0.0,0.0,0.0,0.0,0.0,0.0,0.0,0.0,0.0,0.0,0.0,24.13856208322998,0.3916797126488139,0.5284513333657136,0.0,29.0,0.0,34.0,0.0,False,False,True,True,True,False,1.0,0
fixed_policy_information_responsiveness,IL_RD,IL,IL,RD,GFW,test_066_28fb87ba4913,ff4f107913023d14c03bc1cd6277514f73f4407f2764dfbf0e0deb814377968c,3,True,physical_path,29.0,0.0,24.13856208322998,0.0,0.0,24.13856208322998,0.0,0.0,0.0,0.0,0.0,24.13856208322998,0.0,0.0,0.0,0.0,0.0,0.0,0.0,0.0,0.0,0.0,0.0,0.0,24.13856208322998,0.38213969886185195,0.4897054333705455,0.0,29.0,0.0,34.0,0.0,False,False,True,True,True,False,1.0,0
fixed_policy_information_responsiveness,IL_RD,IL,IL,RD,GFW,test_067_4d46fa716471,c5230648af9c4f4dc0776a75f661ec73f22b489cfafbd075c40df451d1313df6,3,True,physical_path,29.0,0.0,24.13856208322998,0.0,0.0,24.13856208322998,0.0,0.0,0.0,0.0,0.0,24.13856208322998,0.0,0.0,0.0,0.0,0.0,0.0,0.0,0.0,0.0,0.0,0.0,0.0,24.13856208322998,0.37266093102851133,0.47277049999684095,0.0,29.0,0.0,34.0,0.0,False,False,True,True,True,False,1.0,0
fixed_policy_information_responsiveness,IL_RD,IL,IL,RD,GFW,test_068_93da1d4ae1ba,0b8d0dd08db87d627b90309f160d00d1ddeb6b00d7f4987587040229f4a4cd12,3,True,physical_path,29.0,0.0,24.13856208322998,0.0,0.0,24.13856208322998,0.0,0.0,0.0,0.0,0.0,24.13856208322998,0.0,0.0,0.0,0.0,0.0,0.0,0.0,0.0,0.0,0.0,0.0,0.0,24.13856208322998,0.3739022252808229,0.4706858666613698,0.0,29.0,0.0,34.0,0.0,False,False,True,True,True,False,1.0,0
fixed_policy_information_responsiveness,IL_RD,IL,IL,RD,GFW,test_069_5b01ea54b2fa,22f60a5da5be788b709a0bf9475f8c37f0b33916bebd0799ebaaf3285655bfee,3,True,physical_path,29.0,0.0,24.13856208322998,0.0,0.0,24.13856208322998,0.0,0.0,0.0,0.0,0.0,24.13856208322998,0.0,0.0,0.0,0.0,0.0,0.0,0.0,0.0,0.0,0.0,0.0,0.0,24.13856208322998,0.36621808964523606,0.41416363324970007,0.0,29.0,0.0,34.0,0.0,False,False,True,True,True,False,1.0,0
fixed_policy_information_responsiveness,IL_RD,IL,IL,RD,GFW,test_070_0cd9bcac96c3,ac8bd7f7939970c5e1b97489aabbaa29f40b1929a2ec3f09189cf2fcbfdb65d8,3,True,physical_path,29.0,0.0,24.13856208322998,0.0,0.0,24.13856208322998,0.0,0.0,0.0,0.0,0.0,24.13856208322998,0.0,0.0,0.0,0.0,0.0,0.0,0.0,0.0,0.0,0.0,0.0,0.0,24.13856208322998,0.3678704264343599,0.4268033334519714,0.0,29.0,0.0,34.0,0.0,False,False,True,True,True,False,1.0,0
fixed_policy_information_responsiveness,IL_RD,IL,IL,RD,GFW,test_071_34f77888383f,978827093da846cddfccde9ad52348bfe9f4f64568eca4ff8d64b6c87e54255a,3,True,physical_path,29.0,0.0,24.13856208322998,0.0,0.0,24.13856208322998,0.0,0.0,0.0,0.0,0.0,24.13856208322998,0.0,0.0,0.0,0.0,0.0,0.0,0.0,0.0,0.0,0.0,0.0,0.0,24.13856208322998,0.3676819609151618,0.40696133323945105,0.0,29.0,0.0,34.0,0.0,False,False,True,True,True,False,1.0,0
fixed_policy_information_responsiveness,IL_RD,IL,IL,RD,GFW,test_072_8e59fac0e6c8,7e93a48e903b3b29e9cfd61aa6f7d8a149899a2101332226be7e94ab1036b791,3,True,physical_path,29.0,0.0,24.13856208322998,0.0,0.0,24.13856208322998,0.0,0.0,0.0,0.0,0.0,24.13856208322998,0.0,0.0,0.0,0.0,0.0,0.0,0.0,0.0,0.0,0.0,0.0,0.0,24.13856208322998,0.3713420563184753,0.4349919000330071,0.0,29.0,0.0,34.0,0.0,False,False,True,True,True,False,1.0,0
fixed_policy_information_responsiveness,IL_RD,IL,IL,RD,GFW,test_073_69349232969b,98f56d41ffdac696e79f292345c77fd1c847a37b978773ffd2afa3f0e762e364,3,True,physical_path,29.0,0.0,24.13856208322998,0.0,0.0,24.13856208322998,0.0,0.0,0.0,0.0,0.0,24.13856208322998,0.0,0.0,0.0,0.0,0.0,0.0,0.0,0.0,0.0,0.0,0.0,0.0,24.13856208322998,0.3743502873681143,0.4115752999981244,0.0,29.0,0.0,34.0,0.0,False,False,True,True,True,False,1.0,0
fixed_policy_information_responsiveness,IL_RD,IL,IL,RD,GFW,test_074_212affc962e2,7d251f36a1555111a2468d4970c61d10b0c63026c731e32ba65369bfc9953ed2,3,True,physical_path,29.0,0.0,24.13856208322998,0.0,0.0,24.13856208322998,0.0,0.0,0.0,0.0,0.0,24.13856208322998,0.0,0.0,0.0,0.0,0.0,0.0,0.0,0.0,0.0,0.0,0.0,0.0,24.13856208322998,0.37553714482306405,0.4485242000470559,0.0,29.0,0.0,34.0,0.0,False,False,True,True,True,False,1.0,0
fixed_policy_information_responsiveness,IL_RD,IL,IL,RD,GFW,test_075_8de4e41c7ad9,f6e2cc1671f3817f471476cdc0ea3e4c954a82516e22ca96f1df04c71aa23737,3,True,physical_path,29.0,0.0,24.13856208322998,0.0,0.0,24.13856208322998,0.0,0.0,0.0,0.0,0.0,24.13856208322998,0.0,0.0,0.0,0.0,0.0,0.0,0.0,0.0,0.0,0.0,0.0,0.0,24.13856208322998,0.3755038160745097,0.417564233376955,0.0,29.0,0.0,34.0,0.0,False,False,True,True,True,False,1.0,0
fixed_policy_information_responsiveness,IL_RD,IL,IL,RD,GFW,test_076_48339f21c8ec,853e1b8854e71655bed802e1be24dc8a42971835025d7aa7dbf46c74d675b80a,3,True,physical_path,29.0,0.0,24.13856208322998,0.0,0.0,24.13856208322998,0.0,0.0,0.0,0.0,0.0,24.13856208322998,0.0,0.0,0.0,0.0,0.0,0.0,0.0,0.0,0.0,0.0,0.0,0.0,24.13856208322998,0.3755530333333788,0.4520690666201214,0.0,29.0,0.0,34.0,0.0,False,False,True,True,True,False,1.0,0
fixed_policy_information_responsiveness,IL_RD,IL,IL,RD,GFW,test_077_b1f2e84dc844,3406e400e027376c2dbe2fee84527ba3bfe158dccb8dc19847f8c1a5352837e1,3,True,physical_path,29.0,0.0,24.13856208322998,0.0,0.0,24.13856208322998,0.0,0.0,0.0,0.0,0.0,24.13856208322998,0.0,0.0,0.0,0.0,0.0,0.0,0.0,0.0,0.0,0.0,0.0,0.0,24.13856208322998,0.36892804022792774,0.42052766665195424,0.0,29.0,0.0,34.0,0.0,False,False,True,True,True,False,1.0,0
fixed_policy_information_responsiveness,IL_RD,IL,IL,RD,GFW,test_078_367d379a9297,7bade50184dce11fbc666840ca45900919f933cd311c2d8fa880ff6d09435abe,3,True,physical_path,29.0,0.0,24.13856208322998,0.0,0.0,24.13856208322998,0.0,0.0,0.0,0.0,0.0,24.13856208322998,0.0,0.0,0.0,0.0,0.0,0.0,0.0,0.0,0.0,0.0,0.0,0.0,24.13856208322998,0.37383301725514745,0.4221326333936304,0.0,29.0,0.0,34.0,0.0,False,False,True,True,True,False,1.0,0
fixed_policy_information_responsiveness,IL_RD,IL,IL,RD,GFW,test_079_bce06ca59758,ff56b6eb3c0d8f48ee02d373f6389dde2a5668b3bacfe1e705a846d1358b242f,3,True,physical_path,29.0,0.0,24.13856208322998,0.0,0.0,24.13856208322998,0.0,0.0,0.0,0.0,0.0,24.13856208322998,0.0,0.0,0.0,0.0,0.0,0.0,0.0,0.0,0.0,0.0,0.0,0.0,24.13856208322998,0.3680490413841246,0.39610066652918857,0.0,29.0,0.0,34.0,0.0,False,False,True,True,True,False,1.0,0
fixed_policy_information_responsiveness,IL_RD,IL,IL,RD,GFW,test_080_e669407a98d7,31e2c2faa0cbb0b52eefc4b81b351cc72890d54a6b3415456f0ffeff79bad4e2,3,True,physical_path,29.0,0.0,24.13856208322998,0.0,0.0,24.13856208322998,0.0,0.0,0.0,0.0,0.0,24.13856208322998,0.0,0.0,0.0,0.0,0.0,0.0,0.0,0.0,0.0,0.0,0.0,0.0,24.13856208322998,0.37526257126859724,0.46337403333745897,0.0,29.0,0.0,34.0,0.0,False,False,True,True,True,False,1.0,0
fixed_policy_information_responsiveness,IL_RD,IL,IL,RD,GFW,test_081_fbbd80304765,e343ae809aeaa214a9c78b7dcdff12843f4529e8d7becf97c29383d1c3a40026,3,True,physical_path,29.0,0.0,24.13856208322998,0.0,0.0,24.13856208322998,0.0,0.0,0.0,0.0,0.0,24.13856208322998,0.0,0.0,0.0,0.0,0.0,0.0,0.0,0.0,0.0,0.0,0.0,0.0,24.13856208322998,0.36947041149411736,0.41189596670058864,0.0,29.0,0.0,34.0,0.0,False,False,True,True,True,False,1.0,0
fixed_policy_information_responsiveness,IL_RD,IL,IL,RD,GFW,test_082_2cf496ac3a99,932e9092c3c0d00461792008e4071b3f0a7d7a5addfdd599dafb60c3e4113dc8,3,True,physical_path,29.0,0.0,24.13856208322998,0.0,0.0,24.13856208322998,0.0,0.0,0.0,0.0,0.0,24.13856208322998,0.0,0.0,0.0,0.0,0.0,0.0,0.0,0.0,0.0,0.0,0.0,0.0,24.13856208322998,0.3730960666635555,0.4236602666787803,0.0,29.0,0.0,34.0,0.0,False,False,True,True,True,False,1.0,0
fixed_policy_information_responsiveness,IL_RD,IL,IL,RD,GFW,test_083_4cbdde5f376f,df70ad099e6cd48e1019af4014d77c36a8e26f43c62b1d6ff6cd66f2e969c07f,3,True,physical_path,29.0,0.0,24.13856208322998,0.0,0.0,24.13856208322998,0.0,0.0,0.0,0.0,0.0,24.13856208322998,0.0,0.0,0.0,0.0,0.0,0.0,0.0,0.0,0.0,0.0,0.0,0.0,24.13856208322998,0.3755335609064619,0.42207519997221726,0.0,29.0,0.0,34.0,0.0,False,False,True,True,True,False,1.0,0
fixed_policy_information_responsiveness,IL_RD,IL,IL,RD,GFW,test_084_513eb18f351c,2798b753be095b8d0471e7c935f6bebf4b36419368bd78b20043e405fd99e124,3,True,physical_path,29.0,0.0,24.13856208322998,0.0,0.0,24.13856208322998,0.0,0.0,0.0,0.0,0.0,24.13856208322998,0.0,0.0,0.0,0.0,0.0,0.0,0.0,0.0,0.0,0.0,0.0,0.0,24.13856208322998,0.37279125172430755,0.42208633323510486,0.0,29.0,0.0,34.0,0.0,False,False,True,True,True,False,1.0,0
fixed_policy_information_responsiveness,IL_RD,IL,IL,RD,GFW,test_085_650c50514b66,ff1e33829d663b2a3750ba472b87c501555710e4ba1bac54715e3fc56b55ba71,3,True,physical_path,29.0,0.0,24.13856208322998,0.0,0.0,24.13856208322998,0.0,0.0,0.0,0.0,0.0,24.13856208322998,0.0,0.0,0.0,0.0,0.0,0.0,0.0,0.0,0.0,0.0,0.0,0.0,24.13856208322998,0.37978158734374867,0.55476133323585,0.0,29.0,0.0,34.0,0.0,False,False,True,True,True,False,1.0,0
fixed_policy_information_responsiveness,IL_RD,IL,IL,RD,GFW,test_086_754dc8e1ab0e,976e396241ac3dbe642f7f43c25b34b582453ec030052f6ab05972d97d83ac8c,3,True,physical_path,29.0,0.0,24.13856208322998,0.0,0.0,24.13856208322998,0.0,0.0,0.0,0.0,0.0,24.13856208322998,0.0,0.0,0.0,0.0,0.0,0.0,0.0,0.0,0.0,0.0,0.0,0.0,24.13856208322998,0.40324337471908106,0.5677349000082662,0.0,29.0,0.0,34.0,0.0,False,False,True,True,True,False,1.0,0
fixed_policy_information_responsiveness,IL_RD,IL,IL,RD,GFW,test_087_cbc79ee243dd,a9b51a5432bf4efc78c9df715d30d6e8619d9f7a08be0d0d302672bba5a2b451,3,True,physical_path,29.0,0.0,24.13856208322998,0.0,0.0,24.13856208322998,0.0,0.0,0.0,0.0,0.0,24.13856208322998,0.0,0.0,0.0,0.0,0.0,0.0,0.0,0.0,0.0,0.0,0.0,0.0,24.13856208322998,0.400809542535558,0.573396133336549,0.0,29.0,0.0,34.0,0.0,False,False,True,True,True,False,1.0,0
fixed_policy_information_responsiveness,IL_RD,IL,IL,RD,GH,test_000_4ae657b9eeec,75ed41740f0c0ea197ff0f6944b61b9920fa00e925068801312b85d79b461d66,3,True,physical_path,29.0,79.0,16356.594807531292,102068.75565100079,0.0,118425.35045853206,8931.223842430976,99611.61337707809,3969.921755980054,3585.0286494699467,1386.3387493776524,941.2240841953675,44.35895804993735,1450.9731992117333,8068.1212961470765,0.0005672500220225338,189.0433258918853,189.04389314190735,1552.3289814921127,5.298783062616825e-07,79.0,9.725928683169766e-07,0.01191225046247321,3969.909843729592,118425.35045853209,2.1938964126353295,4.361066499957815,17.0,12.0,0.0,34.0,79.0,False,False,True,True,True,False,1.0,0
fixed_policy_information_responsiveness,IL_RD,IL,IL,RD,GH,test_001_dde9993de777,b808f465cc0e3fe36a03bec0642f5929d80ca792c9eab50b8a5f7d736e2b2a4a,3,True,physical_path,29.0,79.0,15052.244499487546,107469.33422429192,0.0,122521.57872377947,8331.143063590142,104533.23712576652,4195.3839796530165,3237.355897995058,1279.1106123873394,945.348044387409,42.476143212251095,1315.9341059637943,8249.673445688219,0.0004518944139339622,199.77973761287254,199.7801895072865,1498.3719301517401,6.886326942864919e-07,79.0,9.55942714957098e-07,0.009489782692613207,4195.3744898703235,122521.57872377949,2.1831133747045164,4.578850899978231,17.0,12.0,0.0,34.0,79.0,False,False,True,True,True,False,1.0,0
fixed_policy_information_responsiveness,IL_RD,IL,IL,RD,GH,test_002_f01217ab0e79,24aabe5c62e36a790e477ed18aff5dac1142b7af1d1d88af275176c9d7ea1387,3,True,physical_path,29.0,79.0,15822.684900670632,91751.91561918892,0.0,107574.60051985957,8334.986195451573,90202.8684391235,3573.953872187176,3205.241181863739,1314.4871278020196,943.0637034315556,41.47200653695541,1301.9423872495593,7455.708851707742,0.0004988380088329754,170.18778078995192,170.18827962796078,1494.1797764531511,4.5522890804882085e-07,79.0,9.7669292916966e-07,0.010475598185492485,3573.9433965889907,107574.60051985957,2.1935536356203946,4.333958800028388,17.0,12.0,0.0,34.0,79.0,False,False,True,True,True,False,1.0,0
fixed_policy_information_responsiveness,IL_RD,IL,IL,RD,GH,test_003_eb3106001035,0fccfaeb1ade372557c677b5e07cb40e189af0a7e2bbdb2c2978a5d58d41fc2d,3,True,physical_path,29.0,79.0,15715.21714130288,101121.27154602145,0.0,116836.48868732434,8601.113556810164,98606.37932370901,3936.1814716952263,3406.294679524946,1342.7579607914283,943.7616947935553,43.33111455164527,1378.78921273733,7953.319088976178,0.0005377577262533655,187.43667518014163,187.4372129378679,1521.5627760548596,5.426188210676381e-07,79.0,9.692510981521911e-07,0.011292912251320675,3936.1701787829747,116836.48868732432,2.193025697723844,4.628297799965367,17.0,12.0,0.0,34.0,79.0,False,False,True,True,True,False,1.0,0
fixed_policy_information_responsiveness,IL_RD,IL,IL,RD,GH,test_004_55a330aff5c4,9a4b0569bbc20b830eb1ee3bb7731626cfbae3f9f8cf1cf45343c7ba4ed58e52,3,True,physical_path,29.0,79.0,15924.424927954171,93312.49028618382,0.0,109236.91521413799,8490.939506807137,91590.2555765895,3629.1554030861425,3261.5698419183705,1322.701163085853,942.2937226509907,42.33005647543883,1348.3799607756598,7555.802904380991,0.0004887969843612073,172.81643515949864,172.816923956483,1505.6210981028162,5.028847477733492e-07,79.0,9.642787457955853e-07,0.010264736671585355,3629.1451383494714,109236.91521413799,2.1661171138168838,4.5548401999597745,17.0,12.0,0.0,34.0,79.0,False,False,True,True,True,False,1.0,0
fixed_policy_information_responsiveness,IL_RD,IL,IL,RD,GH,test_005_981c73a17708,bd46abfec5f078f3c0b19ad420f7d1eec7f2f95d2b406a00ba59ae9d93fc20a4,3,True,physical_path,29.0,79.0,15242.564971840098,100050.6439907209,0.0,115293.20896256098,8314.95265231023,97705.66988851124,3901.6410529337354,3153.410829815471,1273.2680874696182,944.2664515206949,42.0525482957532,1315.5964249805359,7863.6329314860595,0.00041805434468289914,185.79201303773792,185.79243109208264,1498.1503001310632,5.462719758187706e-07,79.0,9.967058239610484e-07,0.008779141238340882,3901.6322737924966,115293.20896256098,2.162910580455765,4.369017933262512,17.0,12.0,0.0,34.0,79.0,False,False,True,True,True,False,1.0,0
fixed_policy_information_responsiveness,IL_RD,IL,IL,RD,GH,test_006_daba4b1e9814,75d8e3ad38430229f3cdc728b83652efff820d1f0dd36a5cd061b247917ecdf8,3,True,physical_path,29.0,79.0,15831.210373005446,97947.64226052514,0.0,113778.85263353061,8512.770393608544,95867.22275865951,3814.6909405600477,3316.9265434905615,1324.6278517683422,942.6141454435647,42.74897866573706,1362.2250295993492,7796.967876395384,0.0004892642165289545,181.6514602862619,181.65194955047843,1507.2626346360455,6.447445860716992e-07,79.0,9.381873239616005e-07,0.010274548547108046,3814.6806660115,113778.85263353057,2.1662167678158943,4.48695749999024,17.0,12.0,0.0,34.0,79.0,False,False,True,True,True,False,1.0,0
fixed_policy_information_responsiveness,IL_RD,IL,IL,RD,GH,test_007_925513ee8ec6,957d3dac7377db030d8efcc559a3fc404ec47b9f9427c91498d013d77b53a266,3,True,physical_path,29.0,79.0,18607.740059875305,97212.68025046226,0.0,115820.42031033755,9917.485662412551,95405.6418368523,3753.4766208190617,4241.808576877203,1567.4740817468016,934.5335316296432,47.87034122908833,1695.9548556935995,8033.337990956424,0.0008431773941534416,178.7361387663707,178.73698194376485,1645.8610376514607,5.199429554111181e-07,79.0,9.873176351699506e-07,0.017706725277222276,3753.4589140937846,115820.42031033756,2.19245335170678,4.353801666681345,17.0,12.0,0.0,34.0,79.0,False,False,True,True,True,False,1.0,0
fixed_policy_information_responsiveness,IL_RD,IL,IL,RD,GH,test_008_fabe46a0ea00,0996fbf8c5be056e9a791faf37c1568c2dc3325672b618fb6690495c48960310,3,True,physical_path,29.0,79.0,14759.491720058306,93139.19230375414,0.0,107898.68402381246,7831.013451829674,91381.37756908947,3639.0572281716727,2872.78396818778,1227.8336859552126,946.6181205786548,39.771427399089305,1191.061201949517,7429.3079345874075,0.000406110953880504,173.28803332579244,173.28843943674633,1449.4836712323656,5.504486890175203e-07,79.0,9.578014072130977e-07,0.008528330031490583,3639.0486998416413,107898.68402381246,2.15165068390351,4.344408666559805,17.0,12.0,0.0,34.0,79.0,False,False,True,True,True,False,1.0,0
fixed_policy_information_responsiveness,IL_RD,IL,IL,RD,GH,test_009_c8ef87e47101,03ce056d9504b5b9251870ba36fce4267bfe22fa89f4bd0577a9954153b78ab2,3,True,physical_path,29.0,79.0,14634.21342244488,105631.56221633323,0.0,120265.77563877811,8256.844522717098,102537.9452728451,4118.147211851744,3161.5974975202666,1245.5568164825174,945.6843173613901,42.647487622183895,1329.409984281058,8084.90997904355,0.0003929421332038486,196.10185524128318,196.10224818341638,1473.3880232086613,6.675044562177663e-07,79.0,9.493632519127657e-07,0.008251784797280821,4118.138960066946,120265.77563877811,2.1522645758646917,4.6530868334230036,17.0,12.0,0.0,34.0,79.0,False,False,True,True,True,False,1.0,0
fixed_policy_information_responsiveness,IL_RD,IL,IL,RD,GH,test_010_613ab99db82c,8253022823d5a215e2583b996ae67139d72d8adc75a9ea76d7291e805e31f0a2,3,True,physical_path,29.0,79.0,14358.939106927646,90951.31301299123,0.0,105310.25211991888,7642.33276752011,89209.55697261351,3553.3513763652195,2726.777630607898,1171.436957524815,1006.7964152873045,38.85589258924392,1159.7484862246324,7262.745927851186,0.00033032825827725105,169.2068780700855,169.2072083983438,1426.9594210869056,5.258931630465598e-07,79.0,9.930772430603435e-07,0.006936893423822272,3553.344439471796,105310.25211991886,2.1335817022923513,4.2562094666063786,18.0,11.0,0.0,34.0,79.0,False,False,True,True,True,False,1.0,0
fixed_policy_information_responsiveness,IL_RD,IL,IL,RD,GH,test_011_8a2e74b38d5d,b824165b944fb1d86e7d4136e62bf979a2d34ce44df3cdf01e75a763724ca312,3,True,physical_path,29.0,79.0,15851.242760064435,113037.00443308435,0.0,128888.24719314878,9058.200024867954,109432.57079873867,4395.425404393514,3698.4499254380717,1380.4437577518754,923.1572819586972,45.714517814994416,1499.4925096856666,8618.151806809488,0.000565260917415612,209.30540637686894,209.30597163778634,1559.0230210906664,6.666413103925979e-07,79.0,9.57687924646548e-07,0.011870479265727851,4395.413533914249,128888.24719314878,2.1918582448216646,4.696321033407003,16.666666666666668,12.333333333333334,0.0,34.0,79.0,False,False,True,True,True,False,1.0,0
fixed_policy_information_responsiveness,IL_RD,IL,IL,RD,GH,test_012_b6bdc05b20a7,edeec4d1f91f6f1c3ba0da1aaf276e2980c22cd017c9d346001dbdbeef6561d5,3,True,physical_path,29.0,79.0,16190.84650319956,104812.91306966722,0.0,121003.7595728668,8951.615695010509,102083.58754384499,4074.89385526449,3570.5508192812244,1381.366995751767,941.7446637138361,44.70222828515306,1459.5823290170501,8225.914629631508,0.0005545964561948363,194.0420099399481,194.04256453640429,1563.7416648541073,5.595206738584064e-07,79.0,9.79461680887347e-07,0.011646525580091563,4074.8822087389103,121003.7595728668,2.1913820712736154,4.6408865000897395,17.0,12.0,0.0,34.0,79.0,False,False,True,True,True,False,1.0,0
fixed_policy_information_responsiveness,IL_RD,IL,IL,RD,GH,test_013_040653995d85,2a3f86788826a75d0de1d4e0c5a0a4ad5dd4e8f1e00bcf6e5fda30c62147be3e,3,True,physical_path,29.0,79.0,14507.202181956325,87557.55415729205,0.0,102064.75633924837,7654.857009364275,86103.12802339288,3417.1494662960013,2766.002035529018,1177.9601838787355,945.6596207874667,39.16420952077808,1182.0970381913212,7073.587864149221,0.0003421807546489191,162.72106097619778,162.72140315695245,1407.6014757300425,5.09622188429328e-07,79.0,9.493052197107397e-07,0.007185795847627303,3417.1422805001534,102064.75633924839,2.125499865516549,4.458852733407791,17.0,12.0,0.0,34.0,79.0,False,False,True,True,True,False,1.0,0
fixed_policy_information_responsiveness,IL_RD,IL,IL,RD,GH,test_014_f00647451070,7ad601c322ea2fcf691d98774905f79d0c6933a53f28eeac922ceab084665ca3,3,True,physical_path,29.0,79.0,14752.425261726014,91870.05873484426,0.0,106622.48399657028,7863.9157485280475,90105.64718201781,3584.057725706974,2915.06494669192,1227.456263649028,926.3421299764835,40.01305409994316,1209.4759302305263,7346.71051338438,0.0004135125052770266,170.66900199735062,170.6694155098559,1440.7806123749476,5.344790754758836e-07,79.0,9.796378398783323e-07,0.008683762610817559,3584.049041944363,106622.48399657027,2.154774691949695,4.55556353336821,16.666666666666668,12.333333333333334,0.0,34.0,79.0,False,False,True,True,True,False,1.0,0
fixed_policy_information_responsiveness,IL_RD,IL,IL,RD,GH,test_015_643a837775f9,0bdb5da5c9f39a1f5f16016cd38cb9bd2d3650ade00801bf72abf1b5c1ef2fe9,3,True,physical_path,29.0,79.0,18585.971300316774,108806.64017380706,0.0,127392.61147412383,10308.869313650765,105802.14934270225,4202.783648914097,4524.806112410507,1618.5712881089182,935.4317683372823,49.888992088572884,1786.7276527143815,8651.469856170836,0.0009648187123145231,200.1315898914828,200.1325547101951,1686.0849547145535,5.71064570215273e-07,79.0,9.582216389848684e-07,0.020261192958604988,4202.763387721138,127392.61147412383,2.2084397655033943,4.559911466591681,17.0,12.0,0.0,34.0,79.0,False,False,True,True,True,False,1.0,0
fixed_policy_information_responsiveness,IL_RD,IL,IL,RD,GH,test_016_45a90ccef8bd,5d3ce39b508a4ccb3e9dcf8f61989ac456296e3755e7ad04d31e21895bc1ec7a,3,True,physical_path,29.0,79.0,16057.39618806181,108812.54057860107,0.0,124869.93676666287,9107.117984541694,105480.2426212834,4225.57576676303,3718.3131924970344,1396.6277423659712,942.0594592117396,45.7131758398512,1507.5734368248766,8401.144387315238,0.0005821723350835041,201.2173114830473,201.21789365538237,1565.4869373742883,5.688559493579602e-07,79.0,9.578508781627712e-07,0.012225619036753585,4225.5635411439935,124869.93676666285,2.2051650517480983,4.613521233356248,17.0,12.0,0.0,34.0,79.0,False,False,True,True,True,False,1.0,0
fixed_policy_information_responsiveness,IL_RD,IL,IL,RD,GH,test_017_ebd333a3cdba,a3c85008563f8c8c015d326ebf96d911a84dfa810c1806a6610330bd74827e2b,3,True,physical_path,29.0,79.0,16198.61436847933,98926.87368834914,0.0,115125.48805682846,8755.213068880736,96775.24852370839,3848.8796672877984,3449.293308972478,1355.2164782659909,941.6370097130458,43.71684788929371,1421.4460567494514,7879.553797091971,0.0005071198208057362,183.27947703674104,183.27998415656182,1530.592707147225,6.222676142937018e-07,79.0,9.066913407118312e-07,0.010649516236920458,3848.8690177715616,115125.48805682844,2.1662573275803965,4.438303766694541,17.0,12.0,0.0,34.0,79.0,False,False,True,True,True,False,1.0,0
fixed_policy_information_responsiveness,IL_RD,IL,IL,RD,GH,test_018_9466cee538c9,86253eb5a2d091cc16d1f9a3a320e171c30977628d47b9c2faefafd18ea0aa0d,3,True,physical_path,29.0,79.0,16597.484486125915,99144.57387368732,0.0,115742.05835981322,9061.80789279744,96729.0706965084,3846.694796928492,3689.7953244310734,1414.3780579041734,1000.3115912436625,44.80946435670838,1483.192511431822,7915.543379947275,0.0006233145910024852,183.17531939628955,183.17594271088058,1564.4870986549201,5.135664103023572e-07,79.0,9.846036782069573e-07,0.013089606411052189,3846.681707322081,115742.05835981325,2.1951635057620447,4.552630733310555,18.0,11.0,0.0,34.0,79.0,False,False,True,True,True,False,1.0,0
fixed_policy_information_responsiveness,IL_RD,IL,IL,RD,GH,test_019_9d2b7462a57a,e3686a781bf5d9cc8a1a95f6cfee4adb410e97762f9815f7f575cd1c7c688f06,3,True,physical_path,29.0,79.0,17454.603989960702,98569.84074681916,0.0,116024.44473677986,9509.029047121394,96275.73883428752,3808.883965791729,4008.213375335396,1485.2990807160168,937.2804335278079,46.926998733863265,1619.2636291221895,7972.5762554109615,0.0007158857684756266,181.3747110566948,181.3754269424633,1592.8915259741934,5.765457782391134e-07,79.0,9.6541258402686e-07,0.015033601137988161,3808.8689321905913,116024.44473677986,2.196528264385616,4.663343100032459,17.0,12.0,0.0,34.0,79.0,False,False,True,True,True,False,1.0,0
fixed_policy_information_responsiveness,IL_RD,IL,IL,RD,GH,test_020_701c8d28bc45,64a6b03bce01c1a89c724a633f63003ecd11109f06a7e37ec1b0cd196da48626,3,True,physical_path,29.0,79.0,16313.64564232478,104776.36799631227,0.0,121090.01363863703,9100.723438642686,101857.82369333033,4068.6125372493843,3713.999308963456,1407.4571979259538,941.3974625252152,45.421711288352576,1502.8252738259464,8198.905778238159,0.0006005056398376839,193.74285364909272,193.7434541547326,1563.2199226812902,5.049425954961153e-07,79.0,9.658404733823927e-07,0.012610618436591359,4068.5999266309477,121090.01363863703,2.21041236895447,4.514314266620204,17.0,12.0,0.0,34.0,79.0,False,False,True,True,True,False,1.0,0
fixed_policy_information_responsiveness,IL_RD,IL,IL,RD,GH,test_021_69299bc5d0bf,6e755751a4e65a356d16122e1fe19db7f245d1323155a143f838c95d128bde6f,3,True,physical_path,29.0,79.0,15941.368379882484,94652.17109477811,0.0,110593.53947466059,8463.40588169803,92898.66964898951,3686.3258717042067,3277.456738485203,1325.23347096032,942.447862823351,42.18342612586107,1338.909596996794,7631.4049828923135,0.0004975244396568636,175.53882969957021,175.53932722400987,1506.3942759202234,5.449252533361756e-07,79.0,9.912019250359932e-07,0.010448013232794137,3686.315423690974,110593.5394746606,2.1688440126291977,4.439745999950294,17.0,12.0,0.0,34.0,79.0,False,False,True,True,True,False,1.0,0
fixed_policy_information_responsiveness,IL_RD,IL,IL,RD,GH,test_022_1b3e72c80b5f,206d3dd2f49133cdef746f58bc516b176cdbc2a51f7ebbbc523df6455ae5b53c,3,True,physical_path,29.0,79.0,16458.595854424453,92659.81918921419,0.0,109118.41504363866,8696.632358131208,91089.35584053489,3599.705260044637,3421.045859183361,1370.6303665143475,941.045359230192,42.979980177221876,1389.440764089274,7586.356883255486,0.0005543796073465656,171.41398181299442,171.41453619260176,1536.4430678538836,5.025131804564876e-07,79.0,9.949917178026358e-07,0.011641971754277877,3599.6936180728826,109118.41504363863,2.1799153632125763,4.409491900044183,17.0,12.0,0.0,34.0,79.0,False,False,True,True,True,False,1.0,0
fixed_policy_information_responsiveness,IL_RD,IL,IL,RD,GH,test_023_90a8af416c5a,6f307309d3320cf90229ccbd42690532f83de1f86a41507c5e6229792230343f,3,True,physical_path,29.0,79.0,17023.00829917332,100826.47453072014,0.0,117849.48282989346,9364.549898225572,98247.0244095504,3903.760169445149,3934.690790723098,1459.4601419949902,939.99741995424,46.762797776839506,1597.5339420363136,8033.120005245434,0.0006962703140624842,185.8926451318359,185.89334140214996,1577.3215542257542,6.433195171857427e-07,79.0,9.6997800725086e-07,0.01462167659531217,3903.745547768554,117849.48282989346,2.058311732202212,4.064988233304272,17.0,12.0,0.0,34.0,79.0,False,False,True,True,True,False,1.0,0
fixed_policy_information_responsiveness,IL_RD,IL,IL,RD,GH,test_024_e90f261f99e2,a2217a451505b72ecffb15b706f82fa13dd02e5246239352e71c874c3e2b909b,3,True,physical_path,29.0,79.0,15383.410959156206,103654.48588481122,0.0,119037.89684396742,8610.610908152781,100746.23553856391,4034.346190941304,3386.27744326958,1316.4699687842794,943.956794255579,43.61754632867206,1393.2426480199022,8041.34939978376,0.00046728084922069733,192.11125609730811,192.11172337815734,1513.6706046109296,5.702699377643785e-07,79.0,9.443461750923473e-07,0.009812897833634645,4034.3363780434706,119037.89684396742,2.1728174195400087,4.531471166604509,17.0,12.0,0.0,34.0,79.0,False,False,True,True,True,False,1.0,0
fixed_policy_information_responsiveness,IL_RD,IL,IL,RD,GH,test_025_0c3eeaae0824,481de4be35a821cd093f24ffad7eca6efe30e96f4cd9848aff621fcb70d542fd,3,True,physical_path,29.0,79.0,15586.109473817489,102876.25508244398,0.0,118462.36455626145,8486.119143029286,100426.00092308188,4007.6681560732045,3290.7425038095557,1308.4645311090942,943.369299158453,42.858537168428775,1351.6149467814387,8077.736083276355,0.00048474784494400414,190.84085601754575,190.84134076539067,1522.0776761928992,6.851997204667109e-07,79.0,9.501618738400711e-07,0.010179704743824085,4007.6579763684604,118462.36455626147,2.1698002988531457,4.459450433341165,17.0,12.0,0.0,34.0,79.0,False,False,True,True,True,False,1.0,0
fixed_policy_information_responsiveness,IL_RD,IL,IL,RD,GH,test_026_770d47ae1768,0f2bea7027db9d8baf45b68efc718379be3d8148c45feaa470d4d0623fef3f41,3,True,physical_path,29.0,79.0,15168.651497095045,111997.00793082209,0.0,127165.65942791714,8603.635188716855,108510.1898608539,4366.247418991767,3437.2538098594487,1303.1350803244711,945.1980691706984,43.69820279409583,1387.7724488129204,8487.507336062552,0.0004646633313145873,207.9160790981814,207.9165437615127,1511.9286853158399,7.149817028864495e-07,79.0,8.95889628658667e-07,0.009757929957606333,4366.237661061809,127165.65942791715,2.1594941241361587,4.476563799971093,17.0,12.0,0.0,34.0,79.0,False,False,True,True,True,False,1.0,0
fixed_policy_information_responsiveness,IL_RD,IL,IL,RD,GH,test_027_df5d670513fa,81fd0061cbc1e7018bd5b9eb1239ce1515bc6cbada40b12f82000eb260b5e055,3,True,physical_path,29.0,79.0,16148.532860157991,95658.91156072887,0.0,111807.44442088685,8608.482793628025,93823.85505080603,3721.842459653202,3363.8412149221945,1347.5384955341988,941.8844063432152,42.74756334522947,1369.2602319975194,7717.14086370315,0.0005297360367518386,177.23006358078237,177.23059331681915,1525.5245871960526,4.912057264495468e-07,79.0,9.362473128656323e-07,0.01112445677178861,3721.8313351964302,111807.44442088688,2.188775062057907,4.519087099935859,17.0,12.0,0.0,34.0,79.0,False,False,True,True,True,False,1.0,0
fixed_policy_information_responsiveness,IL_RD,IL,IL,RD,GH,test_028_e9fb02365dd3,5d802ed0aa2ed1e79c8a0eb81c45c7d2acaad5c313db1e25b12244cb5da1a3f1,3,True,physical_path,29.0,79.0,14884.89362928128,93730.07385152625,0.0,108614.96748080752,7910.868312991479,91915.54459031064,3659.90918420213,2945.730809504479,1236.931060514217,945.983523284575,39.927268332580496,1203.0703721181674,7469.595442565471,0.00041478969611507844,174.28097493421487,174.28138972391096,1448.8750947761212,4.967152877868072e-07,79.0,9.688379835758043e-07,0.008710583618416647,3659.900473618511,108614.96748080752,2.1331259034408103,4.413589833304286,17.0,12.0,0.0,34.0,79.0,False,False,True,True,True,False,1.0,0
fixed_policy_information_responsiveness,IL_RD,IL,IL,RD,GH,test_029_b44f60718c5a,864fc5477a80617dcd1dfd105218334b6714ff3283b58095987765279672cc93,3,True,physical_path,29.0,79.0,14563.723122023779,100045.53359960142,0.0,114609.25672162518,8003.919483552501,97485.71423856716,3906.2320023974785,2986.725060032924,1220.2232516898964,1006.4426853852298,40.7463020139813,1239.9512162067938,7775.6542479035625,0.00037964883136388096,186.0106680843819,186.01104773321325,1464.0424395264963,5.89955614725517e-07,79.0,9.667430522065343e-07,0.007972625458641502,3906.22402977202,114609.2567216252,2.1398513149309517,4.431473866648351,18.0,11.0,0.0,34.0,79.0,False,False,True,True,True,False,1.0,0
fixed_policy_information_responsiveness,IL_RD,IL,IL,RD,GH,test_030_038f4c53d11f,c289c0180e19d4efe38d6fb3cf749dc58fb2fc82a28248babf37eba4d050247c,3,True,physical_path,29.0,79.0,15789.70700991251,94172.06969406693,0.0,109961.77670397943,8397.470191693004,92381.28842388897,3668.6374025223777,3256.605383024416,1315.0265561077879,942.748746742854,42.13748511384922,1335.7614948292742,7574.178672843584,0.0004912343923191658,174.69652793333998,174.69701916773226,1493.467343344675,5.59327945398777e-07,79.0,9.798047150407014e-07,0.010315922238702481,3668.627086600139,109961.7767039794,2.1384880068931387,4.227642600036536,17.0,12.0,0.0,34.0,79.0,False,False,True,True,True,False,1.0,0
fixed_policy_information_responsiveness,IL_RD,IL,IL,RD,GH,test_031_0a6ff70351b5,66453c50834fa3dcd176a36c69c2cd344e4023d8d34a02e0efe688cf2781c3f9,3,True,physical_path,29.0,79.0,14792.121897082412,99577.9617467686,0.0,114370.083643851,8070.614175989848,97235.35739529935,3889.8452796965616,2992.5987198570742,1235.6500302812208,946.0180427270025,41.00167128417943,1252.2189139643287,7780.5713102640175,0.00038134039693839267,185.23034626420122,185.23072760459817,1466.867915702983,5.413215982319917e-07,79.0,9.828800407395228e-07,0.008008148335706245,3889.837271548226,114370.08364385105,2.1498705310367003,4.472615166644876,17.0,12.0,0.0,34.0,79.0,False,False,True,True,True,False,1.0,0
fixed_policy_information_responsiveness,IL_RD,IL,IL,RD,GH,test_032_efdf826e6bc3,f68d8f9fe8ed71a08598d0d2dbfcc8624aee20f294eb03c5d0d1b47b192231a8,3,True,physical_path,29.0,79.0,16505.412105126026,99505.57337359748,0.0,116010.98547872352,8964.05797235276,97225.7677055858,3863.6231106663176,3589.528669862206,1388.3854492505488,979.6225710058976,44.3530871613137,1464.2834224159503,7953.044088711043,0.0005656191886535658,183.9814872696836,183.9820528888723,1555.5745673771141,5.593961640413974e-07,79.0,9.732185846727635e-07,0.011878002961724884,3863.6112326633556,116010.98547872352,2.1648134586224654,4.533653933322057,17.666666666666668,11.333333333333334,0.0,34.0,79.0,False,False,True,True,True,False,1.0,0
fixed_policy_information_responsiveness,IL_RD,IL,IL,RD,GH,test_033_de0c441dba67,7ec9546050ec128248d8d481b870b6380d6ca6d723d82627518325ffbdc72f3a,3,True,physical_path,29.0,79.0,15920.844432964079,103670.3266275635,0.0,119591.17106052757,8793.731254298635,100952.40495633276,4033.5033067088316,3481.018547353658,1348.9113494423743,981.6016463913014,43.917862346630926,1423.9759829926945,8109.760114362679,0.0005142128875868446,192.0710718208663,192.07158603375387,1535.6105288174194,5.841055975215335e-07,79.0,9.60421768033408e-07,0.010798470639323736,4033.4925082381924,119591.17106052756,2.171480748264505,4.498059266634907,17.666666666666668,11.333333333333334,0.0,34.0,79.0,False,False,True,True,True,False,1.0,0
fixed_policy_information_responsiveness,IL_RD,IL,IL,RD,GH,test_034_a00d80b83640,0f4bc5cfced121212348bbd1013ec4964294f487da2bfeef2082f3134c966878,3,True,physical_path,29.0,79.0,15619.516566413453,103692.61836634802,0.0,119312.13493276147,8612.350983288421,100984.17624450279,4037.5350119916307,3401.066388904803,1333.0746389193566,943.9316651544385,43.368954887866586,1377.6327946705387,8091.706358736569,0.0005089276414786777,192.26306307196,192.26357199960148,1522.5185542221286,5.908318582082414e-07,79.0,9.634150268829347e-07,0.010687480471052233,4037.5243245111596,119312.13493276143,2.160965709200386,4.632782833340268,17.0,12.0,0.0,34.0,79.0,False,False,True,True,True,False,1.0,0
fixed_policy_information_responsiveness,IL_RD,IL,IL,RD,GH,test_035_51fd398978b7,b6fa16487d60759605dd86ad9e174dcae5c07eba9b0e4a208e41547329603d50,3,True,physical_path,29.0,79.0,14771.18659534362,97218.99367806509,0.0,111990.18027340871,7993.343318534974,95056.47598916863,3794.90757078507,2968.5697660880137,1230.9751702778703,945.9084585541374,40.78969296273854,1242.6914848760723,7654.23464968696,0.0003921295341514955,180.70949219356444,180.70988432309858,1456.7883644789963,6.252929918058017e-07,79.0,9.206964872509423e-07,0.008234720217181406,3794.8993360648533,111990.1802734087,2.1347966563256304,4.641736833301063,17.0,12.0,0.0,34.0,79.0,False,False,True,True,True,False,1.0,0
fixed_policy_information_responsiveness,IL_RD,IL,IL,RD,GH,test_036_7eb6ac1ca077,835e8a13ce793ee0d4c8d1922e6d12f857b647d3db30f415b92ebcca10cb9554,3,True,physical_path,29.0,79.0,15592.723769387527,98974.64150714867,0.0,114567.36527653619,8515.013577271897,96599.4677762738,3852.9531309740305,3316.571825858277,1301.1843393007482,982.1746268573916,42.62887435803718,1364.1157367120259,7807.90681480263,0.00043754084363219556,183.47352107696736,183.473958617811,1502.8705074224479,5.574588530949821e-07,79.0,9.436705840523572e-07,0.009188357716276107,3852.943942616314,114567.36527653616,2.1642406563349494,4.618630066591625,17.666666666666668,11.333333333333334,0.0,34.0,79.0,False,False,True,True,True,False,1.0,0
fixed_policy_information_responsiveness,IL_RD,IL,IL,RD,GH,test_037_f096257ecaa4,0504d3553dd1b04e2daf266d9385ecec583ac5ee5143240ec48390c3637711cc,3,True,physical_path,29.0,79.0,18973.700286973686,100254.87049305691,0.0,119228.57078003061,10320.413820225478,97960.63605081868,3858.368638518246,4528.512989756426,1627.074358817128,933.5649218946497,49.56376171863693,1791.7383418031006,8225.626575876173,0.0009685076453770309,183.73087142179486,183.73183992944027,1682.5742233302524,4.7487221988178186e-07,79.0,9.727818159544628e-07,0.020338660552917647,3858.3482998576924,119228.57078003061,2.2146129333253564,4.589466099937757,17.0,12.0,0.0,34.0,79.0,False,False,True,True,True,False,1.0,0
fixed_policy_information_responsiveness,IL_RD,IL,IL,RD,GH,test_038_b05abc6e01b3,d70904feaac93846beafd0d4f452a87f57385097244d4e0d5b2934e20eff821f,3,True,physical_path,29.0,79.0,16473.80656773574,98982.42525578664,0.0,115456.23182352236,9084.879231608053,96456.93011221402,3835.017627785685,3736.02229054859,1402.3906699745323,940.9918913915122,45.589439151918306,1531.1960547137203,7874.023118159929,0.0005935842980442445,182.61929345311555,182.6198870374136,1545.457738355164,5.550253137890113e-07,79.0,9.732583392573416e-07,0.012465270258929136,3835.0051625154265,115456.23182352238,2.0497648804448545,4.329963133282338,17.0,12.0,0.0,34.0,79.0,False,False,True,True,True,False,1.0,0
fixed_policy_information_responsiveness,IL_RD,IL,IL,RD,GH,test_039_9c0d1ebe6c19,a764716cc7f8aeab39c2c2f073ba3bf25b0853e49b15690e7a526a3355477947,3,True,physical_path,29.0,79.0,15435.094482895054,103556.83521313094,0.0,118991.92969602601,8554.69614079425,100823.16902456782,4034.2790157344157,3334.239410736964,1302.069804193651,943.476299998928,43.34414004384419,1385.209651003748,8049.484379303888,0.0004354959495920121,192.10808906283208,192.10852455878168,1503.495932865885,6.216988241846322e-07,79.0,9.814063882506852e-07,0.009145414941432254,4034.269870319474,118991.92969602603,2.1721841252874583,4.647735400125384,17.0,12.0,0.0,34.0,79.0,False,False,True,True,True,False,1.0,0
fixed_policy_information_responsiveness,IL_RD,IL,IL,RD,GH,test_040_11a8950c659e,ce3f9b7a7902becf4bdfbdd9494b3f00f7d8b741e45d94aec742b61d96ed6b99,3,True,physical_path,29.0,79.0,14812.520377761446,97455.50904415699,0.0,112268.02942191844,8091.137918940483,95124.70893286326,3799.0321365400473,3064.3592417449363,1243.58621859559,945.2049732341253,41.622847142966954,1288.6274098887407,7650.561072230038,0.00041782803930188913,180.90587438815342,180.90629221619272,1457.368672635921,6.461431097849682e-07,79.0,9.660237545771218e-07,0.008774388825339671,3799.023362151222,112268.02942191843,2.154286055183359,4.449413966697951,17.0,12.0,0.0,34.0,79.0,False,False,True,True,True,False,1.0,0
fixed_policy_information_responsiveness,IL_RD,IL,IL,RD,GH,test_041_e58f21dcc209,20e0bcb4b669443da2e153571c054142078f1a87cfd8564b8fb31b4d19884070,3,True,physical_path,29.0,79.0,15813.149180315582,103706.92767042342,0.0,119520.076850739,8643.04576040119,101163.99923749431,4042.0491802965626,3391.9132141180908,1336.0516699612228,943.0177884676277,43.36405700455236,1383.7531758766825,8119.3999058148065,0.000506010223567807,192.47802638485086,192.47853239507438,1529.7251533252258,5.867755498473187e-07,79.0,9.809409134538026e-07,0.010626214694923947,4042.0385540818675,119520.076850739,2.18858279426443,4.587157000011454,17.0,12.0,0.0,34.0,79.0,False,False,True,True,True,False,1.0,0
fixed_policy_information_responsiveness,IL_RD,IL,IL,RD,GH,test_042_a77d2ece213a,50867af1413e5b1f4a57b100697daff06a7a7ddbbedf8273b0f515bdaa98e6d9,3,True,physical_path,29.0,79.0,13896.023820516994,99954.06460659615,0.0,113850.08842711314,7638.207837411402,97437.55422025376,3910.4404559859636,2767.6475278343155,1148.3861778292232,947.8522077985018,39.747832038448784,1180.1239583225404,7704.3786855029175,0.0003056569964748521,186.21114462804942,186.21145028504588,1412.5242425668237,6.251637797144752e-07,79.0,9.777767260185814e-07,0.006418796925971894,3910.434037189038,113850.08842711315,2.1579260781578635,4.7371327666721,17.0,12.0,0.0,34.0,79.0,False,False,True,True,True,False,1.0,0
fixed_policy_information_responsiveness,IL_RD,IL,IL,RD,GH,test_043_f1174106175c,e1c05921a15b70c43f0abce37906cec0d00142a1459fb9059ceffadf5f4c1ace,3,True,physical_path,29.0,79.0,18171.58149353384,93511.75373132124,0.0,111683.33522485507,9585.913844639092,92023.98475787304,3613.759202763566,4004.077171074323,1520.114525371838,935.4857231331986,46.41595937174685,1609.7317334598958,7800.967489901217,0.00076841889120398,172.0830031412786,172.08377156016982,1617.3952457467967,4.964469293133412e-07,79.0,9.189694676577257e-07,0.01613679671528358,3613.743065966851,111683.33522485505,2.2157768494176584,4.6986695666176574,17.0,12.0,0.0,34.0,79.0,False,False,True,True,True,False,1.0,0
fixed_policy_information_responsiveness,IL_RD,IL,IL,RD,GH,test_044_ed401c94714a,cdd3e3788096b9dacb2df0d0b62a1cb28d51b122523dcf031887b030038a9f0b,3,True,physical_path,29.0,79.0,14952.428301985788,101643.23437615507,0.0,116595.66267814086,8149.81505257347,99200.96575564759,3968.2794811492677,3075.424196117035,1255.7005963541417,945.4775962993486,41.481254281661904,1273.0352805359653,7922.21816050582,0.0004171076495084567,188.96527247088704,188.96568957853654,1477.896342557555,6.615859586645273e-07,79.0,9.96042362449793e-07,0.008759260639677588,3968.270721888628,116595.66267814086,2.192558827566454,4.700519866620501,17.0,12.0,0.0,34.0,79.0,False,False,True,True,True,False,1.0,0
fixed_policy_information_responsiveness,IL_RD,IL,IL,RD,GH,test_045_af7d3f616c1d,0760d304a5c54d302e032eaa6ef8974da5965cac272efb3a66af257287e72ea4,3,True,physical_path,29.0,79.0,16054.137768636981,103522.18216114648,0.0,119576.31992978347,8787.897998572704,100972.11189040313,4029.093032375025,3488.1683213366036,1356.6188220909696,942.4298650050022,43.8416217723146,1414.6109151246037,8134.320064246048,0.0005173690183914085,191.8610556012209,191.86157297023928,1538.0078113831448,6.081706156404006e-07,79.0,9.474377289315991e-07,0.010864749386219579,4029.0821676256387,119576.31992978342,2.227492495389099,4.587556733284146,17.0,12.0,0.0,34.0,79.0,False,False,True,True,True,False,1.0,0
fixed_policy_information_responsiveness,IL_RD,IL,IL,RD,GH,test_046_e35b743e6617,c0048e37b8520d7bfa898229e339686779b407fa7d2b062c359012d56267e7ec,3,True,physical_path,29.0,79.0,15604.516753255411,105703.84153255787,0.0,121308.35828581329,8591.554164452611,102945.93175338482,4121.240770612333,3376.6419583159927,1328.9485464448699,944.041092602651,43.30157819168293,1370.1058887966894,8208.130228017699,0.0005012967426361704,196.24905920860655,196.2495605053492,1524.1018267751272,6.460065166134913e-07,79.0,9.6724783028915e-07,0.010527231595359579,4121.230243380737,121308.35828581326,2.2259492701047967,4.6995237666803105,17.0,12.0,0.0,34.0,79.0,False,False,True,True,True,False,1.0,0
fixed_policy_information_responsiveness,IL_RD,IL,IL,RD,GH,test_047_20c1f89391c1,f2130b5fd299cb2fd05ecda0fd2c152640207395401d37a5f1e7253bbd0a35d8,3,True,physical_path,29.0,79.0,15375.648627565257,111619.31535150582,0.0,126994.96397907108,8732.92823365346,108145.73686421826,4349.743661651322,3492.464974753617,1329.7165711652585,944.3736736291893,44.209089404618034,1410.690228489141,8484.761697159667,0.00048511178354776816,207.1301654430413,207.13065055482488,1527.3477023521145,6.50259634204072e-07,79.0,9.572194555737656e-07,0.01018734745450313,4349.733474303867,126994.96397907108,2.2042264092028483,4.612803433245669,17.0,12.0,0.0,34.0,79.0,False,False,True,True,True,False,1.0,0
fixed_policy_information_responsiveness,IL_RD,IL,IL,RD,GH,test_048_eeaf6a6a0a15,ebcee93a99cde79ceee231d38070645a6f701ecc4eb97b1e8abf3b74f65be4df,3,True,physical_path,29.0,79.0,15327.112131539383,103629.09244296617,0.0,118956.20457450555,8611.958187121409,100635.51454330517,4030.2577617419897,3418.2059425267194,1316.6775452152463,943.5905945950304,44.03063288973667,1415.2543398262262,8016.4958103346435,0.0004898684129176846,191.91654640501517,191.91703627342807,1501.9317725193976,6.379249471733011e-07,79.0,9.919414772073056e-07,0.010287236671271377,4030.247474505318,118956.20457450557,2.179649403460602,4.67631303340507,17.0,12.0,0.0,34.0,79.0,False,False,True,True,True,False,1.0,0
fixed_policy_information_responsiveness,IL_RD,IL,IL,RD,GH,test_049_343da3774e7e,c214ac02e921d1ab893b808c39160612ee2c6e853c942be7eb6c6df35facccd4,3,True,physical_path,29.0,79.0,15214.001698556494,89284.9209549637,0.0,104498.9226535202,7996.0566557437805,87797.18198906611,3481.1330719770517,2982.994775145009,1238.1124196816347,1003.4437419066065,40.02210566799587,1238.0004920391737,7258.446084982691,0.00039842036059168897,165.76784310235618,165.76824152271675,1464.2122652975631,4.456443843090864e-07,79.0,9.900949670904232e-07,0.008366827572425468,3481.1247051494793,104498.92265352019,2.1932861632078713,4.5253051000181586,18.0,11.0,0.0,34.0,79.0,False,False,True,True,True,False,1.0,0
fixed_policy_information_responsiveness,IL_RD,IL,IL,RD,GH,test_050_1c7612d8bc63,ca36b4544ddd266e5e7dac2cbd5076e4b80860d23b0cfeba892432607eb1c108,3,True,physical_path,29.0,79.0,14442.518090101568,94669.59271923856,0.0,109112.11080934014,7756.822956197742,92662.41418119143,3700.1001467662536,2810.7142471667958,1176.4608615249906,1005.5984164929391,39.60709711160848,1196.5126648338182,7461.691906399418,0.00032755300792985557,176.19491753109938,176.1952450841073,1425.1214917528002,6.365265645255969e-07,79.0,9.819363012498103e-07,0.006878613166526967,3700.093268153087,109112.11080934014,2.1558732919518073,4.369209599991639,18.0,11.0,0.0,34.0,79.0,False,False,True,True,True,False,1.0,0
fixed_policy_information_responsiveness,IL_RD,IL,IL,RD,GH,test_051_5747c87e6d9a,e6daf165b6654b82650b4110a9d37185e59752e103161fa9379474087ef82a6e,3,True,physical_path,29.0,79.0,14000.58888991474,93192.07700950534,0.0,107192.66589942008,7606.303121375892,91107.23494162835,3641.8094902884295,2766.930146273153,1160.483972991379,909.9042268628858,39.276508331932654,1171.5225797107441,7315.573003790288,0.00032518725277985337,173.4191743502915,173.41949953754428,1401.4400720935564,4.80663543041057e-07,79.0,9.563818325780591e-07,0.006828932308376921,3641.802661356121,107192.6658994201,2.0246275057614747,4.324677733394007,16.333333333333332,12.666666666666666,0.0,34.0,79.0,False,False,True,True,True,False,1.0,0
fixed_policy_information_responsiveness,IL_RD,IL,IL,RD,GH,test_052_9760565f31de,6035569faeed384797542e22427b98096943350bd372d90adabb2f7b8bd83c2d,3,True,physical_path,29.0,79.0,16286.210255893728,96325.30290794132,0.0,112611.51316383506,8786.334258343608,94274.21961537306,3740.834726475165,3497.505083416537,1371.4837696458128,941.1357105808684,43.7411645303541,1425.2801095870589,7744.270016054087,0.000561037062267216,178.1344259379456,178.13498697500788,1530.5628206590643,5.176455919122979e-07,79.0,9.428856728363609e-07,0.011781778307611538,3740.822944696858,112611.51316383504,2.2138575264279483,4.74554133337612,17.0,12.0,0.0,34.0,79.0,False,False,True,True,True,False,1.0,0
fixed_policy_information_responsiveness,IL_RD,IL,IL,RD,GH,test_053_4473e6f72168,17a3df2ca591ed3526e75386d9ef68be536d2e20274236e9f585e3eab4517305,3,True,physical_path,29.0,79.0,15883.01440647388,96068.8902864209,0.0,111951.90469289478,8673.206431972087,93818.68595846808,3730.548193337367,3445.2937100406602,1341.9290926873837,942.2413063891951,43.50127387755279,1409.5056514190758,7666.184161809841,0.0004974758293153318,177.64465458785483,177.64515206368415,1514.7701596549216,4.786954625280825e-07,79.0,9.753232313386852e-07,0.01044699241562197,3730.5377463449513,111951.90469289478,2.185551798864985,4.615397766620542,17.0,12.0,0.0,34.0,79.0,False,False,True,True,True,False,1.0,0
fixed_policy_information_responsiveness,IL_RD,IL,IL,RD,GH,test_054_c66f0b1dacc4,41d8a5d8d4cfcde283bef35c1b2d5ce97e39ebb3c2113f99f8fd9b7941330476,3,True,physical_path,29.0,79.0,15014.905347428748,106025.56477654807,0.0,121040.4701239768,8304.919498737412,103196.30422721275,4139.717330104814,3185.5645797815764,1268.5768928416023,945.3875952986622,42.171956592891895,1305.3318857967836,8165.980695903502,0.0004196719829931956,197.12897699967482,197.1293966716578,1493.1929252126847,6.189907998009037e-07,79.0,9.814339246202937e-07,0.008813111642857108,4139.708516993171,121040.47012397682,2.1931783770125404,4.640788100116576,17.0,12.0,0.0,34.0,79.0,False,False,True,True,True,False,1.0,0
fixed_policy_information_responsiveness,IL_RD,IL,IL,RD,GH,test_055_f90330578051,e326898d13671d058e9870b749033db5deaedc7911ad667ec11d6318f5e5b833,3,True,physical_path,29.0,79.0,16448.623804648214,107912.58814492797,0.0,124361.2119495762,9256.94253524347,104765.42970638485,4187.93269730419,3796.7398753875373,1413.40308777137,940.7640474847822,46.18557101453061,1547.7339405892692,8388.52564637082,0.0005730367762589021,199.4247935015185,199.42536653829475,1573.5320385583789,6.306723064878328e-07,79.0,9.792785361543785e-07,0.012033772301436943,4187.920663531889,124361.2119495762,2.206810143679894,4.501954699944084,17.0,12.0,0.0,34.0,79.0,False,False,True,True,True,False,1.0,0
fixed_policy_information_responsiveness,IL_RD,IL,IL,RD,GH,test_056_b2c64046cef9,b502bb540057ea09101e5a92cf118d4c56c5e877b089e5a6174a0c5376124a73,3,True,physical_path,29.0,79.0,15359.226454607217,94728.09216850261,0.0,110087.31862310982,8270.247915180684,92717.51729308903,3691.1950405215953,3136.3629939774323,1268.9259512505253,1003.0694290905518,41.434734828893276,1304.7478791911842,7557.813157411402,0.0004135556349232311,175.77077885015532,175.77119240579023,1483.231680402782,5.328338556888535e-07,79.0,9.765487091615466e-07,0.008684668333387853,3691.186355853262,110087.31862310982,2.1681103931028054,4.366590200069671,18.0,11.0,0.0,34.0,79.0,False,False,True,True,True,False,1.0,0
fixed_policy_information_responsiveness,IL_RD,IL,IL,RD,GH,test_057_bf11b8e004e2,bd54b59477f900317d7a6030359d807e3fd1567aed129780d6c3a1179956b9b0,3,True,physical_path,29.0,79.0,15212.756590974415,98384.47753950082,0.0,113597.23413047525,8206.918140244918,96203.03877372229,3836.604657709846,3119.944312156634,1284.9159176535004,945.8123289880796,41.363648926445485,1267.140816158124,7774.936941235348,0.00046830963327467714,182.6949915813118,182.69545989094505,1489.415389339896,5.784907237199156e-07,79.0,9.256466748174132e-07,0.00983450229876822,3836.5948232075475,113597.23413047526,2.1762383678210795,4.4335312665595366,17.0,12.0,0.0,34.0,79.0,False,False,True,True,True,False,1.0,0
fixed_policy_information_responsiveness,IL_RD,IL,IL,RD,GH,test_058_fbcfbffca03e,13831837259f85f8b98b1b4c0178e5e4f669e020ebeaab3661478609d357b2f2,3,True,physical_path,29.0,79.0,16862.190485762538,105004.85262655331,0.0,121867.04311231586,9309.153671200755,102281.68910576099,4071.5515645348983,3823.9200759607934,1441.0006514800962,939.7280433783338,46.092579926707096,1548.8194691176839,8294.430949765881,0.0006369712974240724,193.88277086369774,193.88340783499515,1584.8461554088062,6.374676216363712e-07,79.0,9.39692237960647e-07,0.013376397245905522,4071.5381881376525,121867.04311231586,2.199575888506811,4.5868276332815485,17.0,12.0,0.0,34.0,79.0,False,False,True,True,True,False,1.0,0
fixed_policy_information_responsiveness,IL_RD,IL,IL,RD,GH,test_059_d22925a9593f,65a524d66b35e81b093404e6035554728cfd659313f34e588cf5b6e2f203bf7e,3,True,physical_path,29.0,79.0,15126.837154622497,98426.72581996639,0.0,113553.56297458887,8210.72365619595,96148.58413320784,3838.522150762308,3133.4701489948798,1276.805137452073,945.4577479758217,41.654778972544605,1285.8478070841886,7751.464533390875,0.0004574714058642611,182.78631161251352,182.78676908391938,1482.9214299723326,5.557444992534059e-07,79.0,9.678380694147431e-07,0.00960689952314948,3838.5125438627842,113553.56297458887,2.176211234487208,4.616518966698398,17.0,12.0,0.0,34.0,79.0,False,False,True,True,True,False,1.0,0
fixed_policy_information_responsiveness,IL_RD,IL,IL,RD,GH,test_060_b3feb9e274c2,fe682fe273560fd0980f751cdfa7c31a0af682fbc188f47a4be67cd05391ad49,3,True,physical_path,29.0,79.0,15940.164755307762,102160.01164010998,0.0,118100.17639541773,8726.180952562894,99652.14268377644,3975.6119136484645,3453.8425529189094,1349.5860002241682,942.8122922868747,43.6283276647446,1403.8093921488073,8039.015767981643,0.0005032529520746135,189.3143497779272,189.31485303087925,1532.974321369312,5.747749380650306e-07,79.0,9.855351218707348e-07,0.010568311993566884,3975.6013453364703,118100.17639541776,2.1844876965390116,4.5594563333628075,17.0,12.0,0.0,34.0,79.0,False,False,True,True,True,False,1.0,0
fixed_policy_information_responsiveness,IL_RD,IL,IL,RD,GH,test_061_627abde70c26,9c8b14e19bd2698ae546067471c6494d669882592255e3ba42b51e389929b531,3,True,physical_path,29.0,79.0,15788.912444143716,100184.66620312216,0.0,115973.57864726587,8603.913122596981,97807.1477162169,3899.8087925018604,3374.4393877032694,1344.6126809533473,943.656947293503,43.02897452505786,1364.3773399858903,7920.802121270645,0.0005345195912992706,185.70464607573538,185.7051805953267,1528.0440957970907,4.996040689098109e-07,79.0,9.967127995949276e-07,0.011224911417284683,3899.797567590443,115973.57864726587,2.22026965170617,4.462408633359398,17.0,12.0,0.0,34.0,79.0,False,False,True,True,True,False,1.0,0
fixed_policy_information_responsiveness,IL_RD,IL,IL,RD,GH,test_062_0c9ea14e9507,af66fd8fb7365940ac5c1b9dc17d1039a43a9fd2a98560c7757a265c61778c70,3,True,physical_path,29.0,79.0,15783.604875421524,106278.3734146515,0.0,122061.97829007305,8759.740508917645,103402.11619074718,4136.842474611465,3464.6703899567096,1355.1174882035314,943.4912376364969,44.02647392691455,1408.883929727838,8264.907011254378,0.0005354163843145232,196.99196337463786,196.99249879102217,1544.079859864977,6.189892389364696e-07,79.0,9.153584742988092e-07,0.011243744070604985,4136.831230867395,122061.97829007304,2.1985756034384774,4.532220099897434,17.0,12.0,0.0,34.0,79.0,False,False,True,True,True,False,1.0,0
fixed_policy_information_responsiveness,IL_RD,IL,IL,RD,GH,test_063_44f0f2a191ef,9b047725f5e05c013bf644e7fe14234fc246265c97db48c08b1f430961820dbd,3,True,physical_path,29.0,79.0,14439.124860518845,100525.92006955545,0.0,114965.04493007429,8001.22738348932,97881.649375472,3920.1065505943275,3046.0307915489834,1227.2180280568061,888.8128009128301,41.09767534129754,1252.6587353273856,7789.7534937287155,0.00040371636266282727,186.6713367881291,186.6717405044918,1451.3163522673588,5.882626038209888e-07,79.0,9.186387377158252e-07,0.008478043615919374,3920.098072550712,114965.04493007426,2.058826339091228,4.458964733329291,16.0,13.0,0.0,34.0,79.0,False,False,True,True,True,False,1.0,0
fixed_policy_information_responsiveness,IL_RD,IL,IL,RD,GH,test_064_27d69866b791,5f6b4edb7095f7ca58bdefc63fb823fc255df66a141464fcf1266546ab804d66,3,True,physical_path,29.0,79.0,14058.627049118068,90058.08639467461,0.0,104116.7134437927,7367.092843087737,88535.51008946757,3526.106954048985,2594.549088152871,1145.1514007800008,948.3030682555158,37.900403646934905,1098.2024009081388,7185.839746670725,0.00032587529856596356,167.90952907941502,167.90985495471355,1396.703258266269,5.598230498613438e-07,79.0,9.702710962093008e-07,0.006843381269885235,3526.1001106677154,104116.7134437927,2.1638786988493437,4.368963633353512,17.0,12.0,0.0,34.0,79.0,False,False,True,True,True,False,1.0,0
fixed_policy_information_responsiveness,IL_RD,IL,IL,RD,GH,test_065_930038cc16e9,ed770af97447cc6ec3b990ca1ef9540e1f795247d7d2c7f6ca7de9b23418ba1a,3,True,physical_path,29.0,79.0,14710.946189869093,104102.57514193207,0.0,118813.52133180115,8109.005574167463,101417.91177121618,4065.7888410535884,3034.0341224425524,1240.228841545504,946.5521813758833,41.47745261437331,1264.3679375458278,8038.785336462264,0.0003902855026031121,193.6086021456206,193.60899243112326,1474.4056983332027,7.211032634960782e-07,79.0,8.99043241046472e-07,0.008195995554665355,4065.7806450580333,118813.52133180118,2.156411866662788,4.509287800018986,17.0,12.0,0.0,34.0,79.0,False,False,True,True,True,False,1.0,0
fixed_policy_information_responsiveness,IL_RD,IL,IL,RD,GH,test_066_28fb87ba4913,9b548ccc36e0f1fcf56118f1c4cd88441dc46405c6bb547e1dc04c4a67ae436a,3,True,physical_path,29.0,79.0,16607.078620892575,106228.10382881522,0.0,122835.1824497078,9348.035303220948,103122.23038031122,4118.001267126911,3874.1503724476074,1432.5213818698446,940.2437447312286,46.637914525315516,1577.7022045711249,8296.100903085522,0.0005966173433464435,196.0947018172715,196.09529843461482,1579.0555775960975,6.218550906135965e-07,79.0,9.459714171436016e-07,0.012528964210275313,4117.988738162701,122835.18244970776,2.190436390801279,4.433900833440323,17.0,12.0,0.0,34.0,79.0,False,False,True,True,True,False,1.0,0
fixed_policy_information_responsiveness,IL_RD,IL,IL,RD,GH,test_067_4d46fa716471,b2be1c4651c379ec66a4cbbceabbb946a1f8949b548124874b8ecbdce94c77f3,3,True,physical_path,29.0,79.0,14726.680142329862,105381.62707903252,0.0,120108.30722136237,8276.21927092498,102346.5416155671,4112.514153184579,3173.3746743950305,1253.9601411953327,945.6973660953566,42.53042548253165,1324.841000885788,8065.855385557336,0.0004037293622622124,195.83360356514152,195.83400729450378,1478.03468465004,5.91546367969738e-07,79.0,9.732665821169896e-07,0.00847831660750646,4112.505674867972,120108.30722136237,2.164584659770581,4.534700766671449,17.0,12.0,0.0,34.0,79.0,False,False,True,True,True,False,1.0,0
fixed_policy_information_responsiveness,IL_RD,IL,IL,RD,GH,test_068_93da1d4ae1ba,1e5fab7a4bc73a2c903c60a4ba54bd432fc478ccc1813a3002391fd1bcefe179,3,True,physical_path,29.0,79.0,16493.54827767261,108565.25662873952,0.0,125058.8049064121,9207.112230049299,105548.7284239788,4219.166392761671,3731.5769122928155,1411.2927742403135,940.928173089194,45.85184947101636,1526.688444961513,8449.260376731168,0.0005753578900982293,200.91211001171328,200.91268536960342,1577.1689067565312,6.157601595678802e-07,79.0,9.712013504910118e-07,0.012082515692062812,4219.15431024598,125058.8049064121,2.174256214954965,4.576601900005092,17.0,12.0,0.0,34.0,79.0,False,False,True,True,True,False,1.0,0
fixed_policy_information_responsiveness,IL_RD,IL,IL,RD,GH,test_069_5b01ea54b2fa,ab74b72396ecc5ee23369a0401781e1eedea17a51518978cc28be65bd8c7c6de,3,True,physical_path,29.0,79.0,15769.707966927139,91722.55714461241,0.0,107492.26511153956,8401.423512347046,90044.84942388734,3567.972079272941,3216.9620886207776,1317.8522259382441,943.2057814732169,41.93147192999913,1323.421457522441,7446.3573988018325,0.0004938727760707123,169.90293847355449,169.90343234633053,1504.317795098641,4.5666816003492335e-07,79.0,9.75114711202227e-07,0.010371328297484958,3567.9617079446434,107492.26511153957,2.1468161965570487,4.416950133396313,17.0,12.0,0.0,34.0,79.0,False,False,True,True,True,False,1.0,0
fixed_policy_information_responsiveness,IL_RD,IL,IL,RD,GH,test_070_0cd9bcac96c3,af1c089b1585069ce3aa8660e2ccbc7790157d41b7564bd42a816925e624afb1,3,True,physical_path,29.0,79.0,16394.726842322638,104301.9358068329,0.0,120696.66264915552,9165.739651755013,101387.51299470395,4047.0241659893422,3743.899699553458,1411.2794133954087,941.2067237583402,45.57436775292357,1514.6336358135843,8176.956450378453,0.0005706454657720511,192.71486583021718,192.71543647568296,1570.0587866838114,5.325012858515876e-07,79.0,9.430901973502491e-07,0.011983554781213074,4047.012182434561,120696.66264915549,2.222894560896267,4.52864593329529,17.0,12.0,0.0,34.0,79.0,False,False,True,True,True,False,1.0,0
fixed_policy_information_responsiveness,IL_RD,IL,IL,RD,GH,test_071_34f77888383f,9ea4b08354972ecc8e92b86fbc35f8c0031316e3afe68c72a63a6e70a1bbc8a8,3,True,physical_path,29.0,79.0,14052.086475237926,94972.29749030394,0.0,109024.38396554189,7532.849264016074,92921.89713384565,3718.446315222698,2745.6191430954805,1157.5650402364317,948.0070691255409,38.90922018304639,1145.2701959344652,7430.4642877331835,0.000333004914692676,177.0685391485471,177.06887215346183,1402.200443415831,5.375694781663657e-07,79.0,9.905393046248424e-07,0.006993103208546197,3718.4393221194896,109024.38396554186,2.187345621847794,4.4236575334022445,17.0,12.0,0.0,34.0,79.0,False,False,True,True,True,False,1.0,0
fixed_policy_information_responsiveness,IL_RD,IL,IL,RD,GH,test_072_8e59fac0e6c8,a92a7392849d15eefcaf1837db77746f72e76c3458114a652198fbbac7696f85,3,True,physical_path,29.0,79.0,14969.316658822112,102029.43942529261,0.0,116998.75608411472,8308.639798818507,99317.91704512252,3979.2157555165545,3155.5530872076883,1253.3689424481709,984.0614550012733,42.07159949886668,1319.8342366115514,7912.4204326438585,0.00038057349655634096,189.4860839749108,189.48646454840738,1484.9811893769481,5.732153806144981e-07,79.0,9.795120187711325e-07,0.007992043427683162,3979.207763473127,116998.75608411472,2.199184457458363,4.522489733295515,17.666666666666668,11.333333333333334,0.0,34.0,79.0,False,False,True,True,True,False,1.0,0
fixed_policy_information_responsiveness,IL_RD,IL,IL,RD,GH,test_073_69349232969b,2f362bb368dcdc730f872c8fef400b9c0f1ea176fcef502da962a890dc828cd3,3,True,physical_path,29.0,79.0,16106.674630387897,100025.75459993193,0.0,116132.42923031985,8861.599677032338,97483.63846804762,3884.346810950015,3583.4206352242472,1377.3727128325672,942.0509262330355,44.44940215610105,1452.3453685051136,7901.904731611673,0.0005759222040868759,184.96831983732042,184.96889575952454,1531.0538350256866,5.690495892077458e-07,79.0,9.692036551393812e-07,0.012094366285824394,3884.3347165837295,116132.42923031982,2.1985485712681823,4.435271933364372,17.0,12.0,0.0,34.0,79.0,False,False,True,True,True,False,1.0,0
fixed_policy_information_responsiveness,IL_RD,IL,IL,RD,GH,test_074_212affc962e2,5e264f6232f1c29e769f71e598177184ad84a0bf9ff8df6be008bd7148f26ae7,3,True,physical_path,29.0,79.0,16035.075356508532,98482.5835008383,0.0,114517.65885734682,8806.53354560394,96034.38278658234,3822.401385645952,3544.986840731704,1366.643881245178,942.7104175377457,44.44954128990651,1455.9959598839105,7818.518320715181,0.0005661629172593708,182.01854743927092,182.01911360218818,1525.8940498525808,5.775262062277345e-07,79.0,9.417597921461439e-07,0.011889421262446789,3822.389496224689,114517.65885734686,2.0674398057510666,4.282594033361723,17.0,12.0,0.0,34.0,79.0,False,False,True,True,True,False,1.0,0
fixed_policy_information_responsiveness,IL_RD,IL,IL,RD,GH,test_075_8de4e41c7ad9,166abe46fe8875dd98f46b7b2978bf6ca11460aaf2ee4dda761e02f6149bab0d,3,True,physical_path,29.0,79.0,14879.912683751047,93390.66468861651,0.0,108270.57737236755,8014.383415446809,91393.26172202697,3641.917306379412,3036.723140412952,1239.081688997054,945.21009910432,40.666281381577896,1248.9338570359207,7414.7359296040295,0.00041315531454690345,173.4242204818003,173.42463363711488,1443.232971383247,5.092316142463149e-07,79.0,9.799905649886588e-07,0.008676261605484974,3641.9086301178068,108270.57737236754,2.1377755045922924,4.408563233291109,17.0,12.0,0.0,34.0,79.0,False,False,True,True,True,False,1.0,0
fixed_policy_information_responsiveness,IL_RD,IL,IL,RD,GH,test_076_48339f21c8ec,387a6bfe5e45be691df244ec9fae6a75828f663e05409a99728fee303e05e519,3,True,physical_path,29.0,79.0,16717.284171201132,107094.48533725103,0.0,123811.76950845215,9341.613112775713,104118.63365076929,4153.777686801482,3819.2330969721806,1438.1291418276714,940.3828193058321,46.38532594648072,1558.599787678113,8392.910625933246,0.0006100774478378494,197.7983273892894,197.79893746673724,1594.812815806187,6.412967387865754e-07,79.0,9.531482640749559e-07,0.012811626404594836,4153.764875175078,123811.76950845215,2.1909178080379794,4.557867400115356,17.0,12.0,0.0,34.0,79.0,False,False,True,True,True,False,1.0,0
fixed_policy_information_responsiveness,IL_RD,IL,IL,RD,GH,test_077_b1f2e84dc844,327faba7b538b224eb0dff4c274be7b98e160c294f315741e33a3e501ab91753,3,True,physical_path,29.0,79.0,16181.273581671894,95213.13758223387,0.0,111394.41116390577,8706.97613091882,93235.28312801837,3697.767238566445,3461.286830694544,1351.8904224405178,941.2074132670714,43.628007112338445,1424.0146149178856,7661.151641074267,0.0005183720884505114,176.0836358453613,176.08415421744976,1514.9782943711887,5.949836790867611e-07,79.0,9.771070179105647e-07,0.010885813857460737,3697.7563527525876,111394.41116390577,2.1585825057459416,4.490990600005413,17.0,12.0,0.0,34.0,79.0,False,False,True,True,True,False,1.0,0
fixed_policy_information_responsiveness,IL_RD,IL,IL,RD,GH,test_078_367d379a9297,f9d9eb992e504e9775b1d536a7a14d78c484ed66383cb9fe11fbb7eaa3b15364,3,True,physical_path,29.0,79.0,16114.496109401276,96826.77752870032,0.0,112941.27363810159,8635.566438991651,94896.44531976456,3766.3756714692813,3376.9713318550553,1324.8913992351181,941.0234767858761,42.96908392279821,1393.1160406785718,7768.694877442244,0.0004506119116402554,179.3507718390065,179.35122245091816,1514.9430500239314,5.719464285485081e-07,79.0,9.455531820895861e-07,0.009462850144445362,3766.3662086191375,112941.27363810157,2.1560528609237966,4.584715600047882,17.0,12.0,0.0,34.0,79.0,False,False,True,True,True,False,1.0,0
fixed_policy_information_responsiveness,IL_RD,IL,IL,RD,GH,test_079_bce06ca59758,354b6f6d5badf8b78b4e947bce85d66a812832394cae0b2d8d8905466cdff072,3,True,physical_path,29.0,79.0,13851.028688518256,93585.05599125254,0.0,107436.08467977079,7371.618203688583,91626.88136009769,3664.083777414568,2631.566409711741,1133.5196607112803,1008.4152681469274,38.09882243857104,1103.6050563658448,7348.077018208631,0.00031362593915502403,174.47986625094507,174.48017987688422,1400.9544565647568,6.133105131508013e-07,79.0,9.530432947422979e-07,0.006586144722255505,3664.077191269847,107436.08467977079,2.146872583905171,4.4415355333282305,18.0,11.0,0.0,34.0,79.0,False,False,True,True,True,False,1.0,0
fixed_policy_information_responsiveness,IL_RD,IL,IL,RD,GH,test_080_e669407a98d7,121d71da3287fd0210c7b9434b794a18b7c744d477b29a53f3d620911cf9f336,3,True,physical_path,29.0,79.0,16082.867702570016,106153.47620615107,0.0,122236.3439087211,8907.722194059083,103240.63088388932,4131.299332270231,3625.1732660287507,1388.668154131344,942.8500783423561,44.660861672918166,1448.6167288536265,8257.174262273349,0.0006084705721269299,196.72793116134366,196.72853963191577,1552.8725965111873,5.245800408172519e-07,79.0,9.682435145264388e-07,0.012777882014665528,4131.286554388217,122236.34390872107,2.188496821843644,4.521767333305131,17.0,12.0,0.0,34.0,79.0,False,False,True,True,True,False,1.0,0
fixed_policy_information_responsiveness,IL_RD,IL,IL,RD,GH,test_081_fbbd80304765,0b82e11f5cd1fea6f347b45e70d47396c0c136e422733b8ac33c145a65f3ca6e,3,True,physical_path,29.0,79.0,14316.228161286757,104895.67082865998,0.0,119211.89898994674,7926.983350055383,102066.23430991202,4101.238140195311,2958.761620370868,1210.6577363425847,948.0238330705856,40.80878325663903,1220.4988801562913,8036.232803721282,0.0003715807441530201,195.29668271427064,195.29705429501482,1461.1173771801568,6.4716897194619e-07,79.0,9.840912992555968e-07,0.007803195627213423,4101.2303369996835,119211.89898994676,2.1676438919605747,4.577065299885969,17.0,12.0,0.0,34.0,79.0,False,False,True,True,True,False,1.0,0
fixed_policy_information_responsiveness,IL_RD,IL,IL,RD,GH,test_082_2cf496ac3a99,2a7046d4a4e1fe03445d9dae89497a78aa0ff11fe474d9f7fdbf7d09c4f5ff24,3,True,physical_path,29.0,79.0,16500.370906166845,103009.1802225685,0.0,119509.55112873534,9038.295496639568,100475.41956032977,4002.169460223924,3650.5232142221357,1402.3458480619838,940.797549257928,44.77329904253525,1473.749191695475,8145.261999151565,0.0005846894826397145,190.5789134164185,190.57949810590117,1562.4612745345723,5.072207262768696e-07,79.0,9.563831034823737e-07,0.012278479135434006,4002.157181744789,119509.5511287353,2.1863058942434344,4.497553799999878,17.0,12.0,0.0,34.0,79.0,False,False,True,True,True,False,1.0,0
fixed_policy_information_responsiveness,IL_RD,IL,IL,RD,GH,test_083_4cbdde5f376f,21703e1831e6b1210ccf39ad402121126a8f354e5dd13cff5081d7a07b4a2274,3,True,physical_path,29.0,79.0,15968.917152876214,98073.30242998584,0.0,114042.21958286205,8612.454667345484,95929.35488971008,3817.2841049834565,3384.0874691494173,1355.7816632097786,943.2567884638198,42.925423917398774,1363.7890339242256,7816.074432816554,0.0005577147563032401,181.77487585588446,181.77543357064076,1524.4784315148434,5.276611338831162e-07,79.0,9.749396716831801e-07,0.011712009882368042,3817.2723929735744,114042.21958286205,2.1687225712564957,4.574189866582553,17.0,12.0,0.0,34.0,79.0,False,False,True,True,True,False,1.0,0
fixed_policy_information_responsiveness,IL_RD,IL,IL,RD,GH,test_084_513eb18f351c,341db6669dc186ed38f4ff6debc2545e4eb1d075fadf4fe32c2aabeb61a2d25b,3,True,physical_path,29.0,79.0,15833.853786055182,100974.29773195587,0.0,116808.15151801104,8650.248316016952,98524.64554698746,3929.9386604362335,3430.6382077866424,1349.1190193400346,923.5617674437539,43.416392289071375,1388.581482036525,7957.257364991722,0.0005459385452409654,187.13939027270396,187.13993621124925,1522.7728097893498,5.628428423209721e-07,79.0,9.68910460811945e-07,0.011464709450060272,3929.9271957267833,116808.15151801107,2.1736596471244662,4.319505699987833,16.666666666666668,12.333333333333334,0.0,34.0,79.0,False,False,True,True,True,False,1.0,0
fixed_policy_information_responsiveness,IL_RD,IL,IL,RD,GH,test_085_650c50514b66,e94f854176fa26c2ed212d69844def725d10578665dd847cab94c351dbec1cda,3,True,physical_path,29.0,79.0,17243.417070289393,101422.46159099667,0.0,118665.87866128607,9376.555221716404,99077.76771387614,3930.3853977001563,3887.439230770596,1455.5312929736267,938.1998042491668,46.06768723124848,1566.4260673388835,8120.70567658701,0.0006450556826489336,187.16056435861051,187.16120941429315,1586.0362455256166,5.578265275581683e-07,79.0,9.783745532603927e-07,0.013546169335627606,3930.371851530821,118665.87866128609,2.1764218367919885,4.466152200087284,17.0,12.0,0.0,34.0,79.0,False,False,True,True,True,False,1.0,0
fixed_policy_information_responsiveness,IL_RD,IL,IL,RD,GH,test_086_754dc8e1ab0e,ea444f07bd4f0035c9bf3a885f359d285cd12879a434942844a860db87947cd3,3,True,physical_path,29.0,79.0,16643.573437196716,106526.02947636506,0.0,123169.60291356179,9196.8901044708,103692.54017351214,4139.967231975238,3753.774436141484,1407.5461855151916,978.8847819469291,45.605566081475665,1529.9867078834934,8340.103160551434,0.0005651748546375441,197.14073158587098,197.14129676072562,1573.2114778293435,6.677725034346839e-07,79.0,9.558225086787175e-07,0.011868671947388427,4139.955363303291,123169.6029135618,2.1831911942471973,4.614419733406976,17.666666666666668,11.333333333333334,0.0,34.0,79.0,False,False,True,True,True,False,1.0,0
fixed_policy_information_responsiveness,IL_RD,IL,IL,RD,GH,test_087_cbc79ee243dd,691486e3c17626ca20c775eaa69679e041e484b6d253bf1a67a4cf50a423fb8c,3,True,physical_path,29.0,79.0,15313.187314959066,107892.60839868775,0.0,123205.7957136468,8669.071893267263,104630.85308353243,4201.078193109508,3439.9738413626637,1320.7204346369444,944.098267737954,44.2284722182822,1417.5009171221234,8265.823521944863,0.0004927305782618775,200.05084979844597,200.0513425290242,1518.7088103873277,6.158767293837484e-07,79.0,9.736955658825442e-07,0.010347342143499428,4201.067845767365,123205.79571364679,2.162161337920925,4.524368899874389,17.0,12.0,0.0,34.0,79.0,False,False,True,True,True,False,1.0,0
fixed_policy_information_responsiveness,IL_RD,IL,IL,RD,GL,test_000_4ae657b9eeec,75ed41740f0c0ea197ff0f6944b61b9920fa00e925068801312b85d79b461d66,3,True,physical_path,29.0,79.0,16356.595808957478,102068.75547097334,0.0,118425.35127993084,8931.223606220121,99611.61322670651,3969.9217537144964,3585.028520369136,1386.3387131477994,941.2254597727582,44.358957380491404,1450.973156159672,8068.1212659327875,0.0005672499745875364,189.04332578404907,189.04389303402365,1552.3289815999963,5.298783062596387e-07,79.0,9.725929108621166e-07,0.011912249466338261,3969.9098414650302,118425.35127993084,2.194517021846219,4.352313466680546,17.0,12.0,0.0,34.0,79.0,False,False,True,True,True,False,1.0,0
fixed_policy_information_responsiveness,IL_RD,IL,IL,RD,GL,test_001_dde9993de777,b808f465cc0e3fe36a03bec0642f5929d80ca792c9eab50b8a5f7d736e2b2a4a,3,True,physical_path,29.0,79.0,15052.245591840525,107469.33389059693,0.0,122521.57948243746,8331.142903659045,104533.23673107679,4195.383967372153,3237.35587819301,1279.1105826674973,945.3494194689433,42.47614309696385,1315.9340988831061,8249.6733966513,0.0004518943798440603,199.77973702810368,199.78018892248352,1498.371930736543,6.886326939546345e-07,79.0,9.559428469743033e-07,0.009489781976725266,4195.374477590177,122521.57948243746,2.1899766022976404,4.596691733381401,17.0,12.0,0.0,34.0,79.0,False,False,True,True,True,False,1.0,0
fixed_policy_information_responsiveness,IL_RD,IL,IL,RD,GL,test_002_f01217ab0e79,24aabe5c62e36a790e477ed18aff5dac1142b7af1d1d88af275176c9d7ea1387,3,True,physical_path,29.0,79.0,15822.685910998633,91751.91532222762,0.0,107574.60123322625,8334.986018994094,90202.86805878817,3573.953861302378,3205.2411232445197,1314.4870925459509,943.065078351162,41.47200645241589,1301.9423808904266,7455.70880298111,0.0004988379659461827,170.18778027167107,170.18827910963702,1494.179776971475,4.552289079026941e-07,79.0,9.766931092089567e-07,0.010475597284869837,3573.943385705093,107574.60123322626,2.1917911080600714,4.362140433319534,17.0,12.0,0.0,34.0,79.0,False,False,True,True,True,False,1.0,0
fixed_policy_information_responsiveness,IL_RD,IL,IL,RD,GL,test_003_eb3106001035,0fccfaeb1ade372557c677b5e07cb40e189af0a7e2bbdb2c2978a5d58d41fc2d,3,True,physical_path,29.0,79.0,15715.218231447512,101121.2712931909,0.0,116836.48952463844,8601.113400828506,98606.37900957088,3936.1814627359477,3406.2946503233366,1342.7579313850163,943.7630697947515,43.331114436066095,1378.78920522657,7953.319046523135,0.0005377576907519042,187.4366747535449,187.43721251123563,1521.562776481492,5.426188209548433e-07,79.0,9.69251399280972e-07,0.011292911505789987,3936.170169824442,116836.48952463844,2.1916892494519256,4.557074066717178,17.0,12.0,0.0,34.0,79.0,False,False,True,True,True,False,1.0,0
fixed_policy_information_responsiveness,IL_RD,IL,IL,RD,GL,test_004_55a330aff5c4,9a4b0569bbc20b830eb1ee3bb7731626cfbae3f9f8cf1cf45343c7ba4ed58e52,3,True,physical_path,29.0,79.0,15924.425909762911,93312.49006411701,0.0,109236.91597387992,8490.939267298889,91590.25539799989,3629.155398936868,3261.5696847220825,1322.7011267678724,942.2950981542936,42.33005579372182,1348.3799174306732,7555.802875935721,0.0004887969425751262,172.8164349619559,172.81692375889847,1505.621098300401,5.028847477443035e-07,79.0,9.642787450135253e-07,0.01026473579407765,3629.1451342010737,109236.9159738799,2.180978800009551,4.589842399970318,17.0,12.0,0.0,34.0,79.0,False,False,True,True,True,False,1.0,0
fixed_policy_information_responsiveness,IL_RD,IL,IL,RD,GL,test_005_981c73a17708,bd46abfec5f078f3c0b19ad420f7d1eec7f2f95d2b406a00ba59ae9d93fc20a4,3,True,physical_path,29.0,79.0,15242.566369379905,100050.64416396264,0.0,115293.21053334254,8314.952566162327,97705.67019525859,3901.641064402531,3153.410797931847,1273.2680828427137,944.2678267445373,42.052547620951316,1315.5963854167974,7863.632954096224,0.00041805434099165625,185.79201358387476,185.79243163821573,1498.1502995849303,5.46271976026135e-07,79.0,9.967057285941237e-07,0.008779141160824783,3901.63228526137,115293.21053334256,2.184322037942836,4.549761933352177,17.0,12.0,0.0,34.0,79.0,False,False,True,True,True,False,1.0,0
fixed_policy_information_responsiveness,IL_RD,IL,IL,RD,GL,test_006_daba4b1e9814,75d8e3ad38430229f3cdc728b83652efff820d1f0dd36a5cd061b247917ecdf8,3,True,physical_path,29.0,79.0,15831.211388081974,97947.64199363343,0.0,113778.85338171541,8512.770218179923,95867.22241096305,3814.6909308840527,3316.9264849854644,1324.627816364984,942.6155203379477,42.74897858145183,1362.2250231753662,7796.967831931314,0.0004892641752299194,181.65145982554156,181.6519490897168,1507.262635096807,6.447445859164876e-07,79.0,9.38187178612625e-07,0.010274547679828308,3814.680656336373,113778.85338171542,2.1778200023015426,4.5699760999996215,17.0,12.0,0.0,34.0,79.0,False,False,True,True,True,False,1.0,0
fixed_policy_information_responsiveness,IL_RD,IL,IL,RD,GL,test_007_925513ee8ec6,957d3dac7377db030d8efcc559a3fc404ec47b9f9427c91498d013d77b53a266,3,True,physical_path,29.0,79.0,18607.741025854313,97212.68021082484,0.0,115820.42123667915,9917.485427827316,95405.64182530936,3753.476624612546,4241.808407430344,1567.4740444126517,934.5349070869526,47.87034054618676,1695.9548086430907,8033.337971250556,0.0008431773264896454,178.73613894708046,178.73698212440695,1645.8610374708187,5.19942955526994e-07,79.0,9.87317752026732e-07,0.017706723856282556,3753.4589178886895,115820.42123667918,2.228375464348636,4.388220166709895,17.0,12.0,0.0,34.0,79.0,False,False,True,True,True,False,1.0,0
fixed_policy_information_responsiveness,IL_RD,IL,IL,RD,GL,test_008_fabe46a0ea00,0996fbf8c5be056e9a791faf37c1568c2dc3325672b618fb6690495c48960310,3,True,physical_path,29.0,79.0,14759.49301058572,93139.19281671151,0.0,107898.68582729723,7831.013410596613,91381.3780091654,3639.057247410468,2872.7839895738266,1227.8336745516838,946.6194959992253,39.77142673788398,1191.0611674333004,7429.307953506678,0.0004061109459365354,173.28803424193347,173.28844035287943,1449.4836703162325,5.504486892993826e-07,79.0,9.578015792163018e-07,0.008528329864667243,3639.0487190806034,107898.68582729722,2.166722348270317,4.407828333244349,17.0,12.0,0.0,34.0,79.0,False,False,True,True,True,False,1.0,0
fixed_policy_information_responsiveness,IL_RD,IL,IL,RD,GL,test_009_c8ef87e47101,03ce056d9504b5b9251870ba36fce4267bfe22fa89f4bd0577a9954153b78ab2,3,True,physical_path,29.0,79.0,14634.214445933781,105631.5618424792,0.0,120265.77628841298,8256.844339934412,102537.94482531499,4118.147197828977,3161.597451433318,1245.5567815970273,945.6856923042257,42.647487537463284,1329.4099782372352,8084.909927765678,0.0003929420983684627,196.10185457356718,196.10224751566557,1473.3880238764123,6.675044558652605e-07,79.0,9.493632524045101e-07,0.008251784065737717,4118.138946044911,120265.77628841296,2.186984388516338,4.747758900048211,17.0,12.0,0.0,34.0,79.0,False,False,True,True,True,False,1.0,0
fixed_policy_information_responsiveness,IL_RD,IL,IL,RD,GL,test_010_613ab99db82c,8253022823d5a215e2583b996ae67139d72d8adc75a9ea76d7291e805e31f0a2,3,True,physical_path,29.0,79.0,14358.94014254159,90951.31263689809,0.0,105310.25277943969,7642.332524338063,89209.556642695,3553.3513656677383,2726.7775337889907,1171.4369221052527,1006.7977908446752,38.85589190086826,1159.7484472749513,7262.745890297384,0.00033032822522575744,169.20687756071467,169.2072078889399,1426.9594215963098,5.258931628287826e-07,79.0,9.930771679737016e-07,0.006936892729740906,3553.3444287750085,105310.25277943975,2.1637126551726937,4.303350433319186,18.0,11.0,0.0,34.0,79.0,False,False,True,True,True,False,1.0,0
fixed_policy_information_responsiveness,IL_RD,IL,IL,RD,GL,test_011_8a2e74b38d5d,b824165b944fb1d86e7d4136e62bf979a2d34ce44df3cdf01e75a763724ca312,3,True,physical_path,29.0,79.0,15851.243779938784,113037.0041572349,0.0,128888.24793717368,9058.199826183423,109432.57047645556,4395.425395699246,3698.449859432761,1380.4437221828023,923.1586572199018,45.714517559448815,1499.4924926554597,8618.151761687974,0.0005652608718094401,209.3054059629018,209.30597122377358,1559.0230215046788,6.666413102447313e-07,79.0,9.576877550326445e-07,0.011870478307998242,4395.413525220938,128888.2479371737,2.2259589069009085,5.103882766639193,16.666666666666668,12.333333333333334,0.0,34.0,79.0,False,False,True,True,True,False,1.0,0
fixed_policy_information_responsiveness,IL_RD,IL,IL,RD,GL,test_012_b6bdc05b20a7,edeec4d1f91f6f1c3ba0da1aaf276e2980c22cd017c9d346001dbdbeef6561d5,3,True,physical_path,29.0,79.0,16190.8475371777,104812.91283195354,0.0,121003.76036913123,8951.615455271649,102083.58734399243,4074.8938506547274,3570.550720193651,1381.3669597153394,941.7460393034462,44.70222760656453,1459.5822857900002,8225.91459659015,0.0005545964107701733,194.04200972048102,194.04256431689177,1563.7416650736195,5.595206738166348e-07,79.0,9.794617546291067e-07,0.011646524626173639,4074.882204130101,121003.76036913124,2.238922435624375,5.219377233258759,17.0,12.0,0.0,34.0,79.0,False,False,True,True,True,False,1.0,0
fixed_policy_information_responsiveness,IL_RD,IL,IL,RD,GL,test_013_040653995d85,2a3f86788826a75d0de1d4e0c5a0a4ad5dd4e8f1e00bcf6e5fda30c62147be3e,3,True,physical_path,29.0,79.0,14507.203177310192,87557.55383160128,0.0,102064.75700891147,7654.856831044802,86103.12762465776,3417.1494540397157,2766.0019542714385,1177.9601492192655,945.6609956784658,39.164209440282406,1182.097031460785,7073.587818276658,0.00034218072245675467,162.72106039259734,162.7214025733198,1407.6014763136752,5.096221881564064e-07,79.0,9.493052467914234e-07,0.007185795171591847,3417.1422682445445,102064.75700891145,2.165189542531989,5.050087800016627,17.0,12.0,0.0,34.0,79.0,False,False,True,True,True,False,1.0,0
fixed_policy_information_responsiveness,IL_RD,IL,IL,RD,GL,test_014_f00647451070,7ad601c322ea2fcf691d98774905f79d0c6933a53f28eeac922ceab084665ca3,3,True,physical_path,29.0,79.0,14752.426551971128,91870.05857943128,0.0,106622.48513140243,7863.91566931443,90105.64707126161,3584.0577211441973,2915.064912343902,1227.4562523849975,926.3435049532678,40.01305382603414,1209.4759144191532,7346.710504821807,0.00041351249138672585,170.66900178008942,170.6694152925808,1440.7806125922227,5.344790753849393e-07,79.0,9.796386500493006e-07,0.008683762319121243,3584.049037381878,106622.48513140243,2.189336568970854,4.992353666651373,16.666666666666668,12.333333333333334,0.0,34.0,79.0,False,False,True,True,True,False,1.0,0
fixed_policy_information_responsiveness,IL_RD,IL,IL,RD,GL,test_015_643a837775f9,0bdb5da5c9f39a1f5f16016cd38cb9bd2d3650ade00801bf72abf1b5c1ef2fe9,3,True,physical_path,29.0,79.0,18585.972295345488,108806.64010176163,0.0,127392.61239710714,10308.86913883422,105802.14917890947,4202.783647638426,4524.806036844465,1618.5712517781583,935.4331431023875,49.88899200528266,1786.7276452378592,8651.46982091306,0.0009648186420617926,200.1315898308068,200.1325546494489,1686.0849547752998,5.710645702447506e-07,79.0,9.582214965730354e-07,0.020261191483297643,4202.763386446943,127392.61239710712,2.244433568975214,4.60173899998578,17.0,12.0,0.0,34.0,79.0,False,False,True,True,True,False,1.0,0
fixed_policy_information_responsiveness,IL_RD,IL,IL,RD,GL,test_016_45a90ccef8bd,5d3ce39b508a4ccb3e9dcf8f61989ac456296e3755e7ad04d31e21895bc1ec7a,3,True,physical_path,29.0,79.0,16057.397197369983,108812.54028370314,0.0,124869.93748107314,9107.117806041286,105480.24224653165,4225.575756173155,3718.313130894305,1396.6277072974665,942.0608341352836,45.713175755935566,1507.5734300816857,8401.144338682177,0.0005821722889385533,201.21731097881374,201.21789315110266,1565.486937878568,5.688559491984821e-07,79.0,9.578509793493097e-07,0.012225618067709618,4225.563530555089,124869.93748107314,2.219697949439073,4.5737154001059634,17.0,12.0,0.0,34.0,79.0,False,False,True,True,True,False,1.0,0
fixed_policy_information_responsiveness,IL_RD,IL,IL,RD,GL,test_017_ebd333a3cdba,a3c85008563f8c8c015d326ebf96d911a84dfa810c1806a6610330bd74827e2b,3,True,physical_path,29.0,79.0,16198.615350807355,98926.8734984605,0.0,115125.48884926784,8755.212828481095,96775.24837795256,3848.8796645773177,3449.293151145573,1355.2164419082767,941.6383852030245,43.71684720782401,1421.4460127483844,7879.553771572947,0.0005071197780609913,183.27947690771325,183.2799840274913,1530.5927072762952,6.222676142819955e-07,79.0,9.066914821753566e-07,0.010649515339280815,3848.8690150619786,115125.48884926787,2.190334267796542,4.3676333332744735,17.0,12.0,0.0,34.0,79.0,False,False,True,True,True,False,1.0,0
fixed_policy_information_responsiveness,IL_RD,IL,IL,RD,GL,test_018_9466cee538c9,86253eb5a2d091cc16d1f9a3a320e171c30977628d47b9c2faefafd18ea0aa0d,3,True,physical_path,29.0,79.0,16597.485485392277,99144.5735380512,0.0,115742.05902344348,9061.807717989484,96729.07028044354,3846.694784447751,3689.7952513887576,1414.378023123969,1000.3129660499839,44.80946427503999,1483.192504567119,7915.543331925069,0.0006233145385062186,183.17531880202105,183.17594211655955,1564.4870992492413,5.135664101699034e-07,79.0,9.846036713374346e-07,0.013089605308630592,3846.681694842442,115742.0590234435,2.2204078827454743,4.50653613327692,18.0,11.0,0.0,34.0,79.0,False,False,True,True,True,False,1.0,0
fixed_policy_information_responsiveness,IL_RD,IL,IL,RD,GL,test_019_9d2b7462a57a,e3686a781bf5d9cc8a1a95f6cfee4adb410e97762f9815f7f575cd1c7c688f06,3,True,physical_path,29.0,79.0,17454.604961882756,98569.84056785482,0.0,116024.44552973757,9509.028872341949,96275.73856592305,3808.883959717721,4008.213278878508,1485.2990445010776,937.2818083753104,46.926998652216014,1619.2636212779332,7972.576216717246,0.000715885711434066,181.3747107675134,181.37542665322482,1592.8915262634318,5.765457781911345e-07,79.0,9.654125636477526e-07,0.015033599940115388,3808.868926117781,116024.44552973758,2.2157905701007263,4.697852566527824,17.0,12.0,0.0,34.0,79.0,False,False,True,True,True,False,1.0,0
fixed_policy_information_responsiveness,IL_RD,IL,IL,RD,GL,test_020_701c8d28bc45,64a6b03bce01c1a89c724a633f63003ecd11109f06a7e37ec1b0cd196da48626,3,True,physical_path,29.0,79.0,16313.646656996038,104776.36775341269,0.0,121090.01441040874,9100.723262361933,101857.82336913324,4068.6125287085447,3713.9992500288886,1407.4571627805096,941.3988373955896,45.42171120395556,1502.825267139431,8198.905733261008,0.0006005055928472977,193.74285324243306,193.74345374802593,1563.219923087997,5.049425953857555e-07,79.0,9.658404735326578e-07,0.01261061744979325,4068.599918091095,121090.0144104087,2.2645620298866267,4.760774566714342,17.0,12.0,0.0,34.0,79.0,False,False,True,True,True,False,1.0,0
fixed_policy_information_responsiveness,IL_RD,IL,IL,RD,GL,test_021_69299bc5d0bf,6e755751a4e65a356d16122e1fe19db7f245d1323155a143f838c95d128bde6f,3,True,physical_path,29.0,79.0,15941.369395348009,94652.1708860311,0.0,110593.54028137912,8463.405646828567,92898.66946760805,3686.3258680337435,3277.4566258331965,1325.2334346668565,942.4492384087176,42.18342545462551,1338.9095556585642,7631.404951378378,0.0004975243961897914,175.53882952482968,175.5393270492259,1506.3942760950074,5.449252533092111e-07,79.0,9.912019249823906e-07,0.01044801231998562,3686.315420021423,110593.54028137913,2.2529390540225536,4.735425800007458,17.0,12.0,0.0,34.0,79.0,False,False,True,True,True,False,1.0,0
fixed_policy_information_responsiveness,IL_RD,IL,IL,RD,GL,test_022_1b3e72c80b5f,206d3dd2f49133cdef746f58bc516b176cdbc2a51f7ebbbc523df6455ae5b53c,3,True,physical_path,29.0,79.0,16458.596870279453,92659.81900271632,0.0,109118.41587299579,8696.632123912093,91089.35568066472,3599.705257310743,3421.045746296519,1370.6303300338488,941.0467347778464,42.97997950436422,1389.4407225138777,7586.356853218563,0.0005543795614313512,171.4139816828549,171.41453606241635,1536.4430679840689,5.025131804652843e-07,79.0,9.949918086451769e-07,0.011641970790058376,3599.693615339953,109118.41587299579,2.237747360912055,4.676046833318348,17.0,12.0,0.0,34.0,79.0,False,False,True,True,True,False,1.0,0
fixed_policy_information_responsiveness,IL_RD,IL,IL,RD,GL,test_023_90a8af416c5a,6f307309d3320cf90229ccbd42690532f83de1f86a41507c5e6229792230343f,3,True,physical_path,29.0,79.0,17023.009669400828,100826.47461192992,0.0,117849.48428133076,9364.549871060144,98247.02450180058,3903.7601734682908,3934.6908026455512,1459.4601377624592,939.998794593719,46.76279770201916,1597.5339381059412,8033.120009709414,0.0006962703088827021,185.89264532341926,185.89334159372814,1577.3215540341762,6.4331951724585e-07,79.0,9.699779986504235e-07,0.014621676486536743,3903.7455517918042,117849.48428133072,2.1189464517178593,4.462440300034359,17.0,12.0,0.0,34.0,79.0,False,False,True,True,True,False,1.0,0
fixed_policy_information_responsiveness,IL_RD,IL,IL,RD,GL,test_024_e90f261f99e2,a2217a451505b72ecffb15b706f82fa13dd02e5246239352e71c874c3e2b909b,3,True,physical_path,29.0,79.0,15383.411969038885,103654.4855721654,0.0,119037.8975412043,8610.61072841358,100746.23514998064,4034.3461794770033,3386.2773803369205,1316.469933822199,943.9581691739301,43.61754624276316,1393.2426412834502,8041.349352444023,0.0004672808116114914,192.11125555142667,192.11172283223826,1513.670605156849,5.702699375760424e-07,79.0,9.443460629564086e-07,0.009812897043841319,4034.3363665799593,119037.89754120428,2.2476859781596725,4.780209533326949,17.0,12.0,0.0,34.0,79.0,False,False,True,True,True,False,1.0,0
fixed_policy_information_responsiveness,IL_RD,IL,IL,RD,GL,test_025_0c3eeaae0824,481de4be35a821cd093f24ffad7eca6efe30e96f4cd9848aff621fcb70d542fd,3,True,physical_path,29.0,79.0,15586.110525458274,102876.25474229401,0.0,118462.36526775228,8486.11890443523,100426.00061619571,4007.6681469682476,3290.7424299090976,1308.4644954771002,943.3706747668856,42.858536489909454,1351.6149056735092,8077.736041323148,0.00048474780156457074,190.84085558401975,190.84134033182127,1522.0776766264687,6.851997202912938e-07,79.0,9.501622279286693e-07,0.010179703832855984,4007.6579672644148,118462.36526775228,2.163412100011911,4.3720392000395805,17.0,12.0,0.0,34.0,79.0,False,False,True,True,True,False,1.0,0
fixed_policy_information_responsiveness,IL_RD,IL,IL,RD,GL,test_026_770d47ae1768,0f2bea7027db9d8baf45b68efc718379be3d8148c45feaa470d4d0623fef3f41,3,True,physical_path,29.0,79.0,15168.652538133449,111997.00764226029,0.0,127165.66018039372,8603.634966450942,108510.18958631594,4366.247411760886,3437.253724563767,1303.1350464793288,945.1994448228628,43.698202204072885,1387.772412537469,8487.507293900708,0.0004646632919275964,207.9160787538931,207.91654341718504,1511.9286856601673,7.149817027253396e-07,79.0,8.958895858512449e-07,0.009757929130479523,4366.237653831756,127165.66018039372,2.1472626160749972,4.419986066641286,17.0,12.0,0.0,34.0,79.0,False,False,True,True,True,False,1.0,0
fixed_policy_information_responsiveness,IL_RD,IL,IL,RD,GL,test_027_df5d670513fa,81fd0061cbc1e7018bd5b9eb1239ce1515bc6cbada40b12f82000eb260b5e055,3,True,physical_path,29.0,79.0,16148.533881161136,95658.91134998343,0.0,111807.44523114456,8608.482558670656,93823.85486873968,3721.8424559409264,3363.8411065971263,1347.5384592836383,941.8857819125857,42.74756266881226,1369.2601905236634,7717.140831296354,0.0005297359910957444,177.230063404053,177.2305931400441,1525.5245873728275,4.912057264250241e-07,79.0,9.362473106929433e-07,0.011124455813010631,3721.831331485113,111807.44523114462,2.1678656953809803,4.409892966660361,17.0,12.0,0.0,34.0,79.0,False,False,True,True,True,False,1.0,0
fixed_policy_information_responsiveness,IL_RD,IL,IL,RD,GL,test_028_e9fb02365dd3,5d802ed0aa2ed1e79c8a0eb81c45c7d2acaad5c313db1e25b12244cb5da1a3f1,3,True,physical_path,29.0,79.0,14884.89501704472,93730.07392851659,0.0,108614.96894556133,7910.868304411445,91915.54469289236,3659.909187850599,2945.7308024922518,1236.9310600863976,945.9848978282866,39.927268261533015,1203.0703682570481,7469.59545109543,0.0004147896956946667,174.2809751079519,174.2813898976476,1448.8750946023847,4.967152878522312e-07,79.0,9.688379712333228e-07,0.008710583609588,3659.900477266989,108614.96894556134,2.11506428161165,4.405714366740237,17.0,12.0,0.0,34.0,79.0,False,False,True,True,True,False,1.0,0
fixed_policy_information_responsiveness,IL_RD,IL,IL,RD,GL,test_029_b44f60718c5a,864fc5477a80617dcd1dfd105218334b6714ff3283b58095987765279672cc93,3,True,physical_path,29.0,79.0,14563.724190580086,100045.53313949956,0.0,114609.25733007966,8003.91924072777,97485.71382349844,3906.231988332121,2986.7249995721036,1220.2232169202102,1006.4440610290534,40.74630132654803,1239.9511773238119,7775.654202895457,0.000379648795467322,186.01066741463887,186.01104706343435,1464.0424401962755,5.899556144720945e-07,79.0,9.667393358461216e-07,0.007972624704813762,3906.2240157074157,114609.2573300797,2.126432378160842,4.44210290008535,18.0,11.0,0.0,34.0,79.0,False,False,True,True,True,False,1.0,0
fixed_policy_information_responsiveness,IL_RD,IL,IL,RD,GL,test_030_038f4c53d11f,c289c0180e19d4efe38d6fb3cf749dc58fb2fc82a28248babf37eba4d050247c,3,True,physical_path,29.0,79.0,15789.708023410554,94172.06941865162,0.0,109961.77744206217,8397.47001602401,92381.28806645998,3668.6373925482585,3256.605324440616,1315.0265209425359,942.7501216467491,42.13748502813976,1335.761488327045,7574.178626407246,0.0004912343506152931,174.6965274584236,174.6970186927742,1493.4673438196332,5.593279452610024e-07,79.0,9.798047132703898e-07,0.010315921362921155,3668.6270766268954,109961.77744206214,2.1160537586172765,4.461312733357772,17.0,12.0,0.0,34.0,79.0,False,False,True,True,True,False,1.0,0
fixed_policy_information_responsiveness,IL_RD,IL,IL,RD,GL,test_031_0a6ff70351b5,66453c50834fa3dcd176a36c69c2cd344e4023d8d34a02e0efe688cf2781c3f9,3,True,physical_path,29.0,79.0,14792.1229505022,99577.96143135913,0.0,114370.08438186134,8070.613932436748,97235.35712895777,3889.8452716548127,2992.5986357034485,1235.6499947649675,946.0194183436038,41.00167060543462,1252.2188741104678,7780.57127549216,0.0003813403631966828,185.23034588129454,185.23072722165776,1466.8679160859238,5.413215980874721e-07,79.0,9.828800132754276e-07,0.008008147627130337,3889.837263507186,114370.08438186134,2.127651735639799,4.4971523666754365,17.0,12.0,0.0,34.0,79.0,False,False,True,True,True,False,1.0,0
fixed_policy_information_responsiveness,IL_RD,IL,IL,RD,GL,test_032_efdf826e6bc3,f68d8f9fe8ed71a08598d0d2dbfcc8624aee20f294eb03c5d0d1b47b192231a8,3,True,physical_path,29.0,79.0,16505.41310472367,99505.57319147319,0.0,116010.98629619683,8964.057735280288,97225.76755487073,3863.6231083450766,3589.528538439298,1388.3854126149424,979.6239466465372,44.35308647636433,1464.283378456298,7953.044059421947,0.0005656191395055707,183.98148715919743,183.98205277833696,1555.5745674876491,5.593961640344909e-07,79.0,9.73218398061391e-07,0.011878001929616987,3863.611230343147,116010.98629619686,2.1459645459712107,4.620276133374621,17.666666666666668,11.333333333333334,0.0,34.0,79.0,False,False,True,True,True,False,1.0,0
fixed_policy_information_responsiveness,IL_RD,IL,IL,RD,GL,test_033_de0c441dba67,7ec9546050ec128248d8d481b870b6380d6ca6d723d82627518325ffbdc72f3a,3,True,physical_path,29.0,79.0,15920.845437052214,103670.32639323955,0.0,119591.17183029176,8793.731014433904,100952.40476113465,4033.503302251092,3481.018417149011,1348.911313305474,981.603022017625,43.91786166350755,1423.9759394755126,8109.76008207149,0.0005142128423701451,192.07107160863816,192.07158582148054,1535.6105290296928,5.841055974493638e-07,79.0,9.604218368025586e-07,0.010798469689773047,4033.4925037814023,119591.17183029174,2.1584084919632422,4.681278266633551,17.666666666666668,11.333333333333334,0.0,34.0,79.0,False,False,True,True,True,False,1.0,0
fixed_policy_information_responsiveness,IL_RD,IL,IL,RD,GL,test_034_a00d80b83640,0f4bc5cfced121212348bbd1013ec4964294f487da2bfeef2082f3134c966878,3,True,physical_path,29.0,79.0,15619.517870753161,103692.61866923976,0.0,119312.13653999292,8612.350993533712,100984.17638922409,4037.535019914787,3401.0664672513954,1333.0746303328658,943.9330397360724,43.36895479741606,1377.632792331891,8091.706355711151,0.0005089276355826491,192.26306344925902,192.2635723768946,1522.5185538448352,5.908318583717426e-07,79.0,9.634149891137752e-07,0.01068748034723563,4037.5243324344397,119312.13653999292,2.2309311781528183,4.5451449331982685,17.0,12.0,0.0,34.0,79.0,False,False,True,True,True,False,1.0,0
fixed_policy_information_responsiveness,IL_RD,IL,IL,RD,GL,test_035_51fd398978b7,b6fa16487d60759605dd86ad9e174dcae5c07eba9b0e4a208e41547329603d50,3,True,physical_path,29.0,79.0,14771.187617144686,97218.993296728,0.0,111990.18091387267,7993.343135341963,95056.47553279663,3794.9075564002196,2968.5697205274305,1230.9751352710489,945.9098335353723,40.78969287649716,1242.6914789314599,7654.234597827685,0.0003921294995056546,180.7094915086062,180.7098836381057,1456.7883651639893,6.252929915273962e-07,79.0,9.206964420716517e-07,0.008234719489618746,3794.8993216807303,111990.18091387267,2.206049567829796,4.372322233316178,17.0,12.0,0.0,34.0,79.0,False,False,True,True,True,False,1.0,0
fixed_policy_information_responsiveness,IL_RD,IL,IL,RD,GL,test_036_7eb6ac1ca077,835e8a13ce793ee0d4c8d1922e6d12f857b647d3db30f415b92ebcca10cb9554,3,True,physical_path,29.0,79.0,15592.724747923821,98974.6413292039,0.0,114567.36607712774,8515.013337556295,96599.46763392833,3852.953128709316,3316.5716716056504,1301.184302796167,982.1760025319751,42.628873677245984,1364.1156935344122,7807.9067885300055,0.0004375408030861929,183.47352096916435,183.47395850996745,1502.8705075302912,5.574588530328119e-07,79.0,9.436709073833255e-07,0.00918835686481005,3852.9439403524507,114567.3660771277,2.2271073402237445,4.435668133276825,17.666666666666668,11.333333333333334,0.0,34.0,79.0,False,False,True,True,True,False,1.0,0
fixed_policy_information_responsiveness,IL_RD,IL,IL,RD,GL,test_037_f096257ecaa4,0504d3553dd1b04e2daf266d9385ecec583ac5ee5143240ec48390c3637711cc,3,True,physical_path,29.0,79.0,18973.701260975275,100254.87038632127,0.0,119228.57164729654,10320.413580760598,97960.63597472484,3858.3686396094677,4528.512833170702,1627.0743217117424,933.5662973191943,49.563761039352016,1791.738294089488,8225.626552910822,0.0009685075714429315,183.7308714738318,183.73183998140325,1682.5742232782893,4.748722199783989e-07,79.0,9.727816631603792e-07,0.02033865900030156,3858.3483009504675,119228.57164729654,2.2561409586382193,4.441193333361298,17.0,12.0,0.0,34.0,79.0,False,False,True,True,True,False,1.0,0
fixed_policy_information_responsiveness,IL_RD,IL,IL,RD,GL,test_038_b05abc6e01b3,d70904feaac93846beafd0d4f452a87f57385097244d4e0d5b2934e20eff821f,3,True,physical_path,29.0,79.0,16473.807537114557,98982.42503628145,0.0,115456.23257339602,9084.879054144752,96456.92980749703,3835.017620082417,3736.02219121779,1402.3906341773572,940.9932662766693,45.58943907252938,1531.1960470157983,7874.02307669973,0.0005935842490381273,182.61929308634225,182.61988667059128,1545.457738721986,5.550253136902155e-07,79.0,9.732597369226566e-07,0.012465269229800673,3835.005154813187,115456.23257339602,2.0689507448221502,4.281186866651599,17.0,12.0,0.0,34.0,79.0,False,False,True,True,True,False,1.0,0
fixed_policy_information_responsiveness,IL_RD,IL,IL,RD,GL,test_039_9c0d1ebe6c19,a764716cc7f8aeab39c2c2f073ba3bf25b0853e49b15690e7a526a3355477947,3,True,physical_path,29.0,79.0,15435.095479597534,103556.8349247529,0.0,118991.93040435044,8554.695960814843,100823.16866595561,4034.279005233293,3334.2393287444115,1302.0697687573577,943.4776748449123,43.34413996396145,1385.209643975295,8049.484336364131,0.0004354959123131663,192.10808856281588,192.10852405872822,1503.4959333659383,6.216988239687841e-07,79.0,9.814063237298095e-07,0.009145414158576493,4034.269859819134,118991.93040435044,2.095860498858316,4.48155053340209,17.0,12.0,0.0,34.0,79.0,False,False,True,True,True,False,1.0,0
fixed_policy_information_responsiveness,IL_RD,IL,IL,RD,GL,test_040_11a8950c659e,ce3f9b7a7902becf4bdfbdd9494b3f00f7d8b741e45d94aec742b61d96ed6b99,3,True,physical_path,29.0,79.0,14812.521410153813,97455.5086779241,0.0,112268.0300880779,8091.137737110895,95124.70849052897,3799.032122797395,3064.3592054874075,1243.5861839853553,945.2063481678864,41.622847057551596,1288.6274042086552,7650.561020288845,0.0004178280020968651,180.90587373377863,180.9062915617807,1457.3686732903332,6.461431095004376e-07,79.0,9.66024040641946e-07,0.008774388044034166,3799.0233484093515,112268.0300880779,2.082638825289905,4.215982799883932,17.0,12.0,0.0,34.0,79.0,False,False,True,True,True,False,1.0,0
fixed_policy_information_responsiveness,IL_RD,IL,IL,RD,GL,test_041_e58f21dcc209,20e0bcb4b669443da2e153571c054142078f1a87cfd8564b8fb31b4d19884070,3,True,physical_path,29.0,79.0,15813.150230960246,103706.92741257617,0.0,119520.07764353642,8643.045521926158,101163.99901258074,4042.0491747631527,3391.913136061947,1336.0516341239347,943.0191640804823,43.364056327303594,1383.753134693526,8119.399869441601,0.0005060101803706316,192.47802612139836,192.47853213157873,1529.7251535887215,5.867755497678635e-07,79.0,9.80941047294098e-07,0.010626213787783265,4042.038548549365,119520.07764353642,2.1147211287357983,4.455880933363612,17.0,12.0,0.0,34.0,79.0,False,False,True,True,True,False,1.0,0
fixed_policy_information_responsiveness,IL_RD,IL,IL,RD,GL,test_042_a77d2ece213a,50867af1413e5b1f4a57b100697daff06a7a7ddbbedf8273b0f515bdaa98e6d9,3,True,physical_path,29.0,79.0,13896.024865533132,99954.06415429602,0.0,113850.08901982916,7638.207650498374,97437.55370694387,3910.4404388650096,2767.647497217688,1148.3861434697997,947.853582834421,39.74783192594388,1180.123951356243,7704.378630427579,0.0003056569675156038,186.21114381279486,186.21144946976236,1412.524243382107,6.251637792445797e-07,79.0,9.77776748941217e-07,0.006418796317827681,3910.4340200686925,113850.08901982916,2.0714906816071053,4.376534800045192,17.0,12.0,0.0,34.0,79.0,False,False,True,True,True,False,1.0,0
fixed_policy_information_responsiveness,IL_RD,IL,IL,RD,GL,test_043_f1174106175c,e1c05921a15b70c43f0abce37906cec0d00142a1459fb9059ceffadf5f4c1ace,3,True,physical_path,29.0,79.0,18171.582479852328,93511.75364752887,0.0,111683.33612738119,9585.913612586459,92023.98470236371,3613.7592046052705,4004.077021023631,1520.1144882134356,935.4870985887147,46.415958690260446,1609.731687772509,7800.96746721828,0.0007684188282832115,172.08300322904176,172.08377164787007,1617.3952456590966,4.964469294040764e-07,79.0,9.189694357898407e-07,0.016136795393947443,3613.7430678098767,111683.33612738123,2.1359059942254643,4.398330700040485,17.0,12.0,0.0,34.0,79.0,False,False,True,True,True,False,1.0,0
fixed_policy_information_responsiveness,IL_RD,IL,IL,RD,GL,test_044_ed401c94714a,cdd3e3788096b9dacb2df0d0b62a1cb28d51b122523dcf031887b030038a9f0b,3,True,physical_path,29.0,79.0,14952.42934968387,101643.23411273926,0.0,116595.66346242312,8149.814813445196,99200.96552538667,3968.2794751881174,3075.424115609823,1255.700560861688,945.4789719316068,41.481253609745856,1273.0352408429744,7922.218124732505,0.0004171076112899903,188.965272187061,188.96568929467227,1477.8963428414193,6.615859584803206e-07,79.0,9.960423625587514e-07,0.008759259837089797,3968.2707159282804,116595.6634624231,2.0919476390666403,4.4078731667250395,17.0,12.0,0.0,34.0,79.0,False,False,True,True,True,False,1.0,0
fixed_policy_information_responsiveness,IL_RD,IL,IL,RD,GL,test_045_af7d3f616c1d,0760d304a5c54d302e032eaa6ef8974da5965cac272efb3a66af257287e72ea4,3,True,physical_path,29.0,79.0,16054.138785214216,103522.18197548114,0.0,119576.32076069537,8787.897762883782,100972.1117338867,4029.0930297598748,3488.1682079858615,1356.618785604571,942.4312405746083,43.841621101944035,1414.6108731699921,8134.320033945904,0.0005173689753506706,191.861055476733,191.8615728457083,1538.0078115076758,6.081706156074681e-07,79.0,9.474376907027638e-07,0.010864748482364081,4029.0821650113926,119576.32076069542,2.1162535747186677,4.305509766641383,17.0,12.0,0.0,34.0,79.0,False,False,True,True,True,False,1.0,0
fixed_policy_information_responsiveness,IL_RD,IL,IL,RD,GL,test_046_e35b743e6617,c0048e37b8520d7bfa898229e339686779b407fa7d2b062c359012d56267e7ec,3,True,physical_path,29.0,79.0,15604.517781431488,105703.84117104474,0.0,121308.35895247622,8591.553986240075,102945.93130844618,4121.240757098741,3376.6419216707473,1328.948511501111,944.0424675193959,43.30157810700041,1370.1058829830392,8208.130172997062,0.0005012967009691292,196.24905856514377,196.24955986184477,1524.1018274186317,6.460065163813899e-07,79.0,9.672482886974548e-07,0.010527230720351714,4121.23022986802,121308.35895247624,2.1238987758573704,4.423066866661732,17.0,12.0,0.0,34.0,79.0,False,False,True,True,True,False,1.0,0
fixed_policy_information_responsiveness,IL_RD,IL,IL,RD,GL,test_047_20c1f89391c1,f2130b5fd299cb2fd05ecda0fd2c152640207395401d37a5f1e7253bbd0a35d8,3,True,physical_path,29.0,79.0,15375.650015216064,111619.31542492715,0.0,126994.96544014319,8732.928204473641,108145.73695723472,4349.743665495864,3492.4649975070824,1329.7165671809769,944.3750482509296,44.20908930146152,1410.6902232250231,8484.761702027552,0.0004851117797881332,207.1301656261185,207.13065073789826,1527.3477021690414,6.502596343029226e-07,79.0,9.57219429873447e-07,0.010187347375550796,4349.733478148489,126994.9654401432,2.1050688551642516,4.4648884665997075,17.0,12.0,0.0,34.0,79.0,False,False,True,True,True,False,1.0,0
fixed_policy_information_responsiveness,IL_RD,IL,IL,RD,GL,test_048_eeaf6a6a0a15,ebcee93a99cde79ceee231d38070645a6f701ecc4eb97b1e8abf3b74f65be4df,3,True,physical_path,29.0,79.0,15327.113504773972,103629.09249990563,0.0,118956.20600467961,8611.958158199956,100635.514618862,4030.2577648107945,3418.20595236124,1316.6775412284676,943.5919692171733,44.030632800091745,1415.2543350067772,8016.495814690187,0.0004898684089998129,191.91654655115266,191.91703641956164,1501.9317723732638,6.379249472542062e-07,79.0,9.919414777226792e-07,0.010287236588996074,4030.247477574206,118956.20600467963,2.0780775298862237,4.38683423330076,17.0,12.0,0.0,34.0,79.0,False,False,True,True,True,False,1.0,0
fixed_policy_information_responsiveness,IL_RD,IL,IL,RD,GL,test_049_343da3774e7e,c214ac02e921d1ab893b808c39160612ee2c6e853c942be7eb6c6df35facccd4,3,True,physical_path,29.0,79.0,15214.002740076457,89284.92060597807,0.0,104498.92334605455,7996.0564195820625,87797.18167621567,3481.1330625363953,2982.9946860016976,1238.1123842598197,1003.4451174589108,40.02210497651231,1238.000451370898,7258.446045773634,0.0003984203216374756,165.76784265284002,165.76824107316168,1464.212265747118,4.456443841668163e-07,79.0,9.900939811030544e-07,0.008366826754386986,3481.1246957096405,104498.92334605455,2.1034046563255635,4.33353553332078,18.0,11.0,0.0,34.0,79.0,False,False,True,True,True,False,1.0,0
fixed_policy_information_responsiveness,IL_RD,IL,IL,RD,GL,test_050_1c7612d8bc63,ca36b4544ddd266e5e7dac2cbd5076e4b80860d23b0cfeba892432607eb1c108,3,True,physical_path,29.0,79.0,14442.519096336333,94669.59230781773,0.0,109112.11140415406,7756.8227756328315,92662.41370669632,3700.100131254992,2810.7141721827684,1176.4608270694614,1005.5997913176993,39.60709702961921,1196.5126582634057,7461.691856178411,0.0003275529748879965,176.1949167925009,176.1952443454758,1425.1214924914318,6.365265641121415e-07,79.0,9.819362626105489e-07,0.006878612472647926,3700.093252642519,109112.11140415406,2.0655859919671697,4.212703633354977,18.0,11.0,0.0,34.0,79.0,False,False,True,True,True,False,1.0,0
fixed_policy_information_responsiveness,IL_RD,IL,IL,RD,GL,test_051_5747c87e6d9a,e6daf165b6654b82650b4110a9d37185e59752e103161fa9379474087ef82a6e,3,True,physical_path,29.0,79.0,14000.59007794976,93192.07670429042,0.0,107192.6667822402,7606.303002791796,91107.2346719136,3641.8094800045837,2766.930070926317,1160.4839548331447,909.9056017707135,39.276507993417844,1171.522559277196,7315.572981272933,0.000325187234938824,173.4191738606024,173.41949904783735,1401.4400725832631,4.806635428534644e-07,79.0,9.563818361967044e-07,0.006828931933715304,3641.8026510726504,107192.66678224014,1.941896962055444,4.112673166596021,16.333333333333332,12.666666666666666,0.0,34.0,79.0,False,False,True,True,True,False,1.0,0
fixed_policy_information_responsiveness,IL_RD,IL,IL,RD,GL,test_052_9760565f31de,6035569faeed384797542e22427b98096943350bd372d90adabb2f7b8bd83c2d,3,True,physical_path,29.0,79.0,16286.211249863207,96325.30267153052,0.0,112611.51392139374,8786.334083172182,94274.21929433146,3740.8347180660962,3497.5050064655966,1371.4837339054454,941.1370854529459,43.741164448093855,1425.2801026008763,7744.26997256271,0.0005610370150816443,178.13442553756093,178.134986574576,1530.5628210594962,5.176455917941594e-07,79.0,9.428856680912897e-07,0.01178177731671453,3740.8229362887796,112611.51392139372,2.1167533643484844,4.37893440000092,17.0,12.0,0.0,34.0,79.0,False,False,True,True,True,False,1.0,0
fixed_policy_information_responsiveness,IL_RD,IL,IL,RD,GL,test_053_4473e6f72168,17a3df2ca591ed3526e75386d9ef68be536d2e20274236e9f585e3eab4517305,3,True,physical_path,29.0,79.0,15883.015404665193,96068.89004611078,0.0,111951.90545077597,8673.206254600183,93818.68564219162,3730.5481848219256,3445.2936302427825,1341.929057660293,942.2426812591648,43.5012737948751,1409.505644311799,7666.184121107196,0.0004974757887233047,177.6446541823982,177.6451516581869,1514.770160060419,4.786954624072297e-07,79.0,9.753237726654706e-07,0.0104469915631894,3730.5377378303615,111951.90545077599,2.1069592287250116,4.338793799979612,17.0,12.0,0.0,34.0,79.0,False,False,True,True,True,False,1.0,0
fixed_policy_information_responsiveness,IL_RD,IL,IL,RD,GL,test_054_c66f0b1dacc4,41d8a5d8d4cfcde283bef35c1b2d5ce97e39ebb3c2113f99f8fd9b7941330476,3,True,physical_path,29.0,79.0,15014.90637561467,106025.5644929522,0.0,121040.47086856684,8304.919258982603,103196.30397588554,4139.717323395005,3185.564482252023,1268.5768571036049,945.3889709481282,42.17195592665848,1305.3318452147892,8165.980657881112,0.00041967194470881155,197.12897668019843,197.12939635214312,1493.1929255321993,6.189907995902589e-07,79.0,9.814340388860306e-07,0.008813110838885044,4139.7085102841675,121040.47086856689,2.0937821643758867,4.336824666631098,17.0,12.0,0.0,34.0,79.0,False,False,True,True,True,False,1.0,0
fixed_policy_information_responsiveness,IL_RD,IL,IL,RD,GL,test_055_f90330578051,e326898d13671d058e9870b749033db5deaedc7911ad667ec11d6318f5e5b833,3,True,physical_path,29.0,79.0,16448.624784244126,107912.5878949531,0.0,124361.21267919724,9256.942355102181,104765.42938773196,4187.932688560931,3796.7397734085157,1413.403052090449,940.765422303189,46.18557093290565,1547.7339325804808,8388.525605745848,0.0005730367306928385,199.4247930852184,199.42536612194908,1573.5320389747246,6.306723063625668e-07,79.0,9.792790509241211e-07,0.012033771344549608,4187.9206547895865,124361.21267919724,2.121356724143221,4.336613199984034,17.0,12.0,0.0,34.0,79.0,False,False,True,True,True,False,1.0,0
fixed_policy_information_responsiveness,IL_RD,IL,IL,RD,GL,test_056_b2c64046cef9,b502bb540057ea09101e5a92cf118d4c56c5e877b089e5a6174a0c5376124a73,3,True,physical_path,29.0,79.0,15359.227460144195,94728.0918375705,0.0,110087.3192977147,8270.24767568005,92717.51700837992,3691.1950319315165,3136.362861398407,1268.9259157119006,1003.0708046129413,41.434734136759495,1304.7478370669369,7557.813123142186,0.00041355559581409594,175.77077844114305,175.77119199673885,1483.2316808118337,5.328338555636033e-07,79.0,9.765486906201587e-07,0.008684667512096017,3691.186347264004,110087.31929771473,2.079657452868769,4.282566433462004,18.0,11.0,0.0,34.0,79.0,False,False,True,True,True,False,1.0,0
fixed_policy_information_responsiveness,IL_RD,IL,IL,RD,GL,test_057_bf11b8e004e2,bd54b59477f900317d7a6030359d807e3fd1567aed129780d6c3a1179956b9b0,3,True,physical_path,29.0,79.0,15212.757980342714,98384.47776350965,0.0,113597.23574385238,8206.918065381622,96203.03912378072,3836.6046709829498,3119.944263899664,1284.9159155727552,945.8137042346524,41.36364826951038,1267.1407782825884,7774.936964853837,0.0004683096357681338,182.69499221336181,182.6954605229976,1489.4153887078435,5.784907239668774e-07,79.0,9.256466231522892e-07,0.00983450235113081,3836.5948364805986,113597.23574385238,2.0893427528810267,4.317475266754627,17.0,12.0,0.0,34.0,79.0,False,False,True,True,True,False,1.0,0
fixed_policy_information_responsiveness,IL_RD,IL,IL,RD,GL,test_058_fbcfbffca03e,13831837259f85f8b98b1b4c0178e5e4f669e020ebeaab3661478609d357b2f2,3,True,physical_path,29.0,79.0,16862.19146222295,105004.85243035141,0.0,121867.04389257437,9309.153497224974,102281.68882376731,4071.5515577872393,3823.9199802546814,1441.0006153087845,939.7294182313694,46.0925798446174,1548.8194612960667,8294.430909096438,0.0006369712458480021,193.8827705424322,193.88340751367807,1584.8461557301234,6.374676215495991e-07,79.0,9.39692247741529e-07,0.013376396162808044,4071.5381813910767,121867.04389257434,2.133495468964757,4.4510633333120495,17.0,12.0,0.0,34.0,79.0,False,False,True,True,True,False,1.0,0
fixed_policy_information_responsiveness,IL_RD,IL,IL,RD,GL,test_059_d22925a9593f,65a524d66b35e81b093404e6035554728cfd659313f34e588cf5b6e2f203bf7e,3,True,physical_path,29.0,79.0,15126.838191595627,98426.725418645,0.0,113553.56361024063,8210.72347116831,96148.58365975258,3838.522135740428,3133.4701175839896,1276.80510298665,945.4591230086436,41.65477885916514,1285.8477998324724,7751.46447808595,0.0004574713677620906,182.78631089722407,182.78676836859185,1482.92143068766,5.557444990341247e-07,79.0,9.678380802305413e-07,0.009606898723003902,3838.5125288417053,113553.5636102406,2.1046013344807184,4.449194766813889,17.0,12.0,0.0,34.0,79.0,False,False,True,True,True,False,1.0,0
fixed_policy_information_responsiveness,IL_RD,IL,IL,RD,GL,test_060_b3feb9e274c2,fe682fe273560fd0980f751cdfa7c31a0af682fbc188f47a4be67cd05391ad49,3,True,physical_path,29.0,79.0,15940.165768775963,102160.01148092584,0.0,118100.17724970181,8726.1807154165,99652.14255234842,3975.611912105134,3453.8424382537487,1349.585963727943,942.8136678500726,43.62832700284929,1403.809350611443,8039.015740105485,0.0005032529097435145,189.31434970447756,189.3148529573873,1532.9743214428038,5.74774938053125e-07,79.0,9.855352719518504e-07,0.010568311104613806,3975.6013437940287,118100.17724970181,2.0956208390724345,4.373616633393492,17.0,12.0,0.0,34.0,79.0,False,False,True,True,True,False,1.0,0
fixed_policy_information_responsiveness,IL_RD,IL,IL,RD,GL,test_061_627abde70c26,9c8b14e19bd2698ae546067471c6494d669882592255e3ba42b51e389929b531,3,True,physical_path,29.0,79.0,15788.913481997084,100184.6659208497,0.0,115973.5794028468,8603.91288257457,97807.14746734506,3899.8087859208736,3374.4392987753395,1344.612645310959,943.6583229199941,43.02897385182184,1364.3772986701022,7920.80208343107,0.000534519546763896,185.70464576239957,185.70518028194635,1528.0440961104712,4.996040688502986e-07,79.0,9.96712799730631e-07,0.011224910482041816,3899.7975610103917,115973.5794028468,2.132393345967385,4.510527099948376,17.0,12.0,0.0,34.0,79.0,False,False,True,True,True,False,1.0,0
fixed_policy_information_responsiveness,IL_RD,IL,IL,RD,GL,test_062_0c9ea14e9507,af66fd8fb7365940ac5c1b9dc17d1039a43a9fd2a98560c7757a265c61778c70,3,True,physical_path,29.0,79.0,15783.605906607585,106278.37311108866,0.0,122061.97901769627,8759.740268093416,103402.11592169496,4136.842467171852,3464.670295077019,1355.1174523987627,943.4926132602471,44.026473254645545,1408.8838876323468,8264.906972836148,0.0005354163395077808,196.99196302041534,196.99249843675486,1544.0798602192444,6.189892388634043e-07,79.0,9.153584700409041e-07,0.011243743129663397,4136.831223428722,122061.97901769627,2.181848389663916,4.599021266602601,17.0,12.0,0.0,34.0,79.0,False,False,True,True,True,False,1.0,0
fixed_policy_information_responsiveness,IL_RD,IL,IL,RD,GL,test_063_44f0f2a191ef,9b047725f5e05c013bf644e7fe14234fc246265c97db48c08b1f430961820dbd,3,True,physical_path,29.0,79.0,14439.125907204021,100525.91968397798,0.0,114965.045591182,8001.227145378713,97881.64900590638,3920.106539120639,3046.0307316226176,1227.2179924613731,888.8141766922618,41.09767474907383,1252.658700686428,7789.753446569014,0.0004037163261707863,186.67133624179948,186.67173995812564,1451.3163528137247,5.882626035887276e-07,79.0,9.186386751590062e-07,0.008478042849586512,3920.098061077789,114965.045591182,2.0407708666672737,4.711664433280627,16.0,13.0,0.0,34.0,79.0,False,False,True,True,True,False,1.0,0
fixed_policy_information_responsiveness,IL_RD,IL,IL,RD,GL,test_064_27d69866b791,5f6b4edb7095f7ca58bdefc63fb823fc255df66a141464fcf1266546ab804d66,3,True,physical_path,29.0,79.0,14058.628104571559,90058.08595604954,0.0,104116.7140606211,7367.092654623026,88535.50958563159,3526.1069373176833,2594.5490728989002,1145.1513668457885,948.3044433041076,37.90040353584251,1098.202394725368,7185.839690896611,0.0003258752677028618,167.90952828271722,167.9098541579849,1396.7032590629976,5.598230495175396e-07,79.0,9.702711684469366e-07,0.006843380621760098,3526.100093937062,104116.7140606211,2.148729281623088,4.3304069999915855,17.0,12.0,0.0,34.0,79.0,False,False,True,True,True,False,1.0,0
fixed_policy_information_responsiveness,IL_RD,IL,IL,RD,GL,test_065_930038cc16e9,ed770af97447cc6ec3b990ca1ef9540e1f795247d7d2c7f6ca7de9b23418ba1a,3,True,physical_path,29.0,79.0,14710.947582718596,104102.57530586493,0.0,118813.52288858352,8109.005489401006,101417.91205992647,4065.7888519330913,3034.03409381265,1240.2288368825548,946.553556627763,41.477451953109984,1264.3679000830246,8038.785357454271,0.0003902854987642594,193.60860266369605,193.6089929491948,1474.4056978151311,7.211032637003408e-07,79.0,8.990432653090576e-07,0.008195995474049448,4065.780655937617,118813.52288858352,2.164277978155805,4.505196933246528,17.0,12.0,0.0,34.0,79.0,False,False,True,True,True,False,1.0,0
fixed_policy_information_responsiveness,IL_RD,IL,IL,RD,GL,test_066_28fb87ba4913,9b548ccc36e0f1fcf56118f1c4cd88441dc46405c6bb547e1dc04c4a67ae436a,3,True,physical_path,29.0,79.0,16607.079594327544,106228.10361664249,0.0,122835.18321097003,9348.03512090371,103122.23009561993,4118.001260002763,3874.150268589265,1432.5213462402899,940.2451196140682,46.63791444323905,1577.702196475507,8296.100864455604,0.0005966172980159569,196.09470147807167,196.0952980953697,1579.0555779353429,6.2185509053552e-07,79.0,9.459713977163462e-07,0.012528963258335094,4117.988731039505,122835.18321097002,2.2070820666769326,4.449162966726969,17.0,12.0,0.0,34.0,79.0,False,False,True,True,True,False,1.0,0
fixed_policy_information_responsiveness,IL_RD,IL,IL,RD,GL,test_067_4d46fa716471,b2be1c4651c379ec66a4cbbceabbb946a1f8949b548124874b8ecbdce94c77f3,3,True,physical_path,29.0,79.0,14726.681174399884,105381.62667852368,0.0,120108.30785292356,8276.219087279156,102346.5411452552,4112.514138109322,3173.3746342913314,1253.960106961651,945.6987410268879,42.530425399113675,1324.8409951072217,8065.855332777693,0.00040372932725323,195.8336028473071,195.83400657663435,1478.0346853679093,5.915463676517275e-07,79.0,9.732665928409807e-07,0.008478315872317831,4112.505659793449,120108.30785292356,2.1564587551843504,4.397907266548525,17.0,12.0,0.0,34.0,79.0,False,False,True,True,True,False,1.0,0
fixed_policy_information_responsiveness,IL_RD,IL,IL,RD,GL,test_068_93da1d4ae1ba,1e5fab7a4bc73a2c903c60a4ba54bd432fc478ccc1813a3002391fd1bcefe179,3,True,physical_path,29.0,79.0,16493.54925985207,108565.25647753924,0.0,125058.8057373913,9207.111987867562,105548.72831815714,4219.166392027458,3731.5767529777495,1411.29273774636,940.9295486150394,45.85184878956759,1526.6883996166334,8449.26035125811,0.0005753578439040733,200.91210997679696,200.91268533464086,1577.1689067914933,6.157601595773796e-07,79.0,9.71201350532535e-07,0.012082514721985542,4219.154309512735,125058.80573739133,2.178428613813594,4.579004033313443,17.0,12.0,0.0,34.0,79.0,False,False,True,True,True,False,1.0,0
fixed_policy_information_responsiveness,IL_RD,IL,IL,RD,GL,test_069_5b01ea54b2fa,ab74b72396ecc5ee23369a0401781e1eedea17a51518978cc28be65bd8c7c6de,3,True,physical_path,29.0,79.0,15769.70896305307,91722.55689192207,0.0,107492.26585497514,8401.42327313403,90044.84920951148,3567.9720737299085,3216.961951461031,1317.8521901306945,943.207157008042,41.93147125820894,1323.4214158548114,7446.35736742667,0.0004938727341627427,169.90293820964243,169.90343208237655,1504.3177953625948,4.566681600063171e-07,79.0,9.751145818798958e-07,0.010371327417417595,3567.9617024024906,107492.2658549752,2.1378503344931654,4.278729866724461,17.0,12.0,0.0,34.0,79.0,False,False,True,True,True,False,1.0,0
fixed_policy_information_responsiveness,IL_RD,IL,IL,RD,GL,test_070_0cd9bcac96c3,af1c089b1585069ce3aa8660e2ccbc7790157d41b7564bd42a816925e624afb1,3,True,physical_path,29.0,79.0,16394.727835967777,104301.93558530377,0.0,120696.66342127154,9165.739472276126,101387.51269558177,4047.0241583262273,3743.899618559039,1411.2793778829764,941.2080986453949,45.57436767117631,1514.6336285607595,8176.9564100509715,0.0005706454222416054,192.7148654653505,192.71543611077274,1570.0587870487216,5.325012857582829e-07,79.0,9.430902941844678e-07,0.011983553867073714,4047.0121747723606,120696.66342127154,2.1795776827560585,4.5523955000098795,17.0,12.0,0.0,34.0,79.0,False,False,True,True,True,False,1.0,0
fixed_policy_information_responsiveness,IL_RD,IL,IL,RD,GL,test_071_34f77888383f,9ea4b08354972ecc8e92b86fbc35f8c0031316e3afe68c72a63a6e70a1bbc8a8,3,True,physical_path,29.0,79.0,14052.087882990665,94972.29776689179,0.0,109024.38564988245,7532.849238006112,92921.8974101136,3718.4463273086944,2745.6191931472763,1157.565037566208,948.0084437405727,38.90922006807283,1145.2701915628227,7430.464297305644,0.00033300491764309007,177.06853972406782,177.06887272898544,1402.2004428403077,5.375694784209959e-07,79.0,9.905392617137437e-07,0.0069931032705048924,3718.439334205423,109024.38564988245,2.1442655436721383,4.417970266658813,17.0,12.0,0.0,34.0,79.0,False,False,True,True,True,False,1.0,0
fixed_policy_information_responsiveness,IL_RD,IL,IL,RD,GL,test_072_8e59fac0e6c8,a92a7392849d15eefcaf1837db77746f72e76c3458114a652198fbbac7696f85,3,True,physical_path,29.0,79.0,14969.317639326031,102029.43916245348,0.0,116998.75680177951,8308.639554243298,99317.91683375223,3979.2157498492875,3155.5529268300834,1253.368906458205,984.062830646432,42.071598814076914,1319.8341930189417,7912.420402725004,0.00038057346122172763,189.4860837050763,189.4864642785375,1484.9811896468175,5.732153804668872e-07,79.0,9.79511936742309e-07,0.00799204268565628,3979.2077578066023,116998.75680177954,2.1702916747141074,4.48929603335758,17.666666666666668,11.333333333333334,0.0,34.0,79.0,False,False,True,True,True,False,1.0,0
fixed_policy_information_responsiveness,IL_RD,IL,IL,RD,GL,test_073_69349232969b,2f362bb368dcdc730f872c8fef400b9c0f1ea176fcef502da962a890dc828cd3,3,True,physical_path,29.0,79.0,16106.676014180006,100025.75467849842,0.0,116132.43069267842,8861.59964729902,97483.63856704661,3884.34681501359,3583.420653644267,1377.37270884204,942.0523008328973,44.44940205295783,1452.3453631010555,7901.904737398015,0.0005759221999306288,184.96832003082815,184.9688959530281,1531.0538348321827,5.690495892860617e-07,79.0,9.692036570757034e-07,0.012094366198543205,3884.3347206473914,116132.43069267842,2.1886011931306584,4.623451633301253,17.0,12.0,0.0,34.0,79.0,False,False,True,True,True,False,1.0,0
fixed_policy_information_responsiveness,IL_RD,IL,IL,RD,GL,test_074_212affc962e2,5e264f6232f1c29e769f71e598177184ad84a0bf9ff8df6be008bd7148f26ae7,3,True,physical_path,29.0,79.0,16035.076343847848,98482.58322622064,0.0,114517.65957006851,8806.533367909395,96034.38242295582,3822.4013756446398,3544.98676535626,1366.6438457365123,942.7117924658672,44.449541208488135,1455.9959529316711,7818.518273427664,0.0005661628703389956,182.01854696306486,182.0191131259352,1525.8940503288338,5.775262060975826e-07,79.0,9.417599602687996e-07,0.011889420277118909,3822.389486224362,114517.65957006847,2.0456052218381875,4.251615533372387,17.0,12.0,0.0,34.0,79.0,False,False,True,True,True,False,1.0,0
fixed_policy_information_responsiveness,IL_RD,IL,IL,RD,GL,test_075_8de4e41c7ad9,166abe46fe8875dd98f46b7b2978bf6ca11460aaf2ee4dda761e02f6149bab0d,3,True,physical_path,29.0,79.0,14879.914071323337,93390.66477219101,0.0,108270.57884351433,8014.383403605428,91393.26183696778,3641.917310488732,3036.7231301839215,1239.0816885510067,945.2114737174876,40.66628127871181,1248.9338511144467,7414.735939175761,0.0004131553141325597,173.42422067748262,173.42463383279676,1443.2329711875652,5.092316143218504e-07,79.0,9.799905483181917e-07,0.008676261596783754,3641.908634227135,108270.57884351436,2.155413149433189,4.513077600083004,17.0,12.0,0.0,34.0,79.0,False,False,True,True,True,False,1.0,0
fixed_policy_information_responsiveness,IL_RD,IL,IL,RD,GL,test_076_48339f21c8ec,387a6bfe5e45be691df244ec9fae6a75828f663e05409a99728fee303e05e519,3,True,physical_path,29.0,79.0,16717.28515216093,107094.48518809129,0.0,123811.77034025222,9341.612868427006,104118.63355021078,4153.777686193363,3819.232935453287,1438.1291051608914,940.3841948068997,46.38532526569989,1558.599741653042,8392.910601934173,0.0006100774007404562,197.7983273603784,197.79893743777916,1594.8128158351449,6.412967388218188e-07,79.0,9.531488503990532e-07,0.012811625415549581,4153.764874567947,123811.77034025222,2.5074998528734063,6.392847266669075,17.0,12.0,0.0,34.0,79.0,False,False,True,True,True,False,1.0,0
fixed_policy_information_responsiveness,IL_RD,IL,IL,RD,GL,test_077_b1f2e84dc844,327faba7b538b224eb0dff4c274be7b98e160c294f315741e33a3e501ab91753,3,True,physical_path,29.0,79.0,16181.274574006473,95213.13734893671,0.0,111394.41192294318,8706.975952952489,93235.28281402313,3697.7672302571955,3461.2867509389757,1351.890386665549,941.208788105832,43.628007032133894,1424.0146079461156,7661.151600520042,0.0005183720435893187,176.0836354497276,176.08415382177122,1514.978294766867,5.949836789582873e-07,79.0,9.771071978615868e-07,0.010885812915375694,3697.7563444442803,111394.41192294314,2.4761819103491844,6.129762966729079,17.0,12.0,0.0,34.0,79.0,False,False,True,True,True,False,1.0,0
fixed_policy_information_responsiveness,IL_RD,IL,IL,RD,GL,test_078_367d379a9297,f9d9eb992e504e9775b1d536a7a14d78c484ed66383cb9fe11fbb7eaa3b15364,3,True,physical_path,29.0,79.0,16114.49709558319,96826.77734054644,0.0,112941.27443612962,8635.56620426709,94896.44516911886,3766.3756686492725,3376.9711793942747,1324.8913624005006,941.02485229963,42.969083242124725,1393.1159973975257,7768.6948524827685,0.00045061187057144443,179.35077170476143,179.35122231663203,1514.9430501582174,5.719464285152192e-07,79.0,9.455531765553703e-07,0.009462849282000333,3766.3662057999904,112941.27443612962,2.4807356379219683,6.061687766651933,17.0,12.0,0.0,34.0,79.0,False,False,True,True,True,False,1.0,0
fixed_policy_information_responsiveness,IL_RD,IL,IL,RD,GL,test_079_bce06ca59758,354b6f6d5badf8b78b4e947bce85d66a812832394cae0b2d8d8905466cdff072,3,True,physical_path,29.0,79.0,13851.029757598482,93585.05543963226,0.0,107436.08519723073,7371.618017500829,91626.88073981217,3664.0837561209264,2631.5664136373616,1133.5196270733943,1008.4166430860578,38.09882235550278,1103.6050523931974,7348.076953106175,0.00031362590698505487,174.4798652369943,174.48017886290128,1400.9544575787397,6.13310512637722e-07,79.0,9.53042728364687e-07,0.006586144046686153,3664.0771699768798,107436.08519723074,2.4699450976953936,6.25546126657476,18.0,11.0,0.0,34.0,79.0,False,False,True,True,True,False,1.0,0
fixed_policy_information_responsiveness,IL_RD,IL,IL,RD,GL,test_080_e669407a98d7,121d71da3287fd0210c7b9434b794a18b7c744d477b29a53f3d620911cf9f336,3,True,physical_path,29.0,79.0,16082.868741963219,106153.47583442212,0.0,122236.34457638534,8907.722014644654,103240.63042967005,4131.299318530541,3625.173240476101,1388.6681197292219,942.8514533347987,44.66086156013443,1448.6167215047979,8257.174204224648,0.0006084705231566052,196.72793050712167,196.7285389776448,1552.8725971654585,5.245800406348615e-07,79.0,9.682435410584452e-07,0.012777880986288709,4131.286540649555,122236.34457638538,2.387041679323897,5.13602209999226,17.0,12.0,0.0,34.0,79.0,False,False,True,True,True,False,1.0,0
fixed_policy_information_responsiveness,IL_RD,IL,IL,RD,GL,test_081_fbbd80304765,0b82e11f5cd1fea6f347b45e70d47396c0c136e422733b8ac33c145a65f3ca6e,3,True,physical_path,29.0,79.0,14316.229208418792,104895.67033120373,0.0,119211.89953962252,7926.983164227936,102066.23374257743,4101.238121085468,2958.7616011480586,1210.6577024970104,948.0252080865984,40.808783171082894,1220.4988751054782,8036.232741716631,0.000371580710966198,195.29668180431133,195.2970533850223,1461.1173780901493,6.471689714920669e-07,79.0,9.840913149071556e-07,0.007803194930290158,4101.230317890539,119211.8995396225,2.112032719537209,4.369554966610546,17.0,12.0,0.0,34.0,79.0,False,False,True,True,True,False,1.0,0
fixed_policy_information_responsiveness,IL_RD,IL,IL,RD,GL,test_082_2cf496ac3a99,2a7046d4a4e1fe03445d9dae89497a78aa0ff11fe474d9f7fdbf7d09c4f5ff24,3,True,physical_path,29.0,79.0,16500.37190461246,103009.18005126093,0.0,119509.55195587338,9038.295260629626,100475.41941941569,4002.1694583212598,3650.5230810396315,1402.3458116671034,940.7989248000689,44.77329836785935,1473.7491482238026,8145.261969999035,0.0005846894333289566,190.57891332586476,190.57949801529813,1562.4612746251753,5.072207263061782e-07,79.0,9.563830442121688e-07,0.012278478099908086,4002.157179843161,119509.55195587338,2.134043913794917,4.374162133239831,17.0,12.0,0.0,34.0,79.0,False,False,True,True,True,False,1.0,0
fixed_policy_information_responsiveness,IL_RD,IL,IL,RD,GL,test_083_4cbdde5f376f,21703e1831e6b1210ccf39ad402121126a8f354e5dd13cff5081d7a07b4a2274,3,True,physical_path,29.0,79.0,15968.918538510568,98073.3024963952,0.0,114042.22103490577,8612.454637940999,95929.35497659033,3817.284108522224,3384.0874895045254,1355.7816592677655,943.2581630799382,42.92542381404693,1363.789028726995,7816.074437753764,0.0005577147522832598,181.77487602440124,181.77543373915353,1524.4784313463306,5.276611339514419e-07,79.0,9.749396801400314e-07,0.011712009797948454,3817.272396512426,114042.22103490577,2.117075786208627,4.524179266610493,17.0,12.0,0.0,34.0,79.0,False,False,True,True,True,False,1.0,0
fixed_policy_information_responsiveness,IL_RD,IL,IL,RD,GL,test_084_513eb18f351c,341db6669dc186ed38f4ff6debc2545e4eb1d075fadf4fe32c2aabeb61a2d25b,3,True,physical_path,29.0,79.0,15833.85481501962,100974.29745022704,0.0,116808.15226524668,8650.248118994135,98524.64521533146,3929.9386513082122,3430.638152977015,1349.118983927753,923.5631427081272,43.41639203136609,1388.5814657371418,7957.257318955254,0.0005459385007448215,187.13938983808077,187.13993577658152,1522.7728102240173,5.628428422094176e-07,79.0,9.689105273562588e-07,0.01146470851564125,3929.927186599696,116808.15226524668,2.129903385059737,4.340281599977364,16.666666666666668,12.333333333333334,0.0,34.0,79.0,False,False,True,True,True,False,1.0,0
fixed_policy_information_responsiveness,IL_RD,IL,IL,RD,GL,test_085_650c50514b66,e94f854176fa26c2ed212d69844def725d10578665dd847cab94c351dbec1cda,3,True,physical_path,29.0,79.0,17243.418048934433,101422.4614526524,0.0,118665.87950158684,9376.554984658398,99077.767607335,3930.385397247335,3887.439076436931,1455.5312561375856,938.2011797715844,46.067686551041305,1566.426021576787,8120.705652266217,0.0006450556276750326,187.16056433710256,187.16120939273023,1586.0362455471793,5.578265276337679e-07,79.0,9.783744030754073e-07,0.013546168181175683,3930.3718510791537,118665.87950158682,2.194584540238647,4.618843800000225,17.0,12.0,0.0,34.0,79.0,False,False,True,True,True,False,1.0,0
fixed_policy_information_responsiveness,IL_RD,IL,IL,RD,GL,test_086_754dc8e1ab0e,ea444f07bd4f0035c9bf3a885f359d285cd12879a434942844a860db87947cd3,3,True,physical_path,29.0,79.0,16643.574421472393,106526.02932663268,0.0,123169.60374810507,9196.889867060936,103692.54005895216,4139.967231144907,3753.774284521775,1407.5461488585906,978.8861575666966,45.605565396219866,1529.9866625977968,8340.103134071634,0.0005651748061355107,197.14073154637993,197.14129672118602,1573.211477868883,6.67772503439522e-07,79.0,9.55822237386686e-07,0.011868670928845722,4139.955362473978,123169.60374810506,2.2112079643371416,4.564706199957679,17.666666666666668,11.333333333333334,0.0,34.0,79.0,False,False,True,True,True,False,1.0,0
fixed_policy_information_responsiveness,IL_RD,IL,IL,RD,GL,test_087_cbc79ee243dd,691486e3c17626ca20c775eaa69679e041e484b6d253bf1a67a4cf50a423fb8c,3,True,physical_path,29.0,79.0,15313.188361849849,107892.60801962654,0.0,123205.79638147641,8669.071708262672,104630.85263785622,4201.078179151352,3439.973813315595,1320.7204001886462,944.0996427019287,44.228472107127175,1417.5009097776226,8265.823469398585,0.0004927305374912981,200.05084913381265,200.05134186435012,1518.708811052002,6.158767291232981e-07,79.0,9.736955730253185e-07,0.010347341287317258,4201.0678318100645,123205.79638147644,2.1992323689548106,4.620755333220586,17.0,12.0,0.0,34.0,79.0,False,False,True,True,True,False,1.0,0
fixed_policy_information_responsiveness,IL_RD,IL,IL,RD,GT,test_000_4ae657b9eeec,75ed41740f0c0ea197ff0f6944b61b9920fa00e925068801312b85d79b461d66,3,True,physical_path,29.0,79.0,16356.586346370876,102068.74972031247,0.0,118425.33606668333,8931.222956818283,99611.60007240606,3969.921477387213,3585.027915352231,1386.3382795628738,941.2253651567103,44.3589633548009,1450.9735348146203,8068.119058956831,0.0005672493775507049,189.04331262620406,189.0438798755816,1552.3289947584383,5.298783019968251e-07,79.0,9.725936262944913e-07,0.011912236928564801,3969.909565150285,118425.33606668336,2.1692054390762774,4.380020799969013,17.0,12.0,0.0,34.0,79.0,False,False,True,True,True,False,1.0,0
fixed_policy_information_responsiveness,IL_RD,IL,IL,RD,GT,test_001_dde9993de777,b808f465cc0e3fe36a03bec0642f5929d80ca792c9eab50b8a5f7d736e2b2a4a,3,True,physical_path,29.0,79.0,15052.239634435335,107469.33119178865,0.0,122521.57082622398,8331.141187134703,104533.23161414721,4195.383918430088,3237.3544344674942,1279.1103235137589,945.3493485307059,42.47613242441571,1315.9334639951892,8249.672174591069,0.0004518940556117194,199.7797346978533,199.78018659190892,1498.3719330671174,6.886326919563782e-07,79.0,9.559430388493624e-07,0.009489775167846106,4195.374428654919,122521.57082622395,2.1729269977016696,4.58322113325509,17.0,12.0,0.0,34.0,79.0,False,False,True,True,True,False,1.0,0
fixed_policy_information_responsiveness,IL_RD,IL,IL,RD,GT,test_002_f01217ab0e79,24aabe5c62e36a790e477ed18aff5dac1142b7af1d1d88af275176c9d7ea1387,3,True,physical_path,29.0,79.0,15822.678692695721,91751.91270262706,0.0,107574.59139532277,8334.98392019352,90202.86271439726,3573.9538243956936,3205.239173267639,1314.4867549303497,943.0650081383338,41.471994119700966,1301.9416493469453,7455.707475959863,0.0004988375370637191,170.1877785146388,170.18827735217587,1494.179778728936,4.552289079511372e-07,79.0,9.766922610556737e-07,0.010475588278338098,3573.943348807415,107574.5913953228,2.178814908053362,4.281213266697402,17.0,12.0,0.0,34.0,79.0,False,False,True,True,True,False,1.0,0
fixed_policy_information_responsiveness,IL_RD,IL,IL,RD,GT,test_003_eb3106001035,0fccfaeb1ade372557c677b5e07cb40e189af0a7e2bbdb2c2978a5d58d41fc2d,3,True,physical_path,29.0,79.0,15715.214689754195,101121.27020518668,0.0,116836.48489494088,8601.112331805825,98606.3767025604,3936.181463419713,3406.29361527306,1342.7577871632002,943.7629947186806,43.331106718633556,1378.7887393407007,7953.3183688553645,0.0005377575031364329,187.43667478629274,187.43721254379588,1521.5627764489318,5.426188213226653e-07,79.0,9.692519361606683e-07,0.011292907565865094,3936.1701705121473,116836.48489494088,2.1749265977079797,4.571979333258544,17.0,12.0,0.0,34.0,79.0,False,False,True,True,True,False,1.0,0
fixed_policy_information_responsiveness,IL_RD,IL,IL,RD,GT,test_004_55a330aff5c4,9a4b0569bbc20b830eb1ee3bb7731626cfbae3f9f8cf1cf45343c7ba4ed58e52,3,True,physical_path,29.0,79.0,15924.416319563215,93312.48376539523,0.0,109236.90008495846,8490.938674777735,91590.2416267736,3629.155094924446,3261.568987469726,1322.7006969675597,942.2950040453801,42.330062501642,1348.3803192295925,7555.800649648845,0.0004887964242420411,172.81642048569225,172.8169092821165,1505.6211127771828,5.02884743156457e-07,79.0,9.642661107193666e-07,0.010264724909082864,3629.144830199537,109236.90008495843,2.147898381613409,4.561517733304451,17.0,12.0,0.0,34.0,79.0,False,False,True,True,True,False,1.0,0
fixed_policy_information_responsiveness,IL_RD,IL,IL,RD,GT,test_005_981c73a17708,bd46abfec5f078f3c0b19ad420f7d1eec7f2f95d2b406a00ba59ae9d93fc20a4,3,True,physical_path,29.0,79.0,15242.54970099288,100050.63015668897,0.0,115293.17985768185,8314.951621879592,97705.6423014768,3901.640393515239,3153.4104587737543,1273.2673559418502,944.267726094614,42.05256125619197,1315.5972331148196,7863.628845534588,0.00041805353359639633,185.79198163766821,185.7923996912018,1498.1503315319442,5.462719639730382e-07,79.0,9.967023904471382e-07,0.008779124205524324,3901.6316143910335,115293.17985768185,2.1521864574691603,4.3566241667140275,17.0,12.0,0.0,34.0,79.0,False,False,True,True,True,False,1.0,0
fixed_policy_information_responsiveness,IL_RD,IL,IL,RD,GT,test_006_daba4b1e9814,75d8e3ad38430229f3cdc728b83652efff820d1f0dd36a5cd061b247917ecdf8,3,True,physical_path,29.0,79.0,15831.205528877837,97947.6404862979,0.0,113778.84601517575,8512.768372242796,95867.21896045917,3814.6909363226337,3316.9247633795712,1324.6275346978027,942.615448073779,42.748967211932154,1362.2243411575066,7796.966819998146,0.0004892638375023228,181.65146008485934,181.65194934869683,1507.2626348378271,6.447445862335583e-07,79.0,9.381824155864957e-07,0.01027454058754878,3814.680661782046,113778.84601517575,2.147055955183553,4.487164633348584,17.0,12.0,0.0,34.0,79.0,False,False,True,True,True,False,1.0,0
fixed_policy_information_responsiveness,IL_RD,IL,IL,RD,GT,test_007_925513ee8ec6,957d3dac7377db030d8efcc559a3fc404ec47b9f9427c91498d013d77b53a266,3,True,physical_path,29.0,79.0,18607.72802804738,97212.67607081686,0.0,115820.40409886424,9917.484630352783,95405.62736644625,3753.4763912796843,4241.807494128748,1567.473406643101,934.5348100136702,47.87034962438915,1695.9553900918606,8033.335238075478,0.0008431761175358089,178.73612783720077,178.7369710133183,1645.8610485819072,5.199429525229418e-07,79.0,9.8731684527615e-07,0.017706698468251986,3753.458684581216,115820.40409886422,2.177420047122514,4.4031014333013445,17.0,12.0,0.0,34.0,79.0,False,False,True,True,True,False,1.0,0
fixed_policy_information_responsiveness,IL_RD,IL,IL,RD,GT,test_008_fabe46a0ea00,0996fbf8c5be056e9a791faf37c1568c2dc3325672b618fb6690495c48960310,3,True,physical_path,29.0,79.0,14759.485530314805,93139.18605409026,0.0,107898.67158440506,7831.012842764281,91381.36530038423,3639.0569397576546,2872.7837424547483,1227.8333542591092,946.6194047850477,39.77143113734717,1191.0614389032937,7429.306022543934,0.0004061105898070777,173.28801959215562,173.28842570274546,1449.4836849663668,5.504486850906224e-07,79.0,9.577942504804691e-07,0.008528322385948632,3639.048411435268,107898.67158440508,2.1329167735463157,4.459121233240391,17.0,12.0,0.0,34.0,79.0,False,False,True,True,True,False,1.0,0
fixed_policy_information_responsiveness,IL_RD,IL,IL,RD,GT,test_009_c8ef87e47101,03ce056d9504b5b9251870ba36fce4267bfe22fa89f4bd0577a9954153b78ab2,3,True,physical_path,29.0,79.0,14634.213786440103,105631.56239296152,0.0,120265.77617940163,8256.844251446586,102537.94506224892,4118.147231846157,3161.597241889251,1245.5567810245711,945.6856109461504,42.64748537142494,1329.4098522978204,8084.909810442549,0.00039294210340322686,196.10185619342792,196.10224913553134,1473.3880222565465,6.675044567028634e-07,79.0,9.493587786640098e-07,0.008251784171467763,4118.138980061986,120265.77617940163,2.1455998298840533,4.69770266666698,17.0,12.0,0.0,34.0,79.0,False,False,True,True,True,False,1.0,0
fixed_policy_information_responsiveness,IL_RD,IL,IL,RD,GT,test_010_613ab99db82c,8253022823d5a215e2583b996ae67139d72d8adc75a9ea76d7291e805e31f0a2,3,True,physical_path,29.0,79.0,14358.928489451055,90951.30111960943,0.0,105310.22960906047,7642.331306587308,89209.53645438842,3553.35084171881,2726.776966719976,1171.436345986641,1006.7976936593117,38.85590091835325,1159.7489586774757,7262.742894486842,0.0003303276961412589,169.20685261129483,169.20718293899097,1426.9594465462585,5.25893154447e-07,79.0,9.930769083877814e-07,0.006936881618966439,3553.3439048371915,105310.2296090605,2.1345582907917726,4.2565626000675065,18.0,11.0,0.0,34.0,79.0,False,False,True,True,True,False,1.0,0
fixed_policy_information_responsiveness,IL_RD,IL,IL,RD,GT,test_011_8a2e74b38d5d,b824165b944fb1d86e7d4136e62bf979a2d34ce44df3cdf01e75a763724ca312,3,True,physical_path,29.0,79.0,15851.240495381158,113037.00318264031,0.0,128888.24367802148,9058.198826609729,109432.5684244812,4395.425397528355,3698.448862984862,1380.443586406448,923.1585800108846,45.714510761459586,1499.4920671824002,8618.151176010231,0.0005652606904111274,209.3054060501836,209.305971310874,1559.0230214175788,6.66641310519903e-07,79.0,9.576869056443301e-07,0.011870474498633675,4395.413527053856,128888.24367802148,2.195724516087372,4.73730493336916,16.666666666666668,12.333333333333334,0.0,34.0,79.0,False,False,True,True,True,False,1.0,0
fixed_policy_information_responsiveness,IL_RD,IL,IL,RD,GT,test_012_b6bdc05b20a7,edeec4d1f91f6f1c3ba0da1aaf276e2980c22cd017c9d346001dbdbeef6561d5,3,True,physical_path,29.0,79.0,16190.83215660016,104812.9005201978,0.0,121003.73267679795,8951.61467074357,102083.56200030602,4074.8932519432074,3570.5505516551343,1381.3662645288434,941.7459376211527,44.70224084714559,1459.5831361953278,8225.910739359906,0.0005545954589357679,194.04198121136048,194.0425358068194,1563.741693583692,5.595206640918233e-07,79.0,9.794593708109937e-07,0.011646504637651127,4074.8816054385697,121003.73267679794,2.201288027584489,4.780778300094728,17.0,12.0,0.0,34.0,79.0,False,False,True,True,True,False,1.0,0
fixed_policy_information_responsiveness,IL_RD,IL,IL,RD,GT,test_013_040653995d85,2a3f86788826a75d0de1d4e0c5a0a4ad5dd4e8f1e00bcf6e5fda30c62147be3e,3,True,physical_path,29.0,79.0,14507.201067492855,87557.5538503168,0.0,102064.75491780967,7654.85620512117,86103.12699187356,3417.1494839123793,2766.0012500077537,1177.9600693309274,945.6609175638642,39.16420398933531,1182.0967242649897,7073.58747087334,0.00034218065084391813,162.72106181517677,162.72140399582761,1407.6014748911675,5.096221887074281e-07,79.0,9.493051372502571e-07,0.0071857936677222805,3417.142298118712,102064.75491780964,2.1328363758458315,4.5172850998739404,17.0,12.0,0.0,34.0,79.0,False,False,True,True,True,False,1.0,0
fixed_policy_information_responsiveness,IL_RD,IL,IL,RD,GT,test_014_f00647451070,7ad601c322ea2fcf691d98774905f79d0c6933a53f28eeac922ceab084665ca3,3,True,physical_path,29.0,79.0,14752.422938157006,91870.05762920885,0.0,106622.48056736588,7863.914553638578,90105.64483324764,3584.0577238717415,2915.063932051995,1227.4560954402566,926.3434291156855,40.01304623413872,1209.4754822377688,7346.709860550459,0.00041351232387951625,170.66900191014,170.66941542246389,1440.7806124623396,5.344790753080323e-07,79.0,9.79639562161001e-07,0.008683758801469842,3584.0490401129405,106622.48056736588,2.2312982896685427,4.961151299998164,16.666666666666668,12.333333333333334,0.0,34.0,79.0,False,False,True,True,True,False,1.0,0
fixed_policy_information_responsiveness,IL_RD,IL,IL,RD,GT,test_015_643a837775f9,0bdb5da5c9f39a1f5f16016cd38cb9bd2d3650ade00801bf72abf1b5c1ef2fe9,3,True,physical_path,29.0,79.0,18585.96526946749,108806.63928875698,0.0,127392.60455822448,10308.866748467417,105802.14643094584,4202.783708756341,4524.803699780029,1618.5708980873203,935.4330721875216,49.88897863195527,1786.7267433990855,8651.46871675928,0.0009648179521106578,200.13159274187367,200.1325575598258,1686.0849518649227,5.710645720749796e-07,79.0,9.582203883925706e-07,0.020261176994323813,4202.7634475793475,127392.60455822446,2.4733415781573833,5.02624723330761,17.0,12.0,0.0,34.0,79.0,False,False,True,True,True,False,1.0,0
fixed_policy_information_responsiveness,IL_RD,IL,IL,RD,GT,test_016_45a90ccef8bd,5d3ce39b508a4ccb3e9dcf8f61989ac456296e3755e7ad04d31e21895bc1ec7a,3,True,physical_path,29.0,79.0,16057.393141753613,108812.5393130341,0.0,124869.9324547877,9107.116473328984,105480.24009136391,4225.575771644293,3718.311833227944,1396.6275259748493,942.0607592477254,45.71316706515816,1507.5728846837458,8401.143631467905,0.0005821720460317594,201.21731171577744,201.21789388782346,1565.4869371418472,5.688559499606443e-07,79.0,9.578309572347216e-07,0.012225612966666946,4225.563546031326,124869.93245478772,2.491335308050801,4.961995899987717,17.0,12.0,0.0,34.0,79.0,False,False,True,True,True,False,1.0,0
fixed_policy_information_responsiveness,IL_RD,IL,IL,RD,GT,test_017_ebd333a3cdba,a3c85008563f8c8c015d326ebf96d911a84dfa810c1806a6610330bd74827e2b,3,True,physical_path,29.0,79.0,16198.604484840733,98926.86738032613,0.0,115125.47186516685,8755.212052296076,96775.2339400859,3848.879364633618,3449.2922768193444,1355.2159415880892,941.6382897438334,43.71685449782135,1421.446453666588,7879.55137084096,0.0005071191658249035,183.27946262529215,183.279969744458,1530.5927215593285,6.222676096037067e-07,79.0,9.066888217600336e-07,0.010649502482322973,3848.8687151311365,115125.47186516687,2.436781714932629,4.6799794000107795,17.0,12.0,0.0,34.0,79.0,False,False,True,True,True,False,1.0,0
fixed_policy_information_responsiveness,IL_RD,IL,IL,RD,GT,test_018_9466cee538c9,86253eb5a2d091cc16d1f9a3a320e171c30977628d47b9c2faefafd18ea0aa0d,3,True,physical_path,29.0,79.0,16597.479415141042,99144.5715510084,0.0,115742.05096614944,9061.805557844946,96729.06690673316,3846.694778685558,3689.7931345139564,1414.3776947144004,1000.3128936574734,44.80945276316293,1483.1917770625416,7915.5422741727225,0.000623314077113339,183.17531852809233,183.17594184216944,1564.4870995236315,5.135664108747707e-07,79.0,9.846058110913913e-07,0.013089595619380117,3846.6816890899386,115742.05096614949,2.468420396540207,4.969818666654949,18.0,11.0,0.0,34.0,79.0,False,False,True,True,True,False,1.0,0
fixed_policy_information_responsiveness,IL_RD,IL,IL,RD,GT,test_019_9d2b7462a57a,e3686a781bf5d9cc8a1a95f6cfee4adb410e97762f9815f7f575cd1c7c688f06,3,True,physical_path,29.0,79.0,17454.603570208386,98569.8409007566,0.0,116024.444470965,9509.028432806546,96275.73854567674,3808.88399932483,4008.2127664771797,1485.2989980215923,937.2817286580957,46.92699453861766,1619.2633610776709,7972.575995814139,0.0007158856560855253,181.37471265362151,181.37542853927758,1592.8915243773793,5.765457790616433e-07,79.0,9.654017039326166e-07,0.015033598777796031,3808.8689657260516,116024.444470965,2.4655617264329575,5.178861833332728,17.0,12.0,0.0,34.0,79.0,False,False,True,True,True,False,1.0,0
fixed_policy_information_responsiveness,IL_RD,IL,IL,RD,GT,test_020_701c8d28bc45,64a6b03bce01c1a89c724a633f63003ecd11109f06a7e37ec1b0cd196da48626,3,True,physical_path,29.0,79.0,16313.642678578593,104776.36707515518,0.0,121090.00975373377,9100.722033635195,101857.82135574264,4068.612550977912,3713.9980627042637,1407.4569884462962,941.3987622274741,45.42170315884703,1502.8247623745604,8198.905045930753,0.0006005053555973272,193.7428543031164,193.74345480847205,1563.2199220275506,5.049425960696675e-07,79.0,9.65839790907365e-07,0.012610612467543872,4068.5999403654446,121090.00975373377,2.49257207585595,5.0385141666047275,17.0,12.0,0.0,34.0,79.0,False,False,True,True,True,False,1.0,0
fixed_policy_information_responsiveness,IL_RD,IL,IL,RD,GT,test_021_69299bc5d0bf,6e755751a4e65a356d16122e1fe19db7f245d1323155a143f838c95d128bde6f,3,True,physical_path,29.0,79.0,15941.360549897503,94652.16540728493,0.0,110593.52595718244,8463.404979427607,92898.65710284402,3686.3256100699587,3277.456090874888,1325.2330289309782,942.4491450349796,42.18343037944783,1338.9098652519342,7631.402870348788,0.0004975238844707937,175.53881724135167,175.53931476523613,1506.394288378997,5.449252491813871e-07,79.0,9.906145591466507e-07,0.010448001573886668,3686.3151620683857,110593.52595718244,2.455995647116275,5.0801082332618535,17.0,12.0,0.0,34.0,79.0,False,False,True,True,True,False,1.0,0
fixed_policy_information_responsiveness,IL_RD,IL,IL,RD,GT,test_022_1b3e72c80b5f,206d3dd2f49133cdef746f58bc516b176cdbc2a51f7ebbbc523df6455ae5b53c,3,True,physical_path,29.0,79.0,16458.583346241394,92659.81056183182,0.0,109118.39390807324,8696.63111568661,91089.33657862274,3599.704849870257,3421.045036707066,1370.6296900463894,941.0466371401875,42.979988737382605,1389.4412828841707,7586.353690876001,0.0005543786965160504,171.41396228179192,171.41451666048843,1536.4430873859967,5.025131748989386e-07,79.0,9.949921242185447e-07,0.011641952626837057,3599.693207917631,109118.39390807324,2.4627010482657785,5.161244600002344,17.0,12.0,0.0,34.0,79.0,False,False,True,True,True,False,1.0,0
fixed_policy_information_responsiveness,IL_RD,IL,IL,RD,GT,test_023_90a8af416c5a,6f307309d3320cf90229ccbd42690532f83de1f86a41507c5e6229792230343f,3,True,physical_path,29.0,79.0,17023.01008157768,100826.47527250291,0.0,117849.48535408058,9364.550154861643,98247.02512977377,3903.760194664296,3934.690984943072,1459.4601806864332,939.9987091514167,46.76279855189338,1597.5339942957155,8033.120068852899,0.0006962703937474401,185.89264633266794,185.89334260306168,1577.3215530248426,6.433195175050996e-07,79.0,9.699779649159595e-07,0.01462167826869624,3903.7455729860267,117849.48535408062,2.315051013775084,4.5396998666692525,17.0,12.0,0.0,34.0,79.0,False,False,True,True,True,False,1.0,0
fixed_policy_information_responsiveness,IL_RD,IL,IL,RD,GT,test_024_e90f261f99e2,a2217a451505b72ecffb15b706f82fa13dd02e5246239352e71c874c3e2b909b,3,True,physical_path,29.0,79.0,15383.407983502004,103654.48486456404,0.0,119037.89284806605,8610.609428566228,100746.23324359143,4034.34620224565,3386.276126392155,1316.4697532147325,943.9580940558826,43.61753770270292,1393.2421223162794,8041.348680971224,0.00046728061528967163,192.11125663584426,192.1117239164595,1513.6706040726276,5.702699381677764e-07,79.0,9.443351167007702e-07,0.009812892921083104,4034.336389352729,119037.89284806605,2.421083774693289,4.902381533291191,17.0,12.0,0.0,34.0,79.0,False,False,True,True,True,False,1.0,0
fixed_policy_information_responsiveness,IL_RD,IL,IL,RD,GT,test_025_0c3eeaae0824,481de4be35a821cd093f24ffad7eca6efe30e96f4cd9848aff621fcb70d542fd,3,True,physical_path,29.0,79.0,15586.094258775922,102876.2408617243,0.0,118462.33512050023,8486.118127195283,100425.97244587103,4007.667474503672,3290.7427214611344,1308.4637773616005,943.3705741075273,42.858551227970736,1351.6158314228912,8077.731791778606,0.0004847468450370877,190.84082356285361,190.84130830969863,1522.0777086485914,6.851997063096252e-07,79.0,9.50166766502538e-07,0.010179683745778842,4007.657294819926,118462.33512050023,2.421453672415716,5.123219666692118,17.0,12.0,0.0,34.0,79.0,False,False,True,True,True,False,1.0,0
fixed_policy_information_responsiveness,IL_RD,IL,IL,RD,GT,test_026_770d47ae1768,0f2bea7027db9d8baf45b68efc718379be3d8148c45feaa470d4d0623fef3f41,3,True,physical_path,29.0,79.0,15168.650201222443,111997.00686977024,0.0,127165.65707099267,8603.634280375543,108510.18799451849,4366.247408038881,3437.2530739934423,1303.1349476410214,945.1993664253006,43.69819749916926,1387.7721277704566,8487.506830502505,0.0004646631742676378,207.9160785767725,207.91654323994672,1511.928685837406,7.149817025570863e-07,79.0,8.958893061876628e-07,0.009757926659620393,4366.237650112222,127165.65707099269,2.4060287114805488,5.101533133226137,17.0,12.0,0.0,34.0,79.0,False,False,True,True,True,False,1.0,0
fixed_policy_information_responsiveness,IL_RD,IL,IL,RD,GT,test_027_df5d670513fa,81fd0061cbc1e7018bd5b9eb1239ce1515bc6cbada40b12f82000eb260b5e055,3,True,physical_path,29.0,79.0,16148.521536305803,95658.9026128644,0.0,111807.42414917021,8608.481788569521,93823.83609532955,3721.8420368306365,3363.840649039312,1347.5378939730074,941.8856854282161,42.74757170402953,1369.2607400205763,7717.137812872592,0.0005297352230003022,177.23004344718825,177.23057318241126,1525.5246073304606,4.912057197514604e-07,79.0,9.362466804949796e-07,0.011124439683006346,3721.8309123909535,111807.42414917023,2.4211386218479696,5.01971373334527,17.0,12.0,0.0,34.0,79.0,False,False,True,True,True,False,1.0,0
fixed_policy_information_responsiveness,IL_RD,IL,IL,RD,GT,test_028_e9fb02365dd3,5d802ed0aa2ed1e79c8a0eb81c45c7d2acaad5c313db1e25b12244cb5da1a3f1,3,True,physical_path,29.0,79.0,14884.889830580812,93730.0725530084,0.0,108614.96238358924,7910.866770311538,91915.54135524815,3659.9091913239427,2945.729397952999,1236.9308422388322,945.984826513771,39.927257306178866,1203.069747113854,7469.594455526055,0.00041478945542194635,174.28097527358946,174.28139006304488,1448.8750944369874,4.967152879745473e-07,79.0,9.688369864417822e-07,0.008710578563860875,3659.9004807453784,108614.96238358924,2.3665551402172524,5.077635133328537,17.0,12.0,0.0,34.0,79.0,False,False,True,True,True,False,1.0,0
fixed_policy_information_responsiveness,IL_RD,IL,IL,RD,GT,test_029_b44f60718c5a,864fc5477a80617dcd1dfd105218334b6714ff3283b58095987765279672cc93,3,True,physical_path,29.0,79.0,14563.715809402076,100045.52442821865,0.0,114609.2402376207,8003.918472697528,97485.69846522763,3906.231590609898,2986.724931617102,1220.222810635385,1006.4439668331473,40.74630798418124,1239.9515811580943,7775.651906873783,0.0003796483793713149,186.0106484759015,186.01102812428087,1464.0424591354288,5.89955607450512e-07,79.0,9.667376940588859e-07,0.007972615966797611,3906.223617993932,114609.2402376207,2.3462645505801185,4.9531643999895705,18.0,11.0,0.0,34.0,79.0,False,False,True,True,True,False,1.0,0
fixed_policy_information_responsiveness,IL_RD,IL,IL,RD,GT,test_030_038f4c53d11f,c289c0180e19d4efe38d6fb3cf749dc58fb2fc82a28248babf37eba4d050247c,3,True,physical_path,29.0,79.0,15789.70350953,94172.06860529639,0.0,109961.77211482641,8397.468630397592,92381.2857077518,3668.6374122919638,3256.6040007437837,1315.0263161521175,942.7500474891522,42.13747599993134,1335.7609478879783,7574.177852844132,0.0004912341011588787,174.6965283988495,174.69701963295063,1493.4673428794567,5.593279455762288e-07,79.0,9.799414390293937e-07,0.010315916124336452,3668.6270963758384,109961.77211482641,2.3519171747089973,4.803629566604893,17.0,12.0,0.0,34.0,79.0,False,False,True,True,True,False,1.0,0
fixed_policy_information_responsiveness,IL_RD,IL,IL,RD,GT,test_031_0a6ff70351b5,66453c50834fa3dcd176a36c69c2cd344e4023d8d34a02e0efe688cf2781c3f9,3,True,physical_path,29.0,79.0,14792.114142940112,99577.95346565287,0.0,114370.06760859297,8070.613343180303,97235.34197807561,3889.8449039710945,2992.5984541067555,1235.6496037208935,946.0193255382939,41.00167669598155,1252.2192494586966,7780.568965934674,0.00038133996773582823,185.23032837294156,185.2307097129093,1466.867933594672,5.413215915976405e-07,79.0,9.82880356433264e-07,0.008008139322452394,3889.836895831773,114370.06760859296,2.352629395399842,5.020160599999751,17.0,12.0,0.0,34.0,79.0,False,False,True,True,True,False,1.0,0
fixed_policy_information_responsiveness,IL_RD,IL,IL,RD,GT,test_032_efdf826e6bc3,f68d8f9fe8ed71a08598d0d2dbfcc8624aee20f294eb03c5d0d1b47b192231a8,3,True,physical_path,29.0,79.0,16505.40090405453,99505.56556074384,0.0,116010.96646479836,8964.056893454335,97225.75043314598,3863.622734742136,3589.5277282612556,1388.3848261503317,979.6238490443061,44.35309567050646,1464.2839406189548,7953.041218362833,0.0005656183234406778,183.98146936939733,183.98203498772077,1555.5745852782654,5.593961579003833e-07,79.0,9.73212368508183e-07,0.011877984792254236,3863.6108567573433,116010.96646479836,2.373906703465136,5.012914300042515,17.666666666666668,11.333333333333334,0.0,34.0,79.0,False,False,True,True,True,False,1.0,0
fixed_policy_information_responsiveness,IL_RD,IL,IL,RD,GT,test_033_de0c441dba67,7ec9546050ec128248d8d481b870b6380d6ca6d723d82627518325ffbdc72f3a,3,True,physical_path,29.0,79.0,15920.837105384271,103670.32028812413,0.0,119591.1573935084,8793.730455974393,100952.39216788001,4033.503010972852,3481.017906276669,1348.9109247064146,981.6029276980413,43.91786788814098,1423.9763257273887,8109.758041081616,0.0005142123394707197,192.07105773874866,192.07157195108812,1535.6105429000852,5.84105592303816e-07,79.0,9.60419043544678e-07,0.010798459128885112,4033.492212513722,119591.1573935084,2.3476065885082913,4.677715600080167,17.666666666666668,11.333333333333334,0.0,34.0,79.0,False,False,True,True,True,False,1.0,0
fixed_policy_information_responsiveness,IL_RD,IL,IL,RD,GT,test_034_a00d80b83640,0f4bc5cfced121212348bbd1013ec4964294f487da2bfeef2082f3134c966878,3,True,physical_path,29.0,79.0,15619.512352188956,103692.6164077468,0.0,119312.12875993577,8612.349273777232,100984.17224122018,4037.5349890136945,3401.0649179153697,1333.0743706448484,943.9329673644124,43.36894489224215,1377.632186776528,8091.705325532021,0.000508927305827756,192.2630619781082,192.263570905414,1522.5185553163162,5.908318580278217e-07,79.0,9.634151658950375e-07,0.010687473422382876,4037.5243015402716,119312.12875993575,2.30576387357138,4.717397700063884,17.0,12.0,0.0,34.0,79.0,False,False,True,True,True,False,1.0,0
fixed_policy_information_responsiveness,IL_RD,IL,IL,RD,GT,test_035_51fd398978b7,b6fa16487d60759605dd86ad9e174dcae5c07eba9b0e4a208e41547329603d50,3,True,physical_path,29.0,79.0,14771.182463503186,97218.99141570307,0.0,111990.17387920625,7993.341612151492,95056.47171639874,3794.907531043773,2968.5683606079315,1230.9748987886385,945.9097602156376,40.789683607171845,1242.6909410486358,7654.233635751247,0.0003921292586557315,180.7094903013972,180.70988243065585,1456.788366371439,6.252929909933033e-07,79.0,9.206874196658706e-07,0.00823471443177036,3794.8992963293417,111990.17387920622,2.2582943080442734,4.584726700015987,17.0,12.0,0.0,34.0,79.0,False,False,True,True,True,False,1.0,0
fixed_policy_information_responsiveness,IL_RD,IL,IL,RD,GT,test_036_7eb6ac1ca077,835e8a13ce793ee0d4c8d1922e6d12f857b647d3db30f415b92ebcca10cb9554,3,True,physical_path,29.0,79.0,15592.716343557455,98974.63581670739,0.0,114567.35216026485,8515.01251472287,96599.45624767155,3852.9528733900593,3316.5707322735675,1301.1838842257134,982.1759079811163,42.62887875605751,1364.1159967752862,7807.904863864945,0.0004375403337330642,183.47350881157385,183.47394635190759,1502.8705196883511,5.574588480368636e-07,79.0,9.436691278981194e-07,0.009188347008394349,3852.9436850430507,114567.35216026485,2.2883926057577906,4.62992583339413,17.666666666666668,11.333333333333334,0.0,34.0,79.0,False,False,True,True,True,False,1.0,0
fixed_policy_information_responsiveness,IL_RD,IL,IL,RD,GT,test_037_f096257ecaa4,0504d3553dd1b04e2daf266d9385ecec583ac5ee5143240ec48390c3637711cc,3,True,physical_path,29.0,79.0,18973.69268900612,100254.86794165183,0.0,119228.56063065794,10320.412952687342,97960.62694427253,3858.3685034761984,4528.512120176142,1627.073906220837,933.5662038248838,49.563765906559695,1791.7386248532273,8225.624810882398,0.0009685067271429947,183.73086499213946,183.73183349886656,1682.574229760826,4.7487221832525267e-07,79.0,9.727754357419754e-07,0.02033864127000289,3858.3481648349284,119228.56063065793,2.3328891011575856,4.891631266723077,17.0,12.0,0.0,34.0,79.0,False,False,True,True,True,False,1.0,0
fixed_policy_information_responsiveness,IL_RD,IL,IL,RD,GT,test_038_b05abc6e01b3,d70904feaac93846beafd0d4f452a87f57385097244d4e0d5b2934e20eff821f,3,True,physical_path,29.0,79.0,16473.808371570416,98982.42599472978,0.0,115456.23436630018,9084.87948792651,96456.9308258581,3835.01765272725,3736.022510874141,1402.3907083963622,940.99318051782,45.58943992746808,1531.196107124583,7874.023182639471,0.0005935843670700682,182.6192946407401,182.61988822510716,1545.4577371674704,5.550253141833206e-07,79.0,9.732585046731145e-07,0.012465271708471429,3835.0051874555415,115456.23436630018,2.185925242515152,4.677112100025018,17.0,12.0,0.0,34.0,79.0,False,False,True,True,True,False,1.0,0
fixed_policy_information_responsiveness,IL_RD,IL,IL,RD,GT,test_039_9c0d1ebe6c19,a764716cc7f8aeab39c2c2f073ba3bf25b0853e49b15690e7a526a3355477947,3,True,physical_path,29.0,79.0,15435.090708073158,103556.83430428647,0.0,118991.92501235963,8554.694397935256,100823.16667758454,4034.2790419436983,3334.2377476758666,1302.0695456747937,943.4776015454589,43.344129705329216,1385.2090179236247,8049.483568255833,0.0004354956791165915,192.10809031116366,192.10852580684278,1503.495931617824,6.216988246231972e-07,79.0,9.814022579846896e-07,0.009145409261448424,4034.2698965344366,118991.92501235963,2.3115279631978223,4.767715433379635,17.0,12.0,0.0,34.0,79.0,False,False,True,True,True,False,1.0,0
fixed_policy_information_responsiveness,IL_RD,IL,IL,RD,GT,test_040_11a8950c659e,ce3f9b7a7902becf4bdfbdd9494b3f00f7d8b741e45d94aec742b61d96ed6b99,3,True,physical_path,29.0,79.0,14812.521230069435,97455.5093421988,0.0,112268.03057226824,8091.137829338956,95124.70897872864,3799.0321550161693,3064.359134789212,1243.5862087228445,945.2062656724751,41.62284595596165,1288.6273425041552,7650.560985148736,0.00041782803524785815,180.90587526797285,180.90629309600808,1457.3686717561059,6.461431101634442e-07,79.0,9.660220188774802e-07,0.008774388740205022,3799.0233806274287,112268.0305722683,2.2886475137884505,4.432555799915765,17.0,12.0,0.0,34.0,79.0,False,False,True,True,True,False,1.0,0
fixed_policy_information_responsiveness,IL_RD,IL,IL,RD,GT,test_041_e58f21dcc209,20e0bcb4b669443da2e153571c054142078f1a87cfd8564b8fb31b4d19884070,3,True,physical_path,29.0,79.0,15813.13882978994,103706.9180233605,0.0,119520.05685315044,8643.044851552664,101163.98000992718,4042.0487294640147,3391.913081475719,1336.051112392288,943.019068338566,43.36406515806032,1383.7536917293385,8119.396896004957,0.0005060095037437365,192.47800491735407,192.47851092685787,1529.7251747934424,5.867755421278746e-07,79.0,9.809424262750305e-07,0.010626199578618463,4042.0381032644364,119520.05685315044,2.33048573333299,4.736782600171864,17.0,12.0,0.0,34.0,79.0,False,False,True,True,True,False,1.0,0
fixed_policy_information_responsiveness,IL_RD,IL,IL,RD,GT,test_042_a77d2ece213a,50867af1413e5b1f4a57b100697daff06a7a7ddbbedf8273b0f515bdaa98e6d9,3,True,physical_path,29.0,79.0,13896.023229539178,99954.06407077816,0.0,113850.08730031732,7638.207248339203,97437.55296690339,3910.4404560796793,2767.6470321740285,1148.386093193605,947.8535036274537,39.74782796292439,1180.123729356604,7704.378318202424,0.0003056569251101518,186.21114463258343,186.21145028950855,1412.524242562361,6.251637795403989e-07,79.0,9.77772759139652e-07,0.006418795427313186,3910.434037284252,113850.08730031736,2.242189327597447,4.594298933322231,17.0,12.0,0.0,34.0,79.0,False,False,True,True,True,False,1.0,0
fixed_policy_information_responsiveness,IL_RD,IL,IL,RD,GT,test_043_f1174106175c,e1c05921a15b70c43f0abce37906cec0d00142a1459fb9059ceffadf5f4c1ace,3,True,physical_path,29.0,79.0,18171.568284462886,93511.74802282936,0.0,111683.31630729225,9585.912755468215,92023.96776269126,3613.7589030175313,4004.0760907672843,1520.113795102989,935.4870002449442,46.41596893326286,1609.7323321714036,7800.964389156157,0.0007684175918608741,172.08298886895727,172.08375728654912,1617.3952600204173,4.964469254213755e-07,79.0,9.1897019641838e-07,0.016136769429078355,3613.7427662481023,111683.31630729222,2.230537573558054,4.605468333388369,17.0,12.0,0.0,34.0,79.0,False,False,True,True,True,False,1.0,0
fixed_policy_information_responsiveness,IL_RD,IL,IL,RD,GT,test_044_ed401c94714a,cdd3e3788096b9dacb2df0d0b62a1cb28d51b122523dcf031887b030038a9f0b,3,True,physical_path,29.0,79.0,14952.421881932414,101643.2283651278,0.0,116595.65024706021,8149.814313918289,99200.95365592458,3968.279208230992,3075.423950945975,1255.7002372506793,945.4788807896648,41.48125811679269,1273.0355286012225,7922.216231902147,0.0004171072409518216,188.96525947518725,188.96567658242816,1477.8963555536632,6.615859526722349e-07,79.0,9.960411383577423e-07,0.008759252059988254,3968.270448978932,116595.65024706018,2.2023201183945837,4.599272799988587,17.0,12.0,0.0,34.0,79.0,False,False,True,True,True,False,1.0,0
fixed_policy_information_responsiveness,IL_RD,IL,IL,RD,GT,test_045_af7d3f616c1d,0760d304a5c54d302e032eaa6ef8974da5965cac272efb3a66af257287e72ea4,3,True,physical_path,29.0,79.0,16054.131271369124,103522.1770023002,0.0,119576.30827366933,8787.89730227474,100972.10075049727,4029.0927939443977,3488.1678291506564,1356.6184490018952,942.4311488003799,43.84162565778136,1414.6111651800231,8134.318213396014,0.000517368554383706,191.8610442478455,191.86156161639994,1538.0078227369843,6.081706115059109e-07,79.0,9.474361882227475e-07,0.010864739642057827,4029.0819292047563,119576.30827366935,2.226581376993322,4.5300932667062925,17.0,12.0,0.0,34.0,79.0,False,False,True,True,True,False,1.0,0
fixed_policy_information_responsiveness,IL_RD,IL,IL,RD,GT,test_046_e35b743e6617,c0048e37b8520d7bfa898229e339686779b407fa7d2b062c359012d56267e7ec,3,True,physical_path,29.0,79.0,15604.510885945192,105703.83798651776,0.0,121308.34887246294,8591.55199877137,102945.92537833696,4121.240693992609,3376.6402087920337,1328.948195524841,944.0423970451302,43.30156665246478,1370.1051846270684,8208.128805907085,0.0005012963007385995,196.24905556049012,196.24955685679086,1524.1018304236852,6.46006515484208e-07,79.0,9.672499895764269e-07,0.010527222315510593,4121.230166770293,121308.34887246294,2.2276646689533246,4.704026033325742,17.0,12.0,0.0,34.0,79.0,False,False,True,True,True,False,1.0,0
fixed_policy_information_responsiveness,IL_RD,IL,IL,RD,GT,test_047_20c1f89391c1,f2130b5fd299cb2fd05ecda0fd2c152640207395401d37a5f1e7253bbd0a35d8,3,True,physical_path,29.0,79.0,15375.645378649575,111619.31389202682,0.0,126994.95927067641,8732.926602891008,108145.7341212618,4349.74366587906,3492.4635611853446,1329.7163441407445,944.3749753184376,44.20907939045679,1410.6896130902232,8484.760855372828,0.00048511151083300744,207.13016564463487,207.13065075614568,1527.347702150794,6.502596343472821e-07,79.0,9.572191055421266e-07,0.010187341727493157,4349.733478537332,126994.95927067641,2.202853094264544,4.618697433344399,17.0,12.0,0.0,34.0,79.0,False,False,True,True,True,False,1.0,0
fixed_policy_information_responsiveness,IL_RD,IL,IL,RD,GT,test_048_eeaf6a6a0a15,ebcee93a99cde79ceee231d38070645a6f701ecc4eb97b1e8abf3b74f65be4df,3,True,physical_path,29.0,79.0,15327.113815202598,103629.09317163606,0.0,118956.20698683868,8611.958400445254,100635.51523952272,4030.257788039939,3418.2060951515828,1316.6775782484372,943.5918854307644,44.030633375559205,1415.254372711078,8016.495864213927,0.0004898684652398388,191.91654765724616,191.91703752571138,1501.9317712671138,6.379249477241524e-07,79.0,9.919412957528716e-07,0.010287237770036614,4030.247500802169,118956.2069868387,2.176252859754317,4.568744966605057,17.0,12.0,0.0,34.0,79.0,False,False,True,True,True,False,1.0,0
fixed_policy_information_responsiveness,IL_RD,IL,IL,RD,GT,test_049_343da3774e7e,c214ac02e921d1ab893b808c39160612ee2c6e853c942be7eb6c6df35facccd4,3,True,physical_path,29.0,79.0,15213.987541927412,89284.90688225196,0.0,104498.8944241794,7996.055180770633,87797.15593851637,3481.132422821585,2982.9942260678577,1238.1116399726454,1003.4450160303128,40.022117902684634,1238.001226110382,7258.442096717418,0.0003984194978984409,165.76781219105376,165.76821061055168,1464.2122962097283,4.456443731869821e-07,79.0,9.900938502070252e-07,0.008366809455867258,3481.124056012129,104498.89442417941,2.182054458627606,4.4360505999842035,18.0,11.0,0.0,34.0,79.0,False,False,True,True,True,False,1.0,0
fixed_policy_information_responsiveness,IL_RD,IL,IL,RD,GT,test_050_1c7612d8bc63,ca36b4544ddd266e5e7dac2cbd5076e4b80860d23b0cfeba892432607eb1c108,3,True,physical_path,29.0,79.0,14442.51272242581,94669.58969910041,0.0,109112.10242152623,7756.820770497419,92662.4090916259,3700.1000839148533,2810.7122578940775,1176.460499285342,1005.599718308598,39.60708677151235,1196.5120566626001,7461.690701158744,0.0003275526691027197,176.19491453851438,176.19524209118353,1425.121494745724,6.365265621359029e-07,79.0,9.819180381405339e-07,0.006878606051157113,3700.093205308802,109112.10242152622,2.14879965631227,4.347511799928422,18.0,11.0,0.0,34.0,79.0,False,False,True,True,True,False,1.0,0
fixed_policy_information_responsiveness,IL_RD,IL,IL,RD,GT,test_051_5747c87e6d9a,e6daf165b6654b82650b4110a9d37185e59752e103161fa9379474087ef82a6e,3,True,physical_path,29.0,79.0,14000.590475215105,93192.07763432169,0.0,107192.66810953677,7606.303309847441,91107.235537419,3641.8095121796905,2766.9302344500647,1160.4839994744573,909.9055161661294,39.27650890020351,1171.5226121288058,7315.573054807458,0.000325187281087237,173.4191753927042,173.41950057998528,1401.4400710511154,4.806635434398904e-07,79.0,9.563817908527477e-07,0.006828932902831976,3641.8026832467876,107192.66810953677,2.0312556425221904,4.30087656659695,16.333333333333332,12.666666666666666,0.0,34.0,79.0,False,False,True,True,True,False,1.0,0
fixed_policy_information_responsiveness,IL_RD,IL,IL,RD,GT,test_052_9760565f31de,6035569faeed384797542e22427b98096943350bd372d90adabb2f7b8bd83c2d,3,True,physical_path,29.0,79.0,16286.20643346547,96325.30172564677,0.0,112611.50815911223,8786.332602904351,94274.21678576386,3740.8347364429596,3497.503509998036,1371.4835125084749,941.1370114945292,43.741154900875436,1425.279518883811,7744.269160142197,0.0005610367218116656,178.13442641294293,178.13498744966475,1530.5628201844072,5.176455924977977e-07,79.0,9.428599188808367e-07,0.011781771158044976,3740.822954671801,112611.50815911219,2.223741621844171,4.592431499933203,17.0,12.0,0.0,34.0,79.0,False,False,True,True,True,False,1.0,0
fixed_policy_information_responsiveness,IL_RD,IL,IL,RD,GT,test_053_4473e6f72168,17a3df2ca591ed3526e75386d9ef68be536d2e20274236e9f585e3eab4517305,3,True,physical_path,29.0,79.0,15883.011927576275,96068.88997989373,0.0,111951.90190747,8673.204959597317,93818.68490494751,3730.5482380642516,3445.2923070427537,1341.9288912821455,942.242606535995,43.50126476116844,1409.5050960774504,7666.183602622907,0.0004974756005105761,177.64465671793528,177.64515419353577,1514.77015752507,4.786954636385525e-07,79.0,9.753196045652827e-07,0.010446987610722097,3730.5377910766406,111951.90190746996,2.2089973839144386,4.581754666753113,17.0,12.0,0.0,34.0,79.0,False,False,True,True,True,False,1.0,0
fixed_policy_information_responsiveness,IL_RD,IL,IL,RD,GT,test_054_c66f0b1dacc4,41d8a5d8d4cfcde283bef35c1b2d5ce97e39ebb3c2113f99f8fd9b7941330476,3,True,physical_path,29.0,79.0,15014.898592198806,106025.55804386766,0.0,121040.45663606648,8304.918806394935,103196.29116599541,4139.717024184032,3185.564230729841,1268.5765293681254,945.3888793941527,42.171960870419845,1305.3321591062631,8165.9786658509665,0.00041967157258538664,197.12896243242895,197.1293821040015,1493.1929397803408,6.189907932520339e-07,79.0,9.814347538774368e-07,0.00881310302429312,4139.708211081008,121040.45663606649,2.2065733632169153,4.567092600045726,17.0,12.0,0.0,34.0,79.0,False,False,True,True,True,False,1.0,0
fixed_policy_information_responsiveness,IL_RD,IL,IL,RD,GT,test_055_f90330578051,e326898d13671d058e9870b749033db5deaedc7911ad667ec11d6318f5e5b833,3,True,physical_path,29.0,79.0,16448.61923894098,107912.58670219239,0.0,124361.20594113336,9256.940616810567,104765.4264750397,4187.932706041535,3796.7380032874244,1413.4027906714407,940.7653492826979,46.1855606515854,1547.7332687494097,8388.524697440747,0.0005730364013667595,199.4247939179575,199.42536695435888,1573.5320381423146,6.306723072105518e-07,79.0,9.792639369927835e-07,0.012033764428701946,4187.920672277108,124361.20594113336,2.2344948908062547,4.561516566667706,17.0,12.0,0.0,34.0,79.0,False,False,True,True,True,False,1.0,0
fixed_policy_information_responsiveness,IL_RD,IL,IL,RD,GT,test_056_b2c64046cef9,b502bb540057ea09101e5a92cf118d4c56c5e877b089e5a6174a0c5376124a73,3,True,physical_path,29.0,79.0,15359.216037670483,94728.08313809319,0.0,110087.29917576368,8270.2467112768,92717.49984709277,3691.1946220253917,3136.36191914966,1268.9253690637024,1003.0707071553679,41.43474286636509,1304.748340548935,7557.810438653959,0.00041355500919364164,175.7707589223904,175.77117247739957,1483.2317003311728,5.328338487730465e-07,79.0,9.76548617657948e-07,0.008684655193066474,3691.1859373701977,110087.29917576368,2.194178329895775,4.464984999969602,18.0,11.0,0.0,34.0,79.0,False,False,True,True,True,False,1.0,0
fixed_policy_information_responsiveness,IL_RD,IL,IL,RD,GT,test_057_bf11b8e004e2,bd54b59477f900317d7a6030359d807e3fd1567aed129780d6c3a1179956b9b0,3,True,physical_path,29.0,79.0,15212.751054721039,98384.47313013603,0.0,113597.22418485706,8206.917859436864,96203.02851418445,3836.6044509129515,3119.944091036004,1284.915656241933,945.8136130448887,41.36365240572619,1267.141047428123,7774.935142755875,0.0004683093278828842,182.69498173414595,182.69545004347387,1489.415399187367,5.784907203264459e-07,79.0,9.256484055998168e-07,0.009834495885540568,3836.594616417066,113597.2241848571,2.2200740402291435,4.597790066618472,17.0,12.0,0.0,34.0,79.0,False,False,True,True,True,False,1.0,0
fixed_policy_information_responsiveness,IL_RD,IL,IL,RD,GT,test_058_fbcfbffca03e,13831837259f85f8b98b1b4c0178e5e4f669e020ebeaab3661478609d357b2f2,3,True,physical_path,29.0,79.0,16862.184871851106,105004.85083781183,0.0,121867.03570966295,9309.151568200383,102281.68490204912,4071.5515613213925,3823.9180297728376,1441.000302090352,939.729346228872,46.09256890963989,1548.818752381817,8294.429792642526,0.0006369707930576024,193.88277071117798,193.88340768197108,1584.8461555618305,6.37467622282466e-07,79.0,9.396852741359795e-07,0.013376386654209649,4071.538184934738,121867.03570966296,2.272581441368073,5.137861533245693,17.0,12.0,0.0,34.0,79.0,False,False,True,True,True,False,1.0,0
fixed_policy_information_responsiveness,IL_RD,IL,IL,RD,GT,test_059_d22925a9593f,65a524d66b35e81b093404e6035554728cfd659313f34e588cf5b6e2f203bf7e,3,True,physical_path,29.0,79.0,15126.833644227503,98426.7233485636,0.0,113553.55699279111,8210.722170504192,96148.57978983472,3838.5220973061573,3133.4689805821477,1276.804905579067,945.4590489848118,41.654770554039736,1285.847312843871,7751.463560794597,0.0004574711370856125,182.78630906725138,182.78676653838843,1482.9214325178634,5.557444986606382e-07,79.0,9.678329624853111e-07,0.009606893878797864,3838.5124904122786,113553.55699279108,2.234888228724293,5.1008588332527625,17.0,12.0,0.0,34.0,79.0,False,False,True,True,True,False,1.0,0
fixed_policy_information_responsiveness,IL_RD,IL,IL,RD,GT,test_060_b3feb9e274c2,fe682fe273560fd0980f751cdfa7c31a0af682fbc188f47a4be67cd05391ad49,3,True,physical_path,29.0,79.0,15940.157321099068,102160.00626214831,0.0,118100.16358324735,8726.179983594791,99652.13094348367,3975.6116695393976,3453.8418484609197,1349.5855630143333,942.8135751542242,43.628331413426366,1403.8096349195675,8039.013758794062,0.0005032524216950813,189.3143381542163,189.31484140663795,1532.9743329935534,5.747749337943405e-07,79.0,9.855354331580092e-07,0.010568300855596709,3975.6011012385425,118100.16358324734,2.2408089747240276,5.17368446670783,17.0,12.0,0.0,34.0,79.0,False,False,True,True,True,False,1.0,0
fixed_policy_information_responsiveness,IL_RD,IL,IL,RD,GT,test_061_627abde70c26,9c8b14e19bd2698ae546067471c6494d669882592255e3ba42b51e389929b531,3,True,physical_path,29.0,79.0,15788.904694001709,100184.65896700486,0.0,115973.56366100656,8603.912308839363,97807.13331817584,3899.808462403036,3374.4390778117727,1344.6122629352676,943.6582308412972,43.02897909224661,1364.3776395023415,7920.799839030648,0.0005345190276345472,185.70463035730742,185.70516487633503,1528.0441115160822,4.996040640191634e-07,79.0,9.967114003456091e-07,0.01122489958032549,3899.7972375034556,115973.56366100657,2.266107473557216,4.723599900025874,17.0,12.0,0.0,34.0,79.0,False,False,True,True,True,False,1.0,0
fixed_policy_information_responsiveness,IL_RD,IL,IL,RD,GT,test_062_0c9ea14e9507,af66fd8fb7365940ac5c1b9dc17d1039a43a9fd2a98560c7757a265c61778c70,3,True,physical_path,29.0,79.0,15783.596425570313,106278.36586192648,0.0,122061.96228749679,8759.739685062961,103402.10085446824,4136.842124122298,3464.670070975237,1355.1170329198428,943.492519948215,44.02647963804301,1408.8843009031573,8264.90457706235,0.0005354157735361713,196.99194668528824,196.9924821010618,1544.0798765549378,6.18989232742073e-07,79.0,9.153584525078248e-07,0.011243731244259597,4136.830880391054,122061.96228749682,2.2645164540374716,4.6786340666779624,17.0,12.0,0.0,34.0,79.0,False,False,True,True,True,False,1.0,0
fixed_policy_information_responsiveness,IL_RD,IL,IL,RD,GT,test_063_44f0f2a191ef,9b047725f5e05c013bf644e7fe14234fc246265c97db48c08b1f430961820dbd,3,True,physical_path,29.0,79.0,14439.12630229709,100525.92054959887,0.0,114965.04685189597,8001.227499656442,97881.6498352321,3920.106567905485,3046.030813346993,1227.2180448423142,888.814090912614,41.09767571640853,1252.6587559987972,7789.753531434156,0.00040371638497677223,186.67133761244767,186.6717413288326,1451.3163514430178,5.882626041754474e-07,79.0,9.186387770734524e-07,0.008478044084512219,3920.0980898614002,114965.04685189594,2.099997043671172,4.514201266535868,16.0,13.0,0.0,34.0,79.0,False,False,True,True,True,False,1.0,0
fixed_policy_information_responsiveness,IL_RD,IL,IL,RD,GT,test_064_27d69866b791,5f6b4edb7095f7ca58bdefc63fb823fc255df66a141464fcf1266546ab804d66,3,True,physical_path,29.0,79.0,14058.622436083844,90058.0830098774,0.0,104116.70544596126,7367.091017216296,88535.50423789945,3526.1068673192203,2594.547844361218,1145.1511075868955,948.3043715781786,37.90039349150524,1098.2018486318698,7185.838509352315,0.00032587502075097347,167.90952494970404,167.9098508247248,1396.7032623962577,5.598230479090943e-07,79.0,9.702655732349254e-07,0.006843375435770443,3526.100023943785,104116.70544596127,2.2069179183862375,4.415926566735531,17.0,12.0,0.0,34.0,79.0,False,False,True,True,True,False,1.0,0
fixed_policy_information_responsiveness,IL_RD,IL,IL,RD,GT,test_065_930038cc16e9,ed770af97447cc6ec3b990ca1ef9540e1f795247d7d2c7f6ca7de9b23418ba1a,3,True,physical_path,29.0,79.0,14710.939317900156,104102.56887443447,0.0,118813.50819233463,8109.00482321988,101417.89915430057,4065.7885583893008,3034.033719807227,1240.2284714685084,946.5534651491558,41.47745626697508,1264.3681747019484,8038.7833020871185,0.0003902851152862424,193.60858868580377,193.60897897091908,1474.4057117934065,7.211032570419329e-07,79.0,8.988399516072201e-07,0.00819598742101109,4065.7803624018798,118813.50819233463,2.218495156318913,4.646418333364029,17.0,12.0,0.0,34.0,79.0,False,False,True,True,True,False,1.0,0
fixed_policy_information_responsiveness,IL_RD,IL,IL,RD,GT,test_066_28fb87ba4913,9b548ccc36e0f1fcf56118f1c4cd88441dc46405c6bb547e1dc04c4a67ae436a,3,True,physical_path,29.0,79.0,16607.076382422296,106228.10359542679,0.0,122835.17997784908,9348.034065468233,103122.22920106165,4118.001305206825,3874.149159575445,1432.5212034110934,940.245043125837,46.63790737455759,1577.7017437441982,8296.100371181708,0.000596617130343072,196.0947036308137,196.0953002479441,1579.0555757827685,6.218550915808076e-07,79.0,9.45972541044781e-07,0.012528959737204512,4117.988776247088,122835.17997784908,2.228429262066024,4.532882299972698,17.0,12.0,0.0,34.0,79.0,False,False,True,True,True,False,1.0,0
fixed_policy_information_responsiveness,IL_RD,IL,IL,RD,GT,test_067_4d46fa716471,b2be1c4651c379ec66a4cbbceabbb946a1f8949b548124874b8ecbdce94c77f3,3,True,physical_path,29.0,79.0,14726.678489222124,105381.62620203046,0.0,120108.30469125258,8276.218218372227,102346.53982717975,4112.514156089551,3173.373829641312,1253.959995905964,945.6986640637548,42.53041897297282,1324.8406152927828,8065.854850339143,0.0004037292127592634,195.83360370362303,195.83400743283582,1478.034684511708,5.915463678335362e-07,79.0,9.732616621438011e-07,0.008478313467944532,4112.505677776084,120108.30469125258,2.205631286213603,4.73729020000125,17.0,12.0,0.0,34.0,79.0,False,False,True,True,True,False,1.0,0
fixed_policy_information_responsiveness,IL_RD,IL,IL,RD,GT,test_068_93da1d4ae1ba,1e5fab7a4bc73a2c903c60a4ba54bd432fc478ccc1813a3002391fd1bcefe179,3,True,physical_path,29.0,79.0,16493.53878151109,108565.24997757399,0.0,125058.78875908507,9207.111352945913,105548.71359952442,4219.166075626643,3731.576018141437,1411.2922592870739,940.9294535596279,45.85185627147445,1526.6888674587296,8449.25791632516,0.0005753572032504762,200.91209491073212,200.91267026793537,1577.168921858199,6.157601542940017e-07,79.0,9.711993048773694e-07,0.01208250126826,4219.153993125375,125058.78875908512,2.2256639068973003,4.6793732333462685,17.0,12.0,0.0,34.0,79.0,False,False,True,True,True,False,1.0,0
fixed_policy_information_responsiveness,IL_RD,IL,IL,RD,GT,test_069_5b01ea54b2fa,ab74b72396ecc5ee23369a0401781e1eedea17a51518978cc28be65bd8c7c6de,3,True,physical_path,29.0,79.0,15769.696668232375,91722.5488539848,0.0,107492.24552221718,8401.422311116743,90044.8318254853,3567.9716898051397,3216.961001296637,1317.8516345799655,943.2070599334244,41.93147958157336,1323.4219045559614,7446.3545741458265,0.0004938720491582369,169.9029199281956,169.90341380024475,1504.3178136447268,4.5666815473105476e-07,79.0,9.751147270236417e-07,0.010371313032322972,3567.9613184921077,107492.2455222172,2.188723602294708,4.554431066693117,17.0,12.0,0.0,34.0,79.0,False,False,True,True,True,False,1.0,0
fixed_policy_information_responsiveness,IL_RD,IL,IL,RD,GT,test_070_0cd9bcac96c3,af1c089b1585069ce3aa8660e2ccbc7790157d41b7564bd42a816925e624afb1,3,True,physical_path,29.0,79.0,16394.721571571412,104301.9346783699,0.0,120696.65624994133,9165.737263005736,101387.51024884789,4047.0242060688215,3743.897442771624,1411.2790609754568,941.2080282717894,45.5743546766001,1514.6328053199193,8176.955431725207,0.0005706450336880369,192.7148677391959,192.7154383842296,1570.058784775265,5.32501287121285e-07,79.0,9.430896035214537e-07,0.011983545707448773,4047.012222523114,120696.65624994131,2.2207382885075506,4.614382999949157,17.0,12.0,0.0,34.0,79.0,False,False,True,True,True,False,1.0,0
fixed_policy_information_responsiveness,IL_RD,IL,IL,RD,GT,test_071_34f77888383f,9ea4b08354972ecc8e92b86fbc35f8c0031316e3afe68c72a63a6e70a1bbc8a8,3,True,physical_path,29.0,79.0,14052.086265928336,94972.29724676987,0.0,109024.38351269819,7532.848812336859,92921.89629713028,3718.44632379753,2745.6187360490367,1157.56497880146,948.0083645830391,38.90921667401132,1145.2700029812506,7430.463990299919,0.0003330048585227659,177.06853955692864,177.06887256178717,1402.2004430075058,5.375694782415872e-07,79.0,9.912000592336456e-07,0.006993102028978085,3718.439330695501,109024.38351269822,2.1724032333345504,4.448846866687139,17.0,12.0,0.0,34.0,79.0,False,False,True,True,True,False,1.0,0
fixed_policy_information_responsiveness,IL_RD,IL,IL,RD,GT,test_072_8e59fac0e6c8,a92a7392849d15eefcaf1837db77746f72e76c3458114a652198fbbac7696f85,3,True,physical_path,29.0,79.0,14969.306444236134,102029.43027008278,0.0,116998.7367143189,8308.638693153574,99317.89961560706,3979.215331396119,3155.5519454515506,1253.3683950046366,984.062733705999,42.071607260396,1319.8346871159792,7912.4177825790075,0.00038057294895963594,189.4860637792472,189.48644435219617,1484.9812095731593,5.732153723397763e-07,79.0,9.795102604190586e-07,0.007992031928152355,3979.207339364191,116998.73671431896,2.183977337942148,4.601169900037348,17.666666666666668,11.333333333333334,0.0,34.0,79.0,False,False,True,True,True,False,1.0,0
fixed_policy_information_responsiveness,IL_RD,IL,IL,RD,GT,test_073_69349232969b,2f362bb368dcdc730f872c8fef400b9c0f1ea176fcef502da962a890dc828cd3,3,True,physical_path,29.0,79.0,16106.673468316192,100025.75454269782,0.0,116132.42801101401,8861.598661239463,97483.63804838917,3884.3468535446377,3583.4196330969876,1377.3725902744075,942.0522244693724,44.44939504543472,1452.344932080355,7901.904362597718,0.0005759220514401903,184.96832186578845,184.9688977878399,1531.0538329973708,5.690495901763804e-07,79.0,9.692035535263078e-07,0.012094363080243996,3884.334759181558,116132.42801101405,2.2022726333341507,4.601943300028021,17.0,12.0,0.0,34.0,79.0,False,False,True,True,True,False,1.0,0
fixed_policy_information_responsiveness,IL_RD,IL,IL,RD,GT,test_074_212affc962e2,5e264f6232f1c29e769f71e598177184ad84a0bf9ff8df6be008bd7148f26ae7,3,True,physical_path,29.0,79.0,16035.077136742111,98482.58426132565,0.0,114517.66139806778,8806.533800377118,96034.38352342333,3822.4014116227604,3544.987036309511,1366.6439196801166,942.7117066549623,44.44954206584952,1455.996010780659,7818.5183871464615,0.0005661629833066149,182.01854867619576,182.01911483917908,1525.8940486155898,5.775262066153892e-07,79.0,9.417596160503929e-07,0.01188942264943891,3822.3895222001106,114517.66139806778,2.067474612645034,4.280713566578925,17.0,12.0,0.0,34.0,79.0,False,False,True,True,True,False,1.0,0
fixed_policy_information_responsiveness,IL_RD,IL,IL,RD,GT,test_075_8de4e41c7ad9,166abe46fe8875dd98f46b7b2978bf6ca11460aaf2ee4dda761e02f6149bab0d,3,True,physical_path,29.0,79.0,14879.912209527945,93390.66445475363,0.0,108270.57666428156,8014.382769703705,91393.26106668287,3641.917322737185,3036.722506651251,1239.081603316197,945.2113951903649,40.666276925616245,1248.9336002969487,7414.73563535314,0.00041315522393849824,173.42422126083247,173.42463441605642,1443.2329706043056,5.092316145758662e-07,79.0,9.799872784363265e-07,0.008676259702708461,3641.9086464774823,108270.57666428159,2.177922025296152,4.455537333308409,17.0,12.0,0.0,34.0,79.0,False,False,True,True,True,False,1.0,0
fixed_policy_information_responsiveness,IL_RD,IL,IL,RD,GT,test_076_48339f21c8ec,387a6bfe5e45be691df244ec9fae6a75828f663e05409a99728fee303e05e519,3,True,physical_path,29.0,79.0,16717.27248616832,107094.47828969914,0.0,123811.75077586748,9341.611973284345,104118.61689250648,4153.777346083829,3819.231945600684,1438.1285201947333,940.3840981973786,46.3853337171216,1558.600273493881,8392.907793309378,0.0006100766034974793,197.79831116548357,197.7989212420871,1594.8128320308372,6.41296733678504e-07,79.0,9.53154964128479e-07,0.012811608673447064,4153.7645344751545,123811.75077586748,2.234100377002474,4.631260099976013,17.0,12.0,0.0,34.0,79.0,False,False,True,True,True,False,1.0,0
fixed_policy_information_responsiveness,IL_RD,IL,IL,RD,GT,test_077_b1f2e84dc844,327faba7b538b224eb0dff4c274be7b98e160c294f315741e33a3e501ab91753,3,True,physical_path,29.0,79.0,16181.271554492747,95213.13726505557,0.0,111394.40881954832,8706.974925321423,93235.28198716317,3697.767272266261,3461.285670535041,1351.8902525999745,941.208711662492,43.62799945662786,1424.0141485478434,7661.151137913265,0.0005183718854753298,176.08363745031747,176.08415582220292,1514.9782927664355,5.949836799199679e-07,79.0,9.771065712311832e-07,0.010885809594981923,3697.756386456667,111394.40881954833,2.2052774609243175,4.514275233338897,17.0,12.0,0.0,34.0,79.0,False,False,True,True,True,False,1.0,0
fixed_policy_information_responsiveness,IL_RD,IL,IL,RD,GT,test_078_367d379a9297,f9d9eb992e504e9775b1d536a7a14d78c484ed66383cb9fe11fbb7eaa3b15364,3,True,physical_path,29.0,79.0,16114.485115811918,96826.77000578096,0.0,112941.25512159285,8635.565322876964,94896.42874130393,3766.3753140081553,3376.970201834547,1324.8907860153822,941.0247555538912,42.96909139150878,1393.1164826749957,7768.692175698819,0.0004506112004044368,179.35075481775937,179.3512054289598,1514.9430670458896,5.719464206033222e-07,79.0,9.455547724888983e-07,0.009462835208493172,3766.365851172947,112941.25512159288,2.2027940241400494,4.6549297333694994,17.0,12.0,0.0,34.0,79.0,False,False,True,True,True,False,1.0,0
fixed_policy_information_responsiveness,IL_RD,IL,IL,RD,GT,test_079_bce06ca59758,354b6f6d5badf8b78b4e947bce85d66a812832394cae0b2d8d8905466cdff072,3,True,physical_path,29.0,79.0,13851.0236038169,93585.05113828125,0.0,107436.07474209815,7371.615970137394,91626.87421707112,3664.083638411801,2631.5650348944832,1133.5193101037846,1008.4165714795571,38.09881200848648,1103.6044737966658,7348.075586086606,0.0003136256047983892,174.4798596321,174.4801732577048,1400.9544631839362,6.133105094347148e-07,79.0,9.530414022387163e-07,0.006586137700766173,3664.0770522741004,107436.07474209816,2.183833072400898,4.552384600043297,18.0,11.0,0.0,34.0,79.0,False,False,True,True,True,False,1.0,0
fixed_policy_information_responsiveness,IL_RD,IL,IL,RD,GT,test_080_e669407a98d7,121d71da3287fd0210c7b9434b794a18b7c744d477b29a53f3d620911cf9f336,3,True,physical_path,29.0,79.0,16082.865190405051,106153.47440993879,0.0,122236.33960034384,8907.720972586694,103240.62770705915,4131.2993040128085,3625.1722627358517,1388.6679759367955,942.8513780125027,44.66085422791477,1448.6162720136174,8257.173478166203,0.0006084703076821369,196.7279298160165,196.7285382863242,1552.872597856779,5.2458004074717e-07,79.0,9.683111669216036e-07,0.012777876461324873,4131.286526136347,122236.3396003438,2.2324877092052766,4.606089433344702,17.0,12.0,0.0,34.0,79.0,False,False,True,True,True,False,1.0,0
fixed_policy_information_responsiveness,IL_RD,IL,IL,RD,GT,test_081_fbbd80304765,0b82e11f5cd1fea6f347b45e70d47396c0c136e422733b8ac33c145a65f3ca6e,3,True,physical_path,29.0,79.0,14316.221813546661,104895.66570128074,0.0,119211.88751482741,7926.981019547747,102066.22601064279,4101.237996250277,2958.7599847883016,1210.657364741635,948.0251388566559,40.808771415391796,1220.4981964457902,8036.23117315549,0.0003715803536193103,195.2966758601358,195.29704744048945,1461.1173840346821,6.471689680206126e-07,79.0,9.84091269156326e-07,0.007803187426005516,4101.230193062852,119211.88751482742,2.209692502292622,4.605653566696371,17.0,12.0,0.0,34.0,79.0,False,False,True,True,True,False,1.0,0
fixed_policy_information_responsiveness,IL_RD,IL,IL,RD,GT,test_082_2cf496ac3a99,2a7046d4a4e1fe03445d9dae89497a78aa0ff11fe474d9f7fdbf7d09c4f5ff24,3,True,physical_path,29.0,79.0,16500.3631800135,103009.1751431797,0.0,119509.5383231932,9038.294704065034,100475.40766038698,4002.1692202299782,3650.5224904572838,1402.3454162742034,940.7988317797425,44.77330371813,1473.7494872868454,8145.259953280245,0.0005846888697750697,190.57890198874824,190.57948667761798,1562.4612859628553,5.072207221078761e-07,79.0,9.56382036179468e-07,0.012278466265276462,4002.1569417637124,119509.53832319322,2.224581514940137,4.573663733433932,17.0,12.0,0.0,34.0,79.0,False,False,True,True,True,False,1.0,0
fixed_policy_information_responsiveness,IL_RD,IL,IL,RD,GT,test_083_4cbdde5f376f,21703e1831e6b1210ccf39ad402121126a8f354e5dd13cff5081d7a07b4a2274,3,True,physical_path,29.0,79.0,15968.911200628265,98073.29956903872,0.0,114042.21076966696,8612.45236957191,95929.3495490818,3817.284066382042,3384.0853820287834,1355.78130923627,943.2580933661624,42.92541066011929,1363.7882321736226,7816.073099537076,0.0005577142782132056,181.7748740182,181.77543173247818,1524.478433353006,5.276611340817746e-07,79.0,9.749392912501524e-07,0.011711999842477318,3817.2723543822,114042.21076966696,2.2203710838997117,4.691065700026229,17.0,12.0,0.0,34.0,79.0,False,False,True,True,True,False,1.0,0
fixed_policy_information_responsiveness,IL_RD,IL,IL,RD,GT,test_084_513eb18f351c,341db6669dc186ed38f4ff6debc2545e4eb1d075fadf4fe32c2aabeb61a2d25b,3,True,physical_path,29.0,79.0,15833.850915093999,100974.29600221472,0.0,116808.14691730872,8650.247034595879,98524.64224307933,3929.9386320638114,3430.637120833016,1349.1188206099412,923.563066126722,43.41638502452767,1388.5810397156613,7957.256590569149,0.0005459382827325577,187.13938892189876,187.13993486018148,1522.7728111404176,5.628428422246486e-07,79.0,9.689109063056236e-07,0.01146470393738371,3929.9271673598737,116808.1469173087,2.21345971724361,4.439897533273324,16.666666666666668,12.333333333333334,0.0,34.0,79.0,False,False,True,True,True,False,1.0,0
fixed_policy_information_responsiveness,IL_RD,IL,IL,RD,GT,test_085_650c50514b66,e94f854176fa26c2ed212d69844def725d10578665dd847cab94c351dbec1cda,3,True,physical_path,29.0,79.0,17243.410625752596,101422.45852113601,0.0,118665.86914688861,9376.554560277853,99077.75879264799,3930.3852419115724,3887.438557399404,1455.5309074370791,938.2010872147298,46.067691500737,1566.4263441055639,8120.7040530152835,0.0006450550999738002,187.1605569406892,187.16120199578916,1586.0362529441206,5.578265247342545e-07,79.0,9.783752471515612e-07,0.013546157099449804,3930.371695754473,118665.86914688861,2.213353143681119,4.575663833413273,17.0,12.0,0.0,34.0,79.0,False,False,True,True,True,False,1.0,0
fixed_policy_information_responsiveness,IL_RD,IL,IL,RD,GT,test_086_754dc8e1ab0e,ea444f07bd4f0035c9bf3a885f359d285cd12879a434942844a860db87947cd3,3,True,physical_path,29.0,79.0,16643.563342888297,106526.02269722341,0.0,123169.58604011171,9196.889125383446,103692.52489696034,4139.966904001317,3753.773436327119,1407.5456165892676,978.8860608502255,45.6055737345282,1529.9871788087432,8340.100609212981,0.0005651740796204044,197.14071596884023,197.14128114291987,1573.2114934471492,6.677724977912456e-07,79.0,9.558220572689517e-07,0.011868655672028494,4139.955035345644,123169.58604011172,2.2127198930990333,4.545527266571298,17.666666666666668,11.333333333333334,0.0,34.0,79.0,False,False,True,True,True,False,1.0,0
fixed_policy_information_responsiveness,IL_RD,IL,IL,RD,GT,test_087_cbc79ee243dd,691486e3c17626ca20c775eaa69679e041e484b6d253bf1a67a4cf50a423fb8c,3,True,physical_path,29.0,79.0,15313.186166888909,107892.60771866613,0.0,123205.79388555505,8669.071015854282,104630.85165485583,4201.078199806511,3439.9731327110762,1320.7203175954771,944.0995647318629,44.22846660383266,1417.5005744880418,8265.82307106885,0.0004927304401855482,200.05085011748895,200.05134284792913,1518.7088100684232,6.158767295054504e-07,79.0,9.736959156538345e-07,0.010347339243896513,4201.0678524672685,123205.79388555502,2.2058375770113723,4.561073766710858,17.0,12.0,0.0,34.0,79.0,False,False,True,True,True,False,1.0,0
