base_path_id,training_seed,metric,accepted_5_2_2_value,replayed_5_2_4_anchor_value,absolute_difference
test_000_4ae657b9eeec,301721597,total_operational_objective,116887.28831107188,116887.28831107188,0.0
test_000_4ae657b9eeec,301721597,loss_queue,8961.153137989593,8961.153137989591,1.8189894035458565e-12
test_000_4ae657b9eeec,301721597,loss_waiting,98053.60606013116,98053.60606013115,1.4551915228366852e-11
test_000_4ae657b9eeec,301721597,loss_exit,3912.4031566143713,3912.4031566143713,0.0
test_000_4ae657b9eeec,301721597,loss_overflow,3605.111693910252,3605.111693910252,0.0
test_000_4ae657b9eeec,301721597,loss_route_resource,1392.207683985,1392.207683985,0.0
test_000_4ae657b9eeec,301721597,loss_action,962.806578441547,962.806578441547,0.0
test_000_4ae657b9eeec,301721597,terminal_correction,0.0,0.0,0.0
test_000_4ae657b9eeec,301721597,ending_outstanding_mass,5.288165242826415e-07,5.288165242826415e-07,0.0
test_000_4ae657b9eeec,554911178,total_operational_objective,119851.53042243813,119851.53042243811,1.4551915228366852e-11
test_000_4ae657b9eeec,554911178,loss_queue,8920.72274643734,8920.72274643734,0.0
test_000_4ae657b9eeec,554911178,loss_waiting,101013.69367540102,101013.69367540102,0.0
test_000_4ae657b9eeec,554911178,loss_exit,4021.770258599101,4021.770258599101,0.0
test_000_4ae657b9eeec,554911178,loss_overflow,3577.407698939978,3577.407698939978,0.0
test_000_4ae657b9eeec,554911178,loss_route_resource,1384.874255813811,1384.874255813811,0.0
test_000_4ae657b9eeec,554911178,loss_action,933.0617872468748,933.0617872468747,1.1368683772161603e-13
test_000_4ae657b9eeec,554911178,terminal_correction,0.0,0.0,0.0
test_000_4ae657b9eeec,554911178,ending_outstanding_mass,5.308456485022752e-07,5.308456485022752e-07,0.0
test_000_4ae657b9eeec,1600960620,total_operational_objective,118538.028737791,118538.028737791,0.0
test_000_4ae657b9eeec,1600960620,loss_queue,8912.53797571063,8912.53797571063,0.0
test_000_4ae657b9eeec,1600960620,loss_waiting,99791.67048460884,99791.67048460885,1.4551915228366852e-11
test_000_4ae657b9eeec,1600960620,loss_exit,3976.314858366572,3976.3148583665716,4.547473508864641e-13
test_000_4ae657b9eeec,1600960620,loss_overflow,3572.7950791031994,3572.7950791031994,0.0
test_000_4ae657b9eeec,1600960620,loss_route_resource,1382.127148727879,1382.1271487278793,2.2737367544323206e-13
test_000_4ae657b9eeec,1600960620,loss_action,902.5831912738464,902.5831912738465,1.1368683772161603e-13
test_000_4ae657b9eeec,1600960620,terminal_correction,0.0,0.0,0.0
test_000_4ae657b9eeec,1600960620,ending_outstanding_mass,5.299848873916958e-07,5.299848873916958e-07,0.0
test_001_dde9993de777,301721597,total_operational_objective,120974.33938981414,120974.33938981414,0.0
test_001_dde9993de777,301721597,loss_queue,8360.185288234356,8360.185288234356,0.0
test_001_dde9993de777,301721597,loss_waiting,102970.739983036,102970.73998303601,1.4551915228366852e-11
test_001_dde9993de777,301721597,loss_exit,4136.812815194805,4136.812815194805,0.0
test_001_dde9993de777,301721597,loss_overflow,3253.9314390185077,3253.9314390185073,4.547473508864641e-13
test_001_dde9993de777,301721597,loss_route_resource,1284.7299574370525,1284.7299574370525,0.0
test_001_dde9993de777,301721597,loss_action,967.9399068933792,967.9399068933792,0.0
test_001_dde9993de777,301721597,terminal_correction,0.0,0.0,0.0
test_001_dde9993de777,301721597,ending_outstanding_mass,6.87618760116584e-07,6.87618760116584e-07,0.0
test_001_dde9993de777,554911178,total_operational_objective,123979.81597189524,123979.81597189524,0.0
test_001_dde9993de777,554911178,loss_queue,8320.12483611484,8320.12483611484,0.0
test_001_dde9993de777,554911178,loss_waiting,105968.27562747568,105968.27562747568,0.0
test_001_dde9993de777,554911178,loss_exit,4249.23710982472,4249.2371098247195,9.094947017729282e-13
test_001_dde9993de777,554911178,loss_overflow,3228.7315201236424,3228.7315201236424,0.0
test_001_dde9993de777,554911178,loss_route_resource,1277.5596867064842,1277.5596867064842,0.0
test_001_dde9993de777,554911178,loss_action,935.8871916498492,935.8871916498493,1.1368683772161603e-13
test_001_dde9993de777,554911178,terminal_correction,0.0,0.0,0.0
test_001_dde9993de777,554911178,ending_outstanding_mass,6.896385256698399e-07,6.896385256698399e-07,0.0
test_001_dde9993de777,1600960620,total_operational_objective,122601.7144486672,122601.7144486672,0.0
test_001_dde9993de777,1600960620,loss_queue,8312.337373506472,8312.337373506472,0.0
test_001_dde9993de777,1600960620,loss_waiting,104678.79986645794,104678.79986645794,0.0
test_001_dde9993de777,1600960620,loss_exit,4200.610038249701,4200.610038249701,0.0
test_001_dde9993de777,1600960620,loss_overflow,3227.751939752342,3227.751939752342,0.0
test_001_dde9993de777,1600960620,loss_route_resource,1275.1173468858794,1275.1173468858794,0.0
test_001_dde9993de777,1600960620,loss_action,907.0978838148689,907.0978838148687,1.1368683772161603e-13
test_001_dde9993de777,1600960620,terminal_correction,0.0,0.0,0.0
test_001_dde9993de777,1600960620,ending_outstanding_mass,6.886431396184203e-07,6.886431396184203e-07,0.0
test_002_f01217ab0e79,301721597,total_operational_objective,106159.28124803984,106159.28124803983,1.4551915228366852e-11
test_002_f01217ab0e79,301721597,loss_queue,8363.562391452671,8363.562391452671,0.0
test_002_f01217ab0e79,301721597,loss_waiting,88765.09698077985,88765.09698077985,0.0
test_002_f01217ab0e79,301721597,loss_exit,3521.2163096701443,3521.2163096701443,0.0
test_002_f01217ab0e79,301721597,loss_overflow,3224.6509719026462,3224.6509719026462,0.0
test_002_f01217ab0e79,301721597,loss_route_resource,1319.9649854216425,1319.9649854216423,2.2737367544323206e-13
test_002_f01217ab0e79,301721597,loss_action,964.7896088128856,964.7896088128857,1.1368683772161603e-13
test_002_f01217ab0e79,301721597,terminal_correction,0.0,0.0,0.0
test_002_f01217ab0e79,301721597,ending_outstanding_mass,4.5423669587358325e-07,4.5423669587358314e-07,1.0587911840678754e-22
test_002_f01217ab0e79,554911178,total_operational_objective,108935.91996424798,108935.91996424798,0.0
test_002_f01217ab0e79,554911178,loss_queue,8325.543468621783,8325.543468621783,0.0
test_002_f01217ab0e79,554911178,loss_waiting,91541.48242990243,91541.48242990243,0.0
test_002_f01217ab0e79,554911178,loss_exit,3623.233885661536,3623.233885661536,0.0
test_002_f01217ab0e79,554911178,loss_overflow,3197.8712390393544,3197.8712390393544,0.0
test_002_f01217ab0e79,554911178,loss_route_resource,1313.1727974939115,1313.1727974939115,0.0
test_002_f01217ab0e79,554911178,loss_action,934.61614352893,934.6161435289301,1.1368683772161603e-13
test_002_f01217ab0e79,554911178,terminal_correction,0.0,0.0,0.0
test_002_f01217ab0e79,554911178,ending_outstanding_mass,4.561519358323487e-07,4.561519358323487e-07,0.0
test_002_f01217ab0e79,1600960620,total_operational_objective,107625.1542339663,107625.1542339663,0.0
test_002_f01217ab0e79,1600960620,loss_queue,8316.154595797965,8316.154595797965,0.0
test_002_f01217ab0e79,1600960620,loss_waiting,90323.09238714684,90323.09238714683,1.4551915228366852e-11
test_002_f01217ab0e79,1600960620,loss_exit,3578.020722954381,3578.020722954381,0.0
test_002_f01217ab0e79,1600960620,loss_overflow,3192.783356810996,3192.783356810996,0.0
test_002_f01217ab0e79,1600960620,loss_route_resource,1310.5125622958972,1310.5125622958972,0.0
test_002_f01217ab0e79,1600960620,loss_action,904.590608960204,904.590608960204,0.0
test_002_f01217ab0e79,1600960620,terminal_correction,0.0,0.0,0.0
test_002_f01217ab0e79,1600960620,ending_outstanding_mass,4.5530914079685013e-07,4.5530914079685013e-07,0.0
test_003_eb3106001035,301721597,total_operational_objective,115329.20082943422,115329.20082943422,0.0
test_003_eb3106001035,301721597,loss_queue,8630.344582094023,8630.344582094023,0.0
test_003_eb3106001035,301721597,loss_waiting,97079.99066260994,97079.99066260994,0.0
test_003_eb3106001035,301721597,loss_exit,3879.851608714632,3879.8516087146318,4.547473508864641e-13
test_003_eb3106001035,301721597,loss_overflow,3424.911105988488,3424.911105988488,0.0
test_003_eb3106001035,301721597,loss_route_resource,1348.201301415059,1348.2013014150593,2.2737367544323206e-13
test_003_eb3106001035,301721597,loss_action,965.9015686120728,965.9015686120729,1.1368683772161603e-13
test_003_eb3106001035,301721597,terminal_correction,0.0,0.0,0.0
test_003_eb3106001035,301721597,ending_outstanding_mass,5.41558093316667e-07,5.41558093316667e-07,0.0
test_003_eb3106001035,554911178,total_operational_objective,118182.90981951728,118182.90981951728,0.0
test_003_eb3106001035,554911178,loss_queue,8590.645035409798,8590.645035409798,0.0
test_003_eb3106001035,554911178,loss_waiting,99932.42842510605,99932.42842510605,0.0
test_003_eb3106001035,554911178,loss_exit,3985.213391917376,3985.213391917376,0.0
test_003_eb3106001035,554911178,loss_overflow,3397.931196874587,3397.931196874587,0.0
test_003_eb3106001035,554911178,loss_route_resource,1341.543403957921,1341.543403957921,0.0
test_003_eb3106001035,554911178,loss_action,935.1483662515828,935.1483662515827,1.1368683772161603e-13
test_003_eb3106001035,554911178,terminal_correction,0.0,0.0,0.0
test_003_eb3106001035,554911178,ending_outstanding_mass,5.435317656415753e-07,5.435317656415753e-07,0.0
test_003_eb3106001035,1600960620,total_operational_objective,116989.92945726466,116989.92945726466,0.0
test_003_eb3106001035,1600960620,loss_queue,8582.04978000001,8582.04978000001,0.0
test_003_eb3106001035,1600960620,loss_waiting,98825.25073295676,98825.25073295675,1.4551915228366852e-11
test_003_eb3106001035,1600960620,loss_exit,3944.0020577960818,3944.0020577960818,0.0
test_003_eb3106001035,1600960620,loss_overflow,3394.891640089404,3394.891640089404,0.0
test_003_eb3106001035,1600960620,loss_route_resource,1338.6510742669684,1338.6510742669684,0.0
test_003_eb3106001035,1600960620,loss_action,905.0841721555228,905.0841721555229,1.1368683772161603e-13
test_003_eb3106001035,1600960620,terminal_correction,0.0,0.0,0.0
test_003_eb3106001035,1600960620,ending_outstanding_mass,5.427757074240041e-07,5.427757074240041e-07,0.0
test_004_55a330aff5c4,301721597,total_operational_objective,107794.47481709154,107794.47481709154,0.0
test_004_55a330aff5c4,301721597,loss_queue,8520.397969763075,8520.397969763075,0.0
test_004_55a330aff5c4,301721597,loss_waiting,90124.04010579092,90124.04010579092,0.0
test_004_55a330aff5c4,301721597,loss_exit,3575.770193979131,3575.770193979131,0.0
test_004_55a330aff5c4,301721597,loss_overflow,3281.991052664116,3281.991052664116,0.0
test_004_55a330aff5c4,301721597,loss_route_resource,1328.37255728073,1328.37255728073,0.0
test_004_55a330aff5c4,301721597,loss_action,963.902937613579,963.902937613579,0.0
test_004_55a330aff5c4,301721597,terminal_correction,0.0,0.0,0.0
test_004_55a330aff5c4,301721597,ending_outstanding_mass,5.018595873825297e-07,5.018595873825297e-07,0.0
test_004_55a330aff5c4,554911178,total_operational_objective,110591.00838450296,110591.00838450296,0.0
test_004_55a330aff5c4,554911178,loss_queue,8481.23229104171,8481.23229104171,0.0
test_004_55a330aff5c4,554911178,loss_waiting,92921.72124222683,92921.72124222685,1.4551915228366852e-11
test_004_55a330aff5c4,554911178,loss_exit,3678.007531987742,3678.007531987742,0.0
test_004_55a330aff5c4,554911178,loss_overflow,3254.9170389273377,3254.9170389273377,0.0
test_004_55a330aff5c4,554911178,loss_route_resource,1321.407416469937,1321.407416469937,0.0
test_004_55a330aff5c4,554911178,loss_action,933.7228638493802,933.7228638493802,0.0
test_004_55a330aff5c4,554911178,terminal_correction,0.0,0.0,0.0
test_004_55a330aff5c4,554911178,ending_outstanding_mass,5.038020302447685e-07,5.038020302447685e-07,0.0
test_004_55a330aff5c4,1600960620,total_operational_objective,109323.72047316856,109323.72047316855,1.4551915228366852e-11
test_004_55a330aff5c4,1600960620,loss_queue,8471.881527137353,8471.881527137353,0.0
test_004_55a330aff5c4,1600960620,loss_waiting,91746.55162369752,91746.55162369752,0.0
test_004_55a330aff5c4,1600960620,loss_exit,3634.318664885056,3634.318664885056,0.0
test_004_55a330aff5c4,1600960620,loss_overflow,3248.3878085704773,3248.3878085704773,0.0
test_004_55a330aff5c4,1600960620,loss_route_resource,1318.529861186679,1318.529861186679,0.0
test_004_55a330aff5c4,1600960620,loss_action,904.0509876914856,904.0509876914855,1.1368683772161603e-13
test_004_55a330aff5c4,1600960620,terminal_correction,0.0,0.0,0.0
test_004_55a330aff5c4,1600960620,ending_outstanding_mass,5.030040781377473e-07,5.030040781377473e-07,0.0
test_005_981c73a17708,301721597,total_operational_objective,113674.49301094213,113674.49301094211,1.4551915228366852e-11
test_005_981c73a17708,301721597,loss_queue,8345.305591583345,8345.305591583345,0.0
test_005_981c73a17708,301721597,loss_waiting,96070.48042591916,96070.48042591916,0.0
test_005_981c73a17708,301721597,loss_exit,3840.9342504867177,3840.9342504867177,0.0
test_005_981c73a17708,301721597,loss_overflow,3171.6674157882376,3171.6674157882376,0.0
test_005_981c73a17708,301721597,loss_route_resource,1279.3588753696863,1279.3588753696863,0.0
test_005_981c73a17708,301721597,loss_action,966.7464517949916,966.7464517949917,1.1368683772161603e-13
test_005_981c73a17708,301721597,terminal_correction,0.0,0.0,0.0
test_005_981c73a17708,301721597,ending_outstanding_mass,5.451818345040024e-07,5.451818345040024e-07,0.0
test_005_981c73a17708,554911178,total_operational_objective,116791.260487532,116791.260487532,0.0
test_005_981c73a17708,554911178,loss_queue,8303.777897844931,8303.777897844931,0.0
test_005_981c73a17708,554911178,loss_waiting,99179.03098139154,99179.03098139154,0.0
test_005_981c73a17708,554911178,loss_exit,3956.232533682137,3956.2325336821373,4.547473508864641e-13
test_005_981c73a17708,554911178,loss_overflow,3145.631284986254,3145.631284986254,0.0
test_005_981c73a17708,554911178,loss_route_resource,1271.4495170854295,1271.4495170854295,0.0
test_005_981c73a17708,554911178,loss_action,935.1382725417384,935.1382725417383,1.1368683772161603e-13
test_005_981c73a17708,554911178,terminal_correction,0.0,0.0,0.0
test_005_981c73a17708,554911178,ending_outstanding_mass,5.472848817732719e-07,5.472848817732719e-07,0.0
test_005_981c73a17708,1600960620,total_operational_objective,115404.94500455524,115404.94500455524,0.0
test_005_981c73a17708,1600960620,loss_queue,8294.970843916715,8294.970843916715,0.0
test_005_981c73a17708,1600960620,loss_waiting,97885.15700139522,97885.15700139522,0.0
test_005_981c73a17708,1600960620,loss_exit,3908.2785696196993,3908.2785696196993,0.0
test_005_981c73a17708,1600960620,loss_overflow,3141.892557599354,3141.892557599354,0.0
test_005_981c73a17708,1600960620,loss_route_resource,1268.8947494878375,1268.8947494878375,0.0
test_005_981c73a17708,1600960620,loss_action,905.7512825364136,905.7512825364136,0.0
test_005_981c73a17708,1600960620,terminal_correction,0.0,0.0,0.0
test_005_981c73a17708,1600960620,ending_outstanding_mass,5.463562346864334e-07,5.463562346864334e-07,0.0
test_006_daba4b1e9814,301721597,total_operational_objective,112319.95751251286,112319.95751251286,0.0
test_006_daba4b1e9814,301721597,loss_queue,8541.333829886556,8541.333829886556,0.0
test_006_daba4b1e9814,301721597,loss_waiting,94387.69616886352,94387.69616886353,1.4551915228366852e-11
test_006_daba4b1e9814,301721597,loss_exit,3760.2820455125743,3760.2820455125743,0.0
test_006_daba4b1e9814,301721597,loss_overflow,3335.9134827594844,3335.9134827594844,0.0
test_006_daba4b1e9814,301721597,loss_route_resource,1330.3544170373757,1330.3544170373757,0.0
test_006_daba4b1e9814,301721597,loss_action,964.3775684533728,964.3775684533729,1.1368683772161603e-13
test_006_daba4b1e9814,301721597,terminal_correction,0.0,0.0,0.0
test_006_daba4b1e9814,301721597,ending_outstanding_mass,6.43712370294556e-07,6.43712370294556e-07,0.0
test_006_daba4b1e9814,554911178,total_operational_objective,115211.43834164955,115211.43834164957,1.4551915228366852e-11
test_006_daba4b1e9814,554911178,loss_queue,8503.26739626411,8503.26739626411,0.0
test_006_daba4b1e9814,554911178,loss_waiting,97274.0028001319,97274.0028001319,0.0
test_006_daba4b1e9814,554911178,loss_exit,3866.970275643852,3866.9702756438523,4.547473508864641e-13
test_006_daba4b1e9814,554911178,loss_overflow,3310.0220990537377,3310.0220990537377,0.0
test_006_daba4b1e9814,554911178,loss_route_resource,1322.940899958444,1322.940899958444,0.0
test_006_daba4b1e9814,554911178,loss_action,934.2348705975182,934.2348705975182,0.0
test_006_daba4b1e9814,554911178,terminal_correction,0.0,0.0,0.0
test_006_daba4b1e9814,554911178,ending_outstanding_mass,6.457352588567288e-07,6.457352588567288e-07,0.0
test_006_daba4b1e9814,1600960620,total_operational_objective,113807.18156594264,113807.18156594265,1.4551915228366852e-11
test_006_daba4b1e9814,1600960620,loss_queue,8493.877258902869,8493.877258902869,0.0
test_006_daba4b1e9814,1600960620,loss_waiting,95966.40849540994,95966.40849540994,0.0
test_006_daba4b1e9814,1600960620,loss_exit,3817.673013935879,3817.6730139358788,4.547473508864641e-13
test_006_daba4b1e9814,1600960620,loss_overflow,3304.3004890143484,3304.3004890143484,0.0
test_006_daba4b1e9814,1600960620,loss_route_resource,1320.7458245100463,1320.7458245100463,0.0
test_006_daba4b1e9814,1600960620,loss_action,904.1764841695724,904.1764841695725,1.1368683772161603e-13
test_006_daba4b1e9814,1600960620,terminal_correction,0.0,0.0,0.0
test_006_daba4b1e9814,1600960620,ending_outstanding_mass,6.448016336447895e-07,6.448016336447895e-07,0.0
test_007_925513ee8ec6,301721597,total_operational_objective,114483.08924396732,114483.08924396732,0.0
test_007_925513ee8ec6,301721597,loss_queue,9946.547540508218,9946.547540508218,0.0
test_007_925513ee8ec6,301721597,loss_waiting,94041.83771180082,94041.83771180082,0.0
test_007_925513ee8ec6,301721597,loss_exit,3704.8286905351497,3704.8286905351497,0.0
test_007_925513ee8ec6,301721597,loss_overflow,4262.329825432184,4262.329825432184,0.0
test_007_925513ee8ec6,301721597,loss_route_resource,1572.8667538144607,1572.8667538144607,0.0
test_007_925513ee8ec6,301721597,loss_action,954.678721876448,954.678721876448,0.0
test_007_925513ee8ec6,301721597,terminal_correction,0.0,0.0,0.0
test_007_925513ee8ec6,301721597,ending_outstanding_mass,5.190185695481178e-07,5.190185695481178e-07,0.0
test_007_925513ee8ec6,554911178,total_operational_objective,117089.00177603596,117089.00177603596,0.0
test_007_925513ee8ec6,554911178,loss_queue,9906.753924330866,9906.753924330866,0.0
test_007_925513ee8ec6,554911178,loss_waiting,96654.18001387232,96654.18001387233,1.4551915228366852e-11
test_007_925513ee8ec6,554911178,loss_exit,3798.8036303018457,3798.8036303018457,0.0
test_007_925513ee8ec6,554911178,loss_overflow,4234.420936655305,4234.420936655305,0.0
test_007_925513ee8ec6,554911178,loss_route_resource,1566.2753709700407,1566.2753709700407,0.0
test_007_925513ee8ec6,554911178,loss_action,928.5678999055948,928.5678999055947,1.1368683772161603e-13
test_007_925513ee8ec6,554911178,terminal_correction,0.0,0.0,0.0
test_007_925513ee8ec6,554911178,ending_outstanding_mass,5.207908340472398e-07,5.207908340472398e-07,0.0
test_007_925513ee8ec6,1600960620,total_operational_objective,115881.46194270498,115881.46194270498,0.0
test_007_925513ee8ec6,1600960620,loss_queue,9900.356693368973,9900.356693368973,0.0
test_007_925513ee8ec6,1600960620,loss_waiting,95535.47828826743,95535.47828826745,1.4551915228366852e-11
test_007_925513ee8ec6,1600960620,loss_exit,3757.193741424095,3757.1937414240947,4.547473508864641e-13
test_007_925513ee8ec6,1600960620,loss_overflow,4229.738111101514,4229.738111101514,0.0
test_007_925513ee8ec6,1600960620,loss_route_resource,1563.557652034982,1563.557652034982,0.0
test_007_925513ee8ec6,1600960620,loss_action,895.1374565078931,895.1374565078931,0.0
test_007_925513ee8ec6,1600960620,terminal_correction,0.0,0.0,0.0
test_007_925513ee8ec6,1600960620,ending_outstanding_mass,5.200269481503352e-07,5.200269481503352e-07,0.0
test_008_fabe46a0ea00,301721597,total_operational_objective,106352.71713471226,106352.71713471226,0.0
test_008_fabe46a0ea00,301721597,loss_queue,7859.8797621782,7859.8797621782005,9.094947017729282e-13
test_008_fabe46a0ea00,301721597,loss_waiting,89820.41749760733,89820.41749760733,0.0
test_008_fabe46a0ea00,301721597,loss_exit,3581.107387520741,3581.107387520741,0.0
test_008_fabe46a0ea00,301721597,loss_overflow,2888.727732997691,2888.727732997691,0.0
test_008_fabe46a0ea00,301721597,loss_route_resource,1233.2361708794726,1233.2361708794726,0.0
test_008_fabe46a0ea00,301721597,loss_action,969.348583528836,969.3485835288359,1.1368683772161603e-13
test_008_fabe46a0ea00,301721597,terminal_correction,0.0,0.0,0.0
test_008_fabe46a0ea00,301721597,ending_outstanding_mass,5.494806691338203e-07,5.494806691338203e-07,0.0
test_008_fabe46a0ea00,554911178,total_operational_objective,109328.15901315025,109328.15901315023,1.4551915228366852e-11
test_008_fabe46a0ea00,554911178,loss_queue,7818.518579126578,7818.518579126578,0.0
test_008_fabe46a0ea00,554911178,loss_waiting,92790.8044232481,92790.8044232481,0.0
test_008_fabe46a0ea00,554911178,loss_exit,3691.73811860913,3691.7381186091307,4.547473508864641e-13
test_008_fabe46a0ea00,554911178,loss_overflow,2864.162757352505,2864.162757352505,0.0
test_008_fabe46a0ea00,554911178,loss_route_resource,1225.973869639404,1225.973869639404,0.0
test_008_fabe46a0ea00,554911178,loss_action,936.9612651745016,936.9612651745017,1.1368683772161603e-13
test_008_fabe46a0ea00,554911178,terminal_correction,0.0,0.0,0.0
test_008_fabe46a0ea00,554911178,ending_outstanding_mass,5.511895351037603e-07,5.511895351037603e-07,0.0
test_008_fabe46a0ea00,1600960620,total_operational_objective,107993.53043799724,107993.53043799725,1.4551915228366852e-11
test_008_fabe46a0ea00,1600960620,loss_queue,7812.9192426952095,7812.9192426952095,0.0
test_008_fabe46a0ea00,1600960620,loss_waiting,91540.25659152555,91540.25659152557,1.4551915228366852e-11
test_008_fabe46a0ea00,1600960620,loss_exit,3644.406331988947,3644.406331988947,0.0
test_008_fabe46a0ea00,1600960620,loss_overflow,2863.343505508405,2863.3435055084055,4.547473508864641e-13
test_008_fabe46a0ea00,1600960620,loss_route_resource,1224.212584082794,1224.212584082794,0.0
test_008_fabe46a0ea00,1600960620,loss_action,908.392182196338,908.392182196338,0.0
test_008_fabe46a0ea00,1600960620,terminal_correction,0.0,0.0,0.0
test_008_fabe46a0ea00,1600960620,ending_outstanding_mass,5.506819602965197e-07,5.506819602965197e-07,0.0
test_009_c8ef87e47101,301721597,total_operational_objective,118756.9684842583,118756.9684842583,0.0
test_009_c8ef87e47101,301721597,loss_queue,8285.943943636848,8285.943943636848,0.0
test_009_c8ef87e47101,301721597,loss_waiting,101010.0845947061,101010.0845947061,0.0
test_009_c8ef87e47101,301721597,loss_exit,4061.558277137793,4061.558277137793,0.0
test_009_c8ef87e47101,301721597,loss_overflow,3179.7280244138706,3179.7280244138706,0.0
test_009_c8ef87e47101,301721597,loss_route_resource,1251.2841963193923,1251.2841963193925,2.2737367544323206e-13
test_009_c8ef87e47101,301721597,loss_action,968.369448044298,968.3694480442981,1.1368683772161603e-13
test_009_c8ef87e47101,301721597,terminal_correction,0.0,0.0,0.0
test_009_c8ef87e47101,301721597,ending_outstanding_mass,6.662667805010783e-07,6.662667805010783e-07,0.0
test_009_c8ef87e47101,554911178,total_operational_objective,121668.98322916547,121668.98322916547,0.0
test_009_c8ef87e47101,554911178,loss_queue,8247.78553821743,8247.78553821743,0.0
test_009_c8ef87e47101,554911178,loss_waiting,103916.34133413836,103916.34133413836,0.0
test_009_c8ef87e47101,554911178,loss_exit,4169.374000829988,4169.374000829988,0.0
test_009_c8ef87e47101,554911178,loss_overflow,3154.6502044153376,3154.6502044153376,0.0
test_009_c8ef87e47101,554911178,loss_route_resource,1244.238966597175,1244.238966597175,0.0
test_009_c8ef87e47101,554911178,loss_action,936.5931849671916,936.5931849671915,1.1368683772161603e-13
test_009_c8ef87e47101,554911178,terminal_correction,0.0,0.0,0.0
test_009_c8ef87e47101,554911178,ending_outstanding_mass,6.686098632035378e-07,6.686098632035378e-07,0.0
test_009_c8ef87e47101,1600960620,total_operational_objective,120352.94657430596,120352.94657430597,1.4551915228366852e-11
test_009_c8ef87e47101,1600960620,loss_queue,8237.238166180634,8237.238166180634,0.0
test_009_c8ef87e47101,1600960620,loss_waiting,102694.10719455947,102694.10719455947,0.0
test_009_c8ef87e47101,1600960620,loss_exit,4123.5478769364,4123.5478769364,0.0
test_009_c8ef87e47101,1600960620,loss_overflow,3149.7404445542284,3149.7404445542284,0.0
test_009_c8ef87e47101,1600960620,loss_route_resource,1241.3888990986752,1241.3888990986752,0.0
test_009_c8ef87e47101,1600960620,loss_action,906.9239929765092,906.9239929765092,0.0
test_009_c8ef87e47101,1600960620,terminal_correction,0.0,0.0,0.0
test_009_c8ef87e47101,1600960620,ending_outstanding_mass,6.676614537454792e-07,6.676614537454792e-07,0.0
test_010_613ab99db82c,301721597,total_operational_objective,103799.08199151578,103799.08199151578,0.0
test_010_613ab99db82c,301721597,loss_queue,7665.093184830044,7665.093184830044,0.0
test_010_613ab99db82c,301721597,loss_waiting,87691.41092887355,87691.41092887355,0.0
test_010_613ab99db82c,301721597,loss_exit,3497.089389397291,3497.089389397291,0.0
test_010_613ab99db82c,301721597,loss_overflow,2737.9588147181985,2737.9588147181985,0.0
test_010_613ab99db82c,301721597,loss_route_resource,1176.664727003881,1176.6647270038807,2.2737367544323206e-13
test_010_613ab99db82c,301721597,loss_action,1030.8649466927864,1030.8649466927864,0.0
test_010_613ab99db82c,301721597,terminal_correction,0.0,0.0,0.0
test_010_613ab99db82c,301721597,ending_outstanding_mass,5.248839770145352e-07,5.248839770145352e-07,0.0
test_010_613ab99db82c,554911178,total_operational_objective,106709.99765810095,106709.99765810097,1.4551915228366852e-11
test_010_613ab99db82c,554911178,loss_queue,7637.472730105122,7637.4727301051225,9.094947017729282e-13
test_010_613ab99db82c,554911178,loss_waiting,90579.29854329478,90579.29854329478,0.0
test_010_613ab99db82c,554911178,loss_exit,3603.847338689471,3603.8473386894707,4.547473508864641e-13
test_010_613ab99db82c,554911178,loss_overflow,2722.476071215367,2722.476071215367,0.0
test_010_613ab99db82c,554911178,loss_route_resource,1170.3674287514718,1170.3674287514718,0.0
test_010_613ab99db82c,554911178,loss_action,996.5355460448092,996.5355460448092,0.0
test_010_613ab99db82c,554911178,terminal_correction,0.0,0.0,0.0
test_010_613ab99db82c,554911178,ending_outstanding_mass,5.26766419834366e-07,5.26766419834366e-07,0.0
test_010_613ab99db82c,1600960620,total_operational_objective,105405.89352976554,105405.89352976554,0.0
test_010_613ab99db82c,1600960620,loss_queue,7623.865267605791,7623.865267605791,0.0
test_010_613ab99db82c,1600960620,loss_waiting,89369.3569618778,89369.3569618778,0.0
test_010_613ab99db82c,1600960620,loss_exit,3559.37489433609,3559.37489433609,0.0
test_010_613ab99db82c,1600960620,loss_overflow,2718.435309173032,2718.4353091730322,4.547473508864641e-13
test_010_613ab99db82c,1600960620,loss_route_resource,1167.2221624463314,1167.2221624463314,0.0
test_010_613ab99db82c,1600960620,loss_action,967.6389343264924,967.6389343264924,0.0
test_010_613ab99db82c,1600960620,terminal_correction,0.0,0.0,0.0
test_010_613ab99db82c,1600960620,ending_outstanding_mass,5.260321084240292e-07,5.260321084240292e-07,0.0
test_011_8a2e74b38d5d,301721597,total_operational_objective,127127.72106708706,127127.72106708706,0.0
test_011_8a2e74b38d5d,301721597,loss_queue,9083.44482582155,9083.44482582155,0.0
test_011_8a2e74b38d5d,301721597,loss_waiting,107652.56299467292,107652.56299467293,1.4551915228366852e-11
test_011_8a2e74b38d5d,301721597,loss_exit,4330.288963427858,4330.288963427858,0.0
test_011_8a2e74b38d5d,301721597,loss_overflow,3711.746980865546,3711.746980865546,0.0
test_011_8a2e74b38d5d,301721597,loss_route_resource,1384.7079225202322,1384.7079225202322,0.0
test_011_8a2e74b38d5d,301721597,loss_action,964.9693797789251,964.9693797789251,0.0
test_011_8a2e74b38d5d,301721597,terminal_correction,0.0,0.0,0.0
test_011_8a2e74b38d5d,301721597,ending_outstanding_mass,6.653958114614883e-07,6.653958114614883e-07,0.0
test_011_8a2e74b38d5d,554911178,total_operational_objective,130623.34317335412,130623.34317335412,0.0
test_011_8a2e74b38d5d,554911178,loss_queue,9059.750505544289,9059.750505544289,0.0
test_011_8a2e74b38d5d,554911178,loss_waiting,111144.46338595734,111144.46338595734,0.0
test_011_8a2e74b38d5d,554911178,loss_exit,4456.666279046543,4456.666279046543,0.0
test_011_8a2e74b38d5d,554911178,loss_overflow,3704.9883170621474,3704.9883170621474,0.0
test_011_8a2e74b38d5d,554911178,loss_route_resource,1382.1890706897734,1382.1890706897734,0.0
test_011_8a2e74b38d5d,554911178,loss_action,875.2856150539994,875.2856150539994,0.0
test_011_8a2e74b38d5d,554911178,terminal_correction,0.0,0.0,0.0
test_011_8a2e74b38d5d,554911178,ending_outstanding_mass,6.678404524332353e-07,6.678404524332353e-07,0.0
test_011_8a2e74b38d5d,1600960620,total_operational_objective,128894.0233223928,128894.02332239281,1.4551915228366852e-11
test_011_8a2e74b38d5d,1600960620,loss_queue,9032.057793667693,9032.057793667691,1.8189894035458565e-12
test_011_8a2e74b38d5d,1600960620,loss_waiting,109506.02192542033,109506.02192542033,0.0
test_011_8a2e74b38d5d,1600960620,loss_exit,4399.319278445736,4399.319278445736,0.0
test_011_8a2e74b38d5d,1600960620,loss_overflow,3677.913772595019,3677.913772595019,0.0
test_011_8a2e74b38d5d,1600960620,loss_route_resource,1374.626656384315,1374.626656384315,0.0
test_011_8a2e74b38d5d,1600960620,loss_action,904.0838958797016,904.0838958797015,1.1368683772161603e-13
test_011_8a2e74b38d5d,1600960620,terminal_correction,0.0,0.0,0.0
test_011_8a2e74b38d5d,1600960620,ending_outstanding_mass,6.667058191312435e-07,6.667058191312435e-07,0.0
test_012_b6bdc05b20a7,301721597,total_operational_objective,119436.33013500011,119436.33013500011,0.0
test_012_b6bdc05b20a7,301721597,loss_queue,8982.83486581807,8982.83486581807,0.0
test_012_b6bdc05b20a7,301721597,loss_waiting,100496.63775386836,100496.63775386837,1.4551915228366852e-11
test_012_b6bdc05b20a7,301721597,loss_exit,4016.3317945691215,4016.3317945691224,9.094947017729282e-13
test_012_b6bdc05b20a7,301721597,loss_overflow,3589.56712505187,3589.56712505187,0.0
test_012_b6bdc05b20a7,301721597,loss_route_resource,1387.240895990744,1387.240895990744,0.0
test_012_b6bdc05b20a7,301721597,loss_action,963.7176997019508,963.7176997019508,0.0
test_012_b6bdc05b20a7,301721597,terminal_correction,0.0,0.0,0.0
test_012_b6bdc05b20a7,301721597,ending_outstanding_mass,5.584049274258609e-07,5.584049274258609e-07,0.0
test_012_b6bdc05b20a7,554911178,total_operational_objective,122426.78486693295,122426.78486693295,0.0
test_012_b6bdc05b20a7,554911178,loss_queue,8939.95321590447,8939.95321590447,0.0
test_012_b6bdc05b20a7,554911178,loss_waiting,103485.0993465775,103485.0993465775,0.0
test_012_b6bdc05b20a7,554911178,loss_exit,4126.610551821105,4126.610551821105,0.0
test_012_b6bdc05b20a7,554911178,loss_overflow,3562.0357308548,3562.0357308547996,4.547473508864641e-13
test_012_b6bdc05b20a7,554911178,loss_route_resource,1379.9260882116646,1379.9260882116646,0.0
test_012_b6bdc05b20a7,554911178,loss_action,933.1599335634096,933.1599335634097,1.1368683772161603e-13
test_012_b6bdc05b20a7,554911178,terminal_correction,0.0,0.0,0.0
test_012_b6bdc05b20a7,554911178,ending_outstanding_mass,5.605018045162542e-07,5.605018045162542e-07,0.0
test_012_b6bdc05b20a7,1600960620,total_operational_objective,120811.4064366639,120811.4064366639,0.0
test_012_b6bdc05b20a7,1600960620,loss_queue,8962.30814561257,8962.30814561257,0.0
test_012_b6bdc05b20a7,1600960620,loss_waiting,101853.83635345024,101853.83635345024,0.0
test_012_b6bdc05b20a7,1600960620,loss_exit,4068.698825740947,4068.698825740947,0.0
test_012_b6bdc05b20a7,1600960620,loss_overflow,3593.165655456012,3593.1656554560122,4.547473508864641e-13
test_012_b6bdc05b20a7,1600960620,loss_route_resource,1371.5298631748751,1371.5298631748751,0.0
test_012_b6bdc05b20a7,1600960620,loss_action,961.8675932292268,961.8675932292267,1.1368683772161603e-13
test_012_b6bdc05b20a7,1600960620,terminal_correction,0.0,0.0,0.0
test_012_b6bdc05b20a7,1600960620,ending_outstanding_mass,5.594429552811797e-07,5.594429552811797e-07,0.0
test_013_040653995d85,301721597,total_operational_objective,100640.20117727654,100640.20117727654,0.0
test_013_040653995d85,301721597,loss_queue,7681.958969046924,7681.958969046924,0.0
test_013_040653995d85,301721597,loss_waiting,84658.20897580408,84658.20897580408,0.0
test_013_040653995d85,301721597,loss_exit,3363.9467691102573,3363.9467691102573,0.0
test_013_040653995d85,301721597,loss_overflow,2784.3710402538486,2784.3710402538486,0.0
test_013_040653995d85,301721597,loss_route_resource,1183.6119574249076,1183.6119574249076,0.0
test_013_040653995d85,301721597,loss_action,968.103465636537,968.103465636537,0.0
test_013_040653995d85,301721597,terminal_correction,0.0,0.0,0.0
test_013_040653995d85,301721597,ending_outstanding_mass,5.086246978561587e-07,5.086246978561587e-07,0.0
test_013_040653995d85,554911178,total_operational_objective,103433.3777969403,103433.3777969403,0.0
test_013_040653995d85,554911178,loss_queue,7647.265143278224,7647.265143278224,0.0
test_013_040653995d85,554911178,loss_waiting,87445.45019967515,87445.45019967515,0.0
test_013_040653995d85,554911178,loss_exit,3466.789030265112,3466.7890302651117,4.547473508864641e-13
test_013_040653995d85,554911178,loss_overflow,2760.722080038181,2760.7220800381815,4.547473508864641e-13
test_013_040653995d85,554911178,loss_route_resource,1176.511011903613,1176.511011903613,0.0
test_013_040653995d85,554911178,loss_action,936.6403317799736,936.6403317799736,0.0
test_013_040653995d85,554911178,terminal_correction,0.0,0.0,0.0
test_013_040653995d85,554911178,ending_outstanding_mass,5.105939378765237e-07,5.105939378765237e-07,0.0
test_013_040653995d85,1600960620,total_operational_objective,102119.78247890245,102119.78247890245,0.0
test_013_040653995d85,1600960620,loss_queue,7635.642408763205,7635.642408763205,0.0
test_013_040653995d85,1600960620,loss_waiting,86228.79859262772,86228.79859262772,0.0
test_013_040653995d85,1600960620,loss_exit,3421.448212757748,3421.4482127577476,4.547473508864641e-13
test_013_040653995d85,1600960620,loss_overflow,2752.905644936683,2752.905644936683,0.0
test_013_040653995d85,1600960620,loss_route_resource,1173.9223422316006,1173.9223422316006,0.0
test_013_040653995d85,1600960620,loss_action,907.0652775854996,907.0652775854996,0.0
test_013_040653995d85,1600960620,terminal_correction,0.0,0.0,0.0
test_013_040653995d85,1600960620,ending_outstanding_mass,5.096599132102168e-07,5.096599132102168e-07,0.0
test_014_f00647451070,301721597,total_operational_objective,105088.18487386112,105088.18487386112,0.0
test_014_f00647451070,301721597,loss_queue,7885.391749419998,7885.391749419998,0.0
test_014_f00647451070,301721597,loss_waiting,88551.50285937775,88551.50285937775,0.0
test_014_f00647451070,301721597,loss_exit,3528.318400628933,3528.3184006289334,4.547473508864641e-13
test_014_f00647451070,301721597,loss_overflow,2923.075471316328,2923.0754713163274,4.547473508864641e-13
test_014_f00647451070,301721597,loss_route_resource,1231.1003562670596,1231.1003562670596,0.0
test_014_f00647451070,301721597,loss_action,968.7960368510752,968.7960368510751,1.1368683772161603e-13
test_014_f00647451070,301721597,terminal_correction,0.0,0.0,0.0
test_014_f00647451070,301721597,ending_outstanding_mass,5.33463814445167e-07,5.33463814445167e-07,0.0
test_014_f00647451070,554911178,total_operational_objective,108214.5741595403,108214.5741595403,0.0
test_014_f00647451070,554911178,loss_queue,7869.329621107278,7869.329621107278,0.0
test_014_f00647451070,554911178,loss_waiting,91673.62107723064,91673.62107723064,0.0
test_014_f00647451070,554911178,loss_exit,3639.3531706066015,3639.3531706066024,9.094947017729282e-13
test_014_f00647451070,554911178,loss_overflow,2925.6455191834702,2925.6455191834702,0.0
test_014_f00647451070,554911178,loss_route_resource,1229.3997029972154,1229.3997029972154,0.0
test_014_f00647451070,554911178,loss_action,877.2250684150707,877.2250684150707,0.0
test_014_f00647451070,554911178,terminal_correction,0.0,0.0,0.0
test_014_f00647451070,554911178,ending_outstanding_mass,5.354508395998046e-07,5.354508395998046e-07,0.0
test_014_f00647451070,1600960620,total_operational_objective,106557.54699762128,106557.54699762129,1.4551915228366852e-11
test_014_f00647451070,1600960620,loss_queue,7836.696375400154,7836.696375400154,0.0
test_014_f00647451070,1600960620,loss_waiting,90110.54418710816,90110.54418710816,0.0
test_014_f00647451070,1600960620,loss_exit,3585.068456912933,3585.068456912933,0.0
test_014_f00647451070,1600960620,loss_overflow,2895.524474654446,2895.524474654446,0.0
test_014_f00647451070,1600960620,loss_route_resource,1221.8324132116009,1221.8324132116009,0.0
test_014_f00647451070,1600960620,loss_action,907.8810903339524,907.8810903339523,1.1368683772161603e-13
test_014_f00647451070,1600960620,terminal_correction,0.0,0.0,0.0
test_014_f00647451070,1600960620,ending_outstanding_mass,5.345320298867725e-07,5.345320298867725e-07,0.0
test_015_643a837775f9,301721597,total_operational_objective,125857.54796185072,125857.54796185072,0.0
test_015_643a837775f9,301721597,loss_queue,10340.336946034942,10340.336946034942,0.0
test_015_643a837775f9,301721597,loss_waiting,104245.28138215802,104245.28138215802,0.0
test_015_643a837775f9,301721597,loss_exit,4145.493216706472,4145.493216706472,0.0
test_015_643a837775f9,301721597,loss_overflow,4546.621012124915,4546.621012124915,0.0
test_015_643a837775f9,301721597,loss_route_resource,1624.1143722385368,1624.1143722385368,0.0
test_015_643a837775f9,301721597,loss_action,955.7010325878302,955.7010325878302,0.0
test_015_643a837775f9,301721597,terminal_correction,0.0,0.0,0.0
test_015_643a837775f9,301721597,ending_outstanding_mass,5.699913923759915e-07,5.699913923759915e-07,0.0
test_015_643a837775f9,554911178,total_operational_objective,128784.8909448898,128784.8909448898,0.0
test_015_643a837775f9,554911178,loss_queue,10296.43954024941,10296.43954024941,0.0
test_015_643a837775f9,554911178,loss_waiting,107172.52376674456,107172.52376674456,0.0
test_015_643a837775f9,554911178,loss_exit,4253.627198415295,4253.627198415295,0.0
test_015_643a837775f9,554911178,loss_overflow,4515.863112596308,4515.863112596308,0.0
test_015_643a837775f9,554911178,loss_route_resource,1617.1530471447334,1617.1530471447334,0.0
test_015_643a837775f9,554911178,loss_action,929.2842797395116,929.2842797395117,1.1368683772161603e-13
test_015_643a837775f9,554911178,terminal_correction,0.0,0.0,0.0
test_015_643a837775f9,554911178,ending_outstanding_mass,5.719954540997596e-07,5.719954540997596e-07,0.0
test_015_643a837775f9,1600960620,total_operational_objective,127522.23353510303,127522.23353510305,1.4551915228366852e-11
test_015_643a837775f9,1600960620,loss_queue,10290.656618330622,10290.656618330622,0.0
test_015_643a837775f9,1600960620,loss_waiting,105999.13431020534,105999.13431020534,0.0
test_015_643a837775f9,1600960620,loss_exit,4209.441664595339,4209.441664595339,0.0
test_015_643a837775f9,1600960620,loss_overflow,4512.178805746592,4512.178805746592,0.0
test_015_643a837775f9,1600960620,loss_route_resource,1614.6716180136846,1614.6716180136846,0.0
test_015_643a837775f9,1600960620,loss_action,896.1505182114839,896.1505182114839,0.0
test_015_643a837775f9,1600960620,terminal_correction,0.0,0.0,0.0
test_015_643a837775f9,1600960620,ending_outstanding_mass,5.712147252685632e-07,5.712147252685632e-07,0.0
test_016_45a90ccef8bd,301721597,total_operational_objective,123335.74450508675,123335.74450508677,1.4551915228366852e-11
test_016_45a90ccef8bd,301721597,loss_queue,9137.687642481113,9137.687642481113,0.0
test_016_45a90ccef8bd,301721597,loss_waiting,103924.72369855664,103924.72369855663,1.4551915228366852e-11
test_016_45a90ccef8bd,301721597,loss_exit,4167.929094388485,4167.929094388485,0.0
test_016_45a90ccef8bd,301721597,loss_overflow,3739.123301515026,3739.123301515026,0.0
test_016_45a90ccef8bd,301721597,loss_route_resource,1402.2537632164126,1402.2537632164126,0.0
test_016_45a90ccef8bd,301721597,loss_action,964.0270049291458,964.0270049291458,0.0
test_016_45a90ccef8bd,301721597,terminal_correction,0.0,0.0,0.0
test_016_45a90ccef8bd,301721597,ending_outstanding_mass,5.676044415282915e-07,5.676044415282915e-07,0.0
test_016_45a90ccef8bd,554911178,total_operational_objective,126307.75232442984,126307.75232442984,0.0
test_016_45a90ccef8bd,554911178,loss_queue,9095.921006588764,9095.921006588764,0.0
test_016_45a90ccef8bd,554911178,loss_waiting,106894.53047560704,106894.53047560704,0.0
test_016_45a90ccef8bd,554911178,loss_exit,4278.409722377515,4278.409722377515,0.0
test_016_45a90ccef8bd,554911178,loss_overflow,3709.938895079873,3709.938895079873,0.0
test_016_45a90ccef8bd,554911178,loss_route_resource,1395.2265876539077,1395.2265876539075,2.2737367544323206e-13
test_016_45a90ccef8bd,554911178,loss_action,933.7256371227404,933.7256371227405,1.1368683772161603e-13
test_016_45a90ccef8bd,554911178,terminal_correction,0.0,0.0,0.0
test_016_45a90ccef8bd,554911178,ending_outstanding_mass,5.699648333256308e-07,5.699648333256308e-07,0.0
test_016_45a90ccef8bd,1600960620,total_operational_objective,124947.9170993232,124947.9170993232,0.0
test_016_45a90ccef8bd,1600960620,loss_queue,9088.11261067224,9088.11261067224,0.0
test_016_45a90ccef8bd,1600960620,loss_waiting,105627.96853998258,105627.96853998258,0.0
test_016_45a90ccef8bd,1600960620,loss_exit,4230.430910022293,4230.430910022293,0.0
test_016_45a90ccef8bd,1600960620,loss_overflow,3705.5054144208,3705.5054144207998,4.547473508864641e-13
test_016_45a90ccef8bd,1600960620,loss_route_resource,1392.6234259062142,1392.6234259062142,0.0
test_016_45a90ccef8bd,1600960620,loss_action,903.2761983190642,903.2761983190642,0.0
test_016_45a90ccef8bd,1600960620,terminal_correction,0.0,0.0,0.0
test_016_45a90ccef8bd,1600960620,ending_outstanding_mass,5.690170649135829e-07,5.690170649135829e-07,0.0
test_017_ebd333a3cdba,301721597,total_operational_objective,113668.39948945332,113668.39948945332,0.0
test_017_ebd333a3cdba,301721597,loss_queue,8784.881797984654,8784.881797984654,0.0
test_017_ebd333a3cdba,301721597,loss_waiting,95294.46522008904,95294.46522008904,0.0
test_017_ebd333a3cdba,301721597,loss_exit,3795.207170987055,3795.2071709870547,4.547473508864641e-13
test_017_ebd333a3cdba,301721597,loss_overflow,3469.712424873757,3469.712424873757,0.0
test_017_ebd333a3cdba,301721597,loss_route_resource,1360.963103284686,1360.963103284686,0.0
test_017_ebd333a3cdba,301721597,loss_action,963.1697722340972,963.1697722340972,0.0
test_017_ebd333a3cdba,301721597,terminal_correction,0.0,0.0,0.0
test_017_ebd333a3cdba,301721597,ending_outstanding_mass,6.212800068007235e-07,6.212800068007235e-07,0.0
test_017_ebd333a3cdba,554911178,total_operational_objective,116461.31685741762,116461.31685741762,0.0
test_017_ebd333a3cdba,554911178,loss_queue,8745.703122793808,8745.703122793808,0.0
test_017_ebd333a3cdba,554911178,loss_waiting,98088.51153314934,98088.51153314934,0.0
test_017_ebd333a3cdba,554911178,loss_exit,3896.838492795039,3896.8384927950387,4.547473508864641e-13
test_017_ebd333a3cdba,554911178,loss_overflow,3442.9154419210404,3442.9154419210404,0.0
test_017_ebd333a3cdba,554911178,loss_route_resource,1353.9843859006685,1353.9843859006685,0.0
test_017_ebd333a3cdba,554911178,loss_action,933.3638808577066,933.3638808577066,0.0
test_017_ebd333a3cdba,554911178,terminal_correction,0.0,0.0,0.0
test_017_ebd333a3cdba,554911178,ending_outstanding_mass,6.231511753356084e-07,6.231511753356084e-07,0.0
test_017_ebd333a3cdba,1600960620,total_operational_objective,115244.77794732494,115244.77794732494,0.0
test_017_ebd333a3cdba,1600960620,loss_queue,8735.763344036051,8735.763344036051,0.0
test_017_ebd333a3cdba,1600960620,loss_waiting,96963.87138119889,96963.87138119887,1.4551915228366852e-11
test_017_ebd333a3cdba,1600960620,loss_exit,3855.211080581354,3855.211080581354,0.0
test_017_ebd333a3cdba,1600960620,loss_overflow,3435.858179648168,3435.858179648168,0.0
test_017_ebd333a3cdba,1600960620,loss_route_resource,1350.9219641167508,1350.9219641167508,0.0
test_017_ebd333a3cdba,1600960620,loss_action,903.1519977437348,903.1519977437347,1.1368683772161603e-13
test_017_ebd333a3cdba,1600960620,terminal_correction,0.0,0.0,0.0
test_017_ebd333a3cdba,1600960620,ending_outstanding_mass,6.223815336621163e-07,6.223815336621163e-07,0.0
test_018_9466cee538c9,301721597,total_operational_objective,114574.79405655192,114574.79405655192,0.0
test_018_9466cee538c9,301721597,loss_queue,9069.105973705926,9069.105973705926,0.0
test_018_9466cee538c9,301721597,loss_waiting,95633.79896845228,95633.79896845229,1.4551915228366852e-11
test_018_9466cee538c9,301721597,loss_exit,3805.049282290566,3805.049282290566,0.0
test_018_9466cee538c9,301721597,loss_overflow,3679.462555790888,3679.462555790888,0.0
test_018_9466cee538c9,301721597,loss_route_resource,1425.1587312585418,1425.1587312585418,0.0
test_018_9466cee538c9,301721597,loss_action,962.2185450537507,962.2185450537509,1.1368683772161603e-13
test_018_9466cee538c9,301721597,terminal_correction,0.0,0.0,0.0
test_018_9466cee538c9,301721597,ending_outstanding_mass,5.127082357213975e-07,5.127082357213975e-07,0.0
test_018_9466cee538c9,554911178,total_operational_objective,117346.8109379754,117346.81093797539,1.4551915228366852e-11
test_018_9466cee538c9,554911178,loss_queue,9029.044638140762,9029.044638140762,0.0
test_018_9466cee538c9,554911178,loss_waiting,98408.78647680947,98408.78647680947,0.0
test_018_9466cee538c9,554911178,loss_exit,3906.2592328767687,3906.2592328767687,0.0
test_018_9466cee538c9,554911178,loss_overflow,3651.118714052522,3651.118714052522,0.0
test_018_9466cee538c9,554911178,loss_route_resource,1418.6552202019705,1418.6552202019705,0.0
test_018_9466cee538c9,554911178,loss_action,932.94665589388,932.9466558938799,1.1368683772161603e-13
test_018_9466cee538c9,554911178,terminal_correction,0.0,0.0,0.0
test_018_9466cee538c9,554911178,ending_outstanding_mass,5.145944431392482e-07,5.145944431392482e-07,0.0
test_018_9466cee538c9,1600960620,total_operational_objective,116167.9776325996,116167.97763259959,1.4551915228366852e-11
test_018_9466cee538c9,1600960620,loss_queue,9020.227501886848,9020.227501886848,0.0
test_018_9466cee538c9,1600960620,loss_waiting,97317.93739982182,97317.93739982182,0.0
test_018_9466cee538c9,1600960620,loss_exit,3865.82168625302,3865.8216862530203,4.547473508864641e-13
test_018_9466cee538c9,1600960620,loss_overflow,3646.157764126424,3646.157764126424,0.0
test_018_9466cee538c9,1600960620,loss_route_resource,1415.53557280648,1415.5355728064799,2.2737367544323206e-13
test_018_9466cee538c9,1600960620,loss_action,902.2977077050608,902.2977077050608,0.0
test_018_9466cee538c9,1600960620,terminal_correction,0.0,0.0,0.0
test_018_9466cee538c9,1600960620,ending_outstanding_mass,5.138867415462553e-07,5.138867415462553e-07,0.0
test_019_9d2b7462a57a,301721597,total_operational_objective,114711.19399600182,114711.19399600182,0.0
test_019_9d2b7462a57a,301721597,loss_queue,9537.000717208844,9537.000717208843,1.8189894035458565e-12
test_019_9d2b7462a57a,301721597,loss_waiting,94936.61048112618,94936.61048112618,0.0
test_019_9d2b7462a57a,301721597,loss_exit,3761.0155687440138,3761.0155687440138,0.0
test_019_9d2b7462a57a,301721597,loss_overflow,4028.0919006720983,4028.0919006720987,4.547473508864641e-13
test_019_9d2b7462a57a,301721597,loss_route_resource,1490.4223935425407,1490.4223935425407,0.0
test_019_9d2b7462a57a,301721597,loss_action,958.0529347080616,958.0529347080615,1.1368683772161603e-13
test_019_9d2b7462a57a,301721597,terminal_correction,0.0,0.0,0.0
test_019_9d2b7462a57a,301721597,ending_outstanding_mass,5.755082411161112e-07,5.755082411161112e-07,0.0
test_019_9d2b7462a57a,554911178,total_operational_objective,117306.9954046544,117306.99540465439,1.4551915228366852e-11
test_019_9d2b7462a57a,554911178,loss_queue,9498.847591335876,9498.847591335876,0.0
test_019_9d2b7462a57a,554911178,loss_waiting,97538.10429658469,97538.10429658467,1.4551915228366852e-11
test_019_9d2b7462a57a,554911178,loss_exit,3854.714769344279,3854.714769344279,0.0
test_019_9d2b7462a57a,554911178,loss_overflow,4000.977689539803,4000.977689539803,0.0
test_019_9d2b7462a57a,554911178,loss_route_resource,1484.1659899344272,1484.1659899344272,0.0
test_019_9d2b7462a57a,554911178,loss_action,930.1850679152908,930.1850679152908,0.0
test_019_9d2b7462a57a,554911178,terminal_correction,0.0,0.0,0.0
test_019_9d2b7462a57a,554911178,ending_outstanding_mass,5.774792640106945e-07,5.774792640106945e-07,0.0
test_019_9d2b7462a57a,1600960620,total_operational_objective,116032.3843028816,116032.3843028816,0.0
test_019_9d2b7462a57a,1600960620,loss_queue,9491.21823813124,9491.218238131241,1.8189894035458565e-12
test_019_9d2b7462a57a,1600960620,loss_waiting,96355.16207651696,96355.16207651695,1.4551915228366852e-11
test_019_9d2b7462a57a,1600960620,loss_exit,3810.721041759516,3810.721041759516,0.0
test_019_9d2b7462a57a,1600960620,loss_overflow,3995.379383710637,3995.3793837106364,4.547473508864641e-13
test_019_9d2b7462a57a,1600960620,loss_route_resource,1481.536699520056,1481.5366995200561,2.2737367544323206e-13
test_019_9d2b7462a57a,1600960620,loss_action,898.3668632431757,898.3668632431757,0.0
test_019_9d2b7462a57a,1600960620,terminal_correction,0.0,0.0,0.0
test_019_9d2b7462a57a,1600960620,ending_outstanding_mass,5.766592634913132e-07,5.766592634913132e-07,0.0
test_020_701c8d28bc45,301721597,total_operational_objective,119459.38094367168,119459.38094367168,0.0
test_020_701c8d28bc45,301721597,loss_queue,9131.602009504992,9131.602009504992,0.0
test_020_701c8d28bc45,301721597,loss_waiting,100210.09503510268,100210.09503510268,0.0
test_020_701c8d28bc45,301721597,loss_exit,4006.841536940608,4006.8415369406075,4.547473508864641e-13
test_020_701c8d28bc45,301721597,loss_overflow,3734.290578411308,3734.290578411308,0.0
test_020_701c8d28bc45,301721597,loss_route_resource,1413.411567336699,1413.411567336699,0.0
test_020_701c8d28bc45,301721597,loss_action,963.1402163754012,963.1402163754013,1.1368683772161603e-13
test_020_701c8d28bc45,301721597,terminal_correction,0.0,0.0,0.0
test_020_701c8d28bc45,301721597,ending_outstanding_mass,5.038080350744985e-07,5.038080350744985e-07,0.0
test_020_701c8d28bc45,554911178,total_operational_objective,122597.74548818624,122597.74548818625,1.4551915228366852e-11
test_020_701c8d28bc45,554911178,loss_queue,9088.599267912694,9088.599267912694,0.0
test_020_701c8d28bc45,554911178,loss_waiting,103340.54711734247,103340.54711734249,1.4551915228366852e-11
test_020_701c8d28bc45,554911178,loss_exit,4124.310193981071,4124.310193981071,0.0
test_020_701c8d28bc45,554911178,loss_overflow,3705.2278385445297,3705.2278385445297,0.0
test_020_701c8d28bc45,554911178,loss_route_resource,1405.7491502942655,1405.7491502942657,2.2737367544323206e-13
test_020_701c8d28bc45,554911178,loss_action,933.3119201111286,933.3119201111286,0.0
test_020_701c8d28bc45,554911178,terminal_correction,0.0,0.0,0.0
test_020_701c8d28bc45,554911178,ending_outstanding_mass,5.059712869190012e-07,5.059712869190012e-07,0.0
test_020_701c8d28bc45,1600960620,total_operational_objective,121212.2374609233,121212.2374609233,0.0
test_020_701c8d28bc45,1600960620,loss_queue,9082.43794176308,9082.437941763079,1.8189894035458565e-12
test_020_701c8d28bc45,1600960620,loss_waiting,102046.17803386718,102046.17803386718,0.0
test_020_701c8d28bc45,1600960620,loss_exit,4075.420202135173,4075.4202021351725,4.547473508864641e-13
test_020_701c8d28bc45,1600960620,loss_overflow,3702.212220717054,3702.212220717054,0.0
test_020_701c8d28bc45,1600960620,loss_route_resource,1403.4063868493931,1403.4063868493931,0.0
test_020_701c8d28bc45,1600960620,loss_action,902.582675591469,902.582675591469,0.0
test_020_701c8d28bc45,1600960620,terminal_correction,0.0,0.0,0.0
test_020_701c8d28bc45,1600960620,ending_outstanding_mass,5.05060493959864e-07,5.05060493959864e-07,0.0
test_021_69299bc5d0bf,301721597,total_operational_objective,109180.3824338799,109180.3824338799,0.0
test_021_69299bc5d0bf,301721597,loss_queue,8492.08329868464,8492.08329868464,0.0
test_021_69299bc5d0bf,301721597,loss_waiting,91462.6475140963,91462.6475140963,0.0
test_021_69299bc5d0bf,301721597,loss_exit,3633.910875593397,3633.910875593397,0.0
test_021_69299bc5d0bf,301721597,loss_overflow,3296.8624620067058,3296.8624620067058,0.0
test_021_69299bc5d0bf,301721597,loss_route_resource,1330.8195407723258,1330.8195407723258,0.0
test_021_69299bc5d0bf,301721597,loss_action,964.0587427265224,964.0587427265224,0.0
test_021_69299bc5d0bf,301721597,terminal_correction,0.0,0.0,0.0
test_021_69299bc5d0bf,301721597,ending_outstanding_mass,5.439284015495454e-07,5.439284015495454e-07,0.0
test_021_69299bc5d0bf,554911178,total_operational_objective,111935.92677298406,111935.92677298406,0.0
test_021_69299bc5d0bf,554911178,loss_queue,8454.621953180851,8454.621953180851,0.0
test_021_69299bc5d0bf,554911178,loss_waiting,94218.3086560281,94218.3086560281,0.0
test_021_69299bc5d0bf,554911178,loss_exit,3734.552929234893,3734.5529292348924,4.547473508864641e-13
test_021_69299bc5d0bf,554911178,loss_overflow,3270.591282065292,3270.591282065292,0.0
test_021_69299bc5d0bf,554911178,loss_route_resource,1323.9448862541672,1323.9448862541672,0.0
test_021_69299bc5d0bf,554911178,loss_action,933.9070662207132,933.9070662207131,1.1368683772161603e-13
test_021_69299bc5d0bf,554911178,terminal_correction,0.0,0.0,0.0
test_021_69299bc5d0bf,554911178,ending_outstanding_mass,5.458392228272339e-07,5.458392228272339e-07,0.0
test_021_69299bc5d0bf,1600960620,total_operational_objective,110655.3355256376,110655.3355256376,0.0
test_021_69299bc5d0bf,1600960620,loss_queue,8444.634146068336,8444.634146068336,0.0
test_021_69299bc5d0bf,1600960620,loss_waiting,93029.5912422748,93029.5912422748,0.0
test_021_69299bc5d0bf,1600960620,loss_exit,3690.772948167351,3690.772948167351,0.0
test_021_69299bc5d0bf,1600960620,loss_overflow,3265.177141407791,3265.177141407791,0.0
test_021_69299bc5d0bf,1600960620,loss_route_resource,1321.1936245571576,1321.1936245571576,0.0
test_021_69299bc5d0bf,1600960620,loss_action,903.9664231621524,903.9664231621524,0.0
test_021_69299bc5d0bf,1600960620,terminal_correction,0.0,0.0,0.0
test_021_69299bc5d0bf,1600960620,ending_outstanding_mass,5.450099121297915e-07,5.450099121297915e-07,0.0
test_022_1b3e72c80b5f,301721597,total_operational_objective,107657.25525641484,107657.25525641484,0.0
test_022_1b3e72c80b5f,301721597,loss_queue,8725.921987972564,8725.921987972564,0.0
test_022_1b3e72c80b5f,301721597,loss_waiting,89605.9777962346,89605.9777962346,0.0
test_022_1b3e72c80b5f,301721597,loss_exit,3545.757902824097,3545.757902824097,0.0
test_022_1b3e72c80b5f,301721597,loss_overflow,3440.5404793848675,3440.5404793848675,0.0
test_022_1b3e72c80b5f,301721597,loss_route_resource,1376.4172183639323,1376.4172183639325,2.2737367544323206e-13
test_022_1b3e72c80b5f,301721597,loss_action,962.6398716347268,962.6398716347269,1.1368683772161603e-13
test_022_1b3e72c80b5f,301721597,terminal_correction,0.0,0.0,0.0
test_022_1b3e72c80b5f,301721597,ending_outstanding_mass,5.015352782026586e-07,5.015352782026586e-07,0.0
test_022_1b3e72c80b5f,554911178,total_operational_objective,110553.18214317656,110553.18214317656,0.0
test_022_1b3e72c80b5f,554911178,loss_queue,8686.46326808609,8686.46326808609,0.0
test_022_1b3e72c80b5f,554911178,loss_waiting,92499.36405513017,92499.36405513015,1.4551915228366852e-11
test_022_1b3e72c80b5f,554911178,loss_exit,3651.801409540071,3651.801409540071,0.0
test_022_1b3e72c80b5f,554911178,loss_overflow,3413.673105479818,3413.673105479818,0.0
test_022_1b3e72c80b5f,554911178,loss_route_resource,1368.9757683385344,1368.9757683385344,0.0
test_022_1b3e72c80b5f,554911178,loss_action,932.9045366018656,932.9045366018657,1.1368683772161603e-13
test_022_1b3e72c80b5f,554911178,terminal_correction,0.0,0.0,0.0
test_022_1b3e72c80b5f,554911178,ending_outstanding_mass,5.034096474913817e-07,5.034096474913817e-07,0.0
test_022_1b3e72c80b5f,1600960620,total_operational_objective,109136.47297714515,109136.47297714517,1.4551915228366852e-11
test_022_1b3e72c80b5f,1600960620,loss_queue,8678.11623816983,8678.11623816983,0.0
test_022_1b3e72c80b5f,1600960620,loss_waiting,91178.41819520706,91178.41819520706,0.0
test_022_1b3e72c80b5f,1600960620,loss_exit,3601.9962452146115,3601.9962452146115,0.0
test_022_1b3e72c80b5f,1600960620,loss_overflow,3408.7932585986364,3408.7932585986364,0.0
test_022_1b3e72c80b5f,1600960620,loss_route_resource,1366.726967473517,1366.726967473517,0.0
test_022_1b3e72c80b5f,1600960620,loss_action,902.4220724815716,902.4220724815715,1.1368683772161603e-13
test_022_1b3e72c80b5f,1600960620,terminal_correction,0.0,0.0,0.0
test_022_1b3e72c80b5f,1600960620,ending_outstanding_mass,5.026030345820987e-07,5.026030345820987e-07,0.0
test_023_90a8af416c5a,301721597,total_operational_objective,116495.18669723564,116495.18669723564,0.0
test_023_90a8af416c5a,301721597,loss_queue,9390.419092971477,9390.419092971477,0.0
test_023_90a8af416c5a,301721597,loss_waiting,96873.08332420157,96873.08332420157,0.0
test_023_90a8af416c5a,301721597,loss_exit,3853.961472522661,3853.961472522661,0.0
test_023_90a8af416c5a,301721597,loss_overflow,3952.651312242339,3952.651312242339,0.0
test_023_90a8af416c5a,301721597,loss_route_resource,1464.2011094017637,1464.2011094017637,0.0
test_023_90a8af416c5a,301721597,loss_action,960.8703858958464,960.8703858958464,0.0
test_023_90a8af416c5a,301721597,terminal_correction,0.0,0.0,0.0
test_023_90a8af416c5a,301721597,ending_outstanding_mass,6.424053029136518e-07,6.424053029136518e-07,0.0
test_023_90a8af416c5a,554911178,total_operational_objective,119105.07033307404,119105.07033307404,0.0
test_023_90a8af416c5a,554911178,loss_queue,9355.54768387831,9355.54768387831,0.0
test_023_90a8af416c5a,554911178,loss_waiting,99481.07381427549,99481.07381427549,0.0
test_023_90a8af416c5a,554911178,loss_exit,3948.834059717026,3948.834059717026,0.0
test_023_90a8af416c5a,554911178,loss_overflow,3928.178351606637,3928.178351606637,0.0
test_023_90a8af416c5a,554911178,loss_route_resource,1458.5375863590298,1458.5375863590298,0.0
test_023_90a8af416c5a,554911178,loss_action,932.8988372375344,932.8988372375345,1.1368683772161603e-13
test_023_90a8af416c5a,554911178,terminal_correction,0.0,0.0,0.0
test_023_90a8af416c5a,554911178,ending_outstanding_mass,6.441390185351389e-07,6.441390185351389e-07,0.0
test_023_90a8af416c5a,1600960620,total_operational_objective,117933.46005888842,117933.46005888842,0.0
test_023_90a8af416c5a,1600960620,loss_queue,9346.851453268446,9346.851453268446,0.0
test_023_90a8af416c5a,1600960620,loss_waiting,98398.75530954525,98398.75530954525,0.0
test_023_90a8af416c5a,1600960620,loss_exit,3908.805835289671,3908.805835289671,0.0
test_023_90a8af416c5a,1600960620,loss_overflow,3922.381473139595,3922.381473139595,0.0
test_023_90a8af416c5a,1600960620,loss_route_resource,1455.5670365135934,1455.5670365135934,0.0
test_023_90a8af416c5a,1600960620,loss_action,901.0989511318352,901.0989511318351,1.1368683772161603e-13
test_023_90a8af416c5a,1600960620,terminal_correction,0.0,0.0,0.0
test_023_90a8af416c5a,1600960620,ending_outstanding_mass,6.434203272692088e-07,6.434203272692088e-07,0.0
test_024_e90f261f99e2,301721597,total_operational_objective,117339.35813160324,117339.35813160324,0.0
test_024_e90f261f99e2,301721597,loss_queue,8641.459158236987,8641.459158236987,0.0
test_024_e90f261f99e2,301721597,loss_waiting,99032.36247861304,99032.36247861304,0.0
test_024_e90f261f99e2,301721597,loss_exit,3970.15824315609,3970.15824315609,0.0
test_024_e90f261f99e2,301721597,loss_overflow,3406.2113384373106,3406.2113384373106,0.0
test_024_e90f261f99e2,301721597,loss_route_resource,1322.7956358410438,1322.7956358410438,0.0
test_024_e90f261f99e2,301721597,loss_action,966.371277318768,966.3712773187681,1.1368683772161603e-13
test_024_e90f261f99e2,301721597,terminal_correction,0.0,0.0,0.0
test_024_e90f261f99e2,301721597,ending_outstanding_mass,5.690738277818597e-07,5.690738277818597e-07,0.0
test_024_e90f261f99e2,554911178,total_operational_objective,120600.21524871724,120600.21524871723,1.4551915228366852e-11
test_024_e90f261f99e2,554911178,loss_queue,8600.28571958533,8600.28571958533,0.0
test_024_e90f261f99e2,554911178,loss_waiting,102279.47534989985,102279.47534989983,1.4551915228366852e-11
test_024_e90f261f99e2,554911178,loss_exit,4091.6185752984056,4091.6185752984056,0.0
test_024_e90f261f99e2,554911178,loss_overflow,3379.156971354472,3379.156971354472,0.0
test_024_e90f261f99e2,554911178,loss_route_resource,1314.6258667797829,1314.6258667797829,0.0
test_024_e90f261f99e2,554911178,loss_action,935.0527657993916,935.0527657993916,0.0
test_024_e90f261f99e2,554911178,terminal_correction,0.0,0.0,0.0
test_024_e90f261f99e2,554911178,ending_outstanding_mass,5.713424475681648e-07,5.713424475681648e-07,0.0
test_024_e90f261f99e2,1600960620,total_operational_objective,119178.04684464174,119178.04684464174,0.0
test_024_e90f261f99e2,1600960620,loss_queue,8590.485350726467,8590.485350726467,0.0
test_024_e90f261f99e2,1600960620,loss_waiting,100954.5454750634,100954.54547506341,1.4551915228366852e-11
test_024_e90f261f99e2,1600960620,loss_exit,4042.2896326153887,4042.2896326153887,0.0
test_024_e90f261f99e2,1600960620,loss_overflow,3373.1764841294203,3373.1764841294203,0.0
test_024_e90f261f99e2,1600960620,loss_route_resource,1312.2233591076597,1312.2233591076595,2.2737367544323206e-13
test_024_e90f261f99e2,1600960620,loss_action,905.3265429993432,905.3265429993431,1.1368683772161603e-13
test_024_e90f261f99e2,1600960620,terminal_correction,0.0,0.0,0.0
test_024_e90f261f99e2,1600960620,ending_outstanding_mass,5.704117518917142e-07,5.704117518917142e-07,0.0
test_025_0c3eeaae0824,301721597,total_operational_objective,117114.9221555411,117114.9221555411,0.0
test_025_0c3eeaae0824,301721597,loss_queue,8514.874359505631,8514.874359505631,0.0
test_025_0c3eeaae0824,301721597,loss_waiting,99056.88254641324,99056.88254641325,1.4551915228366852e-11
test_025_0c3eeaae0824,301721597,loss_exit,3957.949667132031,3957.9496671320308,4.547473508864641e-13
test_025_0c3eeaae0824,301721597,loss_overflow,3305.960865012647,3305.960865012647,0.0
test_025_0c3eeaae0824,301721597,loss_route_resource,1313.715979766905,1313.7159797669053,2.2737367544323206e-13
test_025_0c3eeaae0824,301721597,loss_action,965.5387377106,965.5387377106,0.0
test_025_0c3eeaae0824,301721597,terminal_correction,0.0,0.0,0.0
test_025_0c3eeaae0824,301721597,ending_outstanding_mass,6.842157014647161e-07,6.842157014647161e-07,0.0
test_025_0c3eeaae0824,554911178,total_operational_objective,119810.2443536653,119810.2443536653,0.0
test_025_0c3eeaae0824,554911178,loss_queue,8475.555146246019,8475.555146246019,0.0
test_025_0c3eeaae0824,554911178,loss_waiting,101753.93915820937,101753.93915820935,1.4551915228366852e-11
test_025_0c3eeaae0824,554911178,loss_exit,4056.71320262589,4056.71320262589,0.0
test_025_0c3eeaae0824,554911178,loss_overflow,3282.611214424615,3282.611214424615,0.0
test_025_0c3eeaae0824,554911178,loss_route_resource,1307.0880412401148,1307.0880412401148,0.0
test_025_0c3eeaae0824,554911178,loss_action,934.337590919306,934.3375909193061,1.1368683772161603e-13
test_025_0c3eeaae0824,554911178,terminal_correction,0.0,0.0,0.0
test_025_0c3eeaae0824,554911178,ending_outstanding_mass,6.861922583061318e-07,6.861922583061318e-07,0.0
test_025_0c3eeaae0824,1600960620,total_operational_objective,118439.7346434764,118439.73464347639,1.4551915228366852e-11
test_025_0c3eeaae0824,1600960620,loss_queue,8468.703232923855,8468.703232923855,0.0
test_025_0c3eeaae0824,1600960620,loss_waiting,100469.99712098613,100469.99712098613,0.0
test_025_0c3eeaae0824,1600960620,loss_exit,4008.1778324329807,4008.1778324329807,0.0
test_025_0c3eeaae0824,1600960620,loss_overflow,3283.0185629750813,3283.0185629750813,0.0
test_025_0c3eeaae0824,1600960620,loss_route_resource,1304.765608246725,1304.765608246725,0.0
test_025_0c3eeaae0824,1600960620,loss_action,905.0722859115882,905.0722859115882,0.0
test_025_0c3eeaae0824,1600960620,terminal_correction,0.0,0.0,0.0
test_025_0c3eeaae0824,1600960620,ending_outstanding_mass,6.852045299701031e-07,6.852045299701031e-07,0.0
test_026_770d47ae1768,301721597,total_operational_objective,125542.3361350915,125542.3361350915,0.0
test_026_770d47ae1768,301721597,loss_queue,8627.845493331057,8627.845493331057,0.0
test_026_770d47ae1768,301721597,loss_waiting,106884.73595548068,106884.73595548069,1.4551915228366852e-11
test_026_770d47ae1768,301721597,loss_exit,4304.807971325009,4304.807971325009,0.0
test_026_770d47ae1768,301721597,loss_overflow,3448.656160900714,3448.656160900714,0.0
test_026_770d47ae1768,301721597,loss_route_resource,1308.9104275334555,1308.9104275334557,2.2737367544323206e-13
test_026_770d47ae1768,301721597,loss_action,967.3801265205432,967.3801265205433,1.1368683772161603e-13
test_026_770d47ae1768,301721597,terminal_correction,0.0,0.0,0.0
test_026_770d47ae1768,301721597,ending_outstanding_mass,7.138382440475186e-07,7.138382440475186e-07,0.0
test_026_770d47ae1768,554911178,total_operational_objective,128645.18716550256,128645.18716550255,1.4551915228366852e-11
test_026_770d47ae1768,554911178,loss_queue,8593.592414710249,8593.592414710249,0.0
test_026_770d47ae1768,554911178,loss_waiting,109963.09113674345,109963.09113674343,1.4551915228366852e-11
test_026_770d47ae1768,554911178,loss_exit,4420.6948580145845,4420.6948580145845,0.0
test_026_770d47ae1768,554911178,loss_overflow,3431.022755982117,3431.022755982117,0.0
test_026_770d47ae1768,554911178,loss_route_resource,1301.019587601654,1301.019587601654,0.0
test_026_770d47ae1768,554911178,loss_action,935.7664124505312,935.7664124505313,1.1368683772161603e-13
test_026_770d47ae1768,554911178,terminal_correction,0.0,0.0,0.0
test_026_770d47ae1768,554911178,ending_outstanding_mass,7.160449365566598e-07,7.160449365566598e-07,0.0
test_026_770d47ae1768,1600960620,total_operational_objective,127283.90382890133,127283.90382890131,1.4551915228366852e-11
test_026_770d47ae1768,1600960620,loss_queue,8589.73403879328,8589.73403879328,0.0
test_026_770d47ae1768,1600960620,loss_waiting,108683.06555398638,108683.06555398638,0.0
test_026_770d47ae1768,1600960620,loss_exit,4372.985598481435,4372.985598481435,0.0
test_026_770d47ae1768,1600960620,loss_overflow,3431.1600125151344,3431.1600125151344,0.0
test_026_770d47ae1768,1600960620,loss_route_resource,1299.5995392659806,1299.5995392659806,0.0
test_026_770d47ae1768,1600960620,loss_action,907.3590858590744,907.3590858590744,0.0
test_026_770d47ae1768,1600960620,terminal_correction,0.0,0.0,0.0
test_026_770d47ae1768,1600960620,ending_outstanding_mass,7.150792452632675e-07,7.150792452632675e-07,0.0
test_027_df5d670513fa,301721597,total_operational_objective,110369.7975126935,110369.7975126935,0.0
test_027_df5d670513fa,301721597,loss_queue,8637.738696523342,8637.738696523342,0.0
test_027_df5d670513fa,301721597,loss_waiting,92363.89422722132,92363.89422722133,1.4551915228366852e-11
test_027_df5d670513fa,301721597,loss_exit,3668.268085107045,3668.2680851070445,4.547473508864641e-13
test_027_df5d670513fa,301721597,loss_overflow,3383.212045355501,3383.2120453555012,4.547473508864641e-13
test_027_df5d670513fa,301721597,loss_route_resource,1353.2036044121724,1353.2036044121724,0.0
test_027_df5d670513fa,301721597,loss_action,963.4808540740372,963.4808540740372,0.0
test_027_df5d670513fa,301721597,terminal_correction,0.0,0.0,0.0
test_027_df5d670513fa,301721597,ending_outstanding_mass,4.901930999204254e-07,4.901930999204254e-07,0.0
test_027_df5d670513fa,554911178,total_operational_objective,113161.1788595283,113161.1788595283,0.0
test_027_df5d670513fa,554911178,loss_queue,8598.39943483238,8598.39943483238,0.0
test_027_df5d670513fa,554911178,loss_waiting,95155.70481572144,95155.70481572143,1.4551915228366852e-11
test_027_df5d670513fa,554911178,loss_exit,3771.108430892045,3771.1084308920454,4.547473508864641e-13
test_027_df5d670513fa,554911178,loss_overflow,3355.9731179126456,3355.9731179126456,0.0
test_027_df5d670513fa,554911178,loss_route_resource,1346.191450345968,1346.191450345968,0.0
test_027_df5d670513fa,554911178,loss_action,933.8016098238284,933.8016098238285,1.1368683772161603e-13
test_027_df5d670513fa,554911178,terminal_correction,0.0,0.0,0.0
test_027_df5d670513fa,554911178,ending_outstanding_mass,4.921392609727096e-07,4.921392609727096e-07,0.0
test_027_df5d670513fa,1600960620,total_operational_objective,111887.10029165444,111887.10029165444,0.0
test_027_df5d670513fa,1600960620,loss_queue,8590.210824022004,8590.210824022004,0.0
test_027_df5d670513fa,1600960620,loss_waiting,93971.19287584424,93971.19287584425,1.4551915228366852e-11
test_027_df5d670513fa,1600960620,loss_exit,3726.748672292766,3726.748672292766,0.0
test_027_df5d670513fa,1600960620,loss_overflow,3352.3146039387875,3352.3146039387875,0.0
test_027_df5d670513fa,1600960620,loss_route_resource,1343.4294003261753,1343.4294003261753,0.0
test_027_df5d670513fa,1600960620,loss_action,903.2039152304808,903.2039152304807,1.1368683772161603e-13
test_027_df5d670513fa,1600960620,terminal_correction,0.0,0.0,0.0
test_027_df5d670513fa,1600960620,ending_outstanding_mass,4.912955530691472e-07,4.912955530691472e-07,0.0
test_028_e9fb02365dd3,301721597,total_operational_objective,107124.46634485174,107124.46634485174,0.0
test_028_e9fb02365dd3,301721597,loss_queue,7938.4554139723,7938.4554139723,0.0
test_028_e9fb02365dd3,301721597,loss_waiting,90407.98183325722,90407.98183325722,0.0
test_028_e9fb02365dd3,301721597,loss_exit,3604.211230648658,3604.211230648658,0.0
test_028_e9fb02365dd3,301721597,loss_overflow,2963.0666960802937,2963.0666960802937,0.0
test_028_e9fb02365dd3,301721597,loss_route_resource,1242.4442247916943,1242.4442247916945,2.2737367544323206e-13
test_028_e9fb02365dd3,301721597,loss_action,968.3069461015476,968.3069461015476,0.0
test_028_e9fb02365dd3,301721597,terminal_correction,0.0,0.0,0.0
test_028_e9fb02365dd3,301721597,ending_outstanding_mass,4.95663884087552e-07,4.95663884087552e-07,0.0
test_028_e9fb02365dd3,554911178,total_operational_objective,109969.57044940576,109969.57044940577,1.4551915228366852e-11
test_028_e9fb02365dd3,554911178,loss_queue,7899.333305629614,7899.333305629614,0.0
test_028_e9fb02365dd3,554911178,loss_waiting,93250.96905522211,93250.96905522213,1.4551915228366852e-11
test_028_e9fb02365dd3,554911178,loss_exit,3709.390396466761,3709.390396466761,0.0
test_028_e9fb02365dd3,554911178,loss_overflow,2937.9344904890936,2937.9344904890936,0.0
test_028_e9fb02365dd3,554911178,loss_route_resource,1235.0775822751152,1235.0775822751152,0.0
test_028_e9fb02365dd3,554911178,loss_action,936.8656193230696,936.8656193230695,1.1368683772161603e-13
test_028_e9fb02365dd3,554911178,terminal_correction,0.0,0.0,0.0
test_028_e9fb02365dd3,554911178,ending_outstanding_mass,4.976709829839143e-07,4.976709829839143e-07,0.0
test_028_e9fb02365dd3,1600960620,total_operational_objective,108729.62284116448,108729.62284116447,1.4551915228366852e-11
test_028_e9fb02365dd3,1600960620,loss_queue,7892.467815207171,7892.467815207171,0.0
test_028_e9fb02365dd3,1600960620,loss_waiting,92095.8282720384,92095.82827203839,1.4551915228366852e-11
test_028_e9fb02365dd3,1600960620,loss_exit,3666.3723424049695,3666.3723424049704,9.094947017729282e-13
test_028_e9fb02365dd3,1600960620,loss_overflow,2934.202869458984,2934.202869458984,0.0
test_028_e9fb02365dd3,1600960620,loss_route_resource,1233.0495334840616,1233.0495334840616,0.0
test_028_e9fb02365dd3,1600960620,loss_action,907.7020085709444,907.7020085709445,1.1368683772161603e-13
test_028_e9fb02365dd3,1600960620,terminal_correction,0.0,0.0,0.0
test_028_e9fb02365dd3,1600960620,ending_outstanding_mass,4.968165714444161e-07,4.968165714444161e-07,0.0
test_029_b44f60718c5a,301721597,total_operational_objective,113022.39931431237,113022.39931431235,1.4551915228366852e-11
test_029_b44f60718c5a,301721597,loss_queue,8028.178047406281,8028.178047406281,0.0
test_029_b44f60718c5a,301721597,loss_waiting,95895.81785583036,95895.81785583035,1.4551915228366852e-11
test_029_b44f60718c5a,301721597,loss_exit,3847.361294808869,3847.361294808869,0.0
test_029_b44f60718c5a,301721597,loss_overflow,2995.3070056557103,2995.3070056557103,0.0
test_029_b44f60718c5a,301721597,loss_route_resource,1225.4441498248727,1225.4441498248727,0.0
test_029_b44f60718c5a,301721597,loss_action,1030.2909607863096,1030.2909607863096,0.0
test_029_b44f60718c5a,301721597,terminal_correction,0.0,0.0,0.0
test_029_b44f60718c5a,301721597,ending_outstanding_mass,5.888831024854935e-07,5.888831024854935e-07,0.0
test_029_b44f60718c5a,554911178,total_operational_objective,116016.5629588422,116016.56295884219,1.4551915228366852e-11
test_029_b44f60718c5a,554911178,loss_queue,7997.762669819188,7997.762669819188,0.0
test_029_b44f60718c5a,554911178,loss_waiting,98865.12286029191,98865.12286029193,1.4551915228366852e-11
test_029_b44f60718c5a,554911178,loss_exit,3956.731555214783,3956.731555214783,0.0
test_029_b44f60718c5a,554911178,loss_overflow,2981.539976837825,2981.539976837825,0.0
test_029_b44f60718c5a,554911178,loss_route_resource,1219.2533914794358,1219.2533914794358,0.0
test_029_b44f60718c5a,554911178,loss_action,996.1525051990266,996.1525051990266,0.0
test_029_b44f60718c5a,554911178,terminal_correction,0.0,0.0,0.0
test_029_b44f60718c5a,554911178,ending_outstanding_mass,5.908770308288795e-07,5.908770308288795e-07,0.0
test_029_b44f60718c5a,1600960620,total_operational_objective,114783.68184102129,114783.68184102127,1.4551915228366852e-11
test_029_b44f60718c5a,1600960620,loss_queue,7985.220071471703,7985.220071471703,0.0
test_029_b44f60718c5a,1600960620,loss_waiting,97718.3064562089,97718.3064562089,0.0
test_029_b44f60718c5a,1600960620,loss_exit,3915.2393229389504,3915.2393229389504,0.0
test_029_b44f60718c5a,1600960620,loss_overflow,2981.5350086471058,2981.5350086471058,0.0
test_029_b44f60718c5a,1600960620,loss_route_resource,1215.8393894547144,1215.8393894547144,0.0
test_029_b44f60718c5a,1600960620,loss_action,967.5415922999256,967.5415922999257,1.1368683772161603e-13
test_029_b44f60718c5a,1600960620,terminal_correction,0.0,0.0,0.0
test_029_b44f60718c5a,1600960620,ending_outstanding_mass,5.901170966386264e-07,5.901170966386264e-07,0.0
test_030_038f4c53d11f,301721597,total_operational_objective,108556.14926997156,108556.14926997155,1.4551915228366852e-11
test_030_038f4c53d11f,301721597,loss_queue,8425.875855622155,8425.875855622155,0.0
test_030_038f4c53d11f,301721597,loss_waiting,90953.21810197462,90953.21810197462,0.0
test_030_038f4c53d11f,301721597,loss_exit,3616.225493483105,3616.2254934831053,4.547473508864641e-13
test_030_038f4c53d11f,301721597,loss_overflow,3275.8383079948644,3275.8383079948644,0.0
test_030_038f4c53d11f,301721597,loss_route_resource,1320.5055625285504,1320.5055625285504,0.0
test_030_038f4c53d11f,301721597,loss_action,964.4859483682932,964.4859483682931,1.1368683772161603e-13
test_030_038f4c53d11f,301721597,terminal_correction,0.0,0.0,0.0
test_030_038f4c53d11f,301721597,ending_outstanding_mass,5.583516380831498e-07,5.583516380831498e-07,0.0
test_030_038f4c53d11f,554911178,total_operational_objective,111328.78573945204,111328.78573945204,0.0
test_030_038f4c53d11f,554911178,loss_queue,8388.084532361583,8388.084532361583,0.0
test_030_038f4c53d11f,554911178,loss_waiting,93724.97555355848,93724.97555355847,1.4551915228366852e-11
test_030_038f4c53d11f,554911178,loss_exit,3718.2715763799615,3718.2715763799624,9.094947017729282e-13
test_030_038f4c53d11f,554911178,loss_overflow,3249.374502686585,3249.374502686585,0.0
test_030_038f4c53d11f,554911178,loss_route_resource,1313.663552147789,1313.663552147789,0.0
test_030_038f4c53d11f,554911178,loss_action,934.4160223176762,934.4160223176762,0.0
test_030_038f4c53d11f,554911178,terminal_correction,0.0,0.0,0.0
test_030_038f4c53d11f,554911178,ending_outstanding_mass,5.602298569896842e-07,5.602298569896842e-07,0.0
test_030_038f4c53d11f,1600960620,total_operational_objective,109993.14693913847,109993.14693913849,1.4551915228366852e-11
test_030_038f4c53d11f,1600960620,loss_queue,8378.814825860463,8378.814825860463,0.0
test_030_038f4c53d11f,1600960620,loss_waiting,92482.89194252658,92482.89194252658,0.0
test_030_038f4c53d11f,1600960620,loss_exit,3671.9529769785536,3671.9529769785536,0.0
test_030_038f4c53d11f,1600960620,loss_overflow,3244.20542945486,3244.20542945486,0.0
test_030_038f4c53d11f,1600960620,loss_route_resource,1311.095264572733,1311.095264572733,0.0
test_030_038f4c53d11f,1600960620,loss_action,904.1864997452616,904.1864997452616,0.0
test_030_038f4c53d11f,1600960620,terminal_correction,0.0,0.0,0.0
test_030_038f4c53d11f,1600960620,ending_outstanding_mass,5.594115734198008e-07,5.594115734198008e-07,0.0
test_031_0a6ff70351b5,301721597,total_operational_objective,112731.36457057938,112731.36457057938,0.0
test_031_0a6ff70351b5,301721597,loss_queue,8101.119593563881,8101.119593563881,0.0
test_031_0a6ff70351b5,301721597,loss_waiting,95582.34925497371,95582.34925497373,1.4551915228366852e-11
test_031_0a6ff70351b5,301721597,loss_exit,3828.3002206100286,3828.3002206100286,0.0
test_031_0a6ff70351b5,301721597,loss_overflow,3009.1424057575464,3009.1424057575464,0.0
test_031_0a6ff70351b5,301721597,loss_route_resource,1241.7691797307186,1241.7691797307186,0.0
test_031_0a6ff70351b5,301721597,loss_action,968.6839159434454,968.6839159434454,0.0
test_031_0a6ff70351b5,301721597,terminal_correction,0.0,0.0,0.0
test_031_0a6ff70351b5,301721597,ending_outstanding_mass,5.40180991273987e-07,5.40180991273987e-07,0.0
test_031_0a6ff70351b5,554911178,total_operational_objective,115820.66217751136,115820.66217751137,1.4551915228366852e-11
test_031_0a6ff70351b5,554911178,loss_queue,8061.307747820778,8061.307747820778,0.0
test_031_0a6ff70351b5,554911178,loss_waiting,98660.52354300884,98660.52354300884,0.0
test_031_0a6ff70351b5,554911178,loss_exit,3942.37757073708,3942.3775707370796,4.547473508864641e-13
test_031_0a6ff70351b5,554911178,loss_overflow,2985.7619022972917,2985.7619022972913,4.547473508864641e-13
test_031_0a6ff70351b5,554911178,loss_route_resource,1234.1718667897533,1234.1718667897533,0.0
test_031_0a6ff70351b5,554911178,loss_action,936.5195468576336,936.5195468576337,1.1368683772161603e-13
test_031_0a6ff70351b5,554911178,terminal_correction,0.0,0.0,0.0
test_031_0a6ff70351b5,554911178,ending_outstanding_mass,5.422910384237354e-07,5.422910384237354e-07,0.0
test_031_0a6ff70351b5,1600960620,total_operational_objective,114558.50128325728,114558.50128325727,1.4551915228366852e-11
test_031_0a6ff70351b5,1600960620,loss_queue,8049.973242181692,8049.973242181692,0.0
test_031_0a6ff70351b5,1600960620,loss_waiting,97487.6934455476,97487.69344554761,1.4551915228366852e-11
test_031_0a6ff70351b5,1600960620,loss_exit,3899.636069927451,3899.636069927451,0.0
test_031_0a6ff70351b5,1600960620,loss_overflow,2982.344470708957,2982.344470708957,0.0
test_031_0a6ff70351b5,1600960620,loss_route_resource,1231.1646569343595,1231.1646569343595,0.0
test_031_0a6ff70351b5,1600960620,loss_action,907.6893979571756,907.6893979571755,1.1368683772161603e-13
test_031_0a6ff70351b5,1600960620,terminal_correction,0.0,0.0,0.0
test_031_0a6ff70351b5,1600960620,ending_outstanding_mass,5.41505290872526e-07,5.41505290872526e-07,0.0
test_032_efdf826e6bc3,301721597,total_operational_objective,114433.54709841048,114433.54709841049,1.4551915228366852e-11
test_032_efdf826e6bc3,301721597,loss_queue,8992.992208327525,8992.992208327525,0.0
test_032_efdf826e6bc3,301721597,loss_waiting,95610.09157057156,95610.09157057156,0.0
test_032_efdf826e6bc3,301721597,loss_exit,3805.150015606573,3805.150015606573,0.0
test_032_efdf826e6bc3,301721597,loss_overflow,3611.447063427282,3611.447063427282,0.0
test_032_efdf826e6bc3,301721597,loss_route_resource,1391.6263797148115,1391.6263797148117,2.2737367544323206e-13
test_032_efdf826e6bc3,301721597,loss_action,1022.2398607626816,1022.2398607626816,0.0
test_032_efdf826e6bc3,301721597,terminal_correction,0.0,0.0,0.0
test_032_efdf826e6bc3,301721597,ending_outstanding_mass,5.583032152747476e-07,5.583032152747476e-07,0.0
test_032_efdf826e6bc3,554911178,total_operational_objective,117267.43983086116,117267.43983086116,0.0
test_032_efdf826e6bc3,554911178,loss_queue,8964.147931690855,8964.147931690855,0.0
test_032_efdf826e6bc3,554911178,loss_waiting,98423.27957153162,98423.27957153162,0.0
test_032_efdf826e6bc3,554911178,loss_exit,3908.845589812227,3908.845589812227,0.0
test_032_efdf826e6bc3,554911178,loss_overflow,3594.320272147741,3594.320272147741,0.0
test_032_efdf826e6bc3,554911178,loss_route_resource,1385.326635424112,1385.326635424112,0.0
test_032_efdf826e6bc3,554911178,loss_action,991.51983025456,991.5198302545599,1.1368683772161603e-13
test_032_efdf826e6bc3,554911178,terminal_correction,0.0,0.0,0.0
test_032_efdf826e6bc3,554911178,ending_outstanding_mass,5.602603579450959e-07,5.602603579450959e-07,0.0
test_032_efdf826e6bc3,1600960620,total_operational_objective,115993.09255880864,115993.09255880864,0.0
test_032_efdf826e6bc3,1600960620,loss_queue,8956.317595213915,8956.317595213915,0.0
test_032_efdf826e6bc3,1600960620,loss_waiting,97238.88257569449,97238.88257569449,0.0
test_032_efdf826e6bc3,1600960620,loss_exit,3864.372726359393,3864.3727263593933,4.547473508864641e-13
test_032_efdf826e6bc3,1600960620,loss_overflow,3590.792287343156,3590.7922873431557,4.547473508864641e-13
test_032_efdf826e6bc3,1600960620,loss_route_resource,1382.256687038035,1382.256687038035,0.0
test_032_efdf826e6bc3,1600960620,loss_action,960.4706871596402,960.4706871596402,0.0
test_032_efdf826e6bc3,1600960620,terminal_correction,0.0,0.0,0.0
test_032_efdf826e6bc3,1600960620,ending_outstanding_mass,5.594076604094178e-07,5.594076604094178e-07,0.0
test_033_de0c441dba67,301721597,total_operational_objective,117912.47185443326,117912.47185443326,0.0
test_033_de0c441dba67,301721597,loss_queue,8822.783580975714,8822.783580975714,0.0
test_033_de0c441dba67,301721597,loss_waiting,99239.41688391018,99239.41688391018,0.0
test_033_de0c441dba67,301721597,loss_exit,3970.9213739585366,3970.9213739585366,0.0
test_033_de0c441dba67,301721597,loss_overflow,3502.620150624961,3502.620150624961,0.0
test_033_de0c441dba67,301721597,loss_route_resource,1352.241639039249,1352.2416390392493,2.2737367544323206e-13
test_033_de0c441dba67,301721597,loss_action,1024.4882259246197,1024.4882259246197,0.0
test_033_de0c441dba67,301721597,terminal_correction,0.0,0.0,0.0
test_033_de0c441dba67,301721597,ending_outstanding_mass,5.82954265023686e-07,5.82954265023686e-07,0.0
test_033_de0c441dba67,554911178,total_operational_objective,120907.01813827013,120907.01813827011,1.4551915228366852e-11
test_033_de0c441dba67,554911178,loss_queue,8793.104203541618,8793.104203541618,0.0
test_033_de0c441dba67,554911178,loss_waiting,102208.36711989807,102208.36711989809,1.4551915228366852e-11
test_033_de0c441dba67,554911178,loss_exit,4081.245088164172,4081.2450881641716,4.547473508864641e-13
test_033_de0c441dba67,554911178,loss_overflow,3485.5716144854205,3485.5716144854205,0.0
test_033_de0c441dba67,554911178,loss_route_resource,1345.83530910416,1345.83530910416,0.0
test_033_de0c441dba67,554911178,loss_action,992.8948030766144,992.8948030766144,0.0
test_033_de0c441dba67,554911178,terminal_correction,0.0,0.0,0.0
test_033_de0c441dba67,554911178,ending_outstanding_mass,5.850055609029223e-07,5.850055609029223e-07,0.0
test_033_de0c441dba67,1600960620,total_operational_objective,119610.70138436726,119610.70138436726,0.0
test_033_de0c441dba67,1600960620,loss_queue,8782.957591627921,8782.957591627921,0.0
test_033_de0c441dba67,1600960620,loss_waiting,101006.7726177101,101006.7726177101,0.0
test_033_de0c441dba67,1600960620,loss_exit,4035.936941138174,4035.936941138174,0.0
test_033_de0c441dba67,1600960620,loss_overflow,3479.7766782274334,3479.7766782274334,0.0
test_033_de0c441dba67,1600960620,loss_route_resource,1342.522000533556,1342.5220005335561,2.2737367544323206e-13
test_033_de0c441dba67,1600960620,loss_action,962.7355551301164,962.7355551301165,1.1368683772161603e-13
test_033_de0c441dba67,1600960620,terminal_correction,0.0,0.0,0.0
test_033_de0c441dba67,1600960620,ending_outstanding_mass,5.841205332422974e-07,5.841205332422974e-07,0.0
test_034_a00d80b83640,301721597,total_operational_objective,117695.71281865863,117695.71281865865,1.4551915228366852e-11
test_034_a00d80b83640,301721597,loss_queue,8637.041868605478,8637.041868605478,0.0
test_034_a00d80b83640,301721597,loss_waiting,99362.39341157029,99362.39341157029,0.0
test_034_a00d80b83640,301721597,loss_exit,3977.03871446077,3977.0387144607694,4.547473508864641e-13
test_034_a00d80b83640,301721597,loss_overflow,3414.8016255870048,3414.8016255870048,0.0
test_034_a00d80b83640,301721597,loss_route_resource,1338.4137472549376,1338.4137472549376,0.0
test_034_a00d80b83640,301721597,loss_action,966.0234511801976,966.0234511801975,1.1368683772161603e-13
test_034_a00d80b83640,301721597,terminal_correction,0.0,0.0,0.0
test_034_a00d80b83640,301721597,ending_outstanding_mass,5.896966956107854e-07,5.896966956107854e-07,0.0
test_034_a00d80b83640,554911178,total_operational_objective,120756.35332873015,120756.35332873017,1.4551915228366852e-11
test_034_a00d80b83640,554911178,loss_queue,8602.184835126709,8602.184835126709,0.0
test_034_a00d80b83640,554911178,loss_waiting,102402.80164512122,102402.80164512122,0.0
test_034_a00d80b83640,554911178,loss_exit,4090.454879857016,4090.4548798570163,4.547473508864641e-13
test_034_a00d80b83640,554911178,loss_overflow,3394.128209499472,3394.128209499472,0.0
test_034_a00d80b83640,554911178,loss_route_resource,1331.3642438940033,1331.3642438940033,0.0
test_034_a00d80b83640,554911178,loss_action,935.4195152317284,935.4195152317283,1.1368683772161603e-13
test_034_a00d80b83640,554911178,terminal_correction,0.0,0.0,0.0
test_034_a00d80b83640,554911178,ending_outstanding_mass,5.918342779156646e-07,5.918342779156646e-07,0.0
test_034_a00d80b83640,1600960620,total_operational_objective,119475.21828568703,119475.21828568705,1.4551915228366852e-11
test_034_a00d80b83640,1600960620,loss_queue,8595.809364585957,8595.809364585957,0.0
test_034_a00d80b83640,1600960620,loss_waiting,101207.33516585054,101207.33516585054,0.0
test_034_a00d80b83640,1600960620,loss_exit,4045.709403746751,4045.709403746751,0.0
test_034_a00d80b83640,1600960620,loss_overflow,3391.7344044491247,3391.7344044491247,0.0
test_034_a00d80b83640,1600960620,loss_route_resource,1329.3244558859435,1329.3244558859437,2.2737367544323206e-13
test_034_a00d80b83640,1600960620,loss_action,905.3054911687436,905.3054911687437,1.1368683772161603e-13
test_034_a00d80b83640,1600960620,terminal_correction,0.0,0.0,0.0
test_034_a00d80b83640,1600960620,ending_outstanding_mass,5.909747017588988e-07,5.909747017588988e-07,0.0
test_035_51fd398978b7,301721597,total_operational_objective,110486.90401754182,110486.90401754182,0.0
test_035_51fd398978b7,301721597,loss_queue,8023.373352491752,8023.3733524917525,9.094947017729282e-13
test_035_51fd398978b7,301721597,loss_waiting,93531.92173913291,93531.92173913293,1.4551915228366852e-11
test_035_51fd398978b7,301721597,loss_exit,3738.944590681484,3738.944590681484,0.0
test_035_51fd398978b7,301721597,loss_overflow,2987.472026471819,2987.472026471819,0.0
test_035_51fd398978b7,301721597,loss_route_resource,1236.780452741016,1236.780452741016,0.0
test_035_51fd398978b7,301721597,loss_action,968.411856022846,968.411856022846,0.0
test_035_51fd398978b7,301721597,terminal_correction,0.0,0.0,0.0
test_035_51fd398978b7,301721597,ending_outstanding_mass,6.242382746201503e-07,6.242382746201503e-07,0.0
test_035_51fd398978b7,554911178,total_operational_objective,113417.3561673619,113417.3561673619,0.0
test_035_51fd398978b7,554911178,loss_queue,7984.16747299698,7984.16747299698,0.0
test_035_51fd398978b7,554911178,loss_waiting,96459.23476291606,96459.23476291606,0.0
test_035_51fd398978b7,554911178,loss_exit,3846.470647200523,3846.470647200523,0.0
test_035_51fd398978b7,554911178,loss_overflow,2961.4698422052525,2961.4698422052525,0.0
test_035_51fd398978b7,554911178,loss_route_resource,1229.5212090502612,1229.5212090502612,0.0
test_035_51fd398978b7,554911178,loss_action,936.4922329927696,936.4922329927697,1.1368683772161603e-13
test_035_51fd398978b7,554911178,terminal_correction,0.0,0.0,0.0
test_035_51fd398978b7,554911178,ending_outstanding_mass,6.263033290813075e-07,6.263033290813075e-07,0.0
test_035_51fd398978b7,1600960620,total_operational_objective,112077.46497429175,112077.46497429175,0.0
test_035_51fd398978b7,1600960620,loss_queue,7972.872115972722,7972.872115972722,0.0
test_035_51fd398978b7,1600960620,loss_waiting,95213.35301204756,95213.35301204756,0.0
test_035_51fd398978b7,1600960620,loss_exit,3800.585779124645,3800.585779124645,0.0
test_035_51fd398978b7,1600960620,loss_overflow,2956.1637523644517,2956.1637523644513,4.547473508864641e-13
test_035_51fd398978b7,1600960620,loss_route_resource,1226.8083126621525,1226.8083126621525,0.0
test_035_51fd398978b7,1600960620,loss_action,907.6820021202702,907.6820021202702,0.0
test_035_51fd398978b7,1600960620,terminal_correction,0.0,0.0,0.0
test_035_51fd398978b7,1600960620,ending_outstanding_mass,6.253619059524201e-07,6.253619059524201e-07,0.0
test_036_7eb6ac1ca077,301721597,total_operational_objective,112843.22241037276,112843.22241037276,0.0
test_036_7eb6ac1ca077,301721597,loss_queue,8542.511592668588,8542.511592668588,0.0
test_036_7eb6ac1ca077,301721597,loss_waiting,94845.14111787303,94845.14111787305,1.4551915228366852e-11
test_036_7eb6ac1ca077,301721597,loss_exit,3788.059309030248,3788.059309030248,0.0
test_036_7eb6ac1ca077,301721597,loss_overflow,3337.597827601083,3337.597827601083,0.0
test_036_7eb6ac1ca077,301721597,loss_route_resource,1304.8729806502804,1304.8729806502804,0.0
test_036_7eb6ac1ca077,301721597,loss_action,1025.0395825495286,1025.0395825495286,0.0
test_036_7eb6ac1ca077,301721597,terminal_correction,0.0,0.0,0.0
test_036_7eb6ac1ca077,301721597,ending_outstanding_mass,5.562333566075735e-07,5.562333566075735e-07,0.0
test_036_7eb6ac1ca077,554911178,total_operational_objective,115999.42124816524,115999.42124816524,0.0
test_036_7eb6ac1ca077,554911178,loss_queue,8514.509553006243,8514.509553006243,0.0
test_036_7eb6ac1ca077,554911178,loss_waiting,97965.1713214324,97965.17132143241,1.4551915228366852e-11
test_036_7eb6ac1ca077,554911178,loss_exit,3905.221463473374,3905.221463473374,0.0
test_036_7eb6ac1ca077,554911178,loss_overflow,3323.448244467469,3323.448244467469,0.0
test_036_7eb6ac1ca077,554911178,loss_route_resource,1297.587651700893,1297.587651700893,0.0
test_036_7eb6ac1ca077,554911178,loss_action,993.4830140848724,993.4830140848724,0.0
test_036_7eb6ac1ca077,554911178,terminal_correction,0.0,0.0,0.0
test_036_7eb6ac1ca077,554911178,ending_outstanding_mass,5.584557613753925e-07,5.584557613753925e-07,0.0
test_036_7eb6ac1ca077,1600960620,total_operational_objective,114581.49420887,114581.49420886999,1.4551915228366852e-11
test_036_7eb6ac1ca077,1600960620,loss_queue,8502.25240720624,8502.25240720624,0.0
test_036_7eb6ac1ca077,1600960620,loss_waiting,96652.2784812963,96652.2784812963,0.0
test_036_7eb6ac1ca077,1600960620,loss_exit,3855.011338995697,3855.011338995697,0.0
test_036_7eb6ac1ca077,1600960620,loss_overflow,3313.994646231394,3313.994646231394,0.0
test_036_7eb6ac1ca077,1600960620,loss_route_resource,1294.7799925375682,1294.7799925375682,0.0
test_036_7eb6ac1ca077,1600960620,loss_action,963.177342602762,963.177342602762,0.0
test_036_7eb6ac1ca077,1600960620,terminal_correction,0.0,0.0,0.0
test_036_7eb6ac1ca077,1600960620,ending_outstanding_mass,5.57455572239295e-07,5.57455572239295e-07,0.0
test_037_f096257ecaa4,301721597,total_operational_objective,117924.56237391844,117924.56237391845,1.4551915228366852e-11
test_037_f096257ecaa4,301721597,loss_queue,10349.126677110506,10349.126677110506,0.0
test_037_f096257ecaa4,301721597,loss_waiting,96629.42200447686,96629.42200447686,0.0
test_037_f096257ecaa4,301721597,loss_exit,3811.376257551629,3811.3762575516284,4.547473508864641e-13
test_037_f096257ecaa4,301721597,loss_overflow,4549.094759413197,4549.094759413197,0.0
test_037_f096257ecaa4,301721597,loss_route_resource,1632.1967365200744,1632.1967365200744,0.0
test_037_f096257ecaa4,301721597,loss_action,953.3459388462044,953.3459388462044,0.0
test_037_f096257ecaa4,301721597,terminal_correction,0.0,0.0,0.0
test_037_f096257ecaa4,301721597,ending_outstanding_mass,4.738950844249374e-07,4.7389508442493735e-07,5.293955920339377e-23
test_037_f096257ecaa4,554911178,total_operational_objective,120488.00218001335,120488.00218001337,1.4551915228366852e-11
test_037_f096257ecaa4,554911178,loss_queue,10310.04018385649,10310.04018385649,0.0
test_037_f096257ecaa4,554911178,loss_waiting,99199.89749821712,99199.89749821712,0.0
test_037_f096257ecaa4,554911178,loss_exit,3903.065863867978,3903.065863867978,0.0
test_037_f096257ecaa4,554911178,loss_overflow,4521.125185961448,4521.125185961448,0.0
test_037_f096257ecaa4,554911178,loss_route_resource,1625.9911895763355,1625.9911895763357,2.2737367544323206e-13
test_037_f096257ecaa4,554911178,loss_action,927.8822585339672,927.8822585339673,1.1368683772161603e-13
test_037_f096257ecaa4,554911178,terminal_correction,0.0,0.0,0.0
test_037_f096257ecaa4,554911178,ending_outstanding_mass,4.757382721070851e-07,4.757382721070851e-07,0.0
test_037_f096257ecaa4,1600960620,total_operational_objective,119255.00757488816,119255.00757488815,1.4551915228366852e-11
test_037_f096257ecaa4,1600960620,loss_queue,10303.35039873912,10303.350398739121,1.8189894035458565e-12
test_037_f096257ecaa4,1600960620,loss_waiting,98057.03486216246,98057.03486216246,0.0
test_037_f096257ecaa4,1600960620,loss_exit,3860.66856818591,3860.66856818591,0.0
test_037_f096257ecaa4,1600960620,loss_overflow,4516.334917807163,4516.334917807163,0.0
test_037_f096257ecaa4,1600960620,loss_route_resource,1623.3406549076567,1623.3406549076567,0.0
test_037_f096257ecaa4,1600960620,loss_action,894.2781730858028,894.2781730858028,0.0
test_037_f096257ecaa4,1600960620,terminal_correction,0.0,0.0,0.0
test_037_f096257ecaa4,1600960620,ending_outstanding_mass,4.749928250580774e-07,4.7499282505807737e-07,5.293955920339377e-23
test_038_b05abc6e01b3,301721597,total_operational_objective,113972.19153718866,113972.19153718866,0.0
test_038_b05abc6e01b3,301721597,loss_queue,9111.986874265627,9111.986874265629,1.8189894035458565e-12
test_038_b05abc6e01b3,301721597,loss_waiting,94955.89641526752,94955.89641526752,0.0
test_038_b05abc6e01b3,301721597,loss_exit,3780.1275740925385,3780.1275740925385,0.0
test_038_b05abc6e01b3,301721597,loss_overflow,3754.297737208184,3754.297737208184,0.0
test_038_b05abc6e01b3,301721597,loss_route_resource,1407.8552652721005,1407.8552652721005,0.0
test_038_b05abc6e01b3,301721597,loss_action,962.0276710827828,962.0276710827828,0.0
test_038_b05abc6e01b3,301721597,terminal_correction,0.0,0.0,0.0
test_038_b05abc6e01b3,301721597,ending_outstanding_mass,5.539988447302275e-07,5.539988447302275e-07,0.0
test_038_b05abc6e01b3,554911178,total_operational_objective,116808.2573705992,116808.25737059921,1.4551915228366852e-11
test_038_b05abc6e01b3,554911178,loss_queue,9075.983845986902,9075.983845986902,0.0
test_038_b05abc6e01b3,554911178,loss_waiting,97783.2950552172,97783.2950552172,0.0
test_038_b05abc6e01b3,554911178,loss_exit,3883.848187377675,3883.848187377675,0.0
test_038_b05abc6e01b3,554911178,loss_overflow,3730.336997956164,3730.336997956164,0.0
test_038_b05abc6e01b3,554911178,loss_route_resource,1401.2524000325895,1401.2524000325895,0.0
test_038_b05abc6e01b3,554911178,loss_action,933.5408840286256,933.5408840286256,0.0
test_038_b05abc6e01b3,554911178,terminal_correction,0.0,0.0,0.0
test_038_b05abc6e01b3,554911178,ending_outstanding_mass,5.559418729530534e-07,5.559418729530534e-07,0.0
test_038_b05abc6e01b3,1600960620,total_operational_objective,115577.47724022176,115577.47724022175,1.4551915228366852e-11
test_038_b05abc6e01b3,1600960620,loss_queue,9066.902644309275,9066.902644309277,1.8189894035458565e-12
test_038_b05abc6e01b3,1600960620,loss_waiting,96645.10095903034,96645.10095903034,0.0
test_038_b05abc6e01b3,1600960620,loss_exit,3841.4501860648743,3841.4501860648747,4.547473508864641e-13
test_038_b05abc6e01b3,1600960620,loss_overflow,3723.538119633018,3723.538119633018,0.0
test_038_b05abc6e01b3,1600960620,loss_route_resource,1398.2176558709612,1398.2176558709612,0.0
test_038_b05abc6e01b3,1600960620,loss_action,902.267675313274,902.267675313274,0.0
test_038_b05abc6e01b3,1600960620,terminal_correction,0.0,0.0,0.0
test_038_b05abc6e01b3,1600960620,ending_outstanding_mass,5.55141989567161e-07,5.55141989567161e-07,0.0
test_039_9c0d1ebe6c19,301721597,total_operational_objective,117312.67366628569,117312.67366628567,1.4551915228366852e-11
test_039_9c0d1ebe6c19,301721597,loss_queue,8584.933509271845,8584.933509271845,0.0
test_039_9c0d1ebe6c19,301721597,loss_waiting,99128.9607066832,99128.96070668321,1.4551915228366852e-11
test_039_9c0d1ebe6c19,301721597,loss_exit,3970.790237874168,3970.7902378741683,4.547473508864641e-13
test_039_9c0d1ebe6c19,301721597,loss_overflow,3354.026602544081,3354.0266025440806,4.547473508864641e-13
test_039_9c0d1ebe6c19,301721597,loss_route_resource,1308.4926995831622,1308.4926995831622,0.0
test_039_9c0d1ebe6c19,301721597,loss_action,965.4699103292008,965.4699103292007,1.1368683772161603e-13
test_039_9c0d1ebe6c19,301721597,terminal_correction,0.0,0.0,0.0
test_039_9c0d1ebe6c19,301721597,ending_outstanding_mass,6.205017088798503e-07,6.205017088798503e-07,0.0
test_039_9c0d1ebe6c19,554911178,total_operational_objective,120513.99781604504,120513.99781604504,0.0
test_039_9c0d1ebe6c19,554911178,loss_queue,8544.894012823774,8544.894012823774,0.0
test_039_9c0d1ebe6c19,554911178,loss_waiting,102315.56522048629,102315.56522048629,0.0
test_039_9c0d1ebe6c19,554911178,loss_exit,4090.334047891618,4090.334047891618,0.0
test_039_9c0d1ebe6c19,554911178,loss_overflow,3327.9904602603638,3327.9904602603633,4.547473508864641e-13
test_039_9c0d1ebe6c19,554911178,loss_route_resource,1300.2599214391075,1300.2599214391075,0.0
test_039_9c0d1ebe6c19,554911178,loss_action,934.954153143874,934.954153143874,0.0
test_039_9c0d1ebe6c19,554911178,terminal_correction,0.0,0.0,0.0
test_039_9c0d1ebe6c19,554911178,ending_outstanding_mass,6.2276333851344e-07,6.2276333851344e-07,0.0
test_039_9c0d1ebe6c19,1600960620,total_operational_objective,119148.98120129496,119148.98120129497,1.4551915228366852e-11
test_039_9c0d1ebe6c19,1600960620,loss_queue,8534.549197374829,8534.549197374829,0.0
test_039_9c0d1ebe6c19,1600960620,loss_waiting,101048.82475939306,101048.82475939306,0.0
test_039_9c0d1ebe6c19,1600960620,loss_exit,4042.481558446865,4042.481558446865,0.0
test_039_9c0d1ebe6c19,1600960620,loss_overflow,3320.6716834318017,3320.6716834318017,0.0
test_039_9c0d1ebe6c19,1600960620,loss_route_resource,1297.619620357988,1297.619620357988,0.0
test_039_9c0d1ebe6c19,1600960620,loss_action,904.8343822904396,904.8343822904397,1.1368683772161603e-13
test_039_9c0d1ebe6c19,1600960620,terminal_correction,0.0,0.0,0.0
test_039_9c0d1ebe6c19,1600960620,ending_outstanding_mass,6.21843316236663e-07,6.21843316236663e-07,0.0
test_040_11a8950c659e,301721597,total_operational_objective,110896.4917609596,110896.4917609596,0.0
test_040_11a8950c659e,301721597,loss_queue,8119.516175559676,8119.516175559676,0.0
test_040_11a8950c659e,301721597,loss_waiting,93731.39560074186,93731.39560074186,0.0
test_040_11a8950c659e,301721597,loss_exit,3747.9381230957215,3747.9381230957224,9.094947017729282e-13
test_040_11a8950c659e,301721597,loss_overflow,3081.2260258432,3081.2260258431997,4.547473508864641e-13
test_040_11a8950c659e,301721597,loss_route_resource,1248.7989816548586,1248.7989816548586,0.0
test_040_11a8950c659e,301721597,loss_action,967.6168540643166,967.6168540643166,0.0
test_040_11a8950c659e,301721597,terminal_correction,0.0,0.0,0.0
test_040_11a8950c659e,301721597,ending_outstanding_mass,6.45216367789829e-07,6.45216367789829e-07,0.0
test_040_11a8950c659e,554911178,total_operational_objective,113533.31947473716,113533.31947473717,1.4551915228366852e-11
test_040_11a8950c659e,554911178,loss_queue,8082.452161023222,8082.452161023222,0.0
test_040_11a8950c659e,554911178,loss_waiting,96370.13394300237,96370.13394300235,1.4551915228366852e-11
test_040_11a8950c659e,554911178,loss_exit,3844.941067206213,3844.941067206213,0.0
test_040_11a8950c659e,554911178,loss_overflow,3056.909464221513,3056.909464221513,0.0
test_040_11a8950c659e,554911178,loss_route_resource,1242.6450790433132,1242.6450790433132,0.0
test_040_11a8950c659e,554911178,loss_action,936.2377602405992,936.2377602405993,1.1368683772161603e-13
test_040_11a8950c659e,554911178,terminal_correction,0.0,0.0,0.0
test_040_11a8950c659e,554911178,ending_outstanding_mass,6.470274194278895e-07,6.470274194278895e-07,0.0
test_040_11a8950c659e,1600960620,total_operational_objective,112369.71917833928,112369.71917833929,1.4551915228366852e-11
test_040_11a8950c659e,1600960620,loss_queue,8071.64961584398,8071.64961584398,0.0
test_040_11a8950c659e,1600960620,loss_waiting,95293.07800728988,95293.07800728988,0.0
test_040_11a8950c659e,1600960620,loss_exit,3804.840694673584,3804.8406946735836,4.547473508864641e-13
test_040_11a8950c659e,1600960620,loss_overflow,3054.051902344697,3054.051902344697,0.0
test_040_11a8950c659e,1600960620,loss_route_resource,1239.5049480900395,1239.5049480900395,0.0
test_040_11a8950c659e,1600960620,loss_action,906.594010097096,906.5940100970961,1.1368683772161603e-13
test_040_11a8950c659e,1600960620,terminal_correction,0.0,0.0,0.0
test_040_11a8950c659e,1600960620,ending_outstanding_mass,6.461949627226051e-07,6.461949627226051e-07,0.0
test_041_e58f21dcc209,301721597,total_operational_objective,117986.9018262884,117986.90182628839,1.4551915228366852e-11
test_041_e58f21dcc209,301721597,loss_queue,8673.019313099772,8673.019313099772,0.0
test_041_e58f21dcc209,301721597,loss_waiting,99614.04469424454,99614.04469424454,0.0
test_041_e58f21dcc209,301721597,loss_exit,3984.5339851444287,3984.5339851444287,0.0
test_041_e58f21dcc209,301721597,loss_overflow,3408.4645231447303,3408.4645231447303,0.0
test_041_e58f21dcc209,301721597,loss_route_resource,1341.8325983485029,1341.8325983485029,0.0
test_041_e58f21dcc209,301721597,loss_action,965.0067123064588,965.0067123064587,1.1368683772161603e-13
test_041_e58f21dcc209,301721597,terminal_correction,0.0,0.0,0.0
test_041_e58f21dcc209,301721597,ending_outstanding_mass,5.85697347586376e-07,5.85697347586376e-07,0.0
test_041_e58f21dcc209,554911178,total_operational_objective,120956.18789679887,120956.18789679887,0.0
test_041_e58f21dcc209,554911178,loss_queue,8632.462567787123,8632.462567787123,0.0
test_041_e58f21dcc209,554911178,loss_waiting,102576.14399142785,102576.14399142783,1.4551915228366852e-11
test_041_e58f21dcc209,554911178,loss_exit,4094.5642112752207,4094.5642112752207,0.0
test_041_e58f21dcc209,554911178,loss_overflow,3384.078955199952,3384.078955199952,0.0
test_041_e58f21dcc209,554911178,loss_route_resource,1334.585344219835,1334.585344219835,0.0
test_041_e58f21dcc209,554911178,loss_action,934.3528268889148,934.3528268889147,1.1368683772161603e-13
test_041_e58f21dcc209,554911178,terminal_correction,0.0,0.0,0.0
test_041_e58f21dcc209,554911178,ending_outstanding_mass,5.877667870383187e-07,5.877667870383187e-07,0.0
test_041_e58f21dcc209,1600960620,total_operational_objective,119633.70730941948,119633.70730941948,0.0
test_041_e58f21dcc209,1600960620,loss_queue,8624.246312778752,8624.246312778752,0.0
test_041_e58f21dcc209,1600960620,loss_waiting,101341.88975717772,101341.88975717773,1.4551915228366852e-11
test_041_e58f21dcc209,1600960620,loss_exit,4048.498575774655,4048.498575774655,0.0
test_041_e58f21dcc209,1600960620,loss_overflow,3382.6607923425227,3382.6607923425227,0.0
test_041_e58f21dcc209,1600960620,loss_route_resource,1331.8496413891824,1331.8496413891824,0.0
test_041_e58f21dcc209,1600960620,loss_action,904.56222995658,904.56222995658,0.0
test_041_e58f21dcc209,1600960620,terminal_correction,0.0,0.0,0.0
test_041_e58f21dcc209,1600960620,ending_outstanding_mass,5.868889950114754e-07,5.868889950114754e-07,0.0
test_042_a77d2ece213a,301721597,total_operational_objective,112275.59761117816,112275.59761117816,0.0
test_042_a77d2ece213a,301721597,loss_queue,7667.146853044394,7667.146853044394,0.0
test_042_a77d2ece213a,301721597,loss_waiting,95848.86771920284,95848.86771920283,1.4551915228366852e-11
test_042_a77d2ece213a,301721597,loss_exit,3850.8767131850745,3850.8767131850745,0.0
test_042_a77d2ece213a,301721597,loss_overflow,2783.2753598284908,2783.2753598284908,0.0
test_042_a77d2ece213a,301721597,loss_route_resource,1154.3531609637337,1154.3531609637337,0.0
test_042_a77d2ece213a,301721597,loss_action,971.077804953636,971.0778049536361,1.1368683772161603e-13
test_042_a77d2ece213a,301721597,terminal_correction,0.0,0.0,0.0
test_042_a77d2ece213a,301721597,ending_outstanding_mass,6.240430365043359e-07,6.240430365043359e-07,0.0
test_042_a77d2ece213a,554911178,total_operational_objective,115331.14070372394,115331.14070372394,0.0
test_042_a77d2ece213a,554911178,loss_queue,7629.981454195826,7629.981454195826,0.0
test_042_a77d2ece213a,554911178,loss_waiting,98890.7200953164,98890.72009531641,1.4551915228366852e-11
test_042_a77d2ece213a,554911178,loss_exit,3964.388451672352,3964.3884516723515,4.547473508864641e-13
test_042_a77d2ece213a,554911178,loss_overflow,2761.1540363556624,2761.1540363556624,0.0
test_042_a77d2ece213a,554911178,loss_route_resource,1146.756272942811,1146.756272942811,0.0
test_042_a77d2ece213a,554911178,loss_action,938.1403932409352,938.1403932409352,0.0
test_042_a77d2ece213a,554911178,terminal_correction,0.0,0.0,0.0
test_042_a77d2ece213a,554911178,ending_outstanding_mass,6.262294116421358e-07,6.262294116421358e-07,0.0
test_042_a77d2ece213a,1600960620,total_operational_objective,113926.7513561368,113926.75135613681,1.4551915228366852e-11
test_042_a77d2ece213a,1600960620,loss_queue,7618.219451937832,7618.219451937832,0.0
test_042_a77d2ece213a,1600960620,loss_waiting,97581.14074112088,97581.14074112088,0.0
test_042_a77d2ece213a,1600960620,loss_exit,3916.1459242010183,3916.1459242010187,4.547473508864641e-13
test_042_a77d2ece213a,1600960620,loss_overflow,2757.828585158196,2757.828585158196,0.0
test_042_a77d2ece213a,1600960620,loss_route_resource,1144.224261719734,1144.224261719734,0.0
test_042_a77d2ece213a,1600960620,loss_action,909.1923919992064,909.1923919992063,1.1368683772161603e-13
test_042_a77d2ece213a,1600960620,terminal_correction,0.0,0.0,0.0
test_042_a77d2ece213a,1600960620,ending_outstanding_mass,6.252474149950365e-07,6.252474149950365e-07,0.0
test_043_f1174106175c,301721597,total_operational_objective,110375.03338582483,110375.03338582483,0.0
test_043_f1174106175c,301721597,loss_queue,9614.465539179171,9614.465539179173,1.8189894035458565e-12
test_043_f1174106175c,301721597,loss_waiting,90688.95042534608,90688.95042534609,1.4551915228366852e-11
test_043_f1174106175c,301721597,loss_exit,3565.978402617259,3565.978402617259,0.0
test_043_f1174106175c,301721597,loss_overflow,4024.3060215903074,4024.3060215903074,0.0
test_043_f1174106175c,301721597,loss_route_resource,1525.4525671905924,1525.4525671905924,0.0
test_043_f1174106175c,301721597,loss_action,955.8804299013876,955.8804299013877,1.1368683772161603e-13
test_043_f1174106175c,301721597,terminal_correction,0.0,0.0,0.0
test_043_f1174106175c,301721597,ending_outstanding_mass,4.955198192700233e-07,4.955198192700233e-07,0.0
test_043_f1174106175c,554911178,total_operational_objective,112949.69195750376,112949.69195750376,0.0
test_043_f1174106175c,554911178,loss_queue,9575.586998885738,9575.586998885738,0.0
test_043_f1174106175c,554911178,loss_waiting,93270.31287648388,93270.31287648389,1.4551915228366852e-11
test_043_f1174106175c,554911178,loss_exit,3659.144226253434,3659.144226253434,0.0
test_043_f1174106175c,554911178,loss_overflow,3996.68950957313,3996.68950957313,0.0
test_043_f1174106175c,554911178,loss_route_resource,1518.864548758298,1518.864548758298,0.0
test_043_f1174106175c,554911178,loss_action,929.093797549242,929.0937975492419,1.1368683772161603e-13
test_043_f1174106175c,554911178,terminal_correction,0.0,0.0,0.0
test_043_f1174106175c,554911178,ending_outstanding_mass,4.973052620113292e-07,4.973052620113292e-07,0.0
test_043_f1174106175c,1600960620,total_operational_objective,111719.31403731849,111719.31403731847,1.4551915228366852e-11
test_043_f1174106175c,1600960620,loss_queue,9568.80239767216,9568.80239767216,0.0
test_043_f1174106175c,1600960620,loss_waiting,92129.21816198448,92129.21816198448,0.0
test_043_f1174106175c,1600960620,loss_exit,3616.6125345507935,3616.6125345507935,0.0
test_043_f1174106175c,1600960620,loss_overflow,3992.098425459787,3992.0984254597874,4.547473508864641e-13
test_043_f1174106175c,1600960620,loss_route_resource,1516.303734819335,1516.303734819335,0.0
test_043_f1174106175c,1600960620,loss_action,896.2787828319767,896.2787828319767,0.0
test_043_f1174106175c,1600960620,terminal_correction,0.0,0.0,0.0
test_043_f1174106175c,1600960620,ending_outstanding_mass,4.965247829612781e-07,4.965247829612781e-07,0.0
test_044_ed401c94714a,301721597,total_operational_objective,115106.70304095405,115106.70304095405,0.0
test_044_ed401c94714a,301721597,loss_queue,8179.088063626148,8179.088063626148,0.0
test_044_ed401c94714a,301721597,loss_waiting,97693.90378617783,97693.90378617783,0.0
test_044_ed401c94714a,301721597,loss_exit,3912.578088347644,3912.5780883476436,4.547473508864641e-13
test_044_ed401c94714a,301721597,loss_overflow,3092.009246683601,3092.009246683601,0.0
test_044_ed401c94714a,301721597,loss_route_resource,1261.3221212440908,1261.3221212440908,0.0
test_044_ed401c94714a,301721597,loss_action,967.8017348747696,967.8017348747695,1.1368683772161603e-13
test_044_ed401c94714a,301721597,terminal_correction,0.0,0.0,0.0
test_044_ed401c94714a,301721597,ending_outstanding_mass,6.605822478914204e-07,6.605822478914204e-07,0.0
test_044_ed401c94714a,554911178,total_operational_objective,117961.7923281662,117961.7923281662,0.0
test_044_ed401c94714a,554911178,loss_queue,8140.946911872852,8140.946911872852,0.0
test_044_ed401c94714a,554911178,loss_waiting,100544.01267228824,100544.01267228823,1.4551915228366852e-11
test_044_ed401c94714a,554911178,loss_exit,4017.809854212994,4017.8098542129947,4.547473508864641e-13
test_044_ed401c94714a,554911178,loss_overflow,3068.3177958241167,3068.3177958241167,0.0
test_044_ed401c94714a,554911178,loss_route_resource,1254.4205292615147,1254.4205292615147,0.0
test_044_ed401c94714a,554911178,loss_action,936.2845647064324,936.2845647064325,1.1368683772161603e-13
test_044_ed401c94714a,554911178,terminal_correction,0.0,0.0,0.0
test_044_ed401c94714a,554911178,ending_outstanding_mass,6.625309896275687e-07,6.625309896275687e-07,0.0
test_044_ed401c94714a,1600960620,total_operational_objective,116716.95869684842,116716.95869684842,0.0
test_044_ed401c94714a,1600960620,loss_queue,8130.0228060119025,8130.0228060119025,0.0
test_044_ed401c94714a,1600960620,loss_waiting,99387.62145074682,99387.62145074682,0.0
test_044_ed401c94714a,1600960620,loss_exit,3975.150136076923,3975.150136076923,0.0
test_044_ed401c94714a,1600960620,loss_overflow,3065.4197861916155,3065.4197861916155,0.0
test_044_ed401c94714a,1600960620,loss_route_resource,1251.5392134273518,1251.5392134273518,0.0
test_044_ed401c94714a,1600960620,loss_action,907.2053043937856,907.2053043937856,0.0
test_044_ed401c94714a,1600960620,terminal_correction,0.0,0.0,0.0
test_044_ed401c94714a,1600960620,ending_outstanding_mass,6.616546014309768e-07,6.616546014309768e-07,0.0
test_045_af7d3f616c1d,301721597,total_operational_objective,117958.88616480294,117958.88616480294,0.0
test_045_af7d3f616c1d,301721597,loss_queue,8817.99255185216,8817.99255185216,0.0
test_045_af7d3f616c1d,301721597,loss_waiting,99337.50035897824,99337.50035897824,0.0
test_045_af7d3f616c1d,301721597,loss_exit,3968.632326466237,3968.6323264662365,4.547473508864641e-13
test_045_af7d3f616c1d,301721597,loss_overflow,3507.808856929524,3507.808856929524,0.0
test_045_af7d3f616c1d,301721597,loss_route_resource,1362.8699352614656,1362.8699352614656,0.0
test_045_af7d3f616c1d,301721597,loss_action,964.082135315305,964.082135315305,0.0
test_045_af7d3f616c1d,301721597,terminal_correction,0.0,0.0,0.0
test_045_af7d3f616c1d,301721597,ending_outstanding_mass,6.070517437416742e-07,6.070517437416742e-07,0.0
test_045_af7d3f616c1d,554911178,total_operational_objective,121102.77336755308,121102.77336755308,0.0
test_045_af7d3f616c1d,554911178,loss_queue,8777.502923803775,8777.502923803775,0.0
test_045_af7d3f616c1d,554911178,loss_waiting,102470.5971286068,102470.5971286068,0.0
test_045_af7d3f616c1d,554911178,loss_exit,4084.8217368196415,4084.8217368196415,0.0
test_045_af7d3f616c1d,554911178,loss_overflow,3480.8516475745805,3480.8516475745805,0.0
test_045_af7d3f616c1d,554911178,loss_route_resource,1354.7517989976038,1354.7517989976038,0.0
test_045_af7d3f616c1d,554911178,loss_action,934.2481317506838,934.2481317506838,0.0
test_045_af7d3f616c1d,554911178,terminal_correction,0.0,0.0,0.0
test_045_af7d3f616c1d,554911178,ending_outstanding_mass,6.092274517481058e-07,6.092274517481058e-07,0.0
test_045_af7d3f616c1d,1600960620,total_operational_objective,119658.54174520458,119658.54174520458,0.0
test_045_af7d3f616c1d,1600960620,loss_queue,8769.111852609336,8769.111852609336,0.0
test_045_af7d3f616c1d,1600960620,loss_waiting,101123.00143321334,101123.00143321334,0.0
test_045_af7d3f616c1d,1600960620,loss_exit,4034.2623053698,4034.2623053698,0.0
test_045_af7d3f616c1d,1600960620,loss_overflow,3475.938632719786,3475.938632719786,0.0
test_045_af7d3f616c1d,1600960620,loss_route_resource,1352.4305461848471,1352.4305461848471,0.0
test_045_af7d3f616c1d,1600960620,loss_action,903.7969751074114,903.7969751074114,0.0
test_045_af7d3f616c1d,1600960620,terminal_correction,0.0,0.0,0.0
test_045_af7d3f616c1d,1600960620,ending_outstanding_mass,6.082388890510622e-07,6.082388890510622e-07,0.0
test_046_e35b743e6617,301721597,total_operational_objective,119750.62569175316,119750.62569175317,1.4551915228366852e-11
test_046_e35b743e6617,301721597,loss_queue,8621.360969445004,8621.360969445004,0.0
test_046_e35b743e6617,301721597,loss_waiting,101371.04036083505,101371.04036083503,1.4551915228366852e-11
test_046_e35b743e6617,301721597,loss_exit,4062.60073282769,4062.60073282769,0.0
test_046_e35b743e6617,301721597,loss_overflow,3394.75654158328,3394.75654158328,0.0
test_046_e35b743e6617,301721597,loss_route_resource,1334.7795105049704,1334.7795105049704,0.0
test_046_e35b743e6617,301721597,loss_action,966.0875765572578,966.0875765572578,0.0
test_046_e35b743e6617,301721597,terminal_correction,0.0,0.0,0.0
test_046_e35b743e6617,301721597,ending_outstanding_mass,6.449038074586337e-07,6.449038074586337e-07,0.0
test_046_e35b743e6617,554911178,total_operational_objective,122762.5850743138,122762.58507431381,1.4551915228366852e-11
test_046_e35b743e6617,554911178,loss_queue,8580.753686272938,8580.753686272938,0.0
test_046_e35b743e6617,554911178,loss_waiting,104377.00679960784,104377.00679960783,1.4551915228366852e-11
test_046_e35b743e6617,554911178,loss_exit,4174.308362951933,4174.308362951933,0.0
test_046_e35b743e6617,554911178,loss_overflow,3367.8482602074823,3367.8482602074823,0.0
test_046_e35b743e6617,554911178,loss_route_resource,1327.3773941988125,1327.3773941988125,0.0
test_046_e35b743e6617,554911178,loss_action,935.2905710748088,935.2905710748089,1.1368683772161603e-13
test_046_e35b743e6617,554911178,terminal_correction,0.0,0.0,0.0
test_046_e35b743e6617,554911178,ending_outstanding_mass,6.470181465093799e-07,6.470181465093799e-07,0.0
test_046_e35b743e6617,1600960620,total_operational_objective,121403.18694043392,121403.18694043391,1.4551915228366852e-11
test_046_e35b743e6617,1600960620,loss_queue,8572.529269105518,8572.529269105518,0.0
test_046_e35b743e6617,1600960620,loss_waiting,103106.70917986572,103106.70917986572,0.0
test_046_e35b743e6617,1600960620,loss_exit,4127.290092893934,4127.290092893934,0.0
test_046_e35b743e6617,1600960620,loss_overflow,3366.215776044499,3366.215776044499,0.0
test_046_e35b743e6617,1600960620,loss_route_resource,1324.862837986341,1324.862837986341,0.0
test_046_e35b743e6617,1600960620,loss_action,905.5797845378922,905.5797845378922,0.0
test_046_e35b743e6617,1600960620,terminal_correction,0.0,0.0,0.0
test_046_e35b743e6617,1600960620,ending_outstanding_mass,6.46104540157802e-07,6.46104540157802e-07,0.0
test_047_20c1f89391c1,301721597,total_operational_objective,125254.53542140756,125254.53542140755,1.4551915228366852e-11
test_047_20c1f89391c1,301721597,loss_queue,8762.834393143901,8762.834393143901,0.0
test_047_20c1f89391c1,301721597,loss_waiting,106395.18807516168,106395.18807516167,1.4551915228366852e-11
test_047_20c1f89391c1,301721597,loss_exit,4283.169107926823,4283.169107926823,0.0
test_047_20c1f89391c1,301721597,loss_overflow,3510.7003242149044,3510.7003242149044,0.0
test_047_20c1f89391c1,301721597,loss_route_resource,1336.0077307117415,1336.0077307117415,0.0
test_047_20c1f89391c1,301721597,loss_action,966.635790248478,966.6357902484779,1.1368683772161603e-13
test_047_20c1f89391c1,301721597,terminal_correction,0.0,0.0,0.0
test_047_20c1f89391c1,301721597,ending_outstanding_mass,6.490597406483928e-07,6.490597406483928e-07,0.0
test_047_20c1f89391c1,554911178,total_operational_objective,128564.07586192698,128564.07586192698,0.0
test_047_20c1f89391c1,554911178,loss_queue,8722.222138967232,8722.222138967232,0.0
test_047_20c1f89391c1,554911178,loss_waiting,109685.81736459523,109685.81736459523,0.0
test_047_20c1f89391c1,554911178,loss_exit,4407.835628998479,4407.835628998479,0.0
test_047_20c1f89391c1,554911178,loss_overflow,3484.7909910053,3484.7909910053,0.0
test_047_20c1f89391c1,554911178,loss_route_resource,1327.7109150673948,1327.7109150673948,0.0
test_047_20c1f89391c1,554911178,loss_action,935.6988232933252,935.6988232933253,1.1368683772161603e-13
test_047_20c1f89391c1,554911178,terminal_correction,0.0,0.0,0.0
test_047_20c1f89391c1,554911178,ending_outstanding_mass,6.513366135689844e-07,6.513366135689844e-07,0.0
test_047_20c1f89391c1,1600960620,total_operational_objective,127152.18724338005,127152.18724338003,1.4551915228366852e-11
test_047_20c1f89391c1,1600960620,loss_queue,8712.15117103098,8712.15117103098,0.0
test_047_20c1f89391c1,1600960620,loss_waiting,108370.48960207828,108370.48960207829,1.4551915228366852e-11
test_047_20c1f89391c1,1600960620,loss_exit,4358.636731168695,4358.6367311686945,9.094947017729282e-13
test_047_20c1f89391c1,1600960620,loss_overflow,3479.9433217301403,3479.9433217301403,0.0
test_047_20c1f89391c1,1600960620,loss_route_resource,1325.3065915237996,1325.3065915237996,0.0
test_047_20c1f89391c1,1600960620,loss_action,905.6598258481406,905.6598258481406,0.0
test_047_20c1f89391c1,1600960620,terminal_correction,0.0,0.0,0.0
test_047_20c1f89391c1,1600960620,ending_outstanding_mass,6.503873776820593e-07,6.503873776820593e-07,0.0
test_048_eeaf6a6a0a15,301721597,total_operational_objective,117419.4063935297,117419.4063935297,0.0
test_048_eeaf6a6a0a15,301721597,loss_queue,8641.559284091012,8641.559284091012,0.0
test_048_eeaf6a6a0a15,301721597,loss_waiting,99078.87930134944,99078.87930134944,0.0
test_048_eeaf6a6a0a15,301721597,loss_exit,3972.477956737212,3972.477956737212,0.0
test_048_eeaf6a6a0a15,301721597,loss_overflow,3438.601458678428,3438.6014586784277,4.547473508864641e-13
test_048_eeaf6a6a0a15,301721597,loss_route_resource,1322.2101967082388,1322.2101967082388,0.0
test_048_eeaf6a6a0a15,301721597,loss_action,965.6781959654274,965.6781959654274,0.0
test_048_eeaf6a6a0a15,301721597,terminal_correction,0.0,0.0,0.0
test_048_eeaf6a6a0a15,301721597,ending_outstanding_mass,6.368633175306252e-07,6.368633175306252e-07,0.0
test_048_eeaf6a6a0a15,554911178,total_operational_objective,120323.0931088408,120323.09310884081,1.4551915228366852e-11
test_048_eeaf6a6a0a15,554911178,loss_queue,8601.299649425795,8601.299649425795,0.0
test_048_eeaf6a6a0a15,554911178,loss_waiting,101980.44255019404,101980.44255019404,0.0
test_048_eeaf6a6a0a15,554911178,loss_exit,4080.3823542979394,4080.3823542979394,0.0
test_048_eeaf6a6a0a15,554911178,loss_overflow,3410.513566892566,3410.513566892566,0.0
test_048_eeaf6a6a0a15,554911178,loss_route_resource,1315.3854106855715,1315.3854106855717,2.2737367544323206e-13
test_048_eeaf6a6a0a15,554911178,loss_action,935.0695773448608,935.0695773448607,1.1368683772161603e-13
test_048_eeaf6a6a0a15,554911178,terminal_correction,0.0,0.0,0.0
test_048_eeaf6a6a0a15,554911178,ending_outstanding_mass,6.388832102344672e-07,6.388832102344672e-07,0.0
test_048_eeaf6a6a0a15,1600960620,total_operational_objective,119108.023177436,119108.02317743601,1.4551915228366852e-11
test_048_eeaf6a6a0a15,1600960620,loss_queue,8592.039575405299,8592.039575405299,0.0
test_048_eeaf6a6a0a15,1600960620,loss_waiting,100856.177579173,100856.177579173,0.0
test_048_eeaf6a6a0a15,1600960620,loss_exit,4038.0833156689496,4038.0833156689496,0.0
test_048_eeaf6a6a0a15,1600960620,loss_overflow,3404.4929469822227,3404.4929469822227,0.0
test_048_eeaf6a6a0a15,1600960620,loss_route_resource,1312.369219815507,1312.369219815507,0.0
test_048_eeaf6a6a0a15,1600960620,loss_action,904.860540391034,904.8605403910341,1.1368683772161603e-13
test_048_eeaf6a6a0a15,1600960620,terminal_correction,0.0,0.0,0.0
test_048_eeaf6a6a0a15,1600960620,ending_outstanding_mass,6.38039192027519e-07,6.38039192027519e-07,0.0
test_049_343da3774e7e,301721597,total_operational_objective,103046.59957077178,103046.59957077178,0.0
test_049_343da3774e7e,301721597,loss_queue,8017.694172436181,8017.694172436181,0.0
test_049_343da3774e7e,301721597,loss_waiting,86338.07103991149,86338.07103991149,0.0
test_049_343da3774e7e,301721597,loss_exit,3427.303282619696,3427.303282619696,0.0
test_049_343da3774e7e,301721597,loss_overflow,2993.324371420837,2993.324371420837,0.0
test_049_343da3774e7e,301721597,loss_route_resource,1243.3272052354384,1243.3272052354384,0.0
test_049_343da3774e7e,301721597,loss_action,1026.879499148172,1026.879499148172,0.0
test_049_343da3774e7e,301721597,terminal_correction,0.0,0.0,0.0
test_049_343da3774e7e,301721597,ending_outstanding_mass,4.446136963330733e-07,4.446136963330733e-07,0.0
test_049_343da3774e7e,554911178,total_operational_objective,105918.28725834352,105918.28725834352,0.0
test_049_343da3774e7e,554911178,loss_queue,7990.360015562258,7990.360015562258,0.0
test_049_343da3774e7e,554911178,loss_waiting,89185.78702259742,89185.78702259742,0.0
test_049_343da3774e7e,554911178,loss_exit,3532.5136495560746,3532.5136495560746,0.0
test_049_343da3774e7e,554911178,loss_overflow,2978.8285802563105,2978.8285802563105,0.0
test_049_343da3774e7e,554911178,loss_route_resource,1236.8931951191155,1236.8931951191155,0.0
test_049_343da3774e7e,554911178,loss_action,993.9047952523864,993.9047952523865,1.1368683772161603e-13
test_049_343da3774e7e,554911178,terminal_correction,0.0,0.0,0.0
test_049_343da3774e7e,554911178,ending_outstanding_mass,4.466223887234656e-07,4.466223887234656e-07,0.0
test_049_343da3774e7e,1600960620,total_operational_objective,104523.5138229865,104523.5138229865,0.0
test_049_343da3774e7e,1600960620,loss_queue,7979.643426102203,7979.643426102203,0.0
test_049_343da3774e7e,1600960620,loss_waiting,87886.12857720602,87886.12857720602,0.0
test_049_343da3774e7e,1600960620,loss_exit,3484.0777386756617,3484.0777386756617,0.0
test_049_343da3774e7e,1600960620,loss_overflow,2975.474388979173,2975.4743889791735,4.547473508864641e-13
test_049_343da3774e7e,1600960620,loss_route_resource,1234.0443347257387,1234.0443347257387,0.0
test_049_343da3774e7e,1600960620,loss_action,964.1453572977052,964.1453572977051,1.1368683772161603e-13
test_049_343da3774e7e,1600960620,terminal_correction,0.0,0.0,0.0
test_049_343da3774e7e,1600960620,ending_outstanding_mass,4.457066019805629e-07,4.4570660198056286e-07,5.293955920339377e-23
test_050_1c7612d8bc63,301721597,total_operational_objective,107645.42713272524,107645.42713272525,1.4551915228366852e-11
test_050_1c7612d8bc63,301721597,loss_queue,7779.108845829994,7779.108845829994,0.0
test_050_1c7612d8bc63,301721597,loss_waiting,91186.4312878701,91186.4312878701,0.0
test_050_1c7612d8bc63,301721597,loss_exit,3645.670222072324,3645.670222072324,0.0
test_050_1c7612d8bc63,301721597,loss_overflow,2823.4813463115606,2823.4813463115606,0.0
test_050_1c7612d8bc63,301721597,loss_route_resource,1181.7379398910791,1181.7379398910793,2.2737367544323206e-13
test_050_1c7612d8bc63,301721597,loss_action,1028.9974907501685,1028.9974907501683,2.2737367544323206e-13
test_050_1c7612d8bc63,301721597,terminal_correction,0.0,0.0,0.0
test_050_1c7612d8bc63,301721597,ending_outstanding_mass,6.35569040089434e-07,6.35569040089434e-07,0.0
test_050_1c7612d8bc63,554911178,total_operational_objective,110509.1624187412,110509.16241874121,1.4551915228366852e-11
test_050_1c7612d8bc63,554911178,loss_queue,7753.402358081405,7753.402358081405,0.0
test_050_1c7612d8bc63,554911178,loss_waiting,94024.89532250652,94024.89532250653,1.4551915228366852e-11
test_050_1c7612d8bc63,554911178,loss_exit,3750.655949472787,3750.655949472787,0.0
test_050_1c7612d8bc63,554911178,loss_overflow,2809.0660489963457,2809.0660489963457,0.0
test_050_1c7612d8bc63,554911178,loss_route_resource,1175.3225993977,1175.3225993977,0.0
test_050_1c7612d8bc63,554911178,loss_action,995.8201402864556,995.8201402864555,1.1368683772161603e-13
test_050_1c7612d8bc63,554911178,terminal_correction,0.0,0.0,0.0
test_050_1c7612d8bc63,554911178,ending_outstanding_mass,6.374819559328752e-07,6.374819559328752e-07,0.0
test_050_1c7612d8bc63,1600960620,total_operational_objective,109172.95115667443,109172.95115667443,0.0
test_050_1c7612d8bc63,1600960620,loss_queue,7737.498031797831,7737.498031797831,0.0
test_050_1c7612d8bc63,1600960620,loss_waiting,92793.56880706258,92793.56880706258,0.0
test_050_1c7612d8bc63,1600960620,loss_exit,3704.524960516141,3704.524960516141,0.0
test_050_1c7612d8bc63,1600960620,loss_overflow,2798.58775067139,2798.58775067139,0.0
test_050_1c7612d8bc63,1600960620,loss_route_resource,1172.157609218803,1172.157609218803,0.0
test_050_1c7612d8bc63,1600960620,loss_action,966.613997407662,966.6139974076619,1.1368683772161603e-13
test_050_1c7612d8bc63,1600960620,terminal_correction,0.0,0.0,0.0
test_050_1c7612d8bc63,1600960620,ending_outstanding_mass,6.365339472317191e-07,6.365339472317191e-07,0.0
test_051_5747c87e6d9a,301721597,total_operational_objective,105691.5488987362,105691.54889873619,1.4551915228366852e-11
test_051_5747c87e6d9a,301721597,loss_queue,7639.715087287254,7639.715087287254,0.0
test_051_5747c87e6d9a,301721597,loss_waiting,89598.1544251802,89598.1544251802,0.0
test_051_5747c87e6d9a,301721597,loss_exit,3584.61791583383,3584.61791583383,0.0
test_051_5747c87e6d9a,301721597,loss_overflow,2788.981956586352,2788.981956586352,0.0
test_051_5747c87e6d9a,301721597,loss_route_resource,1168.7015531303732,1168.7015531303732,0.0
test_051_5747c87e6d9a,301721597,loss_action,911.3779607182544,911.3779607182543,1.1368683772161603e-13
test_051_5747c87e6d9a,301721597,terminal_correction,0.0,0.0,0.0
test_051_5747c87e6d9a,301721597,ending_outstanding_mass,4.795869846340299e-07,4.795869846340299e-07,0.0
test_051_5747c87e6d9a,554911178,total_operational_objective,108780.35644855714,108780.35644855714,0.0
test_051_5747c87e6d9a,554911178,loss_queue,7602.902346336786,7602.902346336786,0.0
test_051_5747c87e6d9a,554911178,loss_waiting,92670.93326455212,92670.93326455212,0.0
test_051_5747c87e6d9a,554911178,loss_exit,3698.673234136568,3698.6732341365678,4.547473508864641e-13
test_051_5747c87e6d9a,554911178,loss_overflow,2767.122604682768,2767.122604682768,0.0
test_051_5747c87e6d9a,554911178,loss_route_resource,1160.496070956896,1160.496070956896,0.0
test_051_5747c87e6d9a,554911178,loss_action,880.2289278919259,880.2289278919259,0.0
test_051_5747c87e6d9a,554911178,terminal_correction,0.0,0.0,0.0
test_051_5747c87e6d9a,554911178,ending_outstanding_mass,4.817169776475335e-07,4.817169776475335e-07,0.0
test_051_5747c87e6d9a,1600960620,total_operational_objective,107493.4179814471,107493.4179814471,0.0
test_051_5747c87e6d9a,1600960620,loss_queue,7594.909257395614,7594.909257395614,0.0
test_051_5747c87e6d9a,1600960620,loss_waiting,91469.33804620588,91469.33804620587,1.4551915228366852e-11
test_051_5747c87e6d9a,1600960620,loss_exit,3654.545020463838,3654.545020463838,0.0
test_051_5747c87e6d9a,1600960620,loss_overflow,2764.089488440838,2764.089488440838,0.0
test_051_5747c87e6d9a,1600960620,loss_route_resource,1158.179711744544,1158.179711744544,0.0
test_051_5747c87e6d9a,1600960620,loss_action,852.3564571963544,852.3564571963544,0.0
test_051_5747c87e6d9a,1600960620,terminal_correction,0.0,0.0,0.0
test_051_5747c87e6d9a,1600960620,ending_outstanding_mass,4.809220660948807e-07,4.809220660948807e-07,0.0
test_052_9760565f31de,301721597,total_operational_objective,111187.5197379221,111187.5197379221,0.0
test_052_9760565f31de,301721597,loss_queue,8815.246074402034,8815.246074402034,0.0
test_052_9760565f31de,301721597,loss_waiting,92827.17645122166,92827.17645122166,0.0
test_052_9760565f31de,301721597,loss_exit,3687.951317502896,3687.951317502896,0.0
test_052_9760565f31de,301721597,loss_overflow,3517.564806404165,3517.564806404165,0.0
test_052_9760565f31de,301721597,loss_route_resource,1377.0075422421448,1377.0075422421448,0.0
test_052_9760565f31de,301721597,loss_action,962.5735461492008,962.5735461492009,1.1368683772161603e-13
test_052_9760565f31de,301721597,terminal_correction,0.0,0.0,0.0
test_052_9760565f31de,301721597,ending_outstanding_mass,5.166409704552927e-07,5.166409704552927e-07,0.0
test_052_9760565f31de,554911178,total_operational_objective,113947.24902616942,113947.24902616942,0.0
test_052_9760565f31de,554911178,loss_queue,8776.556215007176,8776.556215007176,0.0
test_052_9760565f31de,554911178,loss_waiting,95587.5757239284,95587.5757239284,0.0
test_052_9760565f31de,554911178,loss_exit,3789.3025164483793,3789.3025164483793,0.0
test_052_9760565f31de,554911178,loss_overflow,3490.365270985611,3490.365270985611,0.0
test_052_9760565f31de,554911178,loss_route_resource,1370.2661532620532,1370.2661532620532,0.0
test_052_9760565f31de,554911178,loss_action,933.1831465377676,933.1831465377677,1.1368683772161603e-13
test_052_9760565f31de,554911178,terminal_correction,0.0,0.0,0.0
test_052_9760565f31de,554911178,ending_outstanding_mass,5.18574355757298e-07,5.18574355757298e-07,0.0
test_052_9760565f31de,1600960620,total_operational_objective,112692.90562872923,112692.90562872923,0.0
test_052_9760565f31de,1600960620,loss_queue,8767.345390940543,8767.345390940543,0.0
test_052_9760565f31de,1600960620,loss_waiting,94425.5512457832,94425.55124578321,1.4551915228366852e-11
test_052_9760565f31de,1600960620,loss_exit,3745.787193578039,3745.7871935780386,4.547473508864641e-13
test_052_9760565f31de,1600960620,loss_overflow,3484.349417202147,3484.349417202147,0.0
test_052_9760565f31de,1600960620,loss_route_resource,1367.3903767146296,1367.3903767146296,0.0
test_052_9760565f31de,1600960620,loss_action,902.4820045106312,902.4820045106312,0.0
test_052_9760565f31de,1600960620,terminal_correction,0.0,0.0,0.0
test_052_9760565f31de,1600960620,ending_outstanding_mass,5.177311556994173e-07,5.177311556994173e-07,0.0
test_053_4473e6f72168,301721597,total_operational_objective,110339.04927305171,110339.04927305173,1.4551915228366852e-11
test_053_4473e6f72168,301721597,loss_queue,8702.886175428404,8702.886175428404,0.0
test_053_4473e6f72168,301721597,loss_waiting,92189.00437887965,92189.00437887965,0.0
test_053_4473e6f72168,301721597,loss_exit,3670.0032587703167,3670.0032587703167,0.0
test_053_4473e6f72168,301721597,loss_overflow,3464.956887462629,3464.956887462629,0.0
test_053_4473e6f72168,301721597,loss_route_resource,1348.0690038505172,1348.0690038505172,0.0
test_053_4473e6f72168,301721597,loss_action,964.1295686602192,964.1295686602193,1.1368683772161603e-13
test_053_4473e6f72168,301721597,terminal_correction,0.0,0.0,0.0
test_053_4473e6f72168,301721597,ending_outstanding_mass,4.775344425378594e-07,4.775344425378594e-07,0.0
test_053_4473e6f72168,554911178,total_operational_objective,113419.05008511884,113419.05008511883,1.4551915228366852e-11
test_053_4473e6f72168,554911178,loss_queue,8663.556052120166,8663.556052120166,0.0
test_053_4473e6f72168,554911178,loss_waiting,95258.25121052074,95258.25121052074,0.0
test_053_4473e6f72168,554911178,loss_exit,3784.061033364779,3784.061033364779,0.0
test_053_4473e6f72168,554911178,loss_overflow,3438.9702664320894,3438.9702664320894,0.0
test_053_4473e6f72168,554911178,loss_route_resource,1340.283268149215,1340.283268149215,0.0
test_053_4473e6f72168,554911178,loss_action,933.9282545318724,933.9282545318725,1.1368683772161603e-13
test_053_4473e6f72168,554911178,terminal_correction,0.0,0.0,0.0
test_053_4473e6f72168,554911178,ending_outstanding_mass,4.797112563828366e-07,4.797112563828366e-07,0.0
test_053_4473e6f72168,1600960620,total_operational_objective,112107.79788504554,112107.79788504554,0.0
test_053_4473e6f72168,1600960620,loss_queue,8653.439542043536,8653.439542043536,0.0
test_053_4473e6f72168,1600960620,loss_waiting,94042.96113439884,94042.96113439884,0.0
test_053_4473e6f72168,1600960620,loss_exit,3738.6139821980314,3738.6139821980305,9.094947017729282e-13
test_053_4473e6f72168,1600960620,loss_overflow,3431.817617444166,3431.817617444166,0.0
test_053_4473e6f72168,1600960620,loss_route_resource,1337.5667645479034,1337.5667645479034,0.0
test_053_4473e6f72168,1600960620,loss_action,903.3988444130416,903.3988444130415,1.1368683772161603e-13
test_053_4473e6f72168,1600960620,terminal_correction,0.0,0.0,0.0
test_053_4473e6f72168,1600960620,ending_outstanding_mass,4.788585163894633e-07,4.788585163894633e-07,0.0
test_054_c66f0b1dacc4,301721597,total_operational_objective,119393.92899040288,119393.92899040287,1.4551915228366852e-11
test_054_c66f0b1dacc4,301721597,loss_queue,8334.89046901767,8334.89046901767,0.0
test_054_c66f0b1dacc4,301721597,loss_waiting,101535.29461033177,101535.29461033175,1.4551915228366852e-11
test_054_c66f0b1dacc4,301721597,loss_exit,4077.531151528104,4077.531151528104,0.0
test_054_c66f0b1dacc4,301721597,loss_overflow,3203.614740154073,3203.614740154073,0.0
test_054_c66f0b1dacc4,301721597,loss_route_resource,1274.7597925267337,1274.7597925267335,2.2737367544323206e-13
test_054_c66f0b1dacc4,301721597,loss_action,967.8382268445912,967.8382268445911,1.1368683772161603e-13
test_054_c66f0b1dacc4,301721597,terminal_correction,0.0,0.0,0.0
test_054_c66f0b1dacc4,301721597,ending_outstanding_mass,6.178938809438889e-07,6.178938809438889e-07,0.0
test_054_c66f0b1dacc4,554911178,total_operational_objective,122553.4040213445,122553.4040213445,0.0
test_054_c66f0b1dacc4,554911178,loss_queue,8294.897882044903,8294.897882044903,0.0
test_054_c66f0b1dacc4,554911178,loss_waiting,104682.01496399083,104682.01496399083,0.0
test_054_c66f0b1dacc4,554911178,loss_exit,4195.049577523906,4195.049577523906,0.0
test_054_c66f0b1dacc4,554911178,loss_overflow,3178.2096204507952,3178.2096204507952,0.0
test_054_c66f0b1dacc4,554911178,loss_route_resource,1266.9518502631654,1266.9518502631654,0.0
test_054_c66f0b1dacc4,554911178,loss_action,936.2801270708964,936.2801270708965,1.1368683772161603e-13
test_054_c66f0b1dacc4,554911178,terminal_correction,0.0,0.0,0.0
test_054_c66f0b1dacc4,554911178,ending_outstanding_mass,6.200161804379091e-07,6.200161804379091e-07,0.0
test_054_c66f0b1dacc4,1600960620,total_operational_objective,121170.91935991164,121170.91935991163,1.4551915228366852e-11
test_054_c66f0b1dacc4,1600960620,loss_queue,8285.364353250605,8285.364353250605,0.0
test_054_c66f0b1dacc4,1600960620,loss_waiting,103392.94337617564,103392.94337617564,0.0
test_054_c66f0b1dacc4,1600960620,loss_exit,4147.26247317848,4147.26247317848,0.0
test_054_c66f0b1dacc4,1600960620,loss_overflow,3174.279265402987,3174.279265402987,0.0
test_054_c66f0b1dacc4,1600960620,loss_route_resource,1264.1676922352376,1264.1676922352376,0.0
test_054_c66f0b1dacc4,1600960620,loss_action,906.902199668678,906.902199668678,0.0
test_054_c66f0b1dacc4,1600960620,terminal_correction,0.0,0.0,0.0
test_054_c66f0b1dacc4,1600960620,ending_outstanding_mass,6.190711778533465e-07,6.190711778533465e-07,0.0
test_055_f90330578051,301721597,total_operational_objective,122783.16944945112,122783.16944945112,0.0
test_055_f90330578051,301721597,loss_queue,9288.037536564292,9288.037536564292,0.0
test_055_f90330578051,301721597,loss_waiting,103166.40230513184,103166.40230513185,1.4551915228366852e-11
test_055_f90330578051,301721597,loss_exit,4129.019355712987,4129.019355712987,0.0
test_055_f90330578051,301721597,loss_overflow,3818.0427572413846,3818.0427572413846,0.0
test_055_f90330578051,301721597,loss_route_resource,1419.4912556337977,1419.4912556337977,0.0
test_055_f90330578051,301721597,loss_action,962.1762391668532,962.1762391668532,0.0
test_055_f90330578051,301721597,terminal_correction,0.0,0.0,0.0
test_055_f90330578051,301721597,ending_outstanding_mass,6.295341719575426e-07,6.295341719575426e-07,0.0
test_055_f90330578051,554911178,total_operational_objective,125814.86853230496,125814.86853230497,1.4551915228366852e-11
test_055_f90330578051,554911178,loss_queue,9245.891400454142,9245.891400454142,0.0
test_055_f90330578051,554911178,loss_waiting,106193.74214907024,106193.74214907023,1.4551915228366852e-11
test_055_f90330578051,554911178,loss_exit,4240.9839281948425,4240.9839281948425,0.0
test_055_f90330578051,554911178,loss_overflow,3789.573319847635,3789.573319847635,0.0
test_055_f90330578051,554911178,loss_route_resource,1411.828043234692,1411.828043234692,0.0
test_055_f90330578051,554911178,loss_action,932.849691503432,932.849691503432,0.0
test_055_f90330578051,554911178,terminal_correction,0.0,0.0,0.0
test_055_f90330578051,554911178,ending_outstanding_mass,6.317095087869209e-07,6.317095087869209e-07,0.0
test_055_f90330578051,1600960620,total_operational_objective,124465.80596536434,124465.80596536434,0.0
test_055_f90330578051,1600960620,loss_queue,9237.611338231529,9237.611338231527,1.8189894035458565e-12
test_055_f90330578051,1600960620,loss_waiting,104940.0812260998,104940.08122609979,1.4551915228366852e-11
test_055_f90330578051,1600960620,loss_exit,4193.744794344188,4193.744794344188,0.0
test_055_f90330578051,1600960620,loss_overflow,3783.044436114659,3783.044436114659,0.0
test_055_f90330578051,1600960620,loss_route_resource,1409.241440570706,1409.2414405707061,2.2737367544323206e-13
test_055_f90330578051,1600960620,loss_action,902.0827300034896,902.0827300034896,0.0
test_055_f90330578051,1600960620,terminal_correction,0.0,0.0,0.0
test_055_f90330578051,1600960620,ending_outstanding_mass,6.30787837743335e-07,6.30787837743335e-07,0.0
test_056_b2c64046cef9,301721597,total_operational_objective,108561.88949963088,108561.88949963088,0.0
test_056_b2c64046cef9,301721597,loss_queue,8292.396349437053,8292.396349437053,0.0
test_056_b2c64046cef9,301721597,loss_waiting,91185.15330670994,91185.15330670994,0.0
test_056_b2c64046cef9,301721597,loss_exit,3634.877195014858,3634.877195014858,0.0
test_056_b2c64046cef9,301721597,loss_overflow,3148.8717635090047,3148.8717635090047,0.0
test_056_b2c64046cef9,301721597,loss_route_resource,1274.2573725614054,1274.2573725614054,0.0
test_056_b2c64046cef9,301721597,loss_action,1026.3335123986324,1026.3335123986324,0.0
test_056_b2c64046cef9,301721597,terminal_correction,0.0,0.0,0.0
test_056_b2c64046cef9,301721597,ending_outstanding_mass,5.317921043525416e-07,5.317921043525416e-07,0.0
test_056_b2c64046cef9,554911178,total_operational_objective,111486.40352533224,111486.40352533224,0.0
test_056_b2c64046cef9,554911178,loss_queue,8265.051178332224,8265.051178332224,0.0
test_056_b2c64046cef9,554911178,loss_waiting,94085.40433631976,94085.40433631976,0.0
test_056_b2c64046cef9,554911178,loss_exit,3741.376293879783,3741.3762938797827,4.547473508864641e-13
test_056_b2c64046cef9,554911178,loss_overflow,3133.2425186394503,3133.2425186394503,0.0
test_056_b2c64046cef9,554911178,loss_route_resource,1267.8255424704723,1267.8255424704723,0.0
test_056_b2c64046cef9,554911178,loss_action,993.5036556905512,993.5036556905512,0.0
test_056_b2c64046cef9,554911178,terminal_correction,0.0,0.0,0.0
test_056_b2c64046cef9,554911178,ending_outstanding_mass,5.337602983632338e-07,5.337602983632338e-07,0.0
test_056_b2c64046cef9,1600960620,total_operational_objective,110200.86669450023,110200.86669450025,1.4551915228366852e-11
test_056_b2c64046cef9,1600960620,loss_queue,8252.713837282734,8252.713837282734,0.0
test_056_b2c64046cef9,1600960620,loss_waiting,92895.85316580551,92895.85316580553,1.4551915228366852e-11
test_056_b2c64046cef9,1600960620,loss_exit,3697.72601357158,3697.72601357158,0.0
test_056_b2c64046cef9,1600960620,loss_overflow,3126.025267370428,3126.025267370428,0.0
test_056_b2c64046cef9,1600960620,loss_route_resource,1264.540711527988,1264.540711527988,0.0
test_056_b2c64046cef9,1600960620,loss_action,964.0076989419492,964.0076989419493,1.1368683772161603e-13
test_056_b2c64046cef9,1600960620,terminal_correction,0.0,0.0,0.0
test_056_b2c64046cef9,1600960620,ending_outstanding_mass,5.329558067130491e-07,5.329558067130491e-07,0.0
test_057_bf11b8e004e2,301721597,total_operational_objective,112126.97746407655,112126.97746407655,0.0
test_057_bf11b8e004e2,301721597,loss_queue,8236.132521776599,8236.132521776599,0.0
test_057_bf11b8e004e2,301721597,loss_waiting,94711.5622575642,94711.5622575642,0.0
test_057_bf11b8e004e2,301721597,loss_exit,3782.039957059211,3782.039957059211,0.0
test_057_bf11b8e004e2,301721597,loss_overflow,3138.79262424537,3138.79262424537,0.0
test_057_bf11b8e004e2,301721597,loss_route_resource,1290.2410799943027,1290.2410799943027,0.0
test_057_bf11b8e004e2,301721597,loss_action,968.2090234368764,968.2090234368765,1.1368683772161603e-13
test_057_bf11b8e004e2,301721597,terminal_correction,0.0,0.0,0.0
test_057_bf11b8e004e2,301721597,ending_outstanding_mass,5.774647612203236e-07,5.774647612203236e-07,0.0
test_057_bf11b8e004e2,554911178,total_operational_objective,114907.58471356484,114907.58471356485,1.4551915228366852e-11
test_057_bf11b8e004e2,554911178,loss_queue,8195.113696216442,8195.113696216442,0.0
test_057_bf11b8e004e2,554911178,loss_waiting,97496.9978265015,97496.9978265015,0.0
test_057_bf11b8e004e2,554911178,loss_exit,3884.05764013892,3884.0576401389194,4.547473508864641e-13
test_057_bf11b8e004e2,554911178,loss_overflow,3111.622893507009,3111.622893507009,0.0
test_057_bf11b8e004e2,554911178,loss_route_resource,1283.2450872649365,1283.2450872649365,0.0
test_057_bf11b8e004e2,554911178,loss_action,936.5475699360668,936.5475699360669,1.1368683772161603e-13
test_057_bf11b8e004e2,554911178,terminal_correction,0.0,0.0,0.0
test_057_bf11b8e004e2,554911178,ending_outstanding_mass,5.79386824177536e-07,5.79386824177536e-07,0.0
test_057_bf11b8e004e2,1600960620,total_operational_objective,113737.10768873814,113737.10768873814,0.0
test_057_bf11b8e004e2,1600960620,loss_queue,8188.289221496645,8188.289221496645,0.0
test_057_bf11b8e004e2,1600960620,loss_waiting,96408.13967579356,96408.13967579357,1.4551915228366852e-11
test_057_bf11b8e004e2,1600960620,loss_exit,3843.854993703787,3843.854993703787,0.0
test_057_bf11b8e004e2,1600960620,loss_overflow,3108.254104147111,3108.254104147111,0.0
test_057_bf11b8e004e2,1600960620,loss_route_resource,1281.0311575699247,1281.0311575699247,0.0
test_057_bf11b8e004e2,1600960620,loss_action,907.538536027176,907.5385360271761,1.1368683772161603e-13
test_057_bf11b8e004e2,1600960620,terminal_correction,0.0,0.0,0.0
test_057_bf11b8e004e2,1600960620,ending_outstanding_mass,5.786229050896022e-07,5.786229050896022e-07,0.0
test_058_fbcfbffca03e,301721597,total_operational_objective,120546.027650309,120546.027650309,0.0
test_058_fbcfbffca03e,301721597,loss_queue,9337.120225339151,9337.120225339151,0.0
test_058_fbcfbffca03e,301721597,loss_waiting,100934.6787348499,100934.6787348499,0.0
test_058_fbcfbffca03e,301721597,loss_exit,4023.493602439531,4023.493602439531,0.0
test_058_fbcfbffca03e,301721597,loss_overflow,3843.766936754232,3843.7669367542317,4.547473508864641e-13
test_058_fbcfbffca03e,301721597,loss_route_resource,1446.2395137439416,1446.2395137439416,0.0
test_058_fbcfbffca03e,301721597,loss_action,960.7286371822628,960.7286371822628,0.0
test_058_fbcfbffca03e,301721597,terminal_correction,0.0,0.0,0.0
test_058_fbcfbffca03e,301721597,ending_outstanding_mass,6.363494177348711e-07,6.363494177348711e-07,0.0
test_058_fbcfbffca03e,554911178,total_operational_objective,123150.760029145,123150.760029145,0.0
test_058_fbcfbffca03e,554911178,loss_queue,9299.3259779582,9299.325977958199,1.8189894035458565e-12
test_058_fbcfbffca03e,554911178,loss_waiting,103544.88239565377,103544.88239565377,0.0
test_058_fbcfbffca03e,554911178,loss_exit,4117.483989153978,4117.483989153978,0.0
test_058_fbcfbffca03e,554911178,loss_overflow,3816.852553894415,3816.852553894415,0.0
test_058_fbcfbffca03e,554911178,loss_route_resource,1439.9594565102989,1439.9594565102989,0.0
test_058_fbcfbffca03e,554911178,loss_action,932.2556559743308,932.2556559743309,1.1368683772161603e-13
test_058_fbcfbffca03e,554911178,terminal_correction,0.0,0.0,0.0
test_058_fbcfbffca03e,554911178,ending_outstanding_mass,6.38477477655833e-07,6.38477477655833e-07,0.0
test_058_fbcfbffca03e,1600960620,total_operational_objective,121885.35959973648,121885.35959973648,0.0
test_058_fbcfbffca03e,1600960620,loss_queue,9291.437491519346,9291.437491519346,0.0
test_058_fbcfbffca03e,1600960620,loss_waiting,102370.84832267468,102370.84832267468,0.0
test_058_fbcfbffca03e,1600960620,loss_exit,4073.667042739235,4073.667042739235,0.0
test_058_fbcfbffca03e,1600960620,loss_overflow,3811.2825403122856,3811.2825403122856,0.0
test_058_fbcfbffca03e,1600960620,loss_route_resource,1437.1035974980791,1437.1035974980791,0.0
test_058_fbcfbffca03e,1600960620,loss_action,901.0206049928522,901.0206049928522,0.0
test_058_fbcfbffca03e,1600960620,terminal_correction,0.0,0.0,0.0
test_058_fbcfbffca03e,1600960620,ending_outstanding_mass,6.375924446969039e-07,6.375924446969039e-07,0.0
test_059_d22925a9593f,301721597,total_operational_objective,112037.77944308348,112037.77944308349,1.4551915228366852e-11
test_059_d22925a9593f,301721597,loss_queue,8240.927444252307,8240.927444252307,0.0
test_059_d22925a9593f,301721597,loss_waiting,94613.6244417155,94613.6244417155,0.0
test_059_d22925a9593f,301721597,loss_exit,3781.8552768496743,3781.8552768496747,4.547473508864641e-13
test_059_d22925a9593f,301721597,loss_overflow,3150.933917217096,3150.933917217096,0.0
test_059_d22925a9593f,301721597,loss_route_resource,1282.4045501904875,1282.4045501904875,0.0
test_059_d22925a9593f,301721597,loss_action,968.0338128584218,968.0338128584218,0.0
test_059_d22925a9593f,301721597,terminal_correction,0.0,0.0,0.0
test_059_d22925a9593f,301721597,ending_outstanding_mass,5.546952331193617e-07,5.546952331193617e-07,0.0
test_059_d22925a9593f,554911178,total_operational_objective,114965.4992056766,114965.49920567659,1.4551915228366852e-11
test_059_d22925a9593f,554911178,loss_queue,8200.41803781746,8200.41803781746,0.0
test_059_d22925a9593f,554911178,loss_waiting,97538.44703082136,97538.44703082136,0.0
test_059_d22925a9593f,554911178,loss_exit,3889.8078643277886,3889.8078643277886,0.0
test_059_d22925a9593f,554911178,loss_overflow,3125.247396664031,3125.247396664031,0.0
test_059_d22925a9593f,554911178,loss_route_resource,1275.4595496407794,1275.4595496407794,0.0
test_059_d22925a9593f,554911178,loss_action,936.1193264051456,936.1193264051456,0.0
test_059_d22925a9593f,554911178,terminal_correction,0.0,0.0,0.0
test_059_d22925a9593f,554911178,ending_outstanding_mass,5.566756317367419e-07,5.566756317367419e-07,0.0
test_059_d22925a9593f,1600960620,total_operational_objective,113659.22339781716,113659.22339781717,1.4551915228366852e-11
test_059_d22925a9593f,1600960620,loss_queue,8190.869703573234,8190.869703573234,0.0
test_059_d22925a9593f,1600960620,loss_waiting,96320.67076912786,96320.67076912786,0.0
test_059_d22925a9593f,1600960620,loss_exit,3844.7509353947694,3844.7509353947703,9.094947017729282e-13
test_059_d22925a9593f,1600960620,loss_overflow,3123.090017505995,3123.090017505995,0.0
test_059_d22925a9593f,1600960620,loss_route_resource,1272.7068996566852,1272.7068996566852,0.0
test_059_d22925a9593f,1600960620,loss_action,907.135072558575,907.135072558575,0.0
test_059_d22925a9593f,1600960620,terminal_correction,0.0,0.0,0.0
test_059_d22925a9593f,1600960620,ending_outstanding_mass,5.558770795944619e-07,5.558770795944619e-07,0.0
test_060_b3feb9e274c2,301721597,total_operational_objective,116429.5464579022,116429.54645790221,1.4551915228366852e-11
test_060_b3feb9e274c2,301721597,loss_queue,8756.469342586863,8756.469342586863,0.0
test_060_b3feb9e274c2,301721597,loss_waiting,97966.2311453405,97966.2311453405,0.0
test_060_b3feb9e274c2,301721597,loss_exit,3912.9246364331016,3912.9246364331016,0.0
test_060_b3feb9e274c2,301721597,loss_overflow,3473.2916111476434,3473.2916111476434,0.0
test_060_b3feb9e274c2,301721597,loss_route_resource,1355.9973745407858,1355.9973745407858,0.0
test_060_b3feb9e274c2,301721597,loss_action,964.6323478533236,964.6323478533235,1.1368683772161603e-13
test_060_b3feb9e274c2,301721597,terminal_correction,0.0,0.0,0.0
test_060_b3feb9e274c2,301721597,ending_outstanding_mass,5.735841568820878e-07,5.735841568820878e-07,0.0
test_060_b3feb9e274c2,554911178,total_operational_objective,119622.92555548932,119622.92555548932,0.0
test_060_b3feb9e274c2,554911178,loss_queue,8716.844359201785,8716.844359201785,0.0
test_060_b3feb9e274c2,554911178,loss_waiting,101144.76717326524,101144.76717326524,0.0
test_060_b3feb9e274c2,554911178,loss_exit,4031.350425199458,4031.3504251994586,4.547473508864641e-13
test_060_b3feb9e274c2,554911178,loss_overflow,3447.581252972725,3447.5812529727255,4.547473508864641e-13
test_060_b3feb9e274c2,554911178,loss_route_resource,1347.779749568792,1347.7797495687919,2.2737367544323206e-13
test_060_b3feb9e274c2,554911178,loss_action,934.6025952812575,934.6025952812577,1.1368683772161603e-13
test_060_b3feb9e274c2,554911178,terminal_correction,0.0,0.0,0.0
test_060_b3feb9e274c2,554911178,ending_outstanding_mass,5.758439759742073e-07,5.758439759742073e-07,0.0
test_060_b3feb9e274c2,1600960620,total_operational_objective,118240.34018702546,118240.34018702546,0.0
test_060_b3feb9e274c2,1600960620,loss_queue,8705.91646424747,8705.91646424747,0.0
test_060_b3feb9e274c2,1600960620,loss_waiting,99861.54957360598,99861.54957360598,0.0
test_060_b3feb9e274c2,1600960620,loss_exit,3983.037452890881,3983.0374528908806,4.547473508864641e-13
test_060_b3feb9e274c2,1600960620,loss_overflow,3440.602208987136,3440.602208987136,0.0
test_060_b3feb9e274c2,1600960620,loss_route_resource,1345.1988016041828,1345.1988016041828,0.0
test_060_b3feb9e274c2,1600960620,loss_action,904.0356856897596,904.0356856897595,1.1368683772161603e-13
test_060_b3feb9e274c2,1600960620,terminal_correction,0.0,0.0,0.0
test_060_b3feb9e274c2,1600960620,ending_outstanding_mass,5.749032875655994e-07,5.749032875655994e-07,0.0
test_061_627abde70c26,301721597,total_operational_objective,114440.64586810095,114440.64586810095,0.0
test_061_627abde70c26,301721597,loss_queue,8634.349483613281,8634.349483613281,0.0
test_061_627abde70c26,301721597,loss_waiting,96254.94928739165,96254.94928739163,1.4551915228366852e-11
test_061_627abde70c26,301721597,loss_exit,3842.3734914411,3842.3734914410998,4.547473508864641e-13
test_061_627abde70c26,301721597,loss_overflow,3392.999050903584,3392.9990509035833,4.547473508864641e-13
test_061_627abde70c26,301721597,loss_route_resource,1350.3104065029424,1350.3104065029424,0.0
test_061_627abde70c26,301721597,loss_action,965.664148248432,965.6641482484321,1.1368683772161603e-13
test_061_627abde70c26,301721597,terminal_correction,0.0,0.0,0.0
test_061_627abde70c26,301721597,ending_outstanding_mass,4.985412197415942e-07,4.985412197415942e-07,0.0
test_061_627abde70c26,554911178,total_operational_objective,117375.30765776164,117375.30765776164,0.0
test_061_627abde70c26,554911178,loss_queue,8592.81552167597,8592.81552167597,0.0
test_061_627abde70c26,554911178,loss_waiting,99188.11238079389,99188.11238079389,0.0
test_061_627abde70c26,554911178,loss_exit,3950.969993278545,3950.969993278545,0.0
test_061_627abde70c26,554911178,loss_overflow,3365.172100060885,3365.1721000608854,4.547473508864641e-13
test_061_627abde70c26,554911178,loss_route_resource,1343.2439212055865,1343.2439212055865,0.0
test_061_627abde70c26,554911178,loss_action,934.9937407467482,934.9937407467482,0.0
test_061_627abde70c26,554911178,terminal_correction,0.0,0.0,0.0
test_061_627abde70c26,554911178,ending_outstanding_mass,5.00551055905991e-07,5.00551055905991e-07,0.0
test_061_627abde70c26,1600960620,total_operational_objective,116098.44413804736,116098.44413804737,1.4551915228366852e-11
test_061_627abde70c26,1600960620,loss_queue,8585.072886676491,8585.072886676491,0.0
test_061_627abde70c26,1600960620,loss_waiting,97996.59158695387,97996.59158695389,1.4551915228366852e-11
test_061_627abde70c26,1600960620,loss_exit,3906.625166530005,3906.625166530005,0.0
test_061_627abde70c26,1600960620,loss_overflow,3364.520059158094,3364.520059158094,0.0
test_061_627abde70c26,1600960620,loss_route_resource,1340.472526319542,1340.472526319542,0.0
test_061_627abde70c26,1600960620,loss_action,905.1619124093528,905.1619124093527,1.1368683772161603e-13
test_061_627abde70c26,1600960620,terminal_correction,0.0,0.0,0.0
test_061_627abde70c26,1600960620,ending_outstanding_mass,4.997295528108785e-07,4.997295528108785e-07,0.0
test_062_0c9ea14e9507,301721597,total_operational_objective,120511.94612654338,120511.94612654338,0.0
test_062_0c9ea14e9507,301721597,loss_queue,8790.443813850816,8790.443813850816,0.0
test_062_0c9ea14e9507,301721597,loss_waiting,101832.50453213388,101832.50453213388,0.0
test_062_0c9ea14e9507,301721597,loss_exit,4078.860903997344,4078.860903997344,0.0
test_062_0c9ea14e9507,301721597,loss_overflow,3483.749668325203,3483.749668325203,0.0
test_062_0c9ea14e9507,301721597,loss_route_resource,1360.915459771808,1360.915459771808,0.0
test_062_0c9ea14e9507,301721597,loss_action,965.4717484643828,965.4717484643827,1.1368683772161603e-13
test_062_0c9ea14e9507,301721597,terminal_correction,0.0,0.0,0.0
test_062_0c9ea14e9507,301721597,ending_outstanding_mass,6.178933828504117e-07,6.178933828504117e-07,0.0
test_062_0c9ea14e9507,554911178,total_operational_objective,123441.642672782,123441.642672782,0.0
test_062_0c9ea14e9507,554911178,loss_queue,8748.858468509727,8748.858468509727,0.0
test_062_0c9ea14e9507,554911178,loss_waiting,104760.86552230024,104760.86552230024,0.0
test_062_0c9ea14e9507,554911178,loss_exit,4187.108704198589,4187.108704198589,0.0
test_062_0c9ea14e9507,554911178,loss_overflow,3456.1221909313663,3456.1221909313663,0.0
test_062_0c9ea14e9507,554911178,loss_route_resource,1353.8390739293188,1353.8390739293188,0.0
test_062_0c9ea14e9507,554911178,loss_action,934.848712912772,934.8487129127719,1.1368683772161603e-13
test_062_0c9ea14e9507,554911178,terminal_correction,0.0,0.0,0.0
test_062_0c9ea14e9507,554911178,ending_outstanding_mass,6.199569614841607e-07,6.199569614841607e-07,0.0
test_062_0c9ea14e9507,1600960620,total_operational_objective,122213.5987999473,122213.5987999473,0.0
test_062_0c9ea14e9507,1600960620,loss_queue,8740.638914478024,8740.638914478024,0.0
test_062_0c9ea14e9507,1600960620,loss_waiting,103618.93880529652,103618.93880529651,1.4551915228366852e-11
test_062_0c9ea14e9507,1600960620,loss_exit,4144.569178454053,4144.569178454053,0.0
test_062_0c9ea14e9507,1600960620,loss_overflow,3453.627389748473,3453.627389748473,0.0
test_062_0c9ea14e9507,1600960620,loss_route_resource,1350.8382985544692,1350.8382985544692,0.0
test_062_0c9ea14e9507,1600960620,loss_action,904.9862134157198,904.9862134157198,0.0
test_062_0c9ea14e9507,1600960620,terminal_correction,0.0,0.0,0.0
test_062_0c9ea14e9507,1600960620,ending_outstanding_mass,6.191334802537607e-07,6.191334802537607e-07,0.0
test_063_44f0f2a191ef,301721597,total_operational_objective,113411.21685319248,113411.21685319248,0.0
test_063_44f0f2a191ef,301721597,loss_queue,8027.902898990381,8027.902898990381,0.0
test_063_44f0f2a191ef,301721597,loss_waiting,96319.7655750964,96319.7655750964,0.0
test_063_44f0f2a191ef,301721597,loss_exit,3862.452779941733,3862.4527799417324,4.547473508864641e-13
test_063_44f0f2a191ef,301721597,loss_overflow,3057.670387887019,3057.670387887019,0.0
test_063_44f0f2a191ef,301721597,loss_route_resource,1233.0508495050208,1233.0508495050208,0.0
test_063_44f0f2a191ef,301721597,loss_action,910.3743617719132,910.3743617719133,1.1368683772161603e-13
test_063_44f0f2a191ef,301721597,terminal_correction,0.0,0.0,0.0
test_063_44f0f2a191ef,301721597,ending_outstanding_mass,5.872076426853278e-07,5.872076426853278e-07,0.0
test_063_44f0f2a191ef,554911178,total_operational_objective,116297.75468681147,116297.75468681149,1.4551915228366852e-11
test_063_44f0f2a191ef,554911178,loss_queue,7991.076386127989,7991.076386127989,0.0
test_063_44f0f2a191ef,554911178,loss_waiting,99194.4407620542,99194.44076205419,1.4551915228366852e-11
test_063_44f0f2a191ef,554911178,loss_exit,3968.005033187047,3968.0050331870466,4.547473508864641e-13
test_063_44f0f2a191ef,554911178,loss_overflow,3038.842999062209,3038.842999062209,0.0
test_063_44f0f2a191ef,554911178,loss_route_resource,1225.7878933870852,1225.7878933870852,0.0
test_063_44f0f2a191ef,554911178,loss_action,879.6016129929951,879.6016129929951,0.0
test_063_44f0f2a191ef,554911178,terminal_correction,0.0,0.0,0.0
test_063_44f0f2a191ef,554911178,ending_outstanding_mass,5.891530492231291e-07,5.891530492231291e-07,0.0
test_063_44f0f2a191ef,1600960620,total_operational_objective,115175.5822390113,115175.5822390113,0.0
test_063_44f0f2a191ef,1600960620,loss_queue,7985.03011574709,7985.03011574709,0.0
test_063_44f0f2a191ef,1600960620,loss_waiting,98145.57869491188,98145.57869491188,0.0
test_063_44f0f2a191ef,1600960620,loss_exit,3930.2613051254552,3930.2613051254552,0.0
test_063_44f0f2a191ef,1600960620,loss_overflow,3040.270790701999,3040.270790701999,0.0
test_063_44f0f2a191ef,1600960620,loss_route_resource,1222.8546350709353,1222.8546350709353,0.0
test_063_44f0f2a191ef,1600960620,loss_action,851.5866974539749,851.5866974539749,0.0
test_063_44f0f2a191ef,1600960620,terminal_correction,0.0,0.0,0.0
test_063_44f0f2a191ef,1600960620,ending_outstanding_mass,5.884323369027318e-07,5.884323369027318e-07,0.0
test_064_27d69866b791,301721597,total_operational_objective,102715.5227655519,102715.5227655519,0.0
test_064_27d69866b791,301721597,loss_queue,7394.9372979956115,7394.9372979956115,0.0
test_064_27d69866b791,301721597,loss_waiting,87118.98576938082,87118.98576938082,0.0
test_064_27d69866b791,301721597,loss_exit,3473.802385147196,3473.8023851471958,4.547473508864641e-13
test_064_27d69866b791,301721597,loss_overflow,2606.040971316131,2606.040971316131,0.0
test_064_27d69866b791,301721597,loss_route_resource,1150.4068420685298,1150.4068420685298,0.0
test_064_27d69866b791,301721597,loss_action,971.349499643643,971.349499643643,0.0
test_064_27d69866b791,301721597,terminal_correction,0.0,0.0,0.0
test_064_27d69866b791,301721597,ending_outstanding_mass,5.588959475595181e-07,5.588959475595181e-07,0.0
test_064_27d69866b791,554911178,total_operational_objective,105439.27456164188,105439.27456164188,0.0
test_064_27d69866b791,554911178,loss_queue,7358.738950134873,7358.738950134873,0.0
test_064_27d69866b791,554911178,loss_waiting,89835.99097698393,89835.99097698393,0.0
test_064_27d69866b791,554911178,loss_exit,3574.273607230223,3574.273607230223,0.0
test_064_27d69866b791,554911178,loss_overflow,2587.929649280385,2587.929649280385,0.0
test_064_27d69866b791,554911178,loss_route_resource,1144.1101225131072,1144.1101225131072,0.0
test_064_27d69866b791,554911178,loss_action,938.2312554993836,938.2312554993835,1.1368683772161603e-13
test_064_27d69866b791,554911178,terminal_correction,0.0,0.0,0.0
test_064_27d69866b791,554911178,ending_outstanding_mass,5.606949593844674e-07,5.606949593844674e-07,0.0
test_064_27d69866b791,1600960620,total_operational_objective,104195.78555333664,104195.78555333664,0.0
test_064_27d69866b791,1600960620,loss_queue,7347.891687489578,7347.8916874895785,9.094947017729282e-13
test_064_27d69866b791,1600960620,loss_waiting,88677.06303964343,88677.06303964343,0.0
test_064_27d69866b791,1600960620,loss_exit,3531.0243271997037,3531.0243271997033,4.547473508864641e-13
test_064_27d69866b791,1600960620,loss_overflow,2588.5398568756145,2588.5398568756145,0.0
test_064_27d69866b791,1600960620,loss_route_resource,1141.0934102588008,1141.0934102588008,0.0
test_064_27d69866b791,1600960620,loss_action,910.1732318695164,910.1732318695164,0.0
test_064_27d69866b791,1600960620,terminal_correction,0.0,0.0,0.0
test_064_27d69866b791,1600960620,ending_outstanding_mass,5.598906991040678e-07,5.598906991040678e-07,0.0
test_065_930038cc16e9,301721597,total_operational_objective,117227.95193828076,117227.95193828076,0.0
test_065_930038cc16e9,301721597,loss_queue,8139.1722689398275,8139.1722689398275,0.0
test_065_930038cc16e9,301721597,loss_waiting,99814.33479474712,99814.33479474713,1.4551915228366852e-11
test_065_930038cc16e9,301721597,loss_exit,4006.563135027081,4006.563135027081,0.0
test_065_930038cc16e9,301721597,loss_overflow,3052.615388012942,3052.615388012942,0.0
test_065_930038cc16e9,301721597,loss_route_resource,1246.1832895328791,1246.1832895328791,0.0
test_065_930038cc16e9,301721597,loss_action,969.0830620209388,969.0830620209387,1.1368683772161603e-13
test_065_930038cc16e9,301721597,terminal_correction,0.0,0.0,0.0
test_065_930038cc16e9,301721597,ending_outstanding_mass,7.200510096482181e-07,7.200510096482181e-07,0.0
test_065_930038cc16e9,554911178,total_operational_objective,120237.35931855584,120237.35931855583,1.4551915228366852e-11
test_065_930038cc16e9,554911178,loss_queue,8099.723978987528,8099.723978987528,0.0
test_065_930038cc16e9,554911178,loss_waiting,102817.56184345543,102817.56184345543,0.0
test_065_930038cc16e9,554911178,loss_exit,4117.3752532046365,4117.3752532046365,0.0
test_065_930038cc16e9,554911178,loss_overflow,3026.6705181225616,3026.6705181225616,0.0
test_065_930038cc16e9,554911178,loss_route_resource,1238.741374104723,1238.741374104723,0.0
test_065_930038cc16e9,554911178,loss_action,937.2863506809916,937.2863506809915,1.1368683772161603e-13
test_065_930038cc16e9,554911178,terminal_correction,0.0,0.0,0.0
test_065_930038cc16e9,554911178,ending_outstanding_mass,7.220918628535e-07,7.220918628535e-07,0.0
test_065_930038cc16e9,1600960620,total_operational_objective,118970.19727495524,118970.19727495524,0.0
test_065_930038cc16e9,1600960620,loss_queue,8087.595099080932,8087.595099080932,0.0
test_065_930038cc16e9,1600960620,loss_waiting,101642.81600375456,101642.81600375455,1.4551915228366852e-11
test_065_930038cc16e9,1600960620,loss_exit,4074.088260863884,4074.0882608638835,4.547473508864641e-13
test_065_930038cc16e9,1600960620,loss_overflow,3021.836931826845,3021.836931826845,0.0
test_065_930038cc16e9,1600960620,loss_route_resource,1235.6787601866542,1235.6787601866542,0.0
test_065_930038cc16e9,1600960620,loss_action,908.1822192424032,908.1822192424033,1.1368683772161603e-13
test_065_930038cc16e9,1600960620,terminal_correction,0.0,0.0,0.0
test_065_930038cc16e9,1600960620,ending_outstanding_mass,7.211751494386741e-07,7.211751494386741e-07,0.0
test_066_28fb87ba4913,301721597,total_operational_objective,121172.09553391467,121172.09553391469,1.4551915228366852e-11
test_066_28fb87ba4913,301721597,loss_queue,9380.796409136128,9380.796409136128,0.0
test_066_28fb87ba4913,301721597,loss_waiting,101437.88864174888,101437.88864174888,0.0
test_066_28fb87ba4913,301721597,loss_exit,4056.185436917618,4056.185436917618,0.0
test_066_28fb87ba4913,301721597,loss_overflow,3896.628014139512,3896.628014139512,0.0
test_066_28fb87ba4913,301721597,loss_route_resource,1438.7485006056088,1438.7485006056088,0.0
test_066_28fb87ba4913,301721597,loss_action,961.8485313669296,961.8485313669296,0.0
test_066_28fb87ba4913,301721597,terminal_correction,0.0,0.0,0.0
test_066_28fb87ba4913,301721597,ending_outstanding_mass,6.207151767152414e-07,6.207151767152414e-07,0.0
test_066_28fb87ba4913,554911178,total_operational_objective,124333.95735911466,124333.95735911466,0.0
test_066_28fb87ba4913,554911178,loss_queue,9336.828246991212,9336.828246991212,0.0
test_066_28fb87ba4913,554911178,loss_waiting,104595.11848757933,104595.11848757933,0.0
test_066_28fb87ba4913,554911178,loss_exit,4172.054250071819,4172.054250071819,0.0
test_066_28fb87ba4913,554911178,loss_overflow,3866.8412853269074,3866.8412853269074,0.0
test_066_28fb87ba4913,554911178,loss_route_resource,1430.9142930561263,1430.9142930561263,0.0
test_066_28fb87ba4913,554911178,loss_action,932.2007960891996,932.2007960891997,1.1368683772161603e-13
test_066_28fb87ba4913,554911178,terminal_correction,0.0,0.0,0.0
test_066_28fb87ba4913,554911178,ending_outstanding_mass,6.228468037062757e-07,6.228468037062757e-07,0.0
test_066_28fb87ba4913,1600960620,total_operational_objective,123002.25163339132,123002.25163339131,1.4551915228366852e-11
test_066_28fb87ba4913,1600960620,loss_queue,9327.180022673923,9327.180022673923,0.0
test_066_28fb87ba4913,1600960620,loss_waiting,103359.31115285696,103359.31115285696,0.0
test_066_28fb87ba4913,1600960620,loss_exit,4126.539263640155,4126.539263640155,0.0
test_066_28fb87ba4913,1600960620,loss_overflow,3859.4853414007575,3859.4853414007575,0.0
test_066_28fb87ba4913,1600960620,loss_route_resource,1428.124185308646,1428.124185308646,0.0
test_066_28fb87ba4913,1600960620,loss_action,901.611667510873,901.611667510873,0.0
test_066_28fb87ba4913,1600960620,terminal_correction,0.0,0.0,0.0
test_066_28fb87ba4913,1600960620,ending_outstanding_mass,6.220157705591088e-07,6.220157705591088e-07,0.0
test_067_4d46fa716471,301721597,total_operational_objective,118429.7750021622,118429.77500216219,1.4551915228366852e-11
test_067_4d46fa716471,301721597,loss_queue,8306.84154406648,8306.84154406648,0.0
test_067_4d46fa716471,301721597,loss_waiting,100656.18942918432,100656.18942918433,1.4551915228366852e-11
test_067_4d46fa716471,301721597,loss_exit,4048.734159143406,4048.734159143406,0.0
test_067_4d46fa716471,301721597,loss_overflow,3189.4428633750235,3189.4428633750235,0.0
test_067_4d46fa716471,301721597,loss_route_resource,1260.0724267173475,1260.0724267173475,0.0
test_067_4d46fa716471,301721597,loss_action,968.4945796755974,968.4945796755974,0.0
test_067_4d46fa716471,301721597,terminal_correction,0.0,0.0,0.0
test_067_4d46fa716471,301721597,ending_outstanding_mass,5.904056860825926e-07,5.904056860825926e-07,0.0
test_067_4d46fa716471,554911178,total_operational_objective,121617.67757575292,121617.67757575292,0.0
test_067_4d46fa716471,554911178,loss_queue,8265.875127818847,8265.875127818847,0.0
test_067_4d46fa716471,554911178,loss_waiting,103829.75043005229,103829.75043005227,1.4551915228366852e-11
test_067_4d46fa716471,554911178,loss_exit,4168.0983179875,4168.0983179875,0.0
test_067_4d46fa716471,554911178,loss_overflow,3165.2669259906484,3165.2669259906484,0.0
test_067_4d46fa716471,554911178,loss_route_resource,1252.3379760963714,1252.3379760963714,0.0
test_067_4d46fa716471,554911178,loss_action,936.3487978073646,936.3487978073646,0.0
test_067_4d46fa716471,554911178,terminal_correction,0.0,0.0,0.0
test_067_4d46fa716471,554911178,ending_outstanding_mass,5.925746764352785e-07,5.925746764352785e-07,0.0
test_067_4d46fa716471,1600960620,total_operational_objective,120285.028323893,120285.02832389301,1.4551915228366852e-11
test_067_4d46fa716471,1600960620,loss_queue,8255.998197222172,8255.998197222172,0.0
test_067_4d46fa716471,1600960620,loss_waiting,102586.38084051466,102586.38084051466,0.0
test_067_4d46fa716471,1600960620,loss_exit,4121.704135656412,4121.704135656412,0.0
test_067_4d46fa716471,1600960620,loss_overflow,3164.3228826884897,3164.3228826884897,0.0
test_067_4d46fa716471,1600960620,loss_route_resource,1249.5947952709391,1249.5947952709391,0.0
test_067_4d46fa716471,1600960620,loss_action,907.0274725403832,907.0274725403833,1.1368683772161603e-13
test_067_4d46fa716471,1600960620,terminal_correction,0.0,0.0,0.0
test_067_4d46fa716471,1600960620,ending_outstanding_mass,5.916741458353331e-07,5.916741458353331e-07,0.0
test_068_93da1d4ae1ba,301721597,total_operational_objective,123425.24256190064,123425.24256190064,0.0
test_068_93da1d4ae1ba,301721597,loss_queue,9238.919048883412,9238.919048883412,0.0
test_068_93da1d4ae1ba,301721597,loss_waiting,103895.41770092794,103895.41770092794,0.0
test_068_93da1d4ae1ba,301721597,loss_exit,4157.8668750140905,4157.8668750140905,0.0
test_068_93da1d4ae1ba,301721597,loss_overflow,3753.176615345607,3753.176615345607,0.0
test_068_93da1d4ae1ba,301721597,loss_route_resource,1417.552516337143,1417.552516337143,0.0
test_068_93da1d4ae1ba,301721597,loss_action,962.3098053924252,962.3098053924251,1.1368683772161603e-13
test_068_93da1d4ae1ba,301721597,terminal_correction,0.0,0.0,0.0
test_068_93da1d4ae1ba,301721597,ending_outstanding_mass,6.146376603481869e-07,6.146376603481869e-07,0.0
test_068_93da1d4ae1ba,554911178,total_operational_objective,126541.24283243496,126541.24283243495,1.4551915228366852e-11
test_068_93da1d4ae1ba,554911178,loss_queue,9195.410957094424,9195.410957094424,0.0
test_068_93da1d4ae1ba,554911178,loss_waiting,107005.8660198141,107005.8660198141,0.0
test_068_93da1d4ae1ba,554911178,loss_exit,4273.470716940566,4273.470716940566,0.0
test_068_93da1d4ae1ba,554911178,loss_overflow,3723.8995920245966,3723.8995920245966,0.0
test_068_93da1d4ae1ba,554911178,loss_route_resource,1409.6007998015475,1409.6007998015475,0.0
test_068_93da1d4ae1ba,554911178,loss_action,932.9947467597424,932.9947467597425,1.1368683772161603e-13
test_068_93da1d4ae1ba,554911178,terminal_correction,0.0,0.0,0.0
test_068_93da1d4ae1ba,554911178,ending_outstanding_mass,6.167692538034808e-07,6.167692538034808e-07,0.0
test_068_93da1d4ae1ba,1600960620,total_operational_objective,125207.54556225924,125207.54556225924,0.0
test_068_93da1d4ae1ba,1600960620,loss_queue,9187.707579176797,9187.707579176795,1.8189894035458565e-12
test_068_93da1d4ae1ba,1600960620,loss_waiting,105765.60137957188,105765.60137957189,1.4551915228366852e-11
test_068_93da1d4ae1ba,1600960620,loss_exit,4226.809104599913,4226.809104599913,0.0
test_068_93da1d4ae1ba,1600960620,loss_overflow,3718.219260746181,3718.219260746181,0.0
test_068_93da1d4ae1ba,1600960620,loss_route_resource,1406.947617922459,1406.947617922459,0.0
test_068_93da1d4ae1ba,1600960620,loss_action,902.2606202420318,902.2606202420318,0.0
test_068_93da1d4ae1ba,1600960620,terminal_correction,0.0,0.0,0.0
test_068_93da1d4ae1ba,1600960620,ending_outstanding_mass,6.158834817663094e-07,6.158834817663094e-07,0.0
test_069_5b01ea54b2fa,301721597,total_operational_objective,106084.20241945377,106084.20241945377,0.0
test_069_5b01ea54b2fa,301721597,loss_queue,8431.338247039545,8431.338247039545,0.0
test_069_5b01ea54b2fa,301721597,loss_waiting,88610.35467511245,88610.35467511245,0.0
test_069_5b01ea54b2fa,301721597,loss_exit,3516.037858176338,3516.037858176338,0.0
test_069_5b01ea54b2fa,301721597,loss_overflow,3237.943039373449,3237.943039373449,0.0
test_069_5b01ea54b2fa,301721597,loss_route_resource,1323.1940122545716,1323.1940122545716,0.0
test_069_5b01ea54b2fa,301721597,loss_action,965.3345874974394,965.3345874974394,0.0
test_069_5b01ea54b2fa,301721597,terminal_correction,0.0,0.0,0.0
test_069_5b01ea54b2fa,301721597,ending_outstanding_mass,4.5571779240608966e-07,4.5571779240608956e-07,1.0587911840678754e-22
test_069_5b01ea54b2fa,554911178,total_operational_objective,108764.54515541416,108764.54515541415,1.4551915228366852e-11
test_069_5b01ea54b2fa,554911178,loss_queue,8391.851656462395,8391.851656462395,0.0
test_069_5b01ea54b2fa,554911178,loss_waiting,91298.2670925525,91298.2670925525,0.0
test_069_5b01ea54b2fa,554911178,loss_exit,3613.463244275671,3613.463244275671,0.0
test_069_5b01ea54b2fa,554911178,loss_overflow,3209.7038101270923,3209.7038101270923,0.0
test_069_5b01ea54b2fa,554911178,loss_route_resource,1316.9477563213395,1316.9477563213397,2.2737367544323206e-13
test_069_5b01ea54b2fa,554911178,loss_action,934.311595675136,934.311595675136,0.0
test_069_5b01ea54b2fa,554911178,terminal_correction,0.0,0.0,0.0
test_069_5b01ea54b2fa,554911178,ending_outstanding_mass,4.574966913872611e-07,4.574966913872611e-07,0.0
test_069_5b01ea54b2fa,1600960620,total_operational_objective,107626.36175353984,107626.36175353984,0.0
test_069_5b01ea54b2fa,1600960620,loss_queue,8381.669366910204,8381.669366910204,0.0
test_069_5b01ea54b2fa,1600960620,loss_waiting,90247.758360425,90247.75836042501,1.4551915228366852e-11
test_069_5b01ea54b2fa,1600960620,loss_exit,3575.043944837986,3575.043944837986,0.0
test_069_5b01ea54b2fa,1600960620,loss_overflow,3203.5046265544624,3203.5046265544624,0.0
test_069_5b01ea54b2fa,1600960620,loss_route_resource,1313.6208137830213,1313.6208137830213,0.0
test_069_5b01ea54b2fa,1600960620,loss_action,904.7646410291308,904.7646410291309,1.1368683772161603e-13
test_069_5b01ea54b2fa,1600960620,terminal_correction,0.0,0.0,0.0
test_069_5b01ea54b2fa,1600960620,ending_outstanding_mass,4.568008924736378e-07,4.568008924736378e-07,0.0
test_070_0cd9bcac96c3,301721597,total_operational_objective,118958.55271759642,118958.55271759642,0.0
test_070_0cd9bcac96c3,301721597,loss_queue,9197.09442822438,9197.09442822438,0.0
test_070_0cd9bcac96c3,301721597,loss_waiting,99634.32124977517,99634.32124977515,1.4551915228366852e-11
test_070_0cd9bcac96c3,301721597,loss_exit,3981.971742786851,3981.971742786851,0.0
test_070_0cd9bcac96c3,301721597,loss_overflow,3764.579023748268,3764.579023748268,0.0
test_070_0cd9bcac96c3,301721597,loss_route_resource,1417.7691778212045,1417.7691778212043,2.2737367544323206e-13
test_070_0cd9bcac96c3,301721597,loss_action,962.817095240589,962.817095240589,0.0
test_070_0cd9bcac96c3,301721597,terminal_correction,0.0,0.0,0.0
test_070_0cd9bcac96c3,301721597,ending_outstanding_mass,5.312766296935304e-07,5.312766296935304e-07,0.0
test_070_0cd9bcac96c3,554911178,total_operational_objective,122269.99027458495,122269.99027458497,1.4551915228366852e-11
test_070_0cd9bcac96c3,554911178,loss_queue,9154.842943307423,9154.842943307425,1.8189894035458565e-12
test_070_0cd9bcac96c3,554911178,loss_waiting,102931.41753538554,102931.41753538554,0.0
test_070_0cd9bcac96c3,554911178,loss_exit,4104.369924671789,4104.369924671789,0.0
test_070_0cd9bcac96c3,554911178,loss_overflow,3736.847076575608,3736.847076575608,0.0
test_070_0cd9bcac96c3,554911178,loss_route_resource,1409.4096247484806,1409.4096247484806,0.0
test_070_0cd9bcac96c3,554911178,loss_action,933.1031698961089,933.1031698961089,0.0
test_070_0cd9bcac96c3,554911178,terminal_correction,0.0,0.0,0.0
test_070_0cd9bcac96c3,554911178,ending_outstanding_mass,5.335676043913073e-07,5.335676043913073e-07,0.0
test_070_0cd9bcac96c3,1600960620,total_operational_objective,120852.45013187383,120852.45013187385,1.4551915228366852e-11
test_070_0cd9bcac96c3,1600960620,loss_queue,9145.569370300129,9145.569370300129,0.0
test_070_0cd9bcac96c3,1600960620,loss_waiting,101612.1044468768,101612.1044468768,0.0
test_070_0cd9bcac96c3,1600960620,loss_exit,4055.2211857645993,4055.2211857645993,0.0
test_070_0cd9bcac96c3,1600960620,loss_overflow,3730.156930970985,3730.156930970985,0.0
test_070_0cd9bcac96c3,1600960620,loss_route_resource,1406.8956320407258,1406.8956320407258,0.0
test_070_0cd9bcac96c3,1600960620,loss_action,902.502565920634,902.502565920634,0.0
test_070_0cd9bcac96c3,1600960620,terminal_correction,0.0,0.0,0.0
test_070_0cd9bcac96c3,1600960620,ending_outstanding_mass,5.326681457732365e-07,5.326681457732365e-07,0.0
test_071_34f77888383f,301721597,total_operational_objective,107516.15148609648,107516.15148609647,1.4551915228366852e-11
test_071_34f77888383f,301721597,loss_queue,7560.339584834496,7560.339584834496,0.0
test_071_34f77888383f,301721597,loss_waiting,91398.69443522143,91398.69443522143,0.0
test_071_34f77888383f,301721597,loss_exit,3661.456287228613,3661.4562872286124,4.547473508864641e-13
test_071_34f77888383f,301721597,loss_overflow,2761.502424713638,2761.502424713638,0.0
test_071_34f77888383f,301721597,loss_route_resource,1163.1002691610945,1163.1002691610945,0.0
test_071_34f77888383f,301721597,loss_action,971.0584849372196,971.0584849372195,1.1368683772161603e-13
test_071_34f77888383f,301721597,terminal_correction,0.0,0.0,0.0
test_071_34f77888383f,301721597,ending_outstanding_mass,5.365192425310659e-07,5.365192425310659e-07,0.0
test_071_34f77888383f,554911178,total_operational_objective,110424.8185089644,110424.81850896441,1.4551915228366852e-11
test_071_34f77888383f,554911178,loss_queue,7521.528669032898,7521.5286690328985,9.094947017729282e-13
test_071_34f77888383f,554911178,loss_waiting,94302.36199176888,94302.36199176889,1.4551915228366852e-11
test_071_34f77888383f,554911178,loss_exit,3769.721233281627,3769.721233281627,0.0
test_071_34f77888383f,554911178,loss_overflow,2737.2069778719992,2737.2069778719992,0.0
test_071_34f77888383f,554911178,loss_route_resource,1155.5418794179463,1155.5418794179463,0.0
test_071_34f77888383f,554911178,loss_action,938.4577575909932,938.4577575909932,0.0
test_071_34f77888383f,554911178,terminal_correction,0.0,0.0,0.0
test_071_34f77888383f,554911178,ending_outstanding_mass,5.385438316943656e-07,5.385438316943656e-07,0.0
test_071_34f77888383f,1600960620,total_operational_objective,109111.77953054642,109111.77953054642,0.0
test_071_34f77888383f,1600960620,loss_queue,7514.368997622609,7514.368997622609,0.0
test_071_34f77888383f,1600960620,loss_waiting,93074.2444242911,93074.2444242911,0.0
test_071_34f77888383f,1600960620,loss_exit,3724.393692931536,3724.393692931536,0.0
test_071_34f77888383f,1600960620,loss_overflow,2735.630708140222,2735.630708140222,0.0
test_071_34f77888383f,1600960620,loss_route_resource,1153.7650641193704,1153.7650641193704,0.0
test_071_34f77888383f,1600960620,loss_action,909.376643441603,909.376643441603,0.0
test_071_34f77888383f,1600960620,terminal_correction,0.0,0.0,0.0
test_071_34f77888383f,1600960620,ending_outstanding_mass,5.376448030134744e-07,5.376448030134744e-07,0.0
test_072_8e59fac0e6c8,301721597,total_operational_objective,115151.29443727325,115151.29443727323,1.4551915228366852e-11
test_072_8e59fac0e6c8,301721597,loss_queue,8338.190793643495,8338.190793643495,0.0
test_072_8e59fac0e6c8,301721597,loss_waiting,97440.54050680636,97440.54050680637,1.4551915228366852e-11
test_072_8e59fac0e6c8,301721597,loss_exit,3909.585312846495,3909.585312846495,0.0
test_072_8e59fac0e6c8,301721597,loss_overflow,3177.8245601442254,3177.8245601442254,0.0
test_072_8e59fac0e6c8,301721597,loss_route_resource,1257.322252156012,1257.322252156012,0.0
test_072_8e59fac0e6c8,301721597,loss_action,1027.831011676578,1027.8310116765779,2.2737367544323206e-13
test_072_8e59fac0e6c8,301721597,terminal_correction,0.0,0.0,0.0
test_072_8e59fac0e6c8,301721597,ending_outstanding_mass,5.719250898245164e-07,5.719250898245164e-07,0.0
test_072_8e59fac0e6c8,554911178,total_operational_objective,118459.64689689325,118459.64689689325,0.0
test_072_8e59fac0e6c8,554911178,loss_queue,8308.074528353987,8308.074528353987,0.0
test_072_8e59fac0e6c8,554911178,loss_waiting,100712.05924881986,100712.05924881986,0.0
test_072_8e59fac0e6c8,554911178,loss_exit,4032.627419045241,4032.627419045241,0.0
test_072_8e59fac0e6c8,554911178,loss_overflow,3162.48384940764,3162.4838494076394,4.547473508864641e-13
test_072_8e59fac0e6c8,554911178,loss_route_resource,1249.7420998437635,1249.7420998437635,0.0
test_072_8e59fac0e6c8,554911178,loss_action,994.659751422764,994.6597514227641,1.1368683772161603e-13
test_072_8e59fac0e6c8,554911178,terminal_correction,0.0,0.0,0.0
test_072_8e59fac0e6c8,554911178,ending_outstanding_mass,5.742078312656086e-07,5.742078312656086e-07,0.0
test_072_8e59fac0e6c8,1600960620,total_operational_objective,117054.0807512866,117054.08075128659,1.4551915228366852e-11
test_072_8e59fac0e6c8,1600960620,loss_queue,8296.390418065033,8296.390418065033,0.0
test_072_8e59fac0e6c8,1600960620,loss_waiting,99408.50305426786,99408.50305426786,0.0
test_072_8e59fac0e6c8,1600960620,loss_exit,3983.3586804951847,3983.3586804951847,0.0
test_072_8e59fac0e6c8,1600960620,loss_overflow,3153.954513080607,3153.954513080607,0.0
test_072_8e59fac0e6c8,1600960620,loss_route_resource,1246.7923260335992,1246.7923260335992,0.0
test_072_8e59fac0e6c8,1600960620,loss_action,965.0817593442358,965.0817593442358,0.0
test_072_8e59fac0e6c8,1600960620,terminal_correction,0.0,0.0,0.0
test_072_8e59fac0e6c8,1600960620,ending_outstanding_mass,5.732573543327654e-07,5.732573543327654e-07,0.0
test_073_69349232969b,301721597,total_operational_objective,114674.91693249362,114674.91693249362,0.0
test_073_69349232969b,301721597,loss_queue,8890.05865486826,8890.05865486826,0.0
test_073_69349232969b,301721597,loss_waiting,96005.4427850162,96005.4427850162,0.0
test_073_69349232969b,301721597,loss_exit,3830.0513377649913,3830.0513377649913,0.0
test_073_69349232969b,301721597,loss_overflow,3603.0694323758926,3603.0694323758926,0.0
test_073_69349232969b,301721597,loss_route_resource,1382.7272652026684,1382.7272652026684,0.0
test_073_69349232969b,301721597,loss_action,963.5674572656134,963.5674572656134,0.0
test_073_69349232969b,301721597,terminal_correction,0.0,0.0,0.0
test_073_69349232969b,301721597,ending_outstanding_mass,5.680351432898938e-07,5.680351432898938e-07,0.0
test_073_69349232969b,554911178,total_operational_objective,117443.59720095524,117443.59720095525,1.4551915228366852e-11
test_073_69349232969b,554911178,loss_queue,8851.860760682514,8851.860760682514,0.0
test_073_69349232969b,554911178,loss_waiting,98772.98244606463,98772.98244606465,1.4551915228366852e-11
test_073_69349232969b,554911178,loss_exit,3932.100006444529,3932.1000064445293,4.547473508864641e-13
test_073_69349232969b,554911178,loss_overflow,3576.4046056542684,3576.4046056542684,0.0
test_073_69349232969b,554911178,loss_route_resource,1376.181185052122,1376.1811850521221,2.2737367544323206e-13
test_073_69349232969b,554911178,loss_action,934.068197057172,934.0681970571719,1.1368683772161603e-13
test_073_69349232969b,554911178,terminal_correction,0.0,0.0,0.0
test_073_69349232969b,554911178,ending_outstanding_mass,5.699477958669555e-07,5.699477958669555e-07,0.0
test_073_69349232969b,1600960620,total_operational_objective,116265.18176867232,116265.18176867232,0.0
test_073_69349232969b,1600960620,loss_queue,8841.93359029116,8841.93359029116,0.0
test_073_69349232969b,1600960620,loss_waiting,97685.67471351469,97685.67471351467,1.4551915228366852e-11
test_073_69349232969b,1600960620,loss_exit,3891.259791279655,3891.2597912796546,4.547473508864641e-13
test_073_69349232969b,1600960620,loss_overflow,3569.8234810124413,3569.8234810124413,0.0
test_073_69349232969b,1600960620,loss_route_resource,1373.132887848603,1373.132887848603,0.0
test_073_69349232969b,1600960620,loss_action,903.3573047258266,903.3573047258266,0.0
test_073_69349232969b,1600960620,terminal_correction,0.0,0.0,0.0
test_073_69349232969b,1600960620,ending_outstanding_mass,5.691725129814327e-07,5.691725129814327e-07,0.0
test_074_212affc962e2,301721597,total_operational_objective,113101.71884511648,113101.71884511648,0.0
test_074_212affc962e2,301721597,loss_queue,8833.45477263482,8833.45477263482,0.0
test_074_212affc962e2,301721597,loss_waiting,94599.1298899111,94599.1298899111,0.0
test_074_212affc962e2,301721597,loss_exit,3769.9787528722927,3769.9787528722927,0.0
test_074_212affc962e2,301721597,loss_overflow,3563.251544629815,3563.251544629815,0.0
test_074_212affc962e2,301721597,loss_route_resource,1371.770774149831,1371.770774149831,0.0
test_074_212affc962e2,301721597,loss_action,964.1331109187096,964.1331109187096,0.0
test_074_212affc962e2,301721597,terminal_correction,0.0,0.0,0.0
test_074_212affc962e2,301721597,ending_outstanding_mass,5.765529193275847e-07,5.765529193275847e-07,0.0
test_074_212affc962e2,554911178,total_operational_objective,115804.80396441952,115804.80396441951,1.4551915228366852e-11
test_074_212affc962e2,554911178,loss_queue,8797.984741878201,8797.984741878201,0.0
test_074_212affc962e2,554911178,loss_waiting,97298.64273730115,97298.64273730115,0.0
test_074_212affc962e2,554911178,loss_exit,3868.9158031412258,3868.9158031412258,0.0
test_074_212affc962e2,554911178,loss_overflow,3538.736541318471,3538.736541318471,0.0
test_074_212affc962e2,554911178,loss_route_resource,1365.7483490594243,1365.7483490594243,0.0
test_074_212affc962e2,554911178,loss_action,934.7757917211107,934.7757917211107,0.0
test_074_212affc962e2,554911178,terminal_correction,0.0,0.0,0.0
test_074_212affc962e2,554911178,ending_outstanding_mass,5.783998760605208e-07,5.783998760605208e-07,0.0
test_074_212affc962e2,1600960620,total_operational_objective,114634.78972523562,114634.78972523562,0.0
test_074_212affc962e2,1600960620,loss_queue,8788.30205440799,8788.30205440799,0.0
test_074_212affc962e2,1600960620,loss_waiting,96218.45399989416,96218.45399989416,0.0
test_074_212affc962e2,1600960620,loss_exit,3828.65321791534,3828.6532179153396,4.547473508864641e-13
test_074_212affc962e2,1600960620,loss_overflow,3532.7277814771,3532.7277814771,0.0
test_074_212affc962e2,1600960620,loss_route_resource,1362.5485145119403,1362.5485145119403,0.0
test_074_212affc962e2,1600960620,loss_action,904.1041570290632,904.1041570290631,1.1368683772161603e-13
test_074_212affc962e2,1600960620,terminal_correction,0.0,0.0,0.0
test_074_212affc962e2,1600960620,ending_outstanding_mass,5.776324687335348e-07,5.776324687335348e-07,0.0
test_075_8de4e41c7ad9,301721597,total_operational_objective,106774.01286659774,106774.01286659774,0.0
test_075_8de4e41c7ad9,301721597,loss_queue,8034.525969110836,8034.525969110836,0.0
test_075_8de4e41c7ad9,301721597,loss_waiting,89893.55555437844,89893.55555437844,0.0
test_075_8de4e41c7ad9,301721597,loss_exit,3586.1613792921594,3586.1613792921594,0.0
test_075_8de4e41c7ad9,301721597,loss_overflow,3048.2686128024043,3048.2686128024043,0.0
test_075_8de4e41c7ad9,301721597,loss_route_resource,1243.898451325178,1243.898451325178,0.0
test_075_8de4e41c7ad9,301721597,loss_action,967.6028996886972,967.6028996886971,1.1368683772161603e-13
test_075_8de4e41c7ad9,301721597,terminal_correction,0.0,0.0,0.0
test_075_8de4e41c7ad9,301721597,ending_outstanding_mass,5.082095868739248e-07,5.082095868739248e-07,0.0
test_075_8de4e41c7ad9,554911178,total_operational_objective,109654.1248259075,109654.1248259075,0.0
test_075_8de4e41c7ad9,554911178,loss_queue,8007.901699736331,8007.901699736331,0.0
test_075_8de4e41c7ad9,554911178,loss_waiting,92747.0013896582,92747.0013896582,0.0
test_075_8de4e41c7ad9,554911178,loss_exit,3692.4084401249406,3692.4084401249406,0.0
test_075_8de4e41c7ad9,554911178,loss_overflow,3032.820725373353,3032.8207253733535,4.547473508864641e-13
test_075_8de4e41c7ad9,554911178,loss_route_resource,1237.7020518706672,1237.7020518706672,0.0
test_075_8de4e41c7ad9,554911178,loss_action,936.2905191440004,936.2905191440003,1.1368683772161603e-13
test_075_8de4e41c7ad9,554911178,terminal_correction,0.0,0.0,0.0
test_075_8de4e41c7ad9,554911178,ending_outstanding_mass,5.101833482353185e-07,5.101833482353185e-07,0.0
test_075_8de4e41c7ad9,1600960620,total_operational_objective,108375.63263846694,108375.63263846694,0.0
test_075_8de4e41c7ad9,1600960620,loss_queue,7998.316681067785,7998.316681067785,0.0
test_075_8de4e41c7ad9,1600960620,loss_waiting,91560.5533238801,91560.5533238801,0.0
test_075_8de4e41c7ad9,1600960620,loss_exit,3648.0431376872416,3648.0431376872416,0.0
test_075_8de4e41c7ad9,1600960620,loss_overflow,3026.747245691613,3026.747245691613,0.0
test_075_8de4e41c7ad9,1600960620,loss_route_resource,1235.32986114995,1235.3298611499501,2.2737367544323206e-13
test_075_8de4e41c7ad9,1600960620,loss_action,906.6423889902096,906.6423889902096,0.0
test_075_8de4e41c7ad9,1600960620,terminal_correction,0.0,0.0,0.0
test_075_8de4e41c7ad9,1600960620,ending_outstanding_mass,5.093184266829219e-07,5.093184266829219e-07,0.0
test_076_48339f21c8ec,301721597,total_operational_objective,122231.18140536628,122231.18140536628,0.0
test_076_48339f21c8ec,301721597,loss_queue,9373.821636576136,9373.821636576135,1.8189894035458565e-12
test_076_48339f21c8ec,301721597,loss_waiting,102514.26485444828,102514.26485444827,1.4551915228366852e-11
test_076_48339f21c8ec,301721597,loss_exit,4095.495139681237,4095.495139681237,0.0
test_076_48339f21c8ec,301721597,loss_overflow,3841.4816598787634,3841.4816598787634,0.0
test_076_48339f21c8ec,301721597,loss_route_resource,1444.101007297396,1444.101007297396,0.0
test_076_48339f21c8ec,301721597,loss_action,962.0171074845064,962.0171074845065,1.1368683772161603e-13
test_076_48339f21c8ec,301721597,terminal_correction,0.0,0.0,0.0
test_076_48339f21c8ec,301721597,ending_outstanding_mass,6.402137639218166e-07,6.402137639218166e-07,0.0
test_076_48339f21c8ec,554911178,total_operational_objective,125203.10206239812,125203.10206239813,1.4551915228366852e-11
test_076_48339f21c8ec,554911178,loss_queue,9330.445711346738,9330.445711346738,0.0
test_076_48339f21c8ec,554911178,loss_waiting,105488.63576016753,105488.63576016753,0.0
test_076_48339f21c8ec,554911178,loss_exit,4203.508758424719,4203.508758424719,0.0
test_076_48339f21c8ec,554911178,loss_overflow,3811.4808163478215,3811.4808163478215,0.0
test_076_48339f21c8ec,554911178,loss_route_resource,1436.8818333689069,1436.8818333689069,0.0
test_076_48339f21c8ec,554911178,loss_action,932.149182742444,932.1491827424439,1.1368683772161603e-13
test_076_48339f21c8ec,554911178,terminal_correction,0.0,0.0,0.0
test_076_48339f21c8ec,554911178,ending_outstanding_mass,6.422162604562967e-07,6.422162604562967e-07,0.0
test_076_48339f21c8ec,1600960620,total_operational_objective,123998.03504072435,123998.03504072435,0.0
test_076_48339f21c8ec,1600960620,loss_queue,9321.229191321274,9321.229191321274,0.0
test_076_48339f21c8ec,1600960620,loss_waiting,104373.2314228666,104373.23142286661,1.4551915228366852e-11
test_076_48339f21c8ec,1600960620,loss_exit,4162.914785164804,4162.914785164804,0.0
test_076_48339f21c8ec,1600960620,loss_overflow,3805.249745450089,3805.2497454500885,4.547473508864641e-13
test_076_48339f21c8ec,1600960620,loss_route_resource,1433.654184577564,1433.654184577564,0.0
test_076_48339f21c8ec,1600960620,loss_action,901.7557113440296,901.7557113440297,1.1368683772161603e-13
test_076_48339f21c8ec,1600960620,terminal_correction,0.0,0.0,0.0
test_076_48339f21c8ec,1600960620,ending_outstanding_mass,6.414696164138368e-07,6.414696164138368e-07,0.0
test_077_b1f2e84dc844,301721597,total_operational_objective,109998.67611519244,109998.67611519244,0.0
test_077_b1f2e84dc844,301721597,loss_queue,8734.795491185594,8734.795491185594,0.0
test_077_b1f2e84dc844,301721597,loss_waiting,91817.16306333368,91817.16306333368,0.0
test_077_b1f2e84dc844,301721597,loss_exit,3646.274606081472,3646.2746060814716,4.547473508864641e-13
test_077_b1f2e84dc844,301721597,loss_overflow,3480.381181315115,3480.381181315115,0.0
test_077_b1f2e84dc844,301721597,loss_route_resource,1357.415756992431,1357.415756992431,0.0
test_077_b1f2e84dc844,301721597,loss_action,962.646016284122,962.646016284122,0.0
test_077_b1f2e84dc844,301721597,terminal_correction,0.0,0.0,0.0
test_077_b1f2e84dc844,301721597,ending_outstanding_mass,5.940117576765448e-07,5.940117576765448e-07,0.0
test_077_b1f2e84dc844,554911178,total_operational_objective,112690.0802771568,112690.08027715681,1.4551915228366852e-11
test_077_b1f2e84dc844,554911178,loss_queue,8698.29236610125,8698.29236610125,0.0
test_077_b1f2e84dc844,554911178,loss_waiting,94508.31710813382,94508.31710813382,0.0
test_077_b1f2e84dc844,554911178,loss_exit,3744.394211287716,3744.394211287716,0.0
test_077_b1f2e84dc844,554911178,loss_overflow,3455.043106505579,3455.043106505579,0.0
test_077_b1f2e84dc844,554911178,loss_route_resource,1350.7071240409389,1350.7071240409387,2.2737367544323206e-13
test_077_b1f2e84dc844,554911178,loss_action,933.3263610874916,933.3263610874917,1.1368683772161603e-13
test_077_b1f2e84dc844,554911178,terminal_correction,0.0,0.0,0.0
test_077_b1f2e84dc844,554911178,ending_outstanding_mass,5.958788828283623e-07,5.958788828283623e-07,0.0
test_077_b1f2e84dc844,1600960620,total_operational_objective,111490.5870003238,111490.58700032381,1.4551915228366852e-11
test_077_b1f2e84dc844,1600960620,loss_queue,8688.077178354597,8688.077178354597,0.0
test_077_b1f2e84dc844,1600960620,loss_waiting,93400.72971134212,93400.72971134212,0.0
test_077_b1f2e84dc844,1600960620,loss_exit,3703.228179270644,3703.228179270644,0.0
test_077_b1f2e84dc844,1600960620,loss_overflow,3448.34658211175,3448.34658211175,0.0
test_077_b1f2e84dc844,1600960620,loss_route_resource,1347.7431463072005,1347.7431463072005,0.0
test_077_b1f2e84dc844,1600960620,loss_action,902.4622029375062,902.4622029375062,0.0
test_077_b1f2e84dc844,1600960620,terminal_correction,0.0,0.0,0.0
test_077_b1f2e84dc844,1600960620,ending_outstanding_mass,5.950703586463667e-07,5.950703586463667e-07,0.0
test_078_367d379a9297,301721597,total_operational_objective,111634.57698649088,111634.57698649088,0.0
test_078_367d379a9297,301721597,loss_queue,8661.302991972141,8661.302991972141,0.0
test_078_367d379a9297,301721597,loss_waiting,93566.94187457924,93566.94187457925,1.4551915228366852e-11
test_078_367d379a9297,301721597,loss_exit,3718.785042357071,3718.785042357071,0.0
test_078_367d379a9297,301721597,loss_overflow,3394.5227729226203,3394.5227729226203,0.0
test_078_367d379a9297,301721597,loss_route_resource,1330.5765942602918,1330.5765942602918,0.0
test_078_367d379a9297,301721597,loss_action,962.4477103995432,962.4477103995433,1.1368683772161603e-13
test_078_367d379a9297,301721597,terminal_correction,0.0,0.0,0.0
test_078_367d379a9297,301721597,ending_outstanding_mass,5.706593356043207e-07,5.706593356043207e-07,0.0
test_078_367d379a9297,554911178,total_operational_objective,114302.06573788708,114302.06573788707,1.4551915228366852e-11
test_078_367d379a9297,554911178,loss_queue,8628.731099435348,8628.731099435348,0.0
test_078_367d379a9297,554911178,loss_waiting,96228.54477056176,96228.54477056176,0.0
test_078_367d379a9297,554911178,loss_exit,3815.1175774309913,3815.1175774309913,0.0
test_078_367d379a9297,554911178,loss_overflow,3372.978899837204,3372.978899837204,0.0
test_078_367d379a9297,554911178,loss_route_resource,1323.3488275309348,1323.3488275309348,0.0
test_078_367d379a9297,554911178,loss_action,933.3445630908589,933.3445630908589,0.0
test_078_367d379a9297,554911178,terminal_correction,0.0,0.0,0.0
test_078_367d379a9297,554911178,ending_outstanding_mass,5.731024297549998e-07,5.731024297549998e-07,0.0
test_078_367d379a9297,1600960620,total_operational_objective,112874.369914819,112874.369914819,0.0
test_078_367d379a9297,1600960620,loss_queue,8617.482656749411,8617.482656749411,0.0
test_078_367d379a9297,1600960620,loss_waiting,94904.55807951935,94904.55807951935,0.0
test_078_367d379a9297,1600960620,loss_exit,3765.323919874412,3765.3239198744122,4.547473508864641e-13
test_078_367d379a9297,1600960620,loss_overflow,3363.9297450533268,3363.9297450533268,0.0
test_078_367d379a9297,1600960620,loss_route_resource,1320.9697873046402,1320.9697873046402,0.0
test_078_367d379a9297,1600960620,loss_action,902.1057263178808,902.1057263178807,1.1368683772161603e-13
test_078_367d379a9297,1600960620,terminal_correction,0.0,0.0,0.0
test_078_367d379a9297,1600960620,ending_outstanding_mass,5.721027326722273e-07,5.721027326722273e-07,0.0
test_079_bce06ca59758,301721597,total_operational_objective,106032.75533866568,106032.75533866567,1.4551915228366852e-11
test_079_bce06ca59758,301721597,loss_queue,7393.66648513055,7393.66648513055,0.0
test_079_bce06ca59758,301721597,loss_waiting,90219.00593742062,90219.00593742062,0.0
test_079_bce06ca59758,301721597,loss_exit,3611.9411834095863,3611.9411834095868,4.547473508864641e-13
test_079_bce06ca59758,301721597,loss_overflow,2637.328004940896,2637.328004940896,0.0
test_079_bce06ca59758,301721597,loss_route_resource,1138.217746058634,1138.217746058634,0.0
test_079_bce06ca59758,301721597,loss_action,1032.5959817053997,1032.5959817053997,0.0
test_079_bce06ca59758,301721597,terminal_correction,0.0,0.0,0.0
test_079_bce06ca59758,301721597,ending_outstanding_mass,6.123693922103571e-07,6.123693922103571e-07,0.0
test_079_bce06ca59758,554911178,total_operational_objective,108718.67763725616,108718.67763725616,0.0
test_079_bce06ca59758,554911178,loss_queue,7367.57666467873,7367.57666467873,0.0
test_079_bce06ca59758,554911178,loss_waiting,92882.83563824013,92882.83563824013,0.0
test_079_bce06ca59758,554911178,loss_exit,3710.402188644835,3710.402188644835,0.0
test_079_bce06ca59758,554911178,loss_overflow,2627.361119319793,2627.361119319793,0.0
test_079_bce06ca59758,554911178,loss_route_resource,1132.9009680832726,1132.9009680832726,0.0
test_079_bce06ca59758,554911178,loss_action,997.6010582894124,997.6010582894123,1.1368683772161603e-13
test_079_bce06ca59758,554911178,terminal_correction,0.0,0.0,0.0
test_079_bce06ca59758,554911178,ending_outstanding_mass,6.141831239953152e-07,6.141831239953152e-07,0.0
test_079_bce06ca59758,1600960620,total_operational_objective,107540.61952063451,107540.61952063451,0.0
test_079_bce06ca59758,1600960620,loss_queue,7352.896576835501,7352.896576835501,0.0
test_079_bce06ca59758,1600960620,loss_waiting,91790.36411586894,91790.36411586894,0.0
test_079_bce06ca59758,1600960620,loss_exit,3670.1713119843,3670.1713119843,0.0
test_079_bce06ca59758,1600960620,loss_overflow,2628.154250899977,2628.154250899977,0.0
test_079_bce06ca59758,1600960620,loss_route_resource,1129.3246576065635,1129.3246576065635,0.0
test_079_bce06ca59758,1600960620,loss_action,969.7086074391884,969.7086074391884,0.0
test_079_bce06ca59758,1600960620,terminal_correction,0.0,0.0,0.0
test_079_bce06ca59758,1600960620,ending_outstanding_mass,6.13378327728669e-07,6.13378327728669e-07,0.0
test_080_e669407a98d7,301721597,total_operational_objective,120705.9777872914,120705.9777872914,0.0
test_080_e669407a98d7,301721597,loss_queue,8937.030350798004,8937.030350798004,0.0
test_080_e669407a98d7,301721597,loss_waiting,101694.48002649976,101694.48002649976,0.0
test_080_e669407a98d7,301721597,loss_exit,4073.463379128731,4073.463379128731,0.0
test_080_e669407a98d7,301721597,loss_overflow,3642.087107674734,3642.087107674734,0.0
test_080_e669407a98d7,301721597,loss_route_resource,1394.0887229547254,1394.0887229547254,0.0
test_080_e669407a98d7,301721597,loss_action,964.8282002353968,964.8282002353969,1.1368683772161603e-13
test_080_e669407a98d7,301721597,terminal_correction,0.0,0.0,0.0
test_080_e669407a98d7,301721597,ending_outstanding_mass,5.234986428598419e-07,5.234986428598419e-07,0.0
test_080_e669407a98d7,554911178,total_operational_objective,123599.4482739552,123599.4482739552,0.0
test_080_e669407a98d7,554911178,loss_queue,8895.92716746966,8895.92716746966,0.0
test_080_e669407a98d7,554911178,loss_waiting,104584.09758030609,104584.09758030609,0.0
test_080_e669407a98d7,554911178,loss_exit,4181.722952959596,4181.722952959596,0.0
test_080_e669407a98d7,554911178,loss_overflow,3615.6764298689313,3615.6764298689313,0.0
test_080_e669407a98d7,554911178,loss_route_resource,1387.520322520587,1387.520322520587,0.0
test_080_e669407a98d7,554911178,loss_action,934.5038208303748,934.5038208303747,1.1368683772161603e-13
test_080_e669407a98d7,554911178,terminal_correction,0.0,0.0,0.0
test_080_e669407a98d7,554911178,ending_outstanding_mass,5.255160992068564e-07,5.255160992068564e-07,0.0
test_080_e669407a98d7,1600960620,total_operational_objective,122394.0326696556,122394.03266965561,1.4551915228366852e-11
test_080_e669407a98d7,1600960620,loss_queue,8889.069064483734,8889.069064483734,0.0
test_080_e669407a98d7,1600960620,loss_waiting,103461.47770005916,103461.47770005917,1.4551915228366852e-11
test_080_e669407a98d7,1600960620,loss_exit,4139.197003621071,4139.197003621071,0.0
test_080_e669407a98d7,1600960620,loss_overflow,3615.6809646499305,3615.6809646499305,0.0
test_080_e669407a98d7,1600960620,loss_route_resource,1384.5340423966672,1384.5340423966672,0.0
test_080_e669407a98d7,1600960620,loss_action,904.0738944449628,904.0738944449629,1.1368683772161603e-13
test_080_e669407a98d7,1600960620,terminal_correction,0.0,0.0,0.0
test_080_e669407a98d7,1600960620,ending_outstanding_mass,5.247336943658332e-07,5.247336943658332e-07,0.0
test_081_fbbd80304765,301721597,total_operational_objective,117585.13840181756,117585.13840181756,0.0
test_081_fbbd80304765,301721597,loss_queue,7957.628516241327,7957.628516241327,0.0
test_081_fbbd80304765,301721597,loss_waiting,100426.2937010317,100426.2937010317,0.0
test_081_fbbd80304765,301721597,loss_exit,4039.6504296238422,4039.6504296238427,4.547473508864641e-13
test_081_fbbd80304765,301721597,loss_overflow,2973.98118905527,2973.98118905527,0.0
test_081_fbbd80304765,301721597,loss_route_resource,1216.5646697571572,1216.5646697571572,0.0
test_081_fbbd80304765,301721597,loss_action,971.0198961083306,971.0198961083306,0.0
test_081_fbbd80304765,301721597,terminal_correction,0.0,0.0,0.0
test_081_fbbd80304765,301721597,ending_outstanding_mass,6.460824956766514e-07,6.460824956766514e-07,0.0
test_081_fbbd80304765,554911178,total_operational_objective,120669.53276533568,120669.53276533568,0.0
test_081_fbbd80304765,554911178,loss_queue,7916.428763876702,7916.428763876702,0.0
test_081_fbbd80304765,554911178,loss_waiting,103500.61030368527,103500.61030368527,0.0
test_081_fbbd80304765,554911178,loss_exit,4154.487840734874,4154.487840734874,0.0
test_081_fbbd80304765,554911178,loss_overflow,2950.578887492365,2950.5788874923655,4.547473508864641e-13
test_081_fbbd80304765,554911178,loss_route_resource,1209.162958390279,1209.162958390279,0.0
test_081_fbbd80304765,554911178,loss_action,938.2640111561996,938.2640111561997,1.1368683772161603e-13
test_081_fbbd80304765,554911178,terminal_correction,0.0,0.0,0.0
test_081_fbbd80304765,554911178,ending_outstanding_mass,6.481690808849212e-07,6.481690808849212e-07,0.0
test_081_fbbd80304765,1600960620,total_operational_objective,119378.77762916102,119378.77762916102,0.0
test_081_fbbd80304765,1600960620,loss_queue,7906.717396090344,7906.717396090344,0.0
test_081_fbbd80304765,1600960620,loss_waiting,102295.41868685548,102295.41868685548,0.0
test_081_fbbd80304765,1600960620,loss_exit,4110.298744699575,4110.298744699575,0.0
test_081_fbbd80304765,1600960620,loss_overflow,2950.3294659261264,2950.3294659261264,0.0
test_081_fbbd80304765,1600960620,loss_route_resource,1206.3522307082549,1206.3522307082549,0.0
test_081_fbbd80304765,1600960620,loss_action,909.6611048812516,909.6611048812516,0.0
test_081_fbbd80304765,1600960620,terminal_correction,0.0,0.0,0.0
test_081_fbbd80304765,1600960620,ending_outstanding_mass,6.472646311136162e-07,6.472646311136162e-07,0.0
test_082_2cf496ac3a99,301721597,total_operational_objective,117953.99797861684,117953.99797861684,0.0
test_082_2cf496ac3a99,301721597,loss_queue,9068.089601035192,9068.089601035193,1.8189894035458565e-12
test_082_2cf496ac3a99,301721597,loss_waiting,98900.62872531117,98900.62872531115,1.4551915228366852e-11
test_082_2cf496ac3a99,301721597,loss_exit,3944.021319688371,3944.021319688371,0.0
test_082_2cf496ac3a99,301721597,loss_overflow,3670.714928111034,3670.714928111034,0.0
test_082_2cf496ac3a99,301721597,loss_route_resource,1408.2906618430393,1408.2906618430393,0.0
test_082_2cf496ac3a99,301721597,loss_action,962.252742628012,962.2527426280121,1.1368683772161603e-13
test_082_2cf496ac3a99,301721597,terminal_correction,0.0,0.0,0.0
test_082_2cf496ac3a99,301721597,ending_outstanding_mass,5.060696351978093e-07,5.060696351978093e-07,0.0
test_082_2cf496ac3a99,554911178,total_operational_objective,120933.6708320328,120933.6708320328,0.0
test_082_2cf496ac3a99,554911178,loss_queue,9027.751766491176,9027.751766491177,1.8189894035458565e-12
test_082_2cf496ac3a99,554911178,loss_waiting,101875.11654632464,101875.11654632464,0.0
test_082_2cf496ac3a99,554911178,loss_exit,4053.976868675245,4053.9768686752445,4.547473508864641e-13
test_082_2cf496ac3a99,554911178,loss_overflow,3643.116679243482,3643.116679243482,0.0
test_082_2cf496ac3a99,554911178,loss_route_resource,1400.7971877630114,1400.7971877630114,0.0
test_082_2cf496ac3a99,554911178,loss_action,932.9117835352912,932.9117835352913,1.1368683772161603e-13
test_082_2cf496ac3a99,554911178,terminal_correction,0.0,0.0,0.0
test_082_2cf496ac3a99,554911178,ending_outstanding_mass,5.082407658309216e-07,5.082407658309216e-07,0.0
test_082_2cf496ac3a99,1600960620,total_operational_objective,119623.23711279228,119623.23711279228,0.0
test_082_2cf496ac3a99,1600960620,loss_queue,9019.93070501603,9019.93070501603,0.0
test_082_2cf496ac3a99,1600960620,loss_waiting,100656.46658528624,100656.46658528625,1.4551915228366852e-11
test_082_2cf496ac3a99,1600960620,loss_exit,4008.499706677801,4008.4997066778005,4.547473508864641e-13
test_082_2cf496ac3a99,1600960620,loss_overflow,3638.105027684772,3638.1050276847723,4.547473508864641e-13
test_082_2cf496ac3a99,1600960620,loss_route_resource,1398.1696945239464,1398.1696945239464,0.0
test_082_2cf496ac3a99,1600960620,loss_action,902.065393603529,902.065393603529,0.0
test_082_2cf496ac3a99,1600960620,terminal_correction,0.0,0.0,0.0
test_082_2cf496ac3a99,1600960620,ending_outstanding_mass,5.073672967466738e-07,5.073672967466738e-07,0.0
test_083_4cbdde5f376f,301721597,total_operational_objective,112621.97462865627,112621.97462865629,1.4551915228366852e-11
test_083_4cbdde5f376f,301721597,loss_queue,8641.471927663402,8641.471927663402,0.0
test_083_4cbdde5f376f,301721597,loss_waiting,94485.76182850302,94485.76182850302,0.0
test_083_4cbdde5f376f,301721597,loss_exit,3764.6398524020074,3764.6398524020065,9.094947017729282e-13
test_083_4cbdde5f376f,301721597,loss_overflow,3404.000684449904,3404.000684449904,0.0
test_083_4cbdde5f376f,301721597,loss_route_resource,1361.032693758627,1361.032693758627,0.0
test_083_4cbdde5f376f,301721597,loss_action,965.067641879344,965.0676418793439,1.1368683772161603e-13
test_083_4cbdde5f376f,301721597,terminal_correction,0.0,0.0,0.0
test_083_4cbdde5f376f,301721597,ending_outstanding_mass,5.266556279456883e-07,5.266556279456883e-07,0.0
test_083_4cbdde5f376f,554911178,total_operational_objective,115319.59846731406,115319.59846731406,0.0
test_083_4cbdde5f376f,554911178,loss_queue,8602.235730450442,8602.235730450442,0.0
test_083_4cbdde5f376f,554911178,loss_waiting,97188.61427855738,97188.61427855738,0.0
test_083_4cbdde5f376f,554911178,loss_exit,3863.419674848727,3863.419674848727,0.0
test_083_4cbdde5f376f,554911178,loss_overflow,3375.832258232664,3375.8322582326637,4.547473508864641e-13
test_083_4cbdde5f376f,554911178,loss_route_resource,1354.7265823826854,1354.7265823826854,0.0
test_083_4cbdde5f376f,554911178,loss_action,934.7699428421568,934.7699428421568,0.0
test_083_4cbdde5f376f,554911178,terminal_correction,0.0,0.0,0.0
test_083_4cbdde5f376f,554911178,ending_outstanding_mass,5.285243991315419e-07,5.285243991315419e-07,0.0
test_083_4cbdde5f376f,1600960620,total_operational_objective,114179.251384171,114179.25138417099,1.4551915228366852e-11
test_083_4cbdde5f376f,1600960620,loss_queue,8592.635476214997,8592.635476214997,0.0
test_083_4cbdde5f376f,1600960620,loss_waiting,96134.67163836586,96134.67163836586,0.0
test_083_4cbdde5f376f,1600960620,loss_exit,3824.426742745998,3824.426742745998,0.0
test_083_4cbdde5f376f,1600960620,loss_overflow,3371.161416370013,3371.161416370013,0.0
test_083_4cbdde5f376f,1600960620,loss_route_resource,1351.500536594589,1351.500536594589,0.0
test_083_4cbdde5f376f,1600960620,loss_action,904.8555738794428,904.8555738794428,0.0
test_083_4cbdde5f376f,1600960620,terminal_correction,0.0,0.0,0.0
test_083_4cbdde5f376f,1600960620,ending_outstanding_mass,5.278152653912668e-07,5.278152653912668e-07,0.0
test_084_513eb18f351c,301721597,total_operational_objective,115203.03606540473,115203.03606540471,1.4551915228366852e-11
test_084_513eb18f351c,301721597,loss_queue,8675.034258209313,8675.034258209313,0.0
test_084_513eb18f351c,301721597,loss_waiting,96895.16870271822,96895.16870271822,0.0
test_084_513eb18f351c,301721597,loss_exit,3871.3595347454975,3871.3595347454975,0.0
test_084_513eb18f351c,301721597,loss_overflow,3443.140879018885,3443.1408790188852,4.547473508864641e-13
test_084_513eb18f351c,301721597,loss_route_resource,1352.9607585174113,1352.9607585174113,0.0
test_084_513eb18f351c,301721597,loss_action,965.3719321954007,965.3719321954007,0.0
test_084_513eb18f351c,301721597,terminal_correction,0.0,0.0,0.0
test_084_513eb18f351c,301721597,ending_outstanding_mass,5.617750345071473e-07,5.617750345071473e-07,0.0
test_084_513eb18f351c,554911178,total_operational_objective,117998.3244891752,117998.3244891752,0.0
test_084_513eb18f351c,554911178,loss_queue,8634.862593475198,8634.862593475198,0.0
test_084_513eb18f351c,554911178,loss_waiting,99692.11110899768,99692.11110899769,1.4551915228366852e-11
test_084_513eb18f351c,554911178,loss_exit,3974.539487631877,3974.5394876318774,4.547473508864641e-13
test_084_513eb18f351c,554911178,loss_overflow,3415.714327195033,3415.7143271950335,4.547473508864641e-13
test_084_513eb18f351c,554911178,loss_route_resource,1346.4221225089675,1346.4221225089677,2.2737367544323206e-13
test_084_513eb18f351c,554911178,loss_action,934.674849366476,934.674849366476,0.0
test_084_513eb18f351c,554911178,terminal_correction,0.0,0.0,0.0
test_084_513eb18f351c,554911178,ending_outstanding_mass,5.63673965950202e-07,5.63673965950202e-07,0.0
test_084_513eb18f351c,1600960620,total_operational_objective,116781.89116936576,116781.89116936576,0.0
test_084_513eb18f351c,1600960620,loss_queue,8626.254757172906,8626.254757172906,0.0
test_084_513eb18f351c,1600960620,loss_waiting,98562.11688160528,98562.11688160527,1.4551915228366852e-11
test_084_513eb18f351c,1600960620,loss_exit,3932.5085485121463,3932.5085485121467,4.547473508864641e-13
test_084_513eb18f351c,1600960620,loss_overflow,3412.7990853162064,3412.7990853162064,0.0
test_084_513eb18f351c,1600960620,loss_route_resource,1343.5182986356108,1343.5182986356108,0.0
test_084_513eb18f351c,1600960620,loss_action,904.6935981235376,904.6935981235375,1.1368683772161603e-13
test_084_513eb18f351c,1600960620,terminal_correction,0.0,0.0,0.0
test_084_513eb18f351c,1600960620,ending_outstanding_mass,5.629000564811187e-07,5.629000564811187e-07,0.0
test_085_650c50514b66,301721597,total_operational_objective,117094.95285105158,117094.95285105158,0.0
test_085_650c50514b66,301721597,loss_queue,9406.55950022118,9406.55950022118,0.0
test_085_650c50514b66,301721597,loss_waiting,97488.17520513452,97488.17520513451,1.4551915228366852e-11
test_085_650c50514b66,301721597,loss_exit,3872.142356722968,3872.142356722968,0.0
test_085_650c50514b66,301721597,loss_overflow,3907.71319937081,3907.71319937081,0.0
test_085_650c50514b66,301721597,loss_route_resource,1461.7929400764897,1461.7929400764897,0.0
test_085_650c50514b66,301721597,loss_action,958.5696495257037,958.5696495257035,1.1368683772161603e-13
test_085_650c50514b66,301721597,terminal_correction,0.0,0.0,0.0
test_085_650c50514b66,301721597,ending_outstanding_mass,5.566030874811804e-07,5.566030874811804e-07,0.0
test_085_650c50514b66,554911178,total_operational_objective,120120.73546992028,120120.73546992027,1.4551915228366852e-11
test_085_650c50514b66,554911178,loss_queue,9365.558601478742,9365.558601478742,0.0
test_085_650c50514b66,554911178,loss_waiting,100506.22429142195,100506.22429142195,0.0
test_085_650c50514b66,554911178,loss_exit,3983.348188199641,3983.3481881996413,4.547473508864641e-13
test_085_650c50514b66,554911178,loss_overflow,3880.332092067036,3880.3320920670362,4.547473508864641e-13
test_085_650c50514b66,554911178,loss_route_resource,1453.7642871861233,1453.7642871861233,0.0
test_085_650c50514b66,554911178,loss_action,931.5080095667917,931.5080095667917,0.0
test_085_650c50514b66,554911178,terminal_correction,0.0,0.0,0.0
test_085_650c50514b66,554911178,ending_outstanding_mass,5.589219393100694e-07,5.589219393100694e-07,0.0
test_085_650c50514b66,1600960620,total_operational_objective,118759.4783486496,118759.47834864959,1.4551915228366852e-11
test_085_650c50514b66,1600960620,loss_queue,9358.604238219212,9358.604238219212,0.0
test_085_650c50514b66,1600960620,loss_waiting,99239.70485665643,99239.70485665643,0.0
test_085_650c50514b66,1600960620,loss_exit,3935.430859580092,3935.4308595800917,4.547473508864641e-13
test_085_650c50514b66,1600960620,loss_overflow,3875.019024182382,3875.019024182382,0.0
test_085_650c50514b66,1600960620,loss_route_resource,1451.3424867380054,1451.3424867380054,0.0
test_085_650c50514b66,1600960620,loss_action,899.3768832734306,899.3768832734306,0.0
test_085_650c50514b66,1600960620,terminal_correction,0.0,0.0,0.0
test_085_650c50514b66,1600960620,ending_outstanding_mass,5.579762991448024e-07,5.579762991448024e-07,0.0
test_086_754dc8e1ab0e,301721597,total_operational_objective,121474.1568150603,121474.1568150603,0.0
test_086_754dc8e1ab0e,301721597,loss_queue,9225.227454560969,9225.227454560967,1.8189894035458565e-12
test_086_754dc8e1ab0e,301721597,loss_waiting,101964.2123045951,101964.2123045951,0.0
test_086_754dc8e1ab0e,301721597,loss_exit,4076.6257185428567,4076.6257185428567,0.0
test_086_754dc8e1ab0e,301721597,loss_overflow,3775.776376512588,3775.7763765125883,4.547473508864641e-13
test_086_754dc8e1ab0e,301721597,loss_route_resource,1411.11901818185,1411.11901818185,0.0
test_086_754dc8e1ab0e,301721597,loss_action,1021.1959426669129,1021.1959426669127,1.1368683772161603e-13
test_086_754dc8e1ab0e,301721597,terminal_correction,0.0,0.0,0.0
test_086_754dc8e1ab0e,301721597,ending_outstanding_mass,6.666079054923017e-07,6.666079054923017e-07,0.0
test_086_754dc8e1ab0e,554911178,total_operational_objective,124507.607569386,124507.60756938599,1.4551915228366852e-11
test_086_754dc8e1ab0e,554911178,loss_queue,9196.372023567015,9196.372023567015,0.0
test_086_754dc8e1ab0e,554911178,loss_waiting,104967.505441003,104967.505441003,0.0
test_086_754dc8e1ab0e,554911178,loss_exit,4188.364442110571,4188.364442110571,0.0
test_086_754dc8e1ab0e,554911178,loss_overflow,3760.130896708122,3760.130896708122,0.0
test_086_754dc8e1ab0e,554911178,loss_route_resource,1404.2665087584423,1404.2665087584423,0.0
test_086_754dc8e1ab0e,554911178,loss_action,990.9682572387932,990.9682572387931,1.1368683772161603e-13
test_086_754dc8e1ab0e,554911178,terminal_correction,0.0,0.0,0.0
test_086_754dc8e1ab0e,554911178,ending_outstanding_mass,6.686706320654448e-07,6.686706320654448e-07,0.0
test_086_754dc8e1ab0e,1600960620,total_operational_objective,123194.29153106268,123194.29153106267,1.4551915228366852e-11
test_086_754dc8e1ab0e,1600960620,loss_queue,9187.568053889983,9187.568053889983,0.0
test_086_754dc8e1ab0e,1600960620,loss_waiting,103748.5503926064,103748.55039260641,1.4551915228366852e-11
test_086_754dc8e1ab0e,1600960620,loss_exit,4142.646872048939,4142.646872048939,0.0
test_086_754dc8e1ab0e,1600960620,loss_overflow,3754.443700099778,3754.443700099778,0.0
test_086_754dc8e1ab0e,1600960620,loss_route_resource,1401.2220666531384,1401.2220666531384,0.0
test_086_754dc8e1ab0e,1600960620,loss_action,959.8604457644012,959.8604457644013,1.1368683772161603e-13
test_086_754dc8e1ab0e,1600960620,terminal_correction,0.0,0.0,0.0
test_086_754dc8e1ab0e,1600960620,ending_outstanding_mass,6.677984081587502e-07,6.677984081587502e-07,0.0
test_087_cbc79ee243dd,301721597,total_operational_objective,121594.4884640938,121594.4884640938,0.0
test_087_cbc79ee243dd,301721597,loss_queue,8699.82402498083,8699.82402498083,0.0
test_087_cbc79ee243dd,301721597,loss_waiting,103004.4067920568,103004.4067920568,0.0
test_087_cbc79ee243dd,301721597,loss_exit,4140.207451478043,4140.207451478043,0.0
test_087_cbc79ee243dd,301721597,loss_overflow,3456.992395132994,3456.992395132994,0.0
test_087_cbc79ee243dd,301721597,loss_route_resource,1326.538710852038,1326.5387108520379,2.2737367544323206e-13
test_087_cbc79ee243dd,301721597,loss_action,966.5190895930592,966.5190895930593,1.1368683772161603e-13
test_087_cbc79ee243dd,301721597,terminal_correction,0.0,0.0,0.0
test_087_cbc79ee243dd,301721597,ending_outstanding_mass,6.147833809965667e-07,6.147833809965667e-07,0.0
test_087_cbc79ee243dd,554911178,total_operational_objective,124645.31038553215,124645.31038553215,0.0
test_087_cbc79ee243dd,554911178,loss_queue,8657.842701225312,8657.842701225312,0.0
test_087_cbc79ee243dd,554911178,loss_waiting,106047.7924231012,106047.7924231012,0.0
test_087_cbc79ee243dd,554911178,loss_exit,4254.153805304026,4254.153805304026,0.0
test_087_cbc79ee243dd,554911178,loss_overflow,3430.9648396169305,3430.9648396169305,0.0
test_087_cbc79ee243dd,554911178,loss_route_resource,1319.3426373557306,1319.3426373557306,0.0
test_087_cbc79ee243dd,554911178,loss_action,935.2139789289616,935.2139789289616,0.0
test_087_cbc79ee243dd,554911178,terminal_correction,0.0,0.0,0.0
test_087_cbc79ee243dd,554911178,ending_outstanding_mass,6.16866843571998e-07,6.16866843571998e-07,0.0
test_087_cbc79ee243dd,1600960620,total_operational_objective,123376.522758099,123376.52275809899,1.4551915228366852e-11
test_087_cbc79ee243dd,1600960620,loss_queue,8649.810613323383,8649.810613323383,0.0
test_087_cbc79ee243dd,1600960620,loss_waiting,104864.22626446668,104864.22626446668,0.0
test_087_cbc79ee243dd,1600960620,loss_exit,4209.613673427354,4209.613673427354,0.0
test_087_cbc79ee243dd,1600960620,loss_overflow,3431.0451829023004,3431.0451829023004,0.0
test_087_cbc79ee243dd,1600960620,loss_route_resource,1316.4218723869772,1316.4218723869772,0.0
test_087_cbc79ee243dd,1600960620,loss_action,905.4051515922888,905.4051515922888,0.0
test_087_cbc79ee243dd,1600960620,terminal_correction,0.0,0.0,0.0
test_087_cbc79ee243dd,1600960620,ending_outstanding_mass,6.159913174044045e-07,6.159913174044045e-07,0.0
