policy,path_id,training_seed,all_step_acceptance_passed,all_transition_audits_passed,maximum_transition_residual,sue_residual_within_tolerance,budget_nonnegative,physical_states_nonnegative,loss_components_reconstruct_total,exit_channels_counted_once,right_censoring_not_observed_clearance,oldest_first_release,no_vintage_reset,route_wait_exit_source_simplex_conserved,committed_tag_permanence,maritime_tag_conservation,four_stage_tag_conservation,no_double_internal_service,shared_corridor_capacity_accounted,delivered_only_from_landbridge_discharge,no_equal_allocation_authority
Passive,test_000_4ae657b9eeec,,True,True,9.482431742504024e-07,True,True,True,True,True,True,True,True,True,True,True,True,True,True,True,True
Reactive,test_000_4ae657b9eeec,,True,True,9.407351015063886e-07,True,True,True,True,True,True,True,True,True,True,True,True,True,True,True,True
Projected stochastic MPC,test_000_4ae657b9eeec,,True,True,9.797405506611637e-07,True,True,True,True,True,True,True,True,True,True,True,True,True,True,True,True
Behaviour cloning,test_000_4ae657b9eeec,1409200687.0,True,True,9.349803899563509e-07,True,True,True,True,True,True,True,True,True,True,True,True,True,True,True,True
Behaviour cloning,test_000_4ae657b9eeec,3018804584.0,True,True,9.937177740408304e-07,True,True,True,True,True,True,True,True,True,True,True,True,True,True,True,True
Behaviour cloning,test_000_4ae657b9eeec,959653586.0,True,True,9.701700205803657e-07,True,True,True,True,True,True,True,True,True,True,True,True,True,True,True,True
PPO,test_000_4ae657b9eeec,1694234878.0,True,True,9.885898693838607e-07,True,True,True,True,True,True,True,True,True,True,True,True,True,True,True,True
PPO,test_000_4ae657b9eeec,1635820214.0,True,True,9.970431804751271e-07,True,True,True,True,True,True,True,True,True,True,True,True,True,True,True,True
PPO,test_000_4ae657b9eeec,456241246.0,True,True,9.81044854887898e-07,True,True,True,True,True,True,True,True,True,True,True,True,True,True,True,True
Vanilla SAC,test_000_4ae657b9eeec,3760190062.0,True,True,9.962444221704888e-07,True,True,True,True,True,True,True,True,True,True,True,True,True,True,True,True
Vanilla SAC,test_000_4ae657b9eeec,3890281123.0,True,True,9.979507123627784e-07,True,True,True,True,True,True,True,True,True,True,True,True,True,True,True,True
Vanilla SAC,test_000_4ae657b9eeec,4226533458.0,True,True,9.966674943633936e-07,True,True,True,True,True,True,True,True,True,True,True,True,True,True,True,True
Constrained SAC,test_000_4ae657b9eeec,301721597.0,True,True,9.971430367942118e-07,True,True,True,True,True,True,True,True,True,True,True,True,True,True,True,True
Constrained SAC,test_000_4ae657b9eeec,554911178.0,True,True,9.974418363097783e-07,True,True,True,True,True,True,True,True,True,True,True,True,True,True,True,True
Constrained SAC,test_000_4ae657b9eeec,1600960620.0,True,True,9.978524022059007e-07,True,True,True,True,True,True,True,True,True,True,True,True,True,True,True,True
Model-guided constrained SAC,test_000_4ae657b9eeec,301721597.0,True,True,9.865862306316685e-07,True,True,True,True,True,True,True,True,True,True,True,True,True,True,True,True
Model-guided constrained SAC,test_000_4ae657b9eeec,554911178.0,True,True,9.61453046555916e-07,True,True,True,True,True,True,True,True,True,True,True,True,True,True,True,True
Model-guided constrained SAC,test_000_4ae657b9eeec,1600960620.0,True,True,9.62030825476206e-07,True,True,True,True,True,True,True,True,True,True,True,True,True,True,True,True
Passive,test_001_dde9993de777,,True,True,9.635223777137198e-07,True,True,True,True,True,True,True,True,True,True,True,True,True,True,True,True
Reactive,test_001_dde9993de777,,True,True,9.893139256674327e-07,True,True,True,True,True,True,True,True,True,True,True,True,True,True,True,True
Projected stochastic MPC,test_001_dde9993de777,,True,True,9.282095905237052e-07,True,True,True,True,True,True,True,True,True,True,True,True,True,True,True,True
Behaviour cloning,test_001_dde9993de777,1409200687.0,True,True,9.8744527536616e-07,True,True,True,True,True,True,True,True,True,True,True,True,True,True,True,True
Behaviour cloning,test_001_dde9993de777,3018804584.0,True,True,9.705832120543714e-07,True,True,True,True,True,True,True,True,True,True,True,True,True,True,True,True
Behaviour cloning,test_001_dde9993de777,959653586.0,True,True,9.911041631649977e-07,True,True,True,True,True,True,True,True,True,True,True,True,True,True,True,True
PPO,test_001_dde9993de777,1694234878.0,True,True,9.11746776382002e-07,True,True,True,True,True,True,True,True,True,True,True,True,True,True,True,True
PPO,test_001_dde9993de777,1635820214.0,True,True,9.322833027028731e-07,True,True,True,True,True,True,True,True,True,True,True,True,True,True,True,True
PPO,test_001_dde9993de777,456241246.0,True,True,9.565599371170046e-07,True,True,True,True,True,True,True,True,True,True,True,True,True,True,True,True
Vanilla SAC,test_001_dde9993de777,3760190062.0,True,True,9.642152370747044e-07,True,True,True,True,True,True,True,True,True,True,True,True,True,True,True,True
Vanilla SAC,test_001_dde9993de777,3890281123.0,True,True,9.639967763478486e-07,True,True,True,True,True,True,True,True,True,True,True,True,True,True,True,True
Vanilla SAC,test_001_dde9993de777,4226533458.0,True,True,9.641767193978524e-07,True,True,True,True,True,True,True,True,True,True,True,True,True,True,True,True
Constrained SAC,test_001_dde9993de777,301721597.0,True,True,9.640713719963634e-07,True,True,True,True,True,True,True,True,True,True,True,True,True,True,True,True
Constrained SAC,test_001_dde9993de777,554911178.0,True,True,9.640206228157053e-07,True,True,True,True,True,True,True,True,True,True,True,True,True,True,True,True
Constrained SAC,test_001_dde9993de777,1600960620.0,True,True,9.639053075160676e-07,True,True,True,True,True,True,True,True,True,True,True,True,True,True,True,True
Model-guided constrained SAC,test_001_dde9993de777,301721597.0,True,True,9.367992603726028e-07,True,True,True,True,True,True,True,True,True,True,True,True,True,True,True,True
Model-guided constrained SAC,test_001_dde9993de777,554911178.0,True,True,9.781055910091633e-07,True,True,True,True,True,True,True,True,True,True,True,True,True,True,True,True
Model-guided constrained SAC,test_001_dde9993de777,1600960620.0,True,True,9.612902664679068e-07,True,True,True,True,True,True,True,True,True,True,True,True,True,True,True,True
Passive,test_002_f01217ab0e79,,True,True,9.446710762237979e-07,True,True,True,True,True,True,True,True,True,True,True,True,True,True,True,True
Reactive,test_002_f01217ab0e79,,True,True,9.995614721068065e-07,True,True,True,True,True,True,True,True,True,True,True,True,True,True,True,True
Projected stochastic MPC,test_002_f01217ab0e79,,True,True,9.37784435891989e-07,True,True,True,True,True,True,True,True,True,True,True,True,True,True,True,True
Behaviour cloning,test_002_f01217ab0e79,1409200687.0,True,True,9.780657308495747e-07,True,True,True,True,True,True,True,True,True,True,True,True,True,True,True,True
Behaviour cloning,test_002_f01217ab0e79,3018804584.0,True,True,9.827470555728116e-07,True,True,True,True,True,True,True,True,True,True,True,True,True,True,True,True
Behaviour cloning,test_002_f01217ab0e79,959653586.0,True,True,9.531478570767627e-07,True,True,True,True,True,True,True,True,True,True,True,True,True,True,True,True
PPO,test_002_f01217ab0e79,1694234878.0,True,True,9.519205091694292e-07,True,True,True,True,True,True,True,True,True,True,True,True,True,True,True,True
PPO,test_002_f01217ab0e79,1635820214.0,True,True,8.576739108252362e-07,True,True,True,True,True,True,True,True,True,True,True,True,True,True,True,True
PPO,test_002_f01217ab0e79,456241246.0,True,True,9.163600117569812e-07,True,True,True,True,True,True,True,True,True,True,True,True,True,True,True,True
Vanilla SAC,test_002_f01217ab0e79,3760190062.0,True,True,9.463301113567968e-07,True,True,True,True,True,True,True,True,True,True,True,True,True,True,True,True
Vanilla SAC,test_002_f01217ab0e79,3890281123.0,True,True,9.458100743721576e-07,True,True,True,True,True,True,True,True,True,True,True,True,True,True,True,True
Vanilla SAC,test_002_f01217ab0e79,4226533458.0,True,True,9.463627420137835e-07,True,True,True,True,True,True,True,True,True,True,True,True,True,True,True,True
Constrained SAC,test_002_f01217ab0e79,301721597.0,True,True,9.470220528265461e-07,True,True,True,True,True,True,True,True,True,True,True,True,True,True,True,True
Constrained SAC,test_002_f01217ab0e79,554911178.0,True,True,9.462309933334007e-07,True,True,True,True,True,True,True,True,True,True,True,True,True,True,True,True
Constrained SAC,test_002_f01217ab0e79,1600960620.0,True,True,9.458407771807169e-07,True,True,True,True,True,True,True,True,True,True,True,True,True,True,True,True
Model-guided constrained SAC,test_002_f01217ab0e79,301721597.0,True,True,9.702802007077195e-07,True,True,True,True,True,True,True,True,True,True,True,True,True,True,True,True
Model-guided constrained SAC,test_002_f01217ab0e79,554911178.0,True,True,9.669860193096782e-07,True,True,True,True,True,True,True,True,True,True,True,True,True,True,True,True
Model-guided constrained SAC,test_002_f01217ab0e79,1600960620.0,True,True,9.771353120064662e-07,True,True,True,True,True,True,True,True,True,True,True,True,True,True,True,True
Passive,test_003_eb3106001035,,True,True,9.92281865067465e-07,True,True,True,True,True,True,True,True,True,True,True,True,True,True,True,True
Reactive,test_003_eb3106001035,,True,True,9.736359631675444e-07,True,True,True,True,True,True,True,True,True,True,True,True,True,True,True,True
Projected stochastic MPC,test_003_eb3106001035,,True,True,9.567401378079524e-07,True,True,True,True,True,True,True,True,True,True,True,True,True,True,True,True
Behaviour cloning,test_003_eb3106001035,1409200687.0,True,True,9.785853525351654e-07,True,True,True,True,True,True,True,True,True,True,True,True,True,True,True,True
Behaviour cloning,test_003_eb3106001035,3018804584.0,True,True,9.94739151559959e-07,True,True,True,True,True,True,True,True,True,True,True,True,True,True,True,True
Behaviour cloning,test_003_eb3106001035,959653586.0,True,True,8.844394739687426e-07,True,True,True,True,True,True,True,True,True,True,True,True,True,True,True,True
PPO,test_003_eb3106001035,1694234878.0,True,True,9.986418700823368e-07,True,True,True,True,True,True,True,True,True,True,True,True,True,True,True,True
PPO,test_003_eb3106001035,1635820214.0,True,True,9.84233085323133e-07,True,True,True,True,True,True,True,True,True,True,True,True,True,True,True,True
PPO,test_003_eb3106001035,456241246.0,True,True,9.879882130458347e-07,True,True,True,True,True,True,True,True,True,True,True,True,True,True,True,True
Vanilla SAC,test_003_eb3106001035,3760190062.0,True,True,9.921900654351541e-07,True,True,True,True,True,True,True,True,True,True,True,True,True,True,True,True
Vanilla SAC,test_003_eb3106001035,3890281123.0,True,True,9.923013919344593e-07,True,True,True,True,True,True,True,True,True,True,True,True,True,True,True,True
Vanilla SAC,test_003_eb3106001035,4226533458.0,True,True,9.919281317654112e-07,True,True,True,True,True,True,True,True,True,True,True,True,True,True,True,True
Constrained SAC,test_003_eb3106001035,301721597.0,True,True,9.930506063031783e-07,True,True,True,True,True,True,True,True,True,True,True,True,True,True,True,True
Constrained SAC,test_003_eb3106001035,554911178.0,True,True,9.922748154150947e-07,True,True,True,True,True,True,True,True,True,True,True,True,True,True,True,True
Constrained SAC,test_003_eb3106001035,1600960620.0,True,True,9.92776538859471e-07,True,True,True,True,True,True,True,True,True,True,True,True,True,True,True,True
Model-guided constrained SAC,test_003_eb3106001035,301721597.0,True,True,9.611559704697945e-07,True,True,True,True,True,True,True,True,True,True,True,True,True,True,True,True
Model-guided constrained SAC,test_003_eb3106001035,554911178.0,True,True,9.940057810471726e-07,True,True,True,True,True,True,True,True,True,True,True,True,True,True,True,True
Model-guided constrained SAC,test_003_eb3106001035,1600960620.0,True,True,9.472549822274579e-07,True,True,True,True,True,True,True,True,True,True,True,True,True,True,True,True
Passive,test_004_55a330aff5c4,,True,True,9.565452865897484e-07,True,True,True,True,True,True,True,True,True,True,True,True,True,True,True,True
Reactive,test_004_55a330aff5c4,,True,True,9.61988264972482e-07,True,True,True,True,True,True,True,True,True,True,True,True,True,True,True,True
Projected stochastic MPC,test_004_55a330aff5c4,,True,True,9.944050982479058e-07,True,True,True,True,True,True,True,True,True,True,True,True,True,True,True,True
Behaviour cloning,test_004_55a330aff5c4,1409200687.0,True,True,9.90353019866151e-07,True,True,True,True,True,True,True,True,True,True,True,True,True,True,True,True
Behaviour cloning,test_004_55a330aff5c4,3018804584.0,True,True,9.949945009120806e-07,True,True,True,True,True,True,True,True,True,True,True,True,True,True,True,True
Behaviour cloning,test_004_55a330aff5c4,959653586.0,True,True,9.396161416087855e-07,True,True,True,True,True,True,True,True,True,True,True,True,True,True,True,True
PPO,test_004_55a330aff5c4,1694234878.0,True,True,8.997072028452811e-07,True,True,True,True,True,True,True,True,True,True,True,True,True,True,True,True
PPO,test_004_55a330aff5c4,1635820214.0,True,True,9.89464606130533e-07,True,True,True,True,True,True,True,True,True,True,True,True,True,True,True,True
PPO,test_004_55a330aff5c4,456241246.0,True,True,9.708566063240573e-07,True,True,True,True,True,True,True,True,True,True,True,True,True,True,True,True
Vanilla SAC,test_004_55a330aff5c4,3760190062.0,True,True,9.568836782763144e-07,True,True,True,True,True,True,True,True,True,True,True,True,True,True,True,True
Vanilla SAC,test_004_55a330aff5c4,3890281123.0,True,True,9.567618732356443e-07,True,True,True,True,True,True,True,True,True,True,True,True,True,True,True,True
Vanilla SAC,test_004_55a330aff5c4,4226533458.0,True,True,9.5689786265149e-07,True,True,True,True,True,True,True,True,True,True,True,True,True,True,True,True
Constrained SAC,test_004_55a330aff5c4,301721597.0,True,True,9.566900854947981e-07,True,True,True,True,True,True,True,True,True,True,True,True,True,True,True,True
Constrained SAC,test_004_55a330aff5c4,554911178.0,True,True,9.568022278867817e-07,True,True,True,True,True,True,True,True,True,True,True,True,True,True,True,True
Constrained SAC,test_004_55a330aff5c4,1600960620.0,True,True,9.567021348639152e-07,True,True,True,True,True,True,True,True,True,True,True,True,True,True,True,True
Model-guided constrained SAC,test_004_55a330aff5c4,301721597.0,True,True,9.591742069018272e-07,True,True,True,True,True,True,True,True,True,True,True,True,True,True,True,True
Model-guided constrained SAC,test_004_55a330aff5c4,554911178.0,True,True,9.655785443348681e-07,True,True,True,True,True,True,True,True,True,True,True,True,True,True,True,True
Model-guided constrained SAC,test_004_55a330aff5c4,1600960620.0,True,True,9.655781019782225e-07,True,True,True,True,True,True,True,True,True,True,True,True,True,True,True,True
Passive,test_005_981c73a17708,,True,True,9.916610956156682e-07,True,True,True,True,True,True,True,True,True,True,True,True,True,True,True,True
Reactive,test_005_981c73a17708,,True,True,9.589836483678245e-07,True,True,True,True,True,True,True,True,True,True,True,True,True,True,True,True
Projected stochastic MPC,test_005_981c73a17708,,True,True,9.885753700038838e-07,True,True,True,True,True,True,True,True,True,True,True,True,True,True,True,True
Behaviour cloning,test_005_981c73a17708,1409200687.0,True,True,8.783833533766913e-07,True,True,True,True,True,True,True,True,True,True,True,True,True,True,True,True
Behaviour cloning,test_005_981c73a17708,3018804584.0,True,True,9.874199723709402e-07,True,True,True,True,True,True,True,True,True,True,True,True,True,True,True,True
Behaviour cloning,test_005_981c73a17708,959653586.0,True,True,9.680908005696442e-07,True,True,True,True,True,True,True,True,True,True,True,True,True,True,True,True
PPO,test_005_981c73a17708,1694234878.0,True,True,9.944832133938578e-07,True,True,True,True,True,True,True,True,True,True,True,True,True,True,True,True
PPO,test_005_981c73a17708,1635820214.0,True,True,9.940541196495003e-07,True,True,True,True,True,True,True,True,True,True,True,True,True,True,True,True
PPO,test_005_981c73a17708,456241246.0,True,True,9.921098525366137e-07,True,True,True,True,True,True,True,True,True,True,True,True,True,True,True,True
Vanilla SAC,test_005_981c73a17708,3760190062.0,True,True,9.945955298267973e-07,True,True,True,True,True,True,True,True,True,True,True,True,True,True,True,True
Vanilla SAC,test_005_981c73a17708,3890281123.0,True,True,9.936707343792034e-07,True,True,True,True,True,True,True,True,True,True,True,True,True,True,True,True
Vanilla SAC,test_005_981c73a17708,4226533458.0,True,True,9.944994471759082e-07,True,True,True,True,True,True,True,True,True,True,True,True,True,True,True,True
Constrained SAC,test_005_981c73a17708,301721597.0,True,True,9.94422216561028e-07,True,True,True,True,True,True,True,True,True,True,True,True,True,True,True,True
Constrained SAC,test_005_981c73a17708,554911178.0,True,True,9.94043632618974e-07,True,True,True,True,True,True,True,True,True,True,True,True,True,True,True,True
Constrained SAC,test_005_981c73a17708,1600960620.0,True,True,9.938562952899797e-07,True,True,True,True,True,True,True,True,True,True,True,True,True,True,True,True
Model-guided constrained SAC,test_005_981c73a17708,301721597.0,True,True,9.77196055910212e-07,True,True,True,True,True,True,True,True,True,True,True,True,True,True,True,True
Model-guided constrained SAC,test_005_981c73a17708,554911178.0,True,True,9.983330612647634e-07,True,True,True,True,True,True,True,True,True,True,True,True,True,True,True,True
Model-guided constrained SAC,test_005_981c73a17708,1600960620.0,True,True,9.719209357460425e-07,True,True,True,True,True,True,True,True,True,True,True,True,True,True,True,True
Passive,test_006_daba4b1e9814,,True,True,9.64689150136632e-07,True,True,True,True,True,True,True,True,True,True,True,True,True,True,True,True
Reactive,test_006_daba4b1e9814,,True,True,9.525320281145506e-07,True,True,True,True,True,True,True,True,True,True,True,True,True,True,True,True
Projected stochastic MPC,test_006_daba4b1e9814,,True,True,8.58019518030634e-07,True,True,True,True,True,True,True,True,True,True,True,True,True,True,True,True
Behaviour cloning,test_006_daba4b1e9814,1409200687.0,True,True,9.58658385210622e-07,True,True,True,True,True,True,True,True,True,True,True,True,True,True,True,True
Behaviour cloning,test_006_daba4b1e9814,3018804584.0,True,True,9.466026887424562e-07,True,True,True,True,True,True,True,True,True,True,True,True,True,True,True,True
Behaviour cloning,test_006_daba4b1e9814,959653586.0,True,True,9.298305574447014e-07,True,True,True,True,True,True,True,True,True,True,True,True,True,True,True,True
PPO,test_006_daba4b1e9814,1694234878.0,True,True,8.711189346643118e-07,True,True,True,True,True,True,True,True,True,True,True,True,True,True,True,True
PPO,test_006_daba4b1e9814,1635820214.0,True,True,9.431020762517977e-07,True,True,True,True,True,True,True,True,True,True,True,True,True,True,True,True
PPO,test_006_daba4b1e9814,456241246.0,True,True,9.768493410500385e-07,True,True,True,True,True,True,True,True,True,True,True,True,True,True,True,True
Vanilla SAC,test_006_daba4b1e9814,3760190062.0,True,True,9.609675350017932e-07,True,True,True,True,True,True,True,True,True,True,True,True,True,True,True,True
Vanilla SAC,test_006_daba4b1e9814,3890281123.0,True,True,9.622443539468532e-07,True,True,True,True,True,True,True,True,True,True,True,True,True,True,True,True
Vanilla SAC,test_006_daba4b1e9814,4226533458.0,True,True,9.615478965284119e-07,True,True,True,True,True,True,True,True,True,True,True,True,True,True,True,True
Constrained SAC,test_006_daba4b1e9814,301721597.0,True,True,9.636328706358746e-07,True,True,True,True,True,True,True,True,True,True,True,True,True,True,True,True
Constrained SAC,test_006_daba4b1e9814,554911178.0,True,True,9.635302112100684e-07,True,True,True,True,True,True,True,True,True,True,True,True,True,True,True,True
Constrained SAC,test_006_daba4b1e9814,1600960620.0,True,True,9.639677516185532e-07,True,True,True,True,True,True,True,True,True,True,True,True,True,True,True,True
Model-guided constrained SAC,test_006_daba4b1e9814,301721597.0,True,True,9.045650282583436e-07,True,True,True,True,True,True,True,True,True,True,True,True,True,True,True,True
Model-guided constrained SAC,test_006_daba4b1e9814,554911178.0,True,True,9.71846941495104e-07,True,True,True,True,True,True,True,True,True,True,True,True,True,True,True,True
Model-guided constrained SAC,test_006_daba4b1e9814,1600960620.0,True,True,9.354210406243075e-07,True,True,True,True,True,True,True,True,True,True,True,True,True,True,True,True
Passive,test_007_925513ee8ec6,,True,True,9.970664311565906e-07,True,True,True,True,True,True,True,True,True,True,True,True,True,True,True,True
Reactive,test_007_925513ee8ec6,,True,True,9.654002197289923e-07,True,True,True,True,True,True,True,True,True,True,True,True,True,True,True,True
Projected stochastic MPC,test_007_925513ee8ec6,,True,True,9.80105423240071e-07,True,True,True,True,True,True,True,True,True,True,True,True,True,True,True,True
Behaviour cloning,test_007_925513ee8ec6,1409200687.0,True,True,9.766981775492062e-07,True,True,True,True,True,True,True,True,True,True,True,True,True,True,True,True
Behaviour cloning,test_007_925513ee8ec6,3018804584.0,True,True,8.900993196797047e-07,True,True,True,True,True,True,True,True,True,True,True,True,True,True,True,True
Behaviour cloning,test_007_925513ee8ec6,959653586.0,True,True,9.988491447251306e-07,True,True,True,True,True,True,True,True,True,True,True,True,True,True,True,True
PPO,test_007_925513ee8ec6,1694234878.0,True,True,9.962257034596653e-07,True,True,True,True,True,True,True,True,True,True,True,True,True,True,True,True
PPO,test_007_925513ee8ec6,1635820214.0,True,True,9.945166396099807e-07,True,True,True,True,True,True,True,True,True,True,True,True,True,True,True,True
PPO,test_007_925513ee8ec6,456241246.0,True,True,9.730250698599627e-07,True,True,True,True,True,True,True,True,True,True,True,True,True,True,True,True
Vanilla SAC,test_007_925513ee8ec6,3760190062.0,True,True,9.867820161084001e-07,True,True,True,True,True,True,True,True,True,True,True,True,True,True,True,True
Vanilla SAC,test_007_925513ee8ec6,3890281123.0,True,True,9.90088891126529e-07,True,True,True,True,True,True,True,True,True,True,True,True,True,True,True,True
Vanilla SAC,test_007_925513ee8ec6,4226533458.0,True,True,9.87179505718128e-07,True,True,True,True,True,True,True,True,True,True,True,True,True,True,True,True
Constrained SAC,test_007_925513ee8ec6,301721597.0,True,True,9.87300416562278e-07,True,True,True,True,True,True,True,True,True,True,True,True,True,True,True,True
Constrained SAC,test_007_925513ee8ec6,554911178.0,True,True,9.884930295383673e-07,True,True,True,True,True,True,True,True,True,True,True,True,True,True,True,True
Constrained SAC,test_007_925513ee8ec6,1600960620.0,True,True,9.894945357489842e-07,True,True,True,True,True,True,True,True,True,True,True,True,True,True,True,True
Model-guided constrained SAC,test_007_925513ee8ec6,301721597.0,True,True,9.832149167956603e-07,True,True,True,True,True,True,True,True,True,True,True,True,True,True,True,True
Model-guided constrained SAC,test_007_925513ee8ec6,554911178.0,True,True,9.874746997469804e-07,True,True,True,True,True,True,True,True,True,True,True,True,True,True,True,True
Model-guided constrained SAC,test_007_925513ee8ec6,1600960620.0,True,True,9.87346553495339e-07,True,True,True,True,True,True,True,True,True,True,True,True,True,True,True,True
Passive,test_008_fabe46a0ea00,,True,True,9.493585409658198e-07,True,True,True,True,True,True,True,True,True,True,True,True,True,True,True,True
Reactive,test_008_fabe46a0ea00,,True,True,9.818992665684836e-07,True,True,True,True,True,True,True,True,True,True,True,True,True,True,True,True
Projected stochastic MPC,test_008_fabe46a0ea00,,True,True,8.920856728493703e-07,True,True,True,True,True,True,True,True,True,True,True,True,True,True,True,True
Behaviour cloning,test_008_fabe46a0ea00,1409200687.0,True,True,9.149716620327447e-07,True,True,True,True,True,True,True,True,True,True,True,True,True,True,True,True
Behaviour cloning,test_008_fabe46a0ea00,3018804584.0,True,True,9.901052679404132e-07,True,True,True,True,True,True,True,True,True,True,True,True,True,True,True,True
Behaviour cloning,test_008_fabe46a0ea00,959653586.0,True,True,9.681874185228165e-07,True,True,True,True,True,True,True,True,True,True,True,True,True,True,True,True
PPO,test_008_fabe46a0ea00,1694234878.0,True,True,8.892779538287825e-07,True,True,True,True,True,True,True,True,True,True,True,True,True,True,True,True
PPO,test_008_fabe46a0ea00,1635820214.0,True,True,9.85535880999248e-07,True,True,True,True,True,True,True,True,True,True,True,True,True,True,True,True
PPO,test_008_fabe46a0ea00,456241246.0,True,True,9.143416923953833e-07,True,True,True,True,True,True,True,True,True,True,True,True,True,True,True,True
Vanilla SAC,test_008_fabe46a0ea00,3760190062.0,True,True,9.489836318756421e-07,True,True,True,True,True,True,True,True,True,True,True,True,True,True,True,True
Vanilla SAC,test_008_fabe46a0ea00,3890281123.0,True,True,9.49089168191611e-07,True,True,True,True,True,True,True,True,True,True,True,True,True,True,True,True
Vanilla SAC,test_008_fabe46a0ea00,4226533458.0,True,True,9.490441748730096e-07,True,True,True,True,True,True,True,True,True,True,True,True,True,True,True,True
Constrained SAC,test_008_fabe46a0ea00,301721597.0,True,True,9.490356294347406e-07,True,True,True,True,True,True,True,True,True,True,True,True,True,True,True,True
Constrained SAC,test_008_fabe46a0ea00,554911178.0,True,True,9.491446701468146e-07,True,True,True,True,True,True,True,True,True,True,True,True,True,True,True,True
Constrained SAC,test_008_fabe46a0ea00,1600960620.0,True,True,9.491365059239292e-07,True,True,True,True,True,True,True,True,True,True,True,True,True,True,True,True
Model-guided constrained SAC,test_008_fabe46a0ea00,301721597.0,True,True,9.252928481892978e-07,True,True,True,True,True,True,True,True,True,True,True,True,True,True,True,True
Model-guided constrained SAC,test_008_fabe46a0ea00,554911178.0,True,True,9.501847554707124e-07,True,True,True,True,True,True,True,True,True,True,True,True,True,True,True,True
Model-guided constrained SAC,test_008_fabe46a0ea00,1600960620.0,True,True,9.911864263253246e-07,True,True,True,True,True,True,True,True,True,True,True,True,True,True,True,True
Passive,test_009_c8ef87e47101,,True,True,9.892861397595878e-07,True,True,True,True,True,True,True,True,True,True,True,True,True,True,True,True
Reactive,test_009_c8ef87e47101,,True,True,9.515477649951533e-07,True,True,True,True,True,True,True,True,True,True,True,True,True,True,True,True
Projected stochastic MPC,test_009_c8ef87e47101,,True,True,9.759035871058578e-07,True,True,True,True,True,True,True,True,True,True,True,True,True,True,True,True
Behaviour cloning,test_009_c8ef87e47101,1409200687.0,True,True,9.634043305100695e-07,True,True,True,True,True,True,True,True,True,True,True,True,True,True,True,True
Behaviour cloning,test_009_c8ef87e47101,3018804584.0,True,True,9.453039080221065e-07,True,True,True,True,True,True,True,True,True,True,True,True,True,True,True,True
Behaviour cloning,test_009_c8ef87e47101,959653586.0,True,True,9.81825648508646e-07,True,True,True,True,True,True,True,True,True,True,True,True,True,True,True,True
PPO,test_009_c8ef87e47101,1694234878.0,True,True,9.831165214376963e-07,True,True,True,True,True,True,True,True,True,True,True,True,True,True,True,True
PPO,test_009_c8ef87e47101,1635820214.0,True,True,9.702155786809914e-07,True,True,True,True,True,True,True,True,True,True,True,True,True,True,True,True
PPO,test_009_c8ef87e47101,456241246.0,True,True,9.57970060855401e-07,True,True,True,True,True,True,True,True,True,True,True,True,True,True,True,True
Vanilla SAC,test_009_c8ef87e47101,3760190062.0,True,True,9.851120434130845e-07,True,True,True,True,True,True,True,True,True,True,True,True,True,True,True,True
Vanilla SAC,test_009_c8ef87e47101,3890281123.0,True,True,9.8643272237249e-07,True,True,True,True,True,True,True,True,True,True,True,True,True,True,True,True
Vanilla SAC,test_009_c8ef87e47101,4226533458.0,True,True,9.855144392725255e-07,True,True,True,True,True,True,True,True,True,True,True,True,True,True,True,True
Constrained SAC,test_009_c8ef87e47101,301721597.0,True,True,9.863109018126765e-07,True,True,True,True,True,True,True,True,True,True,True,True,True,True,True,True
Constrained SAC,test_009_c8ef87e47101,554911178.0,True,True,9.861888116376917e-07,True,True,True,True,True,True,True,True,True,True,True,True,True,True,True,True
Constrained SAC,test_009_c8ef87e47101,1600960620.0,True,True,9.864845803233455e-07,True,True,True,True,True,True,True,True,True,True,True,True,True,True,True,True
Model-guided constrained SAC,test_009_c8ef87e47101,301721597.0,True,True,9.974551731686626e-07,True,True,True,True,True,True,True,True,True,True,True,True,True,True,True,True
Model-guided constrained SAC,test_009_c8ef87e47101,554911178.0,True,True,9.778115614422415e-07,True,True,True,True,True,True,True,True,True,True,True,True,True,True,True,True
Model-guided constrained SAC,test_009_c8ef87e47101,1600960620.0,True,True,9.758348577691919e-07,True,True,True,True,True,True,True,True,True,True,True,True,True,True,True,True
Passive,test_010_613ab99db82c,,True,True,9.758874355877813e-07,True,True,True,True,True,True,True,True,True,True,True,True,True,True,True,True
Reactive,test_010_613ab99db82c,,True,True,9.839852353311858e-07,True,True,True,True,True,True,True,True,True,True,True,True,True,True,True,True
Projected stochastic MPC,test_010_613ab99db82c,,True,True,9.821896907185927e-07,True,True,True,True,True,True,True,True,True,True,True,True,True,True,True,True
Behaviour cloning,test_010_613ab99db82c,1409200687.0,True,True,9.951332872330892e-07,True,True,True,True,True,True,True,True,True,True,True,True,True,True,True,True
Behaviour cloning,test_010_613ab99db82c,3018804584.0,True,True,9.956766924752304e-07,True,True,True,True,True,True,True,True,True,True,True,True,True,True,True,True
Behaviour cloning,test_010_613ab99db82c,959653586.0,True,True,9.992641106116458e-07,True,True,True,True,True,True,True,True,True,True,True,True,True,True,True,True
PPO,test_010_613ab99db82c,1694234878.0,True,True,9.200101739069931e-07,True,True,True,True,True,True,True,True,True,True,True,True,True,True,True,True
PPO,test_010_613ab99db82c,1635820214.0,True,True,9.822184923674186e-07,True,True,True,True,True,True,True,True,True,True,True,True,True,True,True,True
PPO,test_010_613ab99db82c,456241246.0,True,True,9.457415890941488e-07,True,True,True,True,True,True,True,True,True,True,True,True,True,True,True,True
Vanilla SAC,test_010_613ab99db82c,3760190062.0,True,True,9.978735219184365e-07,True,True,True,True,True,True,True,True,True,True,True,True,True,True,True,True
Vanilla SAC,test_010_613ab99db82c,3890281123.0,True,True,9.905957221867433e-07,True,True,True,True,True,True,True,True,True,True,True,True,True,True,True,True
Vanilla SAC,test_010_613ab99db82c,4226533458.0,True,True,9.941821683185067e-07,True,True,True,True,True,True,True,True,True,True,True,True,True,True,True,True
Constrained SAC,test_010_613ab99db82c,301721597.0,True,True,9.858491072208618e-07,True,True,True,True,True,True,True,True,True,True,True,True,True,True,True,True
Constrained SAC,test_010_613ab99db82c,554911178.0,True,True,9.923368345286686e-07,True,True,True,True,True,True,True,True,True,True,True,True,True,True,True,True
Constrained SAC,test_010_613ab99db82c,1600960620.0,True,True,9.873286079919776e-07,True,True,True,True,True,True,True,True,True,True,True,True,True,True,True,True
Model-guided constrained SAC,test_010_613ab99db82c,301721597.0,True,True,9.880516696015073e-07,True,True,True,True,True,True,True,True,True,True,True,True,True,True,True,True
Model-guided constrained SAC,test_010_613ab99db82c,554911178.0,True,True,9.997420288062044e-07,True,True,True,True,True,True,True,True,True,True,True,True,True,True,True,True
Model-guided constrained SAC,test_010_613ab99db82c,1600960620.0,True,True,9.775406733517222e-07,True,True,True,True,True,True,True,True,True,True,True,True,True,True,True,True
Passive,test_011_8a2e74b38d5d,,True,True,9.61288248711315e-07,True,True,True,True,True,True,True,True,True,True,True,True,True,True,True,True
Reactive,test_011_8a2e74b38d5d,,True,True,8.901813379452756e-07,True,True,True,True,True,True,True,True,True,True,True,True,True,True,True,True
Projected stochastic MPC,test_011_8a2e74b38d5d,,True,True,9.089083808006563e-07,True,True,True,True,True,True,True,True,True,True,True,True,True,True,True,True
Behaviour cloning,test_011_8a2e74b38d5d,1409200687.0,True,True,9.624268760901742e-07,True,True,True,True,True,True,True,True,True,True,True,True,True,True,True,True
Behaviour cloning,test_011_8a2e74b38d5d,3018804584.0,True,True,9.80404238551157e-07,True,True,True,True,True,True,True,True,True,True,True,True,True,True,True,True
Behaviour cloning,test_011_8a2e74b38d5d,959653586.0,True,True,9.63608159649566e-07,True,True,True,True,True,True,True,True,True,True,True,True,True,True,True,True
PPO,test_011_8a2e74b38d5d,1694234878.0,True,True,9.682049329037465e-07,True,True,True,True,True,True,True,True,True,True,True,True,True,True,True,True
PPO,test_011_8a2e74b38d5d,1635820214.0,True,True,9.11434601985704e-07,True,True,True,True,True,True,True,True,True,True,True,True,True,True,True,True
PPO,test_011_8a2e74b38d5d,456241246.0,True,True,9.87525206492152e-07,True,True,True,True,True,True,True,True,True,True,True,True,True,True,True,True
Vanilla SAC,test_011_8a2e74b38d5d,3760190062.0,True,True,9.878841150926902e-07,True,True,True,True,True,True,True,True,True,True,True,True,True,True,True,True
Vanilla SAC,test_011_8a2e74b38d5d,3890281123.0,True,True,9.791044665134762e-07,True,True,True,True,True,True,True,True,True,True,True,True,True,True,True,True
Vanilla SAC,test_011_8a2e74b38d5d,4226533458.0,True,True,9.840810439376138e-07,True,True,True,True,True,True,True,True,True,True,True,True,True,True,True,True
Constrained SAC,test_011_8a2e74b38d5d,301721597.0,True,True,9.746236864799518e-07,True,True,True,True,True,True,True,True,True,True,True,True,True,True,True,True
Constrained SAC,test_011_8a2e74b38d5d,554911178.0,True,True,9.805620865905517e-07,True,True,True,True,True,True,True,True,True,True,True,True,True,True,True,True
Constrained SAC,test_011_8a2e74b38d5d,1600960620.0,True,True,9.755281122537818e-07,True,True,True,True,True,True,True,True,True,True,True,True,True,True,True,True
Model-guided constrained SAC,test_011_8a2e74b38d5d,301721597.0,True,True,9.791605746602425e-07,True,True,True,True,True,True,True,True,True,True,True,True,True,True,True,True
Model-guided constrained SAC,test_011_8a2e74b38d5d,554911178.0,True,True,9.494682337039133e-07,True,True,True,True,True,True,True,True,True,True,True,True,True,True,True,True
Model-guided constrained SAC,test_011_8a2e74b38d5d,1600960620.0,True,True,9.573323588681133e-07,True,True,True,True,True,True,True,True,True,True,True,True,True,True,True,True
Passive,test_012_b6bdc05b20a7,,True,True,9.93782426870573e-07,True,True,True,True,True,True,True,True,True,True,True,True,True,True,True,True
Reactive,test_012_b6bdc05b20a7,,True,True,9.921368668997399e-07,True,True,True,True,True,True,True,True,True,True,True,True,True,True,True,True
Projected stochastic MPC,test_012_b6bdc05b20a7,,True,True,9.937101383434198e-07,True,True,True,True,True,True,True,True,True,True,True,True,True,True,True,True
Behaviour cloning,test_012_b6bdc05b20a7,1409200687.0,True,True,9.9600124279106e-07,True,True,True,True,True,True,True,True,True,True,True,True,True,True,True,True
Behaviour cloning,test_012_b6bdc05b20a7,3018804584.0,True,True,9.434562451066296e-07,True,True,True,True,True,True,True,True,True,True,True,True,True,True,True,True
Behaviour cloning,test_012_b6bdc05b20a7,959653586.0,True,True,8.823943091991145e-07,True,True,True,True,True,True,True,True,True,True,True,True,True,True,True,True
PPO,test_012_b6bdc05b20a7,1694234878.0,True,True,9.954082490505784e-07,True,True,True,True,True,True,True,True,True,True,True,True,True,True,True,True
PPO,test_012_b6bdc05b20a7,1635820214.0,True,True,9.602268074513668e-07,True,True,True,True,True,True,True,True,True,True,True,True,True,True,True,True
PPO,test_012_b6bdc05b20a7,456241246.0,True,True,9.828915912386636e-07,True,True,True,True,True,True,True,True,True,True,True,True,True,True,True,True
Vanilla SAC,test_012_b6bdc05b20a7,3760190062.0,True,True,9.917415120028767e-07,True,True,True,True,True,True,True,True,True,True,True,True,True,True,True,True
Vanilla SAC,test_012_b6bdc05b20a7,3890281123.0,True,True,9.924116003653261e-07,True,True,True,True,True,True,True,True,True,True,True,True,True,True,True,True
Vanilla SAC,test_012_b6bdc05b20a7,4226533458.0,True,True,9.918923593030308e-07,True,True,True,True,True,True,True,True,True,True,True,True,True,True,True,True
Constrained SAC,test_012_b6bdc05b20a7,301721597.0,True,True,9.930020436218706e-07,True,True,True,True,True,True,True,True,True,True,True,True,True,True,True,True
Constrained SAC,test_012_b6bdc05b20a7,554911178.0,True,True,9.92868105151859e-07,True,True,True,True,True,True,True,True,True,True,True,True,True,True,True,True
Constrained SAC,test_012_b6bdc05b20a7,1600960620.0,True,True,9.9314795331783e-07,True,True,True,True,True,True,True,True,True,True,True,True,True,True,True,True
Model-guided constrained SAC,test_012_b6bdc05b20a7,301721597.0,True,True,9.629787124011129e-07,True,True,True,True,True,True,True,True,True,True,True,True,True,True,True,True
Model-guided constrained SAC,test_012_b6bdc05b20a7,554911178.0,True,True,9.926010809281848e-07,True,True,True,True,True,True,True,True,True,True,True,True,True,True,True,True
Model-guided constrained SAC,test_012_b6bdc05b20a7,1600960620.0,True,True,9.769959902305194e-07,True,True,True,True,True,True,True,True,True,True,True,True,True,True,True,True
Passive,test_013_040653995d85,,True,True,9.678252302049446e-07,True,True,True,True,True,True,True,True,True,True,True,True,True,True,True,True
Reactive,test_013_040653995d85,,True,True,9.88002794627076e-07,True,True,True,True,True,True,True,True,True,True,True,True,True,True,True,True
Projected stochastic MPC,test_013_040653995d85,,True,True,9.938931596703571e-07,True,True,True,True,True,True,True,True,True,True,True,True,True,True,True,True
Behaviour cloning,test_013_040653995d85,1409200687.0,True,True,9.894612154161602e-07,True,True,True,True,True,True,True,True,True,True,True,True,True,True,True,True
Behaviour cloning,test_013_040653995d85,3018804584.0,True,True,9.539683623651458e-07,True,True,True,True,True,True,True,True,True,True,True,True,True,True,True,True
Behaviour cloning,test_013_040653995d85,959653586.0,True,True,9.883358302496097e-07,True,True,True,True,True,True,True,True,True,True,True,True,True,True,True,True
PPO,test_013_040653995d85,1694234878.0,True,True,9.547793723144454e-07,True,True,True,True,True,True,True,True,True,True,True,True,True,True,True,True
PPO,test_013_040653995d85,1635820214.0,True,True,9.860536931949292e-07,True,True,True,True,True,True,True,True,True,True,True,True,True,True,True,True
PPO,test_013_040653995d85,456241246.0,True,True,9.708036381081464e-07,True,True,True,True,True,True,True,True,True,True,True,True,True,True,True,True
Vanilla SAC,test_013_040653995d85,3760190062.0,True,True,9.604322950692613e-07,True,True,True,True,True,True,True,True,True,True,True,True,True,True,True,True
Vanilla SAC,test_013_040653995d85,3890281123.0,True,True,9.625910568328526e-07,True,True,True,True,True,True,True,True,True,True,True,True,True,True,True,True
Vanilla SAC,test_013_040653995d85,4226533458.0,True,True,9.60726513378576e-07,True,True,True,True,True,True,True,True,True,True,True,True,True,True,True,True
Constrained SAC,test_013_040653995d85,301721597.0,True,True,9.611642129939798e-07,True,True,True,True,True,True,True,True,True,True,True,True,True,True,True,True
Constrained SAC,test_013_040653995d85,554911178.0,True,True,9.61557373422704e-07,True,True,True,True,True,True,True,True,True,True,True,True,True,True,True,True
Constrained SAC,test_013_040653995d85,1600960620.0,True,True,9.623743297105269e-07,True,True,True,True,True,True,True,True,True,True,True,True,True,True,True,True
Model-guided constrained SAC,test_013_040653995d85,301721597.0,True,True,9.92294810361195e-07,True,True,True,True,True,True,True,True,True,True,True,True,True,True,True,True
Model-guided constrained SAC,test_013_040653995d85,554911178.0,True,True,9.497863390620828e-07,True,True,True,True,True,True,True,True,True,True,True,True,True,True,True,True
Model-guided constrained SAC,test_013_040653995d85,1600960620.0,True,True,9.537532578876923e-07,True,True,True,True,True,True,True,True,True,True,True,True,True,True,True,True
Passive,test_014_f00647451070,,True,True,9.905066451658678e-07,True,True,True,True,True,True,True,True,True,True,True,True,True,True,True,True
Reactive,test_014_f00647451070,,True,True,9.452494767242268e-07,True,True,True,True,True,True,True,True,True,True,True,True,True,True,True,True
Projected stochastic MPC,test_014_f00647451070,,True,True,9.183308715558386e-07,True,True,True,True,True,True,True,True,True,True,True,True,True,True,True,True
Behaviour cloning,test_014_f00647451070,1409200687.0,True,True,9.730060784509585e-07,True,True,True,True,True,True,True,True,True,True,True,True,True,True,True,True
Behaviour cloning,test_014_f00647451070,3018804584.0,True,True,9.606255994297006e-07,True,True,True,True,True,True,True,True,True,True,True,True,True,True,True,True
Behaviour cloning,test_014_f00647451070,959653586.0,True,True,9.921050692861433e-07,True,True,True,True,True,True,True,True,True,True,True,True,True,True,True,True
PPO,test_014_f00647451070,1694234878.0,True,True,9.672752350905814e-07,True,True,True,True,True,True,True,True,True,True,True,True,True,True,True,True
PPO,test_014_f00647451070,1635820214.0,True,True,9.313633282809358e-07,True,True,True,True,True,True,True,True,True,True,True,True,True,True,True,True
PPO,test_014_f00647451070,456241246.0,True,True,9.980935203377694e-07,True,True,True,True,True,True,True,True,True,True,True,True,True,True,True,True
Vanilla SAC,test_014_f00647451070,3760190062.0,True,True,9.931345658660514e-07,True,True,True,True,True,True,True,True,True,True,True,True,True,True,True,True
Vanilla SAC,test_014_f00647451070,3890281123.0,True,True,9.98707737186393e-07,True,True,True,True,True,True,True,True,True,True,True,True,True,True,True,True
Vanilla SAC,test_014_f00647451070,4226533458.0,True,True,9.73811230959686e-07,True,True,True,True,True,True,True,True,True,True,True,True,True,True,True,True
Constrained SAC,test_014_f00647451070,301721597.0,True,True,9.73189670970804e-07,True,True,True,True,True,True,True,True,True,True,True,True,True,True,True,True
Constrained SAC,test_014_f00647451070,554911178.0,True,True,9.987134542632817e-07,True,True,True,True,True,True,True,True,True,True,True,True,True,True,True,True
Constrained SAC,test_014_f00647451070,1600960620.0,True,True,9.984866149052656e-07,True,True,True,True,True,True,True,True,True,True,True,True,True,True,True,True
Model-guided constrained SAC,test_014_f00647451070,301721597.0,True,True,9.788349550069344e-07,True,True,True,True,True,True,True,True,True,True,True,True,True,True,True,True
Model-guided constrained SAC,test_014_f00647451070,554911178.0,True,True,9.743200108335474e-07,True,True,True,True,True,True,True,True,True,True,True,True,True,True,True,True
Model-guided constrained SAC,test_014_f00647451070,1600960620.0,True,True,9.7872013848617e-07,True,True,True,True,True,True,True,True,True,True,True,True,True,True,True,True
Passive,test_015_643a837775f9,,True,True,9.530112124582732e-07,True,True,True,True,True,True,True,True,True,True,True,True,True,True,True,True
Reactive,test_015_643a837775f9,,True,True,9.881206891165114e-07,True,True,True,True,True,True,True,True,True,True,True,True,True,True,True,True
Projected stochastic MPC,test_015_643a837775f9,,True,True,9.953237043254451e-07,True,True,True,True,True,True,True,True,True,True,True,True,True,True,True,True
Behaviour cloning,test_015_643a837775f9,1409200687.0,True,True,9.79978839631702e-07,True,True,True,True,True,True,True,True,True,True,True,True,True,True,True,True
Behaviour cloning,test_015_643a837775f9,3018804584.0,True,True,9.714525306119143e-07,True,True,True,True,True,True,True,True,True,True,True,True,True,True,True,True
Behaviour cloning,test_015_643a837775f9,959653586.0,True,True,9.78608818095819e-07,True,True,True,True,True,True,True,True,True,True,True,True,True,True,True,True
PPO,test_015_643a837775f9,1694234878.0,True,True,9.559698180979253e-07,True,True,True,True,True,True,True,True,True,True,True,True,True,True,True,True
PPO,test_015_643a837775f9,1635820214.0,True,True,9.396552478485434e-07,True,True,True,True,True,True,True,True,True,True,True,True,True,True,True,True
PPO,test_015_643a837775f9,456241246.0,True,True,9.564527442111558e-07,True,True,True,True,True,True,True,True,True,True,True,True,True,True,True,True
Vanilla SAC,test_015_643a837775f9,3760190062.0,True,True,9.571859577339307e-07,True,True,True,True,True,True,True,True,True,True,True,True,True,True,True,True
Vanilla SAC,test_015_643a837775f9,3890281123.0,True,True,9.55516583392518e-07,True,True,True,True,True,True,True,True,True,True,True,True,True,True,True,True
Vanilla SAC,test_015_643a837775f9,4226533458.0,True,True,9.581511370304287e-07,True,True,True,True,True,True,True,True,True,True,True,True,True,True,True,True
Constrained SAC,test_015_643a837775f9,301721597.0,True,True,9.55391035510704e-07,True,True,True,True,True,True,True,True,True,True,True,True,True,True,True,True
Constrained SAC,test_015_643a837775f9,554911178.0,True,True,9.553967339635318e-07,True,True,True,True,True,True,True,True,True,True,True,True,True,True,True,True
Constrained SAC,test_015_643a837775f9,1600960620.0,True,True,9.546402260900497e-07,True,True,True,True,True,True,True,True,True,True,True,True,True,True,True,True
Model-guided constrained SAC,test_015_643a837775f9,301721597.0,True,True,9.264385135229603e-07,True,True,True,True,True,True,True,True,True,True,True,True,True,True,True,True
Model-guided constrained SAC,test_015_643a837775f9,554911178.0,True,True,9.890024974939492e-07,True,True,True,True,True,True,True,True,True,True,True,True,True,True,True,True
Model-guided constrained SAC,test_015_643a837775f9,1600960620.0,True,True,9.314004022045308e-07,True,True,True,True,True,True,True,True,True,True,True,True,True,True,True,True
Passive,test_016_45a90ccef8bd,,True,True,9.695161509552523e-07,True,True,True,True,True,True,True,True,True,True,True,True,True,True,True,True
Reactive,test_016_45a90ccef8bd,,True,True,9.84075016997711e-07,True,True,True,True,True,True,True,True,True,True,True,True,True,True,True,True
Projected stochastic MPC,test_016_45a90ccef8bd,,True,True,9.803859852721903e-07,True,True,True,True,True,True,True,True,True,True,True,True,True,True,True,True
Behaviour cloning,test_016_45a90ccef8bd,1409200687.0,True,True,9.251717478696403e-07,True,True,True,True,True,True,True,True,True,True,True,True,True,True,True,True
Behaviour cloning,test_016_45a90ccef8bd,3018804584.0,True,True,9.89588550669463e-07,True,True,True,True,True,True,True,True,True,True,True,True,True,True,True,True
Behaviour cloning,test_016_45a90ccef8bd,959653586.0,True,True,9.410408661456147e-07,True,True,True,True,True,True,True,True,True,True,True,True,True,True,True,True
PPO,test_016_45a90ccef8bd,1694234878.0,True,True,9.495337985221603e-07,True,True,True,True,True,True,True,True,True,True,True,True,True,True,True,True
PPO,test_016_45a90ccef8bd,1635820214.0,True,True,9.692460409774336e-07,True,True,True,True,True,True,True,True,True,True,True,True,True,True,True,True
PPO,test_016_45a90ccef8bd,456241246.0,True,True,9.712795352749936e-07,True,True,True,True,True,True,True,True,True,True,True,True,True,True,True,True
Vanilla SAC,test_016_45a90ccef8bd,3760190062.0,True,True,9.645270598211314e-07,True,True,True,True,True,True,True,True,True,True,True,True,True,True,True,True
Vanilla SAC,test_016_45a90ccef8bd,3890281123.0,True,True,9.661099214689537e-07,True,True,True,True,True,True,True,True,True,True,True,True,True,True,True,True
Vanilla SAC,test_016_45a90ccef8bd,4226533458.0,True,True,9.649775906395576e-07,True,True,True,True,True,True,True,True,True,True,True,True,True,True,True,True
Constrained SAC,test_016_45a90ccef8bd,301721597.0,True,True,9.656719747760386e-07,True,True,True,True,True,True,True,True,True,True,True,True,True,True,True,True
Constrained SAC,test_016_45a90ccef8bd,554911178.0,True,True,9.657288673071588e-07,True,True,True,True,True,True,True,True,True,True,True,True,True,True,True,True
Constrained SAC,test_016_45a90ccef8bd,1600960620.0,True,True,9.660915757575373e-07,True,True,True,True,True,True,True,True,True,True,True,True,True,True,True,True
Model-guided constrained SAC,test_016_45a90ccef8bd,301721597.0,True,True,9.634315583955187e-07,True,True,True,True,True,True,True,True,True,True,True,True,True,True,True,True
Model-guided constrained SAC,test_016_45a90ccef8bd,554911178.0,True,True,9.53942189826614e-07,True,True,True,True,True,True,True,True,True,True,True,True,True,True,True,True
Model-guided constrained SAC,test_016_45a90ccef8bd,1600960620.0,True,True,9.492256554161627e-07,True,True,True,True,True,True,True,True,True,True,True,True,True,True,True,True
Passive,test_017_ebd333a3cdba,,True,True,9.843302621538683e-07,True,True,True,True,True,True,True,True,True,True,True,True,True,True,True,True
Reactive,test_017_ebd333a3cdba,,True,True,9.55781246335555e-07,True,True,True,True,True,True,True,True,True,True,True,True,True,True,True,True
Projected stochastic MPC,test_017_ebd333a3cdba,,True,True,9.996325308414573e-07,True,True,True,True,True,True,True,True,True,True,True,True,True,True,True,True
Behaviour cloning,test_017_ebd333a3cdba,1409200687.0,True,True,9.912795961848724e-07,True,True,True,True,True,True,True,True,True,True,True,True,True,True,True,True
Behaviour cloning,test_017_ebd333a3cdba,3018804584.0,True,True,9.890812963268862e-07,True,True,True,True,True,True,True,True,True,True,True,True,True,True,True,True
Behaviour cloning,test_017_ebd333a3cdba,959653586.0,True,True,9.969969494226696e-07,True,True,True,True,True,True,True,True,True,True,True,True,True,True,True,True
PPO,test_017_ebd333a3cdba,1694234878.0,True,True,9.467250595624544e-07,True,True,True,True,True,True,True,True,True,True,True,True,True,True,True,True
PPO,test_017_ebd333a3cdba,1635820214.0,True,True,9.415056488160826e-07,True,True,True,True,True,True,True,True,True,True,True,True,True,True,True,True
PPO,test_017_ebd333a3cdba,456241246.0,True,True,9.697577257592095e-07,True,True,True,True,True,True,True,True,True,True,True,True,True,True,True,True
Vanilla SAC,test_017_ebd333a3cdba,3760190062.0,True,True,9.893899762362907e-07,True,True,True,True,True,True,True,True,True,True,True,True,True,True,True,True
Vanilla SAC,test_017_ebd333a3cdba,3890281123.0,True,True,9.878100677160216e-07,True,True,True,True,True,True,True,True,True,True,True,True,True,True,True,True
Vanilla SAC,test_017_ebd333a3cdba,4226533458.0,True,True,9.896386712027035e-07,True,True,True,True,True,True,True,True,True,True,True,True,True,True,True,True
Constrained SAC,test_017_ebd333a3cdba,301721597.0,True,True,9.859671080781274e-07,True,True,True,True,True,True,True,True,True,True,True,True,True,True,True,True
Constrained SAC,test_017_ebd333a3cdba,554911178.0,True,True,9.86224538858138e-07,True,True,True,True,True,True,True,True,True,True,True,True,True,True,True,True
Constrained SAC,test_017_ebd333a3cdba,1600960620.0,True,True,9.854654770019924e-07,True,True,True,True,True,True,True,True,True,True,True,True,True,True,True,True
Model-guided constrained SAC,test_017_ebd333a3cdba,301721597.0,True,True,9.660182457102926e-07,True,True,True,True,True,True,True,True,True,True,True,True,True,True,True,True
Model-guided constrained SAC,test_017_ebd333a3cdba,554911178.0,True,True,8.844232697140341e-07,True,True,True,True,True,True,True,True,True,True,True,True,True,True,True,True
Model-guided constrained SAC,test_017_ebd333a3cdba,1600960620.0,True,True,8.818346934233435e-07,True,True,True,True,True,True,True,True,True,True,True,True,True,True,True,True
Passive,test_018_9466cee538c9,,True,True,9.155293864189705e-07,True,True,True,True,True,True,True,True,True,True,True,True,True,True,True,True
Reactive,test_018_9466cee538c9,,True,True,9.498366887964546e-07,True,True,True,True,True,True,True,True,True,True,True,True,True,True,True,True
Projected stochastic MPC,test_018_9466cee538c9,,True,True,9.740349851934177e-07,True,True,True,True,True,True,True,True,True,True,True,True,True,True,True,True
Behaviour cloning,test_018_9466cee538c9,1409200687.0,True,True,9.978370575206121e-07,True,True,True,True,True,True,True,True,True,True,True,True,True,True,True,True
Behaviour cloning,test_018_9466cee538c9,3018804584.0,True,True,9.839501490299063e-07,True,True,True,True,True,True,True,True,True,True,True,True,True,True,True,True
Behaviour cloning,test_018_9466cee538c9,959653586.0,True,True,9.593577095043275e-07,True,True,True,True,True,True,True,True,True,True,True,True,True,True,True,True
PPO,test_018_9466cee538c9,1694234878.0,True,True,9.427436403499478e-07,True,True,True,True,True,True,True,True,True,True,True,True,True,True,True,True
PPO,test_018_9466cee538c9,1635820214.0,True,True,9.875677978903056e-07,True,True,True,True,True,True,True,True,True,True,True,True,True,True,True,True
PPO,test_018_9466cee538c9,456241246.0,True,True,9.443910994949637e-07,True,True,True,True,True,True,True,True,True,True,True,True,True,True,True,True
Vanilla SAC,test_018_9466cee538c9,3760190062.0,True,True,9.985710488173045e-07,True,True,True,True,True,True,True,True,True,True,True,True,True,True,True,True
Vanilla SAC,test_018_9466cee538c9,3890281123.0,True,True,9.15738285793249e-07,True,True,True,True,True,True,True,True,True,True,True,True,True,True,True,True
Vanilla SAC,test_018_9466cee538c9,4226533458.0,True,True,9.56255665611932e-07,True,True,True,True,True,True,True,True,True,True,True,True,True,True,True,True
Constrained SAC,test_018_9466cee538c9,301721597.0,True,True,9.160734547489514e-07,True,True,True,True,True,True,True,True,True,True,True,True,True,True,True,True
Constrained SAC,test_018_9466cee538c9,554911178.0,True,True,9.244986968279071e-07,True,True,True,True,True,True,True,True,True,True,True,True,True,True,True,True
Constrained SAC,test_018_9466cee538c9,1600960620.0,True,True,9.159283470025542e-07,True,True,True,True,True,True,True,True,True,True,True,True,True,True,True,True
Model-guided constrained SAC,test_018_9466cee538c9,301721597.0,True,True,9.268066488144283e-07,True,True,True,True,True,True,True,True,True,True,True,True,True,True,True,True
Model-guided constrained SAC,test_018_9466cee538c9,554911178.0,True,True,9.97131671915879e-07,True,True,True,True,True,True,True,True,True,True,True,True,True,True,True,True
Model-guided constrained SAC,test_018_9466cee538c9,1600960620.0,True,True,9.576097077192228e-07,True,True,True,True,True,True,True,True,True,True,True,True,True,True,True,True
Passive,test_019_9d2b7462a57a,,True,True,9.008269851453054e-07,True,True,True,True,True,True,True,True,True,True,True,True,True,True,True,True
Reactive,test_019_9d2b7462a57a,,True,True,9.8083530200951e-07,True,True,True,True,True,True,True,True,True,True,True,True,True,True,True,True
Projected stochastic MPC,test_019_9d2b7462a57a,,True,True,9.452242885337249e-07,True,True,True,True,True,True,True,True,True,True,True,True,True,True,True,True
Behaviour cloning,test_019_9d2b7462a57a,1409200687.0,True,True,9.847086421880698e-07,True,True,True,True,True,True,True,True,True,True,True,True,True,True,True,True
Behaviour cloning,test_019_9d2b7462a57a,3018804584.0,True,True,9.683863299381288e-07,True,True,True,True,True,True,True,True,True,True,True,True,True,True,True,True
Behaviour cloning,test_019_9d2b7462a57a,959653586.0,True,True,9.806798912161052e-07,True,True,True,True,True,True,True,True,True,True,True,True,True,True,True,True
PPO,test_019_9d2b7462a57a,1694234878.0,True,True,9.347752473724349e-07,True,True,True,True,True,True,True,True,True,True,True,True,True,True,True,True
PPO,test_019_9d2b7462a57a,1635820214.0,True,True,9.921467525030007e-07,True,True,True,True,True,True,True,True,True,True,True,True,True,True,True,True
PPO,test_019_9d2b7462a57a,456241246.0,True,True,9.59037654247488e-07,True,True,True,True,True,True,True,True,True,True,True,True,True,True,True,True
Vanilla SAC,test_019_9d2b7462a57a,3760190062.0,True,True,9.046779533836302e-07,True,True,True,True,True,True,True,True,True,True,True,True,True,True,True,True
Vanilla SAC,test_019_9d2b7462a57a,3890281123.0,True,True,9.034565213387061e-07,True,True,True,True,True,True,True,True,True,True,True,True,True,True,True,True
Vanilla SAC,test_019_9d2b7462a57a,4226533458.0,True,True,9.045892127025511e-07,True,True,True,True,True,True,True,True,True,True,True,True,True,True,True,True
Constrained SAC,test_019_9d2b7462a57a,301721597.0,True,True,9.054570417661376e-07,True,True,True,True,True,True,True,True,True,True,True,True,True,True,True,True
Constrained SAC,test_019_9d2b7462a57a,554911178.0,True,True,9.039817372140538e-07,True,True,True,True,True,True,True,True,True,True,True,True,True,True,True,True
Constrained SAC,test_019_9d2b7462a57a,1600960620.0,True,True,9.036850565263021e-07,True,True,True,True,True,True,True,True,True,True,True,True,True,True,True,True
Model-guided constrained SAC,test_019_9d2b7462a57a,301721597.0,True,True,9.864180848242735e-07,True,True,True,True,True,True,True,True,True,True,True,True,True,True,True,True
Model-guided constrained SAC,test_019_9d2b7462a57a,554911178.0,True,True,9.496180866412824e-07,True,True,True,True,True,True,True,True,True,True,True,True,True,True,True,True
Model-guided constrained SAC,test_019_9d2b7462a57a,1600960620.0,True,True,9.479885689778358e-07,True,True,True,True,True,True,True,True,True,True,True,True,True,True,True,True
Passive,test_020_701c8d28bc45,,True,True,9.949756229046505e-07,True,True,True,True,True,True,True,True,True,True,True,True,True,True,True,True
Reactive,test_020_701c8d28bc45,,True,True,9.768590620828602e-07,True,True,True,True,True,True,True,True,True,True,True,True,True,True,True,True
Projected stochastic MPC,test_020_701c8d28bc45,,True,True,9.313500256149483e-07,True,True,True,True,True,True,True,True,True,True,True,True,True,True,True,True
Behaviour cloning,test_020_701c8d28bc45,1409200687.0,True,True,8.690870737116236e-07,True,True,True,True,True,True,True,True,True,True,True,True,True,True,True,True
Behaviour cloning,test_020_701c8d28bc45,3018804584.0,True,True,9.860035507726835e-07,True,True,True,True,True,True,True,True,True,True,True,True,True,True,True,True
Behaviour cloning,test_020_701c8d28bc45,959653586.0,True,True,9.57280239212302e-07,True,True,True,True,True,True,True,True,True,True,True,True,True,True,True,True
PPO,test_020_701c8d28bc45,1694234878.0,True,True,9.987614882006226e-07,True,True,True,True,True,True,True,True,True,True,True,True,True,True,True,True
PPO,test_020_701c8d28bc45,1635820214.0,True,True,9.479345634449218e-07,True,True,True,True,True,True,True,True,True,True,True,True,True,True,True,True
PPO,test_020_701c8d28bc45,456241246.0,True,True,9.699678327715204e-07,True,True,True,True,True,True,True,True,True,True,True,True,True,True,True,True
Vanilla SAC,test_020_701c8d28bc45,3760190062.0,True,True,9.94040811919676e-07,True,True,True,True,True,True,True,True,True,True,True,True,True,True,True,True
Vanilla SAC,test_020_701c8d28bc45,3890281123.0,True,True,9.943931411746027e-07,True,True,True,True,True,True,True,True,True,True,True,True,True,True,True,True
Vanilla SAC,test_020_701c8d28bc45,4226533458.0,True,True,9.939006339250246e-07,True,True,True,True,True,True,True,True,True,True,True,True,True,True,True,True
Constrained SAC,test_020_701c8d28bc45,301721597.0,True,True,9.950289816657755e-07,True,True,True,True,True,True,True,True,True,True,True,True,True,True,True,True
Constrained SAC,test_020_701c8d28bc45,554911178.0,True,True,9.943727869512105e-07,True,True,True,True,True,True,True,True,True,True,True,True,True,True,True,True
Constrained SAC,test_020_701c8d28bc45,1600960620.0,True,True,9.947934883573269e-07,True,True,True,True,True,True,True,True,True,True,True,True,True,True,True,True
Model-guided constrained SAC,test_020_701c8d28bc45,301721597.0,True,True,9.665323729397643e-07,True,True,True,True,True,True,True,True,True,True,True,True,True,True,True,True
Model-guided constrained SAC,test_020_701c8d28bc45,554911178.0,True,True,9.657601651517065e-07,True,True,True,True,True,True,True,True,True,True,True,True,True,True,True,True
Model-guided constrained SAC,test_020_701c8d28bc45,1600960620.0,True,True,9.653672894910368e-07,True,True,True,True,True,True,True,True,True,True,True,True,True,True,True,True
Passive,test_021_69299bc5d0bf,,True,True,9.895900737702106e-07,True,True,True,True,True,True,True,True,True,True,True,True,True,True,True,True
Reactive,test_021_69299bc5d0bf,,True,True,9.495142455046849e-07,True,True,True,True,True,True,True,True,True,True,True,True,True,True,True,True
Projected stochastic MPC,test_021_69299bc5d0bf,,True,True,9.459814098872579e-07,True,True,True,True,True,True,True,True,True,True,True,True,True,True,True,True
Behaviour cloning,test_021_69299bc5d0bf,1409200687.0,True,True,9.211514033479493e-07,True,True,True,True,True,True,True,True,True,True,True,True,True,True,True,True
Behaviour cloning,test_021_69299bc5d0bf,3018804584.0,True,True,9.129014076275584e-07,True,True,True,True,True,True,True,True,True,True,True,True,True,True,True,True
Behaviour cloning,test_021_69299bc5d0bf,959653586.0,True,True,9.494278590657576e-07,True,True,True,True,True,True,True,True,True,True,True,True,True,True,True,True
PPO,test_021_69299bc5d0bf,1694234878.0,True,True,9.907915164819861e-07,True,True,True,True,True,True,True,True,True,True,True,True,True,True,True,True
PPO,test_021_69299bc5d0bf,1635820214.0,True,True,9.485125558162723e-07,True,True,True,True,True,True,True,True,True,True,True,True,True,True,True,True
PPO,test_021_69299bc5d0bf,456241246.0,True,True,9.691162993937241e-07,True,True,True,True,True,True,True,True,True,True,True,True,True,True,True,True
Vanilla SAC,test_021_69299bc5d0bf,3760190062.0,True,True,9.90848247588058e-07,True,True,True,True,True,True,True,True,True,True,True,True,True,True,True,True
Vanilla SAC,test_021_69299bc5d0bf,3890281123.0,True,True,9.90202263324448e-07,True,True,True,True,True,True,True,True,True,True,True,True,True,True,True,True
Vanilla SAC,test_021_69299bc5d0bf,4226533458.0,True,True,9.901736380476557e-07,True,True,True,True,True,True,True,True,True,True,True,True,True,True,True,True
Constrained SAC,test_021_69299bc5d0bf,301721597.0,True,True,9.917921664927813e-07,True,True,True,True,True,True,True,True,True,True,True,True,True,True,True,True
Constrained SAC,test_021_69299bc5d0bf,554911178.0,True,True,9.915276003417504e-07,True,True,True,True,True,True,True,True,True,True,True,True,True,True,True,True
Constrained SAC,test_021_69299bc5d0bf,1600960620.0,True,True,9.904499761279434e-07,True,True,True,True,True,True,True,True,True,True,True,True,True,True,True,True
Model-guided constrained SAC,test_021_69299bc5d0bf,301721597.0,True,True,9.917921664927813e-07,True,True,True,True,True,True,True,True,True,True,True,True,True,True,True,True
Model-guided constrained SAC,test_021_69299bc5d0bf,554911178.0,True,True,9.915276003417504e-07,True,True,True,True,True,True,True,True,True,True,True,True,True,True,True,True
Model-guided constrained SAC,test_021_69299bc5d0bf,1600960620.0,True,True,9.904499761279434e-07,True,True,True,True,True,True,True,True,True,True,True,True,True,True,True,True
Passive,test_022_1b3e72c80b5f,,True,True,9.483369872137851e-07,True,True,True,True,True,True,True,True,True,True,True,True,True,True,True,True
Reactive,test_022_1b3e72c80b5f,,True,True,9.285957055465307e-07,True,True,True,True,True,True,True,True,True,True,True,True,True,True,True,True
Projected stochastic MPC,test_022_1b3e72c80b5f,,True,True,9.426409965742424e-07,True,True,True,True,True,True,True,True,True,True,True,True,True,True,True,True
Behaviour cloning,test_022_1b3e72c80b5f,1409200687.0,True,True,9.767818770994056e-07,True,True,True,True,True,True,True,True,True,True,True,True,True,True,True,True
Behaviour cloning,test_022_1b3e72c80b5f,3018804584.0,True,True,9.623300585086897e-07,True,True,True,True,True,True,True,True,True,True,True,True,True,True,True,True
Behaviour cloning,test_022_1b3e72c80b5f,959653586.0,True,True,9.50445292145523e-07,True,True,True,True,True,True,True,True,True,True,True,True,True,True,True,True
PPO,test_022_1b3e72c80b5f,1694234878.0,True,True,9.427719779041038e-07,True,True,True,True,True,True,True,True,True,True,True,True,True,True,True,True
PPO,test_022_1b3e72c80b5f,1635820214.0,True,True,9.865875820686157e-07,True,True,True,True,True,True,True,True,True,True,True,True,True,True,True,True
PPO,test_022_1b3e72c80b5f,456241246.0,True,True,9.31016444224182e-07,True,True,True,True,True,True,True,True,True,True,True,True,True,True,True,True
Vanilla SAC,test_022_1b3e72c80b5f,3760190062.0,True,True,9.484964231191026e-07,True,True,True,True,True,True,True,True,True,True,True,True,True,True,True,True
Vanilla SAC,test_022_1b3e72c80b5f,3890281123.0,True,True,9.483950623158174e-07,True,True,True,True,True,True,True,True,True,True,True,True,True,True,True,True
Vanilla SAC,test_022_1b3e72c80b5f,4226533458.0,True,True,9.484822809436892e-07,True,True,True,True,True,True,True,True,True,True,True,True,True,True,True,True
Constrained SAC,test_022_1b3e72c80b5f,301721597.0,True,True,9.481288641082237e-07,True,True,True,True,True,True,True,True,True,True,True,True,True,True,True,True
Constrained SAC,test_022_1b3e72c80b5f,554911178.0,True,True,9.482672467981028e-07,True,True,True,True,True,True,True,True,True,True,True,True,True,True,True,True
Constrained SAC,test_022_1b3e72c80b5f,1600960620.0,True,True,9.481752528237432e-07,True,True,True,True,True,True,True,True,True,True,True,True,True,True,True,True
Model-guided constrained SAC,test_022_1b3e72c80b5f,301721597.0,True,True,9.934805798694436e-07,True,True,True,True,True,True,True,True,True,True,True,True,True,True,True,True
Model-guided constrained SAC,test_022_1b3e72c80b5f,554911178.0,True,True,9.97595973808876e-07,True,True,True,True,True,True,True,True,True,True,True,True,True,True,True,True
Model-guided constrained SAC,test_022_1b3e72c80b5f,1600960620.0,True,True,9.953639989739806e-07,True,True,True,True,True,True,True,True,True,True,True,True,True,True,True,True
Passive,test_023_90a8af416c5a,,True,True,9.599475519232214e-07,True,True,True,True,True,True,True,True,True,True,True,True,True,True,True,True
Reactive,test_023_90a8af416c5a,,True,True,9.724537127014771e-07,True,True,True,True,True,True,True,True,True,True,True,True,True,True,True,True
Projected stochastic MPC,test_023_90a8af416c5a,,True,True,9.925782517768171e-07,True,True,True,True,True,True,True,True,True,True,True,True,True,True,True,True
Behaviour cloning,test_023_90a8af416c5a,1409200687.0,True,True,9.687577403081042e-07,True,True,True,True,True,True,True,True,True,True,True,True,True,True,True,True
Behaviour cloning,test_023_90a8af416c5a,3018804584.0,True,True,9.400898610523777e-07,True,True,True,True,True,True,True,True,True,True,True,True,True,True,True,True
Behaviour cloning,test_023_90a8af416c5a,959653586.0,True,True,9.605820171157244e-07,True,True,True,True,True,True,True,True,True,True,True,True,True,True,True,True
PPO,test_023_90a8af416c5a,1694234878.0,True,True,9.423411679248435e-07,True,True,True,True,True,True,True,True,True,True,True,True,True,True,True,True
PPO,test_023_90a8af416c5a,1635820214.0,True,True,9.488609686311159e-07,True,True,True,True,True,True,True,True,True,True,True,True,True,True,True,True
PPO,test_023_90a8af416c5a,456241246.0,True,True,9.425383044011456e-07,True,True,True,True,True,True,True,True,True,True,True,True,True,True,True,True
Vanilla SAC,test_023_90a8af416c5a,3760190062.0,True,True,9.520278926982812e-07,True,True,True,True,True,True,True,True,True,True,True,True,True,True,True,True
Vanilla SAC,test_023_90a8af416c5a,3890281123.0,True,True,9.517307348119937e-07,True,True,True,True,True,True,True,True,True,True,True,True,True,True,True,True
Vanilla SAC,test_023_90a8af416c5a,4226533458.0,True,True,9.80713264774295e-07,True,True,True,True,True,True,True,True,True,True,True,True,True,True,True,True
Constrained SAC,test_023_90a8af416c5a,301721597.0,True,True,9.797287379828573e-07,True,True,True,True,True,True,True,True,True,True,True,True,True,True,True,True
Constrained SAC,test_023_90a8af416c5a,554911178.0,True,True,9.516712120053494e-07,True,True,True,True,True,True,True,True,True,True,True,True,True,True,True,True
Constrained SAC,test_023_90a8af416c5a,1600960620.0,True,True,9.514739073713176e-07,True,True,True,True,True,True,True,True,True,True,True,True,True,True,True,True
Model-guided constrained SAC,test_023_90a8af416c5a,301721597.0,True,True,9.797287379828573e-07,True,True,True,True,True,True,True,True,True,True,True,True,True,True,True,True
Model-guided constrained SAC,test_023_90a8af416c5a,554911178.0,True,True,9.903337655126125e-07,True,True,True,True,True,True,True,True,True,True,True,True,True,True,True,True
Model-guided constrained SAC,test_023_90a8af416c5a,1600960620.0,True,True,9.455680027888565e-07,True,True,True,True,True,True,True,True,True,True,True,True,True,True,True,True
Passive,test_024_e90f261f99e2,,True,True,9.635399767865704e-07,True,True,True,True,True,True,True,True,True,True,True,True,True,True,True,True
Reactive,test_024_e90f261f99e2,,True,True,9.889172420766707e-07,True,True,True,True,True,True,True,True,True,True,True,True,True,True,True,True
Projected stochastic MPC,test_024_e90f261f99e2,,True,True,9.960506432701555e-07,True,True,True,True,True,True,True,True,True,True,True,True,True,True,True,True
Behaviour cloning,test_024_e90f261f99e2,1409200687.0,True,True,9.937626142685415e-07,True,True,True,True,True,True,True,True,True,True,True,True,True,True,True,True
Behaviour cloning,test_024_e90f261f99e2,3018804584.0,True,True,9.615723097552187e-07,True,True,True,True,True,True,True,True,True,True,True,True,True,True,True,True
Behaviour cloning,test_024_e90f261f99e2,959653586.0,True,True,9.179868503513575e-07,True,True,True,True,True,True,True,True,True,True,True,True,True,True,True,True
PPO,test_024_e90f261f99e2,1694234878.0,True,True,9.104835901949981e-07,True,True,True,True,True,True,True,True,True,True,True,True,True,True,True,True
PPO,test_024_e90f261f99e2,1635820214.0,True,True,9.760045075426453e-07,True,True,True,True,True,True,True,True,True,True,True,True,True,True,True,True
PPO,test_024_e90f261f99e2,456241246.0,True,True,9.71020738873708e-07,True,True,True,True,True,True,True,True,True,True,True,True,True,True,True,True
Vanilla SAC,test_024_e90f261f99e2,3760190062.0,True,True,9.771685973250712e-07,True,True,True,True,True,True,True,True,True,True,True,True,True,True,True,True
Vanilla SAC,test_024_e90f261f99e2,3890281123.0,True,True,9.964913157458683e-07,True,True,True,True,True,True,True,True,True,True,True,True,True,True,True,True
Vanilla SAC,test_024_e90f261f99e2,4226533458.0,True,True,9.763297018509292e-07,True,True,True,True,True,True,True,True,True,True,True,True,True,True,True,True
Constrained SAC,test_024_e90f261f99e2,301721597.0,True,True,9.75790478233386e-07,True,True,True,True,True,True,True,True,True,True,True,True,True,True,True,True
Constrained SAC,test_024_e90f261f99e2,554911178.0,True,True,9.804911016978685e-07,True,True,True,True,True,True,True,True,True,True,True,True,True,True,True,True
Constrained SAC,test_024_e90f261f99e2,1600960620.0,True,True,9.881005293564535e-07,True,True,True,True,True,True,True,True,True,True,True,True,True,True,True,True
Model-guided constrained SAC,test_024_e90f261f99e2,301721597.0,True,True,9.982197366513148e-07,True,True,True,True,True,True,True,True,True,True,True,True,True,True,True,True
Model-guided constrained SAC,test_024_e90f261f99e2,554911178.0,True,True,9.936388419976846e-07,True,True,True,True,True,True,True,True,True,True,True,True,True,True,True,True
Model-guided constrained SAC,test_024_e90f261f99e2,1600960620.0,True,True,9.384359242400984e-07,True,True,True,True,True,True,True,True,True,True,True,True,True,True,True,True
Passive,test_025_0c3eeaae0824,,True,True,9.135426376876221e-07,True,True,True,True,True,True,True,True,True,True,True,True,True,True,True,True
Reactive,test_025_0c3eeaae0824,,True,True,9.529290905684891e-07,True,True,True,True,True,True,True,True,True,True,True,True,True,True,True,True
Projected stochastic MPC,test_025_0c3eeaae0824,,True,True,9.666561342390917e-07,True,True,True,True,True,True,True,True,True,True,True,True,True,True,True,True
Behaviour cloning,test_025_0c3eeaae0824,1409200687.0,True,True,9.541110332600082e-07,True,True,True,True,True,True,True,True,True,True,True,True,True,True,True,True
Behaviour cloning,test_025_0c3eeaae0824,3018804584.0,True,True,9.769566140530027e-07,True,True,True,True,True,True,True,True,True,True,True,True,True,True,True,True
Behaviour cloning,test_025_0c3eeaae0824,959653586.0,True,True,9.283109460987007e-07,True,True,True,True,True,True,True,True,True,True,True,True,True,True,True,True
PPO,test_025_0c3eeaae0824,1694234878.0,True,True,9.626006247135546e-07,True,True,True,True,True,True,True,True,True,True,True,True,True,True,True,True
PPO,test_025_0c3eeaae0824,1635820214.0,True,True,9.99807006937485e-07,True,True,True,True,True,True,True,True,True,True,True,True,True,True,True,True
PPO,test_025_0c3eeaae0824,456241246.0,True,True,9.822074682143727e-07,True,True,True,True,True,True,True,True,True,True,True,True,True,True,True,True
Vanilla SAC,test_025_0c3eeaae0824,3760190062.0,True,True,9.148385075513099e-07,True,True,True,True,True,True,True,True,True,True,True,True,True,True,True,True
Vanilla SAC,test_025_0c3eeaae0824,3890281123.0,True,True,9.144191467447786e-07,True,True,True,True,True,True,True,True,True,True,True,True,True,True,True,True
Vanilla SAC,test_025_0c3eeaae0824,4226533458.0,True,True,9.148003948593517e-07,True,True,True,True,True,True,True,True,True,True,True,True,True,True,True,True
Constrained SAC,test_025_0c3eeaae0824,301721597.0,True,True,9.145839421969977e-07,True,True,True,True,True,True,True,True,True,True,True,True,True,True,True,True
Constrained SAC,test_025_0c3eeaae0824,554911178.0,True,True,9.144577077550059e-07,True,True,True,True,True,True,True,True,True,True,True,True,True,True,True,True
Constrained SAC,test_025_0c3eeaae0824,1600960620.0,True,True,9.142908768827495e-07,True,True,True,True,True,True,True,True,True,True,True,True,True,True,True,True
Model-guided constrained SAC,test_025_0c3eeaae0824,301721597.0,True,True,9.133468640655228e-07,True,True,True,True,True,True,True,True,True,True,True,True,True,True,True,True
Model-guided constrained SAC,test_025_0c3eeaae0824,554911178.0,True,True,9.815885165421374e-07,True,True,True,True,True,True,True,True,True,True,True,True,True,True,True,True
Model-guided constrained SAC,test_025_0c3eeaae0824,1600960620.0,True,True,9.762469698215964e-07,True,True,True,True,True,True,True,True,True,True,True,True,True,True,True,True
Passive,test_026_770d47ae1768,,True,True,9.74203337726706e-07,True,True,True,True,True,True,True,True,True,True,True,True,True,True,True,True
Reactive,test_026_770d47ae1768,,True,True,9.457219560306558e-07,True,True,True,True,True,True,True,True,True,True,True,True,True,True,True,True
Projected stochastic MPC,test_026_770d47ae1768,,True,True,9.842744201197177e-07,True,True,True,True,True,True,True,True,True,True,True,True,True,True,True,True
Behaviour cloning,test_026_770d47ae1768,1409200687.0,True,True,9.441978931967056e-07,True,True,True,True,True,True,True,True,True,True,True,True,True,True,True,True
Behaviour cloning,test_026_770d47ae1768,3018804584.0,True,True,9.733955637493183e-07,True,True,True,True,True,True,True,True,True,True,True,True,True,True,True,True
Behaviour cloning,test_026_770d47ae1768,959653586.0,True,True,9.593533537288445e-07,True,True,True,True,True,True,True,True,True,True,True,True,True,True,True,True
PPO,test_026_770d47ae1768,1694234878.0,True,True,9.815961236008293e-07,True,True,True,True,True,True,True,True,True,True,True,True,True,True,True,True
PPO,test_026_770d47ae1768,1635820214.0,True,True,9.144913719125967e-07,True,True,True,True,True,True,True,True,True,True,True,True,True,True,True,True
PPO,test_026_770d47ae1768,456241246.0,True,True,9.750975752234094e-07,True,True,True,True,True,True,True,True,True,True,True,True,True,True,True,True
Vanilla SAC,test_026_770d47ae1768,3760190062.0,True,True,9.395983539611501e-07,True,True,True,True,True,True,True,True,True,True,True,True,True,True,True,True
Vanilla SAC,test_026_770d47ae1768,3890281123.0,True,True,9.95968651990003e-07,True,True,True,True,True,True,True,True,True,True,True,True,True,True,True,True
Vanilla SAC,test_026_770d47ae1768,4226533458.0,True,True,9.397101993164444e-07,True,True,True,True,True,True,True,True,True,True,True,True,True,True,True,True
Constrained SAC,test_026_770d47ae1768,301721597.0,True,True,9.40530793303428e-07,True,True,True,True,True,True,True,True,True,True,True,True,True,True,True,True
Constrained SAC,test_026_770d47ae1768,554911178.0,True,True,9.404212736371513e-07,True,True,True,True,True,True,True,True,True,True,True,True,True,True,True,True
Constrained SAC,test_026_770d47ae1768,1600960620.0,True,True,9.989146417658139e-07,True,True,True,True,True,True,True,True,True,True,True,True,True,True,True,True
Model-guided constrained SAC,test_026_770d47ae1768,301721597.0,True,True,9.63233820587517e-07,True,True,True,True,True,True,True,True,True,True,True,True,True,True,True,True
Model-guided constrained SAC,test_026_770d47ae1768,554911178.0,True,True,8.318167310696376e-07,True,True,True,True,True,True,True,True,True,True,True,True,True,True,True,True
Model-guided constrained SAC,test_026_770d47ae1768,1600960620.0,True,True,8.74423666320452e-07,True,True,True,True,True,True,True,True,True,True,True,True,True,True,True,True
Passive,test_027_df5d670513fa,,True,True,9.24959750627639e-07,True,True,True,True,True,True,True,True,True,True,True,True,True,True,True,True
Reactive,test_027_df5d670513fa,,True,True,9.472170174342838e-07,True,True,True,True,True,True,True,True,True,True,True,True,True,True,True,True
Projected stochastic MPC,test_027_df5d670513fa,,True,True,9.112684303969661e-07,True,True,True,True,True,True,True,True,True,True,True,True,True,True,True,True
Behaviour cloning,test_027_df5d670513fa,1409200687.0,True,True,9.847028190482134e-07,True,True,True,True,True,True,True,True,True,True,True,True,True,True,True,True
Behaviour cloning,test_027_df5d670513fa,3018804584.0,True,True,8.630356120297702e-07,True,True,True,True,True,True,True,True,True,True,True,True,True,True,True,True
Behaviour cloning,test_027_df5d670513fa,959653586.0,True,True,9.937632095025802e-07,True,True,True,True,True,True,True,True,True,True,True,True,True,True,True,True
PPO,test_027_df5d670513fa,1694234878.0,True,True,9.460368717648705e-07,True,True,True,True,True,True,True,True,True,True,True,True,True,True,True,True
PPO,test_027_df5d670513fa,1635820214.0,True,True,8.681577218846981e-07,True,True,True,True,True,True,True,True,True,True,True,True,True,True,True,True
PPO,test_027_df5d670513fa,456241246.0,True,True,9.859953162244763e-07,True,True,True,True,True,True,True,True,True,True,True,True,True,True,True,True
Vanilla SAC,test_027_df5d670513fa,3760190062.0,True,True,9.268678846044691e-07,True,True,True,True,True,True,True,True,True,True,True,True,True,True,True,True
Vanilla SAC,test_027_df5d670513fa,3890281123.0,True,True,9.262593472395873e-07,True,True,True,True,True,True,True,True,True,True,True,True,True,True,True,True
Vanilla SAC,test_027_df5d670513fa,4226533458.0,True,True,9.268940037989007e-07,True,True,True,True,True,True,True,True,True,True,True,True,True,True,True,True
Constrained SAC,test_027_df5d670513fa,301721597.0,True,True,9.275725042284608e-07,True,True,True,True,True,True,True,True,True,True,True,True,True,True,True,True
Constrained SAC,test_027_df5d670513fa,554911178.0,True,True,9.267141818025743e-07,True,True,True,True,True,True,True,True,True,True,True,True,True,True,True,True
Constrained SAC,test_027_df5d670513fa,1600960620.0,True,True,9.263029246749344e-07,True,True,True,True,True,True,True,True,True,True,True,True,True,True,True,True
Model-guided constrained SAC,test_027_df5d670513fa,301721597.0,True,True,9.275725042284608e-07,True,True,True,True,True,True,True,True,True,True,True,True,True,True,True,True
Model-guided constrained SAC,test_027_df5d670513fa,554911178.0,True,True,9.382641336141956e-07,True,True,True,True,True,True,True,True,True,True,True,True,True,True,True,True
Model-guided constrained SAC,test_027_df5d670513fa,1600960620.0,True,True,9.51158593256583e-07,True,True,True,True,True,True,True,True,True,True,True,True,True,True,True,True
Passive,test_028_e9fb02365dd3,,True,True,9.996480492254093e-07,True,True,True,True,True,True,True,True,True,True,True,True,True,True,True,True
Reactive,test_028_e9fb02365dd3,,True,True,9.501644199456385e-07,True,True,True,True,True,True,True,True,True,True,True,True,True,True,True,True
Projected stochastic MPC,test_028_e9fb02365dd3,,True,True,9.66472678195525e-07,True,True,True,True,True,True,True,True,True,True,True,True,True,True,True,True
Behaviour cloning,test_028_e9fb02365dd3,1409200687.0,True,True,9.600963894911354e-07,True,True,True,True,True,True,True,True,True,True,True,True,True,True,True,True
Behaviour cloning,test_028_e9fb02365dd3,3018804584.0,True,True,9.053473754463604e-07,True,True,True,True,True,True,True,True,True,True,True,True,True,True,True,True
Behaviour cloning,test_028_e9fb02365dd3,959653586.0,True,True,8.997771273528182e-07,True,True,True,True,True,True,True,True,True,True,True,True,True,True,True,True
PPO,test_028_e9fb02365dd3,1694234878.0,True,True,9.973767276030215e-07,True,True,True,True,True,True,True,True,True,True,True,True,True,True,True,True
PPO,test_028_e9fb02365dd3,1635820214.0,True,True,9.628288314687351e-07,True,True,True,True,True,True,True,True,True,True,True,True,True,True,True,True
PPO,test_028_e9fb02365dd3,456241246.0,True,True,9.450947755989708e-07,True,True,True,True,True,True,True,True,True,True,True,True,True,True,True,True
Vanilla SAC,test_028_e9fb02365dd3,3760190062.0,True,True,9.494309160748611e-07,True,True,True,True,True,True,True,True,True,True,True,True,True,True,True,True
Vanilla SAC,test_028_e9fb02365dd3,3890281123.0,True,True,9.704272557562976e-07,True,True,True,True,True,True,True,True,True,True,True,True,True,True,True,True
Vanilla SAC,test_028_e9fb02365dd3,4226533458.0,True,True,9.568087530801352e-07,True,True,True,True,True,True,True,True,True,True,True,True,True,True,True,True
Constrained SAC,test_028_e9fb02365dd3,301721597.0,True,True,9.67167363807264e-07,True,True,True,True,True,True,True,True,True,True,True,True,True,True,True,True
Constrained SAC,test_028_e9fb02365dd3,554911178.0,True,True,9.639932470469563e-07,True,True,True,True,True,True,True,True,True,True,True,True,True,True,True,True
Constrained SAC,test_028_e9fb02365dd3,1600960620.0,True,True,9.999368511700915e-07,True,True,True,True,True,True,True,True,True,True,True,True,True,True,True,True
Model-guided constrained SAC,test_028_e9fb02365dd3,301721597.0,True,True,9.455735760361615e-07,True,True,True,True,True,True,True,True,True,True,True,True,True,True,True,True
Model-guided constrained SAC,test_028_e9fb02365dd3,554911178.0,True,True,9.28141823014395e-07,True,True,True,True,True,True,True,True,True,True,True,True,True,True,True,True
Model-guided constrained SAC,test_028_e9fb02365dd3,1600960620.0,True,True,9.514351189735121e-07,True,True,True,True,True,True,True,True,True,True,True,True,True,True,True,True
Passive,test_029_b44f60718c5a,,True,True,9.495781346420404e-07,True,True,True,True,True,True,True,True,True,True,True,True,True,True,True,True
Reactive,test_029_b44f60718c5a,,True,True,9.646282161866095e-07,True,True,True,True,True,True,True,True,True,True,True,True,True,True,True,True
Projected stochastic MPC,test_029_b44f60718c5a,,True,True,9.354653737360692e-07,True,True,True,True,True,True,True,True,True,True,True,True,True,True,True,True
Behaviour cloning,test_029_b44f60718c5a,1409200687.0,True,True,9.179926929480839e-07,True,True,True,True,True,True,True,True,True,True,True,True,True,True,True,True
Behaviour cloning,test_029_b44f60718c5a,3018804584.0,True,True,9.95778857190744e-07,True,True,True,True,True,True,True,True,True,True,True,True,True,True,True,True
Behaviour cloning,test_029_b44f60718c5a,959653586.0,True,True,9.790554905390551e-07,True,True,True,True,True,True,True,True,True,True,True,True,True,True,True,True
PPO,test_029_b44f60718c5a,1694234878.0,True,True,9.96305774167969e-07,True,True,True,True,True,True,True,True,True,True,True,True,True,True,True,True
PPO,test_029_b44f60718c5a,1635820214.0,True,True,9.473454667341163e-07,True,True,True,True,True,True,True,True,True,True,True,True,True,True,True,True
PPO,test_029_b44f60718c5a,456241246.0,True,True,9.628445085280448e-07,True,True,True,True,True,True,True,True,True,True,True,True,True,True,True,True
Vanilla SAC,test_029_b44f60718c5a,3760190062.0,True,True,9.522981529894933e-07,True,True,True,True,True,True,True,True,True,True,True,True,True,True,True,True
Vanilla SAC,test_029_b44f60718c5a,3890281123.0,True,True,9.514584750164587e-07,True,True,True,True,True,True,True,True,True,True,True,True,True,True,True,True
Vanilla SAC,test_029_b44f60718c5a,4226533458.0,True,True,9.523573094934187e-07,True,True,True,True,True,True,True,True,True,True,True,True,True,True,True,True
Constrained SAC,test_029_b44f60718c5a,301721597.0,True,True,9.522686911491208e-07,True,True,True,True,True,True,True,True,True,True,True,True,True,True,True,True
Constrained SAC,test_029_b44f60718c5a,554911178.0,True,True,9.51807969438839e-07,True,True,True,True,True,True,True,True,True,True,True,True,True,True,True,True
Constrained SAC,test_029_b44f60718c5a,1600960620.0,True,True,9.515683835146796e-07,True,True,True,True,True,True,True,True,True,True,True,True,True,True,True,True
Model-guided constrained SAC,test_029_b44f60718c5a,301721597.0,True,True,9.082699308567892e-07,True,True,True,True,True,True,True,True,True,True,True,True,True,True,True,True
Model-guided constrained SAC,test_029_b44f60718c5a,554911178.0,True,True,9.313598505257074e-07,True,True,True,True,True,True,True,True,True,True,True,True,True,True,True,True
Model-guided constrained SAC,test_029_b44f60718c5a,1600960620.0,True,True,9.624603371032884e-07,True,True,True,True,True,True,True,True,True,True,True,True,True,True,True,True
Passive,test_030_038f4c53d11f,,True,True,9.792676524497892e-07,True,True,True,True,True,True,True,True,True,True,True,True,True,True,True,True
Reactive,test_030_038f4c53d11f,,True,True,9.41293589743624e-07,True,True,True,True,True,True,True,True,True,True,True,True,True,True,True,True
Projected stochastic MPC,test_030_038f4c53d11f,,True,True,9.442186910045754e-07,True,True,True,True,True,True,True,True,True,True,True,True,True,True,True,True
Behaviour cloning,test_030_038f4c53d11f,1409200687.0,True,True,9.47924798634255e-07,True,True,True,True,True,True,True,True,True,True,True,True,True,True,True,True
Behaviour cloning,test_030_038f4c53d11f,3018804584.0,True,True,9.480344594916537e-07,True,True,True,True,True,True,True,True,True,True,True,True,True,True,True,True
Behaviour cloning,test_030_038f4c53d11f,959653586.0,True,True,9.653962663864257e-07,True,True,True,True,True,True,True,True,True,True,True,True,True,True,True,True
PPO,test_030_038f4c53d11f,1694234878.0,True,True,9.833630049612238e-07,True,True,True,True,True,True,True,True,True,True,True,True,True,True,True,True
PPO,test_030_038f4c53d11f,1635820214.0,True,True,9.615039365950056e-07,True,True,True,True,True,True,True,True,True,True,True,True,True,True,True,True
PPO,test_030_038f4c53d11f,456241246.0,True,True,9.087470228960815e-07,True,True,True,True,True,True,True,True,True,True,True,True,True,True,True,True
Vanilla SAC,test_030_038f4c53d11f,3760190062.0,True,True,9.74091357079954e-07,True,True,True,True,True,True,True,True,True,True,True,True,True,True,True,True
Vanilla SAC,test_030_038f4c53d11f,3890281123.0,True,True,9.742474800494034e-07,True,True,True,True,True,True,True,True,True,True,True,True,True,True,True,True
Vanilla SAC,test_030_038f4c53d11f,4226533458.0,True,True,9.69801538598052e-07,True,True,True,True,True,True,True,True,True,True,True,True,True,True,True,True
Constrained SAC,test_030_038f4c53d11f,301721597.0,True,True,9.70848867183351e-07,True,True,True,True,True,True,True,True,True,True,True,True,True,True,True,True
Constrained SAC,test_030_038f4c53d11f,554911178.0,True,True,9.744495226658047e-07,True,True,True,True,True,True,True,True,True,True,True,True,True,True,True,True
Constrained SAC,test_030_038f4c53d11f,1600960620.0,True,True,9.75108098081883e-07,True,True,True,True,True,True,True,True,True,True,True,True,True,True,True,True
Model-guided constrained SAC,test_030_038f4c53d11f,301721597.0,True,True,9.70848867183351e-07,True,True,True,True,True,True,True,True,True,True,True,True,True,True,True,True
Model-guided constrained SAC,test_030_038f4c53d11f,554911178.0,True,True,9.966068947563087e-07,True,True,True,True,True,True,True,True,True,True,True,True,True,True,True,True
Model-guided constrained SAC,test_030_038f4c53d11f,1600960620.0,True,True,9.875855063001838e-07,True,True,True,True,True,True,True,True,True,True,True,True,True,True,True,True
Passive,test_031_0a6ff70351b5,,True,True,9.241842715218337e-07,True,True,True,True,True,True,True,True,True,True,True,True,True,True,True,True
Reactive,test_031_0a6ff70351b5,,True,True,9.734863808957467e-07,True,True,True,True,True,True,True,True,True,True,True,True,True,True,True,True
Projected stochastic MPC,test_031_0a6ff70351b5,,True,True,8.696751650925094e-07,True,True,True,True,True,True,True,True,True,True,True,True,True,True,True,True
Behaviour cloning,test_031_0a6ff70351b5,1409200687.0,True,True,9.960238216451793e-07,True,True,True,True,True,True,True,True,True,True,True,True,True,True,True,True
Behaviour cloning,test_031_0a6ff70351b5,3018804584.0,True,True,9.794048954808138e-07,True,True,True,True,True,True,True,True,True,True,True,True,True,True,True,True
Behaviour cloning,test_031_0a6ff70351b5,959653586.0,True,True,9.199996875802922e-07,True,True,True,True,True,True,True,True,True,True,True,True,True,True,True,True
PPO,test_031_0a6ff70351b5,1694234878.0,True,True,9.897640834368323e-07,True,True,True,True,True,True,True,True,True,True,True,True,True,True,True,True
PPO,test_031_0a6ff70351b5,1635820214.0,True,True,9.674159657275704e-07,True,True,True,True,True,True,True,True,True,True,True,True,True,True,True,True
PPO,test_031_0a6ff70351b5,456241246.0,True,True,9.899616560468046e-07,True,True,True,True,True,True,True,True,True,True,True,True,True,True,True,True
Vanilla SAC,test_031_0a6ff70351b5,3760190062.0,True,True,9.240499676163883e-07,True,True,True,True,True,True,True,True,True,True,True,True,True,True,True,True
Vanilla SAC,test_031_0a6ff70351b5,3890281123.0,True,True,9.240527684843911e-07,True,True,True,True,True,True,True,True,True,True,True,True,True,True,True,True
Vanilla SAC,test_031_0a6ff70351b5,4226533458.0,True,True,9.240131859155293e-07,True,True,True,True,True,True,True,True,True,True,True,True,True,True,True,True
Constrained SAC,test_031_0a6ff70351b5,301721597.0,True,True,9.246243507141517e-07,True,True,True,True,True,True,True,True,True,True,True,True,True,True,True,True
Constrained SAC,test_031_0a6ff70351b5,554911178.0,True,True,9.245605158277268e-07,True,True,True,True,True,True,True,True,True,True,True,True,True,True,True,True
Constrained SAC,test_031_0a6ff70351b5,1600960620.0,True,True,9.246020242269096e-07,True,True,True,True,True,True,True,True,True,True,True,True,True,True,True,True
Model-guided constrained SAC,test_031_0a6ff70351b5,301721597.0,True,True,9.962956976621312e-07,True,True,True,True,True,True,True,True,True,True,True,True,True,True,True,True
Model-guided constrained SAC,test_031_0a6ff70351b5,554911178.0,True,True,9.935062245826926e-07,True,True,True,True,True,True,True,True,True,True,True,True,True,True,True,True
Model-guided constrained SAC,test_031_0a6ff70351b5,1600960620.0,True,True,9.931526761647457e-07,True,True,True,True,True,True,True,True,True,True,True,True,True,True,True,True
Passive,test_032_efdf826e6bc3,,True,True,9.877146527820101e-07,True,True,True,True,True,True,True,True,True,True,True,True,True,True,True,True
Reactive,test_032_efdf826e6bc3,,True,True,9.81163145288166e-07,True,True,True,True,True,True,True,True,True,True,True,True,True,True,True,True
Projected stochastic MPC,test_032_efdf826e6bc3,,True,True,9.875816747624045e-07,True,True,True,True,True,True,True,True,True,True,True,True,True,True,True,True
Behaviour cloning,test_032_efdf826e6bc3,1409200687.0,True,True,9.989874476020852e-07,True,True,True,True,True,True,True,True,True,True,True,True,True,True,True,True
Behaviour cloning,test_032_efdf826e6bc3,3018804584.0,True,True,9.891267274603927e-07,True,True,True,True,True,True,True,True,True,True,True,True,True,True,True,True
Behaviour cloning,test_032_efdf826e6bc3,959653586.0,True,True,9.44508562769524e-07,True,True,True,True,True,True,True,True,True,True,True,True,True,True,True,True
PPO,test_032_efdf826e6bc3,1694234878.0,True,True,9.173091596521227e-07,True,True,True,True,True,True,True,True,True,True,True,True,True,True,True,True
PPO,test_032_efdf826e6bc3,1635820214.0,True,True,9.889993071250908e-07,True,True,True,True,True,True,True,True,True,True,True,True,True,True,True,True
PPO,test_032_efdf826e6bc3,456241246.0,True,True,9.746870484393202e-07,True,True,True,True,True,True,True,True,True,True,True,True,True,True,True,True
Vanilla SAC,test_032_efdf826e6bc3,3760190062.0,True,True,9.911483180705048e-07,True,True,True,True,True,True,True,True,True,True,True,True,True,True,True,True
Vanilla SAC,test_032_efdf826e6bc3,3890281123.0,True,True,9.90006133191806e-07,True,True,True,True,True,True,True,True,True,True,True,True,True,True,True,True
Vanilla SAC,test_032_efdf826e6bc3,4226533458.0,True,True,9.908155880191145e-07,True,True,True,True,True,True,True,True,True,True,True,True,True,True,True,True
Constrained SAC,test_032_efdf826e6bc3,301721597.0,True,True,9.889261864431008e-07,True,True,True,True,True,True,True,True,True,True,True,True,True,True,True,True
Constrained SAC,test_032_efdf826e6bc3,554911178.0,True,True,9.892043840614618e-07,True,True,True,True,True,True,True,True,True,True,True,True,True,True,True,True
Constrained SAC,test_032_efdf826e6bc3,1600960620.0,True,True,9.886996767708784e-07,True,True,True,True,True,True,True,True,True,True,True,True,True,True,True,True
Model-guided constrained SAC,test_032_efdf826e6bc3,301721597.0,True,True,9.126524045580223e-07,True,True,True,True,True,True,True,True,True,True,True,True,True,True,True,True
Model-guided constrained SAC,test_032_efdf826e6bc3,554911178.0,True,True,9.970217863201333e-07,True,True,True,True,True,True,True,True,True,True,True,True,True,True,True,True
Model-guided constrained SAC,test_032_efdf826e6bc3,1600960620.0,True,True,9.323866792788761e-07,True,True,True,True,True,True,True,True,True,True,True,True,True,True,True,True
Passive,test_033_de0c441dba67,,True,True,9.950096377263861e-07,True,True,True,True,True,True,True,True,True,True,True,True,True,True,True,True
Reactive,test_033_de0c441dba67,,True,True,9.656320697754793e-07,True,True,True,True,True,True,True,True,True,True,True,True,True,True,True,True
Projected stochastic MPC,test_033_de0c441dba67,,True,True,9.91744766491092e-07,True,True,True,True,True,True,True,True,True,True,True,True,True,True,True,True
Behaviour cloning,test_033_de0c441dba67,1409200687.0,True,True,9.892275724910829e-07,True,True,True,True,True,True,True,True,True,True,True,True,True,True,True,True
Behaviour cloning,test_033_de0c441dba67,3018804584.0,True,True,8.761292043288923e-07,True,True,True,True,True,True,True,True,True,True,True,True,True,True,True,True
Behaviour cloning,test_033_de0c441dba67,959653586.0,True,True,9.956328887540793e-07,True,True,True,True,True,True,True,True,True,True,True,True,True,True,True,True
PPO,test_033_de0c441dba67,1694234878.0,True,True,8.819114229645534e-07,True,True,True,True,True,True,True,True,True,True,True,True,True,True,True,True
PPO,test_033_de0c441dba67,1635820214.0,True,True,9.09525265236235e-07,True,True,True,True,True,True,True,True,True,True,True,True,True,True,True,True
PPO,test_033_de0c441dba67,456241246.0,True,True,9.098862247174426e-07,True,True,True,True,True,True,True,True,True,True,True,True,True,True,True,True
Vanilla SAC,test_033_de0c441dba67,3760190062.0,True,True,9.952220025364984e-07,True,True,True,True,True,True,True,True,True,True,True,True,True,True,True,True
Vanilla SAC,test_033_de0c441dba67,3890281123.0,True,True,9.95140461608013e-07,True,True,True,True,True,True,True,True,True,True,True,True,True,True,True,True
Vanilla SAC,test_033_de0c441dba67,4226533458.0,True,True,9.952445621221164e-07,True,True,True,True,True,True,True,True,True,True,True,True,True,True,True,True
Constrained SAC,test_033_de0c441dba67,301721597.0,True,True,9.950365964912607e-07,True,True,True,True,True,True,True,True,True,True,True,True,True,True,True,True
Constrained SAC,test_033_de0c441dba67,554911178.0,True,True,9.951160541329848e-07,True,True,True,True,True,True,True,True,True,True,True,True,True,True,True,True
Constrained SAC,test_033_de0c441dba67,1600960620.0,True,True,9.950414557454217e-07,True,True,True,True,True,True,True,True,True,True,True,True,True,True,True,True
Model-guided constrained SAC,test_033_de0c441dba67,301721597.0,True,True,9.548016401120635e-07,True,True,True,True,True,True,True,True,True,True,True,True,True,True,True,True
Model-guided constrained SAC,test_033_de0c441dba67,554911178.0,True,True,9.673548287033616e-07,True,True,True,True,True,True,True,True,True,True,True,True,True,True,True,True
Model-guided constrained SAC,test_033_de0c441dba67,1600960620.0,True,True,9.628107113935e-07,True,True,True,True,True,True,True,True,True,True,True,True,True,True,True,True
Passive,test_034_a00d80b83640,,True,True,9.806268685809763e-07,True,True,True,True,True,True,True,True,True,True,True,True,True,True,True,True
Reactive,test_034_a00d80b83640,,True,True,9.504521494986287e-07,True,True,True,True,True,True,True,True,True,True,True,True,True,True,True,True
Projected stochastic MPC,test_034_a00d80b83640,,True,True,9.327562242988131e-07,True,True,True,True,True,True,True,True,True,True,True,True,True,True,True,True
Behaviour cloning,test_034_a00d80b83640,1409200687.0,True,True,9.865466138054803e-07,True,True,True,True,True,True,True,True,True,True,True,True,True,True,True,True
Behaviour cloning,test_034_a00d80b83640,3018804584.0,True,True,9.697454355592941e-07,True,True,True,True,True,True,True,True,True,True,True,True,True,True,True,True
Behaviour cloning,test_034_a00d80b83640,959653586.0,True,True,9.805220218204932e-07,True,True,True,True,True,True,True,True,True,True,True,True,True,True,True,True
PPO,test_034_a00d80b83640,1694234878.0,True,True,9.796462957634255e-07,True,True,True,True,True,True,True,True,True,True,True,True,True,True,True,True
PPO,test_034_a00d80b83640,1635820214.0,True,True,9.883451721429795e-07,True,True,True,True,True,True,True,True,True,True,True,True,True,True,True,True
PPO,test_034_a00d80b83640,456241246.0,True,True,9.759501839026325e-07,True,True,True,True,True,True,True,True,True,True,True,True,True,True,True,True
Vanilla SAC,test_034_a00d80b83640,3760190062.0,True,True,9.89192363747681e-07,True,True,True,True,True,True,True,True,True,True,True,True,True,True,True,True
Vanilla SAC,test_034_a00d80b83640,3890281123.0,True,True,9.976066875398846e-07,True,True,True,True,True,True,True,True,True,True,True,True,True,True,True,True
Vanilla SAC,test_034_a00d80b83640,4226533458.0,True,True,9.880712532560482e-07,True,True,True,True,True,True,True,True,True,True,True,True,True,True,True,True
Constrained SAC,test_034_a00d80b83640,301721597.0,True,True,9.938028927565618e-07,True,True,True,True,True,True,True,True,True,True,True,True,True,True,True,True
Constrained SAC,test_034_a00d80b83640,554911178.0,True,True,9.871972614532456e-07,True,True,True,True,True,True,True,True,True,True,True,True,True,True,True,True
Constrained SAC,test_034_a00d80b83640,1600960620.0,True,True,9.997517014591018e-07,True,True,True,True,True,True,True,True,True,True,True,True,True,True,True,True
Model-guided constrained SAC,test_034_a00d80b83640,301721597.0,True,True,9.20638038844647e-07,True,True,True,True,True,True,True,True,True,True,True,True,True,True,True,True
Model-guided constrained SAC,test_034_a00d80b83640,554911178.0,True,True,9.983023799408208e-07,True,True,True,True,True,True,True,True,True,True,True,True,True,True,True,True
Model-guided constrained SAC,test_034_a00d80b83640,1600960620.0,True,True,9.651150621458109e-07,True,True,True,True,True,True,True,True,True,True,True,True,True,True,True,True
Passive,test_035_51fd398978b7,,True,True,9.639249237935793e-07,True,True,True,True,True,True,True,True,True,True,True,True,True,True,True,True
Reactive,test_035_51fd398978b7,,True,True,9.536580293101922e-07,True,True,True,True,True,True,True,True,True,True,True,True,True,True,True,True
Projected stochastic MPC,test_035_51fd398978b7,,True,True,9.800706766837225e-07,True,True,True,True,True,True,True,True,True,True,True,True,True,True,True,True
Behaviour cloning,test_035_51fd398978b7,1409200687.0,True,True,9.486729437778593e-07,True,True,True,True,True,True,True,True,True,True,True,True,True,True,True,True
Behaviour cloning,test_035_51fd398978b7,3018804584.0,True,True,9.464237341576902e-07,True,True,True,True,True,True,True,True,True,True,True,True,True,True,True,True
Behaviour cloning,test_035_51fd398978b7,959653586.0,True,True,9.784828197996496e-07,True,True,True,True,True,True,True,True,True,True,True,True,True,True,True,True
PPO,test_035_51fd398978b7,1694234878.0,True,True,9.83898146226592e-07,True,True,True,True,True,True,True,True,True,True,True,True,True,True,True,True
PPO,test_035_51fd398978b7,1635820214.0,True,True,9.65914338220696e-07,True,True,True,True,True,True,True,True,True,True,True,True,True,True,True,True
PPO,test_035_51fd398978b7,456241246.0,True,True,9.501375839497054e-07,True,True,True,True,True,True,True,True,True,True,True,True,True,True,True,True
Vanilla SAC,test_035_51fd398978b7,3760190062.0,True,True,9.802613716651495e-07,True,True,True,True,True,True,True,True,True,True,True,True,True,True,True,True
Vanilla SAC,test_035_51fd398978b7,3890281123.0,True,True,9.708546732704217e-07,True,True,True,True,True,True,True,True,True,True,True,True,True,True,True,True
Vanilla SAC,test_035_51fd398978b7,4226533458.0,True,True,9.80351535488035e-07,True,True,True,True,True,True,True,True,True,True,True,True,True,True,True,True
Constrained SAC,test_035_51fd398978b7,301721597.0,True,True,9.802114974661333e-07,True,True,True,True,True,True,True,True,True,True,True,True,True,True,True,True
Constrained SAC,test_035_51fd398978b7,554911178.0,True,True,9.75120789022351e-07,True,True,True,True,True,True,True,True,True,True,True,True,True,True,True,True
Constrained SAC,test_035_51fd398978b7,1600960620.0,True,True,9.73667361182566e-07,True,True,True,True,True,True,True,True,True,True,True,True,True,True,True,True
Model-guided constrained SAC,test_035_51fd398978b7,301721597.0,True,True,8.749932966903265e-07,True,True,True,True,True,True,True,True,True,True,True,True,True,True,True,True
Model-guided constrained SAC,test_035_51fd398978b7,554911178.0,True,True,9.492583605749278e-07,True,True,True,True,True,True,True,True,True,True,True,True,True,True,True,True
Model-guided constrained SAC,test_035_51fd398978b7,1600960620.0,True,True,9.184323184998016e-07,True,True,True,True,True,True,True,True,True,True,True,True,True,True,True,True
Passive,test_036_7eb6ac1ca077,,True,True,8.922687444616994e-07,True,True,True,True,True,True,True,True,True,True,True,True,True,True,True,True
Reactive,test_036_7eb6ac1ca077,,True,True,9.74786139810774e-07,True,True,True,True,True,True,True,True,True,True,True,True,True,True,True,True
Projected stochastic MPC,test_036_7eb6ac1ca077,,True,True,9.79297558950805e-07,True,True,True,True,True,True,True,True,True,True,True,True,True,True,True,True
Behaviour cloning,test_036_7eb6ac1ca077,1409200687.0,True,True,9.025280505184761e-07,True,True,True,True,True,True,True,True,True,True,True,True,True,True,True,True
Behaviour cloning,test_036_7eb6ac1ca077,3018804584.0,True,True,9.147993011065269e-07,True,True,True,True,True,True,True,True,True,True,True,True,True,True,True,True
Behaviour cloning,test_036_7eb6ac1ca077,959653586.0,True,True,9.990580575483845e-07,True,True,True,True,True,True,True,True,True,True,True,True,True,True,True,True
PPO,test_036_7eb6ac1ca077,1694234878.0,True,True,9.342971938167441e-07,True,True,True,True,True,True,True,True,True,True,True,True,True,True,True,True
PPO,test_036_7eb6ac1ca077,1635820214.0,True,True,9.775617406311334e-07,True,True,True,True,True,True,True,True,True,True,True,True,True,True,True,True
PPO,test_036_7eb6ac1ca077,456241246.0,True,True,9.502967917201419e-07,True,True,True,True,True,True,True,True,True,True,True,True,True,True,True,True
Vanilla SAC,test_036_7eb6ac1ca077,3760190062.0,True,True,8.925447814347425e-07,True,True,True,True,True,True,True,True,True,True,True,True,True,True,True,True
Vanilla SAC,test_036_7eb6ac1ca077,3890281123.0,True,True,8.920144996522902e-07,True,True,True,True,True,True,True,True,True,True,True,True,True,True,True,True
Vanilla SAC,test_036_7eb6ac1ca077,4226533458.0,True,True,8.911230119974331e-07,True,True,True,True,True,True,True,True,True,True,True,True,True,True,True,True
Constrained SAC,test_036_7eb6ac1ca077,301721597.0,True,True,8.862600644003444e-07,True,True,True,True,True,True,True,True,True,True,True,True,True,True,True,True
Constrained SAC,test_036_7eb6ac1ca077,554911178.0,True,True,8.915122650115509e-07,True,True,True,True,True,True,True,True,True,True,True,True,True,True,True,True
Constrained SAC,test_036_7eb6ac1ca077,1600960620.0,True,True,8.89502241207811e-07,True,True,True,True,True,True,True,True,True,True,True,True,True,True,True,True
Model-guided constrained SAC,test_036_7eb6ac1ca077,301721597.0,True,True,9.259501062550228e-07,True,True,True,True,True,True,True,True,True,True,True,True,True,True,True,True
Model-guided constrained SAC,test_036_7eb6ac1ca077,554911178.0,True,True,9.503985276889035e-07,True,True,True,True,True,True,True,True,True,True,True,True,True,True,True,True
Model-guided constrained SAC,test_036_7eb6ac1ca077,1600960620.0,True,True,9.099148514052872e-07,True,True,True,True,True,True,True,True,True,True,True,True,True,True,True,True
Passive,test_037_f096257ecaa4,,True,True,9.598912854377557e-07,True,True,True,True,True,True,True,True,True,True,True,True,True,True,True,True
Reactive,test_037_f096257ecaa4,,True,True,9.767536532129234e-07,True,True,True,True,True,True,True,True,True,True,True,True,True,True,True,True
Projected stochastic MPC,test_037_f096257ecaa4,,True,True,9.176972314965585e-07,True,True,True,True,True,True,True,True,True,True,True,True,True,True,True,True
Behaviour cloning,test_037_f096257ecaa4,1409200687.0,True,True,9.906130571778665e-07,True,True,True,True,True,True,True,True,True,True,True,True,True,True,True,True
Behaviour cloning,test_037_f096257ecaa4,3018804584.0,True,True,9.88398866581605e-07,True,True,True,True,True,True,True,True,True,True,True,True,True,True,True,True
Behaviour cloning,test_037_f096257ecaa4,959653586.0,True,True,9.960333960115396e-07,True,True,True,True,True,True,True,True,True,True,True,True,True,True,True,True
PPO,test_037_f096257ecaa4,1694234878.0,True,True,9.767413196101479e-07,True,True,True,True,True,True,True,True,True,True,True,True,True,True,True,True
PPO,test_037_f096257ecaa4,1635820214.0,True,True,9.550340169485144e-07,True,True,True,True,True,True,True,True,True,True,True,True,True,True,True,True
PPO,test_037_f096257ecaa4,456241246.0,True,True,9.968559939188925e-07,True,True,True,True,True,True,True,True,True,True,True,True,True,True,True,True
Vanilla SAC,test_037_f096257ecaa4,3760190062.0,True,True,9.767031108382003e-07,True,True,True,True,True,True,True,True,True,True,True,True,True,True,True,True
Vanilla SAC,test_037_f096257ecaa4,3890281123.0,True,True,9.713704663805943e-07,True,True,True,True,True,True,True,True,True,True,True,True,True,True,True,True
Vanilla SAC,test_037_f096257ecaa4,4226533458.0,True,True,9.764013333710025e-07,True,True,True,True,True,True,True,True,True,True,True,True,True,True,True,True
Constrained SAC,test_037_f096257ecaa4,301721597.0,True,True,9.75710456349953e-07,True,True,True,True,True,True,True,True,True,True,True,True,True,True,True,True
Constrained SAC,test_037_f096257ecaa4,554911178.0,True,True,9.73469517037465e-07,True,True,True,True,True,True,True,True,True,True,True,True,True,True,True,True
Constrained SAC,test_037_f096257ecaa4,1600960620.0,True,True,9.7287604817725e-07,True,True,True,True,True,True,True,True,True,True,True,True,True,True,True,True
Model-guided constrained SAC,test_037_f096257ecaa4,301721597.0,True,True,9.825701818393316e-07,True,True,True,True,True,True,True,True,True,True,True,True,True,True,True,True
Model-guided constrained SAC,test_037_f096257ecaa4,554911178.0,True,True,9.462811272761309e-07,True,True,True,True,True,True,True,True,True,True,True,True,True,True,True,True
Model-guided constrained SAC,test_037_f096257ecaa4,1600960620.0,True,True,9.905571927514311e-07,True,True,True,True,True,True,True,True,True,True,True,True,True,True,True,True
Passive,test_038_b05abc6e01b3,,True,True,9.194147501158676e-07,True,True,True,True,True,True,True,True,True,True,True,True,True,True,True,True
Reactive,test_038_b05abc6e01b3,,True,True,9.838808042458609e-07,True,True,True,True,True,True,True,True,True,True,True,True,True,True,True,True
Projected stochastic MPC,test_038_b05abc6e01b3,,True,True,9.991422225979965e-07,True,True,True,True,True,True,True,True,True,True,True,True,True,True,True,True
Behaviour cloning,test_038_b05abc6e01b3,1409200687.0,True,True,9.958523505330067e-07,True,True,True,True,True,True,True,True,True,True,True,True,True,True,True,True
Behaviour cloning,test_038_b05abc6e01b3,3018804584.0,True,True,9.734535317565867e-07,True,True,True,True,True,True,True,True,True,True,True,True,True,True,True,True
Behaviour cloning,test_038_b05abc6e01b3,959653586.0,True,True,9.997437782096878e-07,True,True,True,True,True,True,True,True,True,True,True,True,True,True,True,True
PPO,test_038_b05abc6e01b3,1694234878.0,True,True,9.935615088345689e-07,True,True,True,True,True,True,True,True,True,True,True,True,True,True,True,True
PPO,test_038_b05abc6e01b3,1635820214.0,True,True,9.931030009511455e-07,True,True,True,True,True,True,True,True,True,True,True,True,True,True,True,True
PPO,test_038_b05abc6e01b3,456241246.0,True,True,9.999478216609753e-07,True,True,True,True,True,True,True,True,True,True,True,True,True,True,True,True
Vanilla SAC,test_038_b05abc6e01b3,3760190062.0,True,True,9.20093496261324e-07,True,True,True,True,True,True,True,True,True,True,True,True,True,True,True,True
Vanilla SAC,test_038_b05abc6e01b3,3890281123.0,True,True,9.198803718917274e-07,True,True,True,True,True,True,True,True,True,True,True,True,True,True,True,True
Vanilla SAC,test_038_b05abc6e01b3,4226533458.0,True,True,9.200750058113747e-07,True,True,True,True,True,True,True,True,True,True,True,True,True,True,True,True
Constrained SAC,test_038_b05abc6e01b3,301721597.0,True,True,9.196321137525108e-07,True,True,True,True,True,True,True,True,True,True,True,True,True,True,True,True
Constrained SAC,test_038_b05abc6e01b3,554911178.0,True,True,9.197934392449686e-07,True,True,True,True,True,True,True,True,True,True,True,True,True,True,True,True
Constrained SAC,test_038_b05abc6e01b3,1600960620.0,True,True,9.19635004760389e-07,True,True,True,True,True,True,True,True,True,True,True,True,True,True,True,True
Model-guided constrained SAC,test_038_b05abc6e01b3,301721597.0,True,True,9.800626267572975e-07,True,True,True,True,True,True,True,True,True,True,True,True,True,True,True,True
Model-guided constrained SAC,test_038_b05abc6e01b3,554911178.0,True,True,9.630893553992542e-07,True,True,True,True,True,True,True,True,True,True,True,True,True,True,True,True
Model-guided constrained SAC,test_038_b05abc6e01b3,1600960620.0,True,True,9.587511177567268e-07,True,True,True,True,True,True,True,True,True,True,True,True,True,True,True,True
Passive,test_039_9c0d1ebe6c19,,True,True,9.98294673159622e-07,True,True,True,True,True,True,True,True,True,True,True,True,True,True,True,True
Reactive,test_039_9c0d1ebe6c19,,True,True,9.85217675362658e-07,True,True,True,True,True,True,True,True,True,True,True,True,True,True,True,True
Projected stochastic MPC,test_039_9c0d1ebe6c19,,True,True,8.945504202619163e-07,True,True,True,True,True,True,True,True,True,True,True,True,True,True,True,True
Behaviour cloning,test_039_9c0d1ebe6c19,1409200687.0,True,True,9.5569486512916e-07,True,True,True,True,True,True,True,True,True,True,True,True,True,True,True,True
Behaviour cloning,test_039_9c0d1ebe6c19,3018804584.0,True,True,9.801535266525403e-07,True,True,True,True,True,True,True,True,True,True,True,True,True,True,True,True
Behaviour cloning,test_039_9c0d1ebe6c19,959653586.0,True,True,9.780018960897288e-07,True,True,True,True,True,True,True,True,True,True,True,True,True,True,True,True
PPO,test_039_9c0d1ebe6c19,1694234878.0,True,True,9.9713027037809e-07,True,True,True,True,True,True,True,True,True,True,True,True,True,True,True,True
PPO,test_039_9c0d1ebe6c19,1635820214.0,True,True,9.98722966662527e-07,True,True,True,True,True,True,True,True,True,True,True,True,True,True,True,True
PPO,test_039_9c0d1ebe6c19,456241246.0,True,True,9.949277112298145e-07,True,True,True,True,True,True,True,True,True,True,True,True,True,True,True,True
Vanilla SAC,test_039_9c0d1ebe6c19,3760190062.0,True,True,9.94915416535083e-07,True,True,True,True,True,True,True,True,True,True,True,True,True,True,True,True
Vanilla SAC,test_039_9c0d1ebe6c19,3890281123.0,True,True,9.957331986793543e-07,True,True,True,True,True,True,True,True,True,True,True,True,True,True,True,True
Vanilla SAC,test_039_9c0d1ebe6c19,4226533458.0,True,True,9.949613981213887e-07,True,True,True,True,True,True,True,True,True,True,True,True,True,True,True,True
Constrained SAC,test_039_9c0d1ebe6c19,301721597.0,True,True,9.966357952328691e-07,True,True,True,True,True,True,True,True,True,True,True,True,True,True,True,True
Constrained SAC,test_039_9c0d1ebe6c19,554911178.0,True,True,9.967556675446796e-07,True,True,True,True,True,True,True,True,True,True,True,True,True,True,True,True
Constrained SAC,test_039_9c0d1ebe6c19,1600960620.0,True,True,9.971190546872434e-07,True,True,True,True,True,True,True,True,True,True,True,True,True,True,True,True
Model-guided constrained SAC,test_039_9c0d1ebe6c19,301721597.0,True,True,9.583729939203483e-07,True,True,True,True,True,True,True,True,True,True,True,True,True,True,True,True
Model-guided constrained SAC,test_039_9c0d1ebe6c19,554911178.0,True,True,9.861377766495982e-07,True,True,True,True,True,True,True,True,True,True,True,True,True,True,True,True
Model-guided constrained SAC,test_039_9c0d1ebe6c19,1600960620.0,True,True,9.93841960359326e-07,True,True,True,True,True,True,True,True,True,True,True,True,True,True,True,True
Passive,test_040_11a8950c659e,,True,True,9.974133989873894e-07,True,True,True,True,True,True,True,True,True,True,True,True,True,True,True,True
Reactive,test_040_11a8950c659e,,True,True,9.716146422988943e-07,True,True,True,True,True,True,True,True,True,True,True,True,True,True,True,True
Projected stochastic MPC,test_040_11a8950c659e,,True,True,8.92436188405258e-07,True,True,True,True,True,True,True,True,True,True,True,True,True,True,True,True
Behaviour cloning,test_040_11a8950c659e,1409200687.0,True,True,9.879079190096887e-07,True,True,True,True,True,True,True,True,True,True,True,True,True,True,True,True
Behaviour cloning,test_040_11a8950c659e,3018804584.0,True,True,9.561754736762219e-07,True,True,True,True,True,True,True,True,True,True,True,True,True,True,True,True
Behaviour cloning,test_040_11a8950c659e,959653586.0,True,True,8.810298452264176e-07,True,True,True,True,True,True,True,True,True,True,True,True,True,True,True,True
PPO,test_040_11a8950c659e,1694234878.0,True,True,9.929373115516895e-07,True,True,True,True,True,True,True,True,True,True,True,True,True,True,True,True
PPO,test_040_11a8950c659e,1635820214.0,True,True,9.914434400513575e-07,True,True,True,True,True,True,True,True,True,True,True,True,True,True,True,True
PPO,test_040_11a8950c659e,456241246.0,True,True,9.98441210723297e-07,True,True,True,True,True,True,True,True,True,True,True,True,True,True,True,True
Vanilla SAC,test_040_11a8950c659e,3760190062.0,True,True,9.809652823865944e-07,True,True,True,True,True,True,True,True,True,True,True,True,True,True,True,True
Vanilla SAC,test_040_11a8950c659e,3890281123.0,True,True,9.809220444569933e-07,True,True,True,True,True,True,True,True,True,True,True,True,True,True,True,True
Vanilla SAC,test_040_11a8950c659e,4226533458.0,True,True,9.808034062208269e-07,True,True,True,True,True,True,True,True,True,True,True,True,True,True,True,True
Constrained SAC,test_040_11a8950c659e,301721597.0,True,True,9.81268600447398e-07,True,True,True,True,True,True,True,True,True,True,True,True,True,True,True,True
Constrained SAC,test_040_11a8950c659e,554911178.0,True,True,9.809134322555134e-07,True,True,True,True,True,True,True,True,True,True,True,True,True,True,True,True
Constrained SAC,test_040_11a8950c659e,1600960620.0,True,True,9.811098202584004e-07,True,True,True,True,True,True,True,True,True,True,True,True,True,True,True,True
Model-guided constrained SAC,test_040_11a8950c659e,301721597.0,True,True,9.045185435162345e-07,True,True,True,True,True,True,True,True,True,True,True,True,True,True,True,True
Model-guided constrained SAC,test_040_11a8950c659e,554911178.0,True,True,9.808408501170097e-07,True,True,True,True,True,True,True,True,True,True,True,True,True,True,True,True
Model-guided constrained SAC,test_040_11a8950c659e,1600960620.0,True,True,9.776057116868216e-07,True,True,True,True,True,True,True,True,True,True,True,True,True,True,True,True
Passive,test_041_e58f21dcc209,,True,True,9.510584155630482e-07,True,True,True,True,True,True,True,True,True,True,True,True,True,True,True,True
Reactive,test_041_e58f21dcc209,,True,True,9.54042784239246e-07,True,True,True,True,True,True,True,True,True,True,True,True,True,True,True,True
Projected stochastic MPC,test_041_e58f21dcc209,,True,True,9.85982265158962e-07,True,True,True,True,True,True,True,True,True,True,True,True,True,True,True,True
Behaviour cloning,test_041_e58f21dcc209,1409200687.0,True,True,9.973208467184751e-07,True,True,True,True,True,True,True,True,True,True,True,True,True,True,True,True
Behaviour cloning,test_041_e58f21dcc209,3018804584.0,True,True,9.741951690854219e-07,True,True,True,True,True,True,True,True,True,True,True,True,True,True,True,True
Behaviour cloning,test_041_e58f21dcc209,959653586.0,True,True,9.965677722225076e-07,True,True,True,True,True,True,True,True,True,True,True,True,True,True,True,True
PPO,test_041_e58f21dcc209,1694234878.0,True,True,9.65827802440408e-07,True,True,True,True,True,True,True,True,True,True,True,True,True,True,True,True
PPO,test_041_e58f21dcc209,1635820214.0,True,True,8.539474570434481e-07,True,True,True,True,True,True,True,True,True,True,True,True,True,True,True,True
PPO,test_041_e58f21dcc209,456241246.0,True,True,9.447994984615744e-07,True,True,True,True,True,True,True,True,True,True,True,True,True,True,True,True
Vanilla SAC,test_041_e58f21dcc209,3760190062.0,True,True,9.529537976077267e-07,True,True,True,True,True,True,True,True,True,True,True,True,True,True,True,True
Vanilla SAC,test_041_e58f21dcc209,3890281123.0,True,True,9.523503427055006e-07,True,True,True,True,True,True,True,True,True,True,True,True,True,True,True,True
Vanilla SAC,test_041_e58f21dcc209,4226533458.0,True,True,9.529803005172996e-07,True,True,True,True,True,True,True,True,True,True,True,True,True,True,True,True
Constrained SAC,test_041_e58f21dcc209,301721597.0,True,True,9.53667806371407e-07,True,True,True,True,True,True,True,True,True,True,True,True,True,True,True,True
Constrained SAC,test_041_e58f21dcc209,554911178.0,True,True,9.528064477462282e-07,True,True,True,True,True,True,True,True,True,True,True,True,True,True,True,True
Constrained SAC,test_041_e58f21dcc209,1600960620.0,True,True,9.523926931673072e-07,True,True,True,True,True,True,True,True,True,True,True,True,True,True,True,True
Model-guided constrained SAC,test_041_e58f21dcc209,301721597.0,True,True,9.977707726514717e-07,True,True,True,True,True,True,True,True,True,True,True,True,True,True,True,True
Model-guided constrained SAC,test_041_e58f21dcc209,554911178.0,True,True,9.81913593629948e-07,True,True,True,True,True,True,True,True,True,True,True,True,True,True,True,True
Model-guided constrained SAC,test_041_e58f21dcc209,1600960620.0,True,True,9.747335853365263e-07,True,True,True,True,True,True,True,True,True,True,True,True,True,True,True,True
Passive,test_042_a77d2ece213a,,True,True,9.564885028562608e-07,True,True,True,True,True,True,True,True,True,True,True,True,True,True,True,True
Reactive,test_042_a77d2ece213a,,True,True,9.61249022148183e-07,True,True,True,True,True,True,True,True,True,True,True,True,True,True,True,True
Projected stochastic MPC,test_042_a77d2ece213a,,True,True,9.858377538207891e-07,True,True,True,True,True,True,True,True,True,True,True,True,True,True,True,True
Behaviour cloning,test_042_a77d2ece213a,1409200687.0,True,True,9.04914712379698e-07,True,True,True,True,True,True,True,True,True,True,True,True,True,True,True,True
Behaviour cloning,test_042_a77d2ece213a,3018804584.0,True,True,9.985644217844945e-07,True,True,True,True,True,True,True,True,True,True,True,True,True,True,True,True
Behaviour cloning,test_042_a77d2ece213a,959653586.0,True,True,9.911378159216603e-07,True,True,True,True,True,True,True,True,True,True,True,True,True,True,True,True
PPO,test_042_a77d2ece213a,1694234878.0,True,True,9.918387497710139e-07,True,True,True,True,True,True,True,True,True,True,True,True,True,True,True,True
PPO,test_042_a77d2ece213a,1635820214.0,True,True,9.912235684108454e-07,True,True,True,True,True,True,True,True,True,True,True,True,True,True,True,True
PPO,test_042_a77d2ece213a,456241246.0,True,True,9.87405991809878e-07,True,True,True,True,True,True,True,True,True,True,True,True,True,True,True,True
Vanilla SAC,test_042_a77d2ece213a,3760190062.0,True,True,9.583522287995133e-07,True,True,True,True,True,True,True,True,True,True,True,True,True,True,True,True
Vanilla SAC,test_042_a77d2ece213a,3890281123.0,True,True,9.578863072900406e-07,True,True,True,True,True,True,True,True,True,True,True,True,True,True,True,True
Vanilla SAC,test_042_a77d2ece213a,4226533458.0,True,True,9.584192867426485e-07,True,True,True,True,True,True,True,True,True,True,True,True,True,True,True,True
Constrained SAC,test_042_a77d2ece213a,301721597.0,True,True,9.553466670838154e-07,True,True,True,True,True,True,True,True,True,True,True,True,True,True,True,True
Constrained SAC,test_042_a77d2ece213a,554911178.0,True,True,9.569248114620639e-07,True,True,True,True,True,True,True,True,True,True,True,True,True,True,True,True
Constrained SAC,test_042_a77d2ece213a,1600960620.0,True,True,9.56206496381978e-07,True,True,True,True,True,True,True,True,True,True,True,True,True,True,True,True
Model-guided constrained SAC,test_042_a77d2ece213a,301721597.0,True,True,9.990633000910604e-07,True,True,True,True,True,True,True,True,True,True,True,True,True,True,True,True
Model-guided constrained SAC,test_042_a77d2ece213a,554911178.0,True,True,9.80536660546644e-07,True,True,True,True,True,True,True,True,True,True,True,True,True,True,True,True
Model-guided constrained SAC,test_042_a77d2ece213a,1600960620.0,True,True,9.803380750799585e-07,True,True,True,True,True,True,True,True,True,True,True,True,True,True,True,True
Passive,test_043_f1174106175c,,True,True,9.708022676800484e-07,True,True,True,True,True,True,True,True,True,True,True,True,True,True,True,True
Reactive,test_043_f1174106175c,,True,True,9.395272805054917e-07,True,True,True,True,True,True,True,True,True,True,True,True,True,True,True,True
Projected stochastic MPC,test_043_f1174106175c,,True,True,9.74681974381159e-07,True,True,True,True,True,True,True,True,True,True,True,True,True,True,True,True
Behaviour cloning,test_043_f1174106175c,1409200687.0,True,True,9.117424376761321e-07,True,True,True,True,True,True,True,True,True,True,True,True,True,True,True,True
Behaviour cloning,test_043_f1174106175c,3018804584.0,True,True,9.422915934853445e-07,True,True,True,True,True,True,True,True,True,True,True,True,True,True,True,True
Behaviour cloning,test_043_f1174106175c,959653586.0,True,True,9.991438996278214e-07,True,True,True,True,True,True,True,True,True,True,True,True,True,True,True,True
PPO,test_043_f1174106175c,1694234878.0,True,True,9.828389732507357e-07,True,True,True,True,True,True,True,True,True,True,True,True,True,True,True,True
PPO,test_043_f1174106175c,1635820214.0,True,True,9.992601537669251e-07,True,True,True,True,True,True,True,True,True,True,True,True,True,True,True,True
PPO,test_043_f1174106175c,456241246.0,True,True,9.689019954835384e-07,True,True,True,True,True,True,True,True,True,True,True,True,True,True,True,True
Vanilla SAC,test_043_f1174106175c,3760190062.0,True,True,9.70937039027497e-07,True,True,True,True,True,True,True,True,True,True,True,True,True,True,True,True
Vanilla SAC,test_043_f1174106175c,3890281123.0,True,True,9.709035300844903e-07,True,True,True,True,True,True,True,True,True,True,True,True,True,True,True,True
Vanilla SAC,test_043_f1174106175c,4226533458.0,True,True,9.70933839465654e-07,True,True,True,True,True,True,True,True,True,True,True,True,True,True,True,True
Constrained SAC,test_043_f1174106175c,301721597.0,True,True,9.708862244572694e-07,True,True,True,True,True,True,True,True,True,True,True,True,True,True,True,True
Constrained SAC,test_043_f1174106175c,554911178.0,True,True,9.708990775043783e-07,True,True,True,True,True,True,True,True,True,True,True,True,True,True,True,True
Constrained SAC,test_043_f1174106175c,1600960620.0,True,True,9.708787565436532e-07,True,True,True,True,True,True,True,True,True,True,True,True,True,True,True,True
Model-guided constrained SAC,test_043_f1174106175c,301721597.0,True,True,9.841181177820242e-07,True,True,True,True,True,True,True,True,True,True,True,True,True,True,True,True
Model-guided constrained SAC,test_043_f1174106175c,554911178.0,True,True,9.673290409150458e-07,True,True,True,True,True,True,True,True,True,True,True,True,True,True,True,True
Model-guided constrained SAC,test_043_f1174106175c,1600960620.0,True,True,8.476617942742951e-07,True,True,True,True,True,True,True,True,True,True,True,True,True,True,True,True
Passive,test_044_ed401c94714a,,True,True,9.944215368540315e-07,True,True,True,True,True,True,True,True,True,True,True,True,True,True,True,True
Reactive,test_044_ed401c94714a,,True,True,9.460412025693297e-07,True,True,True,True,True,True,True,True,True,True,True,True,True,True,True,True
Projected stochastic MPC,test_044_ed401c94714a,,True,True,9.260815097922561e-07,True,True,True,True,True,True,True,True,True,True,True,True,True,True,True,True
Behaviour cloning,test_044_ed401c94714a,1409200687.0,True,True,9.789434150359721e-07,True,True,True,True,True,True,True,True,True,True,True,True,True,True,True,True
Behaviour cloning,test_044_ed401c94714a,3018804584.0,True,True,9.662304723675316e-07,True,True,True,True,True,True,True,True,True,True,True,True,True,True,True,True
Behaviour cloning,test_044_ed401c94714a,959653586.0,True,True,9.826817097952114e-07,True,True,True,True,True,True,True,True,True,True,True,True,True,True,True,True
PPO,test_044_ed401c94714a,1694234878.0,True,True,7.912857338656212e-07,True,True,True,True,True,True,True,True,True,True,True,True,True,True,True,True
PPO,test_044_ed401c94714a,1635820214.0,True,True,9.406503296898686e-07,True,True,True,True,True,True,True,True,True,True,True,True,True,True,True,True
PPO,test_044_ed401c94714a,456241246.0,True,True,8.904755558775903e-07,True,True,True,True,True,True,True,True,True,True,True,True,True,True,True,True
Vanilla SAC,test_044_ed401c94714a,3760190062.0,True,True,9.96050643015453e-07,True,True,True,True,True,True,True,True,True,True,True,True,True,True,True,True
Vanilla SAC,test_044_ed401c94714a,3890281123.0,True,True,9.955424697277134e-07,True,True,True,True,True,True,True,True,True,True,True,True,True,True,True,True
Vanilla SAC,test_044_ed401c94714a,4226533458.0,True,True,9.960810388801652e-07,True,True,True,True,True,True,True,True,True,True,True,True,True,True,True,True
Constrained SAC,test_044_ed401c94714a,301721597.0,True,True,9.967424491287042e-07,True,True,True,True,True,True,True,True,True,True,True,True,True,True,True,True
Constrained SAC,test_044_ed401c94714a,554911178.0,True,True,9.959542952528262e-07,True,True,True,True,True,True,True,True,True,True,True,True,True,True,True,True
Constrained SAC,test_044_ed401c94714a,1600960620.0,True,True,9.955712404542342e-07,True,True,True,True,True,True,True,True,True,True,True,True,True,True,True,True
Model-guided constrained SAC,test_044_ed401c94714a,301721597.0,True,True,9.967424491287042e-07,True,True,True,True,True,True,True,True,True,True,True,True,True,True,True,True
Model-guided constrained SAC,test_044_ed401c94714a,554911178.0,True,True,9.959542952528262e-07,True,True,True,True,True,True,True,True,True,True,True,True,True,True,True,True
Model-guided constrained SAC,test_044_ed401c94714a,1600960620.0,True,True,9.955712404542342e-07,True,True,True,True,True,True,True,True,True,True,True,True,True,True,True,True
Passive,test_045_af7d3f616c1d,,True,True,9.83923929756767e-07,True,True,True,True,True,True,True,True,True,True,True,True,True,True,True,True
Reactive,test_045_af7d3f616c1d,,True,True,9.296130944723934e-07,True,True,True,True,True,True,True,True,True,True,True,True,True,True,True,True
Projected stochastic MPC,test_045_af7d3f616c1d,,True,True,9.714832319281126e-07,True,True,True,True,True,True,True,True,True,True,True,True,True,True,True,True
Behaviour cloning,test_045_af7d3f616c1d,1409200687.0,True,True,9.538621366259014e-07,True,True,True,True,True,True,True,True,True,True,True,True,True,True,True,True
Behaviour cloning,test_045_af7d3f616c1d,3018804584.0,True,True,8.673946696785602e-07,True,True,True,True,True,True,True,True,True,True,True,True,True,True,True,True
Behaviour cloning,test_045_af7d3f616c1d,959653586.0,True,True,9.635001276460628e-07,True,True,True,True,True,True,True,True,True,True,True,True,True,True,True,True
PPO,test_045_af7d3f616c1d,1694234878.0,True,True,9.908303941076008e-07,True,True,True,True,True,True,True,True,True,True,True,True,True,True,True,True
PPO,test_045_af7d3f616c1d,1635820214.0,True,True,9.599793724625635e-07,True,True,True,True,True,True,True,True,True,True,True,True,True,True,True,True
PPO,test_045_af7d3f616c1d,456241246.0,True,True,9.64959564035115e-07,True,True,True,True,True,True,True,True,True,True,True,True,True,True,True,True
Vanilla SAC,test_045_af7d3f616c1d,3760190062.0,True,True,8.857622020720112e-07,True,True,True,True,True,True,True,True,True,True,True,True,True,True,True,True
Vanilla SAC,test_045_af7d3f616c1d,3890281123.0,True,True,8.852079591379456e-07,True,True,True,True,True,True,True,True,True,True,True,True,True,True,True,True
Vanilla SAC,test_045_af7d3f616c1d,4226533458.0,True,True,8.857952461674799e-07,True,True,True,True,True,True,True,True,True,True,True,True,True,True,True,True
Constrained SAC,test_045_af7d3f616c1d,301721597.0,True,True,8.86458811977141e-07,True,True,True,True,True,True,True,True,True,True,True,True,True,True,True,True
Constrained SAC,test_045_af7d3f616c1d,554911178.0,True,True,8.856507501329065e-07,True,True,True,True,True,True,True,True,True,True,True,True,True,True,True,True
Constrained SAC,test_045_af7d3f616c1d,1600960620.0,True,True,8.852442321524342e-07,True,True,True,True,True,True,True,True,True,True,True,True,True,True,True,True
Model-guided constrained SAC,test_045_af7d3f616c1d,301721597.0,True,True,8.882420131309609e-07,True,True,True,True,True,True,True,True,True,True,True,True,True,True,True,True
Model-guided constrained SAC,test_045_af7d3f616c1d,554911178.0,True,True,9.994900395744746e-07,True,True,True,True,True,True,True,True,True,True,True,True,True,True,True,True
Model-guided constrained SAC,test_045_af7d3f616c1d,1600960620.0,True,True,9.932990973188383e-07,True,True,True,True,True,True,True,True,True,True,True,True,True,True,True,True
Passive,test_046_e35b743e6617,,True,True,9.93429306210756e-07,True,True,True,True,True,True,True,True,True,True,True,True,True,True,True,True
Reactive,test_046_e35b743e6617,,True,True,9.870386773645683e-07,True,True,True,True,True,True,True,True,True,True,True,True,True,True,True,True
Projected stochastic MPC,test_046_e35b743e6617,,True,True,9.943095858184065e-07,True,True,True,True,True,True,True,True,True,True,True,True,True,True,True,True
Behaviour cloning,test_046_e35b743e6617,1409200687.0,True,True,9.770741604026507e-07,True,True,True,True,True,True,True,True,True,True,True,True,True,True,True,True
Behaviour cloning,test_046_e35b743e6617,3018804584.0,True,True,9.659974774855593e-07,True,True,True,True,True,True,True,True,True,True,True,True,True,True,True,True
Behaviour cloning,test_046_e35b743e6617,959653586.0,True,True,9.490900126791952e-07,True,True,True,True,True,True,True,True,True,True,True,True,True,True,True,True
PPO,test_046_e35b743e6617,1694234878.0,True,True,9.959589996279414e-07,True,True,True,True,True,True,True,True,True,True,True,True,True,True,True,True
PPO,test_046_e35b743e6617,1635820214.0,True,True,9.244498598559378e-07,True,True,True,True,True,True,True,True,True,True,True,True,True,True,True,True
PPO,test_046_e35b743e6617,456241246.0,True,True,9.903097174978435e-07,True,True,True,True,True,True,True,True,True,True,True,True,True,True,True,True
Vanilla SAC,test_046_e35b743e6617,3760190062.0,True,True,9.228887184376142e-07,True,True,True,True,True,True,True,True,True,True,True,True,True,True,True,True
Vanilla SAC,test_046_e35b743e6617,3890281123.0,True,True,9.243345114617317e-07,True,True,True,True,True,True,True,True,True,True,True,True,True,True,True,True
Vanilla SAC,test_046_e35b743e6617,4226533458.0,True,True,9.230150943842957e-07,True,True,True,True,True,True,True,True,True,True,True,True,True,True,True,True
Constrained SAC,test_046_e35b743e6617,301721597.0,True,True,9.238811535842232e-07,True,True,True,True,True,True,True,True,True,True,True,True,True,True,True,True
Constrained SAC,test_046_e35b743e6617,554911178.0,True,True,9.238517536639409e-07,True,True,True,True,True,True,True,True,True,True,True,True,True,True,True,True
Constrained SAC,test_046_e35b743e6617,1600960620.0,True,True,9.244380317998728e-07,True,True,True,True,True,True,True,True,True,True,True,True,True,True,True,True
Model-guided constrained SAC,test_046_e35b743e6617,301721597.0,True,True,8.967959335192877e-07,True,True,True,True,True,True,True,True,True,True,True,True,True,True,True,True
Model-guided constrained SAC,test_046_e35b743e6617,554911178.0,True,True,9.90662923867494e-07,True,True,True,True,True,True,True,True,True,True,True,True,True,True,True,True
Model-guided constrained SAC,test_046_e35b743e6617,1600960620.0,True,True,9.68361272585924e-07,True,True,True,True,True,True,True,True,True,True,True,True,True,True,True,True
Passive,test_047_20c1f89391c1,,True,True,9.967210390959696e-07,True,True,True,True,True,True,True,True,True,True,True,True,True,True,True,True
Reactive,test_047_20c1f89391c1,,True,True,9.64390868221922e-07,True,True,True,True,True,True,True,True,True,True,True,True,True,True,True,True
Projected stochastic MPC,test_047_20c1f89391c1,,True,True,9.960857494078732e-07,True,True,True,True,True,True,True,True,True,True,True,True,True,True,True,True
Behaviour cloning,test_047_20c1f89391c1,1409200687.0,True,True,9.902445207055723e-07,True,True,True,True,True,True,True,True,True,True,True,True,True,True,True,True
Behaviour cloning,test_047_20c1f89391c1,3018804584.0,True,True,9.527677010807495e-07,True,True,True,True,True,True,True,True,True,True,True,True,True,True,True,True
Behaviour cloning,test_047_20c1f89391c1,959653586.0,True,True,9.490063419483271e-07,True,True,True,True,True,True,True,True,True,True,True,True,True,True,True,True
PPO,test_047_20c1f89391c1,1694234878.0,True,True,9.547640428584494e-07,True,True,True,True,True,True,True,True,True,True,True,True,True,True,True,True
PPO,test_047_20c1f89391c1,1635820214.0,True,True,9.708905674136247e-07,True,True,True,True,True,True,True,True,True,True,True,True,True,True,True,True
PPO,test_047_20c1f89391c1,456241246.0,True,True,9.517104212771461e-07,True,True,True,True,True,True,True,True,True,True,True,True,True,True,True,True
Vanilla SAC,test_047_20c1f89391c1,3760190062.0,True,True,9.748860309122366e-07,True,True,True,True,True,True,True,True,True,True,True,True,True,True,True,True
Vanilla SAC,test_047_20c1f89391c1,3890281123.0,True,True,9.813092344555359e-07,True,True,True,True,True,True,True,True,True,True,True,True,True,True,True,True
Vanilla SAC,test_047_20c1f89391c1,4226533458.0,True,True,9.760526279600734e-07,True,True,True,True,True,True,True,True,True,True,True,True,True,True,True,True
Constrained SAC,test_047_20c1f89391c1,301721597.0,True,True,9.768769102550988e-07,True,True,True,True,True,True,True,True,True,True,True,True,True,True,True,True
Constrained SAC,test_047_20c1f89391c1,554911178.0,True,True,9.776885838999716e-07,True,True,True,True,True,True,True,True,True,True,True,True,True,True,True,True
Constrained SAC,test_047_20c1f89391c1,1600960620.0,True,True,9.803819788754124e-07,True,True,True,True,True,True,True,True,True,True,True,True,True,True,True,True
Model-guided constrained SAC,test_047_20c1f89391c1,301721597.0,True,True,9.639165291365797e-07,True,True,True,True,True,True,True,True,True,True,True,True,True,True,True,True
Model-guided constrained SAC,test_047_20c1f89391c1,554911178.0,True,True,9.995869018776106e-07,True,True,True,True,True,True,True,True,True,True,True,True,True,True,True,True
Model-guided constrained SAC,test_047_20c1f89391c1,1600960620.0,True,True,9.46647297236188e-07,True,True,True,True,True,True,True,True,True,True,True,True,True,True,True,True
Passive,test_048_eeaf6a6a0a15,,True,True,9.920329102877129e-07,True,True,True,True,True,True,True,True,True,True,True,True,True,True,True,True
Reactive,test_048_eeaf6a6a0a15,,True,True,9.732578194056378e-07,True,True,True,True,True,True,True,True,True,True,True,True,True,True,True,True
Projected stochastic MPC,test_048_eeaf6a6a0a15,,True,True,9.321006611942679e-07,True,True,True,True,True,True,True,True,True,True,True,True,True,True,True,True
Behaviour cloning,test_048_eeaf6a6a0a15,1409200687.0,True,True,9.726731199505294e-07,True,True,True,True,True,True,True,True,True,True,True,True,True,True,True,True
Behaviour cloning,test_048_eeaf6a6a0a15,3018804584.0,True,True,9.956486657349327e-07,True,True,True,True,True,True,True,True,True,True,True,True,True,True,True,True
Behaviour cloning,test_048_eeaf6a6a0a15,959653586.0,True,True,9.737569600090942e-07,True,True,True,True,True,True,True,True,True,True,True,True,True,True,True,True
PPO,test_048_eeaf6a6a0a15,1694234878.0,True,True,9.656138195718323e-07,True,True,True,True,True,True,True,True,True,True,True,True,True,True,True,True
PPO,test_048_eeaf6a6a0a15,1635820214.0,True,True,9.964336747584831e-07,True,True,True,True,True,True,True,True,True,True,True,True,True,True,True,True
PPO,test_048_eeaf6a6a0a15,456241246.0,True,True,9.96276714365159e-07,True,True,True,True,True,True,True,True,True,True,True,True,True,True,True,True
Vanilla SAC,test_048_eeaf6a6a0a15,3760190062.0,True,True,9.922967902888878e-07,True,True,True,True,True,True,True,True,True,True,True,True,True,True,True,True
Vanilla SAC,test_048_eeaf6a6a0a15,3890281123.0,True,True,9.92193110271992e-07,True,True,True,True,True,True,True,True,True,True,True,True,True,True,True,True
Vanilla SAC,test_048_eeaf6a6a0a15,4226533458.0,True,True,9.923152179627894e-07,True,True,True,True,True,True,True,True,True,True,True,True,True,True,True,True
Constrained SAC,test_048_eeaf6a6a0a15,301721597.0,True,True,9.92051870871143e-07,True,True,True,True,True,True,True,True,True,True,True,True,True,True,True,True
Constrained SAC,test_048_eeaf6a6a0a15,554911178.0,True,True,9.921741514476065e-07,True,True,True,True,True,True,True,True,True,True,True,True,True,True,True,True
Constrained SAC,test_048_eeaf6a6a0a15,1600960620.0,True,True,9.920726116320842e-07,True,True,True,True,True,True,True,True,True,True,True,True,True,True,True,True
Model-guided constrained SAC,test_048_eeaf6a6a0a15,301721597.0,True,True,9.81507812003078e-07,True,True,True,True,True,True,True,True,True,True,True,True,True,True,True,True
Model-guided constrained SAC,test_048_eeaf6a6a0a15,554911178.0,True,True,9.984417409825811e-07,True,True,True,True,True,True,True,True,True,True,True,True,True,True,True,True
Model-guided constrained SAC,test_048_eeaf6a6a0a15,1600960620.0,True,True,9.927345541423405e-07,True,True,True,True,True,True,True,True,True,True,True,True,True,True,True,True
Passive,test_049_343da3774e7e,,True,True,8.726769952973095e-07,True,True,True,True,True,True,True,True,True,True,True,True,True,True,True,True
Reactive,test_049_343da3774e7e,,True,True,9.921092893662307e-07,True,True,True,True,True,True,True,True,True,True,True,True,True,True,True,True
Projected stochastic MPC,test_049_343da3774e7e,,True,True,9.113741595083246e-07,True,True,True,True,True,True,True,True,True,True,True,True,True,True,True,True
Behaviour cloning,test_049_343da3774e7e,1409200687.0,True,True,9.891139094410644e-07,True,True,True,True,True,True,True,True,True,True,True,True,True,True,True,True
Behaviour cloning,test_049_343da3774e7e,3018804584.0,True,True,9.629865746535915e-07,True,True,True,True,True,True,True,True,True,True,True,True,True,True,True,True
Behaviour cloning,test_049_343da3774e7e,959653586.0,True,True,9.935663011345094e-07,True,True,True,True,True,True,True,True,True,True,True,True,True,True,True,True
PPO,test_049_343da3774e7e,1694234878.0,True,True,9.348322042664292e-07,True,True,True,True,True,True,True,True,True,True,True,True,True,True,True,True
PPO,test_049_343da3774e7e,1635820214.0,True,True,9.048585553309426e-07,True,True,True,True,True,True,True,True,True,True,True,True,True,True,True,True
PPO,test_049_343da3774e7e,456241246.0,True,True,9.999630060315778e-07,True,True,True,True,True,True,True,True,True,True,True,True,True,True,True,True
Vanilla SAC,test_049_343da3774e7e,3760190062.0,True,True,8.746592234530583e-07,True,True,True,True,True,True,True,True,True,True,True,True,True,True,True,True
Vanilla SAC,test_049_343da3774e7e,3890281123.0,True,True,8.740218716908376e-07,True,True,True,True,True,True,True,True,True,True,True,True,True,True,True,True
Vanilla SAC,test_049_343da3774e7e,4226533458.0,True,True,8.746794483152349e-07,True,True,True,True,True,True,True,True,True,True,True,True,True,True,True,True
Constrained SAC,test_049_343da3774e7e,301721597.0,True,True,8.753345666778773e-07,True,True,True,True,True,True,True,True,True,True,True,True,True,True,True,True
Constrained SAC,test_049_343da3774e7e,554911178.0,True,True,8.744747278447462e-07,True,True,True,True,True,True,True,True,True,True,True,True,True,True,True,True
Constrained SAC,test_049_343da3774e7e,1600960620.0,True,True,8.740714756315304e-07,True,True,True,True,True,True,True,True,True,True,True,True,True,True,True,True
Model-guided constrained SAC,test_049_343da3774e7e,301721597.0,True,True,9.45642754004924e-07,True,True,True,True,True,True,True,True,True,True,True,True,True,True,True,True
Model-guided constrained SAC,test_049_343da3774e7e,554911178.0,True,True,9.516536394487428e-07,True,True,True,True,True,True,True,True,True,True,True,True,True,True,True,True
Model-guided constrained SAC,test_049_343da3774e7e,1600960620.0,True,True,9.930485772493627e-07,True,True,True,True,True,True,True,True,True,True,True,True,True,True,True,True
Passive,test_050_1c7612d8bc63,,True,True,9.318479317209449e-07,True,True,True,True,True,True,True,True,True,True,True,True,True,True,True,True
Reactive,test_050_1c7612d8bc63,,True,True,9.577098987651861e-07,True,True,True,True,True,True,True,True,True,True,True,True,True,True,True,True
Projected stochastic MPC,test_050_1c7612d8bc63,,True,True,9.240037109174185e-07,True,True,True,True,True,True,True,True,True,True,True,True,True,True,True,True
Behaviour cloning,test_050_1c7612d8bc63,1409200687.0,True,True,9.955913116182722e-07,True,True,True,True,True,True,True,True,True,True,True,True,True,True,True,True
Behaviour cloning,test_050_1c7612d8bc63,3018804584.0,True,True,9.934901305359661e-07,True,True,True,True,True,True,True,True,True,True,True,True,True,True,True,True
Behaviour cloning,test_050_1c7612d8bc63,959653586.0,True,True,9.99025892645251e-07,True,True,True,True,True,True,True,True,True,True,True,True,True,True,True,True
PPO,test_050_1c7612d8bc63,1694234878.0,True,True,9.720079576706292e-07,True,True,True,True,True,True,True,True,True,True,True,True,True,True,True,True
PPO,test_050_1c7612d8bc63,1635820214.0,True,True,9.901639984224921e-07,True,True,True,True,True,True,True,True,True,True,True,True,True,True,True,True
PPO,test_050_1c7612d8bc63,456241246.0,True,True,9.87603474135671e-07,True,True,True,True,True,True,True,True,True,True,True,True,True,True,True,True
Vanilla SAC,test_050_1c7612d8bc63,3760190062.0,True,True,9.32840811592395e-07,True,True,True,True,True,True,True,True,True,True,True,True,True,True,True,True
Vanilla SAC,test_050_1c7612d8bc63,3890281123.0,True,True,9.322136230036767e-07,True,True,True,True,True,True,True,True,True,True,True,True,True,True,True,True
Vanilla SAC,test_050_1c7612d8bc63,4226533458.0,True,True,9.337961785884088e-07,True,True,True,True,True,True,True,True,True,True,True,True,True,True,True,True
Constrained SAC,test_050_1c7612d8bc63,301721597.0,True,True,9.29373067097086e-07,True,True,True,True,True,True,True,True,True,True,True,True,True,True,True,True
Constrained SAC,test_050_1c7612d8bc63,554911178.0,True,True,9.310927580736875e-07,True,True,True,True,True,True,True,True,True,True,True,True,True,True,True,True
Constrained SAC,test_050_1c7612d8bc63,1600960620.0,True,True,9.298219329972372e-07,True,True,True,True,True,True,True,True,True,True,True,True,True,True,True,True
Model-guided constrained SAC,test_050_1c7612d8bc63,301721597.0,True,True,9.636419250791954e-07,True,True,True,True,True,True,True,True,True,True,True,True,True,True,True,True
Model-guided constrained SAC,test_050_1c7612d8bc63,554911178.0,True,True,9.922695284914415e-07,True,True,True,True,True,True,True,True,True,True,True,True,True,True,True,True
Model-guided constrained SAC,test_050_1c7612d8bc63,1600960620.0,True,True,9.946161553642223e-07,True,True,True,True,True,True,True,True,True,True,True,True,True,True,True,True
Passive,test_051_5747c87e6d9a,,True,True,9.914015597276932e-07,True,True,True,True,True,True,True,True,True,True,True,True,True,True,True,True
Reactive,test_051_5747c87e6d9a,,True,True,9.981144614288912e-07,True,True,True,True,True,True,True,True,True,True,True,True,True,True,True,True
Projected stochastic MPC,test_051_5747c87e6d9a,,True,True,9.880210398052379e-07,True,True,True,True,True,True,True,True,True,True,True,True,True,True,True,True
Behaviour cloning,test_051_5747c87e6d9a,1409200687.0,True,True,9.929497620855539e-07,True,True,True,True,True,True,True,True,True,True,True,True,True,True,True,True
Behaviour cloning,test_051_5747c87e6d9a,3018804584.0,True,True,9.856984779215592e-07,True,True,True,True,True,True,True,True,True,True,True,True,True,True,True,True
Behaviour cloning,test_051_5747c87e6d9a,959653586.0,True,True,9.98296231881115e-07,True,True,True,True,True,True,True,True,True,True,True,True,True,True,True,True
PPO,test_051_5747c87e6d9a,1694234878.0,True,True,9.88166030305707e-07,True,True,True,True,True,True,True,True,True,True,True,True,True,True,True,True
PPO,test_051_5747c87e6d9a,1635820214.0,True,True,9.640187042595183e-07,True,True,True,True,True,True,True,True,True,True,True,True,True,True,True,True
PPO,test_051_5747c87e6d9a,456241246.0,True,True,9.98428198341671e-07,True,True,True,True,True,True,True,True,True,True,True,True,True,True,True,True
Vanilla SAC,test_051_5747c87e6d9a,3760190062.0,True,True,9.89762919281259e-07,True,True,True,True,True,True,True,True,True,True,True,True,True,True,True,True
Vanilla SAC,test_051_5747c87e6d9a,3890281123.0,True,True,9.901845117708162e-07,True,True,True,True,True,True,True,True,True,True,True,True,True,True,True,True
Vanilla SAC,test_051_5747c87e6d9a,4226533458.0,True,True,9.899408981161968e-07,True,True,True,True,True,True,True,True,True,True,True,True,True,True,True,True
Constrained SAC,test_051_5747c87e6d9a,301721597.0,True,True,9.892468478815364e-07,True,True,True,True,True,True,True,True,True,True,True,True,True,True,True,True
Constrained SAC,test_051_5747c87e6d9a,554911178.0,True,True,9.899176062741587e-07,True,True,True,True,True,True,True,True,True,True,True,True,True,True,True,True
Constrained SAC,test_051_5747c87e6d9a,1600960620.0,True,True,9.898227951037914e-07,True,True,True,True,True,True,True,True,True,True,True,True,True,True,True,True
Model-guided constrained SAC,test_051_5747c87e6d9a,301721597.0,True,True,9.604480078202607e-07,True,True,True,True,True,True,True,True,True,True,True,True,True,True,True,True
Model-guided constrained SAC,test_051_5747c87e6d9a,554911178.0,True,True,9.776117939159574e-07,True,True,True,True,True,True,True,True,True,True,True,True,True,True,True,True
Model-guided constrained SAC,test_051_5747c87e6d9a,1600960620.0,True,True,9.880266210529055e-07,True,True,True,True,True,True,True,True,True,True,True,True,True,True,True,True
Passive,test_052_9760565f31de,,True,True,9.988788141237287e-07,True,True,True,True,True,True,True,True,True,True,True,True,True,True,True,True
Reactive,test_052_9760565f31de,,True,True,9.55311503762367e-07,True,True,True,True,True,True,True,True,True,True,True,True,True,True,True,True
Projected stochastic MPC,test_052_9760565f31de,,True,True,9.986988472532394e-07,True,True,True,True,True,True,True,True,True,True,True,True,True,True,True,True
Behaviour cloning,test_052_9760565f31de,1409200687.0,True,True,9.685891869604588e-07,True,True,True,True,True,True,True,True,True,True,True,True,True,True,True,True
Behaviour cloning,test_052_9760565f31de,3018804584.0,True,True,9.776386795547524e-07,True,True,True,True,True,True,True,True,True,True,True,True,True,True,True,True
Behaviour cloning,test_052_9760565f31de,959653586.0,True,True,9.67354835083803e-07,True,True,True,True,True,True,True,True,True,True,True,True,True,True,True,True
PPO,test_052_9760565f31de,1694234878.0,True,True,9.999902307327907e-07,True,True,True,True,True,True,True,True,True,True,True,True,True,True,True,True
PPO,test_052_9760565f31de,1635820214.0,True,True,9.180087088653439e-07,True,True,True,True,True,True,True,True,True,True,True,True,True,True,True,True
PPO,test_052_9760565f31de,456241246.0,True,True,9.985445658060108e-07,True,True,True,True,True,True,True,True,True,True,True,True,True,True,True,True
Vanilla SAC,test_052_9760565f31de,3760190062.0,True,True,9.990596229877482e-07,True,True,True,True,True,True,True,True,True,True,True,True,True,True,True,True
Vanilla SAC,test_052_9760565f31de,3890281123.0,True,True,9.98994937816601e-07,True,True,True,True,True,True,True,True,True,True,True,True,True,True,True,True
Vanilla SAC,test_052_9760565f31de,4226533458.0,True,True,9.990585795896883e-07,True,True,True,True,True,True,True,True,True,True,True,True,True,True,True,True
Constrained SAC,test_052_9760565f31de,301721597.0,True,True,9.989574958277712e-07,True,True,True,True,True,True,True,True,True,True,True,True,True,True,True,True
Constrained SAC,test_052_9760565f31de,554911178.0,True,True,9.990039702112944e-07,True,True,True,True,True,True,True,True,True,True,True,True,True,True,True,True
Constrained SAC,test_052_9760565f31de,1600960620.0,True,True,9.98962921781409e-07,True,True,True,True,True,True,True,True,True,True,True,True,True,True,True,True
Model-guided constrained SAC,test_052_9760565f31de,301721597.0,True,True,9.742735043875747e-07,True,True,True,True,True,True,True,True,True,True,True,True,True,True,True,True
Model-guided constrained SAC,test_052_9760565f31de,554911178.0,True,True,9.784529141107918e-07,True,True,True,True,True,True,True,True,True,True,True,True,True,True,True,True
Model-guided constrained SAC,test_052_9760565f31de,1600960620.0,True,True,9.752943699838904e-07,True,True,True,True,True,True,True,True,True,True,True,True,True,True,True,True
Passive,test_053_4473e6f72168,,True,True,9.706219054304425e-07,True,True,True,True,True,True,True,True,True,True,True,True,True,True,True,True
Reactive,test_053_4473e6f72168,,True,True,9.767963302824289e-07,True,True,True,True,True,True,True,True,True,True,True,True,True,True,True,True
Projected stochastic MPC,test_053_4473e6f72168,,True,True,9.317970856852216e-07,True,True,True,True,True,True,True,True,True,True,True,True,True,True,True,True
Behaviour cloning,test_053_4473e6f72168,1409200687.0,True,True,9.783682913430057e-07,True,True,True,True,True,True,True,True,True,True,True,True,True,True,True,True
Behaviour cloning,test_053_4473e6f72168,3018804584.0,True,True,9.969762694861441e-07,True,True,True,True,True,True,True,True,True,True,True,True,True,True,True,True
Behaviour cloning,test_053_4473e6f72168,959653586.0,True,True,9.445924561019423e-07,True,True,True,True,True,True,True,True,True,True,True,True,True,True,True,True
PPO,test_053_4473e6f72168,1694234878.0,True,True,9.839206535502168e-07,True,True,True,True,True,True,True,True,True,True,True,True,True,True,True,True
PPO,test_053_4473e6f72168,1635820214.0,True,True,9.829810957366367e-07,True,True,True,True,True,True,True,True,True,True,True,True,True,True,True,True
PPO,test_053_4473e6f72168,456241246.0,True,True,9.92131468359718e-07,True,True,True,True,True,True,True,True,True,True,True,True,True,True,True,True
Vanilla SAC,test_053_4473e6f72168,3760190062.0,True,True,9.843843212322459e-07,True,True,True,True,True,True,True,True,True,True,True,True,True,True,True,True
Vanilla SAC,test_053_4473e6f72168,3890281123.0,True,True,9.78064765780373e-07,True,True,True,True,True,True,True,True,True,True,True,True,True,True,True,True
Vanilla SAC,test_053_4473e6f72168,4226533458.0,True,True,9.843171936780535e-07,True,True,True,True,True,True,True,True,True,True,True,True,True,True,True,True
Constrained SAC,test_053_4473e6f72168,301721597.0,True,True,9.84343497278389e-07,True,True,True,True,True,True,True,True,True,True,True,True,True,True,True,True
Constrained SAC,test_053_4473e6f72168,554911178.0,True,True,9.808365391469548e-07,True,True,True,True,True,True,True,True,True,True,True,True,True,True,True,True
Constrained SAC,test_053_4473e6f72168,1600960620.0,True,True,9.80048816496377e-07,True,True,True,True,True,True,True,True,True,True,True,True,True,True,True,True
Model-guided constrained SAC,test_053_4473e6f72168,301721597.0,True,True,9.82371666878142e-07,True,True,True,True,True,True,True,True,True,True,True,True,True,True,True,True
Model-guided constrained SAC,test_053_4473e6f72168,554911178.0,True,True,9.638399343578306e-07,True,True,True,True,True,True,True,True,True,True,True,True,True,True,True,True
Model-guided constrained SAC,test_053_4473e6f72168,1600960620.0,True,True,9.622058369683667e-07,True,True,True,True,True,True,True,True,True,True,True,True,True,True,True,True
Passive,test_054_c66f0b1dacc4,,True,True,9.731154278189322e-07,True,True,True,True,True,True,True,True,True,True,True,True,True,True,True,True
Reactive,test_054_c66f0b1dacc4,,True,True,9.565288080213789e-07,True,True,True,True,True,True,True,True,True,True,True,True,True,True,True,True
Projected stochastic MPC,test_054_c66f0b1dacc4,,True,True,9.932052743882839e-07,True,True,True,True,True,True,True,True,True,True,True,True,True,True,True,True
Behaviour cloning,test_054_c66f0b1dacc4,1409200687.0,True,True,9.731830725503788e-07,True,True,True,True,True,True,True,True,True,True,True,True,True,True,True,True
Behaviour cloning,test_054_c66f0b1dacc4,3018804584.0,True,True,9.67685600508263e-07,True,True,True,True,True,True,True,True,True,True,True,True,True,True,True,True
Behaviour cloning,test_054_c66f0b1dacc4,959653586.0,True,True,9.895194472785164e-07,True,True,True,True,True,True,True,True,True,True,True,True,True,True,True,True
PPO,test_054_c66f0b1dacc4,1694234878.0,True,True,9.612982112715503e-07,True,True,True,True,True,True,True,True,True,True,True,True,True,True,True,True
PPO,test_054_c66f0b1dacc4,1635820214.0,True,True,9.71137144598094e-07,True,True,True,True,True,True,True,True,True,True,True,True,True,True,True,True
PPO,test_054_c66f0b1dacc4,456241246.0,True,True,9.746936097405134e-07,True,True,True,True,True,True,True,True,True,True,True,True,True,True,True,True
Vanilla SAC,test_054_c66f0b1dacc4,3760190062.0,True,True,9.730010417202496e-07,True,True,True,True,True,True,True,True,True,True,True,True,True,True,True,True
Vanilla SAC,test_054_c66f0b1dacc4,3890281123.0,True,True,9.788901240426939e-07,True,True,True,True,True,True,True,True,True,True,True,True,True,True,True,True
Vanilla SAC,test_054_c66f0b1dacc4,4226533458.0,True,True,9.72956027987655e-07,True,True,True,True,True,True,True,True,True,True,True,True,True,True,True,True
Constrained SAC,test_054_c66f0b1dacc4,301721597.0,True,True,9.731624203901746e-07,True,True,True,True,True,True,True,True,True,True,True,True,True,True,True,True
Constrained SAC,test_054_c66f0b1dacc4,554911178.0,True,True,9.731065340328378e-07,True,True,True,True,True,True,True,True,True,True,True,True,True,True,True,True
Constrained SAC,test_054_c66f0b1dacc4,1600960620.0,True,True,9.731747404376843e-07,True,True,True,True,True,True,True,True,True,True,True,True,True,True,True,True
Model-guided constrained SAC,test_054_c66f0b1dacc4,301721597.0,True,True,9.404928667169416e-07,True,True,True,True,True,True,True,True,True,True,True,True,True,True,True,True
Model-guided constrained SAC,test_054_c66f0b1dacc4,554911178.0,True,True,9.956198893109239e-07,True,True,True,True,True,True,True,True,True,True,True,True,True,True,True,True
Model-guided constrained SAC,test_054_c66f0b1dacc4,1600960620.0,True,True,9.567877231102823e-07,True,True,True,True,True,True,True,True,True,True,True,True,True,True,True,True
Passive,test_055_f90330578051,,True,True,9.475221550237511e-07,True,True,True,True,True,True,True,True,True,True,True,True,True,True,True,True
Reactive,test_055_f90330578051,,True,True,9.756539906986984e-07,True,True,True,True,True,True,True,True,True,True,True,True,True,True,True,True
Projected stochastic MPC,test_055_f90330578051,,True,True,9.974447053638028e-07,True,True,True,True,True,True,True,True,True,True,True,True,True,True,True,True
Behaviour cloning,test_055_f90330578051,1409200687.0,True,True,9.973272433623626e-07,True,True,True,True,True,True,True,True,True,True,True,True,True,True,True,True
Behaviour cloning,test_055_f90330578051,3018804584.0,True,True,9.960980611159744e-07,True,True,True,True,True,True,True,True,True,True,True,True,True,True,True,True
Behaviour cloning,test_055_f90330578051,959653586.0,True,True,9.9301268452763e-07,True,True,True,True,True,True,True,True,True,True,True,True,True,True,True,True
PPO,test_055_f90330578051,1694234878.0,True,True,9.814153602103887e-07,True,True,True,True,True,True,True,True,True,True,True,True,True,True,True,True
PPO,test_055_f90330578051,1635820214.0,True,True,9.971909532475071e-07,True,True,True,True,True,True,True,True,True,True,True,True,True,True,True,True
PPO,test_055_f90330578051,456241246.0,True,True,9.927980821486978e-07,True,True,True,True,True,True,True,True,True,True,True,True,True,True,True,True
Vanilla SAC,test_055_f90330578051,3760190062.0,True,True,9.478572610138291e-07,True,True,True,True,True,True,True,True,True,True,True,True,True,True,True,True
Vanilla SAC,test_055_f90330578051,3890281123.0,True,True,9.477437018293487e-07,True,True,True,True,True,True,True,True,True,True,True,True,True,True,True,True
Vanilla SAC,test_055_f90330578051,4226533458.0,True,True,9.478599858323436e-07,True,True,True,True,True,True,True,True,True,True,True,True,True,True,True,True
Constrained SAC,test_055_f90330578051,301721597.0,True,True,9.477131338566786e-07,True,True,True,True,True,True,True,True,True,True,True,True,True,True,True,True
Constrained SAC,test_055_f90330578051,554911178.0,True,True,9.47783536500183e-07,True,True,True,True,True,True,True,True,True,True,True,True,True,True,True,True
Constrained SAC,test_055_f90330578051,1600960620.0,True,True,9.477060009306117e-07,True,True,True,True,True,True,True,True,True,True,True,True,True,True,True,True
Model-guided constrained SAC,test_055_f90330578051,301721597.0,True,True,9.403352955806573e-07,True,True,True,True,True,True,True,True,True,True,True,True,True,True,True,True
Model-guided constrained SAC,test_055_f90330578051,554911178.0,True,True,9.88743683182433e-07,True,True,True,True,True,True,True,True,True,True,True,True,True,True,True,True
Model-guided constrained SAC,test_055_f90330578051,1600960620.0,True,True,9.948909700335712e-07,True,True,True,True,True,True,True,True,True,True,True,True,True,True,True,True
Passive,test_056_b2c64046cef9,,True,True,9.739782905789647e-07,True,True,True,True,True,True,True,True,True,True,True,True,True,True,True,True
Reactive,test_056_b2c64046cef9,,True,True,9.615472107932815e-07,True,True,True,True,True,True,True,True,True,True,True,True,True,True,True,True
Projected stochastic MPC,test_056_b2c64046cef9,,True,True,9.866423400234269e-07,True,True,True,True,True,True,True,True,True,True,True,True,True,True,True,True
Behaviour cloning,test_056_b2c64046cef9,1409200687.0,True,True,9.074187920089536e-07,True,True,True,True,True,True,True,True,True,True,True,True,True,True,True,True
Behaviour cloning,test_056_b2c64046cef9,3018804584.0,True,True,9.939099656657876e-07,True,True,True,True,True,True,True,True,True,True,True,True,True,True,True,True
Behaviour cloning,test_056_b2c64046cef9,959653586.0,True,True,9.437879003692083e-07,True,True,True,True,True,True,True,True,True,True,True,True,True,True,True,True
PPO,test_056_b2c64046cef9,1694234878.0,True,True,9.936765734942996e-07,True,True,True,True,True,True,True,True,True,True,True,True,True,True,True,True
PPO,test_056_b2c64046cef9,1635820214.0,True,True,9.615379975755666e-07,True,True,True,True,True,True,True,True,True,True,True,True,True,True,True,True
PPO,test_056_b2c64046cef9,456241246.0,True,True,9.93101236017896e-07,True,True,True,True,True,True,True,True,True,True,True,True,True,True,True,True
Vanilla SAC,test_056_b2c64046cef9,3760190062.0,True,True,9.970216131357911e-07,True,True,True,True,True,True,True,True,True,True,True,True,True,True,True,True
Vanilla SAC,test_056_b2c64046cef9,3890281123.0,True,True,9.739307325980605e-07,True,True,True,True,True,True,True,True,True,True,True,True,True,True,True,True
Vanilla SAC,test_056_b2c64046cef9,4226533458.0,True,True,9.975779375221034e-07,True,True,True,True,True,True,True,True,True,True,True,True,True,True,True,True
Constrained SAC,test_056_b2c64046cef9,301721597.0,True,True,9.989470794662678e-07,True,True,True,True,True,True,True,True,True,True,True,True,True,True,True,True
Constrained SAC,test_056_b2c64046cef9,554911178.0,True,True,9.99621898060181e-07,True,True,True,True,True,True,True,True,True,True,True,True,True,True,True,True
Constrained SAC,test_056_b2c64046cef9,1600960620.0,True,True,9.741775475731502e-07,True,True,True,True,True,True,True,True,True,True,True,True,True,True,True,True
Model-guided constrained SAC,test_056_b2c64046cef9,301721597.0,True,True,9.710204609183478e-07,True,True,True,True,True,True,True,True,True,True,True,True,True,True,True,True
Model-guided constrained SAC,test_056_b2c64046cef9,554911178.0,True,True,9.701350872713874e-07,True,True,True,True,True,True,True,True,True,True,True,True,True,True,True,True
Model-guided constrained SAC,test_056_b2c64046cef9,1600960620.0,True,True,9.868698869132352e-07,True,True,True,True,True,True,True,True,True,True,True,True,True,True,True,True
Passive,test_057_bf11b8e004e2,,True,True,8.216618773579107e-07,True,True,True,True,True,True,True,True,True,True,True,True,True,True,True,True
Reactive,test_057_bf11b8e004e2,,True,True,9.910045230140357e-07,True,True,True,True,True,True,True,True,True,True,True,True,True,True,True,True
Projected stochastic MPC,test_057_bf11b8e004e2,,True,True,9.663352997274505e-07,True,True,True,True,True,True,True,True,True,True,True,True,True,True,True,True
Behaviour cloning,test_057_bf11b8e004e2,1409200687.0,True,True,9.917055955536502e-07,True,True,True,True,True,True,True,True,True,True,True,True,True,True,True,True
Behaviour cloning,test_057_bf11b8e004e2,3018804584.0,True,True,9.913384526818593e-07,True,True,True,True,True,True,True,True,True,True,True,True,True,True,True,True
Behaviour cloning,test_057_bf11b8e004e2,959653586.0,True,True,9.995335313862357e-07,True,True,True,True,True,True,True,True,True,True,True,True,True,True,True,True
PPO,test_057_bf11b8e004e2,1694234878.0,True,True,9.737769840575396e-07,True,True,True,True,True,True,True,True,True,True,True,True,True,True,True,True
PPO,test_057_bf11b8e004e2,1635820214.0,True,True,9.493036300562092e-07,True,True,True,True,True,True,True,True,True,True,True,True,True,True,True,True
PPO,test_057_bf11b8e004e2,456241246.0,True,True,9.36856179746834e-07,True,True,True,True,True,True,True,True,True,True,True,True,True,True,True,True
Vanilla SAC,test_057_bf11b8e004e2,3760190062.0,True,True,8.309624222640545e-07,True,True,True,True,True,True,True,True,True,True,True,True,True,True,True,True
Vanilla SAC,test_057_bf11b8e004e2,3890281123.0,True,True,8.281748426034249e-07,True,True,True,True,True,True,True,True,True,True,True,True,True,True,True,True
Vanilla SAC,test_057_bf11b8e004e2,4226533458.0,True,True,8.309781567502498e-07,True,True,True,True,True,True,True,True,True,True,True,True,True,True,True,True
Constrained SAC,test_057_bf11b8e004e2,301721597.0,True,True,8.328059194579443e-07,True,True,True,True,True,True,True,True,True,True,True,True,True,True,True,True
Constrained SAC,test_057_bf11b8e004e2,554911178.0,True,True,8.295138864884477e-07,True,True,True,True,True,True,True,True,True,True,True,True,True,True,True,True
Constrained SAC,test_057_bf11b8e004e2,1600960620.0,True,True,8.288016847373275e-07,True,True,True,True,True,True,True,True,True,True,True,True,True,True,True,True
Model-guided constrained SAC,test_057_bf11b8e004e2,301721597.0,True,True,9.994519276692176e-07,True,True,True,True,True,True,True,True,True,True,True,True,True,True,True,True
Model-guided constrained SAC,test_057_bf11b8e004e2,554911178.0,True,True,8.667816110899755e-07,True,True,True,True,True,True,True,True,True,True,True,True,True,True,True,True
Model-guided constrained SAC,test_057_bf11b8e004e2,1600960620.0,True,True,9.210104913980304e-07,True,True,True,True,True,True,True,True,True,True,True,True,True,True,True,True
Passive,test_058_fbcfbffca03e,,True,True,9.63273006703986e-07,True,True,True,True,True,True,True,True,True,True,True,True,True,True,True,True
Reactive,test_058_fbcfbffca03e,,True,True,9.78081508355357e-07,True,True,True,True,True,True,True,True,True,True,True,True,True,True,True,True
Projected stochastic MPC,test_058_fbcfbffca03e,,True,True,9.876022547429826e-07,True,True,True,True,True,True,True,True,True,True,True,True,True,True,True,True
Behaviour cloning,test_058_fbcfbffca03e,1409200687.0,True,True,9.61839001712915e-07,True,True,True,True,True,True,True,True,True,True,True,True,True,True,True,True
Behaviour cloning,test_058_fbcfbffca03e,3018804584.0,True,True,9.894749583796586e-07,True,True,True,True,True,True,True,True,True,True,True,True,True,True,True,True
Behaviour cloning,test_058_fbcfbffca03e,959653586.0,True,True,9.84888747898495e-07,True,True,True,True,True,True,True,True,True,True,True,True,True,True,True,True
PPO,test_058_fbcfbffca03e,1694234878.0,True,True,9.622924606736729e-07,True,True,True,True,True,True,True,True,True,True,True,True,True,True,True,True
PPO,test_058_fbcfbffca03e,1635820214.0,True,True,9.789033729142615e-07,True,True,True,True,True,True,True,True,True,True,True,True,True,True,True,True
PPO,test_058_fbcfbffca03e,456241246.0,True,True,9.867655425058538e-07,True,True,True,True,True,True,True,True,True,True,True,True,True,True,True,True
Vanilla SAC,test_058_fbcfbffca03e,3760190062.0,True,True,9.601905107884069e-07,True,True,True,True,True,True,True,True,True,True,True,True,True,True,True,True
Vanilla SAC,test_058_fbcfbffca03e,3890281123.0,True,True,9.607283340506918e-07,True,True,True,True,True,True,True,True,True,True,True,True,True,True,True,True
Vanilla SAC,test_058_fbcfbffca03e,4226533458.0,True,True,9.589798655083862e-07,True,True,True,True,True,True,True,True,True,True,True,True,True,True,True,True
Constrained SAC,test_058_fbcfbffca03e,301721597.0,True,True,9.577273060360208e-07,True,True,True,True,True,True,True,True,True,True,True,True,True,True,True,True
Constrained SAC,test_058_fbcfbffca03e,554911178.0,True,True,9.598238576073425e-07,True,True,True,True,True,True,True,True,True,True,True,True,True,True,True,True
Constrained SAC,test_058_fbcfbffca03e,1600960620.0,True,True,9.582119139548578e-07,True,True,True,True,True,True,True,True,True,True,True,True,True,True,True,True
Model-guided constrained SAC,test_058_fbcfbffca03e,301721597.0,True,True,9.98062560505416e-07,True,True,True,True,True,True,True,True,True,True,True,True,True,True,True,True
Model-guided constrained SAC,test_058_fbcfbffca03e,554911178.0,True,True,9.922512835362352e-07,True,True,True,True,True,True,True,True,True,True,True,True,True,True,True,True
Model-guided constrained SAC,test_058_fbcfbffca03e,1600960620.0,True,True,9.085881523891039e-07,True,True,True,True,True,True,True,True,True,True,True,True,True,True,True,True
Passive,test_059_d22925a9593f,,True,True,9.591445122363005e-07,True,True,True,True,True,True,True,True,True,True,True,True,True,True,True,True
Reactive,test_059_d22925a9593f,,True,True,9.780906585334768e-07,True,True,True,True,True,True,True,True,True,True,True,True,True,True,True,True
Projected stochastic MPC,test_059_d22925a9593f,,True,True,9.982177401543605e-07,True,True,True,True,True,True,True,True,True,True,True,True,True,True,True,True
Behaviour cloning,test_059_d22925a9593f,1409200687.0,True,True,9.807275068398779e-07,True,True,True,True,True,True,True,True,True,True,True,True,True,True,True,True
Behaviour cloning,test_059_d22925a9593f,3018804584.0,True,True,9.324633146092043e-07,True,True,True,True,True,True,True,True,True,True,True,True,True,True,True,True
Behaviour cloning,test_059_d22925a9593f,959653586.0,True,True,9.722501870521768e-07,True,True,True,True,True,True,True,True,True,True,True,True,True,True,True,True
PPO,test_059_d22925a9593f,1694234878.0,True,True,9.6432934562511e-07,True,True,True,True,True,True,True,True,True,True,True,True,True,True,True,True
PPO,test_059_d22925a9593f,1635820214.0,True,True,9.540429527939372e-07,True,True,True,True,True,True,True,True,True,True,True,True,True,True,True,True
PPO,test_059_d22925a9593f,456241246.0,True,True,9.12596663113379e-07,True,True,True,True,True,True,True,True,True,True,True,True,True,True,True,True
Vanilla SAC,test_059_d22925a9593f,3760190062.0,True,True,9.596095466278617e-07,True,True,True,True,True,True,True,True,True,True,True,True,True,True,True,True
Vanilla SAC,test_059_d22925a9593f,3890281123.0,True,True,9.594526655098942e-07,True,True,True,True,True,True,True,True,True,True,True,True,True,True,True,True
Vanilla SAC,test_059_d22925a9593f,4226533458.0,True,True,9.597521262436567e-07,True,True,True,True,True,True,True,True,True,True,True,True,True,True,True,True
Constrained SAC,test_059_d22925a9593f,301721597.0,True,True,9.590145745324553e-07,True,True,True,True,True,True,True,True,True,True,True,True,True,True,True,True
Constrained SAC,test_059_d22925a9593f,554911178.0,True,True,9.592668984281172e-07,True,True,True,True,True,True,True,True,True,True,True,True,True,True,True,True
Constrained SAC,test_059_d22925a9593f,1600960620.0,True,True,9.59015965019386e-07,True,True,True,True,True,True,True,True,True,True,True,True,True,True,True,True
Model-guided constrained SAC,test_059_d22925a9593f,301721597.0,True,True,9.711221227324962e-07,True,True,True,True,True,True,True,True,True,True,True,True,True,True,True,True
Model-guided constrained SAC,test_059_d22925a9593f,554911178.0,True,True,9.993222160118674e-07,True,True,True,True,True,True,True,True,True,True,True,True,True,True,True,True
Model-guided constrained SAC,test_059_d22925a9593f,1600960620.0,True,True,9.638101901353505e-07,True,True,True,True,True,True,True,True,True,True,True,True,True,True,True,True
Passive,test_060_b3feb9e274c2,,True,True,9.791099790061022e-07,True,True,True,True,True,True,True,True,True,True,True,True,True,True,True,True
Reactive,test_060_b3feb9e274c2,,True,True,9.959121459847346e-07,True,True,True,True,True,True,True,True,True,True,True,True,True,True,True,True
Projected stochastic MPC,test_060_b3feb9e274c2,,True,True,9.404345530221895e-07,True,True,True,True,True,True,True,True,True,True,True,True,True,True,True,True
Behaviour cloning,test_060_b3feb9e274c2,1409200687.0,True,True,9.150698758791366e-07,True,True,True,True,True,True,True,True,True,True,True,True,True,True,True,True
Behaviour cloning,test_060_b3feb9e274c2,3018804584.0,True,True,9.610824725105205e-07,True,True,True,True,True,True,True,True,True,True,True,True,True,True,True,True
Behaviour cloning,test_060_b3feb9e274c2,959653586.0,True,True,9.504625881483579e-07,True,True,True,True,True,True,True,True,True,True,True,True,True,True,True,True
PPO,test_060_b3feb9e274c2,1694234878.0,True,True,9.769262644342421e-07,True,True,True,True,True,True,True,True,True,True,True,True,True,True,True,True
PPO,test_060_b3feb9e274c2,1635820214.0,True,True,9.846995128191827e-07,True,True,True,True,True,True,True,True,True,True,True,True,True,True,True,True
PPO,test_060_b3feb9e274c2,456241246.0,True,True,9.989681127401207e-07,True,True,True,True,True,True,True,True,True,True,True,True,True,True,True,True
Vanilla SAC,test_060_b3feb9e274c2,3760190062.0,True,True,9.795778518938473e-07,True,True,True,True,True,True,True,True,True,True,True,True,True,True,True,True
Vanilla SAC,test_060_b3feb9e274c2,3890281123.0,True,True,9.792779364129488e-07,True,True,True,True,True,True,True,True,True,True,True,True,True,True,True,True
Vanilla SAC,test_060_b3feb9e274c2,4226533458.0,True,True,9.792875278500806e-07,True,True,True,True,True,True,True,True,True,True,True,True,True,True,True,True
Constrained SAC,test_060_b3feb9e274c2,301721597.0,True,True,9.796297867462633e-07,True,True,True,True,True,True,True,True,True,True,True,True,True,True,True,True
Constrained SAC,test_060_b3feb9e274c2,554911178.0,True,True,9.798852562265428e-07,True,True,True,True,True,True,True,True,True,True,True,True,True,True,True,True
Constrained SAC,test_060_b3feb9e274c2,1600960620.0,True,True,9.794575994485951e-07,True,True,True,True,True,True,True,True,True,True,True,True,True,True,True,True
Model-guided constrained SAC,test_060_b3feb9e274c2,301721597.0,True,True,9.796297867462633e-07,True,True,True,True,True,True,True,True,True,True,True,True,True,True,True,True
Model-guided constrained SAC,test_060_b3feb9e274c2,554911178.0,True,True,9.94062446676e-07,True,True,True,True,True,True,True,True,True,True,True,True,True,True,True,True
Model-guided constrained SAC,test_060_b3feb9e274c2,1600960620.0,True,True,9.921830583458397e-07,True,True,True,True,True,True,True,True,True,True,True,True,True,True,True,True
Passive,test_061_627abde70c26,,True,True,9.950012160571353e-07,True,True,True,True,True,True,True,True,True,True,True,True,True,True,True,True
Reactive,test_061_627abde70c26,,True,True,9.252717886292262e-07,True,True,True,True,True,True,True,True,True,True,True,True,True,True,True,True
Projected stochastic MPC,test_061_627abde70c26,,True,True,9.609038500544036e-07,True,True,True,True,True,True,True,True,True,True,True,True,True,True,True,True
Behaviour cloning,test_061_627abde70c26,1409200687.0,True,True,9.702443822760359e-07,True,True,True,True,True,True,True,True,True,True,True,True,True,True,True,True
Behaviour cloning,test_061_627abde70c26,3018804584.0,True,True,9.71404002727108e-07,True,True,True,True,True,True,True,True,True,True,True,True,True,True,True,True
Behaviour cloning,test_061_627abde70c26,959653586.0,True,True,9.83071407473767e-07,True,True,True,True,True,True,True,True,True,True,True,True,True,True,True,True
PPO,test_061_627abde70c26,1694234878.0,True,True,8.743115934138244e-07,True,True,True,True,True,True,True,True,True,True,True,True,True,True,True,True
PPO,test_061_627abde70c26,1635820214.0,True,True,9.828562039365307e-07,True,True,True,True,True,True,True,True,True,True,True,True,True,True,True,True
PPO,test_061_627abde70c26,456241246.0,True,True,9.311071692625383e-07,True,True,True,True,True,True,True,True,True,True,True,True,True,True,True,True
Vanilla SAC,test_061_627abde70c26,3760190062.0,True,True,9.967339854033633e-07,True,True,True,True,True,True,True,True,True,True,True,True,True,True,True,True
Vanilla SAC,test_061_627abde70c26,3890281123.0,True,True,9.961896085293692e-07,True,True,True,True,True,True,True,True,True,True,True,True,True,True,True,True
Vanilla SAC,test_061_627abde70c26,4226533458.0,True,True,9.967632511210856e-07,True,True,True,True,True,True,True,True,True,True,True,True,True,True,True,True
Constrained SAC,test_061_627abde70c26,301721597.0,True,True,9.974435277854246e-07,True,True,True,True,True,True,True,True,True,True,True,True,True,True,True,True
Constrained SAC,test_061_627abde70c26,554911178.0,True,True,9.966209707547861e-07,True,True,True,True,True,True,True,True,True,True,True,True,True,True,True,True
Constrained SAC,test_061_627abde70c26,1600960620.0,True,True,9.962230945001361e-07,True,True,True,True,True,True,True,True,True,True,True,True,True,True,True,True
Model-guided constrained SAC,test_061_627abde70c26,301721597.0,True,True,9.974435277854246e-07,True,True,True,True,True,True,True,True,True,True,True,True,True,True,True,True
Model-guided constrained SAC,test_061_627abde70c26,554911178.0,True,True,9.966209707547861e-07,True,True,True,True,True,True,True,True,True,True,True,True,True,True,True,True
Model-guided constrained SAC,test_061_627abde70c26,1600960620.0,True,True,9.962230945001361e-07,True,True,True,True,True,True,True,True,True,True,True,True,True,True,True,True
Passive,test_062_0c9ea14e9507,,True,True,9.016238475564887e-07,True,True,True,True,True,True,True,True,True,True,True,True,True,True,True,True
Reactive,test_062_0c9ea14e9507,,True,True,9.96099580606896e-07,True,True,True,True,True,True,True,True,True,True,True,True,True,True,True,True
Projected stochastic MPC,test_062_0c9ea14e9507,,True,True,9.861533075130916e-07,True,True,True,True,True,True,True,True,True,True,True,True,True,True,True,True
Behaviour cloning,test_062_0c9ea14e9507,1409200687.0,True,True,9.649318745910163e-07,True,True,True,True,True,True,True,True,True,True,True,True,True,True,True,True
Behaviour cloning,test_062_0c9ea14e9507,3018804584.0,True,True,9.522974564813818e-07,True,True,True,True,True,True,True,True,True,True,True,True,True,True,True,True
Behaviour cloning,test_062_0c9ea14e9507,959653586.0,True,True,9.703230100700542e-07,True,True,True,True,True,True,True,True,True,True,True,True,True,True,True,True
PPO,test_062_0c9ea14e9507,1694234878.0,True,True,9.95825063005286e-07,True,True,True,True,True,True,True,True,True,True,True,True,True,True,True,True
PPO,test_062_0c9ea14e9507,1635820214.0,True,True,9.878955658645005e-07,True,True,True,True,True,True,True,True,True,True,True,True,True,True,True,True
PPO,test_062_0c9ea14e9507,456241246.0,True,True,8.760826753977087e-07,True,True,True,True,True,True,True,True,True,True,True,True,True,True,True,True
Vanilla SAC,test_062_0c9ea14e9507,3760190062.0,True,True,9.01547046666881e-07,True,True,True,True,True,True,True,True,True,True,True,True,True,True,True,True
Vanilla SAC,test_062_0c9ea14e9507,3890281123.0,True,True,9.015851003217538e-07,True,True,True,True,True,True,True,True,True,True,True,True,True,True,True,True
Vanilla SAC,test_062_0c9ea14e9507,4226533458.0,True,True,9.015021406115735e-07,True,True,True,True,True,True,True,True,True,True,True,True,True,True,True,True
Constrained SAC,test_062_0c9ea14e9507,301721597.0,True,True,9.016940070537797e-07,True,True,True,True,True,True,True,True,True,True,True,True,True,True,True,True
Constrained SAC,test_062_0c9ea14e9507,554911178.0,True,True,9.016206498067557e-07,True,True,True,True,True,True,True,True,True,True,True,True,True,True,True,True
Constrained SAC,test_062_0c9ea14e9507,1600960620.0,True,True,9.016920014713119e-07,True,True,True,True,True,True,True,True,True,True,True,True,True,True,True,True
Model-guided constrained SAC,test_062_0c9ea14e9507,301721597.0,True,True,9.137225278964964e-07,True,True,True,True,True,True,True,True,True,True,True,True,True,True,True,True
Model-guided constrained SAC,test_062_0c9ea14e9507,554911178.0,True,True,9.014675800767025e-07,True,True,True,True,True,True,True,True,True,True,True,True,True,True,True,True
Model-guided constrained SAC,test_062_0c9ea14e9507,1600960620.0,True,True,9.533931421594968e-07,True,True,True,True,True,True,True,True,True,True,True,True,True,True,True,True
Passive,test_063_44f0f2a191ef,,True,True,9.495241069146566e-07,True,True,True,True,True,True,True,True,True,True,True,True,True,True,True,True
Reactive,test_063_44f0f2a191ef,,True,True,9.443044527065808e-07,True,True,True,True,True,True,True,True,True,True,True,True,True,True,True,True
Projected stochastic MPC,test_063_44f0f2a191ef,,True,True,9.768082188133806e-07,True,True,True,True,True,True,True,True,True,True,True,True,True,True,True,True
Behaviour cloning,test_063_44f0f2a191ef,1409200687.0,True,True,9.042532966292225e-07,True,True,True,True,True,True,True,True,True,True,True,True,True,True,True,True
Behaviour cloning,test_063_44f0f2a191ef,3018804584.0,True,True,9.65739925658086e-07,True,True,True,True,True,True,True,True,True,True,True,True,True,True,True,True
Behaviour cloning,test_063_44f0f2a191ef,959653586.0,True,True,9.741167341259102e-07,True,True,True,True,True,True,True,True,True,True,True,True,True,True,True,True
PPO,test_063_44f0f2a191ef,1694234878.0,True,True,9.572832106612566e-07,True,True,True,True,True,True,True,True,True,True,True,True,True,True,True,True
PPO,test_063_44f0f2a191ef,1635820214.0,True,True,9.975902663633558e-07,True,True,True,True,True,True,True,True,True,True,True,True,True,True,True,True
PPO,test_063_44f0f2a191ef,456241246.0,True,True,8.667175511589619e-07,True,True,True,True,True,True,True,True,True,True,True,True,True,True,True,True
Vanilla SAC,test_063_44f0f2a191ef,3760190062.0,True,True,9.452074797390421e-07,True,True,True,True,True,True,True,True,True,True,True,True,True,True,True,True
Vanilla SAC,test_063_44f0f2a191ef,3890281123.0,True,True,9.463423988248559e-07,True,True,True,True,True,True,True,True,True,True,True,True,True,True,True,True
Vanilla SAC,test_063_44f0f2a191ef,4226533458.0,True,True,9.452336415059153e-07,True,True,True,True,True,True,True,True,True,True,True,True,True,True,True,True
Constrained SAC,test_063_44f0f2a191ef,301721597.0,True,True,9.463239465013906e-07,True,True,True,True,True,True,True,True,True,True,True,True,True,True,True,True
Constrained SAC,test_063_44f0f2a191ef,554911178.0,True,True,9.462871246970963e-07,True,True,True,True,True,True,True,True,True,True,True,True,True,True,True,True
Constrained SAC,test_063_44f0f2a191ef,1600960620.0,True,True,9.463355404824949e-07,True,True,True,True,True,True,True,True,True,True,True,True,True,True,True,True
Model-guided constrained SAC,test_063_44f0f2a191ef,301721597.0,True,True,8.73308741020015e-07,True,True,True,True,True,True,True,True,True,True,True,True,True,True,True,True
Model-guided constrained SAC,test_063_44f0f2a191ef,554911178.0,True,True,9.102965741776019e-07,True,True,True,True,True,True,True,True,True,True,True,True,True,True,True,True
Model-guided constrained SAC,test_063_44f0f2a191ef,1600960620.0,True,True,9.808649059914676e-07,True,True,True,True,True,True,True,True,True,True,True,True,True,True,True,True
Passive,test_064_27d69866b791,,True,True,9.555819986138132e-07,True,True,True,True,True,True,True,True,True,True,True,True,True,True,True,True
Reactive,test_064_27d69866b791,,True,True,9.979860989077758e-07,True,True,True,True,True,True,True,True,True,True,True,True,True,True,True,True
Projected stochastic MPC,test_064_27d69866b791,,True,True,9.925446999319474e-07,True,True,True,True,True,True,True,True,True,True,True,True,True,True,True,True
Behaviour cloning,test_064_27d69866b791,1409200687.0,True,True,9.541999753739993e-07,True,True,True,True,True,True,True,True,True,True,True,True,True,True,True,True
Behaviour cloning,test_064_27d69866b791,3018804584.0,True,True,9.873987404244693e-07,True,True,True,True,True,True,True,True,True,True,True,True,True,True,True,True
Behaviour cloning,test_064_27d69866b791,959653586.0,True,True,9.532484617483364e-07,True,True,True,True,True,True,True,True,True,True,True,True,True,True,True,True
PPO,test_064_27d69866b791,1694234878.0,True,True,9.9128780333424e-07,True,True,True,True,True,True,True,True,True,True,True,True,True,True,True,True
PPO,test_064_27d69866b791,1635820214.0,True,True,9.93927885823102e-07,True,True,True,True,True,True,True,True,True,True,True,True,True,True,True,True
PPO,test_064_27d69866b791,456241246.0,True,True,9.924590074828008e-07,True,True,True,True,True,True,True,True,True,True,True,True,True,True,True,True
Vanilla SAC,test_064_27d69866b791,3760190062.0,True,True,9.8967085299221e-07,True,True,True,True,True,True,True,True,True,True,True,True,True,True,True,True
Vanilla SAC,test_064_27d69866b791,3890281123.0,True,True,9.793735038146363e-07,True,True,True,True,True,True,True,True,True,True,True,True,True,True,True,True
Vanilla SAC,test_064_27d69866b791,4226533458.0,True,True,9.864647834273083e-07,True,True,True,True,True,True,True,True,True,True,True,True,True,True,True,True
Constrained SAC,test_064_27d69866b791,301721597.0,True,True,9.758896203654925e-07,True,True,True,True,True,True,True,True,True,True,True,True,True,True,True,True
Constrained SAC,test_064_27d69866b791,554911178.0,True,True,9.818746764587546e-07,True,True,True,True,True,True,True,True,True,True,True,True,True,True,True,True
Constrained SAC,test_064_27d69866b791,1600960620.0,True,True,9.777013698040483e-07,True,True,True,True,True,True,True,True,True,True,True,True,True,True,True,True
Model-guided constrained SAC,test_064_27d69866b791,301721597.0,True,True,9.551702460115485e-07,True,True,True,True,True,True,True,True,True,True,True,True,True,True,True,True
Model-guided constrained SAC,test_064_27d69866b791,554911178.0,True,True,9.848560367634453e-07,True,True,True,True,True,True,True,True,True,True,True,True,True,True,True,True
Model-guided constrained SAC,test_064_27d69866b791,1600960620.0,True,True,9.69608067604046e-07,True,True,True,True,True,True,True,True,True,True,True,True,True,True,True,True
Passive,test_065_930038cc16e9,,True,True,9.405359701482073e-07,True,True,True,True,True,True,True,True,True,True,True,True,True,True,True,True
Reactive,test_065_930038cc16e9,,True,True,9.478391214529226e-07,True,True,True,True,True,True,True,True,True,True,True,True,True,True,True,True
Projected stochastic MPC,test_065_930038cc16e9,,True,True,8.680663821481367e-07,True,True,True,True,True,True,True,True,True,True,True,True,True,True,True,True
Behaviour cloning,test_065_930038cc16e9,1409200687.0,True,True,9.883750312426562e-07,True,True,True,True,True,True,True,True,True,True,True,True,True,True,True,True
Behaviour cloning,test_065_930038cc16e9,3018804584.0,True,True,9.589648906309296e-07,True,True,True,True,True,True,True,True,True,True,True,True,True,True,True,True
Behaviour cloning,test_065_930038cc16e9,959653586.0,True,True,9.412318155113401e-07,True,True,True,True,True,True,True,True,True,True,True,True,True,True,True,True
PPO,test_065_930038cc16e9,1694234878.0,True,True,9.10965710839762e-07,True,True,True,True,True,True,True,True,True,True,True,True,True,True,True,True
PPO,test_065_930038cc16e9,1635820214.0,True,True,9.64150642600952e-07,True,True,True,True,True,True,True,True,True,True,True,True,True,True,True,True
PPO,test_065_930038cc16e9,456241246.0,True,True,9.577767422021915e-07,True,True,True,True,True,True,True,True,True,True,True,True,True,True,True,True
Vanilla SAC,test_065_930038cc16e9,3760190062.0,True,True,9.356626590404202e-07,True,True,True,True,True,True,True,True,True,True,True,True,True,True,True,True
Vanilla SAC,test_065_930038cc16e9,3890281123.0,True,True,9.368789975973765e-07,True,True,True,True,True,True,True,True,True,True,True,True,True,True,True,True
Vanilla SAC,test_065_930038cc16e9,4226533458.0,True,True,9.357630448668882e-07,True,True,True,True,True,True,True,True,True,True,True,True,True,True,True,True
Constrained SAC,test_065_930038cc16e9,301721597.0,True,True,9.366555571770705e-07,True,True,True,True,True,True,True,True,True,True,True,True,True,True,True,True
Constrained SAC,test_065_930038cc16e9,554911178.0,True,True,9.36641933906156e-07,True,True,True,True,True,True,True,True,True,True,True,True,True,True,True,True
Constrained SAC,test_065_930038cc16e9,1600960620.0,True,True,9.370200154693987e-07,True,True,True,True,True,True,True,True,True,True,True,True,True,True,True,True
Model-guided constrained SAC,test_065_930038cc16e9,301721597.0,True,True,8.423305345197893e-07,True,True,True,True,True,True,True,True,True,True,True,True,True,True,True,True
Model-guided constrained SAC,test_065_930038cc16e9,554911178.0,True,True,9.542963739994802e-07,True,True,True,True,True,True,True,True,True,True,True,True,True,True,True,True
Model-guided constrained SAC,test_065_930038cc16e9,1600960620.0,True,True,9.074414136809047e-07,True,True,True,True,True,True,True,True,True,True,True,True,True,True,True,True
Passive,test_066_28fb87ba4913,,True,True,9.017621884233507e-07,True,True,True,True,True,True,True,True,True,True,True,True,True,True,True,True
Reactive,test_066_28fb87ba4913,,True,True,9.538116795904988e-07,True,True,True,True,True,True,True,True,True,True,True,True,True,True,True,True
Projected stochastic MPC,test_066_28fb87ba4913,,True,True,9.843883278254054e-07,True,True,True,True,True,True,True,True,True,True,True,True,True,True,True,True
Behaviour cloning,test_066_28fb87ba4913,1409200687.0,True,True,9.78427241159795e-07,True,True,True,True,True,True,True,True,True,True,True,True,True,True,True,True
Behaviour cloning,test_066_28fb87ba4913,3018804584.0,True,True,9.816748491352491e-07,True,True,True,True,True,True,True,True,True,True,True,True,True,True,True,True
Behaviour cloning,test_066_28fb87ba4913,959653586.0,True,True,9.912593434088647e-07,True,True,True,True,True,True,True,True,True,True,True,True,True,True,True,True
PPO,test_066_28fb87ba4913,1694234878.0,True,True,9.864594875677277e-07,True,True,True,True,True,True,True,True,True,True,True,True,True,True,True,True
PPO,test_066_28fb87ba4913,1635820214.0,True,True,9.907911781725218e-07,True,True,True,True,True,True,True,True,True,True,True,True,True,True,True,True
PPO,test_066_28fb87ba4913,456241246.0,True,True,9.917536359268483e-07,True,True,True,True,True,True,True,True,True,True,True,True,True,True,True,True
Vanilla SAC,test_066_28fb87ba4913,3760190062.0,True,True,9.066441219255763e-07,True,True,True,True,True,True,True,True,True,True,True,True,True,True,True,True
Vanilla SAC,test_066_28fb87ba4913,3890281123.0,True,True,9.050935149120222e-07,True,True,True,True,True,True,True,True,True,True,True,True,True,True,True,True
Vanilla SAC,test_066_28fb87ba4913,4226533458.0,True,True,9.065382313140403e-07,True,True,True,True,True,True,True,True,True,True,True,True,True,True,True,True
Constrained SAC,test_066_28fb87ba4913,301721597.0,True,True,9.075494466498833e-07,True,True,True,True,True,True,True,True,True,True,True,True,True,True,True,True
Constrained SAC,test_066_28fb87ba4913,554911178.0,True,True,9.057674384553458e-07,True,True,True,True,True,True,True,True,True,True,True,True,True,True,True,True
Constrained SAC,test_066_28fb87ba4913,1600960620.0,True,True,9.054048675697619e-07,True,True,True,True,True,True,True,True,True,True,True,True,True,True,True,True
Model-guided constrained SAC,test_066_28fb87ba4913,301721597.0,True,True,9.075494466498833e-07,True,True,True,True,True,True,True,True,True,True,True,True,True,True,True,True
Model-guided constrained SAC,test_066_28fb87ba4913,554911178.0,True,True,9.995509818113499e-07,True,True,True,True,True,True,True,True,True,True,True,True,True,True,True,True
Model-guided constrained SAC,test_066_28fb87ba4913,1600960620.0,True,True,9.702474296227382e-07,True,True,True,True,True,True,True,True,True,True,True,True,True,True,True,True
Passive,test_067_4d46fa716471,,True,True,9.987045169528415e-07,True,True,True,True,True,True,True,True,True,True,True,True,True,True,True,True
Reactive,test_067_4d46fa716471,,True,True,9.828748205414921e-07,True,True,True,True,True,True,True,True,True,True,True,True,True,True,True,True
Projected stochastic MPC,test_067_4d46fa716471,,True,True,9.987949166220765e-07,True,True,True,True,True,True,True,True,True,True,True,True,True,True,True,True
Behaviour cloning,test_067_4d46fa716471,1409200687.0,True,True,9.67571135641219e-07,True,True,True,True,True,True,True,True,True,True,True,True,True,True,True,True
Behaviour cloning,test_067_4d46fa716471,3018804584.0,True,True,9.753836727785593e-07,True,True,True,True,True,True,True,True,True,True,True,True,True,True,True,True
Behaviour cloning,test_067_4d46fa716471,959653586.0,True,True,9.942346442513386e-07,True,True,True,True,True,True,True,True,True,True,True,True,True,True,True,True
PPO,test_067_4d46fa716471,1694234878.0,True,True,9.925464940084323e-07,True,True,True,True,True,True,True,True,True,True,True,True,True,True,True,True
PPO,test_067_4d46fa716471,1635820214.0,True,True,8.752476640574926e-07,True,True,True,True,True,True,True,True,True,True,True,True,True,True,True,True
PPO,test_067_4d46fa716471,456241246.0,True,True,9.957157375527683e-07,True,True,True,True,True,True,True,True,True,True,True,True,True,True,True,True
Vanilla SAC,test_067_4d46fa716471,3760190062.0,True,True,9.633973947966676e-07,True,True,True,True,True,True,True,True,True,True,True,True,True,True,True,True
Vanilla SAC,test_067_4d46fa716471,3890281123.0,True,True,9.653666766562059e-07,True,True,True,True,True,True,True,True,True,True,True,True,True,True,True,True
Vanilla SAC,test_067_4d46fa716471,4226533458.0,True,True,9.635995242107644e-07,True,True,True,True,True,True,True,True,True,True,True,True,True,True,True,True
Constrained SAC,test_067_4d46fa716471,301721597.0,True,True,9.644628994554621e-07,True,True,True,True,True,True,True,True,True,True,True,True,True,True,True,True
Constrained SAC,test_067_4d46fa716471,554911178.0,True,True,9.64630932925634e-07,True,True,True,True,True,True,True,True,True,True,True,True,True,True,True,True
Constrained SAC,test_067_4d46fa716471,1600960620.0,True,True,9.653345076808404e-07,True,True,True,True,True,True,True,True,True,True,True,True,True,True,True,True
Model-guided constrained SAC,test_067_4d46fa716471,301721597.0,True,True,9.708870520455836e-07,True,True,True,True,True,True,True,True,True,True,True,True,True,True,True,True
Model-guided constrained SAC,test_067_4d46fa716471,554911178.0,True,True,9.521049044741233e-07,True,True,True,True,True,True,True,True,True,True,True,True,True,True,True,True
Model-guided constrained SAC,test_067_4d46fa716471,1600960620.0,True,True,9.95466081748836e-07,True,True,True,True,True,True,True,True,True,True,True,True,True,True,True,True
Passive,test_068_93da1d4ae1ba,,True,True,9.710770800615966e-07,True,True,True,True,True,True,True,True,True,True,True,True,True,True,True,True
Reactive,test_068_93da1d4ae1ba,,True,True,9.504621133007272e-07,True,True,True,True,True,True,True,True,True,True,True,True,True,True,True,True
Projected stochastic MPC,test_068_93da1d4ae1ba,,True,True,9.760890067460128e-07,True,True,True,True,True,True,True,True,True,True,True,True,True,True,True,True
Behaviour cloning,test_068_93da1d4ae1ba,1409200687.0,True,True,9.88679386494268e-07,True,True,True,True,True,True,True,True,True,True,True,True,True,True,True,True
Behaviour cloning,test_068_93da1d4ae1ba,3018804584.0,True,True,9.880823016061956e-07,True,True,True,True,True,True,True,True,True,True,True,True,True,True,True,True
Behaviour cloning,test_068_93da1d4ae1ba,959653586.0,True,True,9.948632038651514e-07,True,True,True,True,True,True,True,True,True,True,True,True,True,True,True,True
PPO,test_068_93da1d4ae1ba,1694234878.0,True,True,9.70556405269509e-07,True,True,True,True,True,True,True,True,True,True,True,True,True,True,True,True
PPO,test_068_93da1d4ae1ba,1635820214.0,True,True,9.819989014480965e-07,True,True,True,True,True,True,True,True,True,True,True,True,True,True,True,True
PPO,test_068_93da1d4ae1ba,456241246.0,True,True,9.9926833192716e-07,True,True,True,True,True,True,True,True,True,True,True,True,True,True,True,True
Vanilla SAC,test_068_93da1d4ae1ba,3760190062.0,True,True,9.711586826952772e-07,True,True,True,True,True,True,True,True,True,True,True,True,True,True,True,True
Vanilla SAC,test_068_93da1d4ae1ba,3890281123.0,True,True,9.711571799900283e-07,True,True,True,True,True,True,True,True,True,True,True,True,True,True,True,True
Vanilla SAC,test_068_93da1d4ae1ba,4226533458.0,True,True,9.711482987488112e-07,True,True,True,True,True,True,True,True,True,True,True,True,True,True,True,True
Constrained SAC,test_068_93da1d4ae1ba,301721597.0,True,True,9.71304803364806e-07,True,True,True,True,True,True,True,True,True,True,True,True,True,True,True,True
Constrained SAC,test_068_93da1d4ae1ba,554911178.0,True,True,9.711612196425242e-07,True,True,True,True,True,True,True,True,True,True,True,True,True,True,True,True
Constrained SAC,test_068_93da1d4ae1ba,1600960620.0,True,True,9.711421316308754e-07,True,True,True,True,True,True,True,True,True,True,True,True,True,True,True,True
Model-guided constrained SAC,test_068_93da1d4ae1ba,301721597.0,True,True,9.71304803364806e-07,True,True,True,True,True,True,True,True,True,True,True,True,True,True,True,True
Model-guided constrained SAC,test_068_93da1d4ae1ba,554911178.0,True,True,9.711612196425242e-07,True,True,True,True,True,True,True,True,True,True,True,True,True,True,True,True
Model-guided constrained SAC,test_068_93da1d4ae1ba,1600960620.0,True,True,9.711421316308754e-07,True,True,True,True,True,True,True,True,True,True,True,True,True,True,True,True
Passive,test_069_5b01ea54b2fa,,True,True,9.97045591745401e-07,True,True,True,True,True,True,True,True,True,True,True,True,True,True,True,True
Reactive,test_069_5b01ea54b2fa,,True,True,9.83960562525025e-07,True,True,True,True,True,True,True,True,True,True,True,True,True,True,True,True
Projected stochastic MPC,test_069_5b01ea54b2fa,,True,True,9.871102074933386e-07,True,True,True,True,True,True,True,True,True,True,True,True,True,True,True,True
Behaviour cloning,test_069_5b01ea54b2fa,1409200687.0,True,True,9.940282499615616e-07,True,True,True,True,True,True,True,True,True,True,True,True,True,True,True,True
Behaviour cloning,test_069_5b01ea54b2fa,3018804584.0,True,True,9.918828076230677e-07,True,True,True,True,True,True,True,True,True,True,True,True,True,True,True,True
Behaviour cloning,test_069_5b01ea54b2fa,959653586.0,True,True,9.980741977004985e-07,True,True,True,True,True,True,True,True,True,True,True,True,True,True,True,True
PPO,test_069_5b01ea54b2fa,1694234878.0,True,True,9.891771499892303e-07,True,True,True,True,True,True,True,True,True,True,True,True,True,True,True,True
PPO,test_069_5b01ea54b2fa,1635820214.0,True,True,9.961278923268063e-07,True,True,True,True,True,True,True,True,True,True,True,True,True,True,True,True
PPO,test_069_5b01ea54b2fa,456241246.0,True,True,9.6973410693347e-07,True,True,True,True,True,True,True,True,True,True,True,True,True,True,True,True
Vanilla SAC,test_069_5b01ea54b2fa,3760190062.0,True,True,9.990970719213609e-07,True,True,True,True,True,True,True,True,True,True,True,True,True,True,True,True
Vanilla SAC,test_069_5b01ea54b2fa,3890281123.0,True,True,9.984117132889728e-07,True,True,True,True,True,True,True,True,True,True,True,True,True,True,True,True
Vanilla SAC,test_069_5b01ea54b2fa,4226533458.0,True,True,9.990282658393913e-07,True,True,True,True,True,True,True,True,True,True,True,True,True,True,True,True
Constrained SAC,test_069_5b01ea54b2fa,301721597.0,True,True,9.982521745545459e-07,True,True,True,True,True,True,True,True,True,True,True,True,True,True,True,True
Constrained SAC,test_069_5b01ea54b2fa,554911178.0,True,True,9.98384519069503e-07,True,True,True,True,True,True,True,True,True,True,True,True,True,True,True,True
Constrained SAC,test_069_5b01ea54b2fa,1600960620.0,True,True,9.98090393281278e-07,True,True,True,True,True,True,True,True,True,True,True,True,True,True,True,True
Model-guided constrained SAC,test_069_5b01ea54b2fa,301721597.0,True,True,9.686805406855741e-07,True,True,True,True,True,True,True,True,True,True,True,True,True,True,True,True
Model-guided constrained SAC,test_069_5b01ea54b2fa,554911178.0,True,True,9.858477281249474e-07,True,True,True,True,True,True,True,True,True,True,True,True,True,True,True,True
Model-guided constrained SAC,test_069_5b01ea54b2fa,1600960620.0,True,True,9.64381632820225e-07,True,True,True,True,True,True,True,True,True,True,True,True,True,True,True,True
Passive,test_070_0cd9bcac96c3,,True,True,9.56604817977448e-07,True,True,True,True,True,True,True,True,True,True,True,True,True,True,True,True
Reactive,test_070_0cd9bcac96c3,,True,True,9.911237397716989e-07,True,True,True,True,True,True,True,True,True,True,True,True,True,True,True,True
Projected stochastic MPC,test_070_0cd9bcac96c3,,True,True,9.710042313107994e-07,True,True,True,True,True,True,True,True,True,True,True,True,True,True,True,True
Behaviour cloning,test_070_0cd9bcac96c3,1409200687.0,True,True,9.678620669537776e-07,True,True,True,True,True,True,True,True,True,True,True,True,True,True,True,True
Behaviour cloning,test_070_0cd9bcac96c3,3018804584.0,True,True,9.177096826981381e-07,True,True,True,True,True,True,True,True,True,True,True,True,True,True,True,True
Behaviour cloning,test_070_0cd9bcac96c3,959653586.0,True,True,9.145218327610102e-07,True,True,True,True,True,True,True,True,True,True,True,True,True,True,True,True
PPO,test_070_0cd9bcac96c3,1694234878.0,True,True,9.986547590883034e-07,True,True,True,True,True,True,True,True,True,True,True,True,True,True,True,True
PPO,test_070_0cd9bcac96c3,1635820214.0,True,True,9.056887186369963e-07,True,True,True,True,True,True,True,True,True,True,True,True,True,True,True,True
PPO,test_070_0cd9bcac96c3,456241246.0,True,True,9.927507599087861e-07,True,True,True,True,True,True,True,True,True,True,True,True,True,True,True,True
Vanilla SAC,test_070_0cd9bcac96c3,3760190062.0,True,True,9.565080381619732e-07,True,True,True,True,True,True,True,True,True,True,True,True,True,True,True,True
Vanilla SAC,test_070_0cd9bcac96c3,3890281123.0,True,True,9.56269861625929e-07,True,True,True,True,True,True,True,True,True,True,True,True,True,True,True,True
Vanilla SAC,test_070_0cd9bcac96c3,4226533458.0,True,True,9.57027488755988e-07,True,True,True,True,True,True,True,True,True,True,True,True,True,True,True,True
Constrained SAC,test_070_0cd9bcac96c3,301721597.0,True,True,9.535426366744774e-07,True,True,True,True,True,True,True,True,True,True,True,True,True,True,True,True
Constrained SAC,test_070_0cd9bcac96c3,554911178.0,True,True,9.5489352740703e-07,True,True,True,True,True,True,True,True,True,True,True,True,True,True,True,True
Constrained SAC,test_070_0cd9bcac96c3,1600960620.0,True,True,9.542603420628855e-07,True,True,True,True,True,True,True,True,True,True,True,True,True,True,True,True
Model-guided constrained SAC,test_070_0cd9bcac96c3,301721597.0,True,True,9.327376832905607e-07,True,True,True,True,True,True,True,True,True,True,True,True,True,True,True,True
Model-guided constrained SAC,test_070_0cd9bcac96c3,554911178.0,True,True,9.679163642699053e-07,True,True,True,True,True,True,True,True,True,True,True,True,True,True,True,True
Model-guided constrained SAC,test_070_0cd9bcac96c3,1600960620.0,True,True,9.349016387941157e-07,True,True,True,True,True,True,True,True,True,True,True,True,True,True,True,True
Passive,test_071_34f77888383f,,True,True,9.989163563519137e-07,True,True,True,True,True,True,True,True,True,True,True,True,True,True,True,True
Reactive,test_071_34f77888383f,,True,True,9.959770216021092e-07,True,True,True,True,True,True,True,True,True,True,True,True,True,True,True,True
Projected stochastic MPC,test_071_34f77888383f,,True,True,9.359751096590506e-07,True,True,True,True,True,True,True,True,True,True,True,True,True,True,True,True
Behaviour cloning,test_071_34f77888383f,1409200687.0,True,True,9.989277273231858e-07,True,True,True,True,True,True,True,True,True,True,True,True,True,True,True,True
Behaviour cloning,test_071_34f77888383f,3018804584.0,True,True,9.296619914483091e-07,True,True,True,True,True,True,True,True,True,True,True,True,True,True,True,True
Behaviour cloning,test_071_34f77888383f,959653586.0,True,True,9.507062716676075e-07,True,True,True,True,True,True,True,True,True,True,True,True,True,True,True,True
PPO,test_071_34f77888383f,1694234878.0,True,True,9.406750254333825e-07,True,True,True,True,True,True,True,True,True,True,True,True,True,True,True,True
PPO,test_071_34f77888383f,1635820214.0,True,True,9.82443019113201e-07,True,True,True,True,True,True,True,True,True,True,True,True,True,True,True,True
PPO,test_071_34f77888383f,456241246.0,True,True,9.64371682260316e-07,True,True,True,True,True,True,True,True,True,True,True,True,True,True,True,True
Vanilla SAC,test_071_34f77888383f,3760190062.0,True,True,9.97149783078319e-07,True,True,True,True,True,True,True,True,True,True,True,True,True,True,True,True
Vanilla SAC,test_071_34f77888383f,3890281123.0,True,True,9.993713207171011e-07,True,True,True,True,True,True,True,True,True,True,True,True,True,True,True,True
Vanilla SAC,test_071_34f77888383f,4226533458.0,True,True,9.983555152183887e-07,True,True,True,True,True,True,True,True,True,True,True,True,True,True,True,True
Constrained SAC,test_071_34f77888383f,301721597.0,True,True,9.98845913080113e-07,True,True,True,True,True,True,True,True,True,True,True,True,True,True,True,True
Constrained SAC,test_071_34f77888383f,554911178.0,True,True,9.99808945469337e-07,True,True,True,True,True,True,True,True,True,True,True,True,True,True,True,True
Constrained SAC,test_071_34f77888383f,1600960620.0,True,True,9.984618000023367e-07,True,True,True,True,True,True,True,True,True,True,True,True,True,True,True,True
Model-guided constrained SAC,test_071_34f77888383f,301721597.0,True,True,9.86199475190826e-07,True,True,True,True,True,True,True,True,True,True,True,True,True,True,True,True
Model-guided constrained SAC,test_071_34f77888383f,554911178.0,True,True,9.92752311464099e-07,True,True,True,True,True,True,True,True,True,True,True,True,True,True,True,True
Model-guided constrained SAC,test_071_34f77888383f,1600960620.0,True,True,9.89960879392226e-07,True,True,True,True,True,True,True,True,True,True,True,True,True,True,True,True
Passive,test_072_8e59fac0e6c8,,True,True,9.790252596552637e-07,True,True,True,True,True,True,True,True,True,True,True,True,True,True,True,True
Reactive,test_072_8e59fac0e6c8,,True,True,9.804142706294917e-07,True,True,True,True,True,True,True,True,True,True,True,True,True,True,True,True
Projected stochastic MPC,test_072_8e59fac0e6c8,,True,True,9.729984650239417e-07,True,True,True,True,True,True,True,True,True,True,True,True,True,True,True,True
Behaviour cloning,test_072_8e59fac0e6c8,1409200687.0,True,True,9.988012086796728e-07,True,True,True,True,True,True,True,True,True,True,True,True,True,True,True,True
Behaviour cloning,test_072_8e59fac0e6c8,3018804584.0,True,True,9.895228733775263e-07,True,True,True,True,True,True,True,True,True,True,True,True,True,True,True,True
Behaviour cloning,test_072_8e59fac0e6c8,959653586.0,True,True,9.951089872774593e-07,True,True,True,True,True,True,True,True,True,True,True,True,True,True,True,True
PPO,test_072_8e59fac0e6c8,1694234878.0,True,True,9.64086083353895e-07,True,True,True,True,True,True,True,True,True,True,True,True,True,True,True,True
PPO,test_072_8e59fac0e6c8,1635820214.0,True,True,8.993006803216699e-07,True,True,True,True,True,True,True,True,True,True,True,True,True,True,True,True
PPO,test_072_8e59fac0e6c8,456241246.0,True,True,9.328817777085731e-07,True,True,True,True,True,True,True,True,True,True,True,True,True,True,True,True
Vanilla SAC,test_072_8e59fac0e6c8,3760190062.0,True,True,9.836099245363963e-07,True,True,True,True,True,True,True,True,True,True,True,True,True,True,True,True
Vanilla SAC,test_072_8e59fac0e6c8,3890281123.0,True,True,9.829723277156071e-07,True,True,True,True,True,True,True,True,True,True,True,True,True,True,True,True
Vanilla SAC,test_072_8e59fac0e6c8,4226533458.0,True,True,9.833885468904372e-07,True,True,True,True,True,True,True,True,True,True,True,True,True,True,True,True
Constrained SAC,test_072_8e59fac0e6c8,301721597.0,True,True,9.839255671728052e-07,True,True,True,True,True,True,True,True,True,True,True,True,True,True,True,True
Constrained SAC,test_072_8e59fac0e6c8,554911178.0,True,True,9.832864359304864e-07,True,True,True,True,True,True,True,True,True,True,True,True,True,True,True,True
Constrained SAC,test_072_8e59fac0e6c8,1600960620.0,True,True,9.832154176013272e-07,True,True,True,True,True,True,True,True,True,True,True,True,True,True,True,True
Model-guided constrained SAC,test_072_8e59fac0e6c8,301721597.0,True,True,9.900408506873052e-07,True,True,True,True,True,True,True,True,True,True,True,True,True,True,True,True
Model-guided constrained SAC,test_072_8e59fac0e6c8,554911178.0,True,True,9.937181813793665e-07,True,True,True,True,True,True,True,True,True,True,True,True,True,True,True,True
Model-guided constrained SAC,test_072_8e59fac0e6c8,1600960620.0,True,True,9.956915040664336e-07,True,True,True,True,True,True,True,True,True,True,True,True,True,True,True,True
Passive,test_073_69349232969b,,True,True,9.852691060063e-07,True,True,True,True,True,True,True,True,True,True,True,True,True,True,True,True
Reactive,test_073_69349232969b,,True,True,8.947000340612335e-07,True,True,True,True,True,True,True,True,True,True,True,True,True,True,True,True
Projected stochastic MPC,test_073_69349232969b,,True,True,9.881132682011745e-07,True,True,True,True,True,True,True,True,True,True,True,True,True,True,True,True
Behaviour cloning,test_073_69349232969b,1409200687.0,True,True,9.97495250347896e-07,True,True,True,True,True,True,True,True,True,True,True,True,True,True,True,True
Behaviour cloning,test_073_69349232969b,3018804584.0,True,True,9.878550148643766e-07,True,True,True,True,True,True,True,True,True,True,True,True,True,True,True,True
Behaviour cloning,test_073_69349232969b,959653586.0,True,True,9.807414649667463e-07,True,True,True,True,True,True,True,True,True,True,True,True,True,True,True,True
PPO,test_073_69349232969b,1694234878.0,True,True,9.726418086154423e-07,True,True,True,True,True,True,True,True,True,True,True,True,True,True,True,True
PPO,test_073_69349232969b,1635820214.0,True,True,9.61532917132452e-07,True,True,True,True,True,True,True,True,True,True,True,True,True,True,True,True
PPO,test_073_69349232969b,456241246.0,True,True,9.973728427295765e-07,True,True,True,True,True,True,True,True,True,True,True,True,True,True,True,True
Vanilla SAC,test_073_69349232969b,3760190062.0,True,True,9.858621047396399e-07,True,True,True,True,True,True,True,True,True,True,True,True,True,True,True,True
Vanilla SAC,test_073_69349232969b,3890281123.0,True,True,9.857049083736904e-07,True,True,True,True,True,True,True,True,True,True,True,True,True,True,True,True
Vanilla SAC,test_073_69349232969b,4226533458.0,True,True,9.85750560279874e-07,True,True,True,True,True,True,True,True,True,True,True,True,True,True,True,True
Constrained SAC,test_073_69349232969b,301721597.0,True,True,9.861399198979083e-07,True,True,True,True,True,True,True,True,True,True,True,True,True,True,True,True
Constrained SAC,test_073_69349232969b,554911178.0,True,True,9.858260915562544e-07,True,True,True,True,True,True,True,True,True,True,True,True,True,True,True,True
Constrained SAC,test_073_69349232969b,1600960620.0,True,True,9.8594002316053e-07,True,True,True,True,True,True,True,True,True,True,True,True,True,True,True,True
Model-guided constrained SAC,test_073_69349232969b,301721597.0,True,True,9.766882703901763e-07,True,True,True,True,True,True,True,True,True,True,True,True,True,True,True,True
Model-guided constrained SAC,test_073_69349232969b,554911178.0,True,True,9.678348911005647e-07,True,True,True,True,True,True,True,True,True,True,True,True,True,True,True,True
Model-guided constrained SAC,test_073_69349232969b,1600960620.0,True,True,9.675368353148205e-07,True,True,True,True,True,True,True,True,True,True,True,True,True,True,True,True
Passive,test_074_212affc962e2,,True,True,9.771269237287752e-07,True,True,True,True,True,True,True,True,True,True,True,True,True,True,True,True
Reactive,test_074_212affc962e2,,True,True,9.781087092614295e-07,True,True,True,True,True,True,True,True,True,True,True,True,True,True,True,True
Projected stochastic MPC,test_074_212affc962e2,,True,True,9.299068635534166e-07,True,True,True,True,True,True,True,True,True,True,True,True,True,True,True,True
Behaviour cloning,test_074_212affc962e2,1409200687.0,True,True,9.195966127854787e-07,True,True,True,True,True,True,True,True,True,True,True,True,True,True,True,True
Behaviour cloning,test_074_212affc962e2,3018804584.0,True,True,9.149526399980862e-07,True,True,True,True,True,True,True,True,True,True,True,True,True,True,True,True
Behaviour cloning,test_074_212affc962e2,959653586.0,True,True,9.912581174268709e-07,True,True,True,True,True,True,True,True,True,True,True,True,True,True,True,True
PPO,test_074_212affc962e2,1694234878.0,True,True,9.623221611046072e-07,True,True,True,True,True,True,True,True,True,True,True,True,True,True,True,True
PPO,test_074_212affc962e2,1635820214.0,True,True,9.841702192770152e-07,True,True,True,True,True,True,True,True,True,True,True,True,True,True,True,True
PPO,test_074_212affc962e2,456241246.0,True,True,9.80318790647892e-07,True,True,True,True,True,True,True,True,True,True,True,True,True,True,True,True
Vanilla SAC,test_074_212affc962e2,3760190062.0,True,True,9.77611997523981e-07,True,True,True,True,True,True,True,True,True,True,True,True,True,True,True,True
Vanilla SAC,test_074_212affc962e2,3890281123.0,True,True,9.774513221270594e-07,True,True,True,True,True,True,True,True,True,True,True,True,True,True,True,True
Vanilla SAC,test_074_212affc962e2,4226533458.0,True,True,9.776196943550134e-07,True,True,True,True,True,True,True,True,True,True,True,True,True,True,True,True
Constrained SAC,test_074_212affc962e2,301721597.0,True,True,9.774793227911297e-07,True,True,True,True,True,True,True,True,True,True,True,True,True,True,True,True
Constrained SAC,test_074_212affc962e2,554911178.0,True,True,9.775476818321286e-07,True,True,True,True,True,True,True,True,True,True,True,True,True,True,True,True
Constrained SAC,test_074_212affc962e2,1600960620.0,True,True,9.774534713959342e-07,True,True,True,True,True,True,True,True,True,True,True,True,True,True,True,True
Model-guided constrained SAC,test_074_212affc962e2,301721597.0,True,True,9.028804033961278e-07,True,True,True,True,True,True,True,True,True,True,True,True,True,True,True,True
Model-guided constrained SAC,test_074_212affc962e2,554911178.0,True,True,9.70059472156146e-07,True,True,True,True,True,True,True,True,True,True,True,True,True,True,True,True
Model-guided constrained SAC,test_074_212affc962e2,1600960620.0,True,True,9.56694115577831e-07,True,True,True,True,True,True,True,True,True,True,True,True,True,True,True,True
Passive,test_075_8de4e41c7ad9,,True,True,9.731927165057565e-07,True,True,True,True,True,True,True,True,True,True,True,True,True,True,True,True
Reactive,test_075_8de4e41c7ad9,,True,True,9.380071434175444e-07,True,True,True,True,True,True,True,True,True,True,True,True,True,True,True,True
Projected stochastic MPC,test_075_8de4e41c7ad9,,True,True,9.987099416034972e-07,True,True,True,True,True,True,True,True,True,True,True,True,True,True,True,True
Behaviour cloning,test_075_8de4e41c7ad9,1409200687.0,True,True,9.494333576555825e-07,True,True,True,True,True,True,True,True,True,True,True,True,True,True,True,True
Behaviour cloning,test_075_8de4e41c7ad9,3018804584.0,True,True,9.98713177705369e-07,True,True,True,True,True,True,True,True,True,True,True,True,True,True,True,True
Behaviour cloning,test_075_8de4e41c7ad9,959653586.0,True,True,9.899765220776854e-07,True,True,True,True,True,True,True,True,True,True,True,True,True,True,True,True
PPO,test_075_8de4e41c7ad9,1694234878.0,True,True,9.304528563821973e-07,True,True,True,True,True,True,True,True,True,True,True,True,True,True,True,True
PPO,test_075_8de4e41c7ad9,1635820214.0,True,True,8.420047912497011e-07,True,True,True,True,True,True,True,True,True,True,True,True,True,True,True,True
PPO,test_075_8de4e41c7ad9,456241246.0,True,True,9.464598753162958e-07,True,True,True,True,True,True,True,True,True,True,True,True,True,True,True,True
Vanilla SAC,test_075_8de4e41c7ad9,3760190062.0,True,True,9.555834331183349e-07,True,True,True,True,True,True,True,True,True,True,True,True,True,True,True,True
Vanilla SAC,test_075_8de4e41c7ad9,3890281123.0,True,True,9.60686181998163e-07,True,True,True,True,True,True,True,True,True,True,True,True,True,True,True,True
Vanilla SAC,test_075_8de4e41c7ad9,4226533458.0,True,True,9.577334422408578e-07,True,True,True,True,True,True,True,True,True,True,True,True,True,True,True,True
Constrained SAC,test_075_8de4e41c7ad9,301721597.0,True,True,9.5470596385707e-07,True,True,True,True,True,True,True,True,True,True,True,True,True,True,True,True
Constrained SAC,test_075_8de4e41c7ad9,554911178.0,True,True,9.586523370378107e-07,True,True,True,True,True,True,True,True,True,True,True,True,True,True,True,True
Constrained SAC,test_075_8de4e41c7ad9,1600960620.0,True,True,9.582460337459806e-07,True,True,True,True,True,True,True,True,True,True,True,True,True,True,True,True
Model-guided constrained SAC,test_075_8de4e41c7ad9,301721597.0,True,True,9.884229173166166e-07,True,True,True,True,True,True,True,True,True,True,True,True,True,True,True,True
Model-guided constrained SAC,test_075_8de4e41c7ad9,554911178.0,True,True,9.709050220145038e-07,True,True,True,True,True,True,True,True,True,True,True,True,True,True,True,True
Model-guided constrained SAC,test_075_8de4e41c7ad9,1600960620.0,True,True,9.874555010133112e-07,True,True,True,True,True,True,True,True,True,True,True,True,True,True,True,True
Passive,test_076_48339f21c8ec,,True,True,9.852695555300426e-07,True,True,True,True,True,True,True,True,True,True,True,True,True,True,True,True
Reactive,test_076_48339f21c8ec,,True,True,9.89183513040095e-07,True,True,True,True,True,True,True,True,True,True,True,True,True,True,True,True
Projected stochastic MPC,test_076_48339f21c8ec,,True,True,9.204822782266095e-07,True,True,True,True,True,True,True,True,True,True,True,True,True,True,True,True
Behaviour cloning,test_076_48339f21c8ec,1409200687.0,True,True,9.885501193011367e-07,True,True,True,True,True,True,True,True,True,True,True,True,True,True,True,True
Behaviour cloning,test_076_48339f21c8ec,3018804584.0,True,True,9.524589935048195e-07,True,True,True,True,True,True,True,True,True,True,True,True,True,True,True,True
Behaviour cloning,test_076_48339f21c8ec,959653586.0,True,True,9.600471019246267e-07,True,True,True,True,True,True,True,True,True,True,True,True,True,True,True,True
PPO,test_076_48339f21c8ec,1694234878.0,True,True,9.712741827008876e-07,True,True,True,True,True,True,True,True,True,True,True,True,True,True,True,True
PPO,test_076_48339f21c8ec,1635820214.0,True,True,9.75970208670805e-07,True,True,True,True,True,True,True,True,True,True,True,True,True,True,True,True
PPO,test_076_48339f21c8ec,456241246.0,True,True,9.886665208828508e-07,True,True,True,True,True,True,True,True,True,True,True,True,True,True,True,True
Vanilla SAC,test_076_48339f21c8ec,3760190062.0,True,True,9.851233974050753e-07,True,True,True,True,True,True,True,True,True,True,True,True,True,True,True,True
Vanilla SAC,test_076_48339f21c8ec,3890281123.0,True,True,9.852457387989679e-07,True,True,True,True,True,True,True,True,True,True,True,True,True,True,True,True
Vanilla SAC,test_076_48339f21c8ec,4226533458.0,True,True,9.847900628743843e-07,True,True,True,True,True,True,True,True,True,True,True,True,True,True,True,True
Constrained SAC,test_076_48339f21c8ec,301721597.0,True,True,9.860666182346953e-07,True,True,True,True,True,True,True,True,True,True,True,True,True,True,True,True
Constrained SAC,test_076_48339f21c8ec,554911178.0,True,True,9.854154545235804e-07,True,True,True,True,True,True,True,True,True,True,True,True,True,True,True,True
Constrained SAC,test_076_48339f21c8ec,1600960620.0,True,True,9.857548994807998e-07,True,True,True,True,True,True,True,True,True,True,True,True,True,True,True,True
Model-guided constrained SAC,test_076_48339f21c8ec,301721597.0,True,True,9.981216848152672e-07,True,True,True,True,True,True,True,True,True,True,True,True,True,True,True,True
Model-guided constrained SAC,test_076_48339f21c8ec,554911178.0,True,True,9.572673290591677e-07,True,True,True,True,True,True,True,True,True,True,True,True,True,True,True,True
Model-guided constrained SAC,test_076_48339f21c8ec,1600960620.0,True,True,9.51771388993614e-07,True,True,True,True,True,True,True,True,True,True,True,True,True,True,True,True
Passive,test_077_b1f2e84dc844,,True,True,9.071027321329878e-07,True,True,True,True,True,True,True,True,True,True,True,True,True,True,True,True
Reactive,test_077_b1f2e84dc844,,True,True,9.834123802237427e-07,True,True,True,True,True,True,True,True,True,True,True,True,True,True,True,True
Projected stochastic MPC,test_077_b1f2e84dc844,,True,True,9.961413951401353e-07,True,True,True,True,True,True,True,True,True,True,True,True,True,True,True,True
Behaviour cloning,test_077_b1f2e84dc844,1409200687.0,True,True,9.915930913755115e-07,True,True,True,True,True,True,True,True,True,True,True,True,True,True,True,True
Behaviour cloning,test_077_b1f2e84dc844,3018804584.0,True,True,9.952700131243105e-07,True,True,True,True,True,True,True,True,True,True,True,True,True,True,True,True
Behaviour cloning,test_077_b1f2e84dc844,959653586.0,True,True,9.530666571039398e-07,True,True,True,True,True,True,True,True,True,True,True,True,True,True,True,True
PPO,test_077_b1f2e84dc844,1694234878.0,True,True,9.611287676213394e-07,True,True,True,True,True,True,True,True,True,True,True,True,True,True,True,True
PPO,test_077_b1f2e84dc844,1635820214.0,True,True,9.971282574826208e-07,True,True,True,True,True,True,True,True,True,True,True,True,True,True,True,True
PPO,test_077_b1f2e84dc844,456241246.0,True,True,9.843026007987914e-07,True,True,True,True,True,True,True,True,True,True,True,True,True,True,True,True
Vanilla SAC,test_077_b1f2e84dc844,3760190062.0,True,True,9.087313333838587e-07,True,True,True,True,True,True,True,True,True,True,True,True,True,True,True,True
Vanilla SAC,test_077_b1f2e84dc844,3890281123.0,True,True,9.07572742702526e-07,True,True,True,True,True,True,True,True,True,True,True,True,True,True,True,True
Vanilla SAC,test_077_b1f2e84dc844,4226533458.0,True,True,9.088298290011509e-07,True,True,True,True,True,True,True,True,True,True,True,True,True,True,True,True
Constrained SAC,test_077_b1f2e84dc844,301721597.0,True,True,9.058176123050494e-07,True,True,True,True,True,True,True,True,True,True,True,True,True,True,True,True
Constrained SAC,test_077_b1f2e84dc844,554911178.0,True,True,9.062342330032043e-07,True,True,True,True,True,True,True,True,True,True,True,True,True,True,True,True
Constrained SAC,test_077_b1f2e84dc844,1600960620.0,True,True,9.057355105763461e-07,True,True,True,True,True,True,True,True,True,True,True,True,True,True,True,True
Model-guided constrained SAC,test_077_b1f2e84dc844,301721597.0,True,True,9.96778406977979e-07,True,True,True,True,True,True,True,True,True,True,True,True,True,True,True,True
Model-guided constrained SAC,test_077_b1f2e84dc844,554911178.0,True,True,9.542064297557514e-07,True,True,True,True,True,True,True,True,True,True,True,True,True,True,True,True
Model-guided constrained SAC,test_077_b1f2e84dc844,1600960620.0,True,True,9.940279316496778e-07,True,True,True,True,True,True,True,True,True,True,True,True,True,True,True,True
Passive,test_078_367d379a9297,,True,True,9.307489659780564e-07,True,True,True,True,True,True,True,True,True,True,True,True,True,True,True,True
Reactive,test_078_367d379a9297,,True,True,9.761096935731518e-07,True,True,True,True,True,True,True,True,True,True,True,True,True,True,True,True
Projected stochastic MPC,test_078_367d379a9297,,True,True,9.977314748629769e-07,True,True,True,True,True,True,True,True,True,True,True,True,True,True,True,True
Behaviour cloning,test_078_367d379a9297,1409200687.0,True,True,9.860335832288064e-07,True,True,True,True,True,True,True,True,True,True,True,True,True,True,True,True
Behaviour cloning,test_078_367d379a9297,3018804584.0,True,True,9.735407077868964e-07,True,True,True,True,True,True,True,True,True,True,True,True,True,True,True,True
Behaviour cloning,test_078_367d379a9297,959653586.0,True,True,9.989447700567384e-07,True,True,True,True,True,True,True,True,True,True,True,True,True,True,True,True
PPO,test_078_367d379a9297,1694234878.0,True,True,9.992061537720594e-07,True,True,True,True,True,True,True,True,True,True,True,True,True,True,True,True
PPO,test_078_367d379a9297,1635820214.0,True,True,9.995769348966518e-07,True,True,True,True,True,True,True,True,True,True,True,True,True,True,True,True
PPO,test_078_367d379a9297,456241246.0,True,True,9.217821384054332e-07,True,True,True,True,True,True,True,True,True,True,True,True,True,True,True,True
Vanilla SAC,test_078_367d379a9297,3760190062.0,True,True,9.436976300331517e-07,True,True,True,True,True,True,True,True,True,True,True,True,True,True,True,True
Vanilla SAC,test_078_367d379a9297,3890281123.0,True,True,9.396707902773487e-07,True,True,True,True,True,True,True,True,True,True,True,True,True,True,True,True
Vanilla SAC,test_078_367d379a9297,4226533458.0,True,True,9.435740444585982e-07,True,True,True,True,True,True,True,True,True,True,True,True,True,True,True,True
Constrained SAC,test_078_367d379a9297,301721597.0,True,True,9.456499796832702e-07,True,True,True,True,True,True,True,True,True,True,True,True,True,True,True,True
Constrained SAC,test_078_367d379a9297,554911178.0,True,True,9.414823942316526e-07,True,True,True,True,True,True,True,True,True,True,True,True,True,True,True,True
Constrained SAC,test_078_367d379a9297,1600960620.0,True,True,9.406870300311336e-07,True,True,True,True,True,True,True,True,True,True,True,True,True,True,True,True
Model-guided constrained SAC,test_078_367d379a9297,301721597.0,True,True,9.456499796832702e-07,True,True,True,True,True,True,True,True,True,True,True,True,True,True,True,True
Model-guided constrained SAC,test_078_367d379a9297,554911178.0,True,True,9.414823942316526e-07,True,True,True,True,True,True,True,True,True,True,True,True,True,True,True,True
Model-guided constrained SAC,test_078_367d379a9297,1600960620.0,True,True,9.55012727019228e-07,True,True,True,True,True,True,True,True,True,True,True,True,True,True,True,True
Passive,test_079_bce06ca59758,,True,True,9.004625041252604e-07,True,True,True,True,True,True,True,True,True,True,True,True,True,True,True,True
Reactive,test_079_bce06ca59758,,True,True,9.487733756182885e-07,True,True,True,True,True,True,True,True,True,True,True,True,True,True,True,True
Projected stochastic MPC,test_079_bce06ca59758,,True,True,9.542525563920174e-07,True,True,True,True,True,True,True,True,True,True,True,True,True,True,True,True
Behaviour cloning,test_079_bce06ca59758,1409200687.0,True,True,9.938487554484477e-07,True,True,True,True,True,True,True,True,True,True,True,True,True,True,True,True
Behaviour cloning,test_079_bce06ca59758,3018804584.0,True,True,9.817640435676141e-07,True,True,True,True,True,True,True,True,True,True,True,True,True,True,True,True
Behaviour cloning,test_079_bce06ca59758,959653586.0,True,True,9.840542841009437e-07,True,True,True,True,True,True,True,True,True,True,True,True,True,True,True,True
PPO,test_079_bce06ca59758,1694234878.0,True,True,9.967934368213611e-07,True,True,True,True,True,True,True,True,True,True,True,True,True,True,True,True
PPO,test_079_bce06ca59758,1635820214.0,True,True,9.451471124711771e-07,True,True,True,True,True,True,True,True,True,True,True,True,True,True,True,True
PPO,test_079_bce06ca59758,456241246.0,True,True,9.988428760475253e-07,True,True,True,True,True,True,True,True,True,True,True,True,True,True,True,True
Vanilla SAC,test_079_bce06ca59758,3760190062.0,True,True,8.977445547601483e-07,True,True,True,True,True,True,True,True,True,True,True,True,True,True,True,True
Vanilla SAC,test_079_bce06ca59758,3890281123.0,True,True,9.96418507952728e-07,True,True,True,True,True,True,True,True,True,True,True,True,True,True,True,True
Vanilla SAC,test_079_bce06ca59758,4226533458.0,True,True,8.978133876633887e-07,True,True,True,True,True,True,True,True,True,True,True,True,True,True,True,True
Constrained SAC,test_079_bce06ca59758,301721597.0,True,True,8.989899873751585e-07,True,True,True,True,True,True,True,True,True,True,True,True,True,True,True,True
Constrained SAC,test_079_bce06ca59758,554911178.0,True,True,9.491694439134047e-07,True,True,True,True,True,True,True,True,True,True,True,True,True,True,True,True
Constrained SAC,test_079_bce06ca59758,1600960620.0,True,True,8.992505597942211e-07,True,True,True,True,True,True,True,True,True,True,True,True,True,True,True,True
Model-guided constrained SAC,test_079_bce06ca59758,301721597.0,True,True,9.81448269538967e-07,True,True,True,True,True,True,True,True,True,True,True,True,True,True,True,True
Model-guided constrained SAC,test_079_bce06ca59758,554911178.0,True,True,9.139613505722034e-07,True,True,True,True,True,True,True,True,True,True,True,True,True,True,True,True
Model-guided constrained SAC,test_079_bce06ca59758,1600960620.0,True,True,9.936979842102245e-07,True,True,True,True,True,True,True,True,True,True,True,True,True,True,True,True
Passive,test_080_e669407a98d7,,True,True,9.712848005239645e-07,True,True,True,True,True,True,True,True,True,True,True,True,True,True,True,True
Reactive,test_080_e669407a98d7,,True,True,8.992500272220419e-07,True,True,True,True,True,True,True,True,True,True,True,True,True,True,True,True
Projected stochastic MPC,test_080_e669407a98d7,,True,True,9.685983272937903e-07,True,True,True,True,True,True,True,True,True,True,True,True,True,True,True,True
Behaviour cloning,test_080_e669407a98d7,1409200687.0,True,True,9.658659126019143e-07,True,True,True,True,True,True,True,True,True,True,True,True,True,True,True,True
Behaviour cloning,test_080_e669407a98d7,3018804584.0,True,True,9.484239002514681e-07,True,True,True,True,True,True,True,True,True,True,True,True,True,True,True,True
Behaviour cloning,test_080_e669407a98d7,959653586.0,True,True,9.702866936249417e-07,True,True,True,True,True,True,True,True,True,True,True,True,True,True,True,True
PPO,test_080_e669407a98d7,1694234878.0,True,True,9.922615162818614e-07,True,True,True,True,True,True,True,True,True,True,True,True,True,True,True,True
PPO,test_080_e669407a98d7,1635820214.0,True,True,9.682325239303243e-07,True,True,True,True,True,True,True,True,True,True,True,True,True,True,True,True
PPO,test_080_e669407a98d7,456241246.0,True,True,9.651698517680612e-07,True,True,True,True,True,True,True,True,True,True,True,True,True,True,True,True
Vanilla SAC,test_080_e669407a98d7,3760190062.0,True,True,9.660851476452339e-07,True,True,True,True,True,True,True,True,True,True,True,True,True,True,True,True
Vanilla SAC,test_080_e669407a98d7,3890281123.0,True,True,9.663509635359053e-07,True,True,True,True,True,True,True,True,True,True,True,True,True,True,True,True
Vanilla SAC,test_080_e669407a98d7,4226533458.0,True,True,9.636037283888584e-07,True,True,True,True,True,True,True,True,True,True,True,True,True,True,True,True
Constrained SAC,test_080_e669407a98d7,301721597.0,True,True,9.642577057979813e-07,True,True,True,True,True,True,True,True,True,True,True,True,True,True,True,True
Constrained SAC,test_080_e669407a98d7,554911178.0,True,True,9.664882393034915e-07,True,True,True,True,True,True,True,True,True,True,True,True,True,True,True,True
Constrained SAC,test_080_e669407a98d7,1600960620.0,True,True,9.671579537319293e-07,True,True,True,True,True,True,True,True,True,True,True,True,True,True,True,True
Model-guided constrained SAC,test_080_e669407a98d7,301721597.0,True,True,9.642577057979813e-07,True,True,True,True,True,True,True,True,True,True,True,True,True,True,True,True
Model-guided constrained SAC,test_080_e669407a98d7,554911178.0,True,True,9.75087307531411e-07,True,True,True,True,True,True,True,True,True,True,True,True,True,True,True,True
Model-guided constrained SAC,test_080_e669407a98d7,1600960620.0,True,True,9.671579537319293e-07,True,True,True,True,True,True,True,True,True,True,True,True,True,True,True,True
Passive,test_081_fbbd80304765,,True,True,9.918093485790737e-07,True,True,True,True,True,True,True,True,True,True,True,True,True,True,True,True
Reactive,test_081_fbbd80304765,,True,True,9.440655536966157e-07,True,True,True,True,True,True,True,True,True,True,True,True,True,True,True,True
Projected stochastic MPC,test_081_fbbd80304765,,True,True,9.307625797698943e-07,True,True,True,True,True,True,True,True,True,True,True,True,True,True,True,True
Behaviour cloning,test_081_fbbd80304765,1409200687.0,True,True,9.744671954902128e-07,True,True,True,True,True,True,True,True,True,True,True,True,True,True,True,True
Behaviour cloning,test_081_fbbd80304765,3018804584.0,True,True,9.635400211115e-07,True,True,True,True,True,True,True,True,True,True,True,True,True,True,True,True
Behaviour cloning,test_081_fbbd80304765,959653586.0,True,True,9.885167272230637e-07,True,True,True,True,True,True,True,True,True,True,True,True,True,True,True,True
PPO,test_081_fbbd80304765,1694234878.0,True,True,9.655687712873492e-07,True,True,True,True,True,True,True,True,True,True,True,True,True,True,True,True
PPO,test_081_fbbd80304765,1635820214.0,True,True,9.832150737154497e-07,True,True,True,True,True,True,True,True,True,True,True,True,True,True,True,True
PPO,test_081_fbbd80304765,456241246.0,True,True,9.88291109137765e-07,True,True,True,True,True,True,True,True,True,True,True,True,True,True,True,True
Vanilla SAC,test_081_fbbd80304765,3760190062.0,True,True,9.865352928964263e-07,True,True,True,True,True,True,True,True,True,True,True,True,True,True,True,True
Vanilla SAC,test_081_fbbd80304765,3890281123.0,True,True,9.867012889542246e-07,True,True,True,True,True,True,True,True,True,True,True,True,True,True,True,True
Vanilla SAC,test_081_fbbd80304765,4226533458.0,True,True,9.86531157751846e-07,True,True,True,True,True,True,True,True,True,True,True,True,True,True,True,True
Constrained SAC,test_081_fbbd80304765,301721597.0,True,True,9.867865887366356e-07,True,True,True,True,True,True,True,True,True,True,True,True,True,True,True,True
Constrained SAC,test_081_fbbd80304765,554911178.0,True,True,9.86748530867387e-07,True,True,True,True,True,True,True,True,True,True,True,True,True,True,True,True
Constrained SAC,test_081_fbbd80304765,1600960620.0,True,True,9.868696471447572e-07,True,True,True,True,True,True,True,True,True,True,True,True,True,True,True,True
Model-guided constrained SAC,test_081_fbbd80304765,301721597.0,True,True,9.914368613177527e-07,True,True,True,True,True,True,True,True,True,True,True,True,True,True,True,True
Model-guided constrained SAC,test_081_fbbd80304765,554911178.0,True,True,9.996659595843591e-07,True,True,True,True,True,True,True,True,True,True,True,True,True,True,True,True
Model-guided constrained SAC,test_081_fbbd80304765,1600960620.0,True,True,9.611619747009362e-07,True,True,True,True,True,True,True,True,True,True,True,True,True,True,True,True
Passive,test_082_2cf496ac3a99,,True,True,9.956977628061371e-07,True,True,True,True,True,True,True,True,True,True,True,True,True,True,True,True
Reactive,test_082_2cf496ac3a99,,True,True,9.98229453786646e-07,True,True,True,True,True,True,True,True,True,True,True,True,True,True,True,True
Projected stochastic MPC,test_082_2cf496ac3a99,,True,True,9.288336431943379e-07,True,True,True,True,True,True,True,True,True,True,True,True,True,True,True,True
Behaviour cloning,test_082_2cf496ac3a99,1409200687.0,True,True,9.232678047595689e-07,True,True,True,True,True,True,True,True,True,True,True,True,True,True,True,True
Behaviour cloning,test_082_2cf496ac3a99,3018804584.0,True,True,9.275744051198955e-07,True,True,True,True,True,True,True,True,True,True,True,True,True,True,True,True
Behaviour cloning,test_082_2cf496ac3a99,959653586.0,True,True,9.977229865030566e-07,True,True,True,True,True,True,True,True,True,True,True,True,True,True,True,True
PPO,test_082_2cf496ac3a99,1694234878.0,True,True,9.707318069743912e-07,True,True,True,True,True,True,True,True,True,True,True,True,True,True,True,True
PPO,test_082_2cf496ac3a99,1635820214.0,True,True,9.729110666391054e-07,True,True,True,True,True,True,True,True,True,True,True,True,True,True,True,True
PPO,test_082_2cf496ac3a99,456241246.0,True,True,9.900806879266993e-07,True,True,True,True,True,True,True,True,True,True,True,True,True,True,True,True
Vanilla SAC,test_082_2cf496ac3a99,3760190062.0,True,True,9.966687828914858e-07,True,True,True,True,True,True,True,True,True,True,True,True,True,True,True,True
Vanilla SAC,test_082_2cf496ac3a99,3890281123.0,True,True,9.963847368281774e-07,True,True,True,True,True,True,True,True,True,True,True,True,True,True,True,True
Vanilla SAC,test_082_2cf496ac3a99,4226533458.0,True,True,9.96506642911187e-07,True,True,True,True,True,True,True,True,True,True,True,True,True,True,True,True
Constrained SAC,test_082_2cf496ac3a99,301721597.0,True,True,9.969074465040022e-07,True,True,True,True,True,True,True,True,True,True,True,True,True,True,True,True
Constrained SAC,test_082_2cf496ac3a99,554911178.0,True,True,9.96511105510775e-07,True,True,True,True,True,True,True,True,True,True,True,True,True,True,True,True
Constrained SAC,test_082_2cf496ac3a99,1600960620.0,True,True,9.96556477323446e-07,True,True,True,True,True,True,True,True,True,True,True,True,True,True,True,True
Model-guided constrained SAC,test_082_2cf496ac3a99,301721597.0,True,True,9.383202583007517e-07,True,True,True,True,True,True,True,True,True,True,True,True,True,True,True,True
Model-guided constrained SAC,test_082_2cf496ac3a99,554911178.0,True,True,9.931328170948126e-07,True,True,True,True,True,True,True,True,True,True,True,True,True,True,True,True
Model-guided constrained SAC,test_082_2cf496ac3a99,1600960620.0,True,True,9.370593783593827e-07,True,True,True,True,True,True,True,True,True,True,True,True,True,True,True,True
Passive,test_083_4cbdde5f376f,,True,True,9.608889642681261e-07,True,True,True,True,True,True,True,True,True,True,True,True,True,True,True,True
Reactive,test_083_4cbdde5f376f,,True,True,9.199828459206124e-07,True,True,True,True,True,True,True,True,True,True,True,True,True,True,True,True
Projected stochastic MPC,test_083_4cbdde5f376f,,True,True,9.512029573513807e-07,True,True,True,True,True,True,True,True,True,True,True,True,True,True,True,True
Behaviour cloning,test_083_4cbdde5f376f,1409200687.0,True,True,9.991071882898578e-07,True,True,True,True,True,True,True,True,True,True,True,True,True,True,True,True
Behaviour cloning,test_083_4cbdde5f376f,3018804584.0,True,True,9.728123712409581e-07,True,True,True,True,True,True,True,True,True,True,True,True,True,True,True,True
Behaviour cloning,test_083_4cbdde5f376f,959653586.0,True,True,9.860733374078404e-07,True,True,True,True,True,True,True,True,True,True,True,True,True,True,True,True
PPO,test_083_4cbdde5f376f,1694234878.0,True,True,9.930477405343505e-07,True,True,True,True,True,True,True,True,True,True,True,True,True,True,True,True
PPO,test_083_4cbdde5f376f,1635820214.0,True,True,9.529644755025843e-07,True,True,True,True,True,True,True,True,True,True,True,True,True,True,True,True
PPO,test_083_4cbdde5f376f,456241246.0,True,True,9.051747897995738e-07,True,True,True,True,True,True,True,True,True,True,True,True,True,True,True,True
Vanilla SAC,test_083_4cbdde5f376f,3760190062.0,True,True,9.623868666799365e-07,True,True,True,True,True,True,True,True,True,True,True,True,True,True,True,True
Vanilla SAC,test_083_4cbdde5f376f,3890281123.0,True,True,9.619255301332365e-07,True,True,True,True,True,True,True,True,True,True,True,True,True,True,True,True
Vanilla SAC,test_083_4cbdde5f376f,4226533458.0,True,True,9.62419137496985e-07,True,True,True,True,True,True,True,True,True,True,True,True,True,True,True,True
Constrained SAC,test_083_4cbdde5f376f,301721597.0,True,True,9.63037258034888e-07,True,True,True,True,True,True,True,True,True,True,True,True,True,True,True,True
Constrained SAC,test_083_4cbdde5f376f,554911178.0,True,True,9.623023122055751e-07,True,True,True,True,True,True,True,True,True,True,True,True,True,True,True,True
Constrained SAC,test_083_4cbdde5f376f,1600960620.0,True,True,9.619486376665385e-07,True,True,True,True,True,True,True,True,True,True,True,True,True,True,True,True
Model-guided constrained SAC,test_083_4cbdde5f376f,301721597.0,True,True,9.63037258034888e-07,True,True,True,True,True,True,True,True,True,True,True,True,True,True,True,True
Model-guided constrained SAC,test_083_4cbdde5f376f,554911178.0,True,True,9.623023122055751e-07,True,True,True,True,True,True,True,True,True,True,True,True,True,True,True,True
Model-guided constrained SAC,test_083_4cbdde5f376f,1600960620.0,True,True,9.961938953686392e-07,True,True,True,True,True,True,True,True,True,True,True,True,True,True,True,True
Passive,test_084_513eb18f351c,,True,True,9.806489503682184e-07,True,True,True,True,True,True,True,True,True,True,True,True,True,True,True,True
Reactive,test_084_513eb18f351c,,True,True,9.318631995458473e-07,True,True,True,True,True,True,True,True,True,True,True,True,True,True,True,True
Projected stochastic MPC,test_084_513eb18f351c,,True,True,9.919087084874177e-07,True,True,True,True,True,True,True,True,True,True,True,True,True,True,True,True
Behaviour cloning,test_084_513eb18f351c,1409200687.0,True,True,9.642572588995083e-07,True,True,True,True,True,True,True,True,True,True,True,True,True,True,True,True
Behaviour cloning,test_084_513eb18f351c,3018804584.0,True,True,9.689171876180964e-07,True,True,True,True,True,True,True,True,True,True,True,True,True,True,True,True
Behaviour cloning,test_084_513eb18f351c,959653586.0,True,True,9.956901625423865e-07,True,True,True,True,True,True,True,True,True,True,True,True,True,True,True,True
PPO,test_084_513eb18f351c,1694234878.0,True,True,9.712518980843362e-07,True,True,True,True,True,True,True,True,True,True,True,True,True,True,True,True
PPO,test_084_513eb18f351c,1635820214.0,True,True,9.984559536713622e-07,True,True,True,True,True,True,True,True,True,True,True,True,True,True,True,True
PPO,test_084_513eb18f351c,456241246.0,True,True,9.859416506819668e-07,True,True,True,True,True,True,True,True,True,True,True,True,True,True,True,True
Vanilla SAC,test_084_513eb18f351c,3760190062.0,True,True,9.409627535307369e-07,True,True,True,True,True,True,True,True,True,True,True,True,True,True,True,True
Vanilla SAC,test_084_513eb18f351c,3890281123.0,True,True,9.410827240655399e-07,True,True,True,True,True,True,True,True,True,True,True,True,True,True,True,True
Vanilla SAC,test_084_513eb18f351c,4226533458.0,True,True,9.410901263719897e-07,True,True,True,True,True,True,True,True,True,True,True,True,True,True,True,True
Constrained SAC,test_084_513eb18f351c,301721597.0,True,True,9.409009976858598e-07,True,True,True,True,True,True,True,True,True,True,True,True,True,True,True,True
Constrained SAC,test_084_513eb18f351c,554911178.0,True,True,9.410846979608844e-07,True,True,True,True,True,True,True,True,True,True,True,True,True,True,True,True
Constrained SAC,test_084_513eb18f351c,1600960620.0,True,True,9.40974695868323e-07,True,True,True,True,True,True,True,True,True,True,True,True,True,True,True,True
Model-guided constrained SAC,test_084_513eb18f351c,301721597.0,True,True,9.356183984306541e-07,True,True,True,True,True,True,True,True,True,True,True,True,True,True,True,True
Model-guided constrained SAC,test_084_513eb18f351c,554911178.0,True,True,9.217056729778499e-07,True,True,True,True,True,True,True,True,True,True,True,True,True,True,True,True
Model-guided constrained SAC,test_084_513eb18f351c,1600960620.0,True,True,9.879679896334599e-07,True,True,True,True,True,True,True,True,True,True,True,True,True,True,True,True
Passive,test_085_650c50514b66,,True,True,8.917209424128983e-07,True,True,True,True,True,True,True,True,True,True,True,True,True,True,True,True
Reactive,test_085_650c50514b66,,True,True,9.7415464208118e-07,True,True,True,True,True,True,True,True,True,True,True,True,True,True,True,True
Projected stochastic MPC,test_085_650c50514b66,,True,True,9.755056864263613e-07,True,True,True,True,True,True,True,True,True,True,True,True,True,True,True,True
Behaviour cloning,test_085_650c50514b66,1409200687.0,True,True,9.967045817155697e-07,True,True,True,True,True,True,True,True,True,True,True,True,True,True,True,True
Behaviour cloning,test_085_650c50514b66,3018804584.0,True,True,9.895550777090975e-07,True,True,True,True,True,True,True,True,True,True,True,True,True,True,True,True
Behaviour cloning,test_085_650c50514b66,959653586.0,True,True,9.652822045595467e-07,True,True,True,True,True,True,True,True,True,True,True,True,True,True,True,True
PPO,test_085_650c50514b66,1694234878.0,True,True,9.634777303848103e-07,True,True,True,True,True,True,True,True,True,True,True,True,True,True,True,True
PPO,test_085_650c50514b66,1635820214.0,True,True,9.793584078311577e-07,True,True,True,True,True,True,True,True,True,True,True,True,True,True,True,True
PPO,test_085_650c50514b66,456241246.0,True,True,9.591414270860836e-07,True,True,True,True,True,True,True,True,True,True,True,True,True,True,True,True
Vanilla SAC,test_085_650c50514b66,3760190062.0,True,True,9.150574900003258e-07,True,True,True,True,True,True,True,True,True,True,True,True,True,True,True,True
Vanilla SAC,test_085_650c50514b66,3890281123.0,True,True,8.919208796590882e-07,True,True,True,True,True,True,True,True,True,True,True,True,True,True,True,True
Vanilla SAC,test_085_650c50514b66,4226533458.0,True,True,9.121160442509707e-07,True,True,True,True,True,True,True,True,True,True,True,True,True,True,True,True
Constrained SAC,test_085_650c50514b66,301721597.0,True,True,9.312498838802706e-07,True,True,True,True,True,True,True,True,True,True,True,True,True,True,True,True
Constrained SAC,test_085_650c50514b66,554911178.0,True,True,8.985860734601189e-07,True,True,True,True,True,True,True,True,True,True,True,True,True,True,True,True
Constrained SAC,test_085_650c50514b66,1600960620.0,True,True,8.916599580037292e-07,True,True,True,True,True,True,True,True,True,True,True,True,True,True,True,True
Model-guided constrained SAC,test_085_650c50514b66,301721597.0,True,True,9.575938346128724e-07,True,True,True,True,True,True,True,True,True,True,True,True,True,True,True,True
Model-guided constrained SAC,test_085_650c50514b66,554911178.0,True,True,9.952156445024223e-07,True,True,True,True,True,True,True,True,True,True,True,True,True,True,True,True
Model-guided constrained SAC,test_085_650c50514b66,1600960620.0,True,True,9.472707461575334e-07,True,True,True,True,True,True,True,True,True,True,True,True,True,True,True,True
Passive,test_086_754dc8e1ab0e,,True,True,9.536962384043108e-07,True,True,True,True,True,True,True,True,True,True,True,True,True,True,True,True
Reactive,test_086_754dc8e1ab0e,,True,True,9.816721619465409e-07,True,True,True,True,True,True,True,True,True,True,True,True,True,True,True,True
Projected stochastic MPC,test_086_754dc8e1ab0e,,True,True,9.170532303657665e-07,True,True,True,True,True,True,True,True,True,True,True,True,True,True,True,True
Behaviour cloning,test_086_754dc8e1ab0e,1409200687.0,True,True,9.887236154076396e-07,True,True,True,True,True,True,True,True,True,True,True,True,True,True,True,True
Behaviour cloning,test_086_754dc8e1ab0e,3018804584.0,True,True,9.792008941261649e-07,True,True,True,True,True,True,True,True,True,True,True,True,True,True,True,True
Behaviour cloning,test_086_754dc8e1ab0e,959653586.0,True,True,9.855075030752857e-07,True,True,True,True,True,True,True,True,True,True,True,True,True,True,True,True
PPO,test_086_754dc8e1ab0e,1694234878.0,True,True,9.532447941699516e-07,True,True,True,True,True,True,True,True,True,True,True,True,True,True,True,True
PPO,test_086_754dc8e1ab0e,1635820214.0,True,True,9.432546923127372e-07,True,True,True,True,True,True,True,True,True,True,True,True,True,True,True,True
PPO,test_086_754dc8e1ab0e,456241246.0,True,True,9.897895173027304e-07,True,True,True,True,True,True,True,True,True,True,True,True,True,True,True,True
Vanilla SAC,test_086_754dc8e1ab0e,3760190062.0,True,True,9.98784714198734e-07,True,True,True,True,True,True,True,True,True,True,True,True,True,True,True,True
Vanilla SAC,test_086_754dc8e1ab0e,3890281123.0,True,True,9.58543965619979e-07,True,True,True,True,True,True,True,True,True,True,True,True,True,True,True,True
Vanilla SAC,test_086_754dc8e1ab0e,4226533458.0,True,True,9.99086324986995e-07,True,True,True,True,True,True,True,True,True,True,True,True,True,True,True,True
Constrained SAC,test_086_754dc8e1ab0e,301721597.0,True,True,9.990522025077147e-07,True,True,True,True,True,True,True,True,True,True,True,True,True,True,True,True
Constrained SAC,test_086_754dc8e1ab0e,554911178.0,True,True,9.99806796281758e-07,True,True,True,True,True,True,True,True,True,True,True,True,True,True,True,True
Constrained SAC,test_086_754dc8e1ab0e,1600960620.0,True,True,9.593864833718145e-07,True,True,True,True,True,True,True,True,True,True,True,True,True,True,True,True
Model-guided constrained SAC,test_086_754dc8e1ab0e,301721597.0,True,True,9.742260406325519e-07,True,True,True,True,True,True,True,True,True,True,True,True,True,True,True,True
Model-guided constrained SAC,test_086_754dc8e1ab0e,554911178.0,True,True,9.332477007073914e-07,True,True,True,True,True,True,True,True,True,True,True,True,True,True,True,True
Model-guided constrained SAC,test_086_754dc8e1ab0e,1600960620.0,True,True,9.66523871272077e-07,True,True,True,True,True,True,True,True,True,True,True,True,True,True,True,True
Passive,test_087_cbc79ee243dd,,True,True,9.996346674619843e-07,True,True,True,True,True,True,True,True,True,True,True,True,True,True,True,True
Reactive,test_087_cbc79ee243dd,,True,True,9.648217388256997e-07,True,True,True,True,True,True,True,True,True,True,True,True,True,True,True,True
Projected stochastic MPC,test_087_cbc79ee243dd,,True,True,8.986323301204608e-07,True,True,True,True,True,True,True,True,True,True,True,True,True,True,True,True
Behaviour cloning,test_087_cbc79ee243dd,1409200687.0,True,True,9.64127891355195e-07,True,True,True,True,True,True,True,True,True,True,True,True,True,True,True,True
Behaviour cloning,test_087_cbc79ee243dd,3018804584.0,True,True,9.332975843770098e-07,True,True,True,True,True,True,True,True,True,True,True,True,True,True,True,True
Behaviour cloning,test_087_cbc79ee243dd,959653586.0,True,True,9.307069297957871e-07,True,True,True,True,True,True,True,True,True,True,True,True,True,True,True,True
PPO,test_087_cbc79ee243dd,1694234878.0,True,True,9.639663624612477e-07,True,True,True,True,True,True,True,True,True,True,True,True,True,True,True,True
PPO,test_087_cbc79ee243dd,1635820214.0,True,True,9.812731954546315e-07,True,True,True,True,True,True,True,True,True,True,True,True,True,True,True,True
PPO,test_087_cbc79ee243dd,456241246.0,True,True,9.728681664601426e-07,True,True,True,True,True,True,True,True,True,True,True,True,True,True,True,True
Vanilla SAC,test_087_cbc79ee243dd,3760190062.0,True,True,9.760905520252152e-07,True,True,True,True,True,True,True,True,True,True,True,True,True,True,True,True
Vanilla SAC,test_087_cbc79ee243dd,3890281123.0,True,True,9.999466733690694e-07,True,True,True,True,True,True,True,True,True,True,True,True,True,True,True,True
Vanilla SAC,test_087_cbc79ee243dd,4226533458.0,True,True,9.76289722759918e-07,True,True,True,True,True,True,True,True,True,True,True,True,True,True,True,True
Constrained SAC,test_087_cbc79ee243dd,301721597.0,True,True,9.998225381012884e-07,True,True,True,True,True,True,True,True,True,True,True,True,True,True,True,True
Constrained SAC,test_087_cbc79ee243dd,554911178.0,True,True,9.999560834800091e-07,True,True,True,True,True,True,True,True,True,True,True,True,True,True,True,True
Constrained SAC,test_087_cbc79ee243dd,1600960620.0,True,True,9.998110883938054e-07,True,True,True,True,True,True,True,True,True,True,True,True,True,True,True,True
Model-guided constrained SAC,test_087_cbc79ee243dd,301721597.0,True,True,9.867474379097507e-07,True,True,True,True,True,True,True,True,True,True,True,True,True,True,True,True
Model-guided constrained SAC,test_087_cbc79ee243dd,554911178.0,True,True,9.659736226208088e-07,True,True,True,True,True,True,True,True,True,True,True,True,True,True,True,True
Model-guided constrained SAC,test_087_cbc79ee243dd,1600960620.0,True,True,9.655387478414853e-07,True,True,True,True,True,True,True,True,True,True,True,True,True,True,True,True
