metric,source_column,chi,policy,reference_policy,physical_paths,mean_paired_difference,standard_error,paired_lower,paired_upper,unadjusted_p_value,simultaneous_lower,simultaneous_upper,holm_adjusted_p_value,multiplicity_family_size,seed_aggregated_within_path_first,inference_unit
total_operational_loss,total_operational_objective,0.0,Reactive,Passive,88,-223726.63235206436,704.2674423838955,-225126.44015300015,-222326.82455112858,4.089373907047061e-135,-226052.91797065618,-221400.34673347254,1.4721746065369419e-133,36,True,physical_path
total_operational_loss,total_operational_objective,0.0,Projected stochastic MPC,Passive,88,-202041.23247759687,816.8669359572191,-203664.84396446173,-200417.62099073202,1.1411895670291158e-125,-204739.44865380996,-199343.0163013838,3.994163484601906e-124,36,True,physical_path
total_operational_loss,total_operational_objective,0.0,Behaviour cloning,Passive,88,-147539.94384148187,850.3895199164738,-149230.1850938444,-145849.70258911935,2.6775036629754714e-112,-150348.88940864688,-144730.99827431687,5.087256959653395e-111,36,True,physical_path
total_operational_loss,total_operational_objective,0.0,Model-guided constrained SAC,Passive,88,-147129.00888825144,845.3320857652473,-148809.1979426114,-145448.81983389147,2.0327169907658084e-112,-149921.24910227227,-144336.7686742306,4.065433981531617e-111,36,True,physical_path
total_operational_loss,total_operational_objective,0.125,Reactive,Passive,88,-220176.72483758896,959.2316875049385,-222083.30168363644,-218270.14799154148,7.506432855910183e-123,-223345.1900331218,-217008.25964205613,2.4020585138912586e-121,36,True,physical_path
total_operational_loss,total_operational_objective,0.125,Projected stochastic MPC,Passive,88,-198710.58947366502,811.0461761335571,-200322.63157009924,-197098.5473772308,2.5983892958028243e-125,-201389.57893421277,-196031.60001311728,8.834523605729603e-124,36,True,physical_path
total_operational_loss,total_operational_objective,0.125,Behaviour cloning,Passive,88,-153482.1523073589,895.9846719354452,-155263.01886147464,-151701.28575324314,8.087875307439703e-112,-156441.70450495425,-150522.60010976353,1.2626152041724877e-110,36,True,physical_path
total_operational_loss,total_operational_objective,0.125,Model-guided constrained SAC,Passive,88,-153083.483014782,894.6529755416244,-154861.70267811682,-151305.26335144715,8.90804698064777e-112,-156038.63644852312,-150128.32958104086,1.2626152041724877e-110,36,True,physical_path
total_operational_loss,total_operational_objective,0.25,Reactive,Passive,88,-209022.24617877873,950.7046903445004,-210911.87469465303,-207132.61766290443,3.159749281936349e-121,-212162.54560990116,-205881.9467476563,9.795222774002682e-120,36,True,physical_path
total_operational_loss,total_operational_objective,0.25,Projected stochastic MPC,Passive,88,-193860.39084003257,823.4385024630741,-195497.0640269075,-192223.71765315766,8.300113959501374e-124,-196580.31374260297,-191140.46793746218,2.7390376066354537e-122,36,True,physical_path
total_operational_loss,total_operational_objective,0.25,Behaviour cloning,Passive,88,-163227.9096373694,947.3351348203702,-165110.84079677865,-161344.97847796013,4.875989535194461e-112,-166357.0789947654,-160098.74027997337,8.776781163350029e-111,36,True,physical_path
total_operational_loss,total_operational_objective,0.25,Model-guided constrained SAC,Passive,88,-162798.51051931063,949.4376531369425,-164685.6206615381,-160911.40037708316,7.427148259838163e-112,-165934.62476415755,-159662.3962744637,1.2626152041724877e-110,36,True,physical_path
total_operational_loss,total_operational_objective,0.375,Reactive,Passive,88,-198335.66727256254,998.3301493682596,-200319.95654520695,-196351.37799991813,2.0983271086108002e-117,-201633.279698349,-195038.05484677607,5.665483193249161e-116,36,True,physical_path
total_operational_loss,total_operational_objective,0.375,Projected stochastic MPC,Passive,88,-186948.5572524613,897.3507372525063,-188732.13900931444,-185164.97549560815,3.392376912121372e-119,-189912.62173886897,-183984.49276605362,1.0177130736364116e-117,36,True,physical_path
total_operational_loss,total_operational_objective,0.375,Behaviour cloning,Passive,88,-170268.42070059842,1005.7480956586301,-172267.45394472196,-168269.38745647488,2.2454265729271602e-111,-173590.53555363946,-166946.30584755738,2.919054544805308e-110,36,True,physical_path
total_operational_loss,total_operational_objective,0.375,Model-guided constrained SAC,Passive,88,-169825.72448293606,1010.3038551307998,-171833.8127923154,-167817.6361735567,4.165005769089236e-111,-173162.88759336353,-166488.5613725086,4.998006922907083e-110,36,True,physical_path
total_operational_loss,total_operational_objective,0.5,Reactive,Passive,88,-186460.52009310204,1125.746168733998,-188698.0625010449,-184222.9776851592,1.4967137545727853e-110,-190179.0039600351,-182742.03622616897,1.6463851300300639e-109,36,True,physical_path
total_operational_loss,total_operational_objective,0.5,Projected stochastic MPC,Passive,88,-177278.61872927236,1034.198208264231,-179334.19965282292,-175223.0378057218,7.624657516788847e-112,-180694.70795031445,-173862.52950823028,1.2626152041724877e-110,36,True,physical_path
total_operational_loss,total_operational_objective,0.5,Behaviour cloning,Passive,88,-170592.97890838503,1103.4844402058543,-172786.27372034287,-168399.6840964272,5.918147483882237e-108,-174237.9294330061,-166948.02838376397,5.3263327354940134e-107,36,True,physical_path
total_operational_loss,total_operational_objective,0.5,Model-guided constrained SAC,Passive,88,-170131.11661975057,1101.3502695778604,-172320.16953649386,-167942.06370300727,6.329496295119742e-108,-173769.0177052797,-166493.21553422144,5.3263327354940134e-107,36,True,physical_path
total_operational_loss,total_operational_objective,0.625,Reactive,Passive,88,-170324.56203137894,1108.0249542854415,-172526.88160672403,-168122.24245603385,9.684071962401666e-108,-173984.51045590095,-166664.61360685693,6.778850373681166e-107,36,True,physical_path
total_operational_loss,total_operational_objective,0.625,Projected stochastic MPC,Passive,88,-163334.8036573221,1024.3295071839016,-165370.76946887688,-161298.83784576732,4.042182332730388e-109,-166718.29529395842,-159951.3120206858,4.0421823327303885e-108,36,True,physical_path
total_operational_loss,total_operational_objective,0.625,Behaviour cloning,Passive,88,-161778.9523297604,1060.1363387490112,-163886.08809627144,-159671.81656324933,1.8222948925394738e-107,-165280.71851993178,-158277.186139589,1.0933769355236842e-106,36,True,physical_path
total_operational_loss,total_operational_objective,0.625,Model-guided constrained SAC,Passive,88,-161357.69259836443,1062.1223250583494,-163468.77572771104,-159246.60946901783,2.6867174244878575e-107,-164866.01875583248,-157849.36644089638,1.3433587122439286e-106,36,True,physical_path
total_operational_loss,total_operational_objective,0.75,Reactive,Passive,88,-134475.00616311698,747.979338236838,-135961.69609025403,-132988.31623597993,1.2200779319222954e-113,-136945.6777756714,-132004.33455056258,2.5621636570368204e-112,36,True,physical_path
total_operational_loss,total_operational_objective,0.75,Projected stochastic MPC,Passive,88,-130155.5354181965,683.5660176589288,-131514.19689590824,-128796.87394048474,8.373345867110341e-116,-132413.44157790116,-127897.62925849184,2.0933364667775854e-114,36,True,physical_path
total_operational_loss,total_operational_objective,0.75,Behaviour cloning,Passive,88,-130291.6488832734,696.4361243715488,-131675.8910916721,-128907.40667487471,3.859895906563047e-115,-132592.0666548367,-127991.23111171009,9.263750175751312e-114,36,True,physical_path
total_operational_loss,total_operational_objective,0.75,Model-guided constrained SAC,Passive,88,-129998.27575337976,702.6197721730879,-131394.80863135922,-128601.7428754003,1.0108998451215252e-114,-132319.11890610575,-127677.43260065376,2.325069643779508e-113,36,True,physical_path
total_operational_loss,total_operational_objective,0.875,Reactive,Passive,88,-71780.86481648084,389.0449086756033,-72554.13369887453,-71007.59593408715,1.286956366218828e-114,-73065.9300084411,-70495.79962452059,2.831304005681421e-113,36,True,physical_path
total_operational_loss,total_operational_objective,0.875,Projected stochastic MPC,Passive,88,-69272.04479928606,335.66398332604314,-69939.21331237607,-68604.87628619604,7.710233880725053e-119,-70380.78595370815,-68163.30364486396,2.2359678254102652e-117,36,True,physical_path
total_operational_loss,total_operational_objective,0.875,Behaviour cloning,Passive,88,-70037.71966006962,349.34078381924695,-70732.07229508557,-69343.36702505367,9.515609550732925e-118,-71191.63703929062,-68883.80228084861,2.6643706742052193e-116,36,True,physical_path
total_operational_loss,total_operational_objective,0.875,Model-guided constrained SAC,Passive,88,-69845.51602142966,352.3908255404069,-70545.93094462978,-69145.10109822954,2.5691285006826286e-117,-71009.5080793381,-68681.52396352122,6.679734101774834e-116,36,True,physical_path
total_operational_loss,total_operational_objective,1.0,Reactive,Passive,88,-6138.535813981371,76.95934976653271,-6291.500854923041,-5985.570773039701,3.885260134474357e-83,-6392.742409095381,-5884.32921886736,1.1655780403423071e-82,36,True,physical_path
total_operational_loss,total_operational_objective,1.0,Projected stochastic MPC,Passive,88,-4410.377240421064,126.99634886537858,-4662.796235157465,-4157.958245684663,9.107042054682803e-53,-4829.862456121495,-3990.8920247206333,1.8214084109365606e-52,36,True,physical_path
total_operational_loss,total_operational_objective,1.0,Behaviour cloning,Passive,88,-1544.7822874972487,19.02814326027542,-1582.6027826246354,-1506.961792369862,8.532871773854575e-84,-1607.634683264757,-1481.9298917297403,3.41314870954183e-83,36,True,physical_path
total_operational_loss,total_operational_objective,1.0,Model-guided constrained SAC,Passive,88,-345.82124954376536,10.694760988343248,-367.0782450538121,-324.5642540337186,2.9161950733403946e-50,-381.1474156905998,-310.4950833969309,2.9161950733403946e-50,36,True,physical_path
total_operational_loss,total_operational_objective,0.0,Passive,Reactive,88,223726.63235206436,704.2674423838955,222326.82455112858,225126.44015300015,4.089373907047061e-135,221400.34673347254,226052.91797065618,1.4721746065369419e-133,36,True,physical_path
total_operational_loss,total_operational_objective,0.0,Projected stochastic MPC,Reactive,88,21685.399874467537,729.4123920390875,20235.613763356952,23135.185985578122,2.3900789884060215e-47,19276.057264677765,24094.74248425731,4.780157976812043e-47,36,True,physical_path
total_operational_loss,total_operational_objective,0.0,Behaviour cloning,Reactive,88,76186.68851058253,777.1431766726835,74642.03229664748,77731.34472451759,7.617193273751072e-91,73619.68500214127,78753.6920190238,1.2949228565376822e-89,36,True,physical_path
total_operational_loss,total_operational_objective,0.0,Model-guided constrained SAC,Reactive,88,76597.623463813,775.3412117296004,75056.54885032194,78138.69807730406,3.9209952342902867e-91,74036.57207651211,79158.67485111389,7.057791421722516e-90,36,True,physical_path
total_operational_loss,total_operational_objective,0.125,Passive,Reactive,88,220176.72483758896,959.2316875049385,218270.14799154148,222083.30168363644,7.506432855910183e-123,217008.25964205613,223345.1900331218,2.4771228424503603e-121,36,True,physical_path
total_operational_loss,total_operational_objective,0.125,Projected stochastic MPC,Reactive,88,21466.135363923895,430.2961074062429,20610.875257307707,22321.395470540083,8.577324281881454e-66,20044.812175950166,22887.458551897624,5.771629756892669e-65,36,True,physical_path
total_operational_loss,total_operational_objective,0.125,Behaviour cloning,Reactive,88,66694.57253023003,377.278669124583,65944.6903230111,67444.45473744895,5.270260642380012e-113,65448.37273542599,67940.77232503406,1.2121599477474028e-111,36,True,physical_path
total_operational_loss,total_operational_objective,0.125,Model-guided constrained SAC,Reactive,88,67093.24182280691,377.642377032417,66342.6367067383,67843.84693887553,3.416442000510955e-113,65845.8406541718,68340.64299144203,8.199460801226292e-112,36,True,physical_path
total_operational_loss,total_operational_objective,0.25,Passive,Reactive,88,209022.24617877873,950.7046903445004,207132.61766290443,210911.87469465303,3.159749281936349e-121,205881.9467476563,212162.54560990116,9.479247845809048e-120,36,True,physical_path
total_operational_loss,total_operational_objective,0.25,Projected stochastic MPC,Reactive,88,15161.85533874615,303.78194001733243,14558.055838970507,15765.654838521794,8.245185366989527e-66,14158.424659261425,16165.286018230876,5.771629756892669e-65,36,True,physical_path
total_operational_loss,total_operational_objective,0.25,Behaviour cloning,Reactive,88,45794.336541409306,207.86169287789508,45381.188919220076,46207.484163598536,2.6443679578917686e-121,45107.742731022125,46480.93035179649,8.197540669464483e-120,36,True,physical_path
total_operational_loss,total_operational_objective,0.25,Model-guided constrained SAC,Reactive,88,46223.73565946809,204.74045477683495,45816.79183597734,46630.67948295884,3.159541523927084e-122,45547.45169853542,46900.01962040076,1.0110532876566668e-120,36,True,physical_path
total_operational_loss,total_operational_objective,0.375,Passive,Reactive,88,198335.66727256254,998.3301493682596,196351.37799991813,200319.95654520695,2.0983271086108002e-117,195038.05484677607,201633.279698349,5.665483193249161e-116,36,True,physical_path
total_operational_loss,total_operational_objective,0.375,Projected stochastic MPC,Reactive,88,11387.110020101267,180.2160314422515,11028.911143531532,11745.308896671002,1.7514371715984892e-74,10791.833372405155,11982.386667797378,1.5762934544386404e-73,36,True,physical_path
total_operational_loss,total_operational_objective,0.375,Behaviour cloning,Reactive,88,28067.246571964104,111.2003658159629,27846.223803952562,28288.269339975646,1.960583812601059e-126,27699.937512632612,28434.555631295596,6.862043344103706e-125,36,True,physical_path
total_operational_loss,total_operational_objective,0.375,Model-guided constrained SAC,Reactive,88,28509.942789626486,114.09550198687005,28283.165624985322,28736.71995426765,4.695590357394549e-126,28133.070724492187,28886.814854760785,1.5965007215141468e-124,36,True,physical_path
total_operational_loss,total_operational_objective,0.5,Passive,Reactive,88,186460.52009310204,1125.746168733998,184222.9776851592,188698.0625010449,1.4967137545727853e-110,182742.03622616897,190179.0039600351,3.2927702600601277e-109,36,True,physical_path
total_operational_loss,total_operational_objective,0.5,Projected stochastic MPC,Reactive,88,9181.901363829696,118.05163262321588,8947.260961172682,9416.541766486711,3.3761553677906065e-82,8791.961692199988,9571.841035459405,4.0513864413487277e-81,36,True,physical_path
total_operational_loss,total_operational_objective,0.5,Behaviour cloning,Reactive,88,15867.54118471702,72.1973769821299,15724.04108031833,16011.04128911571,3.2616055326496014e-121,15629.0639959873,16106.01837344674,9.479247845809048e-120,36,True,physical_path
total_operational_loss,total_operational_objective,0.5,Model-guided constrained SAC,Reactive,88,16329.403473351447,75.26171598389465,16179.812663375254,16478.99428332764,9.978386708911238e-121,16080.804380184167,16578.002566518728,2.793948278495147e-119,36,True,physical_path
total_operational_loss,total_operational_objective,0.625,Passive,Reactive,88,170324.56203137894,1108.0249542854415,168122.24245603385,172526.88160672403,9.684071962401666e-108,166664.61360685693,173984.51045590095,2.0336551121043498e-106,36,True,physical_path
total_operational_loss,total_operational_objective,0.625,Projected stochastic MPC,Reactive,88,6989.758374056813,98.66111951378599,6793.658715840364,7185.858032273263,1.0034789004438167e-78,6663.868052246395,7315.648695867232,1.1038267904881984e-77,36,True,physical_path
total_operational_loss,total_operational_objective,0.625,Behaviour cloning,Reactive,88,8545.609701618565,69.6878215137511,8407.097610451932,8684.121792785198,3.0567713999454224e-99,8315.42189621656,8775.79750702057,5.807865659896302e-98,36,True,physical_path
total_operational_loss,total_operational_objective,0.625,Model-guided constrained SAC,Reactive,88,8966.869433014492,70.96524627452496,8825.818321814239,9107.920544214745,2.289454889348827e-100,8732.46212991746,9201.276736111524,4.5789097786976545e-99,36,True,physical_path
total_operational_loss,total_operational_objective,0.75,Passive,Reactive,88,134475.00616311698,747.979338236838,132988.31623597993,135961.69609025403,1.2200779319222954e-113,132004.33455056258,136945.6777756714,3.0501948298057385e-112,36,True,physical_path
total_operational_loss,total_operational_objective,0.75,Projected stochastic MPC,Reactive,88,4319.470744920483,73.41741222719855,4173.545688364865,4465.395801476102,7.557848432215663e-72,4076.9636234209474,4561.977866420019,6.04627874577253e-71,36,True,physical_path
total_operational_loss,total_operational_objective,0.75,Behaviour cloning,Reactive,88,4183.357279843577,60.19947985539176,4063.704295135646,4303.010264551508,5.228581266743025e-78,3984.5106829310803,4382.203876756073,5.228581266743025e-77,36,True,physical_path
total_operational_loss,total_operational_objective,0.75,Model-guided constrained SAC,Reactive,88,4476.730409737226,56.20248778333169,4365.021879573168,4588.438939901284,4.372717430578935e-83,4291.086389878959,4662.374429595493,6.121804402810508e-82,36,True,physical_path
total_operational_loss,total_operational_objective,0.875,Passive,Reactive,88,71780.86481648084,389.0449086756033,71007.59593408715,72554.13369887453,1.286956366218828e-114,70495.79962452059,73065.9300084411,3.346086552168953e-113,36,True,physical_path
total_operational_loss,total_operational_objective,0.875,Projected stochastic MPC,Reactive,88,2508.8200171947924,64.4299003102379,2380.7586137562052,2636.8814206333795,7.844729640634602e-57,2295.9997993643765,2721.6402350252083,3.1378918562538407e-56,36,True,physical_path
total_operational_loss,total_operational_objective,0.875,Behaviour cloning,Reactive,88,1743.1451564112226,50.51982213733159,1642.7315395466555,1843.5587732757897,1.5406678174706209e-52,1576.271709451809,1910.0186033706361,4.6220034524118624e-52,36,True,physical_path
total_operational_loss,total_operational_objective,0.875,Model-guided constrained SAC,Reactive,88,1935.3487950511771,47.03340319560613,1841.8648133482725,2028.8327767540818,8.22931756230224e-59,1779.991436663271,2090.706153439083,4.11465878115112e-58,36,True,physical_path
total_operational_loss,total_operational_objective,1.0,Passive,Reactive,88,6138.535813981371,76.95934976653271,5985.570773039701,6291.500854923041,3.885260134474357e-83,5884.32921886736,6392.742409095381,5.827890201711536e-82,36,True,physical_path
total_operational_loss,total_operational_objective,1.0,Projected stochastic MPC,Reactive,88,1728.1585735603082,69.05670904863362,1590.9008867559571,1865.4162603646594,1.626597867730805e-41,1500.055413511703,1956.2617336089136,1.626597867730805e-41,36,True,physical_path
total_operational_loss,total_operational_objective,1.0,Behaviour cloning,Reactive,88,4593.753526484123,58.97952178147629,4476.525340547098,4710.981712421148,2.9953951908194203e-82,4398.936607435235,4788.570445533011,3.8940137480652463e-81,36,True,physical_path
total_operational_loss,total_operational_objective,1.0,Model-guided constrained SAC,Reactive,88,5792.714564437606,67.34010731842926,5658.8688094484,5926.560319426812,5.8987221907788126e-86,5570.281559897407,6015.147568977805,9.4379555052461e-85,36,True,physical_path
queue_loss,loss_queue,0.0,Reactive,Passive,88,11606.72456700346,154.73356249140613,11299.174856755762,11914.27427725116,7.5425108922893025e-81,11095.619779994118,12117.829354012803,6.034008713831442e-80,36,True,physical_path
queue_loss,loss_queue,0.0,Projected stochastic MPC,Passive,88,2299.699830981947,10.464667884144621,2278.900170431342,2320.499491532552,3.2894503686272025e-121,2265.1336918461902,2334.2659701177035,7.236790810979845e-120,36,True,physical_path
queue_loss,loss_queue,0.0,Behaviour cloning,Passive,88,1391.4521006212033,11.682089370222727,1368.232683042685,1414.6715181997215,3.787633586785691e-98,1352.864662296545,1430.0395389458615,4.16639694546426e-97,36,True,physical_path
queue_loss,loss_queue,0.0,Model-guided constrained SAC,Passive,88,1424.8656474970041,12.158496871187966,1400.6993184241562,1449.031976569852,1.542701546728277e-97,1384.7045741419754,1465.026720852033,1.542701546728277e-96,36,True,physical_path
queue_loss,loss_queue,0.125,Reactive,Passive,88,1928.2066185002686,6.391139436602104,1915.5035368272877,1940.9097001732496,3.623476700370999e-133,1907.0958658755887,1949.3173711249485,1.0870430101112997e-131,36,True,physical_path
queue_loss,loss_queue,0.125,Projected stochastic MPC,Passive,88,2360.0096450378082,11.082442102998858,2337.982091333656,2382.0371987419603,5.058303052111006e-120,2323.4029184854403,2396.616371590176,1.0622436409433114e-118,36,True,physical_path
queue_loss,loss_queue,0.125,Behaviour cloning,Passive,88,1468.2665965918152,12.198150954650922,1444.0214507342773,1492.511742449353,1.526648606904902e-98,1427.9745407171827,1508.5586524664477,1.8319783282858823e-97,36,True,physical_path
queue_loss,loss_queue,0.125,Model-guided constrained SAC,Passive,88,1514.8112746462416,12.091200381912317,1490.7787046327996,1538.8438446596836,4.790859425246199e-100,1474.8724902197678,1554.7500590727154,6.228117252820059e-99,36,True,physical_path
queue_loss,loss_queue,0.25,Reactive,Passive,88,1728.535474795574,4.984285024327363,1718.6286686034205,1738.4422809877274,1.9950334727195765e-138,1712.0717425920698,1744.999206999078,6.184603765430687e-137,36,True,physical_path
queue_loss,loss_queue,0.25,Projected stochastic MPC,Passive,88,2479.863868715616,10.265141296168258,2459.4607888636697,2500.266948567562,8.825143890402899e-125,2445.9567914705594,2513.770945960672,2.2062859726007248e-123,36,True,physical_path
queue_loss,loss_queue,0.25,Behaviour cloning,Passive,88,1615.4362797267052,12.43400781954481,1590.7223428112347,1640.1502166421756,2.060356679561752e-101,1574.3651584007555,1656.5074010526548,2.884499351386453e-100,36,True,physical_path
queue_loss,loss_queue,0.25,Model-guided constrained SAC,Passive,88,1658.310225909265,11.959723225480685,1634.5389809807864,1682.0814708377436,7.353582159688697e-104,1618.8057273801273,1697.8147244384027,1.1765731455501916e-102,36,True,physical_path
queue_loss,loss_queue,0.375,Reactive,Passive,88,1533.3223978839596,4.103575272610902,1525.1660976879941,1541.4786980799252,3.0436891465710004e-141,1519.7677628589884,1546.877032908931,1.0348543098341401e-139,36,True,physical_path
queue_loss,loss_queue,0.375,Projected stochastic MPC,Passive,88,2589.61761194448,9.878029444994587,2569.983958813828,2609.251265075132,7.264503334539231e-128,2556.989214754721,2622.2460091342386,1.9614159003255923e-126,36,True,physical_path
queue_loss,loss_queue,0.375,Behaviour cloning,Passive,88,1763.0582861903947,11.152360693341661,1740.8917617170405,1785.224810663749,8.527445877753998e-109,1726.220609573608,1799.8959628071814,1.5349402579957197e-107,36,True,physical_path
queue_loss,loss_queue,0.375,Model-guided constrained SAC,Passive,88,1794.5309848453333,10.925123789469463,1772.816118323998,1816.2458513666686,3.0849196616828746e-110,1758.4439008439058,1830.6180688467607,5.861347357197462e-109,36,True,physical_path
queue_loss,loss_queue,0.5,Reactive,Passive,88,1279.0773432524566,4.673267084882655,1269.7887188924662,1288.3659676124469,1.7191317397413715e-129,1263.6409431618854,1294.5137433430277,4.81356887127584e-128,36,True,physical_path
queue_loss,loss_queue,0.5,Projected stochastic MPC,Passive,88,2679.0342412170717,9.138068054583863,2660.8713414740564,2697.197140960087,4.37869442921458e-132,2648.850031330646,2709.2184511034975,1.2698213844722281e-130,36,True,physical_path
queue_loss,loss_queue,0.5,Behaviour cloning,Passive,88,1860.2170842975088,8.234993346214097,1843.8491433237427,1876.5850252712748,3.012077821980501e-122,1833.0158459076547,1887.418322687363,6.927778990555152e-121,36,True,physical_path
queue_loss,loss_queue,0.5,Model-guided constrained SAC,Passive,88,1884.6427551848167,7.796876213265892,1869.1456194528046,1900.1398909168288,8.402248380166253e-125,1858.8886738326162,1910.3968365370172,2.1845845788432258e-123,36,True,physical_path
queue_loss,loss_queue,0.625,Reactive,Passive,88,851.1818609651583,12.001276137355687,827.3280251249129,875.0356968054037,9.131728753601145e-79,811.5401078428248,890.8236140874918,6.392210127520801e-78,36,True,physical_path
queue_loss,loss_queue,0.625,Projected stochastic MPC,Passive,88,2685.116707488775,7.585176918648501,2670.0403470279507,2700.193067949599,3.3440874447017616e-139,2660.0618960373204,2710.1715189402294,1.1035488567515812e-137,36,True,physical_path
queue_loss,loss_queue,0.625,Behaviour cloning,Passive,88,1805.0147041462499,4.449607964634302,1796.170626505918,1813.8587817865816,2.4005696463508293e-144,1790.3170787932124,1819.7123294992873,8.401993762227903e-143,36,True,physical_path
queue_loss,loss_queue,0.625,Model-guided constrained SAC,Passive,88,1846.6183131765754,4.06375329760683,1838.5411634679172,1854.6954628852336,1.241705338057077e-148,1833.1952152384845,1860.0414111146663,4.4701392170054774e-147,36,True,physical_path
queue_loss,loss_queue,0.75,Reactive,Passive,88,-113.51094065051262,29.309473940812982,-171.76669378429156,-55.25518751673369,0.0002077733253461615,-210.32388927442292,-16.69799202660232,0.0002077733253461615,36,True,physical_path
queue_loss,loss_queue,0.75,Projected stochastic MPC,Passive,88,2287.848263262336,6.54256501915077,2274.844206847437,2300.852319677235,9.697210820311971e-139,2266.2373325323365,2309.4591939923353,3.1031074624998307e-137,36,True,physical_path
queue_loss,loss_queue,0.75,Behaviour cloning,Passive,88,1263.396215880387,9.661927332853942,1244.1920890974948,1282.6003426632792,1.17983119735897e-101,1231.4816316619028,1295.3108000988711,1.769746796038455e-100,36,True,physical_path
queue_loss,loss_queue,0.75,Model-guided constrained SAC,Passive,88,1361.6020713734192,9.523108463934276,1342.6738621240324,1380.530280622806,5.1531762440179915e-105,1330.1460236695066,1393.0581190773319,8.760399614830585e-104,36,True,physical_path
queue_loss,loss_queue,0.875,Reactive,Passive,88,-1781.471797934811,39.76294806259583,-1860.5049628044226,-1702.4386330651996,6.987330708433867e-62,-1912.8139112628446,-1650.1296846067776,2.7949322833735467e-61,36,True,physical_path
queue_loss,loss_queue,0.875,Projected stochastic MPC,Passive,88,1288.5904145136694,5.359074413561326,1277.9386738276228,1299.242155199716,1.3266253124567973e-124,1270.8887049258572,1306.2921241014817,3.183900749896314e-123,36,True,physical_path
queue_loss,loss_queue,0.875,Behaviour cloning,Passive,88,121.99848610514124,11.001367988714291,100.13207598196382,143.86489622831866,2.503523139858439e-18,85.65955774242408,158.3374144678584,5.007046279716878e-18,36,True,physical_path
queue_loss,loss_queue,0.875,Model-guided constrained SAC,Passive,88,302.38669258007155,12.624945209779316,277.2932469265059,327.4801382336372,4.575678887158767e-40,260.68488058432393,344.0885045758192,1.37270366614763e-39,36,True,physical_path
queue_loss,loss_queue,1.0,Reactive,Passive,88,-3610.85227264967,38.212700789463895,-3686.8041532006937,-3534.900392098646,1.8151962985086916e-89,-3737.0737205604,-3484.6308247389397,1.6336766686578225e-88,36,True,physical_path
queue_loss,loss_queue,1.0,Projected stochastic MPC,Passive,88,-4220.49699350581,84.92782917039706,-4389.300250102273,-4051.6937369093466,1.1858043061279222e-65,-4501.024497302618,-3939.969489709001,5.929021530639611e-65,36,True,physical_path
queue_loss,loss_queue,1.0,Behaviour cloning,Passive,88,-1530.0686163000098,8.75922454085163,-1547.4785235377046,-1512.658709062315,1.4842256888004002e-112,-1559.0014575093476,-1501.135775090672,2.9684513776008005e-111,36,True,physical_path
queue_loss,loss_queue,1.0,Model-guided constrained SAC,Passive,88,-413.2102543519067,7.062657036670712,-427.24804996801674,-399.1724587357967,1.2148621814420664e-71,-436.5391156689084,-389.88139303490505,7.289173088652398e-71,36,True,physical_path
queue_loss,loss_queue,0.0,Passive,Reactive,88,-11606.72456700346,154.73356249140613,-11914.27427725116,-11299.174856755762,7.5425108922893025e-81,-12117.829354012803,-11095.619779994118,1.8102026141494325e-79,36,True,physical_path
queue_loss,loss_queue,0.0,Projected stochastic MPC,Reactive,88,-9307.024736021513,150.94666930432606,-9607.047586009077,-9007.001886033948,1.4075493095355749e-73,-9805.620929519237,-8808.428542523789,1.8298141023962474e-72,36,True,physical_path
queue_loss,loss_queue,0.0,Behaviour cloning,Reactive,88,-10215.272466382257,150.5918822423227,-10514.590138667183,-9915.954794097332,4.112748988168916e-77,-10712.696752745944,-9717.848180018571,7.81422307752094e-76,36,True,physical_path
queue_loss,loss_queue,0.0,Model-guided constrained SAC,Reactive,88,-10181.858919506456,150.35870875980115,-10480.713134246476,-9883.004704766436,4.766229168073788e-77,-10678.513003974693,-9685.20483503822,8.579212502532819e-76,36,True,physical_path
queue_loss,loss_queue,0.125,Passive,Reactive,88,-1928.2066185002686,6.391139436602104,-1940.9097001732496,-1915.5035368272877,3.623476700370999e-133,-1949.3173711249485,-1907.0958658755887,1.2319820781261397e-131,36,True,physical_path
queue_loss,loss_queue,0.125,Projected stochastic MPC,Reactive,88,431.80302653753955,12.981714568129746,406.0004631526994,457.6055899223797,2.9928156043092527e-51,388.92275962887487,474.68329344620423,2.394252483447402e-50,36,True,physical_path
queue_loss,loss_queue,0.125,Behaviour cloning,Reactive,88,-459.94002190845333,13.788884036460114,-487.3469220131928,-432.53312180371387,2.3861389569102435e-51,-505.4864730149668,-414.39357080193986,2.1475250612192193e-50,36,True,physical_path
queue_loss,loss_queue,0.125,Model-guided constrained SAC,Reactive,88,-413.395343854027,13.542743561808274,-440.3130131129142,-386.4776745951398,2.9327379251992663e-48,-458.12876142828213,-368.6619262797718,2.0529165476394864e-47,36,True,physical_path
queue_loss,loss_queue,0.25,Passive,Reactive,88,-1728.535474795574,4.984285024327363,-1738.4422809877274,-1718.6286686034205,1.9950334727195765e-138,-1744.999206999078,-1712.0717425920698,6.982617154518518e-137,36,True,physical_path
queue_loss,loss_queue,0.25,Projected stochastic MPC,Reactive,88,751.328393920042,9.329490639982756,732.7850210610046,769.8717667790794,1.704337109177307e-83,720.5118907020095,782.1448971380745,4.2608427729432675e-82,36,True,physical_path
queue_loss,loss_queue,0.25,Behaviour cloning,Reactive,88,-113.09919506886858,11.485742499229085,-135.92835198053587,-90.2700381572013,8.301377430341622e-16,-151.03807451552183,-75.16031562221534,2.4904132291024865e-15,36,True,physical_path
queue_loss,loss_queue,0.25,Model-guided constrained SAC,Reactive,88,-70.22524888630865,11.001693362523072,-92.09230572516302,-48.35819204745428,8.173746935862465e-09,-106.56525200041494,-33.88524577220235,1.634749387172493e-08,36,True,physical_path
queue_loss,loss_queue,0.375,Passive,Reactive,88,-1533.3223978839596,4.103575272610902,-1541.4786980799252,-1525.1660976879941,3.0436891465710004e-141,-1546.877032908931,-1519.7677628589884,1.0957280927655601e-139,36,True,physical_path
queue_loss,loss_queue,0.375,Projected stochastic MPC,Reactive,88,1056.295214060521,9.822201209232187,1036.7725255936168,1075.817902527425,2.587458044424843e-94,1023.8512246882324,1088.7392034328095,8.021119937717014e-93,36,True,physical_path
queue_loss,loss_queue,0.375,Behaviour cloning,Reactive,88,229.73588830643538,10.780755913131914,208.30796857170407,251.1638080411667,2.7497698650924886e-36,194.1256699022218,265.346106710649,1.3748849325462444e-35,36,True,physical_path
queue_loss,loss_queue,0.375,Model-guided constrained SAC,Reactive,88,261.20858696137407,10.591444569512264,240.1569440210199,282.2602299017282,4.964690159501825e-41,226.22368818660124,296.1934857361469,2.9788140957010945e-40,36,True,physical_path
queue_loss,loss_queue,0.5,Passive,Reactive,88,-1279.0773432524566,4.673267084882655,-1288.3659676124469,-1269.7887188924662,1.7191317397413715e-129,-1294.5137433430277,-1263.6409431618854,5.673134741146526e-128,36,True,physical_path
queue_loss,loss_queue,0.5,Projected stochastic MPC,Reactive,88,1399.956897964615,12.34163031470522,1375.4265713427963,1424.487224586434,2.579764817361317e-96,1359.1909113759214,1440.7228845533089,8.255247415556214e-95,36,True,physical_path
queue_loss,loss_queue,0.5,Behaviour cloning,Reactive,88,581.1397410450522,11.24158544070111,558.7958727249236,603.4836093651809,4.277481246130966e-67,544.0073436530128,618.2721384370917,4.7052293707440625e-66,36,True,physical_path
queue_loss,loss_queue,0.5,Model-guided constrained SAC,Reactive,88,605.5654119323602,10.785027532840063,584.1290018909211,627.0018219737993,3.971610011873496e-70,569.9410838208152,641.1897400439053,4.765932014248195e-69,36,True,physical_path
queue_loss,loss_queue,0.625,Passive,Reactive,88,-851.1818609651583,12.001276137355687,-875.0356968054037,-827.3280251249129,9.131728753601145e-79,-890.8236140874918,-811.5401078428248,2.008980325792252e-77,36,True,physical_path
queue_loss,loss_queue,0.625,Projected stochastic MPC,Reactive,88,1833.934846523616,18.324163335645373,1797.5135877244963,1870.3561053227356,1.2799094026354693e-91,1773.4077866667112,1894.4619063805208,3.839728207906408e-90,36,True,physical_path
queue_loss,loss_queue,0.625,Behaviour cloning,Reactive,88,953.8328431810914,14.586923555981224,924.8397531183165,982.8259332438664,9.430065716138458e-76,905.6503652677077,1002.0153210944752,1.5088105145821532e-74,36,True,physical_path
queue_loss,loss_queue,0.625,Model-guided constrained SAC,Reactive,88,995.436452211417,14.710635878406697,966.1974705120545,1024.6754339107795,5.072172461832844e-77,946.8453366425329,1044.027567780301,8.622693185115834e-76,36,True,physical_path
queue_loss,loss_queue,0.75,Passive,Reactive,88,113.51094065051262,29.309473940812982,55.25518751673369,171.76669378429156,0.0002077733253461615,16.69799202660232,210.32388927442292,0.0002077733253461615,36,True,physical_path
queue_loss,loss_queue,0.75,Projected stochastic MPC,Reactive,88,2401.359203912849,28.40788460056247,2344.8954572183443,2457.8229506073535,2.650794637137156e-85,2307.524320424253,2495.194087401445,7.157145520270321e-84,36,True,physical_path
queue_loss,loss_queue,0.75,Behaviour cloning,Reactive,88,1376.9071565308996,21.223728432586555,1334.722698132093,1419.091614929706,1.8476467364031699e-75,1306.8024615609006,1447.0118515008985,2.771470104604755e-74,36,True,physical_path
queue_loss,loss_queue,0.75,Model-guided constrained SAC,Reactive,88,1475.113012023932,21.449650476183614,1432.4795091002786,1517.7465149475854,1.2743316130559773e-77,1404.2620675905705,1545.9639564572935,2.5486632261119545e-76,36,True,physical_path
queue_loss,loss_queue,0.875,Passive,Reactive,88,1781.471797934811,39.76294806259583,1702.4386330651996,1860.5049628044226,6.987330708433867e-62,1650.1296846067776,1912.8139112628446,6.987330708433867e-61,36,True,physical_path
queue_loss,loss_queue,0.875,Projected stochastic MPC,Reactive,88,3070.062212448481,37.38737652150104,2995.750753247457,3144.3736716495055,3.2049243407033564e-84,2946.56691636544,3193.557508531522,8.332803285828727e-83,36,True,physical_path
queue_loss,loss_queue,0.875,Behaviour cloning,Reactive,88,1903.4702840399523,29.455075293251756,1844.9251324522554,1962.0154356276491,2.57804986389764e-75,1806.1763954891878,2000.7641725907167,3.609269809456696e-74,36,True,physical_path
queue_loss,loss_queue,0.875,Model-guided constrained SAC,Reactive,88,2083.8584905148823,28.568795831283715,2027.0749153255954,2140.642065704169,8.281476063938025e-80,1989.492096609406,2178.2248844203586,1.9047394947057457e-78,36,True,physical_path
queue_loss,loss_queue,1.0,Passive,Reactive,88,3610.85227264967,38.212700789463895,3534.900392098646,3686.8041532006937,1.8151962985086916e-89,3484.6308247389397,3737.0737205604,5.082549635824336e-88,36,True,physical_path
queue_loss,loss_queue,1.0,Projected stochastic MPC,Reactive,88,-609.6447208561402,56.606303309520506,-722.155878104286,-497.13356360799446,1.1033785076848688e-17,-796.6225951489629,-422.66684656331756,4.413514030739475e-17,36,True,physical_path
queue_loss,loss_queue,1.0,Behaviour cloning,Reactive,88,2080.7836563496603,30.04719445880532,2021.0616038048215,2140.505708894499,7.036884239963773e-78,1981.5339223111969,2180.0333903881237,1.4777456903923924e-76,36,True,physical_path
queue_loss,loss_queue,1.0,Model-guided constrained SAC,Reactive,88,3197.642018297763,32.38049463622436,3133.282278996853,3262.001757598673,4.0605040355454823e-91,3090.685094745875,3304.598941849651,1.1775461703081898e-89,36,True,physical_path
waiting_loss,loss_waiting,0.0,Reactive,Passive,88,-236360.4610360182,862.7181338679982,-238075.20674357133,-234645.7153284651,1.5774960569499973e-129,-239210.1295950562,-233510.79247698022,5.67898580501999e-128,36,True,physical_path
waiting_loss,loss_waiting,0.0,Projected stochastic MPC,Passive,88,-197206.4287109568,808.588304075947,-198813.58552053422,-195599.27190137937,3.8625532512454866e-125,-199877.29950510617,-194535.55791680742,1.3518936379359203e-123,36,True,physical_path
waiting_loss,loss_waiting,0.0,Behaviour cloning,Passive,88,-144242.88331564708,829.5482603052506,-145891.7003078076,-142594.06632348656,2.2098293270817546e-112,-146982.9875313749,-141502.77909991925,4.1986757214553335e-111,36,True,physical_path
waiting_loss,loss_waiting,0.0,Model-guided constrained SAC,Passive,88,-143751.43193851443,825.2201524971596,-145391.646347752,-142111.21752927688,1.8873683716192711e-112,-146477.2398594773,-141025.62401755157,3.7747367432385426e-111,36,True,physical_path
waiting_loss,loss_waiting,0.125,Reactive,Passive,88,-214375.6889832454,927.226843507284,-216218.6527363122,-212532.72523017862,4.004540254663915e-123,-217438.4380774276,-211312.93988906321,1.2814528814924528e-121,36,True,physical_path
waiting_loss,loss_waiting,0.125,Projected stochastic MPC,Passive,88,-194230.67444864128,806.9100436865494,-195834.49553397007,-192626.8533633125,1.2081712213024963e-124,-196896.0017336446,-191565.34716363795,4.107782152428488e-123,36,True,physical_path
waiting_loss,loss_waiting,0.125,Behaviour cloning,Passive,88,-150111.6714457961,874.7051710762076,-151850.24268777596,-148373.10020381623,6.899709668193876e-112,-153000.93472494863,-147222.40816664355,1.0788013234929502e-110,36,True,physical_path
waiting_loss,loss_waiting,0.125,Model-guided constrained SAC,Passive,88,-149637.75304776622,873.2112633918815,-151373.3549864608,-147902.15110907165,7.826373154445987e-112,-152522.08175838357,-146753.42433714887,1.0956922416224383e-110,36,True,physical_path
waiting_loss,loss_waiting,0.25,Reactive,Passive,88,-203401.43673915305,920.2449598144622,-205230.52324237087,-201572.35023593524,1.99335805738101e-121,-206441.1237767246,-200361.74970158152,6.1794099778811315e-120,36,True,physical_path
waiting_loss,loss_waiting,0.25,Projected stochastic MPC,Passive,88,-189829.48976785166,817.4348184222865,-191454.22998260704,-188204.74955309628,2.727043406115164e-123,-192529.58173262465,-187129.39780307867,8.999243240180041e-122,36,True,physical_path
waiting_loss,loss_waiting,0.25,Behaviour cloning,Passive,88,-159767.62942922514,926.0623337656928,-161608.27859308553,-157926.98026536475,4.361887461889988e-112,-162826.53199849144,-156708.72685995884,7.415208685212978e-111,36,True,physical_path
waiting_loss,loss_waiting,0.25,Model-guided constrained SAC,Passive,88,-159251.94863828027,927.719323733201,-161095.8912491226,-157408.00602743795,6.742508271830939e-112,-162316.32445776317,-156187.57281879737,1.0788013234929502e-110,36,True,physical_path
waiting_loss,loss_waiting,0.375,Reactive,Passive,88,-192882.96470911158,964.5637054077731,-194800.1395181003,-190965.78990012285,1.190272365214203e-117,-196069.0422431098,-189696.88717511334,2.9756809130355076e-116,36,True,physical_path
waiting_loss,loss_waiting,0.375,Projected stochastic MPC,Passive,88,-183363.96003200498,887.462863138688,-185127.8885683822,-181600.03149562777,6.962113058933918e-119,-186295.36360302012,-180432.55646098984,1.8101493953228185e-117,36,True,physical_path
waiting_loss,loss_waiting,0.375,Behaviour cloning,Passive,88,-166855.32863186178,982.128459481532,-168807.41529151157,-164903.24197221198,1.6552173320833029e-111,-170099.42479960175,-163611.2324641218,2.1517825317082938e-110,36,True,physical_path
waiting_loss,loss_waiting,0.375,Model-guided constrained SAC,Passive,88,-166296.76546856883,986.6358056840228,-168257.8109668587,-164335.71997027897,3.2935160520875153e-111,-169555.749978461,-163037.78095867665,3.9522192625050183e-110,36,True,physical_path
waiting_loss,loss_waiting,0.5,Reactive,Passive,88,-181149.54968059107,1080.287059424032,-183296.73718639577,-179002.36217478637,5.140210633321469e-111,-184717.8762835964,-177581.22307758575,5.654231696653617e-110,36,True,physical_path
waiting_loss,loss_waiting,0.5,Projected stochastic MPC,Passive,88,-174296.02589980004,1009.4874992669738,-176302.49161350372,-172289.56018609635,4.0771422206658917e-112,-177630.49248218804,-170961.55931741203,7.338855997198605e-111,36,True,physical_path
waiting_loss,loss_waiting,0.5,Behaviour cloning,Passive,88,-167434.9972504859,1072.3168738031443,-169566.34314934473,-165303.65135162708,2.4944393470166516e-108,-170976.99730895492,-163892.9971920169,1.9955514776133213e-107,36,True,physical_path
waiting_loss,loss_waiting,0.5,Model-guided constrained SAC,Passive,88,-166828.36708958933,1068.7856952439738,-168952.69438870018,-164704.03979047848,2.5670977146022606e-108,-170358.7032127342,-163298.03096644446,1.9955514776133213e-107,36,True,physical_path
waiting_loss,loss_waiting,0.625,Reactive,Passive,88,-165033.63345699062,1046.8819547137662,-167114.42470002585,-162952.8422139554,1.0890238764657214e-108,-168491.61871805912,-161575.6481959221,9.801214888191494e-108,36,True,physical_path
waiting_loss,loss_waiting,0.625,Projected stochastic MPC,Passive,88,-161035.9441883105,994.633366573869,-163012.88570485753,-159059.00267176348,1.0777641014602327e-109,-164321.34566676064,-157750.54270986037,1.0777641014602328e-108,36,True,physical_path
waiting_loss,loss_waiting,0.625,Behaviour cloning,Passive,88,-158976.6841591545,1021.1361809555807,-161006.30288905205,-156947.06542925697,3.216340191615258e-108,-162349.6278300134,-155603.74048829562,1.9955514776133213e-107,36,True,physical_path
waiting_loss,loss_waiting,0.625,Model-guided constrained SAC,Passive,88,-158417.55588389092,1022.9711005791497,-160450.82171522832,-156384.29005255352,5.100378925017865e-108,-161796.5605294232,-155038.55123835863,2.5501894625089326e-107,36,True,physical_path
waiting_loss,loss_waiting,0.75,Reactive,Passive,88,-129079.0287188474,671.9207489444898,-130414.543964021,-127743.51347367381,3.8749060721818605e-116,-131298.46906357227,-126859.58837412254,8.137302751581907e-115,36,True,physical_path
waiting_loss,loss_waiting,0.75,Projected stochastic MPC,Passive,88,-128623.431232925,655.8211315819216,-129926.94674529834,-127319.91572055165,6.416543417518867e-117,-130789.69247823188,-126457.16998761811,1.539970420204528e-115,36,True,physical_path
waiting_loss,loss_waiting,0.75,Behaviour cloning,Passive,88,-127920.38701361621,654.398533092812,-129221.07495745123,-126619.6990697812,8.551865149564347e-117,-130081.94923379844,-125758.82479343399,1.9669289843997999e-115,36,True,physical_path
waiting_loss,loss_waiting,0.75,Model-guided constrained SAC,Passive,88,-127556.91913584684,660.7556971515526,-128870.24263161242,-126243.59564008126,2.5338059808424512e-116,-129739.4798836265,-125374.35838806718,5.574373157853393e-115,36,True,physical_path
waiting_loss,loss_waiting,0.875,Reactive,Passive,88,-66149.47421360355,310.02812064438604,-66765.68867372183,-65533.259753485276,4.270265749078738e-120,-67173.53682818761,-65125.411599019484,1.1956744097420465e-118,36,True,physical_path
waiting_loss,loss_waiting,0.875,Projected stochastic MPC,Passive,88,-68602.36494697997,319.97918877457863,-69238.35823252448,-67966.37166143546,2.81053211340975e-120,-69659.29721489138,-67545.43267906856,8.150543128888275e-119,36,True,physical_path
waiting_loss,loss_waiting,0.875,Behaviour cloning,Passive,88,-68232.65308915627,317.99805355862975,-68864.70865393861,-67600.59752437394,2.6203360690794628e-120,-69283.0414135542,-67182.26476475835,7.861008207238389e-119,36,True,physical_path
waiting_loss,loss_waiting,0.875,Model-guided constrained SAC,Passive,88,-68106.33074872004,320.9572566826245,-68744.26805013853,-67468.39344730154,6.879527314752822e-120,-69166.49370027741,-67046.16779716266,1.857472374983262e-118,36,True,physical_path
waiting_loss,loss_waiting,1.0,Reactive,Passive,88,0.0,0.0,0.0,0.0,1.0,0.0,0.0,1.0,36,True,physical_path
waiting_loss,loss_waiting,1.0,Projected stochastic MPC,Passive,88,0.0,0.0,0.0,0.0,1.0,0.0,0.0,1.0,36,True,physical_path
waiting_loss,loss_waiting,1.0,Behaviour cloning,Passive,88,0.0,0.0,0.0,0.0,1.0,0.0,0.0,1.0,36,True,physical_path
waiting_loss,loss_waiting,1.0,Model-guided constrained SAC,Passive,88,0.0,0.0,0.0,0.0,1.0,0.0,0.0,1.0,36,True,physical_path
waiting_loss,loss_waiting,0.0,Passive,Reactive,88,236360.4610360182,862.7181338679982,234645.7153284651,238075.20674357133,1.5774960569499973e-129,233510.79247698022,239210.1295950562,5.67898580501999e-128,36,True,physical_path
waiting_loss,loss_waiting,0.0,Projected stochastic MPC,Reactive,88,39154.03232506144,702.4929791622604,37757.75146192035,40550.31318820253,7.419410335596482e-70,36833.60798589955,41474.456664223326,7.419410335596482e-69,36,True,physical_path
waiting_loss,loss_waiting,0.0,Behaviour cloning,Reactive,88,92117.57772037119,725.0711313601207,90676.42033493865,93558.73510580373,1.428634409910454e-100,89722.57485096449,94512.58058977789,2.7144053788298627e-99,36,True,physical_path
waiting_loss,loss_waiting,0.0,Model-guided constrained SAC,Reactive,88,92609.02909750382,725.7841583118249,91166.4544937971,94051.60370121055,9.814822847121673e-101,90211.67100869666,95006.38718631098,1.9629645694243345e-99,36,True,physical_path
waiting_loss,loss_waiting,0.125,Passive,Reactive,88,214375.6889832454,927.226843507284,212532.72523017862,216218.6527363122,4.004540254663915e-123,211312.93988906321,217438.4380774276,1.321498284039092e-121,36,True,physical_path
waiting_loss,loss_waiting,0.125,Projected stochastic MPC,Reactive,88,20145.014534604128,406.20946419847917,19337.62923950337,20952.399829704886,1.4103891919456735e-65,18803.252616003734,21486.776453204522,1.1283113535565388e-64,36,True,physical_path
waiting_loss,loss_waiting,0.125,Behaviour cloning,Reactive,88,64264.0175374493,367.45281170798387,63533.66528580532,64994.369789093274,1.3375064715201253e-112,63050.27380893905,65477.76126595955,3.076264884496288e-111,36,True,physical_path
waiting_loss,loss_waiting,0.125,Model-guided constrained SAC,Reactive,88,64737.93593547919,368.774797825944,64004.956093279005,65470.91577767937,9.655345402256687e-113,63519.8255174003,65956.04635355808,2.317282896541605e-111,36,True,physical_path
waiting_loss,loss_waiting,0.25,Passive,Reactive,88,203401.43673915305,920.2449598144622,201572.35023593524,205230.52324237087,1.99335805738101e-121,200361.74970158152,206441.1237767246,6.378745783619232e-120,36,True,physical_path
waiting_loss,loss_waiting,0.25,Projected stochastic MPC,Reactive,88,13571.946971301428,276.15140912552044,13023.066143551052,14120.827799051804,3.012868744806e-65,12659.783476382423,14484.110466220432,2.1090081213641998e-64,36,True,physical_path
waiting_loss,loss_waiting,0.25,Behaviour cloning,Reactive,88,43633.80730992791,202.2255010048927,43231.86222938209,44035.75239047374,1.6153259988136746e-120,42965.83056361146,44301.78405624437,4.845977996441024e-119,36,True,physical_path
waiting_loss,loss_waiting,0.25,Model-guided constrained SAC,Reactive,88,44149.488100872804,200.2300652501612,43751.509164958465,44547.467036787144,2.461148594464756e-121,43488.10253458214,44810.87366716347,7.629560642840743e-120,36,True,physical_path
waiting_loss,loss_waiting,0.375,Passive,Reactive,88,192882.96470911158,964.5637054077731,190965.78990012285,194800.1395181003,1.190272365214203e-117,189696.88717511334,196069.0422431098,3.094708149556928e-116,36,True,physical_path
waiting_loss,loss_waiting,0.375,Projected stochastic MPC,Reactive,88,9519.004677106599,156.67104024491832,9207.604020030625,9830.405334182573,4.9141817545847484e-73,9001.500152777182,10036.509201436016,5.897018105501698e-72,36,True,physical_path
waiting_loss,loss_waiting,0.375,Behaviour cloning,Reactive,88,26027.636077249826,108.47754395715269,25812.02521251415,26243.246941985504,1.5979292134226543e-124,25669.320847465104,26385.95130703455,5.5927522469792904e-123,36,True,physical_path
waiting_loss,loss_waiting,0.375,Model-guided constrained SAC,Reactive,88,26586.199240542748,112.62304742369234,26362.34873878562,26810.049742299878,6.566874596523418e-124,26214.190881535138,26958.20759955036,2.232737362817962e-122,36,True,physical_path
waiting_loss,loss_waiting,0.5,Passive,Reactive,88,181149.54968059107,1080.287059424032,179002.36217478637,183296.73718639577,5.140210633321469e-111,177581.22307758575,184717.8762835964,1.1308463393307233e-109,36,True,physical_path
waiting_loss,loss_waiting,0.5,Projected stochastic MPC,Reactive,88,6853.523780791049,97.17207870245635,6660.383752422822,7046.663809159276,1.4714589750522727e-78,6532.551951610599,7174.495609971499,1.9128966675679547e-77,36,True,physical_path
waiting_loss,loss_waiting,0.5,Behaviour cloning,Reactive,88,13714.552430105157,64.58183093363505,13586.18904810128,13842.915812109035,6.438968499326349e-120,13501.230365954774,13927.87449425554,1.802911179811378e-118,36,True,physical_path
waiting_loss,loss_waiting,0.5,Model-guided constrained SAC,Reactive,88,14321.182591001701,67.64257634848204,14186.735646063438,14455.629535939965,8.371236254290694e-120,14097.750492491889,14544.614689511514,2.2602337886584873e-118,36,True,physical_path
waiting_loss,loss_waiting,0.625,Passive,Reactive,88,165033.63345699062,1046.8819547137662,162952.8422139554,167114.42470002585,1.0890238764657214e-108,161575.6481959221,168491.61871805912,2.286950140578015e-107,36,True,physical_path
waiting_loss,loss_waiting,0.625,Projected stochastic MPC,Reactive,88,3997.689268680099,68.78506933443053,3860.971495221306,4134.4070421388915,2.1359699947196093e-71,3770.483369419881,4224.895167940316,2.3495669941915702e-70,36,True,physical_path
waiting_loss,loss_waiting,0.625,Behaviour cloning,Reactive,88,6056.949297836139,51.832235337233385,5953.92711762658,6159.971478045697,1.9746542819901294e-97,5885.740781883265,6228.157813789012,3.35691227938322e-96,36,True,physical_path
waiting_loss,loss_waiting,0.625,Model-guided constrained SAC,Reactive,88,6616.077573099701,53.86489167687565,6509.015268315845,6723.139877883557,2.6543733590888273e-99,6438.154932759019,6794.000213440383,4.777872046359889e-98,36,True,physical_path
waiting_loss,loss_waiting,0.75,Passive,Reactive,88,129079.0287188474,671.9207489444898,127743.51347367381,130414.543964021,3.8749060721818605e-116,126859.58837412254,131298.46906357227,9.687265180454652e-115,36,True,physical_path
waiting_loss,loss_waiting,0.75,Projected stochastic MPC,Reactive,88,455.5974859224067,33.16014913059993,389.6880988916977,521.5068729531157,1.645920314353587e-23,346.0652636578631,565.1297081869502,8.229601571767935e-23,36,True,physical_path
waiting_loss,loss_waiting,0.75,Behaviour cloning,Reactive,88,1158.6417052311785,32.14693193034654,1094.7461970987417,1222.5372133636154,4.432595936523993e-54,1052.4562692293662,1264.827141232991,2.659557561914396e-53,36,True,physical_path
waiting_loss,loss_waiting,0.75,Model-guided constrained SAC,Reactive,88,1522.1095830005747,30.314003906952657,1461.8572177869921,1582.3619482141573,4.971375492906864e-66,1421.9785431615355,1622.240622839614,4.474237943616178e-65,36,True,physical_path
waiting_loss,loss_waiting,0.875,Passive,Reactive,88,66149.47421360355,310.02812064438604,65533.259753485276,66765.68867372183,4.270265749078738e-120,65125.411599019484,67173.53682818761,1.238377067232834e-118,36,True,physical_path
waiting_loss,loss_waiting,0.875,Projected stochastic MPC,Reactive,88,-2452.890733376422,24.204629420952386,-2501.0000552663014,-2404.7814114865423,4.361172635367714e-92,-2532.841726332608,-2372.939740420236,6.977876216588342e-91,36,True,physical_path
waiting_loss,loss_waiting,0.875,Behaviour cloning,Reactive,88,-2083.178875552717,23.584449341710325,-2130.0555223810184,-2036.3022287244155,6.054852477162691e-87,-2161.081334227104,-2005.2764168783294,9.082278715744036e-86,36,True,physical_path
waiting_loss,loss_waiting,0.875,Model-guided constrained SAC,Reactive,88,-1956.8565351164905,24.336192757432222,-2005.2273533835107,-1908.4857168494702,1.944001605042276e-83,-2037.242098633756,-1876.4709715992249,2.7216022470591864e-82,36,True,physical_path
waiting_loss,loss_waiting,1.0,Passive,Reactive,88,0.0,0.0,0.0,0.0,1.0,0.0,0.0,1.0,36,True,physical_path
waiting_loss,loss_waiting,1.0,Projected stochastic MPC,Reactive,88,0.0,0.0,0.0,0.0,1.0,0.0,0.0,1.0,36,True,physical_path
waiting_loss,loss_waiting,1.0,Behaviour cloning,Reactive,88,0.0,0.0,0.0,0.0,1.0,0.0,0.0,1.0,36,True,physical_path
waiting_loss,loss_waiting,1.0,Model-guided constrained SAC,Reactive,88,0.0,0.0,0.0,0.0,1.0,0.0,0.0,1.0,36,True,physical_path
exit_loss,loss_exit,0.0,Reactive,Passive,88,-10401.910178699856,37.74150677779321,-10476.925510131048,-10326.894847268664,9.398785160492522e-130,-10526.575212403497,-10277.245144996215,3.383562657777308e-128,36,True,physical_path
exit_loss,loss_exit,0.0,Projected stochastic MPC,Passive,88,-8750.336106405635,36.26820322801572,-8822.423087499994,-8678.249125311277,9.87952741953932e-125,-8870.134629671045,-8630.537583140225,3.457834596838762e-123,36,True,physical_path
exit_loss,loss_exit,0.0,Behaviour cloning,Passive,88,-6697.677264726502,37.443878253308576,-6772.101027237591,-6623.2535022154125,1.8967992609512683e-113,-6821.359193270762,-6573.995336182241,3.6039185958074097e-112,36,True,physical_path
exit_loss,loss_exit,0.0,Model-guided constrained SAC,Passive,88,-6680.102307175646,37.282939783110706,-6754.206187050544,-6605.9984273007485,1.6395267152632296e-113,-6803.252635327545,-6556.951979023747,3.279053430526459e-112,36,True,physical_path
exit_loss,loss_exit,0.125,Reactive,Passive,88,-9456.787748482831,41.034288341837566,-9538.347839820182,-9375.22765714548,5.2909183605092713e-123,-9592.329261683626,-9321.246235282037,1.7460030589680596e-121,36,True,physical_path
exit_loss,loss_exit,0.125,Projected stochastic MPC,Passive,88,-8603.539591518625,36.234551948496296,-8675.559687051125,-8531.519495986126,3.96273961767129e-124,-8723.226960295155,-8483.852222742096,1.3473314700082386e-122,36,True,physical_path
exit_loss,loss_exit,0.125,Behaviour cloning,Passive,88,-6892.986559579053,39.2813830395259,-6971.062561820688,-6814.910557337419,1.0002761161802243e-112,-7022.738001920235,-6763.235117237872,1.8004970091244037e-111,36,True,physical_path
exit_loss,loss_exit,0.125,Model-guided constrained SAC,Passive,88,-6877.841292219999,39.248341075829124,-6955.851619980949,-6799.830964459048,1.1253581753972094e-112,-7007.4835927205495,-6748.198991719448,1.9131088981752558e-111,36,True,physical_path
exit_loss,loss_exit,0.25,Reactive,Passive,88,-8966.382310776804,40.78339471131688,-9047.443723856333,-8885.320897697275,3.167970228505432e-121,-9101.095090162358,-8831.66953139125,9.820707708366839e-120,36,True,physical_path
exit_loss,loss_exit,0.25,Projected stochastic MPC,Passive,88,-8391.044031331541,36.7090773403137,-8464.007297462642,-8318.08076520044,1.077067112583004e-122,-8512.298818290721,-8269.789244372361,3.4466147602656127e-121,36,True,physical_path
exit_loss,loss_exit,0.25,Behaviour cloning,Passive,88,-7240.705731456732,41.40033421675076,-7322.993378606501,-7158.418084306963,1.3346365057453808e-112,-7377.456341093495,-7103.955121819969,2.1354184091926092e-111,36,True,physical_path
exit_loss,loss_exit,0.25,Model-guided constrained SAC,Passive,88,-7224.361204576318,41.45744669454984,-7306.762368959943,-7141.960040192694,1.829991700435505e-112,-7361.300464046583,-7087.4219451060535,2.7449875506532575e-111,36,True,physical_path
exit_loss,loss_exit,0.375,Reactive,Passive,88,-8492.942979610674,42.6802972350047,-8577.774691855653,-8408.111267365695,1.822830004703591e-117,-8633.921471132215,-8351.964488089134,4.557075011758977e-116,36,True,physical_path
exit_loss,loss_exit,0.375,Projected stochastic MPC,Passive,88,-8086.422269951369,39.755623603689514,-8165.440876665801,-8007.403663236938,2.7142431442587403e-118,-8217.740189652959,-7955.10435024978,7.057032175072725e-117,36,True,physical_path
exit_loss,loss_exit,0.375,Behaviour cloning,Passive,88,-7474.406072128579,43.69600340636669,-7561.256610371417,-7387.55553388574,9.158378052258885e-112,-7618.7395713034,-7330.072572953757,1.2821729273162438e-110,36,True,physical_path
exit_loss,loss_exit,0.375,Model-guided constrained SAC,Passive,88,-7456.6052024363125,43.83145605014225,-7543.724967475682,-7369.485437396943,1.473140040243954e-111,-7601.386119052651,-7311.824285819974,1.767768048292745e-110,36,True,physical_path
exit_loss,loss_exit,0.5,Reactive,Passive,88,-7963.853227878651,47.58293689369039,-8058.42946731088,-7869.2769884464215,6.062201824154424e-111,-8121.025766497603,-7806.680689259698,6.668422006569866e-110,36,True,physical_path
exit_loss,loss_exit,0.5,Projected stochastic MPC,Passive,88,-7666.097510629669,44.869469937227436,-7755.280440667414,-7576.914580591924,1.0143660772527597e-111,-7814.307120143199,-7517.887901116139,1.3186759004285877e-110,36,True,physical_path
exit_loss,loss_exit,0.5,Behaviour cloning,Passive,88,-7432.445234687271,47.43660154771517,-7526.730616773951,-7338.159852600592,1.8507990160981554e-108,-7589.134408904653,-7275.756060469889,1.4806392128785243e-107,36,True,physical_path
exit_loss,loss_exit,0.5,Model-guided constrained SAC,Passive,88,-7412.55015816407,47.310915190971585,-7506.585725007203,-7318.514591320937,1.8551839228635963e-108,-7568.824174237614,-7256.276142090526,1.4806392128785243e-107,36,True,physical_path
exit_loss,loss_exit,0.625,Reactive,Passive,88,-7240.811527591664,46.031232249932685,-7332.30358602338,-7149.319469159948,1.313844081025794e-108,-7392.858586911365,-7088.764468271964,1.1824596729232146e-107,36,True,physical_path
exit_loss,loss_exit,0.625,Projected stochastic MPC,Passive,88,-7060.516035298706,44.01320704352845,-7147.997050117718,-6973.035020479694,2.3984318303167847e-109,-7205.897298738757,-6915.134771858655,2.3984318303167847e-108,36,True,physical_path
exit_loss,loss_exit,0.625,Behaviour cloning,Passive,88,-7008.161812037526,45.06696135293618,-7097.737277648676,-6918.586346426376,3.5567089070719316e-108,-7157.023761006936,-6859.299863068116,2.134025344243159e-107,36,True,physical_path
exit_loss,loss_exit,0.625,Model-guided constrained SAC,Passive,88,-6989.850288924334,45.12529963103737,-7079.541708180172,-6900.158869668496,4.991770518880265e-108,-7138.904936702737,-6840.79564114593,2.4958852594401326e-107,36,True,physical_path
exit_loss,loss_exit,0.75,Reactive,Passive,88,-5661.082943796558,29.727249166462762,-5720.169070428681,-5601.996817164434,8.269215842885981e-116,-5759.275857531368,-5562.890030061747,1.736535327006056e-114,36,True,physical_path
exit_loss,loss_exit,0.75,Projected stochastic MPC,Passive,88,-5627.914176469093,29.14735724411412,-5685.84770511393,-5569.980647824256,2.4910359888466892e-116,-5724.191632867511,-5531.636720070675,5.729382774347385e-115,36,True,physical_path
exit_loss,loss_exit,0.75,Behaviour cloning,Passive,88,-5618.494355051013,29.083533706594256,-5676.301027504115,-5560.687682597912,2.3817379754225378e-116,-5714.560994125606,-5522.427715976421,5.7161711410140905e-115,36,True,physical_path
exit_loss,loss_exit,0.75,Model-guided constrained SAC,Passive,88,-5607.938453950229,29.308364741741805,-5666.192002430748,-5549.6849054697095,5.471058147275244e-116,-5704.747738747456,-5511.129169153001,1.2036327924005537e-114,36,True,physical_path
exit_loss,loss_exit,0.875,Reactive,Passive,88,-2915.1975382639166,13.82802699869374,-2942.6822392445574,-2887.712837283276,1.2120328110739819e-119,-2960.87328359111,-2869.521792936723,3.573272457164294e-118,36,True,physical_path
exit_loss,loss_exit,0.875,Projected stochastic MPC,Passive,88,-3004.3467241060566,14.284094100293807,-3032.737907834798,-2975.955540377315,1.4833742328847795e-119,-3051.5289175177645,-2957.1645306943487,4.153447852077383e-118,36,True,physical_path
exit_loss,loss_exit,0.875,Behaviour cloning,Passive,88,-2998.6420447148134,14.220985126640452,-3026.907792524879,-2970.376296904748,1.1910908190547647e-119,-3045.615781098724,-2951.668308330903,3.573272457164294e-118,36,True,physical_path
exit_loss,loss_exit,0.875,Model-guided constrained SAC,Passive,88,-2996.069643243481,14.31955193780358,-3024.531303263704,-2967.607983223258,2.3376456406384975e-119,-3043.3689584366334,-2948.7703280503288,6.3116432297239435e-118,36,True,physical_path
exit_loss,loss_exit,1.0,Reactive,Passive,88,0.0,0.0,0.0,0.0,1.0,0.0,0.0,1.0,36,True,physical_path
exit_loss,loss_exit,1.0,Projected stochastic MPC,Passive,88,0.0,0.0,0.0,0.0,1.0,0.0,0.0,1.0,36,True,physical_path
exit_loss,loss_exit,1.0,Behaviour cloning,Passive,88,0.0,0.0,0.0,0.0,1.0,0.0,0.0,1.0,36,True,physical_path
exit_loss,loss_exit,1.0,Model-guided constrained SAC,Passive,88,0.0,0.0,0.0,0.0,1.0,0.0,0.0,1.0,36,True,physical_path
exit_loss,loss_exit,0.0,Passive,Reactive,88,10401.910178699856,37.74150677779321,10326.894847268664,10476.925510131048,9.398785160492522e-130,10277.245144996215,10526.575212403497,3.383562657777308e-128,36,True,physical_path
exit_loss,loss_exit,0.0,Projected stochastic MPC,Reactive,88,1651.5740722942217,30.24326982548815,1591.4622987267485,1711.6858458616948,4.1729927023289825e-69,1551.6766761912868,1751.4714683971565,4.1729927023289825e-68,36,True,physical_path
exit_loss,loss_exit,0.0,Behaviour cloning,Reactive,88,3704.2329139733542,31.19251017961865,3642.2344224167928,3766.2314055299157,4.90642231164775e-98,3601.200055329476,3807.2657726172324,9.322202392130725e-97,36,True,physical_path
exit_loss,loss_exit,0.0,Model-guided constrained SAC,Reactive,88,3721.80787152421,31.202200112275722,3659.7901201772515,3783.8256228711684,3.3470827440557e-98,3618.7430057909382,3824.8727372574817,6.6941654881114e-97,36,True,physical_path
exit_loss,loss_exit,0.125,Passive,Reactive,88,9456.787748482831,41.034288341837566,9375.22765714548,9538.347839820182,5.2909183605092713e-123,9321.246235282037,9592.329261683626,1.8518214261782449e-121,36,True,physical_path
exit_loss,loss_exit,0.125,Projected stochastic MPC,Reactive,88,853.2481569642044,17.340438419648127,818.7821579549266,887.7141559734823,2.724334457445142e-65,795.9704665755072,910.5258473529017,2.1794675659561137e-64,36,True,physical_path
exit_loss,loss_exit,0.125,Behaviour cloning,Reactive,88,2563.801188903777,15.603740640185947,2532.7870647835757,2594.8153130239784,3.0052509899489226e-110,2512.2600338496227,2615.3423439579315,6.61155217788763e-109,36,True,physical_path
exit_loss,loss_exit,0.125,Model-guided constrained SAC,Reactive,88,2578.9464562628336,15.6157052941441,2547.9085510973387,2609.9843614283286,1.9271201978256737e-110,2527.365780423308,2630.5271321023592,4.4323764549990495e-109,36,True,physical_path
exit_loss,loss_exit,0.25,Passive,Reactive,88,8966.382310776804,40.78339471131688,8885.320897697275,9047.443723856333,3.167970228505432e-121,8831.66953139125,9101.095090162358,1.0771098776918468e-119,36,True,physical_path
exit_loss,loss_exit,0.25,Projected stochastic MPC,Reactive,88,575.3382794452646,11.663215136648526,552.156376449707,598.5201824408222,2.2064813815714684e-65,536.8131851329562,613.863373757573,1.9858332434143214e-64,36,True,physical_path
exit_loss,loss_exit,0.25,Behaviour cloning,Reactive,88,1725.6765793200723,8.672764772376855,1708.438520234222,1742.9146384059225,1.83340366269968e-117,1697.0293258063816,1754.323832833763,5.286207013640414e-116,36,True,physical_path
exit_loss,loss_exit,0.25,Model-guided constrained SAC,Reactive,88,1742.0211062004853,8.591451871473037,1724.9446653098717,1759.097547091099,3.5700727225830146e-118,1713.6424396192506,1770.39977278172,1.0710218167749043e-116,36,True,physical_path
exit_loss,loss_exit,0.375,Passive,Reactive,88,8492.942979610674,42.6802972350047,8408.111267365695,8577.774691855653,1.822830004703591e-117,8351.964488089134,8633.921471132215,5.286207013640414e-116,36,True,physical_path
exit_loss,loss_exit,0.375,Projected stochastic MPC,Reactive,88,406.5207096593053,6.476906956917614,393.647155752654,419.3942635659566,3.0957921426855934e-74,385.1266559233644,427.91476339524615,3.4053713569541525e-73,36,True,physical_path
exit_loss,loss_exit,0.375,Behaviour cloning,Reactive,88,1018.5369074820969,4.685426544977433,1009.2241148785225,1027.8497000856714,8.45001210297801e-121,1003.0603431365199,1034.013471827674,2.788503993982743e-119,36,True,physical_path
exit_loss,loss_exit,0.375,Model-guided constrained SAC,Reactive,88,1036.337777174363,4.8277763337424915,1026.7420489517567,1045.9335053969694,2.524475472738521e-120,1020.3910132334549,1052.2845411152712,8.078321512763267e-119,36,True,physical_path
exit_loss,loss_exit,0.5,Passive,Reactive,88,7963.853227878651,47.58293689369039,7869.2769884464215,8058.42946731088,6.062201824154424e-111,7806.680689259698,8121.025766497603,1.4549284377970619e-109,36,True,physical_path
exit_loss,loss_exit,0.5,Projected stochastic MPC,Reactive,88,297.7557172489808,3.8936207423365605,290.0167244161456,305.4947100818159,1.4424947596961615e-81,284.89458894452764,310.6168455534339,2.0194926635746263e-80,36,True,physical_path
exit_loss,loss_exit,0.5,Behaviour cloning,Reactive,88,531.4079931913785,2.739855671298513,525.9622333687469,536.8537530140102,1.686301542892079e-116,522.3578987789712,540.4580876037859,4.553014165808613e-115,36,True,physical_path
exit_loss,loss_exit,0.5,Model-guided constrained SAC,Reactive,88,551.3030697145804,2.848050688408064,545.642260579915,556.9638788492457,2.0016336749344475e-116,541.8955932947734,560.7105461343873,5.204247554829564e-115,36,True,physical_path
exit_loss,loss_exit,0.625,Passive,Reactive,88,7240.811527591664,46.031232249932685,7149.319469159948,7332.30358602338,1.313844081025794e-108,7088.764468271964,7392.858586911365,2.7590725701541676e-107,36,True,physical_path
exit_loss,loss_exit,0.625,Projected stochastic MPC,Reactive,88,180.29549229295918,2.752160946322617,174.82527440378234,185.76571018213602,8.055146309739203e-76,171.2047519801471,189.38623260577126,9.666175571687044e-75,36,True,physical_path
exit_loss,loss_exit,0.625,Behaviour cloning,Reactive,88,232.64971555413703,2.1520276349156484,228.37232760477013,236.92710350350393,1.64484841820225e-94,225.541292479842,239.75813862843205,2.796242310943825e-93,36,True,physical_path
exit_loss,loss_exit,0.625,Model-guided constrained SAC,Reactive,88,250.96123866732978,2.2272602370648924,246.53431777488555,255.388159559774,4.59992319986268e-96,243.60431266659444,258.3181646680651,8.279861759752824e-95,36,True,physical_path
exit_loss,loss_exit,0.75,Passive,Reactive,88,5661.082943796558,29.727249166462762,5601.996817164434,5720.169070428681,8.269215842885981e-116,5562.890030061747,5759.275857531368,2.067303960721495e-114,36,True,physical_path
exit_loss,loss_exit,0.75,Projected stochastic MPC,Reactive,88,33.16876732746443,1.3440559657992794,30.497310558922585,35.840224096006274,4.726781501521158e-41,28.729178223021552,37.60835643190731,2.363390750760579e-40,36,True,physical_path
exit_loss,loss_exit,0.75,Behaviour cloning,Reactive,88,42.58858874554448,1.3192770687087163,39.96638271806848,45.210794773020474,3.333967520041472e-50,38.230847513766605,46.94632997732235,2.0003805120248833e-49,36,True,physical_path
exit_loss,loss_exit,0.75,Model-guided constrained SAC,Reactive,88,53.14448984632866,1.2617417398035844,50.636641515068455,55.65233817758887,1.1893243782331382e-59,48.97679517944651,57.31218451321081,8.325270647631968e-59,36,True,physical_path
exit_loss,loss_exit,0.875,Passive,Reactive,88,2915.1975382639166,13.82802699869374,2887.712837283276,2942.6822392445574,1.2120328110739819e-119,2869.521792936723,2960.87328359111,3.757301714329344e-118,36,True,physical_path
exit_loss,loss_exit,0.875,Projected stochastic MPC,Reactive,88,-89.14918584214007,1.0707392070192803,-91.27739595743371,-87.02097572684643,9.756994158898278e-85,-92.68597466503385,-85.61239701924629,1.5611190654237245e-83,36,True,physical_path
exit_loss,loss_exit,0.875,Behaviour cloning,Reactive,88,-83.44450645089654,1.0469513569725444,-85.52543563843608,-81.363577263357,4.14889188496956e-83,-86.90272095652013,-79.98629194527295,6.22333782745434e-82,36,True,physical_path
exit_loss,loss_exit,0.875,Model-guided constrained SAC,Reactive,88,-80.87210497956443,1.077359224570696,-83.01347309656752,-78.73073686256133,7.090707938787351e-81,-84.43076056882832,-77.31344939030053,9.217920320423556e-80,36,True,physical_path
exit_loss,loss_exit,1.0,Passive,Reactive,88,0.0,0.0,0.0,0.0,1.0,0.0,0.0,1.0,36,True,physical_path
exit_loss,loss_exit,1.0,Projected stochastic MPC,Reactive,88,0.0,0.0,0.0,0.0,1.0,0.0,0.0,1.0,36,True,physical_path
exit_loss,loss_exit,1.0,Behaviour cloning,Reactive,88,0.0,0.0,0.0,0.0,1.0,0.0,0.0,1.0,36,True,physical_path
exit_loss,loss_exit,1.0,Model-guided constrained SAC,Reactive,88,0.0,0.0,0.0,0.0,1.0,0.0,0.0,1.0,36,True,physical_path
overload_loss,loss_overflow,0.0,Reactive,Passive,88,10030.210075846879,158.06341047894978,9716.041932162705,10344.378219531052,1.2164465546566084e-74,9508.106374193265,10552.313777500493,1.3380912101222692e-73,36,True,physical_path
overload_loss,loss_overflow,0.0,Projected stochastic MPC,Passive,88,795.0736097521585,7.986416860748945,779.1997414595113,810.9474780448057,2.0227619785829772e-91,768.6934513504697,821.4537681538474,4.854628748599145e-90,36,True,physical_path
overload_loss,loss_overflow,0.0,Behaviour cloning,Passive,88,410.9400915978784,3.9696142653647035,403.0500534093254,418.83012978643137,6.940011755671004e-93,397.82794694780506,424.0522362479517,1.7350029389177508e-91,36,True,physical_path
overload_loss,loss_overflow,0.0,Model-guided constrained SAC,Passive,88,418.2644996591865,4.6547209889599666,409.0127376730432,427.51626164532985,1.3814670537039378e-87,402.8893597002495,433.63963961812357,2.9010808127782695e-86,36,True,physical_path
overload_loss,loss_overflow,0.125,Reactive,Passive,88,573.7168604623564,5.84657789481487,562.0961538196668,585.337567105046,7.010795281181057e-91,554.4048643992602,593.0288565254526,1.612482914671643e-89,36,True,physical_path
overload_loss,loss_overflow,0.125,Projected stochastic MPC,Passive,88,887.3134355757261,9.72544482225097,867.9830609048826,906.6438102465696,3.725816594313348e-88,855.1890449495892,919.437826201863,8.196796507489366e-87,36,True,physical_path
overload_loss,loss_overflow,0.125,Behaviour cloning,Passive,88,439.326437307884,5.481678797858997,428.4310071322483,450.22186748351976,2.5804231434444145e-83,421.2197497261969,457.43312488957116,4.644761658199946e-82,36,True,physical_path
overload_loss,loss_overflow,0.125,Model-guided constrained SAC,Passive,88,464.00230357717356,6.258988505088086,451.5618861900897,476.44272096425743,2.0665385813806087e-80,443.3280624152754,484.67654473907174,3.099807872070913e-79,36,True,physical_path
overload_loss,loss_overflow,0.25,Reactive,Passive,88,480.0915349799039,5.852377110846669,468.45930176740274,491.72376819240503,3.489746297479429e-84,460.7603833630478,499.42268659675995,6.630517965210915e-83,36,True,physical_path
overload_loss,loss_overflow,0.25,Projected stochastic MPC,Passive,88,1045.0575266018595,10.036992114704127,1025.1079179524295,1065.0071352512896,4.2172465921661915e-93,1011.9040553419625,1078.2109978617566,1.0964841139632098e-91,36,True,physical_path
overload_loss,loss_overflow,0.25,Behaviour cloning,Passive,88,524.4477228002651,7.313928466621497,509.91049800905813,538.984947591472,3.5777833521322397e-79,500.28887974808777,548.6065658524424,4.651118357771912e-78,36,True,physical_path
overload_loss,loss_overflow,0.25,Model-guided constrained SAC,Passive,88,557.3804408063443,7.750770973509037,541.9749442306975,572.7859373819911,2.7937816943627776e-79,531.7786509697434,582.9822306429452,3.911294372107889e-78,36,True,physical_path
overload_loss,loss_overflow,0.375,Reactive,Passive,88,390.678381565482,5.5174496199703995,379.7118530075784,401.64491012338567,1.051039212030746e-78,372.4535383741002,408.90322475686384,1.2612470544368952e-77,36,True,physical_path
overload_loss,loss_overflow,0.375,Projected stochastic MPC,Passive,88,1218.6960693203628,10.798684395985871,1197.2325147846345,1240.159623856091,4.010707731587052e-96,1183.0266308396324,1254.3655078010931,1.0828910875285041e-94,36,True,physical_path
overload_loss,loss_overflow,0.375,Behaviour cloning,Passive,88,645.0722322432044,8.204958386374102,628.7639890043536,661.3804754820553,1.341692428910877e-82,617.970203174875,672.1742613115339,2.1467078862574033e-81,36,True,physical_path
overload_loss,loss_overflow,0.375,Model-guided constrained SAC,Passive,88,675.4081553563889,8.470604762614897,658.5719111801477,692.24439953263,4.003378285959625e-83,647.4286622630461,703.3876484497316,6.805743086131362e-82,36,True,physical_path
overload_loss,loss_overflow,0.5,Reactive,Passive,88,276.335816867109,5.518652599570733,265.36689725698915,287.3047364772288,6.270431649387921e-66,258.10700007993773,294.5646336542802,5.643388484449129e-65,36,True,physical_path
overload_loss,loss_overflow,0.5,Projected stochastic MPC,Passive,88,1414.1609544518467,9.944739292886196,1394.394708275062,1433.9272006286315,8.26138105115512e-105,1381.312206085206,1447.0097028184873,2.478414315346536e-103,36,True,physical_path
overload_loss,loss_overflow,0.5,Behaviour cloning,Passive,88,781.6488325476798,6.833316397163442,768.0668762859594,795.2307888094002,1.2507098649531998e-96,759.0775127544472,804.2201523409125,3.5019876218689595e-95,36,True,physical_path
overload_loss,loss_overflow,0.5,Model-guided constrained SAC,Passive,88,803.5304364755833,6.527024769998169,790.5572679885979,816.5036049625687,2.17832437789713e-99,781.9708371801175,825.0900357710491,6.317140695901677e-98,36,True,physical_path
overload_loss,loss_overflow,0.625,Reactive,Passive,88,32.21457618979817,13.267273663531805,5.844433182053791,58.584719197542555,0.017236906671481957,-11.608929007212367,76.03808138680871,0.017236906671481957,36,True,physical_path
overload_loss,loss_overflow,0.625,Projected stochastic MPC,Passive,88,1559.3520801381003,5.7996733561663065,1547.8246013448727,1570.879558931328,8.081957575859142e-129,1540.1950157772783,1578.5091444989223,2.9095047273092912e-127,36,True,physical_path
overload_loss,loss_overflow,0.625,Behaviour cloning,Passive,88,831.9956076679875,4.190786810394391,823.6659650972734,840.3252502387016,2.228527126707581e-117,818.1529017569984,845.8383135789767,7.354139518135017e-116,36,True,physical_path
overload_loss,loss_overflow,0.625,Model-guided constrained SAC,Passive,88,863.13939418168,4.21825424235551,854.755157115726,871.5236312476341,1.6171635547581192e-118,849.2059598227954,877.0728285405646,5.498356086177605e-117,36,True,physical_path
overload_loss,loss_overflow,0.75,Reactive,Passive,88,-631.1466766595713,29.097510001068535,-688.9811285113159,-573.3122248078267,7.4938639493954736e-37,-727.2594812259649,-535.0338720931777,2.9975455797581894e-36,36,True,physical_path
overload_loss,loss_overflow,0.75,Projected stochastic MPC,Passive,88,1404.8963420804355,6.589972764909003,1391.798057637456,1417.994626523415,4.59324174798852e-120,1383.1288174905892,1426.6638666702818,1.6076346117959821e-118,36,True,physical_path
overload_loss,loss_overflow,0.75,Behaviour cloning,Passive,88,526.6099722580918,12.002240483119737,502.75421967621946,550.4657248399642,3.9868783475892796e-61,486.9650337781125,566.2549107380711,1.9934391737946397e-60,36,True,physical_path
overload_loss,loss_overflow,0.75,Model-guided constrained SAC,Passive,88,603.2200959502177,12.09241618047224,579.1851094054894,627.255082494946,8.616828344828226e-66,563.277295585288,643.1628963151473,6.893462675862581e-65,36,True,physical_path
overload_loss,loss_overflow,0.875,Reactive,Passive,88,-1825.3120007541518,37.767139204371254,-1900.3782794086874,-1750.2457220996162,1.2289367593511131e-64,-1950.0617016477408,-1700.5622998605627,8.602557315457792e-64,36,True,physical_path
overload_loss,loss_overflow,0.875,Projected stochastic MPC,Passive,88,823.1260480924142,5.477751432057433,812.2384239815705,834.0136722032579,6.934531856893671e-107,805.0323331032868,841.2197630815416,2.2190501942059747e-105,36,True,physical_path
overload_loss,loss_overflow,0.875,Behaviour cloning,Passive,88,-198.5648328722087,12.188442987768068,-222.79068309437275,-174.33898265004467,3.661850576176276e-28,-238.8248220880888,-158.30484365632861,1.0985551728528828e-27,36,True,physical_path
overload_loss,loss_overflow,0.875,Model-guided constrained SAC,Passive,88,-47.69469168494007,13.435823259874963,-74.3998452662346,-20.989538103645533,0.0006245090268018074,-92.0749377993858,-3.3144455704943354,0.0012490180536036148,36,True,physical_path
overload_loss,loss_overflow,1.0,Reactive,Passive,88,-3179.5669360564148,36.579974105191916,-3252.273595528208,-3106.8602765846217,2.411639506236605e-86,-3300.395278484579,-3058.7385936282503,4.82327901247321e-85,36,True,physical_path
overload_loss,loss_overflow,1.0,Projected stochastic MPC,Passive,88,-3693.926283448552,78.56486429473202,-3850.0824583626827,-3537.7701085344215,1.2370090114165032e-63,-3953.436098806207,-3434.416468090897,7.42205406849902e-63,36,True,physical_path
overload_loss,loss_overflow,1.0,Behaviour cloning,Passive,88,-1345.968849142802,9.11510197231851,-1364.0861013105111,-1327.8515969750927,3.153874789167586e-106,-1376.0771991162542,-1315.8604991693496,9.777011846419517e-105,36,True,physical_path
overload_loss,loss_overflow,1.0,Model-guided constrained SAC,Passive,88,-358.5104789986397,6.423327059597201,-371.2775370576503,-345.7434209396291,6.591049741458539e-70,-379.7275514671232,-337.29340653015623,6.591049741458539e-69,36,True,physical_path
overload_loss,loss_overflow,0.0,Passive,Reactive,88,-10030.210075846879,158.06341047894978,-10344.378219531052,-9716.041932162705,1.2164465546566084e-74,-10552.313777500493,-9508.106374193265,2.0679591429162343e-73,36,True,physical_path
overload_loss,loss_overflow,0.0,Projected stochastic MPC,Reactive,88,-9235.136466094718,154.85616997366824,-9542.929871989547,-8927.34306019989,2.392177717320661e-72,-9746.64624133091,-8723.626690858528,3.109831032516859e-71,36,True,physical_path
overload_loss,loss_overflow,0.0,Behaviour cloning,Reactive,88,-9619.269984248998,157.38652008089048,-9932.09273497226,-9306.447233525736,2.970105306185747e-73,-10139.13783016997,-9099.402138328027,4.346567498099684e-72,36,True,physical_path
overload_loss,loss_overflow,0.0,Model-guided constrained SAC,Reactive,88,-9611.94557618769,157.22105511258724,-9924.439447369641,-9299.45170500574,2.897711665399789e-73,-10131.266870112957,-9092.624282262424,4.346567498099684e-72,36,True,physical_path
overload_loss,loss_overflow,0.125,Passive,Reactive,88,-573.7168604623564,5.84657789481487,-585.337567105046,-562.0961538196668,7.010795281181057e-91,-593.0288565254526,-554.4048643992602,2.45377834841337e-89,36,True,physical_path
overload_loss,loss_overflow,0.125,Projected stochastic MPC,Reactive,88,313.59657511336957,10.401906930303978,292.92165875437865,334.2714914723605,7.888529785448766e-48,279.237743451368,347.95540677537116,6.310823828359013e-47,36,True,physical_path
overload_loss,loss_overflow,0.125,Behaviour cloning,Reactive,88,-134.39042315447247,5.748024811335472,-145.8152448722623,-122.96560143668263,2.826449734212844e-39,-153.37688575262536,-115.40396055631957,1.9785148139489907e-38,36,True,physical_path
overload_loss,loss_overflow,0.125,Model-guided constrained SAC,Reactive,88,-109.71455688518292,6.0762334759213665,-121.79172886279297,-97.63738490757287,3.587728763227825e-31,-129.7851347645122,-89.64397900585362,1.7938643816139124e-30,36,True,physical_path
overload_loss,loss_overflow,0.25,Passive,Reactive,88,-480.0915349799039,5.852377110846669,-491.72376819240503,-468.45930176740274,3.489746297479429e-84,-499.42268659675995,-460.7603833630478,1.0469238892438286e-82,36,True,physical_path
overload_loss,loss_overflow,0.25,Projected stochastic MPC,Reactive,88,564.9659916219554,8.006789810613185,549.0516298854376,580.8803533584731,1.4170174187415773e-78,538.5185387559405,591.4134444879702,3.4008418049797853e-77,36,True,physical_path
overload_loss,loss_overflow,0.25,Behaviour cloning,Reactive,88,44.35618782036127,5.0930474235146175,34.23320458285774,54.479171057864804,1.7692549178147991e-13,27.53319947374127,61.17917616698127,3.5385098356295983e-13,36,True,physical_path
overload_loss,loss_overflow,0.25,Model-guided constrained SAC,Reactive,88,77.28890582644044,5.332533256698195,66.68991856357798,87.8878930893029,6.3652322144139415e-25,59.674865081166814,94.90294657171407,2.5460928857655766e-24,36,True,physical_path
overload_loss,loss_overflow,0.375,Passive,Reactive,88,-390.678381565482,5.5174496199703995,-401.64491012338567,-379.7118530075784,1.051039212030746e-78,-408.90322475686384,-372.4535383741002,2.627598030076865e-77,36,True,physical_path
overload_loss,loss_overflow,0.375,Projected stochastic MPC,Reactive,88,828.0176877548812,8.738245751987497,810.6494781316703,845.3858973780921,1.426804944969132e-89,799.1541421737284,856.881233336034,4.851136812895049e-88,36,True,physical_path
overload_loss,loss_overflow,0.375,Behaviour cloning,Reactive,88,254.39385067772247,5.93969814920213,242.58805744622904,266.1996439092159,2.970809585524242e-60,234.7742664804262,274.01343487501873,2.6737286269718174e-59,36,True,physical_path
overload_loss,loss_overflow,0.375,Model-guided constrained SAC,Reactive,88,284.72977379090696,6.046870156560213,272.7109645900341,296.7485829917798,1.0928868562662939e-63,264.7561867185256,304.7033608632883,1.0928868562662938e-62,36,True,physical_path
overload_loss,loss_overflow,0.5,Passive,Reactive,88,-276.335816867109,5.518652599570733,-287.3047364772288,-265.36689725698915,6.270431649387921e-66,-294.5646336542802,-258.10700007993773,7.524517979265506e-65,36,True,physical_path
overload_loss,loss_overflow,0.5,Projected stochastic MPC,Reactive,88,1137.8251375847376,11.10419041681591,1115.7543567519324,1159.8959184175428,1.6775274313668598e-92,1101.146573564646,1174.5037016048293,6.039098752920696e-91,36,True,physical_path
overload_loss,loss_overflow,0.5,Behaviour cloning,Reactive,88,505.31301568057097,7.811769952651468,489.78627702881226,520.8397543323297,2.371675491014171e-75,479.5097383984515,531.1162929626904,4.506183432926925e-74,36,True,physical_path
overload_loss,loss_overflow,0.5,Model-guided constrained SAC,Reactive,88,527.1946196084745,7.186705601184768,512.9102640382171,541.4789751787318,5.094014871423431e-80,503.4560099852623,550.9332292316866,1.3753840152843262e-78,36,True,physical_path
overload_loss,loss_overflow,0.625,Passive,Reactive,88,-32.21457618979817,13.267273663531805,-58.584719197542555,-5.844433182053791,0.017236906671481957,-76.03808138680871,11.608929007212367,0.017236906671481957,36,True,physical_path
overload_loss,loss_overflow,0.625,Projected stochastic MPC,Reactive,88,1527.137503948302,16.554781683090354,1494.2330827750927,1560.0419251215114,1.441972434872695e-88,1472.454938447414,1581.8200694491902,4.7585090350798935e-87,36,True,physical_path
overload_loss,loss_overflow,0.625,Behaviour cloning,Reactive,88,799.7810314781894,11.710756817524608,776.5046342440019,823.057428712377,2.3078462873466808e-77,761.0989009011754,838.4631620552035,5.0772618321626977e-76,36,True,physical_path
overload_loss,loss_overflow,0.625,Model-guided constrained SAC,Reactive,88,830.9248179918815,11.637215703016263,807.794591685928,854.0550442978349,5.139855569781726e-79,792.4856031408549,869.364032842908,1.3363624481432487e-77,36,True,physical_path
overload_loss,loss_overflow,0.75,Passive,Reactive,88,631.1466766595713,29.097510001068535,573.3122248078267,688.9811285113159,7.4938639493954736e-37,535.0338720931777,727.2594812259649,4.496318369637284e-36,36,True,physical_path
overload_loss,loss_overflow,0.75,Projected stochastic MPC,Reactive,88,2036.0430187400066,25.674730860918846,1985.0117110532738,2087.0743264267394,6.396184995570622e-83,1951.2360923246663,2120.849945155347,1.8548936487154803e-81,36,True,physical_path
overload_loss,loss_overflow,0.75,Behaviour cloning,Reactive,88,1157.756648917663,18.114905740884044,1121.7513122468763,1193.7619855884495,6.618786794865595e-75,1097.9207937139602,1217.5925041213657,1.1913816230758072e-73,36,True,physical_path
overload_loss,loss_overflow,0.75,Model-guided constrained SAC,Reactive,88,1234.366772609789,18.294011252873094,1198.0054443400948,1270.7281008794832,6.4812878972731595e-77,1173.9393089464643,1294.7942362731137,1.3610704584273635e-75,36,True,physical_path
overload_loss,loss_overflow,0.875,Passive,Reactive,88,1825.3120007541518,37.767139204371254,1750.2457220996162,1900.3782794086874,1.2289367593511131e-64,1700.5622998605627,1950.0617016477408,1.3518304352862245e-63,36,True,physical_path
overload_loss,loss_overflow,0.875,Projected stochastic MPC,Reactive,88,2648.438048846566,34.223769980887496,2580.4146002053544,2716.4614974877773,5.2120739015739607e-82,2535.3925506036767,2761.483547089455,1.459380692440709e-80,36,True,physical_path
overload_loss,loss_overflow,0.875,Behaviour cloning,Reactive,88,1626.747167881943,26.051066876712987,1574.9678516135575,1678.5264841503283,4.784150312939971e-74,1540.697155376556,1712.7971803873297,7.654640500703954e-73,36,True,physical_path
overload_loss,loss_overflow,0.875,Model-guided constrained SAC,Reactive,88,1777.617309069212,25.43300629174529,1727.066455138032,1828.168163000392,3.19120068341218e-78,1693.6088298844088,1861.6257882540153,7.339761571848015e-77,36,True,physical_path
overload_loss,loss_overflow,1.0,Passive,Reactive,88,3179.5669360564148,36.579974105191916,3106.8602765846217,3252.273595528208,2.411639506236605e-86,3058.7385936282503,3300.395278484579,7.476082469333476e-85,36,True,physical_path
overload_loss,loss_overflow,1.0,Projected stochastic MPC,Reactive,88,-514.3593473921381,51.130777380566826,-615.9873039578399,-412.7313908264364,3.0547072096230832e-16,-683.2508578177976,-345.46783696647867,9.16412162886925e-16,36,True,physical_path
overload_loss,loss_overflow,1.0,Behaviour cloning,Reactive,88,1833.598086913613,27.947304534726406,1778.0497929722992,1889.146380854927,7.085355441740086e-76,1741.2845584087684,1925.9116154184578,1.4170710883480172e-74,36,True,physical_path
overload_loss,loss_overflow,1.0,Model-guided constrained SAC,Reactive,88,2821.0564570577753,31.16395970104389,2759.1147126688725,2882.998201446678,7.323173181594279e-88,2718.1179043035568,2923.995009811994,2.343415418110169e-86,36,True,physical_path
route_resource_loss,loss_route_resource,0.0,Reactive,Passive,88,529.1927241949003,6.376906083436635,516.5179328525459,541.8675155372547,1.2947382142245214e-84,508.1289861598215,550.256462229979,1.0357905713796171e-83,36,True,physical_path
route_resource_loss,loss_route_resource,0.0,Projected stochastic MPC,Passive,88,694.395012667852,4.572926663760551,685.305825759862,703.484199575842,2.797682362737603e-107,679.2900498475169,709.4999754881871,1.0071656505855372e-105,36,True,physical_path
route_resource_loss,loss_route_resource,0.0,Behaviour cloning,Passive,88,430.50940334199333,4.119837921717677,422.3207793699826,438.6980273140041,3.089331750491722e-93,416.9010507028594,444.1177559811273,6.487596676032616e-92,36,True,physical_path
route_resource_loss,loss_route_resource,0.0,Model-guided constrained SAC,Passive,88,436.210651470988,4.143606504453982,427.97478486708894,444.4465180748871,1.6304524828886682e-93,422.52378815697944,449.8975147849966,3.750040710643937e-92,36,True,physical_path
route_resource_loss,loss_route_resource,0.125,Reactive,Passive,88,612.4827122561416,6.905816816983051,598.7566535595689,626.2087709527142,4.256974594052302e-87,589.6719142848501,635.293510227433,4.682672053457532e-86,36,True,physical_path
route_resource_loss,loss_route_resource,0.125,Projected stochastic MPC,Passive,88,678.8579134381677,4.622021590850486,669.6711450465098,688.0446818298255,5.017134281162649e-106,663.5907837818241,694.1250430945112,1.755996998406927e-104,36,True,physical_path
route_resource_loss,loss_route_resource,0.125,Behaviour cloning,Passive,88,450.4934990252423,4.460346591305283,441.6280772016063,459.35892084887826,5.8284251042827505e-92,435.7604026120866,465.22659543839796,9.325480166852401e-91,36,True,physical_path
route_resource_loss,loss_route_resource,0.125,Model-guided constrained SAC,Passive,88,457.7934263907669,4.3530182440710945,449.1413312789429,466.4455215025909,1.7790181505770367e-93,443.41484926334306,472.17200351819076,3.913839931269481e-92,36,True,physical_path
route_resource_loss,loss_route_resource,0.25,Reactive,Passive,88,575.5967304112563,5.673795845674052,564.3194468003489,586.8740140221637,3.976463437990266e-92,556.855455599602,594.3380052229106,6.857484793595527e-91,36,True,physical_path
route_resource_loss,loss_route_resource,0.25,Projected stochastic MPC,Passive,88,658.8386391172436,4.619116609374391,649.6576446908255,668.0196335436617,6.3556088935639276e-105,643.5811049870077,674.0961732474794,2.1609070238117355e-103,36,True,physical_path
route_resource_loss,loss_route_resource,0.25,Behaviour cloning,Passive,88,484.98930272423644,4.725770893531309,475.596321359361,494.38228408911186,1.4681729840283028e-92,469.37947582499845,500.5991296234744,2.9363459680566054e-91,36,True,physical_path
route_resource_loss,loss_route_resource,0.25,Model-guided constrained SAC,Passive,88,493.0117133152195,4.6018803248565785,483.86497787065275,502.1584487597862,3.5954564372724864e-94,477.8111128416865,508.21231378875245,9.348186736908464e-93,36,True,physical_path
route_resource_loss,loss_route_resource,0.375,Reactive,Passive,88,538.1071598382952,4.581811069449816,529.0003142119803,547.2140054646101,1.2800306952263757e-97,522.9728506873748,553.2414689892155,3.840092085679127e-96,36,True,physical_path
route_resource_loss,loss_route_resource,0.375,Projected stochastic MPC,Passive,88,632.9620060143261,4.575786792002165,623.8671342917568,642.0568777368954,9.035461512135715e-104,617.8475958238652,648.076416204787,2.981702299004786e-102,36,True,physical_path
route_resource_loss,loss_route_resource,0.375,Behaviour cloning,Passive,88,511.7280387680184,4.815240646017922,502.1572265821489,521.298850953888,7.211593035248271e-94,495.8226818101935,527.6333957258433,1.802898258812068e-92,36,True,physical_path
route_resource_loss,loss_route_resource,0.375,Model-guided constrained SAC,Passive,88,520.7629349574618,4.69616108223601,511.4288062987332,530.0970636161903,1.8292867742420404e-95,505.25091305961973,536.2749568553038,5.122002967877714e-94,36,True,physical_path
route_resource_loss,loss_route_resource,0.5,Reactive,Passive,88,497.6091120451451,3.9301627069512124,489.79748810081634,505.4207359894738,1.920220693329383e-100,484.6272809484822,510.59094314180794,5.952684149321087e-99,36,True,physical_path
route_resource_loss,loss_route_resource,0.5,Projected stochastic MPC,Passive,88,590.3094854884449,4.450325359277169,581.4639819485798,599.1549890283101,3.420000758072886e-102,575.6094904889634,605.0094804879265,1.0944002425833235e-100,36,True,physical_path
route_resource_loss,loss_route_resource,0.5,Behaviour cloning,Passive,88,510.37190025946967,4.804420969908099,500.82259335144016,519.9212071674992,7.467678919673474e-94,494.5022820784465,526.2415184404928,1.802898258812068e-92,36,True,physical_path
route_resource_loss,loss_route_resource,0.5,Model-guided constrained SAC,Passive,88,520.9569408559988,4.813674377002387,511.3892417993958,530.5246399126019,1.4979471615488243e-94,505.0567574854597,536.857124226538,4.0444573361818255e-93,36,True,physical_path
route_resource_loss,loss_route_resource,0.625,Reactive,Passive,88,441.10543218055085,4.300858804638345,432.5570096025064,449.6538547585953,1.5497911801981848e-92,426.89914436614066,455.31171999496104,2.9446032423765513e-91,36,True,physical_path
route_resource_loss,loss_route_resource,0.625,Projected stochastic MPC,Passive,88,517.1877786602313,4.558303358368598,508.1276571551426,526.24790016532,2.5274782884051696e-96,502.1311184916764,532.2444388287862,7.329687036374992e-95,36,True,physical_path
route_resource_loss,loss_route_resource,0.625,Behaviour cloning,Passive,88,468.53869535419403,5.04564325689988,458.5099330308358,478.5674576775523,8.15425319949952e-89,451.87228904505105,485.205101663337,1.0600529159349377e-87,36,True,physical_path
route_resource_loss,loss_route_resource,0.625,Model-guided constrained SAC,Passive,88,479.4975677711872,4.987066379908551,469.58523333364656,489.4099022087279,4.065918475641588e-90,463.02464839374977,495.97048714862467,5.692285865898223e-89,36,True,physical_path
route_resource_loss,loss_route_resource,0.75,Reactive,Passive,88,353.43918467738445,4.436114826975474,344.62192610920795,362.25644324556094,4.2816234253595305e-83,338.7861288872664,368.0922404675025,2.5689740552157183e-82,36,True,physical_path
route_resource_loss,loss_route_resource,0.75,Projected stochastic MPC,Passive,88,403.06538585480814,4.0867068980161445,394.94261337988405,411.18815832973223,4.524013317387967e-91,389.5664692329139,416.5643024767024,6.786019976081951e-90,36,True,physical_path
route_resource_loss,loss_route_resource,0.75,Behaviour cloning,Passive,88,381.06423701498915,4.721248223428157,371.68024494666565,390.44822908331264,1.4070562486703033e-83,365.4693490747111,396.6591249552672,9.849393740692124e-83,36,True,physical_path
route_resource_loss,loss_route_resource,0.75,Model-guided constrained SAC,Passive,88,390.313704852553,4.5854624345323725,381.1996017427609,399.42780796234507,1.4601274335867403e-85,375.167334774819,405.46007493028696,1.4601274335867404e-84,36,True,physical_path
route_resource_loss,loss_route_resource,0.875,Reactive,Passive,88,197.92816591079693,2.655283204107424,192.65050302434867,203.2058287972452,1.2920845892175966e-80,189.15742519602676,206.6989066255671,6.460422946087983e-80,36,True,physical_path
route_resource_loss,loss_route_resource,0.875,Projected stochastic MPC,Passive,88,222.62499410860337,2.19337896798193,218.2654159071792,226.98457231002754,3.8097137742197375e-92,215.37998228175138,229.87000593545537,6.857484793595527e-91,36,True,physical_path
route_resource_loss,loss_route_resource,0.875,Behaviour cloning,Passive,88,219.19560602685115,2.6173446288607582,213.99335016675485,224.39786188694745,5.905604514419998e-85,210.5501812881929,227.8410307655094,5.315044062977998e-84,36,True,physical_path
route_resource_loss,loss_route_resource,0.875,Model-guided constrained SAC,Passive,88,224.3796630860751,2.5181423099286255,219.37458257664113,229.3847435955091,2.8501715604669117e-87,216.06191632026426,232.69740985188596,3.420205872560294e-86,36,True,physical_path
route_resource_loss,loss_route_resource,1.0,Reactive,Passive,88,0.0,0.0,0.0,0.0,1.0,0.0,0.0,1.0,36,True,physical_path
route_resource_loss,loss_route_resource,1.0,Projected stochastic MPC,Passive,88,0.0,0.0,0.0,0.0,1.0,0.0,0.0,1.0,36,True,physical_path
route_resource_loss,loss_route_resource,1.0,Behaviour cloning,Passive,88,0.0,0.0,0.0,0.0,1.0,0.0,0.0,1.0,36,True,physical_path
route_resource_loss,loss_route_resource,1.0,Model-guided constrained SAC,Passive,88,0.0,0.0,0.0,0.0,1.0,0.0,0.0,1.0,36,True,physical_path
route_resource_loss,loss_route_resource,0.0,Passive,Reactive,88,-529.1927241949003,6.376906083436635,-541.8675155372547,-516.5179328525459,1.2947382142245214e-84,-550.256462229979,-508.1289861598215,4.013688464096016e-83,36,True,physical_path
route_resource_loss,loss_route_resource,0.0,Projected stochastic MPC,Reactive,88,165.20228847295186,3.3287291127796004,158.5860789212245,171.81849802467923,1.3256655164921084e-65,154.20706961541725,176.19750733048647,3.0490306879318496e-64,36,True,physical_path
route_resource_loss,loss_route_resource,0.0,Behaviour cloning,Reactive,88,-98.68332085290704,3.323601729415972,-105.28933917499799,-92.0773025308161,2.647110762221594e-47,-109.66160330608446,-87.70503839972963,3.705955067110231e-46,36,True,physical_path
route_resource_loss,loss_route_resource,0.0,Model-guided constrained SAC,Reactive,88,-92.98207272391228,3.3263399177410253,-99.59353349179464,-86.37061195602992,3.079013337303276e-45,-103.96939976404377,-81.99474568378079,3.3869146710336034e-44,36,True,physical_path
route_resource_loss,loss_route_resource,0.125,Passive,Reactive,88,-612.4827122561416,6.905816816983051,-626.2087709527142,-598.7566535595689,4.256974594052302e-87,-635.293510227433,-589.6719142848501,1.3622318700967367e-85,36,True,physical_path
route_resource_loss,loss_route_resource,0.125,Projected stochastic MPC,Reactive,88,66.37520118202612,3.62404548060145,59.17201837192723,73.578383992125,1.3419233988549754e-31,54.40451451488594,78.3458878491663,1.2077310589694778e-30,36,True,physical_path
route_resource_loss,loss_route_resource,0.125,Behaviour cloning,Reactive,88,-161.9892132308993,3.576422307333346,-169.09773982741496,-154.88068663438366,2.811583263092101e-62,-173.8025944535193,-150.17583200827931,6.185483178802622e-61,36,True,physical_path
route_resource_loss,loss_route_resource,0.125,Model-guided constrained SAC,Reactive,88,-154.68928586537461,3.643205459079298,-161.93055120737114,-147.4480205233781,6.105166980111973e-60,-166.72326039690148,-142.65531133384775,1.2210333960223945e-58,36,True,physical_path
route_resource_loss,loss_route_resource,0.25,Passive,Reactive,88,-575.5967304112563,5.673795845674052,-586.8740140221637,-564.3194468003489,3.976463437990266e-92,-594.3380052229106,-556.855455599602,1.3122329345367878e-90,36,True,physical_path
route_resource_loss,loss_route_resource,0.25,Projected stochastic MPC,Reactive,88,83.24190870598733,2.4825197075132874,78.30763197612585,88.17618543584881,1.5621182301205487e-51,75.04182796121971,91.44198945075495,2.499389168192878e-50,36,True,physical_path
route_resource_loss,loss_route_resource,0.25,Behaviour cloning,Reactive,88,-90.60742768701974,2.4391302411385354,-95.45546315418103,-85.75939221985844,3.751089588166643e-55,-98.66418746371264,-82.55066791032684,6.376852299883294e-54,36,True,physical_path
route_resource_loss,loss_route_resource,0.25,Model-guided constrained SAC,Reactive,88,-82.58501709603674,2.5008333478217897,-87.55569416904144,-77.61434002303203,5.360469697880295e-51,-90.845590141754,-74.32444405031947,8.040704546820443e-50,36,True,physical_path
route_resource_loss,loss_route_resource,0.375,Passive,Reactive,88,-538.1071598382952,4.581811069449816,-547.2140054646101,-529.0003142119803,1.2800306952263757e-97,-553.2414689892155,-522.9728506873748,4.480107433292315e-96,36,True,physical_path
route_resource_loss,loss_route_resource,0.375,Projected stochastic MPC,Reactive,88,94.85484617603089,1.7083050496570582,91.45940491185209,98.25028744020969,1.0214717039808433e-69,89.2120956667453,100.49759668531648,2.553679259952108e-68,36,True,physical_path
route_resource_loss,loss_route_resource,0.375,Behaviour cloning,Reactive,88,-26.37912107027673,1.7425549157816105,-29.842637652008005,-22.91560448854546,4.186373356744944e-26,-32.135003276712126,-20.623238863841337,3.349098685395955e-25,36,True,physical_path
route_resource_loss,loss_route_resource,0.375,Model-guided constrained SAC,Reactive,88,-17.344224880833444,1.7887005586395963,-20.899460924468503,-13.788988837198385,1.68436405399699e-15,-23.252532059489397,-11.435917702177491,1.010618432398194e-14,36,True,physical_path
route_resource_loss,loss_route_resource,0.5,Passive,Reactive,88,-497.6091120451451,3.9301627069512124,-505.4207359894738,-489.79748810081634,1.920220693329383e-100,-510.59094314180794,-484.6272809484822,6.912794495985779e-99,36,True,physical_path
route_resource_loss,loss_route_resource,0.5,Projected stochastic MPC,Reactive,88,92.7003734432999,1.3709696110139422,89.97542289064164,95.42532399595815,5.4105449742636164e-77,88.17188511955642,97.22886176704337,1.5149525927938125e-75,36,True,physical_path
route_resource_loss,loss_route_resource,0.5,Behaviour cloning,Reactive,88,12.762788214324598,1.5285288517089628,9.724671610020032,15.800904818629164,9.602022429657742e-13,7.713861526336429,17.811714902312765,4.801011214828871e-12,36,True,physical_path
route_resource_loss,loss_route_resource,0.5,Model-guided constrained SAC,Reactive,88,23.347828810853755,1.5523466236597079,20.26237180577089,26.43328581593662,6.307470422409827e-26,18.220228969711766,28.475428651995745,4.415229295686878e-25,36,True,physical_path
route_resource_loss,loss_route_resource,0.625,Passive,Reactive,88,-441.10543218055085,4.300858804638345,-449.6538547585953,-432.5570096025064,1.5497911801981848e-92,-455.31171999496104,-426.89914436614066,5.269290012673828e-91,36,True,physical_path
route_resource_loss,loss_route_resource,0.625,Projected stochastic MPC,Reactive,88,76.08234647968042,1.1287253699045645,73.83888258681843,78.32581037254242,7.066471523614773e-77,72.3540219294772,79.81067102988365,1.9079473113759888e-75,36,True,physical_path
route_resource_loss,loss_route_resource,0.625,Behaviour cloning,Reactive,88,27.43326317364322,1.314161813617528,24.821224269548907,30.04530207773753,1.2361377527118023e-35,23.092418284984344,31.774108062302094,1.2361377527118023e-34,36,True,physical_path
route_resource_loss,loss_route_resource,0.625,Model-guided constrained SAC,Reactive,88,38.392135590636364,1.2961964653244347,35.81580476159104,40.96846641968169,3.214017810583786e-47,34.11063254976439,42.67363863150834,4.178223153758922e-46,36,True,physical_path
route_resource_loss,loss_route_resource,0.75,Passive,Reactive,88,-353.43918467738445,4.436114826975474,-362.25644324556094,-344.62192610920795,4.2816234253595305e-83,-368.0922404675025,-338.7861288872664,1.284487027607859e-81,36,True,physical_path
route_resource_loss,loss_route_resource,0.75,Projected stochastic MPC,Reactive,88,49.62620117742372,0.9794796093519806,47.67937939422809,51.57302296061934,2.3290305941027382e-66,46.39085450112883,52.861547853718605,5.589673425846572e-65,36,True,physical_path
route_resource_loss,loss_route_resource,0.75,Behaviour cloning,Reactive,88,27.625052337604686,0.9805665065954772,25.67607022844665,29.57403444676272,1.6681008485543367e-45,24.38611550042166,30.86398917478771,2.001721018265204e-44,36,True,physical_path
route_resource_loss,loss_route_resource,0.75,Model-guided constrained SAC,Reactive,88,36.8745201751685,0.9227040273405885,35.04054600897076,38.70849434136624,9.213882032860211e-58,33.82671052241287,39.92232982792413,1.7506375862434402e-56,36,True,physical_path
route_resource_loss,loss_route_resource,0.875,Passive,Reactive,88,-197.92816591079693,2.655283204107424,-203.2058287972452,-192.65050302434867,1.2920845892175966e-80,-206.6989066255671,-189.15742519602676,3.74704530873103e-79,36,True,physical_path
route_resource_loss,loss_route_resource,0.875,Projected stochastic MPC,Reactive,88,24.69682819780645,0.6261158402005043,23.45235516858983,25.94130122702307,2.709173649942387e-57,22.628687336856338,26.764969058756563,4.876512569896297e-56,36,True,physical_path
route_resource_loss,loss_route_resource,0.875,Behaviour cloning,Reactive,88,21.26744011605423,0.4851024088677585,20.303246550769867,22.231633681338597,4.259523818950753e-61,19.665084690573444,22.86979554153502,8.94500001979658e-60,36,True,physical_path
route_resource_loss,loss_route_resource,0.875,Model-guided constrained SAC,Reactive,88,26.451497175278174,0.4706881029036677,25.515953603901394,27.387040746654954,3.6899286925328843e-70,24.896754049682702,28.006240300873646,9.593814600585499e-69,36,True,physical_path
route_resource_loss,loss_route_resource,1.0,Passive,Reactive,88,0.0,0.0,0.0,0.0,1.0,0.0,0.0,1.0,36,True,physical_path
route_resource_loss,loss_route_resource,1.0,Projected stochastic MPC,Reactive,88,0.0,0.0,0.0,0.0,1.0,0.0,0.0,1.0,36,True,physical_path
route_resource_loss,loss_route_resource,1.0,Behaviour cloning,Reactive,88,0.0,0.0,0.0,0.0,1.0,0.0,0.0,1.0,36,True,physical_path
route_resource_loss,loss_route_resource,1.0,Model-guided constrained SAC,Reactive,88,0.0,0.0,0.0,0.0,1.0,0.0,0.0,1.0,36,True,physical_path
action_loss,loss_action,0.0,Reactive,Passive,88,494.4268038087328,5.06137117000784,484.3667805550291,504.48682706243653,1.0350178851566655e-90,477.7084461869611,511.1451614305045,1.0350178851566655e-89,36,True,physical_path
action_loss,loss_action,0.0,Projected stochastic MPC,Passive,88,126.36388636363637,22.437819485987827,81.76629053248635,170.96148219478638,2.1523125499094368e-07,52.24889305068376,200.47887967658897,1.2913875299456621e-06,36,True,physical_path
action_loss,loss_action,0.0,Behaviour cloning,Passive,88,1167.7151433306367,0.1741206595996698,1167.3690596656206,1168.0612269956528,2.4868460026401806e-250,1167.1400004772977,1168.2902861839757,8.95264560950465e-249,36,True,physical_path
action_loss,loss_action,0.0,Model-guided constrained SAC,Passive,88,1023.1845588114894,2.8989987657334004,1017.4224848564012,1028.9466327665775,4.3307314719411465e-139,1013.6087943629535,1032.7603232600254,1.0393755532658752e-137,36,True,physical_path
action_loss,loss_action,0.125,Reactive,Passive,88,541.3457029205503,4.45874589763147,532.4834626489167,550.2079431921838,7.232805822165281e-99,526.6178938037383,556.0735120373622,8.679366986598337e-98,36,True,physical_path
action_loss,loss_action,0.125,Projected stochastic MPC,Passive,88,197.44357244318186,25.268174880227637,147.2203387906005,247.66680609576323,1.1802014930368602e-11,113.97955253482577,280.90759235153797,9.441611944294882e-11,36,True,physical_path
action_loss,loss_action,0.125,Behaviour cloning,Passive,88,1164.4191650913297,0.21814144375903685,1163.9855853511565,1164.8527448315028,1.043931200084366e-241,1163.6986159463659,1165.1397142362935,3.6537592002952813e-240,36,True,physical_path
action_loss,loss_action,0.125,Model-guided constrained SAC,Passive,88,995.5043205900348,2.6915453055013097,990.1545828505482,1000.8540583295214,7.388181717361209e-141,986.6138015071393,1004.3948396729303,1.9209272465139144e-139,36,True,physical_path
action_loss,loss_action,0.25,Reactive,Passive,88,561.3491309644397,4.5089300427560515,552.387144270352,570.3111176585275,8.252434218324078e-100,546.4555571848607,576.2427047440187,1.0728164483821302e-98,36,True,physical_path
action_loss,loss_action,0.25,Projected stochastic MPC,Passive,88,176.3829247159091,25.393966198443945,125.909667197489,226.8561822343292,6.481628912321836e-10,92.50339996251887,260.2624494692993,4.537140238625285e-09,36,True,physical_path
action_loss,loss_action,0.25,Behaviour cloning,Passive,88,1155.5522180612932,0.29697059876208365,1154.9619568398052,1156.142479282781,9.189462865368008e-230,1154.5712861148916,1156.5331500076948,3.124417374225123e-228,36,True,physical_path
action_loss,loss_action,0.25,Model-guided constrained SAC,Passive,88,969.0969435151405,2.810619336360465,963.5105332457961,974.683353784485,3.2974902209390965e-138,959.8131076482151,978.380779382066,7.584227508159922e-137,36,True,physical_path
action_loss,loss_action,0.375,Reactive,Passive,88,578.132476871976,4.57657819336697,569.0360321534998,587.2289215904522,2.3395597475026566e-100,563.0154525813839,593.2495011625681,3.275383646503719e-99,36,True,physical_path
action_loss,loss_action,0.375,Projected stochastic MPC,Passive,88,60.5493622159091,17.75885092069525,25.251723054429533,95.84700137738866,0.0009883340485336116,1.8896017140028718,119.20912271781532,0.004941670242668058,36,True,physical_path
action_loss,loss_action,0.375,Behaviour cloning,Passive,88,1141.4554461902705,0.4136706658889676,1140.6332309488992,1142.277661431642,8.90917996277309e-217,1140.0890389662854,1142.8218534142557,2.9400293877151193e-215,36,True,physical_path
action_loss,loss_action,0.375,Model-guided constrained SAC,Passive,88,936.9441129099043,2.8101648128305623,931.3586060552921,942.5296197645166,6.109162448943949e-137,927.6617783924484,946.2264474273603,1.3440157387676688e-135,36,True,physical_path
action_loss,loss_action,0.5,Reactive,Passive,88,599.860543202984,4.578019402881132,590.761233924542,608.959852481426,9.866942703346658e-102,584.7387584126664,614.9823279933016,1.4800414055019988e-100,36,True,physical_path
action_loss,loss_action,0.5,Projected stochastic MPC,Passive,88,0.0,0.0,0.0,0.0,1.0,0.0,0.0,1.0,36,True,physical_path
action_loss,loss_action,0.5,Behaviour cloning,Passive,88,1122.2257596835211,0.5332448103884421,1121.1658778822787,1123.2856414847636,1.5321109719628498e-206,1120.4643837360595,1123.9871356309827,4.902755110281119e-205,36,True,physical_path
action_loss,loss_action,0.5,Model-guided constrained SAC,Passive,88,900.6704954864589,2.3430532510294704,896.0134234405085,905.3275675324093,2.58723866363482e-142,892.9310903209798,908.409900651938,6.985544391814014e-141,36,True,physical_path
action_loss,loss_action,0.625,Reactive,Passive,88,625.3810838678463,4.662677068741832,616.1135083116396,634.648659424053,1.3079236406101432e-102,609.979663957767,640.7825037779256,2.092677824976229e-101,36,True,physical_path
action_loss,loss_action,0.625,Projected stochastic MPC,Passive,88,0.0,0.0,0.0,0.0,1.0,0.0,0.0,1.0,36,True,physical_path
action_loss,loss_action,0.625,Behaviour cloning,Passive,88,1100.3446342632114,0.6488744042678972,1099.0549261235774,1101.6343424028455,2.210198612428051e-198,1098.2013189484906,1102.4879495779323,6.851615698526958e-197,36,True,physical_path
action_loss,loss_action,0.625,Model-guided constrained SAC,Passive,88,860.4582993213738,2.33711934716903,855.8130215518786,865.1035770908691,1.1009742421242474e-140,852.7384946008137,868.1781040419339,2.7524356053106183e-139,36,True,physical_path
action_loss,loss_action,0.75,Reactive,Passive,88,656.3239321596636,4.7583204495919125,646.8662550276001,665.7816092917271,1.1587214415772006e-103,640.6065899053227,672.0412744140045,1.969826450681241e-102,36,True,physical_path
action_loss,loss_action,0.75,Projected stochastic MPC,Passive,88,0.0,0.0,0.0,0.0,1.0,0.0,0.0,1.0,36,True,physical_path
action_loss,loss_action,0.75,Behaviour cloning,Passive,88,1076.1620602403482,0.79036022270392,1074.5911337162634,1077.732986764433,4.3307893164337115e-190,1073.5513991350163,1078.77272134568,1.2992367949301134e-188,36,True,physical_path
action_loss,loss_action,0.75,Model-guided constrained SAC,Passive,88,811.445964241097,2.7442384951789944,805.9914930814238,816.9004354007703,2.0823691721274185e-132,802.3813927997254,820.5105356824687,4.3729752614675787e-131,36,True,physical_path
action_loss,loss_action,0.875,Reactive,Passive,88,692.6771151044832,4.8574022577330425,683.0225021500036,702.3317280589628,6.47509004211235e-105,676.6324929398818,708.7217372690845,1.165516207580223e-103,36,True,physical_path
action_loss,loss_action,0.875,Projected stochastic MPC,Passive,88,0.0,0.0,0.0,0.0,1.0,0.0,0.0,1.0,36,True,physical_path
action_loss,loss_action,0.875,Behaviour cloning,Passive,88,1050.96076148137,0.9254857030895867,1049.1212584334166,1052.8002645293232,3.125354461313938e-183,1047.9037635971258,1054.017759365614,8.750992491679026e-182,36,True,physical_path
action_loss,loss_action,0.875,Model-guided constrained SAC,Passive,88,777.8272534923417,2.684217409671934,772.4920807392922,783.1624262453912,1.2049834564743497e-131,768.9609393884876,786.6935675961957,2.4099669129486996e-130,36,True,physical_path
action_loss,loss_action,1.0,Reactive,Passive,88,738.8342304983548,4.502250760964235,729.8855196000716,747.7829413966381,3.346288267381933e-110,723.962719242527,753.7057417541827,6.357947708025673e-109,36,True,physical_path
action_loss,loss_action,1.0,Projected stochastic MPC,Passive,88,3598.4543039772734,45.63919031480652,3507.741471342544,3689.1671366120027,1.0488810102440013e-82,3447.7022094119875,3749.2063985425593,9.439929092196012e-82,36,True,physical_path
action_loss,loss_action,1.0,Behaviour cloning,Passive,88,1367.6507746927166,1.1486088433929154,1365.3677902432823,1369.9337591421508,5.058334356378246e-185,1363.8567724813865,1371.4447769040466,1.4669169633496912e-183,36,True,physical_path
action_loss,loss_action,1.0,Model-guided constrained SAC,Passive,88,436.4381649533676,3.8817600078884125,428.72274661454736,444.1535832921879,5.5478062199667905e-96,423.61621417482604,449.2601157319092,6.10258684196347e-95,36,True,physical_path
action_loss,loss_action,0.0,Passive,Reactive,88,-494.4268038087328,5.06137117000784,-504.48682706243653,-484.3667805550291,1.0350178851566655e-90,-511.1451614305045,-477.7084461869611,1.863032193281998e-89,36,True,physical_path
action_loss,loss_action,0.0,Projected stochastic MPC,Reactive,88,-368.0629174450965,19.42430137157322,-406.67081971531735,-329.45501517487565,1.252657344480428e-32,-432.2238742244288,-303.9019606657642,5.010629377921712e-32,36,True,physical_path
action_loss,loss_action,0.0,Behaviour cloning,Reactive,88,673.2883395219039,5.214073677739178,662.924803499214,683.6518755445938,3.497268033598937e-101,656.0655859472881,690.5110930965197,8.743170083997342e-100,36,True,physical_path
action_loss,loss_action,0.0,Model-guided constrained SAC,Reactive,88,528.7577550027565,6.403357196498881,516.0303892090224,541.4851207964907,1.9830223904959955e-84,507.6066455513531,549.90886445416,2.9745335857439933e-83,36,True,physical_path
action_loss,loss_action,0.125,Passive,Reactive,88,-541.3457029205503,4.45874589763147,-550.2079431921838,-532.4834626489167,7.232805822165281e-99,-556.0735120373622,-526.6178938037383,1.518889222654709e-97,36,True,physical_path
action_loss,loss_action,0.125,Projected stochastic MPC,Reactive,88,-343.90213047736853,22.476353825868227,-388.5763174815904,-299.22794347314664,2.12550508624399e-26,-418.14440765336934,-269.6598533013677,2.12550508624399e-26,36,True,physical_path
action_loss,loss_action,0.125,Behaviour cloning,Reactive,88,623.0734621707794,4.66736768055108,613.7965635156949,632.350360825864,1.9651746119413488e-102,607.6565485687621,638.4903757727967,5.502488913435777e-101,36,True,physical_path
action_loss,loss_action,0.125,Model-guided constrained SAC,Reactive,88,454.1586176694846,5.629263997886961,442.9698459280333,465.34738941093593,1.4595946014789405e-83,435.56443725811346,472.75279808085577,2.0434324420705168e-82,36,True,physical_path
action_loss,loss_action,0.25,Passive,Reactive,88,-561.3491309644397,4.5089300427560515,-570.3111176585275,-552.387144270352,8.252434218324078e-100,-576.2427047440187,-546.4555571848607,1.898059870214538e-98,36,True,physical_path
action_loss,loss_action,0.25,Projected stochastic MPC,Reactive,88,-384.96620624853074,22.7553971512047,-430.19502207711355,-339.7373904199479,2.995696755679967e-29,-460.130199289313,-309.8022132077485,5.991393511359934e-29,36,True,physical_path
action_loss,loss_action,0.25,Behaviour cloning,Reactive,88,594.2030870968531,4.7996932461128505,584.6631770517921,603.7429971419141,1.3412898340002338e-99,578.3490851934139,610.0570890002923,2.950837634800514e-98,36,True,physical_path
action_loss,loss_action,0.25,Model-guided constrained SAC,Reactive,88,407.7478125507008,5.548488542186049,396.71959077394973,418.7760343274519,4.37142285749513e-80,389.4204438214034,426.0751812799982,5.2457074289941557e-79,36,True,physical_path
action_loss,loss_action,0.375,Passive,Reactive,88,-578.132476871976,4.57657819336697,-587.2289215904522,-569.0360321534998,2.3395597475026566e-100,-593.2495011625681,-563.0154525813839,5.6149433940063755e-99,36,True,physical_path
action_loss,loss_action,0.375,Projected stochastic MPC,Reactive,88,-517.5831146560669,15.724165067555058,-548.8365953654129,-486.3296339467209,6.956662882380815e-51,-569.5220470269857,-465.6441822851481,4.173997729428489e-50,36,True,physical_path
action_loss,loss_action,0.375,Behaviour cloning,Reactive,88,563.3229693182943,4.983466476723046,553.4177900781381,573.2281485584506,3.488282376635496e-96,546.8619408824293,579.7839977541594,6.976564753270991e-95,36,True,physical_path
action_loss,loss_action,0.375,Model-guided constrained SAC,Reactive,88,358.81163603792834,5.0427199160187905,348.7886841711152,368.83458790474145,6.921774665672385e-79,342.1548858983605,375.4683861774962,7.613952132239624e-78,36,True,physical_path
action_loss,loss_action,0.5,Passive,Reactive,88,-599.860543202984,4.578019402881132,-608.959852481426,-590.761233924542,9.866942703346658e-102,-614.9823279933016,-584.7387584126664,2.6640745299035976e-100,36,True,physical_path
action_loss,loss_action,0.5,Projected stochastic MPC,Reactive,88,-599.860543202984,4.578019402881132,-608.959852481426,-590.761233924542,9.866942703346658e-102,-614.9823279933016,-584.7387584126664,2.6640745299035976e-100,36,True,physical_path
action_loss,loss_action,0.5,Behaviour cloning,Reactive,88,522.365216480537,5.10155547882226,512.2253225618438,532.5051103992303,1.7865833779145603e-92,505.51412493687394,539.2163080242001,3.394508418037665e-91,36,True,physical_path
action_loss,loss_action,0.5,Model-guided constrained SAC,Reactive,88,300.8099522834749,5.715181737771315,289.450409730694,312.1694948362558,9.388741432094044e-68,281.93197456635534,319.68793000059446,7.510993145675236e-67,36,True,physical_path
action_loss,loss_action,0.625,Passive,Reactive,88,-625.3810838678463,4.662677068741832,-634.648659424053,-616.1135083116396,1.3079236406101432e-102,-640.7825037779256,-609.979663957767,3.923770921830429e-101,36,True,physical_path
action_loss,loss_action,0.625,Projected stochastic MPC,Reactive,88,-625.3810838678463,4.662677068741832,-634.648659424053,-616.1135083116396,1.3079236406101432e-102,-640.7825037779256,-609.979663957767,3.923770921830429e-101,36,True,physical_path
action_loss,loss_action,0.625,Behaviour cloning,Reactive,88,474.96355039536525,5.297738209795988,464.4337220558839,485.4933787348466,1.6801608740966545e-87,457.4644421492184,492.46265864151206,2.8562734859643127e-86,36,True,physical_path
action_loss,loss_action,0.625,Model-guided constrained SAC,Reactive,88,235.07721545352769,5.522813984699037,224.10002463986393,246.05440626719144,4.9721019449402697e-60,216.8346530779694,253.31977782908598,3.480471361458189e-59,36,True,physical_path
action_loss,loss_action,0.75,Passive,Reactive,88,-656.3239321596636,4.7583204495919125,-665.7816092917271,-646.8662550276001,1.1587214415772006e-103,-672.0412744140045,-640.6065899053227,3.707908613047042e-102,36,True,physical_path
action_loss,loss_action,0.75,Projected stochastic MPC,Reactive,88,-656.3239321596636,4.7583204495919125,-665.7816092917271,-646.8662550276001,1.1587214415772006e-103,-672.0412744140045,-640.6065899053227,3.707908613047042e-102,36,True,physical_path
action_loss,loss_action,0.75,Behaviour cloning,Reactive,88,419.8381280806844,5.531033200525088,408.8446006855766,430.83165547579216,2.729569936022234e-81,401.56841658190734,438.1078395794614,3.548440916828904e-80,36,True,physical_path
action_loss,loss_action,0.75,Model-guided constrained SAC,Reactive,88,155.1220320814334,5.366842111745898,144.45485225414626,165.78921190872052,2.22049676129573e-46,137.39466479103697,172.8493993718298,1.110248380647865e-45,36,True,physical_path
action_loss,loss_action,0.875,Passive,Reactive,88,-692.6771151044832,4.8574022577330425,-702.3317280589628,-683.0225021500036,6.47509004211235e-105,-708.7217372690845,-676.6324929398818,2.201530614318199e-103,36,True,physical_path
action_loss,loss_action,0.875,Projected stochastic MPC,Reactive,88,-692.6771151044832,4.8574022577330425,-702.3317280589628,-683.0225021500036,6.47509004211235e-105,-708.7217372690845,-676.6324929398818,2.201530614318199e-103,36,True,physical_path
action_loss,loss_action,0.875,Behaviour cloning,Reactive,88,358.2836463768868,5.752233661516759,346.8504591136207,369.7168336401529,5.93993544783231e-74,339.2832814071939,377.2840113465797,5.345941903049079e-73,36,True,physical_path
action_loss,loss_action,0.875,Model-guided constrained SAC,Reactive,88,85.15013838785853,4.633520652759639,75.94051436551948,94.35976241019759,1.0625846365772513e-31,69.84502585635045,100.45525091936662,3.187753909731754e-31,36,True,physical_path
action_loss,loss_action,1.0,Passive,Reactive,88,-738.8342304983548,4.502250760964235,-747.7829413966381,-729.8855196000716,3.346288267381933e-110,-753.7057417541827,-723.962719242527,1.1712008935836767e-108,36,True,physical_path
action_loss,loss_action,1.0,Projected stochastic MPC,Reactive,88,2859.620073478918,42.08327072014606,2775.975016079201,2943.2651308786353,3.548446533256681e-77,2720.6136370487393,2998.626509909097,3.5484465332566807e-76,36,True,physical_path
action_loss,loss_action,1.0,Behaviour cloning,Reactive,88,628.8165441943615,3.450799079916235,621.95770736502,635.675381023703,3.789392852768195e-114,617.4181125913241,640.214975797399,1.3641814269965504e-112,36,True,physical_path
action_loss,loss_action,1.0,Model-guided constrained SAC,Reactive,88,-302.39606554498727,3.553409549136005,-309.45885179272767,-295.33327929724686,1.4892601752065403e-85,-314.1334326780486,-290.6586984119259,2.3828162803304645e-84,36,True,physical_path
terminal_loss,terminal_correction,0.0,Reactive,Passive,88,375.18469179973926,28.608297169317915,318.3226034238418,432.0467801756367,2.5619881504085933e-22,280.68781991238563,469.6815636870929,8.710759711389218e-21,36,True,physical_path
terminal_loss,terminal_correction,0.0,Projected stochastic MPC,Passive,88,0.0,0.0,0.0,0.0,1.0,0.0,0.0,1.0,36,True,physical_path
terminal_loss,terminal_correction,0.0,Behaviour cloning,Passive,88,0.0,0.0,0.0,0.0,1.0,0.0,0.0,1.0,36,True,physical_path
terminal_loss,terminal_correction,0.0,Model-guided constrained SAC,Passive,88,0.0,0.0,0.0,0.0,1.0,0.0,0.0,1.0,36,True,physical_path
terminal_loss,terminal_correction,0.125,Reactive,Passive,88,0.0,0.0,0.0,0.0,1.0,0.0,0.0,1.0,36,True,physical_path
terminal_loss,terminal_correction,0.125,Projected stochastic MPC,Passive,88,0.0,0.0,0.0,0.0,1.0,0.0,0.0,1.0,36,True,physical_path
terminal_loss,terminal_correction,0.125,Behaviour cloning,Passive,88,0.0,0.0,0.0,0.0,1.0,0.0,0.0,1.0,36,True,physical_path
terminal_loss,terminal_correction,0.125,Model-guided constrained SAC,Passive,88,0.0,0.0,0.0,0.0,1.0,0.0,0.0,1.0,36,True,physical_path
terminal_loss,terminal_correction,0.25,Reactive,Passive,88,0.0,0.0,0.0,0.0,1.0,0.0,0.0,1.0,36,True,physical_path
terminal_loss,terminal_correction,0.25,Projected stochastic MPC,Passive,88,0.0,0.0,0.0,0.0,1.0,0.0,0.0,1.0,36,True,physical_path
terminal_loss,terminal_correction,0.25,Behaviour cloning,Passive,88,0.0,0.0,0.0,0.0,1.0,0.0,0.0,1.0,36,True,physical_path
terminal_loss,terminal_correction,0.25,Model-guided constrained SAC,Passive,88,0.0,0.0,0.0,0.0,1.0,0.0,0.0,1.0,36,True,physical_path
terminal_loss,terminal_correction,0.375,Reactive,Passive,88,0.0,0.0,0.0,0.0,1.0,0.0,0.0,1.0,36,True,physical_path
terminal_loss,terminal_correction,0.375,Projected stochastic MPC,Passive,88,0.0,0.0,0.0,0.0,1.0,0.0,0.0,1.0,36,True,physical_path
terminal_loss,terminal_correction,0.375,Behaviour cloning,Passive,88,0.0,0.0,0.0,0.0,1.0,0.0,0.0,1.0,36,True,physical_path
terminal_loss,terminal_correction,0.375,Model-guided constrained SAC,Passive,88,0.0,0.0,0.0,0.0,1.0,0.0,0.0,1.0,36,True,physical_path
terminal_loss,terminal_correction,0.5,Reactive,Passive,88,0.0,0.0,0.0,0.0,1.0,0.0,0.0,1.0,36,True,physical_path
terminal_loss,terminal_correction,0.5,Projected stochastic MPC,Passive,88,0.0,0.0,0.0,0.0,1.0,0.0,0.0,1.0,36,True,physical_path
terminal_loss,terminal_correction,0.5,Behaviour cloning,Passive,88,0.0,0.0,0.0,0.0,1.0,0.0,0.0,1.0,36,True,physical_path
terminal_loss,terminal_correction,0.5,Model-guided constrained SAC,Passive,88,0.0,0.0,0.0,0.0,1.0,0.0,0.0,1.0,36,True,physical_path
terminal_loss,terminal_correction,0.625,Reactive,Passive,88,0.0,0.0,0.0,0.0,1.0,0.0,0.0,1.0,36,True,physical_path
terminal_loss,terminal_correction,0.625,Projected stochastic MPC,Passive,88,0.0,0.0,0.0,0.0,1.0,0.0,0.0,1.0,36,True,physical_path
terminal_loss,terminal_correction,0.625,Behaviour cloning,Passive,88,0.0,0.0,0.0,0.0,1.0,0.0,0.0,1.0,36,True,physical_path
terminal_loss,terminal_correction,0.625,Model-guided constrained SAC,Passive,88,0.0,0.0,0.0,0.0,1.0,0.0,0.0,1.0,36,True,physical_path
terminal_loss,terminal_correction,0.75,Reactive,Passive,88,0.0,0.0,0.0,0.0,1.0,0.0,0.0,1.0,36,True,physical_path
terminal_loss,terminal_correction,0.75,Projected stochastic MPC,Passive,88,0.0,0.0,0.0,0.0,1.0,0.0,0.0,1.0,36,True,physical_path
terminal_loss,terminal_correction,0.75,Behaviour cloning,Passive,88,0.0,0.0,0.0,0.0,1.0,0.0,0.0,1.0,36,True,physical_path
terminal_loss,terminal_correction,0.75,Model-guided constrained SAC,Passive,88,0.0,0.0,0.0,0.0,1.0,0.0,0.0,1.0,36,True,physical_path
terminal_loss,terminal_correction,0.875,Reactive,Passive,88,-0.014546939697861512,0.014546939697861517,-0.04346055751310787,0.014366678117384847,0.3200837731316947,-0.06259734580368752,0.03350346640796449,1.0,36,True,physical_path
terminal_loss,terminal_correction,0.875,Projected stochastic MPC,Passive,88,0.32541508528452434,0.3254150852845243,-0.3213826331810098,0.9722128037500585,0.3200837731316943,-0.7494726454442986,1.4003028160133473,1.0,36,True,physical_path
terminal_loss,terminal_correction,0.875,Behaviour cloning,Passive,88,-0.014546939697861512,0.014546939697861517,-0.04346055751310787,0.014366678117384847,0.3200837731316947,-0.06259734580368752,0.03350346640796449,1.0,36,True,physical_path
terminal_loss,terminal_correction,0.875,Model-guided constrained SAC,Passive,88,-0.014546939697861512,0.014546939697861517,-0.04346055751310787,0.014366678117384847,0.3200837731316947,-0.06259734580368752,0.03350346640796449,1.0,36,True,physical_path
terminal_loss,terminal_correction,1.0,Reactive,Passive,88,-86.95083577364112,7.60345974839048,-102.06353533827118,-71.83813620901105,5.060760577344184e-19,-112.06603775479545,-61.83563379248679,1.6700509905235806e-17,36,True,physical_path
terminal_loss,terminal_correction,1.0,Projected stochastic MPC,Passive,88,-94.4082674439746,8.72620343183496,-111.75254165192072,-77.06399323602847,8.783257127078415e-18,-123.23203569836295,-65.58449918958624,2.8106422806650927e-16,36,True,physical_path
terminal_loss,terminal_correction,1.0,Behaviour cloning,Passive,88,-36.39559674715315,2.563022389010963,-41.48988127344954,-31.301312220856754,2.2378226392199205e-24,-44.86158816584347,-27.92960532846283,7.832379237269722e-23,36,True,physical_path
terminal_loss,terminal_correction,1.0,Model-guided constrained SAC,Passive,88,-10.538681146586043,0.7140093700739378,-11.957852083677198,-9.119510209494889,2.056286773822214e-25,-12.897145600828694,-8.180216692343393,7.402632385759971e-24,36,True,physical_path
terminal_loss,terminal_correction,0.0,Passive,Reactive,88,-375.18469179973926,28.608297169317915,-432.0467801756367,-318.3226034238418,2.5619881504085933e-22,-469.6815636870929,-280.68781991238563,9.223157341470937e-21,36,True,physical_path
terminal_loss,terminal_correction,0.0,Projected stochastic MPC,Reactive,88,-375.18469179973926,28.608297169317915,-432.0467801756367,-318.3226034238418,2.5619881504085933e-22,-469.6815636870929,-280.68781991238563,9.223157341470937e-21,36,True,physical_path
terminal_loss,terminal_correction,0.0,Behaviour cloning,Reactive,88,-375.18469179973926,28.608297169317915,-432.0467801756367,-318.3226034238418,2.5619881504085933e-22,-469.6815636870929,-280.68781991238563,9.223157341470937e-21,36,True,physical_path
terminal_loss,terminal_correction,0.0,Model-guided constrained SAC,Reactive,88,-375.18469179973926,28.608297169317915,-432.0467801756367,-318.3226034238418,2.5619881504085933e-22,-469.6815636870929,-280.68781991238563,9.223157341470937e-21,36,True,physical_path
terminal_loss,terminal_correction,0.125,Passive,Reactive,88,0.0,0.0,0.0,0.0,1.0,0.0,0.0,1.0,36,True,physical_path
terminal_loss,terminal_correction,0.125,Projected stochastic MPC,Reactive,88,0.0,0.0,0.0,0.0,1.0,0.0,0.0,1.0,36,True,physical_path
terminal_loss,terminal_correction,0.125,Behaviour cloning,Reactive,88,0.0,0.0,0.0,0.0,1.0,0.0,0.0,1.0,36,True,physical_path
terminal_loss,terminal_correction,0.125,Model-guided constrained SAC,Reactive,88,0.0,0.0,0.0,0.0,1.0,0.0,0.0,1.0,36,True,physical_path
terminal_loss,terminal_correction,0.25,Passive,Reactive,88,0.0,0.0,0.0,0.0,1.0,0.0,0.0,1.0,36,True,physical_path
terminal_loss,terminal_correction,0.25,Projected stochastic MPC,Reactive,88,0.0,0.0,0.0,0.0,1.0,0.0,0.0,1.0,36,True,physical_path
terminal_loss,terminal_correction,0.25,Behaviour cloning,Reactive,88,0.0,0.0,0.0,0.0,1.0,0.0,0.0,1.0,36,True,physical_path
terminal_loss,terminal_correction,0.25,Model-guided constrained SAC,Reactive,88,0.0,0.0,0.0,0.0,1.0,0.0,0.0,1.0,36,True,physical_path
terminal_loss,terminal_correction,0.375,Passive,Reactive,88,0.0,0.0,0.0,0.0,1.0,0.0,0.0,1.0,36,True,physical_path
terminal_loss,terminal_correction,0.375,Projected stochastic MPC,Reactive,88,0.0,0.0,0.0,0.0,1.0,0.0,0.0,1.0,36,True,physical_path
terminal_loss,terminal_correction,0.375,Behaviour cloning,Reactive,88,0.0,0.0,0.0,0.0,1.0,0.0,0.0,1.0,36,True,physical_path
terminal_loss,terminal_correction,0.375,Model-guided constrained SAC,Reactive,88,0.0,0.0,0.0,0.0,1.0,0.0,0.0,1.0,36,True,physical_path
terminal_loss,terminal_correction,0.5,Passive,Reactive,88,0.0,0.0,0.0,0.0,1.0,0.0,0.0,1.0,36,True,physical_path
terminal_loss,terminal_correction,0.5,Projected stochastic MPC,Reactive,88,0.0,0.0,0.0,0.0,1.0,0.0,0.0,1.0,36,True,physical_path
terminal_loss,terminal_correction,0.5,Behaviour cloning,Reactive,88,0.0,0.0,0.0,0.0,1.0,0.0,0.0,1.0,36,True,physical_path
terminal_loss,terminal_correction,0.5,Model-guided constrained SAC,Reactive,88,0.0,0.0,0.0,0.0,1.0,0.0,0.0,1.0,36,True,physical_path
terminal_loss,terminal_correction,0.625,Passive,Reactive,88,0.0,0.0,0.0,0.0,1.0,0.0,0.0,1.0,36,True,physical_path
terminal_loss,terminal_correction,0.625,Projected stochastic MPC,Reactive,88,0.0,0.0,0.0,0.0,1.0,0.0,0.0,1.0,36,True,physical_path
terminal_loss,terminal_correction,0.625,Behaviour cloning,Reactive,88,0.0,0.0,0.0,0.0,1.0,0.0,0.0,1.0,36,True,physical_path
terminal_loss,terminal_correction,0.625,Model-guided constrained SAC,Reactive,88,0.0,0.0,0.0,0.0,1.0,0.0,0.0,1.0,36,True,physical_path
terminal_loss,terminal_correction,0.75,Passive,Reactive,88,0.0,0.0,0.0,0.0,1.0,0.0,0.0,1.0,36,True,physical_path
terminal_loss,terminal_correction,0.75,Projected stochastic MPC,Reactive,88,0.0,0.0,0.0,0.0,1.0,0.0,0.0,1.0,36,True,physical_path
terminal_loss,terminal_correction,0.75,Behaviour cloning,Reactive,88,0.0,0.0,0.0,0.0,1.0,0.0,0.0,1.0,36,True,physical_path
terminal_loss,terminal_correction,0.75,Model-guided constrained SAC,Reactive,88,0.0,0.0,0.0,0.0,1.0,0.0,0.0,1.0,36,True,physical_path
terminal_loss,terminal_correction,0.875,Passive,Reactive,88,0.014546939697861512,0.014546939697861517,-0.014366678117384847,0.04346055751310787,0.3200837731316947,-0.03350346640796449,0.06259734580368752,1.0,36,True,physical_path
terminal_loss,terminal_correction,0.875,Projected stochastic MPC,Reactive,88,0.33996202498238587,0.3399620249823859,-0.33574931129839486,1.0156733612631665,0.32008377313169445,-0.7829761118522636,1.4629001618170352,1.0,36,True,physical_path
terminal_loss,terminal_correction,0.875,Behaviour cloning,Reactive,88,0.0,0.0,0.0,0.0,1.0,0.0,0.0,1.0,36,True,physical_path
terminal_loss,terminal_correction,0.875,Model-guided constrained SAC,Reactive,88,0.0,0.0,0.0,0.0,1.0,0.0,0.0,1.0,36,True,physical_path
terminal_loss,terminal_correction,1.0,Passive,Reactive,88,86.95083577364112,7.60345974839048,71.83813620901105,102.06353533827118,5.060760577344184e-19,61.83563379248679,112.06603775479545,1.6194433847501387e-17,36,True,physical_path
terminal_loss,terminal_correction,1.0,Projected stochastic MPC,Reactive,88,-7.457431670333483,1.7173968900706083,-10.870943951813137,-4.043919388853828,3.7969387752829027e-05,-13.130213693682798,-1.7846496469841666,0.0011011122448320418,36,True,physical_path
terminal_loss,terminal_correction,1.0,Behaviour cloning,Reactive,88,50.55523902648797,5.5070447443118375,39.6093912856122,61.50108676736374,1.9209047804178106e-14,32.36476447285807,68.74571358011787,5.762714341253432e-13,36,True,physical_path
terminal_loss,terminal_correction,1.0,Model-guided constrained SAC,Reactive,88,76.41215462705507,7.03396290495065,62.43139170478484,90.3929175493253,7.145888200905052e-18,53.17807370446212,99.64623554964803,2.215225342280566e-16,36,True,physical_path
sue_exit_mass,direct_sue_exit,0.0,Reactive,Passive,88,0.00018237195962819317,4.9454947318060314e-06,0.0001725422533427004,0.00019220166591368595,6.831582833197088e-55,0.00016603635673211213,0.0001987075625242742,7.514741116516796e-54,36,True,physical_path
sue_exit_mass,direct_sue_exit,0.0,Projected stochastic MPC,Passive,88,0.00094582746200606,1.8916001438530183e-05,0.0009082298608922867,0.0009834250631198334,7.072550935463489e-66,0.0008833454850474713,0.001008309438964649,2.051039771284412e-64,36,True,physical_path
sue_exit_mass,direct_sue_exit,0.0,Behaviour cloning,Passive,88,0.0004429089546759837,1.1972910036419299e-05,0.0004191114995328758,0.00046670640981909164,5.280679950288705e-55,0.0004033608984203412,0.00048245701093162626,6.336815940346446e-54,36,True,physical_path
sue_exit_mass,direct_sue_exit,0.0,Model-guided constrained SAC,Passive,88,0.00046097591841315686,1.2595997649882588e-05,0.00043594000916937376,0.00048601182765693995,1.272466198499341e-54,0.0004193697239175639,0.0005025821129087497,1.0179729587994728e-53,36,True,physical_path
sue_exit_mass,direct_sue_exit,0.125,Reactive,Passive,88,0.00034266857706367724,7.1134007040428145e-06,0.0003285299229140602,0.0003568072312132943,1.618727721645737e-64,0.00031917210291021854,0.00036616505121713595,4.0468193041143423e-63,36,True,physical_path
sue_exit_mass,direct_sue_exit,0.125,Projected stochastic MPC,Passive,88,0.0008567263670719409,1.6901586780463946e-05,0.0008231326332150944,0.0008903201009287875,2.2408940266995286e-66,0.0008008982598891264,0.0009125544742547555,7.170860885438491e-65,36,True,physical_path
sue_exit_mass,direct_sue_exit,0.125,Behaviour cloning,Passive,88,0.0004551082333693928,1.272803649662918e-05,0.00042980988262032466,0.0004804065841184609,8.483153182363273e-54,0.0004130658976413693,0.0004971505690974163,4.241576591181636e-53,36,True,physical_path
sue_exit_mass,direct_sue_exit,0.125,Model-guided constrained SAC,Passive,88,0.0004766467110537617,1.3224349076618786e-05,0.00045036188531044944,0.000502931536797074,4.4220563902804756e-54,0.0004329649912683865,0.000520328430839137,2.6532338341682852e-53,36,True,physical_path
sue_exit_mass,direct_sue_exit,0.25,Reactive,Passive,88,0.00033083998951554175,6.582737421053379e-06,0.00031775608610192977,0.00034392389292915373,4.5928138012430653e-66,0.00030909636419370647,0.00035258361483737704,1.3778441403729197e-64,36,True,physical_path
sue_exit_mass,direct_sue_exit,0.25,Projected stochastic MPC,Passive,88,0.0007430453529567258,1.5109997433415918e-05,0.0007130125969232788,0.0007730781089901729,2.8672788058277928e-65,0.0006931350949908971,0.0007929556109225545,7.74165277573504e-64,36,True,physical_path
sue_exit_mass,direct_sue_exit,0.25,Behaviour cloning,Passive,88,0.0004654705670814645,1.2834422225825796e-05,0.00043996076317600236,0.0004909803709869267,2.665262905386051e-54,0.00042307682565588984,0.0005078643085070393,1.8656840337702356e-53,36,True,physical_path
sue_exit_mass,direct_sue_exit,0.25,Model-guided constrained SAC,Passive,88,0.0004865922339333877,1.323490461351188e-05,0.0004602864279175301,0.0005128980399492453,8.733779215892718e-55,0.00044287564785689467,0.0005303088200098807,7.860401294303445e-54,36,True,physical_path
sue_exit_mass,direct_sue_exit,0.375,Reactive,Passive,88,0.0003047519819315107,6.000856539781504e-06,0.00029282462977641305,0.0003166793340866083,1.9120611843034424e-66,0.00028493038373229005,0.0003245735801307313,6.30980190820136e-65,36,True,physical_path
sue_exit_mass,direct_sue_exit,0.375,Projected stochastic MPC,Passive,88,0.0006427728153330515,1.3973428972617739e-05,0.0006149991121848798,0.0006705465184812232,7.7217570239887e-63,0.00059661678865179,0.000688928842014313,1.776004115517401e-61,36,True,physical_path
sue_exit_mass,direct_sue_exit,0.375,Behaviour cloning,Passive,88,0.0004556166507500891,1.236260768046558e-05,0.0004310446293423591,0.00048018867215781914,7.17297413498674e-55,0.00041478137323390475,0.0004964519282662735,7.514741116516796e-54,36,True,physical_path
sue_exit_mass,direct_sue_exit,0.375,Model-guided constrained SAC,Passive,88,0.000475265086848386,1.2666401764657994e-05,0.00045008924180301737,0.0005004409318937547,1.6495958741799194e-55,0.00043342633853895023,0.0005171038351578218,2.144474636433895e-54,36,True,physical_path
sue_exit_mass,direct_sue_exit,0.5,Reactive,Passive,88,0.0002712517578086115,5.370015048991808e-06,0.00026057827142497746,0.00028192524419224556,3.007197723933247e-66,0.0002535139098998596,0.00028898960571736344,9.322312944193065e-65,36,True,physical_path
sue_exit_mass,direct_sue_exit,0.5,Projected stochastic MPC,Passive,88,0.0005290862797691502,1.2880747585910884e-05,0.0005034843991943354,0.0005546881603439651,9.525702667777169e-59,0.00048653951974232196,0.0005716330397959786,1.7146264801998905e-57,36,True,physical_path
sue_exit_mass,direct_sue_exit,0.5,Behaviour cloning,Passive,88,0.00041164495927619533,1.0958259823290057e-05,0.00038986423129961923,0.00043342568725277143,1.5014004514226322e-55,0.0003754484227084628,0.00044784149584392786,2.101960631991685e-54,36,True,physical_path
sue_exit_mass,direct_sue_exit,0.5,Model-guided constrained SAC,Passive,88,0.00042938947345476543,1.1347912220699035e-05,0.00040683426914615823,0.00045194467776337263,8.274269710335311e-56,0.00039190586508193275,0.0004668730818275981,1.2411404565502966e-54,36,True,physical_path
sue_exit_mass,direct_sue_exit,0.625,Reactive,Passive,88,0.00022836699364395867,4.847042468177576e-06,0.000218732971892995,0.00023800101539492234,1.0405887587213672e-63,0.0002123565911919326,0.0002443773960959848,2.4974130209312814e-62,36,True,physical_path
sue_exit_mass,direct_sue_exit,0.625,Projected stochastic MPC,Passive,88,0.0003942682318350188,9.252015574817934e-06,0.00037587884905711965,0.000412657614612918,4.514063886794009e-60,0.0003637076386861531,0.0004248288249838845,9.028127773588018e-59,36,True,physical_path
sue_exit_mass,direct_sue_exit,0.625,Behaviour cloning,Passive,88,0.0003323892511283178,8.642971497925513e-06,0.00031521040940150273,0.00034956809285513284,2.181322646006092e-56,0.00030384040861833946,0.0003609380936382961,3.490116233609747e-55,36,True,physical_path
sue_exit_mass,direct_sue_exit,0.625,Model-guided constrained SAC,Passive,88,0.0003458605729504015,8.785775792851798e-06,0.0003283978922243445,0.0003633232536764585,3.192928254264406e-57,0.0003168400295529937,0.0003748811163478093,5.427978032249491e-56,36,True,physical_path
sue_exit_mass,direct_sue_exit,0.75,Reactive,Passive,88,0.00017079024117338073,3.7558223488712177e-06,0.00016332513756858697,0.00017825534477817448,2.019520680489777e-62,0.00015838427862229315,0.0001831962037244683,4.44294549707751e-61,36,True,physical_path
sue_exit_mass,direct_sue_exit,0.75,Projected stochastic MPC,Passive,88,0.00025001629808763984,5.179505106682711e-06,0.0002397214708430644,0.0002603111253322153,1.3648606460577522e-64,0.00023290772893340802,0.00026712486724187167,3.5486376797501554e-63,36,True,physical_path
sue_exit_mass,direct_sue_exit,0.75,Behaviour cloning,Passive,88,0.0002281149118797709,5.414896103923351e-06,0.00021735221953966846,0.00023887760421987335,1.17222912729655e-59,0.00021022881609478452,0.0002460010076647573,2.2272353418634448e-58,36,True,physical_path
sue_exit_mass,direct_sue_exit,0.75,Model-guided constrained SAC,Passive,88,0.00023607780792766936,5.371551831468206e-06,0.0002254012670224582,0.0002467543488328805,3.466947520051401e-61,0.00021833488382944934,0.0002538207320258894,7.280589792107942e-60,36,True,physical_path
sue_exit_mass,direct_sue_exit,0.875,Reactive,Passive,88,8.943412610695018e-05,1.813503773376637e-06,8.582959098829375e-05,9.303866122560662e-05,2.2583899341648508e-65,8.344389073132645e-05,9.542436148257392e-05,6.323491815661582e-64,36,True,physical_path
sue_exit_mass,direct_sue_exit,0.875,Projected stochastic MPC,Passive,88,0.00011135686465990084,1.8812684401704728e-06,0.00010761763992832586,0.00011509608939147583,4.515420006470934e-72,0.00010514279390537962,0.00011757093541442207,1.6255512023295364e-70,36,True,physical_path
sue_exit_mass,direct_sue_exit,0.875,Behaviour cloning,Passive,88,0.00010917198991316205,2.1101988632712834e-06,0.00010497774117672421,0.00011336623864959989,4.008345893324657e-67,0.00010220173263223421,0.00011614224719408989,1.3628376037303832e-65,36,True,physical_path
sue_exit_mass,direct_sue_exit,0.875,Model-guided constrained SAC,Passive,88,0.00011218595552590525,2.0667554797989475e-06,0.00010807805521823727,0.00011629385583357323,6.949515269739172e-69,0.00010535919730813525,0.00011901271374367525,2.4323303444087102e-67,36,True,physical_path
sue_exit_mass,direct_sue_exit,1.0,Reactive,Passive,88,0.0,0.0,0.0,0.0,1.0,0.0,0.0,1.0,36,True,physical_path
sue_exit_mass,direct_sue_exit,1.0,Projected stochastic MPC,Passive,88,0.0,0.0,0.0,0.0,1.0,0.0,0.0,1.0,36,True,physical_path
sue_exit_mass,direct_sue_exit,1.0,Behaviour cloning,Passive,88,0.0,0.0,0.0,0.0,1.0,0.0,0.0,1.0,36,True,physical_path
sue_exit_mass,direct_sue_exit,1.0,Model-guided constrained SAC,Passive,88,0.0,0.0,0.0,0.0,1.0,0.0,0.0,1.0,36,True,physical_path
sue_exit_mass,direct_sue_exit,0.0,Passive,Reactive,88,-0.00018237195962819317,4.9454947318060314e-06,-0.00019220166591368595,-0.0001725422533427004,6.831582833197088e-55,-0.0001987075625242742,-0.00016603635673211213,1.2980007383074467e-53,36,True,physical_path
sue_exit_mass,direct_sue_exit,0.0,Projected stochastic MPC,Reactive,88,0.0007634555023778671,1.539899249924794e-05,0.0007328483373582339,0.0007940626673975002,1.4452436896452378e-65,0.0007125906566730206,0.0008143203480827136,4.0466823310066655e-64,36,True,physical_path
sue_exit_mass,direct_sue_exit,0.0,Behaviour cloning,Reactive,88,0.00026053699504779054,8.554323318588128e-06,0.00024353435117637428,0.0002775396389192068,3.5070015515911445e-48,0.00023228096883499735,0.0002887930212605837,5.611202482545831e-47,36,True,physical_path
sue_exit_mass,direct_sue_exit,0.0,Model-guided constrained SAC,Reactive,88,0.00027860395878496363,9.169325319623631e-06,0.00026037893184309533,0.00029682898572683193,4.238744673344023e-48,0.0002483165021462922,0.00030889141542363505,6.358117010016035e-47,36,True,physical_path
sue_exit_mass,direct_sue_exit,0.125,Passive,Reactive,88,-0.00034266857706367724,7.1134007040428145e-06,-0.0003568072312132943,-0.0003285299229140602,1.618727721645737e-64,-0.00036616505121713595,-0.00031917210291021854,4.208692076278916e-63,36,True,physical_path
sue_exit_mass,direct_sue_exit,0.125,Projected stochastic MPC,Reactive,88,0.0005140577900082636,1.0328505625779606e-05,0.0004935287666900247,0.0005345868133265025,1.0433932651951938e-65,0.00047994141226195483,0.0005481741677545724,3.025840469066062e-64,36,True,physical_path
sue_exit_mass,direct_sue_exit,0.125,Behaviour cloning,Reactive,88,0.00011243965630571553,6.082816087736392e-06,0.00010034940067434744,0.00012452991193708361,7.077777558509394e-32,9.234733521595722e-05,0.00013253197739547385,3.538888779254697e-31,36,True,physical_path
sue_exit_mass,direct_sue_exit,0.125,Model-guided constrained SAC,Reactive,88,0.00013397813399008447,6.57839516242575e-06,0.00012090286128568157,0.00014705340669448738,7.373173501662996e-35,0.00011224885170498459,0.00015570741627518434,4.423904100997798e-34,36,True,physical_path
sue_exit_mass,direct_sue_exit,0.25,Passive,Reactive,88,-0.00033083998951554175,6.582737421053379e-06,-0.00034392389292915373,-0.00031775608610192977,4.5928138012430653e-66,-0.00035258361483737704,-0.00030909636419370647,1.3778441403729197e-64,36,True,physical_path
sue_exit_mass,direct_sue_exit,0.25,Projected stochastic MPC,Reactive,88,0.0004122053634411841,8.8169373592471e-06,0.0003946807457276925,0.00042972998115467574,1.9891570189800834e-63,0.0003830818893964177,0.00044132883748595054,4.7739768455522e-62,36,True,physical_path
sue_exit_mass,direct_sue_exit,0.25,Behaviour cloning,Reactive,88,0.00013463057756592274,6.422173089604672e-06,0.00012186581314722604,0.00014739534198461945,9.093699698019761e-36,0.00011341731680821328,0.0001558438383236322,6.365589788613832e-35,36,True,physical_path
sue_exit_mass,direct_sue_exit,0.25,Model-guided constrained SAC,Reactive,88,0.00015575224441784585,6.809450778283995e-06,0.00014221772365785544,0.00016928676517783626,1.4636709036125094e-38,0.00013325975582230442,0.00017824473301338728,1.1709367228900075e-37,36,True,physical_path
sue_exit_mass,direct_sue_exit,0.375,Passive,Reactive,88,-0.0003047519819315107,6.000856539781504e-06,-0.0003166793340866083,-0.00029282462977641305,1.9120611843034424e-66,-0.0003245735801307313,-0.00028493038373229005,6.118595789771016e-65,36,True,physical_path
sue_exit_mass,direct_sue_exit,0.375,Projected stochastic MPC,Reactive,88,0.00033802083340154094,8.124488248113106e-06,0.0003218725332759183,0.0003541691335271636,3.297458179304771e-59,0.0003111846075126528,0.00036485705929042907,7.254407994470497e-58,36,True,physical_path
sue_exit_mass,direct_sue_exit,0.375,Behaviour cloning,Reactive,88,0.0001508646688185784,6.421708242267593e-06,0.00013810082833429856,0.00016362850930285827,1.9687904506719075e-39,0.00012965294351119648,0.00017207639412596034,1.7719114056047166e-38,36,True,physical_path
sue_exit_mass,direct_sue_exit,0.375,Model-guided constrained SAC,Reactive,88,0.00017051310491687536,6.73146882417833e-06,0.00015713358173467988,0.00018389262809907084,6.419278175129016e-42,0.0001482782007096334,0.0001927480091241173,7.061205992641918e-41,36,True,physical_path
sue_exit_mass,direct_sue_exit,0.5,Passive,Reactive,88,-0.0002712517578086115,5.370015048991808e-06,-0.00028192524419224556,-0.00026057827142497746,3.007197723933247e-66,-0.00028898960571736344,-0.0002535139098998596,9.322312944193065e-65,36,True,physical_path
sue_exit_mass,direct_sue_exit,0.5,Projected stochastic MPC,Reactive,88,0.00025783452196053867,7.552637954711266e-06,0.00024282283621391063,0.0002728462077071667,3.656545984998152e-52,0.0002328871908770462,0.00028278185304403115,6.581782772996673e-51,36,True,physical_path
sue_exit_mass,direct_sue_exit,0.5,Behaviour cloning,Reactive,88,0.00014039320146758371,5.631070484652101e-06,0.0001292008391380774,0.00015158556379709002,2.1645341983822672e-41,0.00012179305399891441,0.000158993348936253,2.164534198382267e-40,36,True,physical_path
sue_exit_mass,direct_sue_exit,0.5,Model-guided constrained SAC,Reactive,88,0.0001581377156461538,6.019461454013032e-06,0.00014617338420945132,0.0001701020470828563,3.870405047250051e-43,0.00013825466303088712,0.0001780207682614205,4.644486056700062e-42,36,True,physical_path
sue_exit_mass,direct_sue_exit,0.625,Passive,Reactive,88,-0.00022836699364395867,4.847042468177576e-06,-0.00023800101539492234,-0.000218732971892995,1.0405887587213672e-63,-0.0002443773960959848,-0.0002123565911919326,2.601471896803418e-62,36,True,physical_path
sue_exit_mass,direct_sue_exit,0.625,Projected stochastic MPC,Reactive,88,0.00016590123819106023,4.4787169926629395e-06,0.00015699930320554968,0.00017480317317657078,4.73265596952597e-55,0.00015110746198793523,0.00018069501439418523,9.46531193905194e-54,36,True,physical_path
sue_exit_mass,direct_sue_exit,0.625,Behaviour cloning,Reactive,88,0.0001040222574843591,3.861519983710858e-06,9.63470683852137e-05,0.0001116974465835045,5.531968348208377e-44,9.126716209956515e-05,0.00011677735286915304,7.19155885267089e-43,36,True,physical_path
sue_exit_mass,direct_sue_exit,0.625,Model-guided constrained SAC,Reactive,88,0.00011749357930644282,4.003611207425283e-06,0.00010953596851430151,0.00012545119009858412,6.675278857064371e-47,0.00010426913839981684,0.00013071802021306879,9.345390399890118e-46,36,True,physical_path
sue_exit_mass,direct_sue_exit,0.75,Passive,Reactive,88,-0.00017079024117338073,3.7558223488712177e-06,-0.00017825534477817448,-0.00016332513756858697,2.019520680489777e-62,-0.0001831962037244683,-0.00015838427862229315,4.6448975651264875e-61,36,True,physical_path
sue_exit_mass,direct_sue_exit,0.75,Projected stochastic MPC,Reactive,88,7.922605691425909e-05,1.539413266563355e-06,7.616630635684968e-05,8.22858074716685e-05,6.23304092053427e-67,7.414117760909916e-05,8.431093621941902e-05,2.056903503776309e-65,36,True,physical_path
sue_exit_mass,direct_sue_exit,0.75,Behaviour cloning,Reactive,88,5.732467070639015e-05,1.7523634579240274e-06,5.384165858506629e-05,6.0807682827714004e-05,1.1469510659189284e-50,5.153638962823065e-05,6.311295178454964e-05,1.9498168120621784e-49,36,True,physical_path
sue_exit_mass,direct_sue_exit,0.75,Model-guided constrained SAC,Reactive,88,6.528756675428863e-05,1.695116415218998e-06,6.191833932914177e-05,6.865679417943549e-05,1.9298050805319263e-56,5.968837999476019e-05,7.088675351381707e-05,4.0525906691170455e-55,36,True,physical_path
sue_exit_mass,direct_sue_exit,0.875,Passive,Reactive,88,-8.943412610695018e-05,1.813503773376637e-06,-9.303866122560662e-05,-8.582959098829375e-05,2.2583899341648508e-65,-9.542436148257392e-05,-8.344389073132645e-05,6.097652822245097e-64,36,True,physical_path
sue_exit_mass,direct_sue_exit,0.875,Projected stochastic MPC,Reactive,88,2.192273855295067e-05,2.0426507843241712e-07,2.1516739591418956e-05,2.2328737514482384e-05,3.0796744594659176e-94,2.124802482100615e-05,2.2597452284895192e-05,1.1086828054077304e-92,36,True,physical_path
sue_exit_mass,direct_sue_exit,0.875,Behaviour cloning,Reactive,88,1.973786380621187e-05,3.752257214334541e-07,1.8992062054825502e-05,2.0483665557598238e-05,9.864863665758145e-68,1.8498445160730064e-05,2.0977282451693676e-05,3.3540536463577695e-66,36,True,physical_path
sue_exit_mass,direct_sue_exit,0.875,Model-guided constrained SAC,Reactive,88,2.2751829418955087e-05,3.215559939749371e-07,2.2112702062335897e-05,2.3390956775574276e-05,1.1196941561434432e-78,2.1689688761389175e-05,2.3813970076520998e-05,3.918929546502051e-77,36,True,physical_path
sue_exit_mass,direct_sue_exit,1.0,Passive,Reactive,88,0.0,0.0,0.0,0.0,1.0,0.0,0.0,1.0,36,True,physical_path
sue_exit_mass,direct_sue_exit,1.0,Projected stochastic MPC,Reactive,88,0.0,0.0,0.0,0.0,1.0,0.0,0.0,1.0,36,True,physical_path
sue_exit_mass,direct_sue_exit,1.0,Behaviour cloning,Reactive,88,0.0,0.0,0.0,0.0,1.0,0.0,0.0,1.0,36,True,physical_path
sue_exit_mass,direct_sue_exit,1.0,Model-guided constrained SAC,Reactive,88,0.0,0.0,0.0,0.0,1.0,0.0,0.0,1.0,36,True,physical_path
attrition_exit_mass,duration_attrition,0.0,Reactive,Passive,88,-495.32923850052424,1.797215389580771,-498.9013986926543,-491.75707830839417,9.398839428064083e-130,-501.26567125700916,-489.3928057440393,3.38358219410307e-128,36,True,physical_path
attrition_exit_mass,duration_attrition,0.0,Projected stochastic MPC,Passive,88,-416.68361756106367,1.727071837116234,-420.11635984741514,-413.2508752747122,9.884806493957944e-125,-422.38835717441134,-410.978877947716,3.4596822728852805e-123,36,True,physical_path
attrition_exit_mass,duration_attrition,0.0,Behaviour cloning,Passive,88,-318.9374555149786,1.7830514853778274,-322.4814634138152,-315.39344761614194,1.897462814492058e-113,-324.8271030806859,-313.04780794927126,3.60517934753491e-112,36,True,physical_path
attrition_exit_mass,duration_attrition,0.0,Model-guided constrained SAC,Passive,88,-318.1005708414254,1.7753882708187798,-321.6293472715409,-314.5717944113099,1.6401368507440572e-113,-323.96490582735396,-312.23623585549683,3.280273701488114e-112,36,True,physical_path
attrition_exit_mass,duration_attrition,0.125,Reactive,Passive,88,-450.32356878680713,1.954019038306732,-454.2073932097283,-446.43974436388595,5.291817064863677e-123,-456.777944090429,-443.86919348318526,1.7462996314050134e-121,36,True,physical_path
attrition_exit_mass,duration_attrition,0.125,Projected stochastic MPC,Passive,88,-409.69321822725414,1.725468559574473,-413.12277382588593,-406.26366262862234,3.9647544411324886e-124,-415.392662009411,-403.99377444509724,1.348016509985046e-122,36,True,physical_path
attrition_exit_mass,duration_attrition,0.125,Behaviour cloning,Passive,88,-328.23791032628355,1.870552913592416,-331.9558367884904,-324.5199838640767,1.0006598905692626e-112,-334.41658632325385,-322.05923432931326,1.8011878030246728e-111,36,True,physical_path
attrition_exit_mass,duration_attrition,0.125,Model-guided constrained SAC,Passive,88,-327.51672865718706,1.868979907285483,-331.23152859903126,-323.80192871534285,1.125805669524612e-112,-333.69020881273474,-321.3432485016394,1.9138696381918404e-111,36,True,physical_path
attrition_exit_mass,duration_attrition,0.25,Reactive,Passive,88,-426.97091706745636,1.9420721709094602,-430.8309957977997,-423.110838337113,3.1685725423475313e-121,-433.38583033699723,-420.5560037979155,9.822574881277347e-120,36,True,physical_path
attrition_exit_mass,duration_attrition,0.25,Projected stochastic MPC,Passive,88,-399.57426834685486,1.7480643131882956,-403.04873545249825,-396.0998012412115,1.0775895968435611e-122,-405.3483487989892,-393.8001878947205,3.4482867098993956e-121,36,True,physical_path
attrition_exit_mass,duration_attrition,0.25,Behaviour cloning,Passive,88,-344.79597649231624,1.971455998740439,-348.7144587622012,-340.87749422243127,1.3351564341267276e-112,-351.3079483109092,-338.2840046737233,2.136250294602764e-111,36,True,physical_path
attrition_exit_mass,duration_attrition,0.25,Model-guided constrained SAC,Passive,88,-344.01768681015386,1.9741758798562246,-347.94157513826946,-340.09379848203827,1.8307123264869046e-112,-350.53864274464246,-337.49673087566526,2.746068489730357e-111,36,True,physical_path
attrition_exit_mass,duration_attrition,0.375,Reactive,Passive,88,-404.42616092391887,2.032400804019445,-408.4657775934962,-400.3865442543415,1.8231544054761163e-117,-411.13944124481674,-397.712880603021,4.5578860136902907e-116,36,True,physical_path
attrition_exit_mass,duration_attrition,0.375,Projected stochastic MPC,Passive,88,-385.0683699133568,1.8931377123617852,-388.8311861086356,-381.30555371807793,2.7154407112167476e-118,-391.3216463950494,-378.81509343166414,7.060145849163544e-117,36,True,physical_path
attrition_exit_mass,duration_attrition,0.375,Behaviour cloning,Passive,88,-355.9245542894402,2.0807735879907843,-360.0603171050425,-351.78879147383793,9.161760474392378e-112,-362.7976161150785,-349.05149246380194,1.2826464664149329e-110,36,True,physical_path
attrition_exit_mass,duration_attrition,0.375,Model-guided constrained SAC,Passive,88,-355.07691347633977,2.087223874575479,-359.22549693497643,-350.9283300177031,1.4736842806612643e-111,-361.97128142521296,-348.1825455274666,1.768421136793517e-110,36,True,physical_path
attrition_exit_mass,duration_attrition,0.5,Reactive,Passive,88,-379.23137734121724,2.2658593073764113,-383.73501806547426,-374.7277366169602,6.0630254072225356e-111,-386.7158010179104,-371.7469536645241,6.669327947944789e-110,36,True,physical_path
attrition_exit_mass,duration_attrition,0.5,Projected stochastic MPC,Passive,88,-365.05279149721633,2.1366537335972016,-369.29962215300236,-360.8059608414303,1.0147454833992552e-111,-372.1104326051923,-357.9951503892404,1.3191691284190318e-110,36,True,physical_path
attrition_exit_mass,duration_attrition,0.5,Behaviour cloning,Passive,88,-353.926375201496,2.2588962834607482,-358.41617616175336,-349.43657424123865,1.851358007472897e-108,-361.38779911783945,-346.46495128515255,1.4810864059783176e-107,36,True,physical_path
attrition_exit_mass,duration_attrition,0.5,Model-guided constrained SAC,Passive,88,-352.97900834966725,2.252911558142338,-357.4569140203187,-348.5011026790158,1.855761863781071e-108,-360.420663951303,-345.5373527480315,1.4810864059783176e-107,36,True,physical_path
attrition_exit_mass,duration_attrition,0.625,Reactive,Passive,88,-344.80077729993,2.1919680617275628,-349.1575511723985,-340.44400342746155,1.3140087976702256e-108,-352.04112872260714,-337.5604258772529,1.1826079179032031e-107,36,True,physical_path
attrition_exit_mass,duration_attrition,0.625,Projected stochastic MPC,Passive,88,-336.21544356817014,2.0958760098082583,-340.3812240824489,-332.0496630538914,2.399081857307093e-109,-343.1383906285439,-329.2924965077964,2.3990818573070933e-108,36,True,physical_path
attrition_exit_mass,duration_attrition,0.625,Behaviour cloning,Passive,88,-333.7223234386572,2.1460541662777666,-337.98783847228964,-329.4568084050248,3.5576070109784306e-108,-340.8110153805029,-326.6336314968115,2.1345642065870583e-107,36,True,physical_path
attrition_exit_mass,duration_attrition,0.625,Model-guided constrained SAC,Passive,88,-332.85035961887456,2.1488323047838827,-337.12139650360916,-328.57932273413996,4.993035352086391e-108,-339.9482281082423,-325.75249112950684,2.4965176760431952e-107,36,True,physical_path
attrition_exit_mass,duration_attrition,0.75,Reactive,Passive,88,-269.5755490662678,1.4155868891337886,-272.389181290419,-266.7619168421166,8.270584202913177e-116,-274.251413977632,-264.8996841549036,1.7368226826117673e-114,36,True,physical_path
attrition_exit_mass,duration_attrition,0.75,Projected stochastic MPC,Passive,88,-267.99616318149305,1.3879744707469894,-270.75491273418396,-265.23741362880213,2.4916254317488602e-116,-272.5808207362168,-263.41150562676927,5.730738493022378e-115,36,True,physical_path
attrition_exit_mass,duration_attrition,0.75,Behaviour cloning,Passive,88,-267.54757835543637,1.3849354752382705,-270.30028757548644,-264.7948691353863,2.3823527537833657e-116,-272.122197718528,-262.97295899234473,5.717646609080077e-115,36,True,physical_path
attrition_exit_mass,duration_attrition,0.75,Model-guided constrained SAC,Passive,88,-267.0449243611522,1.3956416581156266,-269.8189132789535,-264.2709354433509,5.472422054712217e-116,-271.6549076183539,-262.4349411039505,1.2039328520366878e-114,36,True,physical_path
attrition_exit_mass,duration_attrition,0.875,Reactive,Passive,88,-138.81901982764595,0.6584792278577654,-140.12781859419042,-137.51022106110148,1.2122450018440991e-119,-140.99406110560406,-136.64397854968783,3.5739751058970845e-118,36,True,physical_path
attrition_exit_mass,duration_attrition,0.875,Projected stochastic MPC,Passive,88,-143.0642410762007,0.6801967891786783,-144.41620584748253,-141.71227630491884,1.483620911840933e-119,-145.3110182424468,-140.81746390995457,4.154138553154612e-118,36,True,physical_path
attrition_exit_mass,duration_attrition,0.875,Behaviour cloning,Passive,88,-142.79258749174295,0.6771918190996129,-144.1385795596097,-141.4465954238762,1.1913250352990282e-119,-145.0294388567117,-140.5557361267742,3.5739751058970845e-118,36,True,physical_path
attrition_exit_mass,duration_attrition,0.875,Model-guided constrained SAC,Passive,88,-142.67009519754984,0.6818854337167924,-144.0254163327003,-141.31477406239938,2.338083827624511e-119,-144.922450173116,-140.41774022198368,6.31282633458618e-118,36,True,physical_path
attrition_exit_mass,duration_attrition,1.0,Reactive,Passive,88,0.0,0.0,0.0,0.0,1.0,0.0,0.0,1.0,36,True,physical_path
attrition_exit_mass,duration_attrition,1.0,Projected stochastic MPC,Passive,88,0.0,0.0,0.0,0.0,1.0,0.0,0.0,1.0,36,True,physical_path
attrition_exit_mass,duration_attrition,1.0,Behaviour cloning,Passive,88,0.0,0.0,0.0,0.0,1.0,0.0,0.0,1.0,36,True,physical_path
attrition_exit_mass,duration_attrition,1.0,Model-guided constrained SAC,Passive,88,0.0,0.0,0.0,0.0,1.0,0.0,0.0,1.0,36,True,physical_path
attrition_exit_mass,duration_attrition,0.0,Passive,Reactive,88,495.32923850052424,1.797215389580771,491.75707830839417,498.9013986926543,9.398839428064083e-130,489.3928057440393,501.26567125700916,3.38358219410307e-128,36,True,physical_path
attrition_exit_mass,duration_attrition,0.0,Projected stochastic MPC,Reactive,88,78.64562093946057,1.4401565302423527,75.78315389316629,81.50808798575486,4.176621775102386e-69,73.88859935475742,83.40264252416372,4.176621775102386e-68,36,True,physical_path
attrition_exit_mass,duration_attrition,0.0,Behaviour cloning,Reactive,88,176.39178298554563,1.4853582029270431,173.43947272028157,179.3440932508097,4.907213371929149e-98,171.48545448308016,181.2981114880111,9.323705406665383e-97,36,True,physical_path
attrition_exit_mass,duration_attrition,0.0,Model-guided constrained SAC,Reactive,88,177.22866765909882,1.485819794094314,174.275439931408,180.18189538678965,3.3476821839668164e-98,172.320814461852,182.13652085634564,6.695364367933633e-97,36,True,physical_path
attrition_exit_mass,duration_attrition,0.125,Passive,Reactive,88,450.32356878680713,1.954019038306732,446.43974436388595,454.2073932097283,5.291817064863677e-123,443.86919348318526,456.777944090429,1.852135972702287e-121,36,True,physical_path
attrition_exit_mass,duration_attrition,0.125,Projected stochastic MPC,Reactive,88,40.63035055955306,0.8257322884185301,38.98911822471689,42.271582894389226,2.726434383519602e-65,37.90285098800839,43.35785013109773,2.1811475068156816e-64,36,True,physical_path
attrition_exit_mass,duration_attrition,0.125,Behaviour cloning,Reactive,88,122.08565846052353,0.7430343650892705,120.60879720296683,123.56251971808024,3.005174117188855e-110,119.63132072800563,124.53999619304143,6.611383057815481e-109,36,True,physical_path
attrition_exit_mass,duration_attrition,0.125,Model-guided constrained SAC,Reactive,88,122.80684012962,0.7436041354766352,121.32884639172276,124.28483386751724,1.9271050753596388e-110,120.3506203724929,125.2630598867471,4.43234167332717e-109,36,True,physical_path
attrition_exit_mass,duration_attrition,0.25,Passive,Reactive,88,426.97091706745636,1.9420721709094602,423.110838337113,430.8309957977997,3.1685725423475313e-121,420.5560037979155,433.38583033699723,1.0773146643981607e-119,36,True,physical_path
attrition_exit_mass,duration_attrition,0.25,Projected stochastic MPC,Reactive,88,27.396648720601537,0.5553879514635358,26.292755028777826,28.500542412425247,2.2081882084903476e-65,25.562131140383013,29.23116630082006,1.987369387641313e-64,36,True,physical_path
attrition_exit_mass,duration_attrition,0.25,Behaviour cloning,Reactive,88,82.17494057514017,0.4129888504148041,81.35408051585175,82.99580063442859,1.8336843789623155e-117,80.81078547504535,83.53909567523499,5.287147775880737e-116,36,True,physical_path
attrition_exit_mass,duration_attrition,0.25,Model-guided constrained SAC,Reactive,88,82.95323025730251,0.40911696457980684,82.1400659903651,83.76639452423991,3.570812937841582e-118,81.60186449232773,84.30459602227728,1.0712438813524746e-116,36,True,physical_path
attrition_exit_mass,duration_attrition,0.375,Passive,Reactive,88,404.42616092391887,2.032400804019445,400.3865442543415,408.4657775934962,1.8231544054761163e-117,397.712880603021,411.13944124481674,5.287147775880737e-116,36,True,physical_path
attrition_exit_mass,duration_attrition,0.375,Projected stochastic MPC,Reactive,88,19.357791010562085,0.3084198427764875,18.74477317685314,19.97080884427103,3.0967216764138485e-74,18.339040743886834,20.376541277237337,3.4063938440552336e-73,36,True,physical_path
attrition_exit_mass,duration_attrition,0.375,Behaviour cloning,Reactive,88,48.501606634478655,0.22311598202075975,48.058139460859316,48.945073808097995,8.45371712893213e-121,47.76462595211742,49.23858731683989,2.789726652547603e-119,36,True,physical_path
attrition_exit_mass,duration_attrition,0.375,Model-guided constrained SAC,Reactive,88,49.34924744757904,0.22989455582260923,48.89230712453378,49.8061877706243,2.5256572489311763e-120,48.58987626723251,50.108618627925566,8.082103196579764e-119,36,True,physical_path
attrition_exit_mass,duration_attrition,0.5,Passive,Reactive,88,379.23137734121724,2.2658593073764113,374.7277366169602,383.73501806547426,6.0630254072225356e-111,371.7469536645241,386.7158010179104,1.4551260977334085e-109,36,True,physical_path
attrition_exit_mass,duration_attrition,0.5,Projected stochastic MPC,Reactive,88,14.178585844000937,0.1854044417289099,13.810074440177157,14.547097247824716,1.440695986703173e-81,13.566171212199878,14.791000475801996,2.0169743813844424e-80,36,True,physical_path
attrition_exit_mass,duration_attrition,0.5,Behaviour cloning,Reactive,88,25.30500213972131,0.13046818062859772,25.04568250342005,25.56432177602257,1.6858380262329378e-116,24.87404901876942,25.7359552606732,4.551762670828932e-115,36,True,physical_path
attrition_exit_mass,duration_attrition,0.5,Model-guided constrained SAC,Reactive,88,26.25236899155009,0.13561994533444607,25.98280966505469,26.52192831804549,2.0007382917350782e-116,25.804398931543034,26.700339051557144,5.201919558511203e-115,36,True,physical_path
attrition_exit_mass,duration_attrition,0.625,Passive,Reactive,88,344.80077729993,2.1919680617275628,340.44400342746155,349.1575511723985,1.3140087976702256e-108,337.5604258772529,352.04112872260714,2.759418475107474e-107,36,True,physical_path
attrition_exit_mass,duration_attrition,0.625,Projected stochastic MPC,Reactive,88,8.585333731759867,0.13105189669990008,8.32485389656119,8.845813566958544,8.050670422703784e-76,8.1524525218175,9.018214941702235,9.660804507244541e-75,36,True,physical_path
attrition_exit_mass,duration_attrition,0.625,Behaviour cloning,Reactive,88,11.078453861272852,0.10247572996556868,10.874772251731402,11.282135470814302,1.6437200678399956e-94,10.739963392273355,11.416944330272349,2.7943241153279924e-93,36,True,physical_path
attrition_exit_mass,duration_attrition,0.625,Model-guided constrained SAC,Reactive,88,11.950417681055443,0.10605824780132173,11.73961542939471,12.161219932716175,4.597222703205122e-96,11.600093696521775,12.300741665589111,8.27500086576922e-95,36,True,physical_path
attrition_exit_mass,duration_attrition,0.75,Passive,Reactive,88,269.5755490662678,1.4155868891337886,266.7619168421166,272.389181290419,8.270584202913177e-116,264.8996841549036,274.251413977632,2.067646050728294e-114,36,True,physical_path
attrition_exit_mass,duration_attrition,0.75,Projected stochastic MPC,Reactive,88,1.579385884774725,0.06400193815144536,1.4521751024671607,1.7065966670822894,4.7407872531609e-41,1.367979280800901,1.7907924887485491,2.37039362658045e-40,36,True,physical_path
attrition_exit_mass,duration_attrition,0.75,Behaviour cloning,Reactive,88,2.027970710831409,0.06282196616250013,1.9031052506211155,2.1528361710417028,3.338339673088952e-50,1.8204617055580632,2.235479716104755,2.003003803853371e-49,36,True,physical_path
attrition_exit_mass,duration_attrition,0.75,Model-guided constrained SAC,Reactive,88,2.5306247051155655,0.060082468173269586,2.411204293796063,2.650045116435068,1.1910967472464088e-59,2.332164612784917,2.729084797446214,8.33767723072486e-59,36,True,physical_path
attrition_exit_mass,duration_attrition,0.875,Passive,Reactive,88,138.81901982764595,0.6584792278577654,137.51022106110148,140.12781859419042,1.2122450018440991e-119,136.64397854968783,140.99406110560406,3.7579595057167073e-118,36,True,physical_path
attrition_exit_mass,duration_attrition,0.875,Projected stochastic MPC,Reactive,88,-4.245221248554746,0.05098762033647623,-4.3465646649940455,-4.143877832115446,9.753307126057427e-85,-4.413639892917279,-4.0768026041922125,1.5605291401691883e-83,36,True,physical_path
attrition_exit_mass,duration_attrition,0.875,Behaviour cloning,Reactive,88,-3.9735676640969757,0.04985493849599029,-4.07265975272972,-3.8744755754642317,4.1479228517950705e-83,-4.1382449151799285,-3.808890413014023,6.221884277692606e-82,36,True,physical_path
attrition_exit_mass,duration_attrition,0.875,Model-guided constrained SAC,Reactive,88,-3.8510753699039166,0.05130295414918333,-3.953045546440818,-3.7491051933670154,7.088704708236744e-81,-4.020535602261876,-3.6816151375459576,9.215316120707766e-80,36,True,physical_path
attrition_exit_mass,duration_attrition,1.0,Passive,Reactive,88,0.0,0.0,0.0,0.0,1.0,0.0,0.0,1.0,36,True,physical_path
attrition_exit_mass,duration_attrition,1.0,Projected stochastic MPC,Reactive,88,0.0,0.0,0.0,0.0,1.0,0.0,0.0,1.0,36,True,physical_path
attrition_exit_mass,duration_attrition,1.0,Behaviour cloning,Reactive,88,0.0,0.0,0.0,0.0,1.0,0.0,0.0,1.0,36,True,physical_path
attrition_exit_mass,duration_attrition,1.0,Model-guided constrained SAC,Reactive,88,0.0,0.0,0.0,0.0,1.0,0.0,0.0,1.0,36,True,physical_path
waiting_exposure,waiting_exposure,0.0,Reactive,Passive,88,-10956.602631125514,43.706650385503046,-11043.474331392257,-10869.73093085877,3.548200645638257e-126,-11100.971298636901,-10812.233963614126,1.2773522324297726e-124,36,True,physical_path
waiting_exposure,waiting_exposure,0.0,Projected stochastic MPC,Passive,88,-8636.207747664754,36.51362736271922,-8708.782535801753,-8563.632959527755,5.552230256465184e-124,-8756.81693829977,-8515.598557029738,1.8322359846335108e-122,36,True,physical_path
waiting_exposure,waiting_exposure,0.0,Behaviour cloning,Passive,88,-4831.092599014058,36.81766389617643,-4904.271692682861,-4757.913505345255,8.726037718867959e-102,-4952.7060612833175,-4709.479136744798,5.235622631320775e-101,36,True,physical_path
waiting_exposure,waiting_exposure,0.0,Model-guided constrained SAC,Passive,88,-4786.151515809238,36.601360449486386,-4858.900682956064,-4713.402348662412,1.1766818379718828e-101,-4907.050500073405,-4665.252531545071,5.883409189859414e-101,36,True,physical_path
waiting_exposure,waiting_exposure,0.125,Reactive,Passive,88,-9888.71711895846,44.0364581238865,-9976.244347817348,-9801.189890099573,5.038731032410081e-122,-10034.17518369671,-9743.25905422021,1.5116193097230243e-120,36,True,physical_path
waiting_exposure,waiting_exposure,0.125,Projected stochastic MPC,Passive,88,-8752.54415894105,36.362184662580994,-8824.817938313066,-8680.270379569032,1.2101919129996888e-124,-8872.653114929153,-8632.435202952945,4.2356716954989106e-123,36,True,physical_path
waiting_exposure,waiting_exposure,0.125,Behaviour cloning,Passive,88,-5535.520855954471,39.375657441056916,-5613.78423877733,-5457.257473131612,2.22845046280947e-104,-5665.58369872578,-5405.458013183162,1.782760370247576e-103,36,True,physical_path
waiting_exposure,waiting_exposure,0.125,Model-guided constrained SAC,Passive,88,-5486.7041221966365,39.226155987732724,-5564.670354692758,-5408.737889700515,3.452440067506896e-104,-5616.273142508044,-5357.135101885229,2.416708047254827e-103,36,True,physical_path
waiting_exposure,waiting_exposure,0.25,Reactive,Passive,88,-9549.459149518778,43.648759975166236,-9636.215786326511,-9462.702512711045,4.847312712076554e-121,-9693.636597585795,-9405.28170145176,1.3087744322606698e-119,36,True,physical_path
waiting_exposure,waiting_exposure,0.25,Projected stochastic MPC,Passive,88,-8809.378875623841,37.04183264663561,-8883.00352895753,-8735.754222290152,3.4459858864407083e-124,-8931.732796004533,-8687.024955243149,1.1716352013898408e-122,36,True,physical_path
waiting_exposure,waiting_exposure,0.25,Behaviour cloning,Passive,88,-6501.37544275537,42.444340275637934,-6585.7381649938125,-6417.012720516928,1.3174920754346646e-107,-6641.574538200723,-6361.176347310018,1.8444889056085304e-106,36,True,physical_path
waiting_exposure,waiting_exposure,0.25,Model-guided constrained SAC,Passive,88,-6449.896387503913,42.638775250968465,-6534.645570309553,-6365.147204698273,3.8999204428779e-107,-6590.737726590873,-6309.055048416953,5.06989657574127e-106,36,True,physical_path
waiting_exposure,waiting_exposure,0.375,Reactive,Passive,88,-9251.99604337342,46.75796727275704,-9344.932566355023,-9159.059520391816,2.9751893907635625e-117,-9406.443601609271,-9097.548485137568,6.842935598756194e-116,36,True,physical_path
waiting_exposure,waiting_exposure,0.375,Projected stochastic MPC,Passive,88,-8766.334154096887,41.02382966073826,-8847.87345767307,-8684.794850520704,3.744949156105631e-120,-8901.841120933663,-8630.82718726011,9.736867805874641e-119,36,True,physical_path
waiting_exposure,waiting_exposure,0.375,Behaviour cloning,Passive,88,-7368.851689146418,46.698853221832735,-7461.670716550845,-7276.0326617419905,1.001665746123427e-108,-7523.103986096222,-7214.599392196614,1.702831768409826e-107,36,True,physical_path
waiting_exposure,waiting_exposure,0.375,Model-guided constrained SAC,Passive,88,-7314.546525857901,47.165186907193124,-7408.292441957334,-7220.8006097584675,4.501354405668008e-108,-7470.339182734107,-7158.753868981694,7.202167049068812e-107,36,True,physical_path
waiting_exposure,waiting_exposure,0.5,Reactive,Passive,88,-8904.408469536029,54.58244262408833,-9012.896984525027,-8795.919954547031,5.584994940522548e-110,-9084.701272614118,-8724.11566645794,1.0611490386992841e-108,36,True,physical_path
waiting_exposure,waiting_exposure,0.5,Projected stochastic MPC,Passive,88,-8592.53910390453,49.407703288445184,-8690.742264134939,-8494.335943674121,2.1773548057655223e-112,-8755.739079780895,-8429.339128028165,4.3547096115310446e-111,36,True,physical_path
waiting_exposure,waiting_exposure,0.5,Behaviour cloning,Passive,88,-7886.004081459225,53.43988849386394,-7992.221646396825,-7779.786516521624,3.336445012993695e-106,-8062.52288181953,-7709.48528109892,3.3364450129936946e-105,36,True,physical_path
waiting_exposure,waiting_exposure,0.5,Model-guided constrained SAC,Passive,88,-7828.782733153992,53.18935936933333,-7934.5023443288965,-7723.063121979088,4.173597781357096e-106,-8004.474003709056,-7653.091462598928,3.7562380032213864e-105,36,True,physical_path
waiting_exposure,waiting_exposure,0.625,Reactive,Passive,88,-8331.437134660657,54.156294326152796,-8439.078633763493,-8223.79563555782,9.042825497201896e-108,-8510.322315297022,-8152.55195402429,1.3564238245802843e-106,36,True,physical_path
waiting_exposure,waiting_exposure,0.625,Projected stochastic MPC,Passive,88,-8195.465095313395,50.3743039636152,-8295.589479050761,-8095.340711576028,7.079568425467322e-110,-8361.857877095934,-8029.072313530855,1.274322316584118e-108,36,True,physical_path
waiting_exposure,waiting_exposure,0.625,Behaviour cloning,Passive,88,-7878.487915828737,52.29009291341091,-7982.4201375484945,-7774.555694108979,5.502094592561069e-107,-8051.208794033115,-7705.767037624359,6.602513511073282e-106,36,True,physical_path
waiting_exposure,waiting_exposure,0.625,Model-guided constrained SAC,Passive,88,-7825.187635799568,52.483984934408774,-7929.505238905995,-7720.870032693141,1.365667174723208e-106,-7998.54896419781,-7651.826307401326,1.5022338921955288e-105,36,True,physical_path
waiting_exposure,waiting_exposure,0.75,Reactive,Passive,88,-6621.12140236578,34.02988085344023,-6688.7594753715675,-6553.483329359993,1.2821927222193602e-116,-6733.526459972574,-6508.716344758986,2.692604716660656e-115,36,True,physical_path
waiting_exposure,waiting_exposure,0.75,Projected stochastic MPC,Passive,88,-6689.161226956349,32.69402058109739,-6754.144133021782,-6624.178320890916,1.631729942199582e-118,-6797.153766884518,-6581.168687028181,4.079324855498955e-117,36,True,physical_path
waiting_exposure,waiting_exposure,0.75,Behaviour cloning,Passive,88,-6531.647377490491,32.725718088396164,-6596.6932857839365,-6466.601469197045,1.404914531028176e-117,-6639.744618347506,-6423.550136633476,3.371794874467622e-116,36,True,physical_path
waiting_exposure,waiting_exposure,0.75,Model-guided constrained SAC,Passive,88,-6491.652412666317,33.26294828848443,-6557.7661241545775,-6425.538701178057,9.841882662156331e-117,-6601.524193723726,-6381.780631608908,2.1652141856743926e-115,36,True,physical_path
waiting_exposure,waiting_exposure,0.875,Reactive,Passive,88,-3359.9818950692857,15.289506128859557,-3390.371444072414,-3329.5923460661575,3.290913393629451e-121,-3410.4850932613576,-3309.4786968772137,9.214557502162462e-120,36,True,physical_path
waiting_exposure,waiting_exposure,0.875,Projected stochastic MPC,Passive,88,-3577.3115377271856,15.69642191883549,-3608.5098759243792,-3546.113199529992,1.393085708955579e-122,-3629.1588309224207,-3525.4642445319505,4.457874268657852e-121,36,True,physical_path
waiting_exposure,waiting_exposure,0.875,Behaviour cloning,Passive,88,-3500.1816870894545,15.553311388312643,-3531.095577610998,-3469.267796567911,4.1751030979912303e-122,-3551.556267861839,-3448.80710631707,1.2942819603772813e-120,36,True,physical_path
waiting_exposure,waiting_exposure,0.875,Model-guided constrained SAC,Passive,88,-3481.794822004154,15.818692594005432,-3513.2361864079107,-3450.353457600397,2.867282091495644e-121,-3534.0459909092483,-3429.5436530990596,8.315118065337367e-120,36,True,physical_path
waiting_exposure,waiting_exposure,1.0,Reactive,Passive,88,0.0,0.0,0.0,0.0,1.0,0.0,0.0,1.0,36,True,physical_path
waiting_exposure,waiting_exposure,1.0,Projected stochastic MPC,Passive,88,0.0,0.0,0.0,0.0,1.0,0.0,0.0,1.0,36,True,physical_path
waiting_exposure,waiting_exposure,1.0,Behaviour cloning,Passive,88,0.0,0.0,0.0,0.0,1.0,0.0,0.0,1.0,36,True,physical_path
waiting_exposure,waiting_exposure,1.0,Model-guided constrained SAC,Passive,88,0.0,0.0,0.0,0.0,1.0,0.0,0.0,1.0,36,True,physical_path
waiting_exposure,waiting_exposure,0.0,Passive,Reactive,88,10956.602631125514,43.706650385503046,10869.73093085877,11043.474331392257,3.548200645638257e-126,10812.233963614126,11100.971298636901,1.0999422001478597e-124,36,True,physical_path
waiting_exposure,waiting_exposure,0.0,Projected stochastic MPC,Reactive,88,2320.394883460761,39.868813326350136,2241.1512999161787,2399.638467005343,1.894628544246445e-71,2188.703083599233,2452.0866833222885,2.2735542530957337e-70,36,True,physical_path
waiting_exposure,waiting_exposure,0.0,Behaviour cloning,Reactive,88,6125.510032111456,41.28499056890285,6043.451642951378,6207.568421271534,2.0839523733501375e-106,5989.140417325564,6261.879646897348,3.542719034695234e-105,36,True,physical_path
waiting_exposure,waiting_exposure,0.0,Model-guided constrained SAC,Reactive,88,6170.4511153162775,41.45283414383478,6088.059118876653,6252.843111755902,1.5720505974132302e-106,6033.527091692153,6307.375138940402,2.8296910753438144e-105,36,True,physical_path
waiting_exposure,waiting_exposure,0.125,Passive,Reactive,88,9888.71711895846,44.0364581238865,9801.189890099573,9976.244347817348,5.038731032410081e-122,9743.25905422021,10034.17518369671,1.4612319993989236e-120,36,True,physical_path
waiting_exposure,waiting_exposure,0.125,Projected stochastic MPC,Reactive,88,1136.1729600174097,23.882279937885436,1088.70434262964,1183.6415774051793,4.617007013956692e-64,1057.2867287149513,1215.059191319868,4.617007013956692e-63,36,True,physical_path
waiting_exposure,waiting_exposure,0.125,Behaviour cloning,Reactive,88,4353.196263003989,21.817922232208264,4309.830780088186,4396.561745919792,1.4444073858131967e-117,4281.128869764087,4425.263656243891,3.626167713966113e-116,36,True,physical_path
waiting_exposure,waiting_exposure,0.125,Model-guided constrained SAC,Reactive,88,4402.012996761823,22.053686545127217,4358.178906745159,4445.847086778487,1.3946798899869665e-117,4329.166843781638,4474.859149742008,3.626167713966113e-116,36,True,physical_path
waiting_exposure,waiting_exposure,0.25,Passive,Reactive,88,9549.459149518778,43.648759975166236,9462.702512711045,9636.215786326511,4.847312712076554e-121,9405.28170145176,9693.636597585795,1.3087744322606698e-119,36,True,physical_path
waiting_exposure,waiting_exposure,0.25,Projected stochastic MPC,Reactive,88,740.0802738949366,16.88758987450468,706.5143604042913,773.6461873855818,4.4011905008238894e-61,684.2984002862989,795.8621475035742,3.080833350576723e-60,36,True,physical_path
waiting_exposure,waiting_exposure,0.25,Behaviour cloning,Reactive,88,3048.0837067634084,11.818102378388364,3024.5939486034563,3071.5734649233605,2.998612926992791e-127,3009.047000041838,3087.1204134849786,9.89542265907621e-126,36,True,physical_path
waiting_exposure,waiting_exposure,0.25,Model-guided constrained SAC,Reactive,88,3099.5627620148657,11.712810354985898,3076.2822831526137,3122.8432408771178,3.2151920532123366e-128,3060.873848340443,3138.2516756892883,1.0931652980921944e-126,36,True,physical_path
waiting_exposure,waiting_exposure,0.375,Passive,Reactive,88,9251.99604337342,46.75796727275704,9159.059520391816,9344.932566355023,2.9751893907635625e-117,9097.548485137568,9406.443601609271,7.140454537832551e-116,36,True,physical_path
waiting_exposure,waiting_exposure,0.375,Projected stochastic MPC,Reactive,88,485.6618892765319,10.17780130952948,465.43240710534303,505.89137144772076,3.584538054157102e-64,452.0433072005237,519.2804713525401,3.9429918595728125e-63,36,True,physical_path
waiting_exposure,waiting_exposure,0.375,Behaviour cloning,Reactive,88,1883.1443542270017,6.3812684105349105,1870.4608922871798,1895.8278161668236,2.4740256178122785e-132,1862.0662068664572,1904.2225015875463,8.906492224124203e-131,36,True,physical_path
waiting_exposure,waiting_exposure,0.375,Model-guided constrained SAC,Reactive,88,1937.4495175155193,6.675323221593745,1924.1815897979957,1950.717445233043,1.0490203900118427e-131,1915.400069429034,1959.4989656020048,3.671571365041449e-130,36,True,physical_path
waiting_exposure,waiting_exposure,0.5,Passive,Reactive,88,8904.408469536029,54.58244262408833,8795.919954547031,9012.896984525027,5.584994940522548e-110,8724.11566645794,9084.701272614118,1.172848937509735e-108,36,True,physical_path
waiting_exposure,waiting_exposure,0.5,Projected stochastic MPC,Reactive,88,311.86936563149936,6.668029241359181,298.61593548949577,325.12279577350296,1.9215733666109618e-63,289.8440104964992,333.8947207664995,1.7294160299498655e-62,36,True,physical_path
waiting_exposure,waiting_exposure,0.5,Behaviour cloning,Reactive,88,1018.4043880768036,4.003603835424408,1010.4467919373122,1026.3619842162948,9.979382188607478e-127,1005.1799715208413,1031.6288046327659,3.193402300354393e-125,36,True,physical_path
waiting_exposure,waiting_exposure,0.5,Model-guided constrained SAC,Reactive,88,1075.6257363820366,4.2976636419971195,1067.083664535719,1084.1678082283543,4.08124019134872e-126,1061.4300025993111,1089.821470164762,1.224372057404616e-124,36,True,physical_path
waiting_exposure,waiting_exposure,0.625,Passive,Reactive,88,8331.437134660657,54.156294326152796,8223.79563555782,8439.078633763493,9.042825497201896e-108,8152.55195402429,8510.322315297022,1.8085650994403792e-106,36,True,physical_path
waiting_exposure,waiting_exposure,0.625,Projected stochastic MPC,Reactive,88,135.97203934726178,4.697177736074343,126.63588997894462,145.30818871557895,1.9703318658932045e-46,120.456659311501,151.48741938302257,9.851659329466022e-46,36,True,physical_path
waiting_exposure,waiting_exposure,0.625,Behaviour cloning,Reactive,88,452.9492188319213,3.194890671732522,446.5990276740141,459.2994099898285,1.073260867747701e-104,442.3960854974214,463.50235216642125,1.7172173883963217e-103,36,True,physical_path
waiting_exposure,waiting_exposure,0.625,Model-guided constrained SAC,Reactive,88,506.24949886108914,3.3559928329225253,499.57909971341877,512.9198980087596,4.9596160475856936e-107,495.1642244419015,517.3347732802767,9.423270490412817e-106,36,True,physical_path
waiting_exposure,waiting_exposure,0.75,Passive,Reactive,88,6621.12140236578,34.02988085344023,6553.483329359993,6688.7594753715675,1.2821927222193602e-116,6508.716344758986,6733.526459972574,2.949043261104528e-115,36,True,physical_path
waiting_exposure,waiting_exposure,0.75,Projected stochastic MPC,Reactive,88,-68.0398245905703,2.248163514811691,-72.50829301097642,-63.571356170164194,5.80309739258447e-48,-75.46579679659267,-60.61385238454795,3.4818584355506825e-47,36,True,physical_path
waiting_exposure,waiting_exposure,0.75,Behaviour cloning,Reactive,88,89.47402487528926,2.0114409008271688,85.4760682828782,93.47198146770032,1.2698350356060686e-61,82.82997780078175,96.11807194979677,1.0158680284848549e-60,36,True,physical_path
waiting_exposure,waiting_exposure,0.75,Model-guided constrained SAC,Reactive,88,129.46898969946264,1.8593447237177219,125.77334072827236,133.16463867065292,4.402565462853705e-78,123.32733579004999,135.6106436088753,5.723335101709816e-77,36,True,physical_path
waiting_exposure,waiting_exposure,0.875,Passive,Reactive,88,3359.9818950692857,15.289506128859557,3329.5923460661575,3390.371444072414,3.290913393629451e-121,3309.4786968772137,3410.4850932613576,9.214557502162462e-120,36,True,physical_path
waiting_exposure,waiting_exposure,0.875,Projected stochastic MPC,Reactive,88,-217.32964265789997,1.2391313542776743,-219.79255039963894,-214.866734916161,1.0450171519148988e-112,-221.42265232372387,-213.23663299207607,2.2990377342127775e-111,36,True,physical_path
waiting_exposure,waiting_exposure,0.875,Behaviour cloning,Reactive,88,-140.1997920201685,1.2006043862262488,-142.58612324114395,-137.81346079919305,2.0989126066360257e-97,-144.16554217304002,-136.23404186729698,3.1483689099540386e-96,36,True,physical_path
waiting_exposure,waiting_exposure,0.875,Model-guided constrained SAC,Reactive,88,-121.81292693486844,1.2564802698744293,-124.31031752492413,-119.31553634481276,1.9912636557925925e-90,-125.96324229228341,-117.66261157745348,2.7877691181096296e-89,36,True,physical_path
waiting_exposure,waiting_exposure,1.0,Passive,Reactive,88,0.0,0.0,0.0,0.0,1.0,0.0,0.0,1.0,36,True,physical_path
waiting_exposure,waiting_exposure,1.0,Projected stochastic MPC,Reactive,88,0.0,0.0,0.0,0.0,1.0,0.0,0.0,1.0,36,True,physical_path
waiting_exposure,waiting_exposure,1.0,Behaviour cloning,Reactive,88,0.0,0.0,0.0,0.0,1.0,0.0,0.0,1.0,36,True,physical_path
waiting_exposure,waiting_exposure,1.0,Model-guided constrained SAC,Reactive,88,0.0,0.0,0.0,0.0,1.0,0.0,0.0,1.0,36,True,physical_path
committed_delivery,committed_delivery,0.0,Reactive,Passive,88,0.0,0.0,0.0,0.0,1.0,0.0,0.0,1.0,36,True,physical_path
committed_delivery,committed_delivery,0.0,Projected stochastic MPC,Passive,88,0.0,0.0,0.0,0.0,1.0,0.0,0.0,1.0,36,True,physical_path
committed_delivery,committed_delivery,0.0,Behaviour cloning,Passive,88,0.0,0.0,0.0,0.0,1.0,0.0,0.0,1.0,36,True,physical_path
committed_delivery,committed_delivery,0.0,Model-guided constrained SAC,Passive,88,0.0,0.0,0.0,0.0,1.0,0.0,0.0,1.0,36,True,physical_path
committed_delivery,committed_delivery,0.125,Reactive,Passive,88,-3.2297397080004555e-16,2.4947866482439206e-15,-5.2816325736475005e-15,4.63568463204741e-15,0.897292861885469,-8.563573992888214e-15,7.917626051288124e-15,1.0,36,True,physical_path
committed_delivery,committed_delivery,0.125,Projected stochastic MPC,Passive,88,1.937843824800273e-15,2.590280222308303e-15,-3.2106185966960884e-15,7.0863062462966346e-15,0.45640458597292055,-6.618183710537634e-15,1.049387136013818e-14,1.0,36,True,physical_path
committed_delivery,committed_delivery,0.125,Behaviour cloning,Passive,88,-1.937843824800273e-15,2.549221308001674e-15,-7.004697208187722e-15,3.129009558587176e-15,0.4492076035296029,-1.0358248504219703e-14,6.482560854619157e-15,1.0,36,True,physical_path
committed_delivery,committed_delivery,0.125,Model-guided constrained SAC,Passive,88,-9.689219124001365e-16,2.9574713405315046e-15,-6.847216441402885e-15,4.909372616602612e-15,0.7439873067668711,-1.0737828769130358e-14,8.799984944330083e-15,1.0,36,True,physical_path
committed_delivery,committed_delivery,0.25,Reactive,Passive,88,1.2918958832001822e-15,5.195351510960916e-15,-9.034427805752023e-15,1.1618219572152389e-14,0.8042069056717578,-1.5869015975181076e-14,1.8452807741581438e-14,1.0,36,True,physical_path
committed_delivery,committed_delivery,0.25,Projected stochastic MPC,Passive,88,8.397323240801184e-15,6.969125691768945e-15,-5.45456869959393e-15,2.2249215181196297e-14,0.23149693506598348,-1.4622592057347132e-14,3.1417238538949504e-14,1.0,36,True,physical_path
committed_delivery,committed_delivery,0.25,Behaviour cloning,Passive,88,0.0,5.5884978510279745e-15,-1.1107744610345925e-14,1.1107744610345925e-14,1.0,-1.8459524603852277e-14,1.8459524603852277e-14,1.0,36,True,physical_path
committed_delivery,committed_delivery,0.25,Model-guided constrained SAC,Passive,88,-1.937843824800273e-15,6.902744968124493e-15,-1.56577968891418e-14,1.1782109239541252e-14,0.7795799989939324,-2.4738495085634723e-14,2.0862807436034174e-14,1.0,36,True,physical_path
committed_delivery,committed_delivery,0.375,Reactive,Passive,88,9.043271182401275e-15,1.2219161452825675e-14,-1.5243635315308974e-14,3.333017768011152e-14,0.4612383320058161,-3.131818506033278e-14,4.940472742513533e-14,1.0,36,True,physical_path
committed_delivery,committed_delivery,0.375,Projected stochastic MPC,Passive,88,1.2918958832001822e-15,1.4173005895777909e-14,-2.687848801025871e-14,2.946227977665907e-14,0.9275814696126712,-4.5523358952324326e-14,4.810715071872469e-14,1.0,36,True,physical_path
committed_delivery,committed_delivery,0.375,Behaviour cloning,Passive,88,1.0335167065601458e-14,1.2945660118838565e-14,-1.5395734197239423e-14,3.606606832844234e-14,0.42684135892686803,-3.242600737644513e-14,5.309634150764804e-14,1.0,36,True,physical_path
committed_delivery,committed_delivery,0.375,Model-guided constrained SAC,Passive,88,-1.2918958832001821e-14,1.3803405406966712e-14,-4.035472173302021e-14,1.451680406901657e-14,0.35190226509844036,-5.851337588630555e-14,3.26754582223019e-14,1.0,36,True,physical_path
committed_delivery,committed_delivery,0.5,Reactive,Passive,88,2.842170943040401e-14,1.745612435807613e-14,-6.274227908156797e-15,6.311764676896482e-14,0.10710297965691869,-2.923810643881718e-14,8.60815252996252e-14,1.0,36,True,physical_path
committed_delivery,committed_delivery,0.5,Projected stochastic MPC,Passive,88,5.2967731211207466e-14,2.0621552046773245e-14,1.1980163583820922e-14,9.395529883859402e-14,0.011917491878490803,-1.514789798367714e-14,1.2108336040609206e-13,0.3813597401117057,36,True,physical_path
committed_delivery,committed_delivery,0.5,Behaviour cloning,Passive,88,9.043271182401275e-15,1.857785375419771e-14,-2.7882224793592695e-14,4.596876715839524e-14,0.6276405055515448,-5.2321760639038956e-14,7.040830300384151e-14,1.0,36,True,physical_path
committed_delivery,committed_delivery,0.5,Model-guided constrained SAC,Passive,88,0.0,1.6537380970808962e-14,-3.2869835373373396e-14,3.2869835373373396e-14,1.0,-5.462508871820955e-14,5.462508871820955e-14,1.0,36,True,physical_path
committed_delivery,committed_delivery,0.625,Reactive,Passive,88,-8.138944064161148e-14,3.3427559383963935e-14,-1.4783033450648863e-13,-1.494854677673432e-14,0.016942477170461195,-1.9180495324335848e-13,2.902607196013552e-14,0.5252167922842971,36,True,physical_path
committed_delivery,committed_delivery,0.625,Projected stochastic MPC,Passive,88,-6.201100239360874e-14,3.792125282532865e-14,-1.373835985574649e-13,1.3361593770247413e-14,0.10560834167882803,-1.8726976032787082e-13,6.324775554065335e-14,1.0,36,True,physical_path
committed_delivery,committed_delivery,0.625,Behaviour cloning,Passive,88,-6.717858592640948e-14,3.2176296105763174e-14,-1.311324585370865e-13,-3.2247133157324405e-15,0.03973727220954953,-1.7346101556283062e-13,3.9103843710011684e-14,1.0,36,True,physical_path
committed_delivery,committed_delivery,0.625,Model-guided constrained SAC,Passive,88,-7.23461694592102e-14,3.2569774089441923e-14,-1.370821221688701e-13,-7.610216749550304e-15,0.0289293008602444,-1.7992830730245405e-13,3.523596838403365e-14,0.867879025807332,36,True,physical_path
committed_delivery,committed_delivery,0.75,Reactive,Passive,88,5.167583532800729e-15,6.04951630074486e-14,-1.150731034568849e-13,1.2540827052248635e-13,0.9321226287706138,-1.946556927246355e-13,2.0499085979023695e-13,1.0,36,True,physical_path
committed_delivery,committed_delivery,0.75,Projected stochastic MPC,Passive,88,-4.909204356160692e-14,7.082779711540583e-14,-1.89869959674898e-13,9.168587255168415e-14,0.49008152905253255,-2.830453344710761e-13,1.8486124734786228e-13,1.0,36,True,physical_path
committed_delivery,committed_delivery,0.75,Behaviour cloning,Passive,88,-5.425962709440765e-14,6.512010802136456e-14,-1.836928930956467e-13,7.517363890683139e-14,0.4070001758528142,-2.693596894492281e-13,1.6084043526041276e-13,1.0,36,True,physical_path
committed_delivery,committed_delivery,0.75,Model-guided constrained SAC,Passive,88,-7.492996122561056e-14,6.477984931832044e-14,-2.0368692621079638e-13,5.3827003759575245e-14,0.2505667738977828,-2.889061054779372e-13,1.3904618302671612e-13,1.0,36,True,physical_path
committed_delivery,committed_delivery,0.875,Reactive,Passive,88,0.0006879859285840502,0.0006879859285343938,-0.0006794606005876572,0.0020554324577557576,0.32008377309696495,-0.0015845197631822478,0.0029604916203503483,1.0,36,True,physical_path
committed_delivery,committed_delivery,0.875,Projected stochastic MPC,Passive,88,-0.01529186095678173,0.015291860956847064,-0.04568609043551952,0.015102368521956061,0.3200837731337502,-0.06580283744748261,0.035219115533919154,1.0,36,True,physical_path
committed_delivery,committed_delivery,0.875,Behaviour cloning,Passive,88,0.0006879859285711311,0.0006879859285423826,-0.000679460600616455,0.0020554324577587175,0.32008377311158787,-0.0015845197632215551,0.0029604916203638176,1.0,36,True,physical_path
committed_delivery,committed_delivery,0.875,Model-guided constrained SAC,Passive,88,0.0006879859285737149,0.0006879859285501936,-0.0006794606006293962,0.002055432457776826,0.32008377311524366,-0.001584519763244772,0.0029604916203922016,1.0,36,True,physical_path
committed_delivery,committed_delivery,1.0,Reactive,Passive,88,4.140515989220972,0.3620695118281321,3.4208636290004653,4.86016834944148,5.060760577356607e-19,2.9445539901183393,5.3364779883236055,1.7206585963012463e-17,36,True,physical_path
committed_delivery,committed_delivery,1.0,Projected stochastic MPC,Passive,88,4.4956317830464165,0.41553349675405765,3.6697139636203864,5.321549602472446,8.783257127090433e-18,3.1230713899802653,5.868192176112568,2.8984748519398427e-16,36,True,physical_path
committed_delivery,committed_delivery,1.0,Behaviour cloning,Passive,88,1.7331236546261422,0.1220486851910034,1.4905386771834466,1.9757086320688377,2.2378226392413134e-24,1.3299812061170624,2.136266103135222,7.832379237344597e-23,36,True,physical_path
committed_delivery,committed_delivery,1.0,Model-guided constrained SAC,Passive,88,0.5018419593611209,0.03400044619400529,0.43426239092819235,0.5694215277940493,2.0562867738838967e-25,0.38953412820668165,0.6141497905155601,7.402632385982028e-24,36,True,physical_path
committed_delivery,committed_delivery,0.0,Passive,Reactive,88,0.0,0.0,0.0,0.0,1.0,0.0,0.0,1.0,36,True,physical_path
committed_delivery,committed_delivery,0.0,Projected stochastic MPC,Reactive,88,0.0,0.0,0.0,0.0,1.0,0.0,0.0,1.0,36,True,physical_path
committed_delivery,committed_delivery,0.0,Behaviour cloning,Reactive,88,0.0,0.0,0.0,0.0,1.0,0.0,0.0,1.0,36,True,physical_path
committed_delivery,committed_delivery,0.0,Model-guided constrained SAC,Reactive,88,0.0,0.0,0.0,0.0,1.0,0.0,0.0,1.0,36,True,physical_path
committed_delivery,committed_delivery,0.125,Passive,Reactive,88,3.2297397080004555e-16,2.4947866482439206e-15,-4.63568463204741e-15,5.2816325736475005e-15,0.897292861885469,-7.917626051288124e-15,8.563573992888214e-15,1.0,36,True,physical_path
committed_delivery,committed_delivery,0.125,Projected stochastic MPC,Reactive,88,2.2608177956003187e-15,3.0200532793689275e-15,-3.7418651133135916e-15,8.26350070451423e-15,0.45611624554561014,-7.714805225387474e-15,1.223644081658811e-14,1.0,36,True,physical_path
committed_delivery,committed_delivery,0.125,Behaviour cloning,Reactive,88,-1.6148698540002276e-15,2.5310485964854293e-15,-6.64560300547906e-15,3.4158632974786046e-15,0.52513384861603,-9.975247738331757e-15,6.745508030331302e-15,1.0,36,True,physical_path
committed_delivery,committed_delivery,0.125,Model-guided constrained SAC,Reactive,88,-6.459479416000911e-16,2.677678852370937e-15,-5.9681246040084835e-15,4.676228720808301e-15,0.8099411738546864,-9.490664352730875e-15,8.198768469530694e-15,1.0,36,True,physical_path
committed_delivery,committed_delivery,0.25,Passive,Reactive,88,-1.2918958832001822e-15,5.195351510960916e-15,-1.1618219572152389e-14,9.034427805752023e-15,0.8042069056717578,-1.8452807741581438e-14,1.5869015975181076e-14,1.0,36,True,physical_path
committed_delivery,committed_delivery,0.25,Projected stochastic MPC,Reactive,88,7.105427357601002e-15,5.723741808428709e-15,-4.271129262509501e-15,1.8481983977711505e-14,0.21779629835692452,-1.1800825369928014e-14,2.6011680085130018e-14,1.0,36,True,physical_path
committed_delivery,committed_delivery,0.25,Behaviour cloning,Reactive,88,-1.2918958832001822e-15,5.586781218257933e-15,-1.2396228500035925e-14,9.81243673363556e-15,0.817670137231849,-1.974575022901549e-14,1.7161958462615128e-14,1.0,36,True,physical_path
committed_delivery,committed_delivery,0.25,Model-guided constrained SAC,Reactive,88,-3.2297397080004553e-15,6.187581851239675e-15,-1.5528228638534664e-14,9.068749222533754e-15,0.6030168124728079,-2.3668115541015848e-14,1.7208636125014937e-14,1.0,36,True,physical_path
committed_delivery,committed_delivery,0.375,Passive,Reactive,88,-9.043271182401275e-15,1.2219161452825675e-14,-3.333017768011152e-14,1.5243635315308974e-14,0.4612383320058161,-4.940472742513533e-14,3.131818506033278e-14,1.0,36,True,physical_path
committed_delivery,committed_delivery,0.375,Projected stochastic MPC,Reactive,88,-7.751375299201092e-15,1.2966389772018238e-14,-3.3523478992376363e-14,1.8020728393974175e-14,0.551522876402287,-5.058102244233838e-14,3.50782718439362e-14,1.0,36,True,physical_path
committed_delivery,committed_delivery,0.375,Behaviour cloning,Reactive,88,1.2918958832001822e-15,1.0146907133244433e-14,-1.8876180767351667e-14,2.145997253375203e-14,0.898981599039105,-3.222463876925131e-14,3.480843053565167e-14,1.0,36,True,physical_path
committed_delivery,committed_delivery,0.375,Model-guided constrained SAC,Reactive,88,-2.1962230014403096e-14,1.0691892429658735e-14,-4.3213523953452287e-14,-7.109360753539055e-16,0.04296720119246269,-5.727892094427841e-14,1.3354460915472216e-14,1.0,36,True,physical_path
committed_delivery,committed_delivery,0.5,Passive,Reactive,88,-2.842170943040401e-14,1.745612435807613e-14,-6.311764676896482e-14,6.274227908156797e-15,0.10710297965691869,-8.60815252996252e-14,2.923810643881718e-14,1.0,36,True,physical_path
committed_delivery,committed_delivery,0.5,Projected stochastic MPC,Reactive,88,2.454602178080346e-14,1.627487083220081e-14,-7.802046267071273e-15,5.68940898286782e-14,0.1351222253913534,-2.9211962307222406e-14,7.830400586882933e-14,1.0,36,True,physical_path
committed_delivery,committed_delivery,0.5,Behaviour cloning,Reactive,88,-1.937843824800273e-14,1.4259369865307444e-14,-4.7720479882529435e-14,8.96360338652397e-15,0.17766029574151024,-6.647896434298089e-14,2.772208784697543e-14,1.0,36,True,physical_path
committed_delivery,committed_delivery,0.5,Model-guided constrained SAC,Reactive,88,-2.842170943040401e-14,1.3154403421959673e-14,-5.456751061125466e-14,-2.275908249553357e-15,0.03347326503772685,-7.187238975445513e-14,1.5028970893647113e-14,1.0,36,True,physical_path
committed_delivery,committed_delivery,0.625,Passive,Reactive,88,8.138944064161148e-14,3.3427559383963935e-14,1.494854677673432e-14,1.4783033450648863e-13,0.016942477170461195,-2.902607196013552e-14,1.9180495324335848e-13,0.5421592694547582,36,True,physical_path
committed_delivery,committed_delivery,0.625,Projected stochastic MPC,Reactive,88,1.937843824800273e-14,3.00933883011877e-14,-4.043542956051359e-14,7.919230605651905e-14,0.5213061749110612,-8.002387997188737e-14,1.1878075646789283e-13,1.0,36,True,physical_path
committed_delivery,committed_delivery,0.625,Behaviour cloning,Reactive,88,1.4210854715202004e-14,2.18044344368354e-14,-2.912781974681795e-14,5.754952917722195e-14,0.5162860043336791,-5.781198660803646e-14,8.623369603844047e-14,1.0,36,True,physical_path
committed_delivery,committed_delivery,0.625,Model-guided constrained SAC,Reactive,88,9.043271182401275e-15,2.333113266134081e-14,-3.7329881314132963e-14,5.541642367893551e-14,0.6992548050862032,-6.802245003256537e-14,8.610899239736793e-14,1.0,36,True,physical_path
committed_delivery,committed_delivery,0.75,Passive,Reactive,88,-5.167583532800729e-15,6.04951630074486e-14,-1.2540827052248635e-13,1.150731034568849e-13,0.9321226287706138,-2.0499085979023695e-13,1.946556927246355e-13,1.0,36,True,physical_path
committed_delivery,committed_delivery,0.75,Projected stochastic MPC,Reactive,88,-5.425962709440765e-14,6.675863508263074e-14,-1.8694964305222716e-13,7.843038886341185e-14,0.4185667202774397,-2.74771954320361e-13,1.6625270013154572e-13,1.0,36,True,physical_path
committed_delivery,committed_delivery,0.75,Behaviour cloning,Reactive,88,-5.942721062720838e-14,4.8545039931158414e-14,-1.5591573402445096e-13,3.70613127700342e-14,0.2241941657865322,-2.1977769887860384e-13,1.0092327762418708e-13,1.0,36,True,physical_path
committed_delivery,committed_delivery,0.75,Model-guided constrained SAC,Reactive,88,-8.00975447584113e-14,4.441092223108116e-14,-1.6836906157791635e-13,8.173972061093765e-15,0.07476258518708666,-2.2679251243270574e-13,6.659742291588315e-14,1.0,36,True,physical_path
committed_delivery,committed_delivery,0.875,Passive,Reactive,88,-0.0006879859285840502,0.0006879859285343938,-0.0020554324577557576,0.0006794606005876572,0.32008377309696495,-0.0029604916203503483,0.0015845197631822478,1.0,36,True,physical_path
committed_delivery,committed_delivery,0.875,Projected stochastic MPC,Reactive,88,-0.01597984688536578,0.015979846885381458,-0.047741522893275275,0.015781829122543715,0.32008377313216646,-0.06876332906783296,0.0368036352971014,1.0,36,True,physical_path
committed_delivery,committed_delivery,0.875,Behaviour cloning,Reactive,88,-1.2918958832001821e-14,5.673734933726661e-14,-1.2569058425016507e-13,9.985266658616144e-14,0.820415594917375,-2.0032969494886033e-13,1.744917772848567e-13,1.0,36,True,physical_path
committed_delivery,committed_delivery,0.875,Model-guided constrained SAC,Reactive,88,-1.0335167065601458e-14,6.775410417785419e-14,-1.4500378564115306e-13,1.2433345150995016e-13,0.8791147686532711,-2.3413565628883853e-13,2.1346532215763563e-13,1.0,36,True,physical_path
committed_delivery,committed_delivery,1.0,Passive,Reactive,88,-4.140515989220972,0.3620695118281321,-4.86016834944148,-3.4208636290004653,5.060760577356607e-19,-5.3364779883236055,-2.9445539901183393,1.8218738078483784e-17,36,True,physical_path
committed_delivery,committed_delivery,1.0,Projected stochastic MPC,Reactive,88,0.3551157938254438,0.08178080428907968,0.19256758994545406,0.5176639977054335,3.796938775278314e-05,0.08498331652308516,0.6252482711278025,0.0012529897958418435,36,True,physical_path
committed_delivery,committed_delivery,1.0,Behaviour cloning,Reactive,88,-2.4073923345948303,0.262240225919621,-2.928623179398458,-1.8861614897912027,1.9209047804151603e-14,-3.2736054085772386,-1.5411792606124222,6.531076253411545e-13,36,True,physical_path
committed_delivery,committed_delivery,1.0,Model-guided constrained SAC,Reactive,88,-3.6386740298598514,0.3349506145214669,-4.304424645206067,-2.9729234145136356,7.145888200904437e-18,-4.745058835697636,-2.5322892240220676,2.501060870316553e-16,36,True,physical_path
adaptive_delivery,adaptive_delivery,0.0,Reactive,Passive,88,477.4631191165308,1.3556611427904537,474.76859580209197,480.1576424309696,5.203649788022341e-139,472.98519662520806,481.9410416078535,1.8733139236880429e-137,36,True,physical_path
adaptive_delivery,adaptive_delivery,0.0,Projected stochastic MPC,Passive,88,416.68267182181575,1.7270572820394452,413.2499584652554,420.1153851783761,9.879520015893231e-125,410.97798028575204,422.38736335787945,3.457832005562631e-123,36,True,physical_path
adaptive_delivery,adaptive_delivery,0.0,Behaviour cloning,Passive,88,318.93701269082516,1.7830418061882471,315.39302403042586,322.48100135122445,1.896797795931409e-113,313.0473970967215,324.8266282849288,3.6039158122696767e-112,36,True,physical_path
adaptive_delivery,adaptive_delivery,0.0,Model-guided constrained SAC,Passive,88,318.10010995184564,1.7753780693605794,314.57135379823296,321.6288661054583,1.639525430704254e-113,312.23580866264086,323.9644112410504,3.2790508614085077e-112,36,True,physical_path
adaptive_delivery,adaptive_delivery,0.125,Reactive,Passive,88,450.32322605120777,1.9540137229234769,446.4394121931864,454.20703990922914,5.290916632000632e-123,443.868868304978,456.77758379743756,1.7460024885602087e-121,36,True,physical_path
adaptive_delivery,adaptive_delivery,0.125,Projected stochastic MPC,Passive,88,409.6923614729609,1.725454840329939,406.2628331428132,413.1218898031086,3.962736776203673e-124,403.99296300722693,415.39175993869486,1.347330503909249e-122,36,True,physical_path
adaptive_delivery,adaptive_delivery,0.125,Behaviour cloning,Passive,88,328.2374551883914,1.8705420356075466,324.5195503473573,331.95536002942544,1.000275479440567e-112,322.05881512279916,334.4160952539836,1.8004958629930207e-111,36,True,physical_path
adaptive_delivery,adaptive_delivery,0.125,Model-guided constrained SAC,Passive,88,327.5162519799844,1.868968608761337,323.8014744951804,331.23102946478843,1.12535745851433e-112,321.34280914491,333.68969481505883,1.913107679474361e-111,36,True,physical_path
adaptive_delivery,adaptive_delivery,0.25,Reactive,Passive,88,426.97058615623973,1.9420664132512906,423.1105188698655,430.830653442614,3.1679700515160826e-121,420.5556919049817,433.38548040749777,9.820707159699856e-120,36,True,physical_path
adaptive_delivery,adaptive_delivery,0.25,Projected stochastic MPC,Passive,88,399.57352521596727,1.7480512994994093,396.0990839764397,403.0479664554948,1.077067003081704e-122,393.79948774971507,405.34756268221946,3.446614409861453e-121,36,True,physical_path
adaptive_delivery,adaptive_delivery,0.25,Behaviour cloning,Passive,88,344.79551093276865,1.9714444831472178,340.8770515513722,348.7139703141651,1.3346363380079939e-112,338.28357715165595,351.30744471388135,2.13541814081279e-111,36,True,physical_path
adaptive_delivery,adaptive_delivery,0.25,Model-guided constrained SAC,Passive,88,344.01720012833124,1.9741641249706787,340.0933351643235,347.941065092339,1.8299914730834714e-112,337.4962830217361,350.5381172349264,2.7449872096252072e-111,36,True,physical_path
adaptive_delivery,adaptive_delivery,0.375,Reactive,Passive,88,404.42585621889737,2.032395105239736,400.3862508762618,408.46546156153295,1.8228298937488577e-117,397.71259472179923,411.1391177159955,4.5570747343721446e-116,36,True,physical_path
adaptive_delivery,adaptive_delivery,0.375,Projected stochastic MPC,Passive,88,385.06772717929147,1.893124932467257,381.3049363854368,388.83051797314613,2.714242990869605e-118,378.8144929112283,391.32096144735465,7.057031776260973e-117,36,True,physical_path
adaptive_delivery,adaptive_delivery,0.375,Behaviour cloning,Passive,88,355.92409869376576,2.080762066019439,351.78835877932914,360.05983860820237,9.158377642570386e-112,349.0510749266755,362.79712246085603,1.282172869959854e-110,36,True,physical_path
adaptive_delivery,adaptive_delivery,0.375,Model-guided constrained SAC,Passive,88,355.0764382317952,2.08721219191218,350.92787799371683,359.2249984698735,1.473139974584031e-111,348.1821088722561,361.97076759133427,1.767767969500837e-110,36,True,physical_path
adaptive_delivery,adaptive_delivery,0.5,Reactive,Passive,88,379.2311062547613,2.2658541360403652,374.72747580909464,383.73473670042796,6.0622011878503916e-111,371.74669965965387,386.71551284986873,6.668421306635431e-110,36,True,physical_path
adaptive_delivery,adaptive_delivery,0.5,Projected stochastic MPC,Passive,88,365.05226257411977,2.1366414238926303,360.80545638520454,369.299068763035,1.0143659683380468e-111,357.99466212667556,372.10986302156397,1.3186757588394609e-110,36,True,physical_path
adaptive_delivery,adaptive_delivery,0.5,Behaviour cloning,Passive,88,353.92596370857376,2.2588857863584524,349.43618361244387,358.41574380470365,1.850798831528117e-108,346.4645744655045,361.38735295164304,1.4806390652224936e-107,36,True,physical_path
adaptive_delivery,adaptive_delivery,0.5,Model-guided constrained SAC,Passive,88,352.978579111858,2.2529007217458448,348.50069497971793,357.45646324399803,1.8551837371209073e-108,345.5369593042286,360.42019891948735,1.4806390652224936e-107,36,True,physical_path
adaptive_delivery,adaptive_delivery,0.625,Reactive,Passive,88,344.8005489265254,2.1919634336133993,340.44378425293496,349.1573136001158,1.3138437266758313e-108,337.56021279110246,352.0408850619483,1.1824593540082481e-107,36,True,physical_path
adaptive_delivery,adaptive_delivery,0.625,Projected stochastic MPC,Passive,88,336.21504928841364,2.0958669946815265,332.0492866926754,340.38081188415185,2.398431104026896e-109,329.2921320061588,343.1379665706685,2.398431104026896e-108,36,True,physical_path
adaptive_delivery,adaptive_delivery,0.625,Behaviour cloning,Passive,88,333.721991071202,2.1460457730953157,329.4564927199285,337.9874894224755,3.556708080055208e-108,326.63332685311354,340.8106552892905,2.134024848033125e-107,36,True,physical_path
adaptive_delivery,adaptive_delivery,0.625,Model-guided constrained SAC,Passive,88,332.85001377960543,2.148823786315117,328.5789938262499,337.12103373296094,4.991769355586432e-108,325.75217342783174,339.94785413137913,2.4958846777932162e-107,36,True,physical_path
adaptive_delivery,adaptive_delivery,0.75,Reactive,Passive,88,269.5753779615436,1.4155832815927112,266.7617529077709,272.3890030153163,8.269210571485525e-116,264.89952496634993,274.2512309567373,1.73653422001196e-114,36,True,physical_path
adaptive_delivery,adaptive_delivery,0.75,Projected stochastic MPC,Passive,88,267.9959132396856,1.3879693932871104,265.23717377899595,270.75465270037523,2.4910360393910705e-116,263.41127245646254,272.58055402290864,5.729382890599462e-115,36,True,physical_path
adaptive_delivery,adaptive_delivery,0.75,Behaviour cloning,Passive,88,267.54735013109854,1.3849301773086038,264.7946514412573,270.30004882093976,2.3817381800101552e-116,262.97274826774753,272.12195199444955,5.716171632024372e-115,36,True,physical_path
adaptive_delivery,adaptive_delivery,0.75,Model-guided constrained SAC,Passive,88,267.0446881705281,1.3956364168147488,264.2707096703798,269.8186666706764,5.471058532076109e-116,262.4347222260149,271.6546541150413,1.2036328770567441e-114,36,True,physical_path
adaptive_delivery,adaptive_delivery,0.875,Reactive,Passive,88,138.81893511478194,0.6584789583997771,137.5101368838144,140.12773334574948,1.212266162461904e-119,136.6438947268781,140.99397550268577,3.5739466618658e-118,36,True,physical_path
adaptive_delivery,adaptive_delivery,0.875,Projected stochastic MPC,Passive,88,143.06392562386958,0.6801305713230734,141.71209246774595,144.4157587799932,1.4714136523703764e-119,140.81736718368677,145.3104840640524,4.119958226637054e-118,36,True,physical_path
adaptive_delivery,adaptive_delivery,0.875,Behaviour cloning,Passive,88,142.7924830451833,0.677191261694553,141.44649208521946,144.13847400514715,1.1913155539552666e-119,140.55563352139492,145.02933256897168,3.5739466618658e-118,36,True,physical_path
adaptive_delivery,adaptive_delivery,0.875,Model-guided constrained SAC,Passive,88,142.6699877370303,0.6818849152276943,141.31466763243307,144.02530784162755,2.3380823728560152e-119,140.41763447410008,144.92234099996054,6.312822406711241e-118,36,True,physical_path
adaptive_delivery,adaptive_delivery,1.0,Reactive,Passive,88,0.0,0.0,0.0,0.0,1.0,0.0,0.0,1.0,36,True,physical_path
adaptive_delivery,adaptive_delivery,1.0,Projected stochastic MPC,Passive,88,0.0,0.0,0.0,0.0,1.0,0.0,0.0,1.0,36,True,physical_path
adaptive_delivery,adaptive_delivery,1.0,Behaviour cloning,Passive,88,0.0,0.0,0.0,0.0,1.0,0.0,0.0,1.0,36,True,physical_path
adaptive_delivery,adaptive_delivery,1.0,Model-guided constrained SAC,Passive,88,0.0,0.0,0.0,0.0,1.0,0.0,0.0,1.0,36,True,physical_path
adaptive_delivery,adaptive_delivery,0.0,Passive,Reactive,88,-477.4631191165308,1.3556611427904537,-480.1576424309696,-474.76859580209197,5.203649788022341e-139,-481.9410416078535,-472.98519662520806,1.8733139236880429e-137,36,True,physical_path
adaptive_delivery,adaptive_delivery,0.0,Projected stochastic MPC,Reactive,88,-60.78044729471501,1.8406080234130193,-64.43885504521002,-57.12203954422,5.374353494937574e-51,-66.8602114817927,-54.70068310763732,3.762047446456302e-50,36,True,physical_path
adaptive_delivery,adaptive_delivery,0.0,Behaviour cloning,Reactive,88,-158.52610642570562,1.928792643485851,-162.35979065736618,-154.69242219404506,2.965181162621395e-84,-164.89715571430955,-152.1550571371017,4.744289860194232e-83,36,True,physical_path
adaptive_delivery,adaptive_delivery,0.0,Model-guided constrained SAC,Reactive,88,-159.36300916468514,1.9235944953257382,-163.18636151401373,-155.53965681535655,1.4958709825629827e-84,-165.71688830374012,-153.00913002563016,2.5429806703570705e-83,36,True,physical_path
adaptive_delivery,adaptive_delivery,0.125,Passive,Reactive,88,-450.32322605120777,1.9540137229234769,-454.20703990922914,-446.4394121931864,5.290916632000632e-123,-456.77758379743756,-443.868868304978,1.8518208212002214e-121,36,True,physical_path
adaptive_delivery,adaptive_delivery,0.125,Projected stochastic MPC,Reactive,88,-40.630864578246936,0.8257351581095822,-42.2721026169048,-38.98962653958907,2.72433336634101e-65,-43.35837362874892,-37.90335552774495,2.451900029706909e-64,36,True,physical_path
adaptive_delivery,adaptive_delivery,0.125,Behaviour cloning,Reactive,88,-122.08577086281635,0.7430352629967547,-123.5626339050614,-120.60890782057129,3.005249111238794e-110,-124.54011156123774,-119.63143016439496,6.611548044725347e-109,36,True,physical_path
adaptive_delivery,adaptive_delivery,0.125,Model-guided constrained SAC,Reactive,88,-122.80697407122334,0.7436050084222633,-124.28496954419454,-121.32897859825214,1.9271189923498733e-110,-125.26319671180173,-120.35075143064495,4.4323736824047085e-109,36,True,physical_path
adaptive_delivery,adaptive_delivery,0.25,Passive,Reactive,88,-426.97058615623973,1.9420664132512906,-430.830653442614,-423.1105188698655,3.1679700515160826e-121,-433.38548040749777,-420.5556919049817,1.0771098175154681e-119,36,True,physical_path
adaptive_delivery,adaptive_delivery,0.25,Projected stochastic MPC,Reactive,88,-27.39706094027247,0.5553911979446856,-28.500961084829004,-26.293160795715938,2.2064816057057658e-65,-29.23158924403429,-25.562532636510653,2.2064816057057657e-64,36,True,physical_path
adaptive_delivery,adaptive_delivery,0.25,Behaviour cloning,Reactive,88,-82.17507522347108,0.41298879724639503,-82.99593517708152,-81.35421526986065,1.8334030740447675e-117,-83.53923014794383,-80.81092029899834,5.286206691871687e-116,36,True,physical_path
adaptive_delivery,adaptive_delivery,0.25,Model-guided constrained SAC,Reactive,88,-82.9533860279085,0.40911675434645156,-83.76654987698434,-82.14022217883264,3.570071564560686e-118,-84.30475109845555,-81.60202095736143,1.0710214693682058e-116,36,True,physical_path
adaptive_delivery,adaptive_delivery,0.375,Passive,Reactive,88,-404.42585621889737,2.032395105239736,-408.46546156153295,-400.3862508762618,1.8228298937488577e-117,-411.1391177159955,-397.71259472179923,5.286206691871687e-116,36,True,physical_path
adaptive_delivery,adaptive_delivery,0.375,Projected stochastic MPC,Reactive,88,-19.358129039605796,0.3084241412133005,-19.97115541692335,-18.745102662288243,3.0957923793151473e-74,-20.376893504568713,-18.33936457464288,3.405371617246662e-73,36,True,physical_path
adaptive_delivery,adaptive_delivery,0.375,Behaviour cloning,Reactive,88,-48.501757525131545,0.22311555003199013,-48.94522384012643,-48.05829121013666,8.450012601678843e-121,-49.238736780578506,-47.764778269684584,2.788504158554018e-119,36,True,physical_path
adaptive_delivery,adaptive_delivery,0.375,Model-guided constrained SAC,Reactive,88,-49.34941798710218,0.2298941114023262,-49.806357426814,-48.892478547390354,2.5244756144983992e-120,-50.108787699471556,-48.5900482747328,8.078321966394877e-119,36,True,physical_path
adaptive_delivery,adaptive_delivery,0.5,Passive,Reactive,88,-379.2311062547613,2.2658541360403652,-383.73473670042796,-374.72747580909464,6.0622011878503916e-111,-386.71551284986873,-371.74669965965387,1.454928285084094e-109,36,True,physical_path
adaptive_delivery,adaptive_delivery,0.5,Projected stochastic MPC,Reactive,88,-14.178843680641505,0.18541051162437175,-14.547367149039772,-13.810320212243237,1.4424947976055468e-81,-14.79127836208517,-13.566408999197838,2.0194927166477656e-80,36,True,physical_path
adaptive_delivery,adaptive_delivery,0.5,Behaviour cloning,Reactive,88,-25.305142546187483,0.13046931776812365,-25.56446444267668,-25.045820649698285,1.686301564041437e-116,-25.73609942325696,-24.874185669118006,4.553014222911879e-115,36,True,physical_path
adaptive_delivery,adaptive_delivery,0.5,Model-guided constrained SAC,Reactive,88,-26.252527142903286,0.13562146143450576,-26.522089482811722,-25.98296480299485,2.001633689396339e-116,-26.70050221078314,-25.804552075023434,5.204247592430481e-115,36,True,physical_path
adaptive_delivery,adaptive_delivery,0.625,Passive,Reactive,88,-344.8005489265254,2.1919634336133993,-349.1573136001158,-340.44378425293496,1.3138437266758313e-108,-352.0408850619483,-337.56021279110246,2.759071826019246e-107,36,True,physical_path
adaptive_delivery,adaptive_delivery,0.625,Projected stochastic MPC,Reactive,88,-8.585499638111822,0.1310552835229119,-8.845986204987964,-8.325013071235679,8.055147812346609e-76,-9.018392035164641,-8.152607241059002,9.66617737481593e-75,36,True,physical_path
adaptive_delivery,adaptive_delivery,0.625,Behaviour cloning,Reactive,88,-11.078557855323394,0.1024775033638921,-11.282242989686038,-10.87487272096075,1.6448445371443454e-94,-11.417054182084826,-10.740061528561963,3.125204620574256e-93,36,True,physical_path
adaptive_delivery,adaptive_delivery,0.625,Model-guided constrained SAC,Reactive,88,-11.950535146919973,0.10606000815580233,-12.161340897475851,-11.739729396364096,4.599912379610019e-96,-12.30086494613009,-11.600205347709856,9.199824759220037e-95,36,True,physical_path
adaptive_delivery,adaptive_delivery,0.75,Passive,Reactive,88,-269.5753779615436,1.4155832815927112,-272.3890030153163,-266.7617529077709,8.269210571485525e-116,-274.2512309567373,-264.89952496634993,2.0673026428713813e-114,36,True,physical_path
adaptive_delivery,adaptive_delivery,0.75,Projected stochastic MPC,Reactive,88,-1.5794647218580133,0.06400265188224172,-1.7066769227828194,-1.4522525209332073,4.726796176459119e-41,-1.790873683376127,-1.3680557603398997,2.3633980882295593e-40,36,True,physical_path
adaptive_delivery,adaptive_delivery,0.75,Behaviour cloning,Reactive,88,-2.0280278304450134,0.06282270723669515,-2.1528947636205142,-1.9031608972695127,3.3339505922065585e-50,-2.235539283581399,-1.820516377308628,2.0003703553239352e-49,36,True,physical_path
adaptive_delivery,adaptive_delivery,0.75,Model-guided constrained SAC,Reactive,88,-2.5306897910154604,0.060082931819878505,-2.6501111238828026,-2.4112684581481183,1.1893188217834288e-59,-2.729151414830277,-2.3322281672006437,9.51455057426743e-59,36,True,physical_path
adaptive_delivery,adaptive_delivery,0.875,Passive,Reactive,88,-138.81893511478194,0.6584789583997771,-140.12773334574948,-137.5101368838144,1.212266162461904e-119,-140.99397550268577,-136.6438947268781,3.7580251036319023e-118,36,True,physical_path
adaptive_delivery,adaptive_delivery,0.875,Projected stochastic MPC,Reactive,88,4.24499050908764,0.05095429956297215,4.143713321293706,4.346267696881574,9.263669156530166e-85,4.076681927510262,4.413299090665018,1.6674604481754297e-83,36,True,physical_path
adaptive_delivery,adaptive_delivery,0.875,Behaviour cloning,Reactive,88,3.973547930401351,0.049854826566281145,3.874456064241024,4.0726397965616785,4.148891824123757e-83,3.808871049036572,4.13822481176613,6.223337736185636e-82,36,True,physical_path
adaptive_delivery,adaptive_delivery,0.875,Model-guided constrained SAC,Reactive,88,3.8510526222483823,0.051302820190454936,3.749082711968959,3.9530225325278057,7.090706958116897e-81,3.681592832373271,4.020512412123494,9.217919045551967e-80,36,True,physical_path
adaptive_delivery,adaptive_delivery,1.0,Passive,Reactive,88,0.0,0.0,0.0,0.0,1.0,0.0,0.0,1.0,36,True,physical_path
adaptive_delivery,adaptive_delivery,1.0,Projected stochastic MPC,Reactive,88,0.0,0.0,0.0,0.0,1.0,0.0,0.0,1.0,36,True,physical_path
adaptive_delivery,adaptive_delivery,1.0,Behaviour cloning,Reactive,88,0.0,0.0,0.0,0.0,1.0,0.0,0.0,1.0,36,True,physical_path
adaptive_delivery,adaptive_delivery,1.0,Model-guided constrained SAC,Reactive,88,0.0,0.0,0.0,0.0,1.0,0.0,0.0,1.0,36,True,physical_path
clearance_probability,seed_clearance_probability,0.0,Reactive,Passive,88,-0.8522727272727273,0.03804170814840831,-0.9278847414342981,-0.7766607131111565,6.8602657192621e-38,-0.977929364576245,-0.7266160899692096,2.469695658934356e-36,36,True,physical_path
clearance_probability,seed_clearance_probability,0.0,Projected stochastic MPC,Passive,88,0.0,0.0,0.0,0.0,1.0,0.0,0.0,1.0,36,True,physical_path
clearance_probability,seed_clearance_probability,0.0,Behaviour cloning,Passive,88,0.0,0.0,0.0,0.0,1.0,0.0,0.0,1.0,36,True,physical_path
clearance_probability,seed_clearance_probability,0.0,Model-guided constrained SAC,Passive,88,0.0,0.0,0.0,0.0,1.0,0.0,0.0,1.0,36,True,physical_path
clearance_probability,seed_clearance_probability,0.125,Reactive,Passive,88,0.0,0.0,0.0,0.0,1.0,0.0,0.0,1.0,36,True,physical_path
clearance_probability,seed_clearance_probability,0.125,Projected stochastic MPC,Passive,88,0.0,0.0,0.0,0.0,1.0,0.0,0.0,1.0,36,True,physical_path
clearance_probability,seed_clearance_probability,0.125,Behaviour cloning,Passive,88,0.0,0.0,0.0,0.0,1.0,0.0,0.0,1.0,36,True,physical_path
clearance_probability,seed_clearance_probability,0.125,Model-guided constrained SAC,Passive,88,0.0,0.0,0.0,0.0,1.0,0.0,0.0,1.0,36,True,physical_path
clearance_probability,seed_clearance_probability,0.25,Reactive,Passive,88,0.0,0.0,0.0,0.0,1.0,0.0,0.0,1.0,36,True,physical_path
clearance_probability,seed_clearance_probability,0.25,Projected stochastic MPC,Passive,88,0.0,0.0,0.0,0.0,1.0,0.0,0.0,1.0,36,True,physical_path
clearance_probability,seed_clearance_probability,0.25,Behaviour cloning,Passive,88,0.0,0.0,0.0,0.0,1.0,0.0,0.0,1.0,36,True,physical_path
clearance_probability,seed_clearance_probability,0.25,Model-guided constrained SAC,Passive,88,0.0,0.0,0.0,0.0,1.0,0.0,0.0,1.0,36,True,physical_path
clearance_probability,seed_clearance_probability,0.375,Reactive,Passive,88,0.0,0.0,0.0,0.0,1.0,0.0,0.0,1.0,36,True,physical_path
clearance_probability,seed_clearance_probability,0.375,Projected stochastic MPC,Passive,88,0.0,0.0,0.0,0.0,1.0,0.0,0.0,1.0,36,True,physical_path
clearance_probability,seed_clearance_probability,0.375,Behaviour cloning,Passive,88,0.0,0.0,0.0,0.0,1.0,0.0,0.0,1.0,36,True,physical_path
clearance_probability,seed_clearance_probability,0.375,Model-guided constrained SAC,Passive,88,0.0,0.0,0.0,0.0,1.0,0.0,0.0,1.0,36,True,physical_path
clearance_probability,seed_clearance_probability,0.5,Reactive,Passive,88,0.0,0.0,0.0,0.0,1.0,0.0,0.0,1.0,36,True,physical_path
clearance_probability,seed_clearance_probability,0.5,Projected stochastic MPC,Passive,88,0.0,0.0,0.0,0.0,1.0,0.0,0.0,1.0,36,True,physical_path
clearance_probability,seed_clearance_probability,0.5,Behaviour cloning,Passive,88,0.0,0.0,0.0,0.0,1.0,0.0,0.0,1.0,36,True,physical_path
clearance_probability,seed_clearance_probability,0.5,Model-guided constrained SAC,Passive,88,0.0,0.0,0.0,0.0,1.0,0.0,0.0,1.0,36,True,physical_path
clearance_probability,seed_clearance_probability,0.625,Reactive,Passive,88,0.0,0.0,0.0,0.0,1.0,0.0,0.0,1.0,36,True,physical_path
clearance_probability,seed_clearance_probability,0.625,Projected stochastic MPC,Passive,88,0.0,0.0,0.0,0.0,1.0,0.0,0.0,1.0,36,True,physical_path
clearance_probability,seed_clearance_probability,0.625,Behaviour cloning,Passive,88,0.0,0.0,0.0,0.0,1.0,0.0,0.0,1.0,36,True,physical_path
clearance_probability,seed_clearance_probability,0.625,Model-guided constrained SAC,Passive,88,0.0,0.0,0.0,0.0,1.0,0.0,0.0,1.0,36,True,physical_path
clearance_probability,seed_clearance_probability,0.75,Reactive,Passive,88,0.0,0.0,0.0,0.0,1.0,0.0,0.0,1.0,36,True,physical_path
clearance_probability,seed_clearance_probability,0.75,Projected stochastic MPC,Passive,88,0.0,0.0,0.0,0.0,1.0,0.0,0.0,1.0,36,True,physical_path
clearance_probability,seed_clearance_probability,0.75,Behaviour cloning,Passive,88,0.0,0.0,0.0,0.0,1.0,0.0,0.0,1.0,36,True,physical_path
clearance_probability,seed_clearance_probability,0.75,Model-guided constrained SAC,Passive,88,0.0,0.0,0.0,0.0,1.0,0.0,0.0,1.0,36,True,physical_path
clearance_probability,seed_clearance_probability,0.875,Reactive,Passive,88,0.011363636363636364,0.011363636363636366,-0.011222821381693986,0.03395009410896671,0.32008377313169445,-0.026171910868468293,0.048899183595741025,1.0,36,True,physical_path
clearance_probability,seed_clearance_probability,0.875,Projected stochastic MPC,Passive,88,0.0,0.0,0.0,0.0,1.0,0.0,0.0,1.0,36,True,physical_path
clearance_probability,seed_clearance_probability,0.875,Behaviour cloning,Passive,88,0.011363636363636364,0.011363636363636366,-0.011222821381693986,0.03395009410896671,0.32008377313169445,-0.026171910868468293,0.048899183595741025,1.0,36,True,physical_path
clearance_probability,seed_clearance_probability,0.875,Model-guided constrained SAC,Passive,88,0.011363636363636364,0.011363636363636366,-0.011222821381693986,0.03395009410896671,0.32008377313169445,-0.026171910868468293,0.048899183595741025,1.0,36,True,physical_path
clearance_probability,seed_clearance_probability,1.0,Reactive,Passive,88,0.5227272727272727,0.05355022039453452,0.41629041119017596,0.6291641342643695,1.241062472598651e-15,0.34584403195931024,0.6996105134952352,4.219612406835414e-14,36,True,physical_path
clearance_probability,seed_clearance_probability,1.0,Projected stochastic MPC,Passive,88,0.5568181818181818,0.053258391407771624,0.45096136199198267,0.6626750016443809,4.792777706716703e-17,0.3808988895932569,0.7327374740431066,1.6774721973508461e-15,36,True,physical_path
clearance_probability,seed_clearance_probability,1.0,Behaviour cloning,Passive,88,0.16666666666666669,0.03732616739705694,0.09247686722829636,0.24085646610503703,2.389975938044723e-05,0.04337355216600723,0.2899597811673261,0.0007886920595547586,36,True,physical_path
clearance_probability,seed_clearance_probability,1.0,Model-guided constrained SAC,Passive,88,0.04924242424242425,0.016640324643813337,0.01616797717205016,0.08231687131279833,0.003972471331929734,-0.0057227006206118786,0.10420754910546037,0.12711908262175148,36,True,physical_path
clearance_probability,seed_clearance_probability,0.0,Passive,Reactive,88,0.8522727272727273,0.03804170814840831,0.7766607131111565,0.9278847414342981,6.8602657192621e-38,0.7266160899692096,0.977929364576245,2.469695658934356e-36,36,True,physical_path
clearance_probability,seed_clearance_probability,0.0,Projected stochastic MPC,Reactive,88,0.8522727272727273,0.03804170814840831,0.7766607131111565,0.9278847414342981,6.8602657192621e-38,0.7266160899692096,0.977929364576245,2.469695658934356e-36,36,True,physical_path
clearance_probability,seed_clearance_probability,0.0,Behaviour cloning,Reactive,88,0.8522727272727273,0.03804170814840831,0.7766607131111565,0.9278847414342981,6.8602657192621e-38,0.7266160899692096,0.977929364576245,2.469695658934356e-36,36,True,physical_path
clearance_probability,seed_clearance_probability,0.0,Model-guided constrained SAC,Reactive,88,0.8522727272727273,0.03804170814840831,0.7766607131111565,0.9278847414342981,6.8602657192621e-38,0.7266160899692096,0.977929364576245,2.469695658934356e-36,36,True,physical_path
clearance_probability,seed_clearance_probability,0.125,Passive,Reactive,88,0.0,0.0,0.0,0.0,1.0,0.0,0.0,1.0,36,True,physical_path
clearance_probability,seed_clearance_probability,0.125,Projected stochastic MPC,Reactive,88,0.0,0.0,0.0,0.0,1.0,0.0,0.0,1.0,36,True,physical_path
clearance_probability,seed_clearance_probability,0.125,Behaviour cloning,Reactive,88,0.0,0.0,0.0,0.0,1.0,0.0,0.0,1.0,36,True,physical_path
clearance_probability,seed_clearance_probability,0.125,Model-guided constrained SAC,Reactive,88,0.0,0.0,0.0,0.0,1.0,0.0,0.0,1.0,36,True,physical_path
clearance_probability,seed_clearance_probability,0.25,Passive,Reactive,88,0.0,0.0,0.0,0.0,1.0,0.0,0.0,1.0,36,True,physical_path
clearance_probability,seed_clearance_probability,0.25,Projected stochastic MPC,Reactive,88,0.0,0.0,0.0,0.0,1.0,0.0,0.0,1.0,36,True,physical_path
clearance_probability,seed_clearance_probability,0.25,Behaviour cloning,Reactive,88,0.0,0.0,0.0,0.0,1.0,0.0,0.0,1.0,36,True,physical_path
clearance_probability,seed_clearance_probability,0.25,Model-guided constrained SAC,Reactive,88,0.0,0.0,0.0,0.0,1.0,0.0,0.0,1.0,36,True,physical_path
clearance_probability,seed_clearance_probability,0.375,Passive,Reactive,88,0.0,0.0,0.0,0.0,1.0,0.0,0.0,1.0,36,True,physical_path
clearance_probability,seed_clearance_probability,0.375,Projected stochastic MPC,Reactive,88,0.0,0.0,0.0,0.0,1.0,0.0,0.0,1.0,36,True,physical_path
clearance_probability,seed_clearance_probability,0.375,Behaviour cloning,Reactive,88,0.0,0.0,0.0,0.0,1.0,0.0,0.0,1.0,36,True,physical_path
clearance_probability,seed_clearance_probability,0.375,Model-guided constrained SAC,Reactive,88,0.0,0.0,0.0,0.0,1.0,0.0,0.0,1.0,36,True,physical_path
clearance_probability,seed_clearance_probability,0.5,Passive,Reactive,88,0.0,0.0,0.0,0.0,1.0,0.0,0.0,1.0,36,True,physical_path
clearance_probability,seed_clearance_probability,0.5,Projected stochastic MPC,Reactive,88,0.0,0.0,0.0,0.0,1.0,0.0,0.0,1.0,36,True,physical_path
clearance_probability,seed_clearance_probability,0.5,Behaviour cloning,Reactive,88,0.0,0.0,0.0,0.0,1.0,0.0,0.0,1.0,36,True,physical_path
clearance_probability,seed_clearance_probability,0.5,Model-guided constrained SAC,Reactive,88,0.0,0.0,0.0,0.0,1.0,0.0,0.0,1.0,36,True,physical_path
clearance_probability,seed_clearance_probability,0.625,Passive,Reactive,88,0.0,0.0,0.0,0.0,1.0,0.0,0.0,1.0,36,True,physical_path
clearance_probability,seed_clearance_probability,0.625,Projected stochastic MPC,Reactive,88,0.0,0.0,0.0,0.0,1.0,0.0,0.0,1.0,36,True,physical_path
clearance_probability,seed_clearance_probability,0.625,Behaviour cloning,Reactive,88,0.0,0.0,0.0,0.0,1.0,0.0,0.0,1.0,36,True,physical_path
clearance_probability,seed_clearance_probability,0.625,Model-guided constrained SAC,Reactive,88,0.0,0.0,0.0,0.0,1.0,0.0,0.0,1.0,36,True,physical_path
clearance_probability,seed_clearance_probability,0.75,Passive,Reactive,88,0.0,0.0,0.0,0.0,1.0,0.0,0.0,1.0,36,True,physical_path
clearance_probability,seed_clearance_probability,0.75,Projected stochastic MPC,Reactive,88,0.0,0.0,0.0,0.0,1.0,0.0,0.0,1.0,36,True,physical_path
clearance_probability,seed_clearance_probability,0.75,Behaviour cloning,Reactive,88,0.0,0.0,0.0,0.0,1.0,0.0,0.0,1.0,36,True,physical_path
clearance_probability,seed_clearance_probability,0.75,Model-guided constrained SAC,Reactive,88,0.0,0.0,0.0,0.0,1.0,0.0,0.0,1.0,36,True,physical_path
clearance_probability,seed_clearance_probability,0.875,Passive,Reactive,88,-0.011363636363636364,0.011363636363636366,-0.03395009410896671,0.011222821381693986,0.32008377313169445,-0.048899183595741025,0.026171910868468293,1.0,36,True,physical_path
clearance_probability,seed_clearance_probability,0.875,Projected stochastic MPC,Reactive,88,-0.011363636363636364,0.011363636363636366,-0.03395009410896671,0.011222821381693986,0.32008377313169445,-0.048899183595741025,0.026171910868468293,1.0,36,True,physical_path
clearance_probability,seed_clearance_probability,0.875,Behaviour cloning,Reactive,88,0.0,0.0,0.0,0.0,1.0,0.0,0.0,1.0,36,True,physical_path
clearance_probability,seed_clearance_probability,0.875,Model-guided constrained SAC,Reactive,88,0.0,0.0,0.0,0.0,1.0,0.0,0.0,1.0,36,True,physical_path
clearance_probability,seed_clearance_probability,1.0,Passive,Reactive,88,-0.5227272727272727,0.05355022039453452,-0.6291641342643695,-0.41629041119017596,1.241062472598651e-15,-0.6996105134952352,-0.34584403195931024,3.9713999123156833e-14,36,True,physical_path
clearance_probability,seed_clearance_probability,1.0,Projected stochastic MPC,Reactive,88,0.03409090909090909,0.019454845748129168,-0.00457770343511036,0.07275952161692853,0.08324391013942867,-0.030170939678645634,0.09835275786046381,1.0,36,True,physical_path
clearance_probability,seed_clearance_probability,1.0,Behaviour cloning,Reactive,88,-0.356060606060606,0.04931772235089909,-0.45408491943436347,-0.2580362926868486,1.8507281733019792e-10,-0.5189633633686217,-0.19315784875259037,5.552184519905938e-09,36,True,physical_path
clearance_probability,seed_clearance_probability,1.0,Model-guided constrained SAC,Reactive,88,-0.47348484848484845,0.05103184424047939,-0.5749161647219888,-0.3720535322477081,1.2093480867990222e-14,-0.6420495700698816,-0.3049201268998153,3.748979069076969e-13,36,True,physical_path
restricted_mean_clearance_time,restricted_clearance_time_contribution,0.0,Reactive,Passive,88,25.443181818181817,0.21311367504573245,25.019595312741036,25.866768323622598,3.096147317884177e-98,24.739240037619005,26.147123598744628,8.669212490075696e-97,36,True,physical_path
restricted_mean_clearance_time,restricted_clearance_time_contribution,0.0,Projected stochastic MPC,Passive,88,1.7045454545454546,0.048914793031315955,1.6073220068241956,1.8017689022667136,6.899892670118049e-53,1.5429736244180032,1.866117284672906,1.3109796073224294e-51,36,True,physical_path
restricted_mean_clearance_time,restricted_clearance_time_contribution,0.0,Behaviour cloning,Passive,88,1.6931818181818181,0.04672658457141,1.6003076717173115,1.7860559646463248,2.8606966350986196e-54,1.53883792103041,1.8475257153332263,5.721393270197239e-53,36,True,physical_path
restricted_mean_clearance_time,restricted_clearance_time_contribution,0.0,Model-guided constrained SAC,Passive,88,1.6969696969696968,0.046544462212224656,1.6044575384145696,1.789481855524824,1.7324375302362385e-54,1.5432273733108284,1.8507120206285652,3.638118813496101e-53,36,True,physical_path
restricted_mean_clearance_time,restricted_clearance_time_contribution,0.125,Reactive,Passive,88,1.2159090909090908,0.044112233475599,1.1282312503335996,1.303586931484582,9.228471521304216e-45,1.070200730473037,1.3616174513451447,1.4765554434086746e-43,36,True,physical_path
restricted_mean_clearance_time,restricted_clearance_time_contribution,0.125,Projected stochastic MPC,Passive,88,1.3409090909090908,0.050819726761358854,1.2398993811301202,1.4419188006880614,2.7638855971217262e-43,1.1730450205418106,1.508773161276371,3.593051276258244e-42,36,True,physical_path
restricted_mean_clearance_time,restricted_clearance_time_contribution,0.125,Behaviour cloning,Passive,88,1.3484848484848486,0.050800251870143115,1.2475138471609415,1.4494558498087557,1.7338451271899689e-43,1.1806851061790864,1.5162845907906108,2.6007676907849532e-42,36,True,physical_path
restricted_mean_clearance_time,restricted_clearance_time_contribution,0.125,Model-guided constrained SAC,Passive,88,1.3484848484848486,0.050800251870143115,1.2475138471609415,1.4494558498087557,1.7338451271899689e-43,1.1806851061790864,1.5162845907906108,2.6007676907849532e-42,36,True,physical_path
restricted_mean_clearance_time,restricted_clearance_time_contribution,0.25,Reactive,Passive,88,1.0113636363636365,0.011363636363636364,0.9887771786183062,1.0339500941089668,3.1553069929181846e-87,0.9738280891315318,1.048899183595741,8.20379818158728e-86,36,True,physical_path
restricted_mean_clearance_time,restricted_clearance_time_contribution,0.25,Projected stochastic MPC,Passive,88,1.0227272727272727,0.01597798190530097,0.9909693035692162,1.0544852418853292,5.818636880067939e-75,0.9699499508130206,1.075504594641525,1.454659220016985e-73,36,True,physical_path
restricted_mean_clearance_time,restricted_clearance_time_contribution,0.25,Behaviour cloning,Passive,88,1.0454545454545454,0.02233198565638716,1.001067305819582,1.0898417850895088,1.7780944398265737e-63,0.9716891348440491,1.1192199560650418,4.267426655583777e-62,36,True,physical_path
restricted_mean_clearance_time,restricted_clearance_time_contribution,0.25,Model-guided constrained SAC,Passive,88,1.0454545454545454,0.02233198565638716,1.001067305819582,1.0898417850895088,1.7780944398265737e-63,0.9716891348440491,1.1192199560650418,4.267426655583777e-62,36,True,physical_path
restricted_mean_clearance_time,restricted_clearance_time_contribution,0.375,Reactive,Passive,88,1.0,0.0,1.0,1.0,0.0,1.0,1.0,0.0,36,True,physical_path
restricted_mean_clearance_time,restricted_clearance_time_contribution,0.375,Projected stochastic MPC,Passive,88,1.0,0.0,1.0,1.0,0.0,1.0,1.0,0.0,36,True,physical_path
restricted_mean_clearance_time,restricted_clearance_time_contribution,0.375,Behaviour cloning,Passive,88,1.0,0.0,1.0,1.0,0.0,1.0,1.0,0.0,36,True,physical_path
restricted_mean_clearance_time,restricted_clearance_time_contribution,0.375,Model-guided constrained SAC,Passive,88,1.0,0.0,1.0,1.0,0.0,1.0,1.0,0.0,36,True,physical_path
restricted_mean_clearance_time,restricted_clearance_time_contribution,0.5,Reactive,Passive,88,1.0,0.0,1.0,1.0,0.0,1.0,1.0,0.0,36,True,physical_path
restricted_mean_clearance_time,restricted_clearance_time_contribution,0.5,Projected stochastic MPC,Passive,88,1.0,0.0,1.0,1.0,0.0,1.0,1.0,0.0,36,True,physical_path
restricted_mean_clearance_time,restricted_clearance_time_contribution,0.5,Behaviour cloning,Passive,88,1.0,0.0,1.0,1.0,0.0,1.0,1.0,0.0,36,True,physical_path
restricted_mean_clearance_time,restricted_clearance_time_contribution,0.5,Model-guided constrained SAC,Passive,88,1.0,0.0,1.0,1.0,0.0,1.0,1.0,0.0,36,True,physical_path
restricted_mean_clearance_time,restricted_clearance_time_contribution,0.625,Reactive,Passive,88,0.4659090909090909,0.05348088174005493,0.359610047455872,0.5722081343623098,1.7482931070515497e-13,0.2892548846030686,0.6425632972151132,8.741465535257749e-13,36,True,physical_path
restricted_mean_clearance_time,restricted_clearance_time_contribution,0.625,Projected stochastic MPC,Passive,88,0.45454545454545453,0.05338365631951849,0.34843965714327485,0.5606512519476342,4.420452694563931e-13,0.27821239626352645,0.6308785128273826,1.7681810778255725e-12,36,True,physical_path
restricted_mean_clearance_time,restricted_clearance_time_contribution,0.625,Behaviour cloning,Passive,88,0.5265151515151515,0.05325839140777163,0.4206583316889524,0.6323719713413506,6.9062291169909e-16,0.3505958592902266,0.7024344437400765,6.21560620529181e-15,36,True,physical_path
restricted_mean_clearance_time,restricted_clearance_time_contribution,0.625,Model-guided constrained SAC,Passive,88,0.5265151515151515,0.05325839140777163,0.4206583316889524,0.6323719713413506,6.9062291169909e-16,0.3505958592902266,0.7024344437400765,6.21560620529181e-15,36,True,physical_path
restricted_mean_clearance_time,restricted_clearance_time_contribution,0.75,Reactive,Passive,88,-1.5909090909090908,0.19505134471015634,-1.978594758990082,-1.2032234228280996,2.379612979538906e-12,-2.2351886795698075,-0.9466295022483742,7.138838938616718e-12,36,True,physical_path
restricted_mean_clearance_time,restricted_clearance_time_contribution,0.75,Projected stochastic MPC,Passive,88,0.9886363636363636,0.08160856405885165,0.8264305058643979,1.1508422214083294,2.2746559071221918e-20,0.7190728178881404,1.258199909384587,2.7295870885466303e-19,36,True,physical_path
restricted_mean_clearance_time,restricted_clearance_time_contribution,0.75,Behaviour cloning,Passive,88,-0.46590909090909044,0.05098011074762423,-0.5672375812273963,-0.36458060059078456,2.3314036626867646e-14,-0.6343029301372435,-0.2975152516809374,1.6319825638807353e-13,36,True,physical_path
restricted_mean_clearance_time,restricted_clearance_time_contribution,0.75,Model-guided constrained SAC,Passive,88,-0.4659090909090908,0.051546323574332094,-0.5683629905309031,-0.3634551912872784,3.743078591984979e-14,-0.6361732036676716,-0.29564497815050994,2.2458471551909875e-13,36,True,physical_path
restricted_mean_clearance_time,restricted_clearance_time_contribution,0.875,Reactive,Passive,88,-5.329545454545454,0.05039444960473512,-5.429709879925949,-5.229381029164959,1.0978196700420807e-93,-5.496004779962406,-5.163086129128502,2.9641131091136178e-92,36,True,physical_path
restricted_mean_clearance_time,restricted_clearance_time_contribution,0.875,Projected stochastic MPC,Passive,88,0.8977272727272727,0.032485720387088704,0.8331583858525083,0.9622961596020371,7.557166792791216e-45,0.7904227750349235,1.0050317704196219,1.2847183547745067e-43,36,True,physical_path
restricted_mean_clearance_time,restricted_clearance_time_contribution,0.875,Behaviour cloning,Passive,88,-0.9924242424242414,0.024675575649798394,-1.0414696209387584,-0.9433788639097246,5.445148022397456e-58,-1.0739308311290907,-0.910917653719392,1.1979325649274403e-56,36,True,physical_path
restricted_mean_clearance_time,restricted_clearance_time_contribution,0.875,Model-guided constrained SAC,Passive,88,-0.8901515151515148,0.027323837514407315,-0.9444606008799449,-0.8358424294230847,1.599804176774754e-50,-0.980405652186941,-0.7998973781160886,2.8796475181945575e-49,36,True,physical_path
restricted_mean_clearance_time,restricted_clearance_time_contribution,1.0,Reactive,Passive,88,-2.602272727272727,0.24111146150090762,-3.0815078649379752,-2.123037589607479,9.917934805414209e-18,-3.398694784593208,-1.8058506699522463,9.917934805414208e-17,36,True,physical_path
restricted_mean_clearance_time,restricted_clearance_time_contribution,1.0,Projected stochastic MPC,Passive,88,-2.8181818181818183,0.23948386602454955,-3.29418193359918,-2.3421817027644565,1.1033380017272903e-19,-3.6092277190570705,-2.027135917306566,1.2136718019000193e-18,36,True,physical_path
restricted_mean_clearance_time,restricted_clearance_time_contribution,1.0,Behaviour cloning,Passive,88,-0.4848484848484841,0.079529903440822,-0.642922779561441,-0.32677419013552716,2.8972849888732464e-08,-0.7475459481816413,-0.22215102151532679,5.794569977746493e-08,36,True,physical_path
restricted_mean_clearance_time,restricted_clearance_time_contribution,1.0,Model-guided constrained SAC,Passive,88,-0.07196969696969659,0.01975766310216538,-0.11124019177640729,-0.03269920216298588,0.00045800466434580463,-0.1372317902676225,-0.006707603671770673,0.00045800466434580463,36,True,physical_path
restricted_mean_clearance_time,restricted_clearance_time_contribution,0.0,Passive,Reactive,88,-25.443181818181817,0.21311367504573245,-25.866768323622598,-25.019595312741036,3.096147317884177e-98,-26.147123598744628,-24.739240037619005,1.0217286149017785e-96,36,True,physical_path
restricted_mean_clearance_time,restricted_clearance_time_contribution,0.0,Projected stochastic MPC,Reactive,88,-23.738636363636363,0.21411424685387964,-24.164211613889343,-23.313061113383384,1.8611771655120595e-95,-24.44588316111119,-23.031389566161536,5.95576692963859e-94,36,True,physical_path
restricted_mean_clearance_time,restricted_clearance_time_contribution,0.0,Behaviour cloning,Reactive,88,-23.75,0.21659431313416794,-24.18050465053057,-23.31949534946943,4.829521678474938e-95,-24.46543877423505,-23.03456122576495,1.4488565035424813e-93,36,True,physical_path
restricted_mean_clearance_time,restricted_clearance_time_contribution,0.0,Model-guided constrained SAC,Reactive,88,-23.746212121212125,0.21644311794848733,-24.176416254939497,-23.316007987484753,4.609893478474899e-95,-24.461151478372237,-23.031272764052012,1.4290669783272186e-93,36,True,physical_path
restricted_mean_clearance_time,restricted_clearance_time_contribution,0.125,Passive,Reactive,88,-1.2159090909090908,0.044112233475599,-1.303586931484582,-1.1282312503335996,9.228471521304216e-45,-1.3616174513451447,-1.070200730473037,2.307117880326054e-43,36,True,physical_path
restricted_mean_clearance_time,restricted_clearance_time_contribution,0.125,Projected stochastic MPC,Reactive,88,0.125,0.03545678930819846,0.05452579193246593,0.19547420806753407,0.0006769822002408526,0.00788168089965334,0.24211831910034665,0.009477750803371935,36,True,physical_path
restricted_mean_clearance_time,restricted_clearance_time_contribution,0.125,Behaviour cloning,Reactive,88,0.13257575757575762,0.035955619763417844,0.06111006996432067,0.20404144518719458,0.0003939182358543756,0.01380973755349342,0.25134177759802184,0.00630269177367001,36,True,physical_path
restricted_mean_clearance_time,restricted_clearance_time_contribution,0.125,Model-guided constrained SAC,Reactive,88,0.13257575757575762,0.035955619763417844,0.06111006996432067,0.20404144518719458,0.0003939182358543756,0.01380973755349342,0.25134177759802184,0.00630269177367001,36,True,physical_path
restricted_mean_clearance_time,restricted_clearance_time_contribution,0.25,Passive,Reactive,88,-1.0113636363636365,0.011363636363636364,-1.0339500941089668,-0.9887771786183062,3.1553069929181846e-87,-1.048899183595741,-0.9738280891315318,8.20379818158728e-86,36,True,physical_path
restricted_mean_clearance_time,restricted_clearance_time_contribution,0.25,Projected stochastic MPC,Reactive,88,0.011363636363636364,0.011363636363636364,-0.011222821381693983,0.03395009410896671,0.3200837731316944,-0.026171910868468286,0.04889918359574101,1.0,36,True,physical_path
restricted_mean_clearance_time,restricted_clearance_time_contribution,0.25,Behaviour cloning,Reactive,88,0.03409090909090909,0.019454845748129168,-0.00457770343511036,0.07275952161692853,0.08324391013942867,-0.030170939678645634,0.09835275786046381,0.8324391013942867,36,True,physical_path
restricted_mean_clearance_time,restricted_clearance_time_contribution,0.25,Model-guided constrained SAC,Reactive,88,0.03409090909090909,0.019454845748129168,-0.00457770343511036,0.07275952161692853,0.08324391013942867,-0.030170939678645634,0.09835275786046381,0.8324391013942867,36,True,physical_path
restricted_mean_clearance_time,restricted_clearance_time_contribution,0.375,Passive,Reactive,88,-1.0,0.0,-1.0,-1.0,0.0,-1.0,-1.0,0.0,36,True,physical_path
restricted_mean_clearance_time,restricted_clearance_time_contribution,0.375,Projected stochastic MPC,Reactive,88,0.0,0.0,0.0,0.0,1.0,0.0,0.0,1.0,36,True,physical_path
restricted_mean_clearance_time,restricted_clearance_time_contribution,0.375,Behaviour cloning,Reactive,88,0.0,0.0,0.0,0.0,1.0,0.0,0.0,1.0,36,True,physical_path
restricted_mean_clearance_time,restricted_clearance_time_contribution,0.375,Model-guided constrained SAC,Reactive,88,0.0,0.0,0.0,0.0,1.0,0.0,0.0,1.0,36,True,physical_path
restricted_mean_clearance_time,restricted_clearance_time_contribution,0.5,Passive,Reactive,88,-1.0,0.0,-1.0,-1.0,0.0,-1.0,-1.0,0.0,36,True,physical_path
restricted_mean_clearance_time,restricted_clearance_time_contribution,0.5,Projected stochastic MPC,Reactive,88,0.0,0.0,0.0,0.0,1.0,0.0,0.0,1.0,36,True,physical_path
restricted_mean_clearance_time,restricted_clearance_time_contribution,0.5,Behaviour cloning,Reactive,88,0.0,0.0,0.0,0.0,1.0,0.0,0.0,1.0,36,True,physical_path
restricted_mean_clearance_time,restricted_clearance_time_contribution,0.5,Model-guided constrained SAC,Reactive,88,0.0,0.0,0.0,0.0,1.0,0.0,0.0,1.0,36,True,physical_path
restricted_mean_clearance_time,restricted_clearance_time_contribution,0.625,Passive,Reactive,88,-0.4659090909090909,0.05348088174005493,-0.5722081343623098,-0.359610047455872,1.7482931070515497e-13,-0.6425632972151132,-0.2892548846030686,3.4965862141030994e-12,36,True,physical_path
restricted_mean_clearance_time,restricted_clearance_time_contribution,0.625,Projected stochastic MPC,Reactive,88,-0.011363636363636364,0.011363636363636364,-0.03395009410896671,0.011222821381693983,0.3200837731316944,-0.04889918359574101,0.026171910868468286,1.0,36,True,physical_path
restricted_mean_clearance_time,restricted_clearance_time_contribution,0.625,Behaviour cloning,Reactive,88,0.06060606060606055,0.025007519213739428,0.01090090831483427,0.11031121289728683,0.017442826913054155,-0.02199698023118657,0.14320910144330767,0.20931392295664986,36,True,physical_path
restricted_mean_clearance_time,restricted_clearance_time_contribution,0.625,Model-guided constrained SAC,Reactive,88,0.06060606060606055,0.025007519213739428,0.01090090831483427,0.11031121289728683,0.017442826913054155,-0.02199698023118657,0.14320910144330767,0.20931392295664986,36,True,physical_path
restricted_mean_clearance_time,restricted_clearance_time_contribution,0.75,Passive,Reactive,88,1.5909090909090908,0.19505134471015634,1.2032234228280996,1.978594758990082,2.379612979538906e-12,0.9466295022483742,2.2351886795698075,4.5212646611239214e-11,36,True,physical_path
restricted_mean_clearance_time,restricted_clearance_time_contribution,0.75,Projected stochastic MPC,Reactive,88,2.5795454545454546,0.24443737827698647,2.093699697152196,3.0653912119387132,3.0328805251617475e-17,1.772137467875981,3.3869534412149283,6.36904910283967e-16,36,True,physical_path
restricted_mean_clearance_time,restricted_clearance_time_contribution,0.75,Behaviour cloning,Reactive,88,1.1250000000000004,0.1654704985591599,0.7961094667051418,1.453890533294859,1.2642794759615114e-09,0.5784297371515223,1.6715702628484785,2.2757030567307205e-08,36,True,physical_path
restricted_mean_clearance_time,restricted_clearance_time_contribution,0.75,Model-guided constrained SAC,Reactive,88,1.1250000000000002,0.1672154410194049,0.7926412046202623,1.4573587953797382,1.7427385539767062e-09,0.572665968579745,1.6773340314202554,2.9626555417604007e-08,36,True,physical_path
restricted_mean_clearance_time,restricted_clearance_time_contribution,0.875,Passive,Reactive,88,5.329545454545454,0.05039444960473512,5.229381029164959,5.429709879925949,1.0978196700420807e-93,5.163086129128502,5.496004779962406,3.183677043122034e-92,36,True,physical_path
restricted_mean_clearance_time,restricted_clearance_time_contribution,0.875,Projected stochastic MPC,Reactive,88,6.2272727272727275,0.047747793767171844,6.132368816953489,6.322176637591966,1.478232664410421e-101,6.069555645273198,6.384989809272257,5.025991058995431e-100,36,True,physical_path
restricted_mean_clearance_time,restricted_clearance_time_contribution,0.875,Behaviour cloning,Reactive,88,4.337121212121213,0.04426152651080917,4.249146635472554,4.425095788769871,7.930298013836039e-91,4.190919717656998,4.483322706585428,2.220483443874091e-89,36,True,physical_path
restricted_mean_clearance_time,restricted_clearance_time_contribution,0.875,Model-guided constrained SAC,Reactive,88,4.43939393939394,0.049537936535563494,4.34093192648302,4.53785595230486,1.7425719268414487e-87,4.275763786412115,4.603024092375765,4.704944202471912e-86,36,True,physical_path
restricted_mean_clearance_time,restricted_clearance_time_contribution,1.0,Passive,Reactive,88,2.602272727272727,0.24111146150090762,2.123037589607479,3.0815078649379752,9.917934805414209e-18,1.8058506699522463,3.398694784593208,2.181945657191126e-16,36,True,physical_path
restricted_mean_clearance_time,restricted_clearance_time_contribution,1.0,Projected stochastic MPC,Reactive,88,-0.2159090909090909,0.0862077871142373,-0.3872564025148165,-0.04456177930336533,0.01412622653176529,-0.5006644598292385,0.06884627801105661,0.18364094491294877,36,True,physical_path
restricted_mean_clearance_time,restricted_clearance_time_contribution,1.0,Behaviour cloning,Reactive,88,2.117424242424243,0.18006408523579936,1.759527375392808,2.4753211094556784,1.1468033582796236e-19,1.5226494925209253,2.712198992327561,2.7523280598710966e-18,36,True,physical_path
restricted_mean_clearance_time,restricted_clearance_time_contribution,1.0,Model-guided constrained SAC,Reactive,88,2.5303030303030307,0.23057510190020147,2.0720100482379467,2.988596012368115,4.2764622447859744e-18,1.7686839190458634,3.291922141560198,9.835863163007741e-17,36,True,physical_path
terminal_outstanding_mass,ending_outstanding_mass,0.0,Reactive,Passive,88,17.865937012034525,1.3622998664382286,15.158218515494218,20.573655508574834,2.561994056499874e-22,13.366085965708109,22.36578805836094,7.685982169499622e-21,36,True,physical_path
terminal_outstanding_mass,ending_outstanding_mass,0.0,Projected stochastic MPC,Passive,88,-8.821413951861159e-08,2.993868048137026e-08,-1.4772050878323217e-07,-2.870777025399101e-08,0.004123948985083277,-1.8710543798284351e-07,1.0677158945620344e-08,0.05773528579116587,36,True,physical_path
terminal_outstanding_mass,ending_outstanding_mass,0.0,Behaviour cloning,Passive,88,-8.480138883553168e-08,2.9171307811905606e-08,-1.427825218272592e-07,-2.6820255843804153e-08,0.0046283496242308505,-1.8115795702878376e-07,1.1555179357720398e-08,0.060168545115001054,36,True,physical_path
terminal_outstanding_mass,ending_outstanding_mass,0.0,Model-guided constrained SAC,Passive,88,-8.633872968030767e-08,2.9067340936712647e-08,-1.4411321724989071e-07,-2.8564242110724605e-08,0.0038448413713495304,-1.8235188196077431e-07,9.674422600158994e-09,0.05767262057024296,36,True,physical_path
terminal_outstanding_mass,ending_outstanding_mass,0.125,Reactive,Passive,88,6.702223759246592e-08,2.5429198275856617e-08,1.64789525052028e-08,1.1756552267972903e-07,0.00994259323733094,-1.6973663227835464e-08,1.5101813841276731e-07,0.11931111884797127,36,True,physical_path
terminal_outstanding_mass,ending_outstanding_mass,0.125,Projected stochastic MPC,Passive,88,2.79261241562407e-08,2.9539638023938473e-08,-3.078710501528281e-08,8.663935332776421e-08,0.34708416695340605,-6.96470859312392e-08,1.254993342437206e-07,1.0,36,True,physical_path
terminal_outstanding_mass,ending_outstanding_mass,0.125,Behaviour cloning,Passive,88,2.96586974818084e-08,2.992275003051582e-08,-2.981600828676445e-08,8.913340325038126e-08,0.3243486118688629,-6.917998066166169e-08,1.284973756252785e-07,1.0,36,True,physical_path
terminal_outstanding_mass,ending_outstanding_mass,0.125,Model-guided constrained SAC,Passive,88,3.049154803539354e-08,2.994860659958371e-08,-2.903455046399214e-08,9.001764653477922e-08,0.3114395862124936,-6.843253766939328e-08,1.2941563374018034e-07,1.0,36,True,physical_path
terminal_outstanding_mass,ending_outstanding_mass,0.25,Reactive,Passive,88,7.122707177818678e-08,8.12746432943248e-09,5.5072856368687025e-08,8.738128718768654e-08,1.3680035717621516e-13,4.438101551129682e-08,9.807312804507675e-08,3.420008929405379e-12,36,True,physical_path
terminal_outstanding_mass,ending_outstanding_mass,0.25,Projected stochastic MPC,Passive,88,8.553464836906207e-08,1.004852414029158e-08,6.556211857007084e-08,1.0550717816805331e-07,4.4734518067692373e-13,5.2343085350746535e-08,1.1872621138737761e-07,1.0288939155569246e-11,36,True,physical_path
terminal_outstanding_mass,ending_outstanding_mass,0.25,Behaviour cloning,Passive,88,8.898044729886823e-08,1.2528497098194825e-08,6.407870271063156e-08,1.138821918871049e-07,3.172874989005839e-10,4.759721577612937e-08,1.303636788216071e-07,6.0284624791110935e-09,36,True,physical_path
terminal_outstanding_mass,ending_outstanding_mass,0.25,Model-guided constrained SAC,Passive,88,8.95886574445594e-08,1.253583943781157e-08,6.467231916129425e-08,1.1450499572782455e-07,2.5891840872397813e-10,4.8181173233098437e-08,1.3099614165602037e-07,5.178368174479562e-09,36,True,physical_path
terminal_outstanding_mass,ending_outstanding_mass,0.375,Reactive,Passive,88,-4.696045774909311e-08,4.2913729355797496e-09,-5.549002613523862e-08,-3.84308893629476e-08,4.935530642170764e-18,-6.113541252232768e-08,-3.278550297585853e-08,1.3325932733861064e-16,36,True,physical_path
terminal_outstanding_mass,ending_outstanding_mass,0.375,Projected stochastic MPC,Passive,88,-3.8750151903103165e-08,4.498090464825345e-09,-4.769059376232685e-08,-2.980971004387948e-08,2.759419516389534e-13,-5.360792116761552e-08,-2.3892382638590807e-08,6.622606839334882e-12,36,True,physical_path
terminal_outstanding_mass,ending_outstanding_mass,0.375,Behaviour cloning,Passive,88,-2.097639665954644e-08,4.525217092995191e-09,-2.9970755629572096e-08,-1.198203768952078e-08,1.2436358854420477e-05,-3.592376865335549e-08,-6.0290246657373884e-09,0.0002114181005251481,36,True,physical_path
terminal_outstanding_mass,ending_outstanding_mass,0.375,Model-guided constrained SAC,Passive,88,-2.05422419467297e-08,4.525656523716841e-09,-2.95374743328969e-08,-1.1547009560562505e-08,1.8028271404532455e-05,-3.549106543652823e-08,-5.593418456931172e-09,0.0002884523424725193,36,True,physical_path
terminal_outstanding_mass,ending_outstanding_mass,0.5,Reactive,Passive,88,-1.6530175228232999e-07,4.017737797891372e-09,-1.7328744120267232e-07,-1.5731606336198765e-07,8.319192069118823e-59,-1.785728551276788e-07,-1.5203064943698116e-07,2.994909144882776e-57,36,True,physical_path
terminal_outstanding_mass,ending_outstanding_mass,0.5,Projected stochastic MPC,Passive,88,-1.6318313597027738e-07,4.073190251078394e-09,-1.7127904264580865e-07,-1.550872292947461e-07,7.508447682974424e-58,-1.7663740537509108e-07,-1.4972886656546368e-07,2.6279566890410484e-56,36,True,physical_path
terminal_outstanding_mass,ending_outstanding_mass,0.5,Behaviour cloning,Passive,88,-1.5203707232271238e-07,4.0706692797071306e-09,-1.6012796829466847e-07,-1.4394617635075628e-07,2.40567536774687e-55,-1.6548301463600813e-07,-1.3859113000941662e-07,8.179296250339357e-54,36,True,physical_path
terminal_outstanding_mass,ending_outstanding_mass,0.5,Model-guided constrained SAC,Passive,88,-1.5166419846956063e-07,4.070388907320354e-09,-1.5975453717103885e-07,-1.435738597680824e-07,2.9252783907628548e-55,-1.6510921467693135e-07,-1.3821918226218992e-07,9.65341868951742e-54,36,True,physical_path
terminal_outstanding_mass,ending_outstanding_mass,0.625,Reactive,Passive,88,6.4109732867921e-09,3.02634449342901e-08,-5.3740900494017705e-08,6.656284706760191e-08,0.8327282480504705,-9.355306378608539e-08,1.063750103596696e-07,1.0,36,True,physical_path
terminal_outstanding_mass,ending_outstanding_mass,0.625,Projected stochastic MPC,Passive,88,1.1524718571297574e-08,3.016617706440372e-08,-4.843382478579353e-08,7.148326192838867e-08,0.7033625108260257,-8.811803026184272e-08,1.1116746740443787e-07,1.0,36,True,physical_path
terminal_outstanding_mass,ending_outstanding_mass,0.625,Behaviour cloning,Passive,88,-2.1795989613217187e-08,2.990179649440415e-08,-8.12290479598859e-08,3.7637068733451537e-08,0.4680088860452979,-1.2056545554158017e-07,7.697347631514578e-08,1.0,36,True,physical_path
terminal_outstanding_mass,ending_outstanding_mass,0.625,Model-guided constrained SAC,Passive,88,-2.1303833288182333e-08,2.9919660529258733e-08,-8.077239833847062e-08,3.816473176210595e-08,0.47834844832170853,-1.2013230641306084e-07,7.752463983669617e-08,1.0,36,True,physical_path
terminal_outstanding_mass,ending_outstanding_mass,0.75,Reactive,Passive,88,3.144829734921764e-07,2.7769533232836992e-08,2.592880192627267e-07,3.6967792772162613e-07,8.437062798879326e-19,2.2275664638000696e-07,4.0620930060434587e-07,2.3623775836862112e-17,36,True,physical_path
terminal_outstanding_mass,ending_outstanding_mass,0.75,Projected stochastic MPC,Passive,88,-7.449064467202236e-08,1.52440809612189e-08,-1.0478990623575532e-07,-4.419138310828939e-08,4.6383300013144525e-06,-1.2484379771384997e-07,-2.4137491630194737e-08,8.348994002366015e-05,36,True,physical_path
terminal_outstanding_mass,ending_outstanding_mass,0.75,Behaviour cloning,Passive,88,1.0942587280732959e-07,1.315133618526453e-08,8.32861680915358e-08,1.3556557752312338e-07,1.101416789931678e-12,6.598532395916862e-08,1.5286642165549056e-07,2.4231169378496916e-11,36,True,physical_path
terminal_outstanding_mass,ending_outstanding_mass,0.75,Model-guided constrained SAC,Passive,88,1.1281612139848911e-07,1.3613858893061856e-08,8.575710271825435e-08,1.3987514007872388e-07,1.2900146338584403e-12,6.784780077121676e-08,1.5778444202576144e-07,2.7090307311027245e-11,36,True,physical_path
terminal_outstanding_mass,ending_outstanding_mass,0.875,Reactive,Passive,88,-0.0006927071906466085,0.0006927114627328302,-0.0020695462307260605,0.0006841318494328433,0.3200867406310352,-0.002980821927477912,0.0015954075461846948,1.0,36,True,physical_path
terminal_outstanding_mass,ending_outstanding_mass,0.875,Projected stochastic MPC,Passive,88,0.015495956423317764,0.015495956442336326,-0.015303934932613422,0.04629584777924895,0.32008377372225016,-0.03568917361210197,0.06668108645873749,1.0,36,True,physical_path
terminal_outstanding_mass,ending_outstanding_mass,0.875,Behaviour cloning,Passive,88,-0.0006927113588257537,0.0006927114148201814,-0.002069550303673628,0.0006841275860221208,0.32008381202672714,-0.002980825937395438,0.0015954032197439305,1.0,36,True,physical_path
terminal_outstanding_mass,ending_outstanding_mass,0.875,Model-guided constrained SAC,Passive,88,-0.0006927113645280604,0.0006927114147546377,-0.0020695503092456593,0.0006841275801895386,0.3200838080202438,-0.002980825942881245,0.0015954032138251243,1.0,36,True,physical_path
terminal_outstanding_mass,ending_outstanding_mass,1.0,Reactive,Passive,88,-4.140515989221006,0.36206951182811814,-4.860168349441485,-3.4208636290005265,5.060760577344184e-19,-5.336477988323594,-2.944553990118419,1.467620567429813e-17,36,True,physical_path
terminal_outstanding_mass,ending_outstanding_mass,1.0,Projected stochastic MPC,Passive,88,-4.495631783046409,0.4155334967540457,-5.321549602472416,-3.669713963620403,8.783257127078415e-18,-5.868192176112521,-3.1230713899802978,2.283646853040388e-16,36,True,physical_path
terminal_outstanding_mass,ending_outstanding_mass,1.0,Behaviour cloning,Passive,88,-1.7331236546263404,0.12204868519099824,-1.9757086320690258,-1.490538677183655,2.2378226392198885e-24,-2.1362661031354033,-1.3299812061172778,6.937250181581655e-23,36,True,physical_path
terminal_outstanding_mass,ending_outstanding_mass,1.0,Model-guided constrained SAC,Passive,88,-0.5018419593612401,0.03400044619399704,-0.5694215277941522,-0.43426239092832797,2.056286773822214e-25,-0.6141497905156521,-0.38953412820682815,6.580117676231085e-24,36,True,physical_path
terminal_outstanding_mass,ending_outstanding_mass,0.0,Passive,Reactive,88,-17.865937012034525,1.3622998664382286,-20.573655508574834,-15.158218515494218,2.561994056499874e-22,-22.36578805836094,-13.366085965708109,7.685979000616358e-21,36,True,physical_path
terminal_outstanding_mass,ending_outstanding_mass,0.0,Projected stochastic MPC,Reactive,88,-17.865937100248665,1.3622998639336004,-20.573655591810752,-15.158218608686578,2.5619930478679537e-22,-22.365788138301973,-13.366086062195357,7.685979000616358e-21,36,True,physical_path
terminal_outstanding_mass,ending_outstanding_mass,0.0,Behaviour cloning,Reactive,88,-17.865937096835918,1.3622998633964492,-20.573655587330357,-15.158218606341476,2.56199301760978e-22,-22.365788133114947,-13.36608606055689,7.685979000616358e-21,36,True,physical_path
terminal_outstanding_mass,ending_outstanding_mass,0.0,Model-guided constrained SAC,Reactive,88,-17.865937098373255,1.362299863354388,-20.573655588784096,-15.158218607962414,2.5619930002054527e-22,-22.36578813451335,-13.366086062233162,7.685979000616358e-21,36,True,physical_path
terminal_outstanding_mass,ending_outstanding_mass,0.125,Passive,Reactive,88,-6.702223759246592e-08,2.5429198275856617e-08,-1.1756552267972903e-07,-1.64789525052028e-08,0.00994259323733094,-1.5101813841276731e-07,1.6973663227835464e-08,0.1491388985599641,36,True,physical_path
terminal_outstanding_mass,ending_outstanding_mass,0.125,Projected stochastic MPC,Reactive,88,-3.9096113436225225e-08,2.0534633076988132e-08,-7.991092019943969e-08,1.7186933269892426e-09,0.060227325765141476,-1.0692463813468514e-07,2.87324112622347e-08,0.5674605595523393,36,True,physical_path
terminal_outstanding_mass,ending_outstanding_mass,0.125,Behaviour cloning,Reactive,88,-3.736354011065752e-08,2.105526514061004e-08,-7.92131594751877e-08,4.486079253872662e-09,0.07947091578160134,-1.0691177923760475e-07,3.218469901628971e-08,0.6357673262528107,36,True,physical_path
terminal_outstanding_mass,ending_outstanding_mass,0.125,Model-guided constrained SAC,Reactive,88,-3.6530689557072395e-08,2.1070200590528366e-08,-7.84099947455495e-08,5.348615631404706e-09,0.08650293384749236,-1.0612826238917371e-07,3.306688327502892e-08,0.6357673262528107,36,True,physical_path
terminal_outstanding_mass,ending_outstanding_mass,0.25,Passive,Reactive,88,-7.122707177818678e-08,8.12746432943248e-09,-8.738128718768654e-08,-5.5072856368687025e-08,1.3680035717621516e-13,-9.807312804507675e-08,-4.438101551129682e-08,2.599206786348088e-12,36,True,physical_path
terminal_outstanding_mass,ending_outstanding_mass,0.25,Projected stochastic MPC,Reactive,88,1.4307576590875287e-08,6.87616556032618e-09,6.404529775934208e-10,2.7974700204157153e-08,0.04039727761307827,-8.405279479679444e-09,3.702043266143002e-08,0.4847673313569393,36,True,physical_path
terminal_outstanding_mass,ending_outstanding_mass,0.25,Behaviour cloning,Reactive,88,1.7753375520681437e-08,1.136482345817942e-08,-4.835441703593716e-09,4.034219274495659e-08,0.12188686471387247,-1.978609283683272e-08,5.52928438781956e-08,0.6598868019996812,36,True,physical_path
terminal_outstanding_mass,ending_outstanding_mass,0.25,Model-guided constrained SAC,Reactive,88,1.8361585666372615e-08,1.1371005381806708e-08,-4.239518800500288e-09,4.096269013324552e-08,0.10998113366661354,-1.9198302377135713e-08,5.5921473709880946e-08,0.6598868019996812,36,True,physical_path
terminal_outstanding_mass,ending_outstanding_mass,0.375,Passive,Reactive,88,4.696045774909311e-08,4.2913729355797496e-09,3.84308893629476e-08,5.549002613523862e-08,4.935530642170764e-18,3.278550297585853e-08,6.113541252232768e-08,1.0858167412775682e-16,36,True,physical_path
terminal_outstanding_mass,ending_outstanding_mass,0.375,Projected stochastic MPC,Reactive,88,8.210305845989947e-09,5.493027039217394e-10,7.118507242575829e-09,9.302104449404065e-09,9.345144666384207e-26,6.39588861826555e-09,1.0024723073714344e-08,2.8969948465791044e-24,36,True,physical_path
terminal_outstanding_mass,ending_outstanding_mass,0.375,Behaviour cloning,Reactive,88,2.598406108954667e-08,5.343062033084474e-10,2.4922069654946387e-08,2.7046052524146955e-08,7.30198571234211e-65,2.4219179225245887e-08,2.7748942953847455e-08,2.62871485644316e-63,36,True,physical_path
terminal_outstanding_mass,ending_outstanding_mass,0.375,Model-guided constrained SAC,Reactive,88,2.6418215802363412e-08,5.440554873075945e-10,2.533684661014686e-08,2.7499584994579963e-08,8.289947410612654e-65,2.462113080358006e-08,2.8215300801146765e-08,2.901481593714429e-63,36,True,physical_path
terminal_outstanding_mass,ending_outstanding_mass,0.5,Passive,Reactive,88,1.6530175228232999e-07,4.017737797891372e-09,1.5731606336198765e-07,1.7328744120267232e-07,8.319192069118823e-59,1.5203064943698116e-07,1.785728551276788e-07,2.6621414621180234e-57,36,True,physical_path
terminal_outstanding_mass,ending_outstanding_mass,0.5,Projected stochastic MPC,Reactive,88,2.11861631205259e-09,1.6408802937031296e-10,1.7924735859665255e-09,2.4447590381386546e-09,6.314268916987141e-22,1.5766125221071827e-09,2.6606201019979976e-09,1.6417099184166567e-20,36,True,physical_path
terminal_outstanding_mass,ending_outstanding_mass,0.5,Behaviour cloning,Reactive,88,1.3264679959617604e-08,2.843402212658133e-10,1.2699522981040805e-08,1.3829836938194403e-08,2.3830322483821337e-63,1.2325467768750322e-08,1.4203892150484886e-08,7.864006419661042e-62,36,True,physical_path
terminal_outstanding_mass,ending_outstanding_mass,0.5,Model-guided constrained SAC,Reactive,88,1.363755381276935e-08,2.907351490767168e-10,1.3059686222715435e-08,1.4215421402823266e-08,1.5061220550846686e-63,1.2677218355791566e-08,1.4597889269747135e-08,5.120814987287873e-62,36,True,physical_path
terminal_outstanding_mass,ending_outstanding_mass,0.625,Passive,Reactive,88,-6.4109732867921e-09,3.02634449342901e-08,-6.656284706760191e-08,5.3740900494017705e-08,0.8327282480504705,-1.063750103596696e-07,9.355306378608539e-08,1.0,36,True,physical_path
terminal_outstanding_mass,ending_outstanding_mass,0.625,Projected stochastic MPC,Reactive,88,5.1137452845054656e-09,6.5082389554152466e-09,-7.822084361838478e-09,1.804957493084941e-08,0.43415802060299047,-1.6383802057870028e-08,2.661129262688096e-08,1.0,36,True,physical_path
terminal_outstanding_mass,ending_outstanding_mass,0.625,Behaviour cloning,Reactive,88,-2.8206962900009283e-08,1.4291296072688917e-08,-5.661246132872713e-08,1.985355287085636e-10,0.051587323595667214,-7.541294534951706e-08,1.8999019549498496e-08,0.5674605595523393,36,True,physical_path
terminal_outstanding_mass,ending_outstanding_mass,0.625,Model-guided constrained SAC,Reactive,88,-2.7714806574974436e-08,1.4295680828476376e-08,-5.612902018060818e-08,6.994070306593097e-10,0.05578171028200117,-7.493527243478282e-08,1.9505659284833946e-08,0.5674605595523393,36,True,physical_path
terminal_outstanding_mass,ending_outstanding_mass,0.75,Passive,Reactive,88,-3.144829734921764e-07,2.7769533232836992e-08,-3.6967792772162613e-07,-2.592880192627267e-07,8.437062798879326e-19,-4.0620930060434587e-07,-2.2275664638000696e-07,1.940524443742245e-17,36,True,physical_path
terminal_outstanding_mass,ending_outstanding_mass,0.75,Projected stochastic MPC,Reactive,88,-3.889736181641988e-07,3.128124063401233e-08,-4.511484711067422e-07,-3.2679876522165535e-07,5.342953577118637e-21,-4.922995648703173e-07,-2.856476714580803e-07,1.3357383942796593e-19,36,True,physical_path
terminal_outstanding_mass,ending_outstanding_mass,0.75,Behaviour cloning,Reactive,88,-2.0505710068484676e-07,2.8248582631654865e-08,-2.612042174666771e-07,-1.4890998390301636e-07,1.5447427404601777e-10,-2.9836578935457007e-07,-1.1174841201512343e-07,2.78053693282832e-09,36,True,physical_path
terminal_outstanding_mass,ending_outstanding_mass,0.75,Model-guided constrained SAC,Reactive,88,-2.0166685209368726e-07,2.8465436781503733e-08,-2.582449899796542e-07,-1.450887142077203e-07,3.4394892396867804e-10,-2.95691837811614e-07,-1.076418663757605e-07,5.847131707467527e-09,36,True,physical_path
terminal_outstanding_mass,ending_outstanding_mass,0.875,Passive,Reactive,88,0.0006927071906466085,0.0006927114627328302,-0.0006841318494328433,0.0020695462307260605,0.3200867406310352,-0.0015954075461846948,0.002980821927477912,1.0,36,True,physical_path
terminal_outstanding_mass,ending_outstanding_mass,0.875,Projected stochastic MPC,Reactive,88,0.01618866361396437,0.016188667905066723,-0.015988066782041434,0.048365394009970177,0.32008390067553016,-0.03728458115827863,0.06966190838620737,1.0,36,True,physical_path
terminal_outstanding_mass,ending_outstanding_mass,0.875,Behaviour cloning,Reactive,88,-4.168179145054665e-09,1.8504961939589132e-09,-7.846240705216456e-09,-4.901175848928742e-10,0.026809317082141463,-1.0280605226678037e-08,1.944246936568707e-09,0.3742862477784603,36,True,physical_path
terminal_outstanding_mass,ending_outstanding_mass,0.875,Model-guided constrained SAC,Reactive,88,-4.173881451798569e-09,1.8520932454228155e-09,-7.855117324676135e-09,-4.926455789210021e-10,0.02673473198417574,-1.0291582799079616e-08,1.9438198954824784e-09,0.3742862477784603,36,True,physical_path
terminal_outstanding_mass,ending_outstanding_mass,1.0,Passive,Reactive,88,4.140515989221006,0.36206951182811814,3.4208636290005265,4.860168349441485,5.060760577344184e-19,2.944553990118419,5.336477988323594,1.2145825385626041e-17,36,True,physical_path
terminal_outstanding_mass,ending_outstanding_mass,1.0,Projected stochastic MPC,Reactive,88,-0.355115793825404,0.08178080428907658,-0.5176639977053876,-0.1925675899454204,3.796938775282895e-05,-0.6252482711277523,-0.08498331652305563,0.0006075102040452632,36,True,physical_path
terminal_outstanding_mass,ending_outstanding_mass,1.0,Behaviour cloning,Reactive,88,2.4073923345946655,0.2622402259196113,1.8861614897910572,2.928623179398274,1.9209047804177895e-14,1.5411792606122894,3.2736054085770414,3.841809560835579e-13,36,True,physical_path
terminal_outstanding_mass,ending_outstanding_mass,1.0,Model-guided constrained SAC,Reactive,88,3.6386740298597657,0.3349506145214596,2.9729234145135646,4.304424645205967,7.145888200905052e-18,2.532289224022006,4.745058835697526,1.500636522190061e-16,36,True,physical_path
