chi,path_id,period_offset,candidate_id,nested_formal_objective,state_sha256,teacher_action_sha256,teacher_action_0,teacher_action_1,teacher_action_2,teacher_action_3,teacher_action_4,teacher_action_5,teacher_action_6,teacher_action_7,teacher_action_8,teacher_action_9,teacher_action_10,teacher_action_11,teacher_action_12,teacher_action_13,teacher_action_14,teacher_action_15,teacher_action_16,teacher_action_17,teacher_action_18,teacher_action_19,teacher_action_20,teacher_action_21,teacher_action_22,teacher_action_23,teacher_action_24,teacher_action_25,teacher_action_26,teacher_action_27,teacher_action_28,teacher_action_29,teacher_action_30,teacher_action_31,teacher_action_32,teacher_action_33
0.0,training_000_60a9d350b650,0,zero,89.50943750000002,e9e7f4753113b72de8687b2525a4c6962f33b9932142184ca5ba11cdc4aa1831,e4d879a3407de578f579dfab4366fcea75a6649c683d9efe4f056f6505437574,0.0,0.0,0.0,0.0,0.0,0.0,0.0,0.0,0.0,0.0,0.0,0.0,0.0,0.0,0.0,0.0,0.0,0.0,0.0,0.0,0.0,0.0,0.0,0.0,0.0,0.0,0.0,0.0,0.0,0.0,0.0,0.0,0.0,0.0
0.0,training_000_60a9d350b650,1,zero,89.50943750000002,858b1ce50860df7e9d695dfd5d2a5386cbe77e1840119cccee821568e60025e9,e4d879a3407de578f579dfab4366fcea75a6649c683d9efe4f056f6505437574,0.0,0.0,0.0,0.0,0.0,0.0,0.0,0.0,0.0,0.0,0.0,0.0,0.0,0.0,0.0,0.0,0.0,0.0,0.0,0.0,0.0,0.0,0.0,0.0,0.0,0.0,0.0,0.0,0.0,0.0,0.0,0.0,0.0,0.0
0.0,training_000_60a9d350b650,2,release_full,15934.652673119606,7da40385264a9273309c2731b975a751bd4c13b5f2a0476fb26602c7bc06be9e,83d60cee168aad3323599a6a547cf1911271e7a9eced853af0ae65cf8cd4d989,0.0,0.0,0.0,0.0,0.0,0.0,0.0,0.0,0.0,0.0,0.0,0.0,0.0,0.0,0.0,0.0,0.0,0.0,0.0,0.0,0.0,0.0,0.0,0.0,0.0,0.0,0.0,0.0,0.0,0.0,1.0,0.0,0.0,0.0
0.0,training_000_60a9d350b650,3,release_full,19783.00525895344,3a028a731b35cc420b7c70a146c6e7a8639395917294e197c94a2a5a7448d59c,83d60cee168aad3323599a6a547cf1911271e7a9eced853af0ae65cf8cd4d989,0.0,0.0,0.0,0.0,0.0,0.0,0.0,0.0,0.0,0.0,0.0,0.0,0.0,0.0,0.0,0.0,0.0,0.0,0.0,0.0,0.0,0.0,0.0,0.0,0.0,0.0,0.0,0.0,0.0,0.0,1.0,0.0,0.0,0.0
0.0,training_000_60a9d350b650,4,release_full,19440.613555503693,a030478f46726a070b649d6c58d608f5c3a1a7ea1d1f80d606e2ffcae27c31c4,83d60cee168aad3323599a6a547cf1911271e7a9eced853af0ae65cf8cd4d989,0.0,0.0,0.0,0.0,0.0,0.0,0.0,0.0,0.0,0.0,0.0,0.0,0.0,0.0,0.0,0.0,0.0,0.0,0.0,0.0,0.0,0.0,0.0,0.0,0.0,0.0,0.0,0.0,0.0,0.0,1.0,0.0,0.0,0.0
0.0,training_000_60a9d350b650,5,release_full,20205.76331814199,e12178c9b38d9a58d46478e83c5601851c16eb18d877c130bd8472d4039f4996,83d60cee168aad3323599a6a547cf1911271e7a9eced853af0ae65cf8cd4d989,0.0,0.0,0.0,0.0,0.0,0.0,0.0,0.0,0.0,0.0,0.0,0.0,0.0,0.0,0.0,0.0,0.0,0.0,0.0,0.0,0.0,0.0,0.0,0.0,0.0,0.0,0.0,0.0,0.0,0.0,1.0,0.0,0.0,0.0
0.0,training_000_60a9d350b650,6,release_full,20967.404926450046,5eac010125caaf3166b3da8503d5eaf6380197e4eeee4b4ae8c0cf60a6bd46a1,83d60cee168aad3323599a6a547cf1911271e7a9eced853af0ae65cf8cd4d989,0.0,0.0,0.0,0.0,0.0,0.0,0.0,0.0,0.0,0.0,0.0,0.0,0.0,0.0,0.0,0.0,0.0,0.0,0.0,0.0,0.0,0.0,0.0,0.0,0.0,0.0,0.0,0.0,0.0,0.0,1.0,0.0,0.0,0.0
0.0,training_000_60a9d350b650,7,release_full,19301.560785933216,7c737ade37b7e6ab1555935c860ca756ce481dc30fd26682fcacfe5b039715ac,83d60cee168aad3323599a6a547cf1911271e7a9eced853af0ae65cf8cd4d989,0.0,0.0,0.0,0.0,0.0,0.0,0.0,0.0,0.0,0.0,0.0,0.0,0.0,0.0,0.0,0.0,0.0,0.0,0.0,0.0,0.0,0.0,0.0,0.0,0.0,0.0,0.0,0.0,0.0,0.0,1.0,0.0,0.0,0.0
0.0,training_000_60a9d350b650,8,release_full,22509.68247184978,8bf97e63c5e89e08fa343a863d44477c3adce3fcdc68bf10e884e0cc09bf9ec3,83d60cee168aad3323599a6a547cf1911271e7a9eced853af0ae65cf8cd4d989,0.0,0.0,0.0,0.0,0.0,0.0,0.0,0.0,0.0,0.0,0.0,0.0,0.0,0.0,0.0,0.0,0.0,0.0,0.0,0.0,0.0,0.0,0.0,0.0,0.0,0.0,0.0,0.0,0.0,0.0,1.0,0.0,0.0,0.0
0.0,training_000_60a9d350b650,9,release_full,22988.532080857432,55222aa263fdcd396ffe1689209f6ceeb3ea74ea76915ce0691a4979284938ae,83d60cee168aad3323599a6a547cf1911271e7a9eced853af0ae65cf8cd4d989,0.0,0.0,0.0,0.0,0.0,0.0,0.0,0.0,0.0,0.0,0.0,0.0,0.0,0.0,0.0,0.0,0.0,0.0,0.0,0.0,0.0,0.0,0.0,0.0,0.0,0.0,0.0,0.0,0.0,0.0,1.0,0.0,0.0,0.0
0.0,training_000_60a9d350b650,10,release_full,26014.593832432794,dd0164a1a8a814f62bb78e15866a50574edf0a112aea5d45d24bc3c473a33e98,83d60cee168aad3323599a6a547cf1911271e7a9eced853af0ae65cf8cd4d989,0.0,0.0,0.0,0.0,0.0,0.0,0.0,0.0,0.0,0.0,0.0,0.0,0.0,0.0,0.0,0.0,0.0,0.0,0.0,0.0,0.0,0.0,0.0,0.0,0.0,0.0,0.0,0.0,0.0,0.0,1.0,0.0,0.0,0.0
0.0,training_000_60a9d350b650,11,release_full,29800.883730733643,07a44e2b9670f2ab1234241e2b7d491356efbf17be2c5eb1af0c7b2a7a9aaae8,83d60cee168aad3323599a6a547cf1911271e7a9eced853af0ae65cf8cd4d989,0.0,0.0,0.0,0.0,0.0,0.0,0.0,0.0,0.0,0.0,0.0,0.0,0.0,0.0,0.0,0.0,0.0,0.0,0.0,0.0,0.0,0.0,0.0,0.0,0.0,0.0,0.0,0.0,0.0,0.0,1.0,0.0,0.0,0.0
0.0,training_000_60a9d350b650,12,release_full,25314.67433438173,9a53d69286d228e74247bc74beeea5c7feb212ccc0d409afe426c5d171f61da9,83d60cee168aad3323599a6a547cf1911271e7a9eced853af0ae65cf8cd4d989,0.0,0.0,0.0,0.0,0.0,0.0,0.0,0.0,0.0,0.0,0.0,0.0,0.0,0.0,0.0,0.0,0.0,0.0,0.0,0.0,0.0,0.0,0.0,0.0,0.0,0.0,0.0,0.0,0.0,0.0,1.0,0.0,0.0,0.0
0.0,training_000_60a9d350b650,13,release_full,21960.611230502454,992bb68c20840895b79472a91bef0fdd6d2209f3b8be5b95579c89e9699a9d6b,83d60cee168aad3323599a6a547cf1911271e7a9eced853af0ae65cf8cd4d989,0.0,0.0,0.0,0.0,0.0,0.0,0.0,0.0,0.0,0.0,0.0,0.0,0.0,0.0,0.0,0.0,0.0,0.0,0.0,0.0,0.0,0.0,0.0,0.0,0.0,0.0,0.0,0.0,0.0,0.0,1.0,0.0,0.0,0.0
0.0,training_000_60a9d350b650,14,release_full,21334.254956896188,dd88a49cca31248a88cfb49589167059eb6d094466b37d72a7eae94d30fdfc75,83d60cee168aad3323599a6a547cf1911271e7a9eced853af0ae65cf8cd4d989,0.0,0.0,0.0,0.0,0.0,0.0,0.0,0.0,0.0,0.0,0.0,0.0,0.0,0.0,0.0,0.0,0.0,0.0,0.0,0.0,0.0,0.0,0.0,0.0,0.0,0.0,0.0,0.0,0.0,0.0,1.0,0.0,0.0,0.0
0.0,training_000_60a9d350b650,15,release_full,17450.920046798397,7e1926376077a53cbb8cec6ef6e45b81f6c823fcb532dfc7892265b6ebb7121b,83d60cee168aad3323599a6a547cf1911271e7a9eced853af0ae65cf8cd4d989,0.0,0.0,0.0,0.0,0.0,0.0,0.0,0.0,0.0,0.0,0.0,0.0,0.0,0.0,0.0,0.0,0.0,0.0,0.0,0.0,0.0,0.0,0.0,0.0,0.0,0.0,0.0,0.0,0.0,0.0,1.0,0.0,0.0,0.0
0.0,training_000_60a9d350b650,16,release_full,16811.76109743765,435151b00e26798511eb2929f25464c5fa83be0cdff035d2d8ca2bc1a900c547,83d60cee168aad3323599a6a547cf1911271e7a9eced853af0ae65cf8cd4d989,0.0,0.0,0.0,0.0,0.0,0.0,0.0,0.0,0.0,0.0,0.0,0.0,0.0,0.0,0.0,0.0,0.0,0.0,0.0,0.0,0.0,0.0,0.0,0.0,0.0,0.0,0.0,0.0,0.0,0.0,1.0,0.0,0.0,0.0
0.0,training_000_60a9d350b650,17,release_full,14039.539755248145,db9fd139503b64fa5837f8cdc7f92bd1cd5f1000418628307f24cfd53852ae24,83d60cee168aad3323599a6a547cf1911271e7a9eced853af0ae65cf8cd4d989,0.0,0.0,0.0,0.0,0.0,0.0,0.0,0.0,0.0,0.0,0.0,0.0,0.0,0.0,0.0,0.0,0.0,0.0,0.0,0.0,0.0,0.0,0.0,0.0,0.0,0.0,0.0,0.0,0.0,0.0,1.0,0.0,0.0,0.0
0.0,training_000_60a9d350b650,18,release_full,11627.729755813318,2171fd12171b2606cf9fe5faf949dc3fba9445f0e1e8389b56e0802b9ec30d05,83d60cee168aad3323599a6a547cf1911271e7a9eced853af0ae65cf8cd4d989,0.0,0.0,0.0,0.0,0.0,0.0,0.0,0.0,0.0,0.0,0.0,0.0,0.0,0.0,0.0,0.0,0.0,0.0,0.0,0.0,0.0,0.0,0.0,0.0,0.0,0.0,0.0,0.0,0.0,0.0,1.0,0.0,0.0,0.0
0.0,training_000_60a9d350b650,19,release_full,9259.22072927919,f5c515683f2eac3347d76a58cf514f6ad0ec0d08a19812a34c54d1d796c15b44,83d60cee168aad3323599a6a547cf1911271e7a9eced853af0ae65cf8cd4d989,0.0,0.0,0.0,0.0,0.0,0.0,0.0,0.0,0.0,0.0,0.0,0.0,0.0,0.0,0.0,0.0,0.0,0.0,0.0,0.0,0.0,0.0,0.0,0.0,0.0,0.0,0.0,0.0,0.0,0.0,1.0,0.0,0.0,0.0
0.0,training_000_60a9d350b650,20,release_full,6607.035650120451,c5d406832b26ca6565f8431a2f1670d90ee0c5d95bdc9d4983a3c49c32a9cab3,83d60cee168aad3323599a6a547cf1911271e7a9eced853af0ae65cf8cd4d989,0.0,0.0,0.0,0.0,0.0,0.0,0.0,0.0,0.0,0.0,0.0,0.0,0.0,0.0,0.0,0.0,0.0,0.0,0.0,0.0,0.0,0.0,0.0,0.0,0.0,0.0,0.0,0.0,0.0,0.0,1.0,0.0,0.0,0.0
0.0,training_001_8a16fe9edafd,0,zero,189.51887500000004,3e7e80571d94a543598ed7d084174d821f7c56ea23988016e10aa547feb4d966,e4d879a3407de578f579dfab4366fcea75a6649c683d9efe4f056f6505437574,0.0,0.0,0.0,0.0,0.0,0.0,0.0,0.0,0.0,0.0,0.0,0.0,0.0,0.0,0.0,0.0,0.0,0.0,0.0,0.0,0.0,0.0,0.0,0.0,0.0,0.0,0.0,0.0,0.0,0.0,0.0,0.0,0.0,0.0
0.0,training_001_8a16fe9edafd,1,zero,189.51887500000004,9a1ff029af34639d13f11401afc0f3b4f207e4679ee985bed3b2c8b718d8bdb6,e4d879a3407de578f579dfab4366fcea75a6649c683d9efe4f056f6505437574,0.0,0.0,0.0,0.0,0.0,0.0,0.0,0.0,0.0,0.0,0.0,0.0,0.0,0.0,0.0,0.0,0.0,0.0,0.0,0.0,0.0,0.0,0.0,0.0,0.0,0.0,0.0,0.0,0.0,0.0,0.0,0.0,0.0,0.0
0.0,training_001_8a16fe9edafd,2,zero,189.51887500000004,8ec960abde00ba9d2c73c09b26a189f6371a372eeb28837d34d4b43157160023,e4d879a3407de578f579dfab4366fcea75a6649c683d9efe4f056f6505437574,0.0,0.0,0.0,0.0,0.0,0.0,0.0,0.0,0.0,0.0,0.0,0.0,0.0,0.0,0.0,0.0,0.0,0.0,0.0,0.0,0.0,0.0,0.0,0.0,0.0,0.0,0.0,0.0,0.0,0.0,0.0,0.0,0.0,0.0
0.0,training_001_8a16fe9edafd,3,zero,189.51887500000004,6cab55e5b05526224a7fb81989addca856a9d976b52e241ca727102606713a49,e4d879a3407de578f579dfab4366fcea75a6649c683d9efe4f056f6505437574,0.0,0.0,0.0,0.0,0.0,0.0,0.0,0.0,0.0,0.0,0.0,0.0,0.0,0.0,0.0,0.0,0.0,0.0,0.0,0.0,0.0,0.0,0.0,0.0,0.0,0.0,0.0,0.0,0.0,0.0,0.0,0.0,0.0,0.0
0.0,training_001_8a16fe9edafd,4,release_full,6611.683026917185,6a4064336d3047752cea3c15b42806afc5d421abff72b49c4ed9bf5f67d2a1a6,83d60cee168aad3323599a6a547cf1911271e7a9eced853af0ae65cf8cd4d989,0.0,0.0,0.0,0.0,0.0,0.0,0.0,0.0,0.0,0.0,0.0,0.0,0.0,0.0,0.0,0.0,0.0,0.0,0.0,0.0,0.0,0.0,0.0,0.0,0.0,0.0,0.0,0.0,0.0,0.0,1.0,0.0,0.0,0.0
0.0,training_001_8a16fe9edafd,5,release_full,5059.545867314791,db87a80278b6a0f6a8b4dcccf383c5f59f9e9ed3b40bd3ac7604eca112431919,83d60cee168aad3323599a6a547cf1911271e7a9eced853af0ae65cf8cd4d989,0.0,0.0,0.0,0.0,0.0,0.0,0.0,0.0,0.0,0.0,0.0,0.0,0.0,0.0,0.0,0.0,0.0,0.0,0.0,0.0,0.0,0.0,0.0,0.0,0.0,0.0,0.0,0.0,0.0,0.0,1.0,0.0,0.0,0.0
0.0,training_001_8a16fe9edafd,6,release_full,6971.245147101757,b9b3d7e56d06080f3822616fe05d451d8f7251ac7b3afe0b420ab4851706415c,83d60cee168aad3323599a6a547cf1911271e7a9eced853af0ae65cf8cd4d989,0.0,0.0,0.0,0.0,0.0,0.0,0.0,0.0,0.0,0.0,0.0,0.0,0.0,0.0,0.0,0.0,0.0,0.0,0.0,0.0,0.0,0.0,0.0,0.0,0.0,0.0,0.0,0.0,0.0,0.0,1.0,0.0,0.0,0.0
0.0,training_001_8a16fe9edafd,7,release_full,7175.042221161933,9dc7b0826bb39fba7d5b8d471e1d700cdaa7ee4bd46f17ef7044c063ae7c51ff,83d60cee168aad3323599a6a547cf1911271e7a9eced853af0ae65cf8cd4d989,0.0,0.0,0.0,0.0,0.0,0.0,0.0,0.0,0.0,0.0,0.0,0.0,0.0,0.0,0.0,0.0,0.0,0.0,0.0,0.0,0.0,0.0,0.0,0.0,0.0,0.0,0.0,0.0,0.0,0.0,1.0,0.0,0.0,0.0
0.0,training_001_8a16fe9edafd,8,release_full,6984.234535624135,1f217c59271c41042dda6820f6013e15c747ec18bae28d0f9b1f5f4134bdf943,83d60cee168aad3323599a6a547cf1911271e7a9eced853af0ae65cf8cd4d989,0.0,0.0,0.0,0.0,0.0,0.0,0.0,0.0,0.0,0.0,0.0,0.0,0.0,0.0,0.0,0.0,0.0,0.0,0.0,0.0,0.0,0.0,0.0,0.0,0.0,0.0,0.0,0.0,0.0,0.0,1.0,0.0,0.0,0.0
0.0,training_001_8a16fe9edafd,9,release_full,6657.940576082016,e92e9e97d9bea1c20a4cba69d352f3ddde95f188aa442f589971cde0e5aa36c8,83d60cee168aad3323599a6a547cf1911271e7a9eced853af0ae65cf8cd4d989,0.0,0.0,0.0,0.0,0.0,0.0,0.0,0.0,0.0,0.0,0.0,0.0,0.0,0.0,0.0,0.0,0.0,0.0,0.0,0.0,0.0,0.0,0.0,0.0,0.0,0.0,0.0,0.0,0.0,0.0,1.0,0.0,0.0,0.0
0.0,training_001_8a16fe9edafd,10,release_full,7713.820620765335,9d979deee751891a36c1fa77ed3d8f5ae6f4cbfd1605e7b9894951f402cff753,83d60cee168aad3323599a6a547cf1911271e7a9eced853af0ae65cf8cd4d989,0.0,0.0,0.0,0.0,0.0,0.0,0.0,0.0,0.0,0.0,0.0,0.0,0.0,0.0,0.0,0.0,0.0,0.0,0.0,0.0,0.0,0.0,0.0,0.0,0.0,0.0,0.0,0.0,0.0,0.0,1.0,0.0,0.0,0.0
0.0,training_001_8a16fe9edafd,11,release_full,7010.399125094584,a9a00d3c9e9c9ebc12a9aa79bf6bc8e35a4d7513d000afe17fa41212439a7500,83d60cee168aad3323599a6a547cf1911271e7a9eced853af0ae65cf8cd4d989,0.0,0.0,0.0,0.0,0.0,0.0,0.0,0.0,0.0,0.0,0.0,0.0,0.0,0.0,0.0,0.0,0.0,0.0,0.0,0.0,0.0,0.0,0.0,0.0,0.0,0.0,0.0,0.0,0.0,0.0,1.0,0.0,0.0,0.0
0.0,training_001_8a16fe9edafd,12,release_full,7975.310282721979,382fee493be26a7427d03f9f1416ebf6e5bba8bb4f9d81e439b6ccc280bb843d,83d60cee168aad3323599a6a547cf1911271e7a9eced853af0ae65cf8cd4d989,0.0,0.0,0.0,0.0,0.0,0.0,0.0,0.0,0.0,0.0,0.0,0.0,0.0,0.0,0.0,0.0,0.0,0.0,0.0,0.0,0.0,0.0,0.0,0.0,0.0,0.0,0.0,0.0,0.0,0.0,1.0,0.0,0.0,0.0
0.0,training_001_8a16fe9edafd,13,release_full,7886.245552144135,563d657fb115fa5d390f61eeaedb05d11d8d3d2e1b0f23b47a6a9419f71eede0,83d60cee168aad3323599a6a547cf1911271e7a9eced853af0ae65cf8cd4d989,0.0,0.0,0.0,0.0,0.0,0.0,0.0,0.0,0.0,0.0,0.0,0.0,0.0,0.0,0.0,0.0,0.0,0.0,0.0,0.0,0.0,0.0,0.0,0.0,0.0,0.0,0.0,0.0,0.0,0.0,1.0,0.0,0.0,0.0
0.0,training_001_8a16fe9edafd,14,release_full,7311.349993566582,2fd662e41d680b44a4225c226d28b94457f8d604f734eb01459bfb8be8f0dc42,83d60cee168aad3323599a6a547cf1911271e7a9eced853af0ae65cf8cd4d989,0.0,0.0,0.0,0.0,0.0,0.0,0.0,0.0,0.0,0.0,0.0,0.0,0.0,0.0,0.0,0.0,0.0,0.0,0.0,0.0,0.0,0.0,0.0,0.0,0.0,0.0,0.0,0.0,0.0,0.0,1.0,0.0,0.0,0.0
0.0,training_001_8a16fe9edafd,15,release_full,7846.204911133889,e23e59c85e2a3495410bc2bd7191718dd057a43538b3405659c41f00a9cb137b,83d60cee168aad3323599a6a547cf1911271e7a9eced853af0ae65cf8cd4d989,0.0,0.0,0.0,0.0,0.0,0.0,0.0,0.0,0.0,0.0,0.0,0.0,0.0,0.0,0.0,0.0,0.0,0.0,0.0,0.0,0.0,0.0,0.0,0.0,0.0,0.0,0.0,0.0,0.0,0.0,1.0,0.0,0.0,0.0
0.0,training_001_8a16fe9edafd,16,release_full,7820.24039248263,931b1f6b9d6c6506d17113a7fa75bf79d48b28eef4a83637d9ea42240cd9a52f,83d60cee168aad3323599a6a547cf1911271e7a9eced853af0ae65cf8cd4d989,0.0,0.0,0.0,0.0,0.0,0.0,0.0,0.0,0.0,0.0,0.0,0.0,0.0,0.0,0.0,0.0,0.0,0.0,0.0,0.0,0.0,0.0,0.0,0.0,0.0,0.0,0.0,0.0,0.0,0.0,1.0,0.0,0.0,0.0
0.0,training_001_8a16fe9edafd,17,release_full,8190.934910181337,9bd4c20c1c5a015ecf62da1f406d0637112914145f430c419bcc18c8430f93c3,83d60cee168aad3323599a6a547cf1911271e7a9eced853af0ae65cf8cd4d989,0.0,0.0,0.0,0.0,0.0,0.0,0.0,0.0,0.0,0.0,0.0,0.0,0.0,0.0,0.0,0.0,0.0,0.0,0.0,0.0,0.0,0.0,0.0,0.0,0.0,0.0,0.0,0.0,0.0,0.0,1.0,0.0,0.0,0.0
0.0,training_001_8a16fe9edafd,18,release_full,9634.115891077774,68ad6092b181c26011409f677922d2f10d6ac4024309b4db9d01297826945b2c,83d60cee168aad3323599a6a547cf1911271e7a9eced853af0ae65cf8cd4d989,0.0,0.0,0.0,0.0,0.0,0.0,0.0,0.0,0.0,0.0,0.0,0.0,0.0,0.0,0.0,0.0,0.0,0.0,0.0,0.0,0.0,0.0,0.0,0.0,0.0,0.0,0.0,0.0,0.0,0.0,1.0,0.0,0.0,0.0
0.0,training_001_8a16fe9edafd,19,release_full,6286.838870677854,fc8bf5100ce1c5c8e2c0fd7b8ac8ca3b9b58a58aae715434b4275538cdd92e20,83d60cee168aad3323599a6a547cf1911271e7a9eced853af0ae65cf8cd4d989,0.0,0.0,0.0,0.0,0.0,0.0,0.0,0.0,0.0,0.0,0.0,0.0,0.0,0.0,0.0,0.0,0.0,0.0,0.0,0.0,0.0,0.0,0.0,0.0,0.0,0.0,0.0,0.0,0.0,0.0,1.0,0.0,0.0,0.0
0.0,training_001_8a16fe9edafd,20,release_full,4090.4126621063,26ab96c0ec5d4eae104b72de65086a45a862365534b534e1d801d0cf78d01c52,83d60cee168aad3323599a6a547cf1911271e7a9eced853af0ae65cf8cd4d989,0.0,0.0,0.0,0.0,0.0,0.0,0.0,0.0,0.0,0.0,0.0,0.0,0.0,0.0,0.0,0.0,0.0,0.0,0.0,0.0,0.0,0.0,0.0,0.0,0.0,0.0,0.0,0.0,0.0,0.0,1.0,0.0,0.0,0.0
0.0,training_002_7ec3e8f1af07,0,zero,289.5283125,5bac43878fde5e28d8516ea4406041f4dbad080df822ad64bf897a6c8842911c,e4d879a3407de578f579dfab4366fcea75a6649c683d9efe4f056f6505437574,0.0,0.0,0.0,0.0,0.0,0.0,0.0,0.0,0.0,0.0,0.0,0.0,0.0,0.0,0.0,0.0,0.0,0.0,0.0,0.0,0.0,0.0,0.0,0.0,0.0,0.0,0.0,0.0,0.0,0.0,0.0,0.0,0.0,0.0
0.0,training_002_7ec3e8f1af07,1,zero,289.5283125,85fcb8d67d304669250f36e2b67677012b5ae7a73da55c984ada024aa20d9d1a,e4d879a3407de578f579dfab4366fcea75a6649c683d9efe4f056f6505437574,0.0,0.0,0.0,0.0,0.0,0.0,0.0,0.0,0.0,0.0,0.0,0.0,0.0,0.0,0.0,0.0,0.0,0.0,0.0,0.0,0.0,0.0,0.0,0.0,0.0,0.0,0.0,0.0,0.0,0.0,0.0,0.0,0.0,0.0
0.0,training_002_7ec3e8f1af07,2,zero,289.5283125,273dfdcf9228401f9cbb7752aa8bb7dd500672482994bd35e252269c4099a384,e4d879a3407de578f579dfab4366fcea75a6649c683d9efe4f056f6505437574,0.0,0.0,0.0,0.0,0.0,0.0,0.0,0.0,0.0,0.0,0.0,0.0,0.0,0.0,0.0,0.0,0.0,0.0,0.0,0.0,0.0,0.0,0.0,0.0,0.0,0.0,0.0,0.0,0.0,0.0,0.0,0.0,0.0,0.0
0.0,training_002_7ec3e8f1af07,3,zero,289.5283125,7b797ca0d03141587cfc2670ccda3f42e5ef1c8b8cd99a93d9bf2cb6dce31550,e4d879a3407de578f579dfab4366fcea75a6649c683d9efe4f056f6505437574,0.0,0.0,0.0,0.0,0.0,0.0,0.0,0.0,0.0,0.0,0.0,0.0,0.0,0.0,0.0,0.0,0.0,0.0,0.0,0.0,0.0,0.0,0.0,0.0,0.0,0.0,0.0,0.0,0.0,0.0,0.0,0.0,0.0,0.0
0.0,training_002_7ec3e8f1af07,4,zero,289.5283125,a21d1540bac52636b953ca59f218e397a181116ee1e67c7775fac694f49bf956,e4d879a3407de578f579dfab4366fcea75a6649c683d9efe4f056f6505437574,0.0,0.0,0.0,0.0,0.0,0.0,0.0,0.0,0.0,0.0,0.0,0.0,0.0,0.0,0.0,0.0,0.0,0.0,0.0,0.0,0.0,0.0,0.0,0.0,0.0,0.0,0.0,0.0,0.0,0.0,0.0,0.0,0.0,0.0
0.0,training_002_7ec3e8f1af07,5,zero,289.5283125,aa1ec7620f3668676a2f4d1f9dfa89ab9fe4bc50dfca2e9cdb9816b4839daa9d,e4d879a3407de578f579dfab4366fcea75a6649c683d9efe4f056f6505437574,0.0,0.0,0.0,0.0,0.0,0.0,0.0,0.0,0.0,0.0,0.0,0.0,0.0,0.0,0.0,0.0,0.0,0.0,0.0,0.0,0.0,0.0,0.0,0.0,0.0,0.0,0.0,0.0,0.0,0.0,0.0,0.0,0.0,0.0
0.0,training_002_7ec3e8f1af07,6,release_full,16581.500865718866,d7380a5fb8d02a7a4aca082e6c836baa1e2d37b13ae12ebbd891791a4da78aa5,83d60cee168aad3323599a6a547cf1911271e7a9eced853af0ae65cf8cd4d989,0.0,0.0,0.0,0.0,0.0,0.0,0.0,0.0,0.0,0.0,0.0,0.0,0.0,0.0,0.0,0.0,0.0,0.0,0.0,0.0,0.0,0.0,0.0,0.0,0.0,0.0,0.0,0.0,0.0,0.0,1.0,0.0,0.0,0.0
0.0,training_002_7ec3e8f1af07,7,release_full,20936.788449503256,8d510cbd61d4231e7e214b9223d4cebdd44204784fd6f9f750d3e3ec956be85d,83d60cee168aad3323599a6a547cf1911271e7a9eced853af0ae65cf8cd4d989,0.0,0.0,0.0,0.0,0.0,0.0,0.0,0.0,0.0,0.0,0.0,0.0,0.0,0.0,0.0,0.0,0.0,0.0,0.0,0.0,0.0,0.0,0.0,0.0,0.0,0.0,0.0,0.0,0.0,0.0,1.0,0.0,0.0,0.0
0.0,training_002_7ec3e8f1af07,8,release_full,21685.21478894252,8229349a4813aa162907e8dfc4ef4dfcbd557d5fe0615dcc23b5fe0edaec9a7d,83d60cee168aad3323599a6a547cf1911271e7a9eced853af0ae65cf8cd4d989,0.0,0.0,0.0,0.0,0.0,0.0,0.0,0.0,0.0,0.0,0.0,0.0,0.0,0.0,0.0,0.0,0.0,0.0,0.0,0.0,0.0,0.0,0.0,0.0,0.0,0.0,0.0,0.0,0.0,0.0,1.0,0.0,0.0,0.0
0.0,training_002_7ec3e8f1af07,9,release_full,20104.93434252347,aa565f5cd91bcf9b0a84af07448c84917f11bc6cb8a58baef362e899eb95e899,83d60cee168aad3323599a6a547cf1911271e7a9eced853af0ae65cf8cd4d989,0.0,0.0,0.0,0.0,0.0,0.0,0.0,0.0,0.0,0.0,0.0,0.0,0.0,0.0,0.0,0.0,0.0,0.0,0.0,0.0,0.0,0.0,0.0,0.0,0.0,0.0,0.0,0.0,0.0,0.0,1.0,0.0,0.0,0.0
0.0,training_002_7ec3e8f1af07,10,release_full,21476.72400074643,3f5896692ee4f587bc23efd6139fe942d228c5303c47be853541f22cd89d118b,83d60cee168aad3323599a6a547cf1911271e7a9eced853af0ae65cf8cd4d989,0.0,0.0,0.0,0.0,0.0,0.0,0.0,0.0,0.0,0.0,0.0,0.0,0.0,0.0,0.0,0.0,0.0,0.0,0.0,0.0,0.0,0.0,0.0,0.0,0.0,0.0,0.0,0.0,0.0,0.0,1.0,0.0,0.0,0.0
0.0,training_002_7ec3e8f1af07,11,release_full,20418.285837320545,1821c479984780921cbe3769981a29e412c84e3cc2daca0c71e30a88fac9c156,83d60cee168aad3323599a6a547cf1911271e7a9eced853af0ae65cf8cd4d989,0.0,0.0,0.0,0.0,0.0,0.0,0.0,0.0,0.0,0.0,0.0,0.0,0.0,0.0,0.0,0.0,0.0,0.0,0.0,0.0,0.0,0.0,0.0,0.0,0.0,0.0,0.0,0.0,0.0,0.0,1.0,0.0,0.0,0.0
0.0,training_002_7ec3e8f1af07,12,release_full,19955.76818705751,d535fb982012c38a2944a5588f3188e880a70b717eda1ade78a8d0ac8caea5e8,83d60cee168aad3323599a6a547cf1911271e7a9eced853af0ae65cf8cd4d989,0.0,0.0,0.0,0.0,0.0,0.0,0.0,0.0,0.0,0.0,0.0,0.0,0.0,0.0,0.0,0.0,0.0,0.0,0.0,0.0,0.0,0.0,0.0,0.0,0.0,0.0,0.0,0.0,0.0,0.0,1.0,0.0,0.0,0.0
0.0,training_002_7ec3e8f1af07,13,release_full,19827.239514572226,579b1c35e300a84d3aabfab820779f3f2b7d4ac5fbc29c7c469e7d106acb3dbc,83d60cee168aad3323599a6a547cf1911271e7a9eced853af0ae65cf8cd4d989,0.0,0.0,0.0,0.0,0.0,0.0,0.0,0.0,0.0,0.0,0.0,0.0,0.0,0.0,0.0,0.0,0.0,0.0,0.0,0.0,0.0,0.0,0.0,0.0,0.0,0.0,0.0,0.0,0.0,0.0,1.0,0.0,0.0,0.0
0.0,training_002_7ec3e8f1af07,14,release_full,28024.327880533543,ed2ff6f1617734b010aca48e95aa57c0b21803d2ec9bccfac5dcd6706c9bf236,83d60cee168aad3323599a6a547cf1911271e7a9eced853af0ae65cf8cd4d989,0.0,0.0,0.0,0.0,0.0,0.0,0.0,0.0,0.0,0.0,0.0,0.0,0.0,0.0,0.0,0.0,0.0,0.0,0.0,0.0,0.0,0.0,0.0,0.0,0.0,0.0,0.0,0.0,0.0,0.0,1.0,0.0,0.0,0.0
0.0,training_002_7ec3e8f1af07,15,release_full,23871.22849584917,33beb65d655f5bfc4020725d545ee4a47f461d283cd90ff53f764af52f1232f3,83d60cee168aad3323599a6a547cf1911271e7a9eced853af0ae65cf8cd4d989,0.0,0.0,0.0,0.0,0.0,0.0,0.0,0.0,0.0,0.0,0.0,0.0,0.0,0.0,0.0,0.0,0.0,0.0,0.0,0.0,0.0,0.0,0.0,0.0,0.0,0.0,0.0,0.0,0.0,0.0,1.0,0.0,0.0,0.0
0.0,training_002_7ec3e8f1af07,16,release_full,24015.08741028569,09e1fe8fd8fb35bdd6d9fbe52819b77eca94618167da3ad09226109b9db37fad,83d60cee168aad3323599a6a547cf1911271e7a9eced853af0ae65cf8cd4d989,0.0,0.0,0.0,0.0,0.0,0.0,0.0,0.0,0.0,0.0,0.0,0.0,0.0,0.0,0.0,0.0,0.0,0.0,0.0,0.0,0.0,0.0,0.0,0.0,0.0,0.0,0.0,0.0,0.0,0.0,1.0,0.0,0.0,0.0
0.0,training_002_7ec3e8f1af07,17,release_full,18178.813445786232,756df94c18a12ce535315e085e73632362d7ad65d28929c8c72b3c825829d7a0,83d60cee168aad3323599a6a547cf1911271e7a9eced853af0ae65cf8cd4d989,0.0,0.0,0.0,0.0,0.0,0.0,0.0,0.0,0.0,0.0,0.0,0.0,0.0,0.0,0.0,0.0,0.0,0.0,0.0,0.0,0.0,0.0,0.0,0.0,0.0,0.0,0.0,0.0,0.0,0.0,1.0,0.0,0.0,0.0
0.0,training_002_7ec3e8f1af07,18,release_full,16166.477084291815,529f40397b6b39b76473d07e09c867ca13ada2eb20371bc56f95fc06090c2441,83d60cee168aad3323599a6a547cf1911271e7a9eced853af0ae65cf8cd4d989,0.0,0.0,0.0,0.0,0.0,0.0,0.0,0.0,0.0,0.0,0.0,0.0,0.0,0.0,0.0,0.0,0.0,0.0,0.0,0.0,0.0,0.0,0.0,0.0,0.0,0.0,0.0,0.0,0.0,0.0,1.0,0.0,0.0,0.0
0.0,training_002_7ec3e8f1af07,19,release_full,29416.430358956237,68c2681dde3dee478e2b9cf5d142a4c24dd86ebe19785c740ed00fca26b5dd2c,83d60cee168aad3323599a6a547cf1911271e7a9eced853af0ae65cf8cd4d989,0.0,0.0,0.0,0.0,0.0,0.0,0.0,0.0,0.0,0.0,0.0,0.0,0.0,0.0,0.0,0.0,0.0,0.0,0.0,0.0,0.0,0.0,0.0,0.0,0.0,0.0,0.0,0.0,0.0,0.0,1.0,0.0,0.0,0.0
0.0,training_002_7ec3e8f1af07,20,release_full,24965.685011113743,41d00891c2b38030e704a930e2650b1e1863fb9802fc98c33aef3375bf7ca045,83d60cee168aad3323599a6a547cf1911271e7a9eced853af0ae65cf8cd4d989,0.0,0.0,0.0,0.0,0.0,0.0,0.0,0.0,0.0,0.0,0.0,0.0,0.0,0.0,0.0,0.0,0.0,0.0,0.0,0.0,0.0,0.0,0.0,0.0,0.0,0.0,0.0,0.0,0.0,0.0,1.0,0.0,0.0,0.0
0.125,training_000_60a9d350b650,0,zero,89.50943750000002,e9e7f4753113b72de8687b2525a4c6962f33b9932142184ca5ba11cdc4aa1831,e4d879a3407de578f579dfab4366fcea75a6649c683d9efe4f056f6505437574,0.0,0.0,0.0,0.0,0.0,0.0,0.0,0.0,0.0,0.0,0.0,0.0,0.0,0.0,0.0,0.0,0.0,0.0,0.0,0.0,0.0,0.0,0.0,0.0,0.0,0.0,0.0,0.0,0.0,0.0,0.0,0.0,0.0,0.0
0.125,training_000_60a9d350b650,1,zero,89.50943750000002,858b1ce50860df7e9d695dfd5d2a5386cbe77e1840119cccee821568e60025e9,e4d879a3407de578f579dfab4366fcea75a6649c683d9efe4f056f6505437574,0.0,0.0,0.0,0.0,0.0,0.0,0.0,0.0,0.0,0.0,0.0,0.0,0.0,0.0,0.0,0.0,0.0,0.0,0.0,0.0,0.0,0.0,0.0,0.0,0.0,0.0,0.0,0.0,0.0,0.0,0.0,0.0,0.0,0.0
0.125,training_000_60a9d350b650,2,release_full,15604.843814224394,9e760425f6533e69a1b628089932ab7c024e1efe50cea7d2fb0307ce76fe02af,83d60cee168aad3323599a6a547cf1911271e7a9eced853af0ae65cf8cd4d989,0.0,0.0,0.0,0.0,0.0,0.0,0.0,0.0,0.0,0.0,0.0,0.0,0.0,0.0,0.0,0.0,0.0,0.0,0.0,0.0,0.0,0.0,0.0,0.0,0.0,0.0,0.0,0.0,0.0,0.0,1.0,0.0,0.0,0.0
0.125,training_000_60a9d350b650,3,release_full,19433.133131244453,2fac7b3ddd52ac6da7aa510fce4e89877b2e9814af73b69685ad44ec3ba85344,83d60cee168aad3323599a6a547cf1911271e7a9eced853af0ae65cf8cd4d989,0.0,0.0,0.0,0.0,0.0,0.0,0.0,0.0,0.0,0.0,0.0,0.0,0.0,0.0,0.0,0.0,0.0,0.0,0.0,0.0,0.0,0.0,0.0,0.0,0.0,0.0,0.0,0.0,0.0,0.0,1.0,0.0,0.0,0.0
0.125,training_000_60a9d350b650,4,release_full,19103.559012589576,e6575b9d3bd68ea41bd2981974f2058b1e9b0455c12b1febd3d67a0992b1a427,83d60cee168aad3323599a6a547cf1911271e7a9eced853af0ae65cf8cd4d989,0.0,0.0,0.0,0.0,0.0,0.0,0.0,0.0,0.0,0.0,0.0,0.0,0.0,0.0,0.0,0.0,0.0,0.0,0.0,0.0,0.0,0.0,0.0,0.0,0.0,0.0,0.0,0.0,0.0,0.0,1.0,0.0,0.0,0.0
0.125,training_000_60a9d350b650,5,release_full,19915.546835041157,6bac7eada638ef061356e39d64546401fe08fb960dc18bd92f12afd8538ff37d,83d60cee168aad3323599a6a547cf1911271e7a9eced853af0ae65cf8cd4d989,0.0,0.0,0.0,0.0,0.0,0.0,0.0,0.0,0.0,0.0,0.0,0.0,0.0,0.0,0.0,0.0,0.0,0.0,0.0,0.0,0.0,0.0,0.0,0.0,0.0,0.0,0.0,0.0,0.0,0.0,1.0,0.0,0.0,0.0
0.125,training_000_60a9d350b650,6,release_full,20757.76494001523,03ef2c395f63c9db57e765c36bef8d319bb894b8328a507fc79b4d7cc7d2e3c5,83d60cee168aad3323599a6a547cf1911271e7a9eced853af0ae65cf8cd4d989,0.0,0.0,0.0,0.0,0.0,0.0,0.0,0.0,0.0,0.0,0.0,0.0,0.0,0.0,0.0,0.0,0.0,0.0,0.0,0.0,0.0,0.0,0.0,0.0,0.0,0.0,0.0,0.0,0.0,0.0,1.0,0.0,0.0,0.0
0.125,training_000_60a9d350b650,7,release_full,19105.33448113477,477fa5f84a7b75ed7b78c4416e193d3e8c3ef4d96217b995e7d599d2978eae43,83d60cee168aad3323599a6a547cf1911271e7a9eced853af0ae65cf8cd4d989,0.0,0.0,0.0,0.0,0.0,0.0,0.0,0.0,0.0,0.0,0.0,0.0,0.0,0.0,0.0,0.0,0.0,0.0,0.0,0.0,0.0,0.0,0.0,0.0,0.0,0.0,0.0,0.0,0.0,0.0,1.0,0.0,0.0,0.0
0.125,training_000_60a9d350b650,8,release_full,22414.651657063347,e01deb2a050542880aca3f2cd1aa99537beed53bffbe70f1a58be884fb4868b1,83d60cee168aad3323599a6a547cf1911271e7a9eced853af0ae65cf8cd4d989,0.0,0.0,0.0,0.0,0.0,0.0,0.0,0.0,0.0,0.0,0.0,0.0,0.0,0.0,0.0,0.0,0.0,0.0,0.0,0.0,0.0,0.0,0.0,0.0,0.0,0.0,0.0,0.0,0.0,0.0,1.0,0.0,0.0,0.0
0.125,training_000_60a9d350b650,9,release_full,22996.295107789258,52cd8fee2a326a139ee329b718c7b050a5e1f5c038037902613ac84f86e66cd9,83d60cee168aad3323599a6a547cf1911271e7a9eced853af0ae65cf8cd4d989,0.0,0.0,0.0,0.0,0.0,0.0,0.0,0.0,0.0,0.0,0.0,0.0,0.0,0.0,0.0,0.0,0.0,0.0,0.0,0.0,0.0,0.0,0.0,0.0,0.0,0.0,0.0,0.0,0.0,0.0,1.0,0.0,0.0,0.0
0.125,training_000_60a9d350b650,10,release_full,26114.3306839148,edd40f7a77dcaaa6b821a6fa0dc4e1509e314e0b9d1f9237ed3e4bc07a372307,83d60cee168aad3323599a6a547cf1911271e7a9eced853af0ae65cf8cd4d989,0.0,0.0,0.0,0.0,0.0,0.0,0.0,0.0,0.0,0.0,0.0,0.0,0.0,0.0,0.0,0.0,0.0,0.0,0.0,0.0,0.0,0.0,0.0,0.0,0.0,0.0,0.0,0.0,0.0,0.0,1.0,0.0,0.0,0.0
0.125,training_000_60a9d350b650,11,release_full,29931.16596375502,cd132a16f1ba90fe35bc5f0d1fe9f0b997d39185162b1c4b2c1ac099c0c65368,83d60cee168aad3323599a6a547cf1911271e7a9eced853af0ae65cf8cd4d989,0.0,0.0,0.0,0.0,0.0,0.0,0.0,0.0,0.0,0.0,0.0,0.0,0.0,0.0,0.0,0.0,0.0,0.0,0.0,0.0,0.0,0.0,0.0,0.0,0.0,0.0,0.0,0.0,0.0,0.0,1.0,0.0,0.0,0.0
0.125,training_000_60a9d350b650,12,release_full,25394.76022492733,959ba1decdf83f05f2a66ed2fcbfc442f225db349fab1e39e62838c3c869b225,83d60cee168aad3323599a6a547cf1911271e7a9eced853af0ae65cf8cd4d989,0.0,0.0,0.0,0.0,0.0,0.0,0.0,0.0,0.0,0.0,0.0,0.0,0.0,0.0,0.0,0.0,0.0,0.0,0.0,0.0,0.0,0.0,0.0,0.0,0.0,0.0,0.0,0.0,0.0,0.0,1.0,0.0,0.0,0.0
0.125,training_000_60a9d350b650,13,release_full,21960.588456472367,366d27ef1a5c9f547968afe53c2d04f261a196b3f4aa2ce80a0009ded84ba7a2,83d60cee168aad3323599a6a547cf1911271e7a9eced853af0ae65cf8cd4d989,0.0,0.0,0.0,0.0,0.0,0.0,0.0,0.0,0.0,0.0,0.0,0.0,0.0,0.0,0.0,0.0,0.0,0.0,0.0,0.0,0.0,0.0,0.0,0.0,0.0,0.0,0.0,0.0,0.0,0.0,1.0,0.0,0.0,0.0
0.125,training_000_60a9d350b650,14,release_full,21249.26685352125,8b945f7183087af4584aa9d135e10fb4aa801824e0c168a94a577f55c378552e,83d60cee168aad3323599a6a547cf1911271e7a9eced853af0ae65cf8cd4d989,0.0,0.0,0.0,0.0,0.0,0.0,0.0,0.0,0.0,0.0,0.0,0.0,0.0,0.0,0.0,0.0,0.0,0.0,0.0,0.0,0.0,0.0,0.0,0.0,0.0,0.0,0.0,0.0,0.0,0.0,1.0,0.0,0.0,0.0
0.125,training_000_60a9d350b650,15,release_full,17274.316296580975,b9fd87ff348d61e875cf4a4c8cc75ad0edb42e6edf9228b2b9f6d9d6ceef64ee,83d60cee168aad3323599a6a547cf1911271e7a9eced853af0ae65cf8cd4d989,0.0,0.0,0.0,0.0,0.0,0.0,0.0,0.0,0.0,0.0,0.0,0.0,0.0,0.0,0.0,0.0,0.0,0.0,0.0,0.0,0.0,0.0,0.0,0.0,0.0,0.0,0.0,0.0,0.0,0.0,1.0,0.0,0.0,0.0
0.125,training_000_60a9d350b650,16,release_full,16583.49756006419,b5107e3aeea34ec04efa7b878a9c1a3b4c0e830ff53b21f8d0d62086f99c188b,83d60cee168aad3323599a6a547cf1911271e7a9eced853af0ae65cf8cd4d989,0.0,0.0,0.0,0.0,0.0,0.0,0.0,0.0,0.0,0.0,0.0,0.0,0.0,0.0,0.0,0.0,0.0,0.0,0.0,0.0,0.0,0.0,0.0,0.0,0.0,0.0,0.0,0.0,0.0,0.0,1.0,0.0,0.0,0.0
0.125,training_000_60a9d350b650,17,release_full,13795.885387658258,37f7309d14ca3e215448498e2a141ece17e2e8e514b616755a285f30f3b6bd7f,83d60cee168aad3323599a6a547cf1911271e7a9eced853af0ae65cf8cd4d989,0.0,0.0,0.0,0.0,0.0,0.0,0.0,0.0,0.0,0.0,0.0,0.0,0.0,0.0,0.0,0.0,0.0,0.0,0.0,0.0,0.0,0.0,0.0,0.0,0.0,0.0,0.0,0.0,0.0,0.0,1.0,0.0,0.0,0.0
0.125,training_000_60a9d350b650,18,release_full,11413.66862838186,5afe9b3a022b60af60596ad58fa159e8407d1468aed77d102b53036676a44a2b,83d60cee168aad3323599a6a547cf1911271e7a9eced853af0ae65cf8cd4d989,0.0,0.0,0.0,0.0,0.0,0.0,0.0,0.0,0.0,0.0,0.0,0.0,0.0,0.0,0.0,0.0,0.0,0.0,0.0,0.0,0.0,0.0,0.0,0.0,0.0,0.0,0.0,0.0,0.0,0.0,1.0,0.0,0.0,0.0
0.125,training_000_60a9d350b650,19,release_full,9066.894345690229,009831efa890e23dff5aaf2012cad176647f2413b39f776a3ad5715e5e316dfb,83d60cee168aad3323599a6a547cf1911271e7a9eced853af0ae65cf8cd4d989,0.0,0.0,0.0,0.0,0.0,0.0,0.0,0.0,0.0,0.0,0.0,0.0,0.0,0.0,0.0,0.0,0.0,0.0,0.0,0.0,0.0,0.0,0.0,0.0,0.0,0.0,0.0,0.0,0.0,0.0,1.0,0.0,0.0,0.0
0.125,training_000_60a9d350b650,20,release_full,6518.7987634358105,6a72b07315901e36af0813e8acd52ef651f9b7b4b8a80ebe4aca0c0366eb1ef5,83d60cee168aad3323599a6a547cf1911271e7a9eced853af0ae65cf8cd4d989,0.0,0.0,0.0,0.0,0.0,0.0,0.0,0.0,0.0,0.0,0.0,0.0,0.0,0.0,0.0,0.0,0.0,0.0,0.0,0.0,0.0,0.0,0.0,0.0,0.0,0.0,0.0,0.0,0.0,0.0,1.0,0.0,0.0,0.0
0.125,training_001_8a16fe9edafd,0,zero,189.51887500000004,3e7e80571d94a543598ed7d084174d821f7c56ea23988016e10aa547feb4d966,e4d879a3407de578f579dfab4366fcea75a6649c683d9efe4f056f6505437574,0.0,0.0,0.0,0.0,0.0,0.0,0.0,0.0,0.0,0.0,0.0,0.0,0.0,0.0,0.0,0.0,0.0,0.0,0.0,0.0,0.0,0.0,0.0,0.0,0.0,0.0,0.0,0.0,0.0,0.0,0.0,0.0,0.0,0.0
0.125,training_001_8a16fe9edafd,1,zero,189.51887500000004,9a1ff029af34639d13f11401afc0f3b4f207e4679ee985bed3b2c8b718d8bdb6,e4d879a3407de578f579dfab4366fcea75a6649c683d9efe4f056f6505437574,0.0,0.0,0.0,0.0,0.0,0.0,0.0,0.0,0.0,0.0,0.0,0.0,0.0,0.0,0.0,0.0,0.0,0.0,0.0,0.0,0.0,0.0,0.0,0.0,0.0,0.0,0.0,0.0,0.0,0.0,0.0,0.0,0.0,0.0
0.125,training_001_8a16fe9edafd,2,zero,189.51887500000004,8ec960abde00ba9d2c73c09b26a189f6371a372eeb28837d34d4b43157160023,e4d879a3407de578f579dfab4366fcea75a6649c683d9efe4f056f6505437574,0.0,0.0,0.0,0.0,0.0,0.0,0.0,0.0,0.0,0.0,0.0,0.0,0.0,0.0,0.0,0.0,0.0,0.0,0.0,0.0,0.0,0.0,0.0,0.0,0.0,0.0,0.0,0.0,0.0,0.0,0.0,0.0,0.0,0.0
0.125,training_001_8a16fe9edafd,3,zero,189.51887500000004,6cab55e5b05526224a7fb81989addca856a9d976b52e241ca727102606713a49,e4d879a3407de578f579dfab4366fcea75a6649c683d9efe4f056f6505437574,0.0,0.0,0.0,0.0,0.0,0.0,0.0,0.0,0.0,0.0,0.0,0.0,0.0,0.0,0.0,0.0,0.0,0.0,0.0,0.0,0.0,0.0,0.0,0.0,0.0,0.0,0.0,0.0,0.0,0.0,0.0,0.0,0.0,0.0
0.125,training_001_8a16fe9edafd,4,release_full,6448.932763573514,cc47485237e5b26fb66ae779d2d98ac8af4f787f0c36185c8b10ec80fd335bce,83d60cee168aad3323599a6a547cf1911271e7a9eced853af0ae65cf8cd4d989,0.0,0.0,0.0,0.0,0.0,0.0,0.0,0.0,0.0,0.0,0.0,0.0,0.0,0.0,0.0,0.0,0.0,0.0,0.0,0.0,0.0,0.0,0.0,0.0,0.0,0.0,0.0,0.0,0.0,0.0,1.0,0.0,0.0,0.0
0.125,training_001_8a16fe9edafd,5,release_full,4910.325473870153,a6f7eb984059ad947ecceec5a73d1ca1df652c533c1a5d631e5099ac4cd64be4,83d60cee168aad3323599a6a547cf1911271e7a9eced853af0ae65cf8cd4d989,0.0,0.0,0.0,0.0,0.0,0.0,0.0,0.0,0.0,0.0,0.0,0.0,0.0,0.0,0.0,0.0,0.0,0.0,0.0,0.0,0.0,0.0,0.0,0.0,0.0,0.0,0.0,0.0,0.0,0.0,1.0,0.0,0.0,0.0
0.125,training_001_8a16fe9edafd,6,release_full,6751.115370098465,528388e1312b52f50e244d753f73e9eeb207d86a90db673415f7bc566c9f4481,83d60cee168aad3323599a6a547cf1911271e7a9eced853af0ae65cf8cd4d989,0.0,0.0,0.0,0.0,0.0,0.0,0.0,0.0,0.0,0.0,0.0,0.0,0.0,0.0,0.0,0.0,0.0,0.0,0.0,0.0,0.0,0.0,0.0,0.0,0.0,0.0,0.0,0.0,0.0,0.0,1.0,0.0,0.0,0.0
0.125,training_001_8a16fe9edafd,7,release_full,6911.113867908753,ea9fe88e022cdc900454febf527ecacd715ecce46ddf813c813a7e8d738d7d1a,83d60cee168aad3323599a6a547cf1911271e7a9eced853af0ae65cf8cd4d989,0.0,0.0,0.0,0.0,0.0,0.0,0.0,0.0,0.0,0.0,0.0,0.0,0.0,0.0,0.0,0.0,0.0,0.0,0.0,0.0,0.0,0.0,0.0,0.0,0.0,0.0,0.0,0.0,0.0,0.0,1.0,0.0,0.0,0.0
0.125,training_001_8a16fe9edafd,8,release_full,6705.458752059023,82056ce1a9e4314fd1061eabea70c12d21a60e93dbfe93e5d43d23782a74d933,83d60cee168aad3323599a6a547cf1911271e7a9eced853af0ae65cf8cd4d989,0.0,0.0,0.0,0.0,0.0,0.0,0.0,0.0,0.0,0.0,0.0,0.0,0.0,0.0,0.0,0.0,0.0,0.0,0.0,0.0,0.0,0.0,0.0,0.0,0.0,0.0,0.0,0.0,0.0,0.0,1.0,0.0,0.0,0.0
0.125,training_001_8a16fe9edafd,9,release_full,6387.557797608356,b1d425b35648532b3b43e6350ef8c8d5f79c93784e319694fe5d0ead31b638d4,83d60cee168aad3323599a6a547cf1911271e7a9eced853af0ae65cf8cd4d989,0.0,0.0,0.0,0.0,0.0,0.0,0.0,0.0,0.0,0.0,0.0,0.0,0.0,0.0,0.0,0.0,0.0,0.0,0.0,0.0,0.0,0.0,0.0,0.0,0.0,0.0,0.0,0.0,0.0,0.0,1.0,0.0,0.0,0.0
0.125,training_001_8a16fe9edafd,10,release_full,7414.521403020176,6aa4b0b88cc56c757db3efb4e3ddb34c2b791a33cd6221f8cac2b3a3d2d3d8e9,83d60cee168aad3323599a6a547cf1911271e7a9eced853af0ae65cf8cd4d989,0.0,0.0,0.0,0.0,0.0,0.0,0.0,0.0,0.0,0.0,0.0,0.0,0.0,0.0,0.0,0.0,0.0,0.0,0.0,0.0,0.0,0.0,0.0,0.0,0.0,0.0,0.0,0.0,0.0,0.0,1.0,0.0,0.0,0.0
0.125,training_001_8a16fe9edafd,11,release_full,6753.627352435971,9d0adcf2d32530e79b86ef00b864c32d53a2ebd2e10af156ad8046876373f389,83d60cee168aad3323599a6a547cf1911271e7a9eced853af0ae65cf8cd4d989,0.0,0.0,0.0,0.0,0.0,0.0,0.0,0.0,0.0,0.0,0.0,0.0,0.0,0.0,0.0,0.0,0.0,0.0,0.0,0.0,0.0,0.0,0.0,0.0,0.0,0.0,0.0,0.0,0.0,0.0,1.0,0.0,0.0,0.0
0.125,training_001_8a16fe9edafd,12,release_full,7676.395575927882,50af1eedd7b60a307abc81c61fc23b9210340dfc6f2d57f0d43c3286a54afc16,83d60cee168aad3323599a6a547cf1911271e7a9eced853af0ae65cf8cd4d989,0.0,0.0,0.0,0.0,0.0,0.0,0.0,0.0,0.0,0.0,0.0,0.0,0.0,0.0,0.0,0.0,0.0,0.0,0.0,0.0,0.0,0.0,0.0,0.0,0.0,0.0,0.0,0.0,0.0,0.0,1.0,0.0,0.0,0.0
0.125,training_001_8a16fe9edafd,13,release_full,7574.681211632569,0aa4d85f19d2316aed0585e6ad0c2c49383041d31ecef5e645e63a413d530f8d,83d60cee168aad3323599a6a547cf1911271e7a9eced853af0ae65cf8cd4d989,0.0,0.0,0.0,0.0,0.0,0.0,0.0,0.0,0.0,0.0,0.0,0.0,0.0,0.0,0.0,0.0,0.0,0.0,0.0,0.0,0.0,0.0,0.0,0.0,0.0,0.0,0.0,0.0,0.0,0.0,1.0,0.0,0.0,0.0
0.125,training_001_8a16fe9edafd,14,release_full,7016.117879812704,c8ab3675ef93b36db9271cd2079084bdf3106200a5a432696f4034f7cf96a55a,83d60cee168aad3323599a6a547cf1911271e7a9eced853af0ae65cf8cd4d989,0.0,0.0,0.0,0.0,0.0,0.0,0.0,0.0,0.0,0.0,0.0,0.0,0.0,0.0,0.0,0.0,0.0,0.0,0.0,0.0,0.0,0.0,0.0,0.0,0.0,0.0,0.0,0.0,0.0,0.0,1.0,0.0,0.0,0.0
0.125,training_001_8a16fe9edafd,15,release_full,7514.983055556556,2bd64682f3bfdcaa8cd9c0d36a5256d3817d9d734050c683f49de53dc7efd53e,83d60cee168aad3323599a6a547cf1911271e7a9eced853af0ae65cf8cd4d989,0.0,0.0,0.0,0.0,0.0,0.0,0.0,0.0,0.0,0.0,0.0,0.0,0.0,0.0,0.0,0.0,0.0,0.0,0.0,0.0,0.0,0.0,0.0,0.0,0.0,0.0,0.0,0.0,0.0,0.0,1.0,0.0,0.0,0.0
0.125,training_001_8a16fe9edafd,16,release_full,7484.424556402331,e217fe63358bf8b947da381f5a770b121b4c295eeab70095214b568d02da0ba1,83d60cee168aad3323599a6a547cf1911271e7a9eced853af0ae65cf8cd4d989,0.0,0.0,0.0,0.0,0.0,0.0,0.0,0.0,0.0,0.0,0.0,0.0,0.0,0.0,0.0,0.0,0.0,0.0,0.0,0.0,0.0,0.0,0.0,0.0,0.0,0.0,0.0,0.0,0.0,0.0,1.0,0.0,0.0,0.0
0.125,training_001_8a16fe9edafd,17,release_full,7839.853093337967,a626e28630126838508b17521279a0d238d28650160baada25528654d65962d2,83d60cee168aad3323599a6a547cf1911271e7a9eced853af0ae65cf8cd4d989,0.0,0.0,0.0,0.0,0.0,0.0,0.0,0.0,0.0,0.0,0.0,0.0,0.0,0.0,0.0,0.0,0.0,0.0,0.0,0.0,0.0,0.0,0.0,0.0,0.0,0.0,0.0,0.0,0.0,0.0,1.0,0.0,0.0,0.0
0.125,training_001_8a16fe9edafd,18,release_full,9275.103365329618,f66757aa1f61e9adc18a0ee9df829d5e8fca31cfef95f480bc3306cd23100ff4,83d60cee168aad3323599a6a547cf1911271e7a9eced853af0ae65cf8cd4d989,0.0,0.0,0.0,0.0,0.0,0.0,0.0,0.0,0.0,0.0,0.0,0.0,0.0,0.0,0.0,0.0,0.0,0.0,0.0,0.0,0.0,0.0,0.0,0.0,0.0,0.0,0.0,0.0,0.0,0.0,1.0,0.0,0.0,0.0
0.125,training_001_8a16fe9edafd,19,release_full,5961.674899974301,17be5328f4972d7f38a528fbb65bb7c226594e2c63bdf50a33065974b0c839fc,83d60cee168aad3323599a6a547cf1911271e7a9eced853af0ae65cf8cd4d989,0.0,0.0,0.0,0.0,0.0,0.0,0.0,0.0,0.0,0.0,0.0,0.0,0.0,0.0,0.0,0.0,0.0,0.0,0.0,0.0,0.0,0.0,0.0,0.0,0.0,0.0,0.0,0.0,0.0,0.0,1.0,0.0,0.0,0.0
0.125,training_001_8a16fe9edafd,20,release_full,3859.400526501008,3c136a5097b103339e435375f57e63cec6369733ce345de66639a416d85d62bb,83d60cee168aad3323599a6a547cf1911271e7a9eced853af0ae65cf8cd4d989,0.0,0.0,0.0,0.0,0.0,0.0,0.0,0.0,0.0,0.0,0.0,0.0,0.0,0.0,0.0,0.0,0.0,0.0,0.0,0.0,0.0,0.0,0.0,0.0,0.0,0.0,0.0,0.0,0.0,0.0,1.0,0.0,0.0,0.0
0.125,training_002_7ec3e8f1af07,0,zero,289.5283125,5bac43878fde5e28d8516ea4406041f4dbad080df822ad64bf897a6c8842911c,e4d879a3407de578f579dfab4366fcea75a6649c683d9efe4f056f6505437574,0.0,0.0,0.0,0.0,0.0,0.0,0.0,0.0,0.0,0.0,0.0,0.0,0.0,0.0,0.0,0.0,0.0,0.0,0.0,0.0,0.0,0.0,0.0,0.0,0.0,0.0,0.0,0.0,0.0,0.0,0.0,0.0,0.0,0.0
0.125,training_002_7ec3e8f1af07,1,zero,289.5283125,85fcb8d67d304669250f36e2b67677012b5ae7a73da55c984ada024aa20d9d1a,e4d879a3407de578f579dfab4366fcea75a6649c683d9efe4f056f6505437574,0.0,0.0,0.0,0.0,0.0,0.0,0.0,0.0,0.0,0.0,0.0,0.0,0.0,0.0,0.0,0.0,0.0,0.0,0.0,0.0,0.0,0.0,0.0,0.0,0.0,0.0,0.0,0.0,0.0,0.0,0.0,0.0,0.0,0.0
0.125,training_002_7ec3e8f1af07,2,zero,289.5283125,273dfdcf9228401f9cbb7752aa8bb7dd500672482994bd35e252269c4099a384,e4d879a3407de578f579dfab4366fcea75a6649c683d9efe4f056f6505437574,0.0,0.0,0.0,0.0,0.0,0.0,0.0,0.0,0.0,0.0,0.0,0.0,0.0,0.0,0.0,0.0,0.0,0.0,0.0,0.0,0.0,0.0,0.0,0.0,0.0,0.0,0.0,0.0,0.0,0.0,0.0,0.0,0.0,0.0
0.125,training_002_7ec3e8f1af07,3,zero,289.5283125,7b797ca0d03141587cfc2670ccda3f42e5ef1c8b8cd99a93d9bf2cb6dce31550,e4d879a3407de578f579dfab4366fcea75a6649c683d9efe4f056f6505437574,0.0,0.0,0.0,0.0,0.0,0.0,0.0,0.0,0.0,0.0,0.0,0.0,0.0,0.0,0.0,0.0,0.0,0.0,0.0,0.0,0.0,0.0,0.0,0.0,0.0,0.0,0.0,0.0,0.0,0.0,0.0,0.0,0.0,0.0
0.125,training_002_7ec3e8f1af07,4,zero,289.5283125,a21d1540bac52636b953ca59f218e397a181116ee1e67c7775fac694f49bf956,e4d879a3407de578f579dfab4366fcea75a6649c683d9efe4f056f6505437574,0.0,0.0,0.0,0.0,0.0,0.0,0.0,0.0,0.0,0.0,0.0,0.0,0.0,0.0,0.0,0.0,0.0,0.0,0.0,0.0,0.0,0.0,0.0,0.0,0.0,0.0,0.0,0.0,0.0,0.0,0.0,0.0,0.0,0.0
0.125,training_002_7ec3e8f1af07,5,zero,289.5283125,aa1ec7620f3668676a2f4d1f9dfa89ab9fe4bc50dfca2e9cdb9816b4839daa9d,e4d879a3407de578f579dfab4366fcea75a6649c683d9efe4f056f6505437574,0.0,0.0,0.0,0.0,0.0,0.0,0.0,0.0,0.0,0.0,0.0,0.0,0.0,0.0,0.0,0.0,0.0,0.0,0.0,0.0,0.0,0.0,0.0,0.0,0.0,0.0,0.0,0.0,0.0,0.0,0.0,0.0,0.0,0.0
0.125,training_002_7ec3e8f1af07,6,release_full,16324.300074299412,7a2c63a990b20523b23139f79d5087c2bc1e0c93c9693bca7add6522836539b0,83d60cee168aad3323599a6a547cf1911271e7a9eced853af0ae65cf8cd4d989,0.0,0.0,0.0,0.0,0.0,0.0,0.0,0.0,0.0,0.0,0.0,0.0,0.0,0.0,0.0,0.0,0.0,0.0,0.0,0.0,0.0,0.0,0.0,0.0,0.0,0.0,0.0,0.0,0.0,0.0,1.0,0.0,0.0,0.0
0.125,training_002_7ec3e8f1af07,7,release_full,20625.018345947843,3e6515c7f77627f27890157b3411a113cc1aabb8bc7e378f3e80b15f0f24cf8b,83d60cee168aad3323599a6a547cf1911271e7a9eced853af0ae65cf8cd4d989,0.0,0.0,0.0,0.0,0.0,0.0,0.0,0.0,0.0,0.0,0.0,0.0,0.0,0.0,0.0,0.0,0.0,0.0,0.0,0.0,0.0,0.0,0.0,0.0,0.0,0.0,0.0,0.0,0.0,0.0,1.0,0.0,0.0,0.0
0.125,training_002_7ec3e8f1af07,8,release_full,21470.918201647248,a2b027a5f3bce030b4c7447c61e586ba01cb9cbd347609407471cfa7b35c6c4b,83d60cee168aad3323599a6a547cf1911271e7a9eced853af0ae65cf8cd4d989,0.0,0.0,0.0,0.0,0.0,0.0,0.0,0.0,0.0,0.0,0.0,0.0,0.0,0.0,0.0,0.0,0.0,0.0,0.0,0.0,0.0,0.0,0.0,0.0,0.0,0.0,0.0,0.0,0.0,0.0,1.0,0.0,0.0,0.0
0.125,training_002_7ec3e8f1af07,9,release_full,20031.097618902422,cbab3eed42147e2b2b0e8eeacdd3a8cd68915546f67980159300f327f8c32f8f,83d60cee168aad3323599a6a547cf1911271e7a9eced853af0ae65cf8cd4d989,0.0,0.0,0.0,0.0,0.0,0.0,0.0,0.0,0.0,0.0,0.0,0.0,0.0,0.0,0.0,0.0,0.0,0.0,0.0,0.0,0.0,0.0,0.0,0.0,0.0,0.0,0.0,0.0,0.0,0.0,1.0,0.0,0.0,0.0
0.125,training_002_7ec3e8f1af07,10,release_full,21525.901986145534,7b4b7389b432febad5cae4d69c6910ab74cc4f68bf599034582b3483b11b652e,83d60cee168aad3323599a6a547cf1911271e7a9eced853af0ae65cf8cd4d989,0.0,0.0,0.0,0.0,0.0,0.0,0.0,0.0,0.0,0.0,0.0,0.0,0.0,0.0,0.0,0.0,0.0,0.0,0.0,0.0,0.0,0.0,0.0,0.0,0.0,0.0,0.0,0.0,0.0,0.0,1.0,0.0,0.0,0.0
0.125,training_002_7ec3e8f1af07,11,release_full,20462.40393307981,c81cd76e6350d5836ecf30ff3c366127f3538ff174423cb9006f51792fb8fcc3,83d60cee168aad3323599a6a547cf1911271e7a9eced853af0ae65cf8cd4d989,0.0,0.0,0.0,0.0,0.0,0.0,0.0,0.0,0.0,0.0,0.0,0.0,0.0,0.0,0.0,0.0,0.0,0.0,0.0,0.0,0.0,0.0,0.0,0.0,0.0,0.0,0.0,0.0,0.0,0.0,1.0,0.0,0.0,0.0
0.125,training_002_7ec3e8f1af07,12,release_full,19999.45381458296,f817d2e059280e6cd67ea7f193ca3c9ba50beb8605d7a639518ac562ca9ff22d,83d60cee168aad3323599a6a547cf1911271e7a9eced853af0ae65cf8cd4d989,0.0,0.0,0.0,0.0,0.0,0.0,0.0,0.0,0.0,0.0,0.0,0.0,0.0,0.0,0.0,0.0,0.0,0.0,0.0,0.0,0.0,0.0,0.0,0.0,0.0,0.0,0.0,0.0,0.0,0.0,1.0,0.0,0.0,0.0
0.125,training_002_7ec3e8f1af07,13,release_full,19842.656480994585,7cacc4f8c6fab3179b6185138116768bc61ecec638c660f4d73a9c220c5b1041,83d60cee168aad3323599a6a547cf1911271e7a9eced853af0ae65cf8cd4d989,0.0,0.0,0.0,0.0,0.0,0.0,0.0,0.0,0.0,0.0,0.0,0.0,0.0,0.0,0.0,0.0,0.0,0.0,0.0,0.0,0.0,0.0,0.0,0.0,0.0,0.0,0.0,0.0,0.0,0.0,1.0,0.0,0.0,0.0
0.125,training_002_7ec3e8f1af07,14,release_full,28043.685174920352,6bdb39dbec8f553cead54fecb5048db80d194c0e288758de068baf9c03ba62cd,83d60cee168aad3323599a6a547cf1911271e7a9eced853af0ae65cf8cd4d989,0.0,0.0,0.0,0.0,0.0,0.0,0.0,0.0,0.0,0.0,0.0,0.0,0.0,0.0,0.0,0.0,0.0,0.0,0.0,0.0,0.0,0.0,0.0,0.0,0.0,0.0,0.0,0.0,0.0,0.0,1.0,0.0,0.0,0.0
0.125,training_002_7ec3e8f1af07,15,release_full,23897.477257524,4298898fdd683fecffae823f55d59a7a01272e82a09ddbbbeec3686bd9860790,83d60cee168aad3323599a6a547cf1911271e7a9eced853af0ae65cf8cd4d989,0.0,0.0,0.0,0.0,0.0,0.0,0.0,0.0,0.0,0.0,0.0,0.0,0.0,0.0,0.0,0.0,0.0,0.0,0.0,0.0,0.0,0.0,0.0,0.0,0.0,0.0,0.0,0.0,0.0,0.0,1.0,0.0,0.0,0.0
0.125,training_002_7ec3e8f1af07,16,release_full,24080.778423699743,494a672cc8bfa5ce1551db6ed9bb90959a6b8a57710ae77c44302fee285ad1d5,83d60cee168aad3323599a6a547cf1911271e7a9eced853af0ae65cf8cd4d989,0.0,0.0,0.0,0.0,0.0,0.0,0.0,0.0,0.0,0.0,0.0,0.0,0.0,0.0,0.0,0.0,0.0,0.0,0.0,0.0,0.0,0.0,0.0,0.0,0.0,0.0,0.0,0.0,0.0,0.0,1.0,0.0,0.0,0.0
0.125,training_002_7ec3e8f1af07,17,release_full,18185.03763824552,f797a64975ffa4e71371e8fcdec2a1c0857e525c333d8472243c4927fafaee92,83d60cee168aad3323599a6a547cf1911271e7a9eced853af0ae65cf8cd4d989,0.0,0.0,0.0,0.0,0.0,0.0,0.0,0.0,0.0,0.0,0.0,0.0,0.0,0.0,0.0,0.0,0.0,0.0,0.0,0.0,0.0,0.0,0.0,0.0,0.0,0.0,0.0,0.0,0.0,0.0,1.0,0.0,0.0,0.0
0.125,training_002_7ec3e8f1af07,18,release_full,16112.1916761725,78739528f324c4405e1107a465882e9ef2dab4ecdd50f7b1c9f75e71424fe2a6,83d60cee168aad3323599a6a547cf1911271e7a9eced853af0ae65cf8cd4d989,0.0,0.0,0.0,0.0,0.0,0.0,0.0,0.0,0.0,0.0,0.0,0.0,0.0,0.0,0.0,0.0,0.0,0.0,0.0,0.0,0.0,0.0,0.0,0.0,0.0,0.0,0.0,0.0,0.0,0.0,1.0,0.0,0.0,0.0
0.125,training_002_7ec3e8f1af07,19,release_full,29418.883038573145,25e3366f044c86c9798e4b0149659d7e6b2b244d0f5a6175565cec4f831689b6,83d60cee168aad3323599a6a547cf1911271e7a9eced853af0ae65cf8cd4d989,0.0,0.0,0.0,0.0,0.0,0.0,0.0,0.0,0.0,0.0,0.0,0.0,0.0,0.0,0.0,0.0,0.0,0.0,0.0,0.0,0.0,0.0,0.0,0.0,0.0,0.0,0.0,0.0,0.0,0.0,1.0,0.0,0.0,0.0
0.125,training_002_7ec3e8f1af07,20,release_full,24960.6405596962,974ff7f26937719df318f773f3a98ce21ee436aee23e0e356194b888d2f23f04,83d60cee168aad3323599a6a547cf1911271e7a9eced853af0ae65cf8cd4d989,0.0,0.0,0.0,0.0,0.0,0.0,0.0,0.0,0.0,0.0,0.0,0.0,0.0,0.0,0.0,0.0,0.0,0.0,0.0,0.0,0.0,0.0,0.0,0.0,0.0,0.0,0.0,0.0,0.0,0.0,1.0,0.0,0.0,0.0
0.25,training_000_60a9d350b650,0,zero,89.50943750000002,e9e7f4753113b72de8687b2525a4c6962f33b9932142184ca5ba11cdc4aa1831,e4d879a3407de578f579dfab4366fcea75a6649c683d9efe4f056f6505437574,0.0,0.0,0.0,0.0,0.0,0.0,0.0,0.0,0.0,0.0,0.0,0.0,0.0,0.0,0.0,0.0,0.0,0.0,0.0,0.0,0.0,0.0,0.0,0.0,0.0,0.0,0.0,0.0,0.0,0.0,0.0,0.0,0.0,0.0
0.25,training_000_60a9d350b650,1,zero,89.50943750000002,858b1ce50860df7e9d695dfd5d2a5386cbe77e1840119cccee821568e60025e9,e4d879a3407de578f579dfab4366fcea75a6649c683d9efe4f056f6505437574,0.0,0.0,0.0,0.0,0.0,0.0,0.0,0.0,0.0,0.0,0.0,0.0,0.0,0.0,0.0,0.0,0.0,0.0,0.0,0.0,0.0,0.0,0.0,0.0,0.0,0.0,0.0,0.0,0.0,0.0,0.0,0.0,0.0,0.0
0.25,training_000_60a9d350b650,2,release_full,15357.927700341355,ae88bc6828def39bffde2d39930b73b4116e2a0b0309b6ea5070804fd1219bc5,83d60cee168aad3323599a6a547cf1911271e7a9eced853af0ae65cf8cd4d989,0.0,0.0,0.0,0.0,0.0,0.0,0.0,0.0,0.0,0.0,0.0,0.0,0.0,0.0,0.0,0.0,0.0,0.0,0.0,0.0,0.0,0.0,0.0,0.0,0.0,0.0,0.0,0.0,0.0,0.0,1.0,0.0,0.0,0.0
0.25,training_000_60a9d350b650,3,release_full,19116.42090988547,4b4dc5e5b0d92f0227073b4984c5352bc89050b7bb3172bc8f704aaf6f3ddc50,83d60cee168aad3323599a6a547cf1911271e7a9eced853af0ae65cf8cd4d989,0.0,0.0,0.0,0.0,0.0,0.0,0.0,0.0,0.0,0.0,0.0,0.0,0.0,0.0,0.0,0.0,0.0,0.0,0.0,0.0,0.0,0.0,0.0,0.0,0.0,0.0,0.0,0.0,0.0,0.0,1.0,0.0,0.0,0.0
0.25,training_000_60a9d350b650,4,release_full,18799.26036205337,abd368b960041bc393cfdd3d219955f01d1d790b5c5a0f7bf9bc1f69d0060c8c,83d60cee168aad3323599a6a547cf1911271e7a9eced853af0ae65cf8cd4d989,0.0,0.0,0.0,0.0,0.0,0.0,0.0,0.0,0.0,0.0,0.0,0.0,0.0,0.0,0.0,0.0,0.0,0.0,0.0,0.0,0.0,0.0,0.0,0.0,0.0,0.0,0.0,0.0,0.0,0.0,1.0,0.0,0.0,0.0
0.25,training_000_60a9d350b650,5,release_full,19712.25178165869,194831b10fec6e1c08fe9b3ea58982d87b29d806285ebd42e622212972d75748,83d60cee168aad3323599a6a547cf1911271e7a9eced853af0ae65cf8cd4d989,0.0,0.0,0.0,0.0,0.0,0.0,0.0,0.0,0.0,0.0,0.0,0.0,0.0,0.0,0.0,0.0,0.0,0.0,0.0,0.0,0.0,0.0,0.0,0.0,0.0,0.0,0.0,0.0,0.0,0.0,1.0,0.0,0.0,0.0
0.25,training_000_60a9d350b650,6,release_full,20641.671976787737,d2c98976b8f22bd891662fc0b35501405fe576cfd43f5f74bf8ca4635df9a91b,83d60cee168aad3323599a6a547cf1911271e7a9eced853af0ae65cf8cd4d989,0.0,0.0,0.0,0.0,0.0,0.0,0.0,0.0,0.0,0.0,0.0,0.0,0.0,0.0,0.0,0.0,0.0,0.0,0.0,0.0,0.0,0.0,0.0,0.0,0.0,0.0,0.0,0.0,0.0,0.0,1.0,0.0,0.0,0.0
0.25,training_000_60a9d350b650,7,release_full,19045.82664507362,7e57faae1df68828a9cda1a3007fea46f35522f4ff13afa25319263c83c11f90,83d60cee168aad3323599a6a547cf1911271e7a9eced853af0ae65cf8cd4d989,0.0,0.0,0.0,0.0,0.0,0.0,0.0,0.0,0.0,0.0,0.0,0.0,0.0,0.0,0.0,0.0,0.0,0.0,0.0,0.0,0.0,0.0,0.0,0.0,0.0,0.0,0.0,0.0,0.0,0.0,1.0,0.0,0.0,0.0
0.25,training_000_60a9d350b650,8,release_full,22470.975856270503,d0102377c723d659b3aa473d79bbf87ac02739e35c9728a7d31fee3d1ed19a83,83d60cee168aad3323599a6a547cf1911271e7a9eced853af0ae65cf8cd4d989,0.0,0.0,0.0,0.0,0.0,0.0,0.0,0.0,0.0,0.0,0.0,0.0,0.0,0.0,0.0,0.0,0.0,0.0,0.0,0.0,0.0,0.0,0.0,0.0,0.0,0.0,0.0,0.0,0.0,0.0,1.0,0.0,0.0,0.0
0.25,training_000_60a9d350b650,9,release_full,23124.80544856165,534c263e3e02c41aa2a89e87a338563bfb490dbaa5953ed95e1025675c9cd3cc,83d60cee168aad3323599a6a547cf1911271e7a9eced853af0ae65cf8cd4d989,0.0,0.0,0.0,0.0,0.0,0.0,0.0,0.0,0.0,0.0,0.0,0.0,0.0,0.0,0.0,0.0,0.0,0.0,0.0,0.0,0.0,0.0,0.0,0.0,0.0,0.0,0.0,0.0,0.0,0.0,1.0,0.0,0.0,0.0
0.25,training_000_60a9d350b650,10,release_full,26298.0358491584,0dec28f7bae45156584781de4c903a6a0c07994a800ce4e2c69fd7ddaa6eb2a1,83d60cee168aad3323599a6a547cf1911271e7a9eced853af0ae65cf8cd4d989,0.0,0.0,0.0,0.0,0.0,0.0,0.0,0.0,0.0,0.0,0.0,0.0,0.0,0.0,0.0,0.0,0.0,0.0,0.0,0.0,0.0,0.0,0.0,0.0,0.0,0.0,0.0,0.0,0.0,0.0,1.0,0.0,0.0,0.0
0.25,training_000_60a9d350b650,11,release_full,30116.490721146874,4fbde189b8cef0b61c15e0a7c2141acd88fb567ec244074fd30365a25a13c099,83d60cee168aad3323599a6a547cf1911271e7a9eced853af0ae65cf8cd4d989,0.0,0.0,0.0,0.0,0.0,0.0,0.0,0.0,0.0,0.0,0.0,0.0,0.0,0.0,0.0,0.0,0.0,0.0,0.0,0.0,0.0,0.0,0.0,0.0,0.0,0.0,0.0,0.0,0.0,0.0,1.0,0.0,0.0,0.0
0.25,training_000_60a9d350b650,12,release_full,25520.437628494445,8bc331012d41dc86c1c296012070d6c5585db8248a4fb02462175f2cdaa2c975,83d60cee168aad3323599a6a547cf1911271e7a9eced853af0ae65cf8cd4d989,0.0,0.0,0.0,0.0,0.0,0.0,0.0,0.0,0.0,0.0,0.0,0.0,0.0,0.0,0.0,0.0,0.0,0.0,0.0,0.0,0.0,0.0,0.0,0.0,0.0,0.0,0.0,0.0,0.0,0.0,1.0,0.0,0.0,0.0
0.25,training_000_60a9d350b650,13,release_full,22002.18918447817,5b47ab7d8ccb8a6dfd778f866396c30087b8cabec52d6231d800ef6397ab7411,83d60cee168aad3323599a6a547cf1911271e7a9eced853af0ae65cf8cd4d989,0.0,0.0,0.0,0.0,0.0,0.0,0.0,0.0,0.0,0.0,0.0,0.0,0.0,0.0,0.0,0.0,0.0,0.0,0.0,0.0,0.0,0.0,0.0,0.0,0.0,0.0,0.0,0.0,0.0,0.0,1.0,0.0,0.0,0.0
0.25,training_000_60a9d350b650,14,release_full,21208.870359815097,c7e2aa7c2fdcb842dda7a5488eb97e261a92702bd96a93420744c4dedb44ecc4,83d60cee168aad3323599a6a547cf1911271e7a9eced853af0ae65cf8cd4d989,0.0,0.0,0.0,0.0,0.0,0.0,0.0,0.0,0.0,0.0,0.0,0.0,0.0,0.0,0.0,0.0,0.0,0.0,0.0,0.0,0.0,0.0,0.0,0.0,0.0,0.0,0.0,0.0,0.0,0.0,1.0,0.0,0.0,0.0
0.25,training_000_60a9d350b650,15,release_full,17174.743912760532,1abdce5396e069c93b3e5c885d7054de399420ec475454fd0c2142a93ed039e0,83d60cee168aad3323599a6a547cf1911271e7a9eced853af0ae65cf8cd4d989,0.0,0.0,0.0,0.0,0.0,0.0,0.0,0.0,0.0,0.0,0.0,0.0,0.0,0.0,0.0,0.0,0.0,0.0,0.0,0.0,0.0,0.0,0.0,0.0,0.0,0.0,0.0,0.0,0.0,0.0,1.0,0.0,0.0,0.0
0.25,training_000_60a9d350b650,16,release_full,16457.41861196675,fb291df3446cf519207e092ebd04251dc7893ce5ca79dcde4f3f43d637dd2c17,83d60cee168aad3323599a6a547cf1911271e7a9eced853af0ae65cf8cd4d989,0.0,0.0,0.0,0.0,0.0,0.0,0.0,0.0,0.0,0.0,0.0,0.0,0.0,0.0,0.0,0.0,0.0,0.0,0.0,0.0,0.0,0.0,0.0,0.0,0.0,0.0,0.0,0.0,0.0,0.0,1.0,0.0,0.0,0.0
0.25,training_000_60a9d350b650,17,release_full,13699.218504229848,0c9d4a2bce93cef3a66cd5d140d30a335973264891b96547744316eab41bfda1,83d60cee168aad3323599a6a547cf1911271e7a9eced853af0ae65cf8cd4d989,0.0,0.0,0.0,0.0,0.0,0.0,0.0,0.0,0.0,0.0,0.0,0.0,0.0,0.0,0.0,0.0,0.0,0.0,0.0,0.0,0.0,0.0,0.0,0.0,0.0,0.0,0.0,0.0,0.0,0.0,1.0,0.0,0.0,0.0
0.25,training_000_60a9d350b650,18,release_full,11398.837411426855,beb9d911e65ea0e1467ecba6b8eb117cc8c4311ae17782718becc9c10f9635de,83d60cee168aad3323599a6a547cf1911271e7a9eced853af0ae65cf8cd4d989,0.0,0.0,0.0,0.0,0.0,0.0,0.0,0.0,0.0,0.0,0.0,0.0,0.0,0.0,0.0,0.0,0.0,0.0,0.0,0.0,0.0,0.0,0.0,0.0,0.0,0.0,0.0,0.0,0.0,0.0,1.0,0.0,0.0,0.0
0.25,training_000_60a9d350b650,19,release_full,9162.10664872094,35ee4b70fcf91aa4afbbbeff943ddc7fb12e6f7ab939f4752f16dd73adcf51df,83d60cee168aad3323599a6a547cf1911271e7a9eced853af0ae65cf8cd4d989,0.0,0.0,0.0,0.0,0.0,0.0,0.0,0.0,0.0,0.0,0.0,0.0,0.0,0.0,0.0,0.0,0.0,0.0,0.0,0.0,0.0,0.0,0.0,0.0,0.0,0.0,0.0,0.0,0.0,0.0,1.0,0.0,0.0,0.0
0.25,training_000_60a9d350b650,20,release_full,6728.218361199185,8f2acc4c58da32564cafa93c7326769f8f36b3bf8860d752e28d838ead04abbc,83d60cee168aad3323599a6a547cf1911271e7a9eced853af0ae65cf8cd4d989,0.0,0.0,0.0,0.0,0.0,0.0,0.0,0.0,0.0,0.0,0.0,0.0,0.0,0.0,0.0,0.0,0.0,0.0,0.0,0.0,0.0,0.0,0.0,0.0,0.0,0.0,0.0,0.0,0.0,0.0,1.0,0.0,0.0,0.0
0.25,training_001_8a16fe9edafd,0,zero,189.51887500000004,3e7e80571d94a543598ed7d084174d821f7c56ea23988016e10aa547feb4d966,e4d879a3407de578f579dfab4366fcea75a6649c683d9efe4f056f6505437574,0.0,0.0,0.0,0.0,0.0,0.0,0.0,0.0,0.0,0.0,0.0,0.0,0.0,0.0,0.0,0.0,0.0,0.0,0.0,0.0,0.0,0.0,0.0,0.0,0.0,0.0,0.0,0.0,0.0,0.0,0.0,0.0,0.0,0.0
0.25,training_001_8a16fe9edafd,1,zero,189.51887500000004,9a1ff029af34639d13f11401afc0f3b4f207e4679ee985bed3b2c8b718d8bdb6,e4d879a3407de578f579dfab4366fcea75a6649c683d9efe4f056f6505437574,0.0,0.0,0.0,0.0,0.0,0.0,0.0,0.0,0.0,0.0,0.0,0.0,0.0,0.0,0.0,0.0,0.0,0.0,0.0,0.0,0.0,0.0,0.0,0.0,0.0,0.0,0.0,0.0,0.0,0.0,0.0,0.0,0.0,0.0
0.25,training_001_8a16fe9edafd,2,zero,189.51887500000004,8ec960abde00ba9d2c73c09b26a189f6371a372eeb28837d34d4b43157160023,e4d879a3407de578f579dfab4366fcea75a6649c683d9efe4f056f6505437574,0.0,0.0,0.0,0.0,0.0,0.0,0.0,0.0,0.0,0.0,0.0,0.0,0.0,0.0,0.0,0.0,0.0,0.0,0.0,0.0,0.0,0.0,0.0,0.0,0.0,0.0,0.0,0.0,0.0,0.0,0.0,0.0,0.0,0.0
0.25,training_001_8a16fe9edafd,3,zero,189.51887500000004,6cab55e5b05526224a7fb81989addca856a9d976b52e241ca727102606713a49,e4d879a3407de578f579dfab4366fcea75a6649c683d9efe4f056f6505437574,0.0,0.0,0.0,0.0,0.0,0.0,0.0,0.0,0.0,0.0,0.0,0.0,0.0,0.0,0.0,0.0,0.0,0.0,0.0,0.0,0.0,0.0,0.0,0.0,0.0,0.0,0.0,0.0,0.0,0.0,0.0,0.0,0.0,0.0
0.25,training_001_8a16fe9edafd,4,release_full,6285.150573392529,7c2438af954f003243e53df0839dca48932c65d9df96d6d4ca9cd8d63d17023e,83d60cee168aad3323599a6a547cf1911271e7a9eced853af0ae65cf8cd4d989,0.0,0.0,0.0,0.0,0.0,0.0,0.0,0.0,0.0,0.0,0.0,0.0,0.0,0.0,0.0,0.0,0.0,0.0,0.0,0.0,0.0,0.0,0.0,0.0,0.0,0.0,0.0,0.0,0.0,0.0,1.0,0.0,0.0,0.0
0.25,training_001_8a16fe9edafd,5,release_full,4749.234893288809,4075d0e94b734f7f889346b86c58979bb0f52d472402077f506ecf1ea6afc63c,83d60cee168aad3323599a6a547cf1911271e7a9eced853af0ae65cf8cd4d989,0.0,0.0,0.0,0.0,0.0,0.0,0.0,0.0,0.0,0.0,0.0,0.0,0.0,0.0,0.0,0.0,0.0,0.0,0.0,0.0,0.0,0.0,0.0,0.0,0.0,0.0,0.0,0.0,0.0,0.0,1.0,0.0,0.0,0.0
0.25,training_001_8a16fe9edafd,6,release_full,6518.657644999226,8c9707f974e36b0413803c6a2b5219bdff914a3f2e766d0cc71ce2444940097d,83d60cee168aad3323599a6a547cf1911271e7a9eced853af0ae65cf8cd4d989,0.0,0.0,0.0,0.0,0.0,0.0,0.0,0.0,0.0,0.0,0.0,0.0,0.0,0.0,0.0,0.0,0.0,0.0,0.0,0.0,0.0,0.0,0.0,0.0,0.0,0.0,0.0,0.0,0.0,0.0,1.0,0.0,0.0,0.0
0.25,training_001_8a16fe9edafd,7,release_full,6642.404536866338,f4179feff185b2d4d6483c4700db56e7e4da0f7752197b315858830e56136b6d,83d60cee168aad3323599a6a547cf1911271e7a9eced853af0ae65cf8cd4d989,0.0,0.0,0.0,0.0,0.0,0.0,0.0,0.0,0.0,0.0,0.0,0.0,0.0,0.0,0.0,0.0,0.0,0.0,0.0,0.0,0.0,0.0,0.0,0.0,0.0,0.0,0.0,0.0,0.0,0.0,1.0,0.0,0.0,0.0
0.25,training_001_8a16fe9edafd,8,release_full,6434.213355032621,1d90b99dcda2885fcba549cb3f950f2ccf1be1baccd3e1cdc70c57f1373c40da,83d60cee168aad3323599a6a547cf1911271e7a9eced853af0ae65cf8cd4d989,0.0,0.0,0.0,0.0,0.0,0.0,0.0,0.0,0.0,0.0,0.0,0.0,0.0,0.0,0.0,0.0,0.0,0.0,0.0,0.0,0.0,0.0,0.0,0.0,0.0,0.0,0.0,0.0,0.0,0.0,1.0,0.0,0.0,0.0
0.25,training_001_8a16fe9edafd,9,release_full,6128.574185425991,b55799689f02151b51b4fad5b9a1c9545f19abdd06f611a4b2140f1652194508,83d60cee168aad3323599a6a547cf1911271e7a9eced853af0ae65cf8cd4d989,0.0,0.0,0.0,0.0,0.0,0.0,0.0,0.0,0.0,0.0,0.0,0.0,0.0,0.0,0.0,0.0,0.0,0.0,0.0,0.0,0.0,0.0,0.0,0.0,0.0,0.0,0.0,0.0,0.0,0.0,1.0,0.0,0.0,0.0
0.25,training_001_8a16fe9edafd,10,release_full,7135.713322015187,f35d2cf534e468d98bde18d2ee93efe861e4fb3882015937975e545a0dfaa9a9,83d60cee168aad3323599a6a547cf1911271e7a9eced853af0ae65cf8cd4d989,0.0,0.0,0.0,0.0,0.0,0.0,0.0,0.0,0.0,0.0,0.0,0.0,0.0,0.0,0.0,0.0,0.0,0.0,0.0,0.0,0.0,0.0,0.0,0.0,0.0,0.0,0.0,0.0,0.0,0.0,1.0,0.0,0.0,0.0
0.25,training_001_8a16fe9edafd,11,release_full,6509.258088517865,fe8ea87d3c763361721f3cdd59e80a3ceb8b49eb231bcca61185a16035186691,83d60cee168aad3323599a6a547cf1911271e7a9eced853af0ae65cf8cd4d989,0.0,0.0,0.0,0.0,0.0,0.0,0.0,0.0,0.0,0.0,0.0,0.0,0.0,0.0,0.0,0.0,0.0,0.0,0.0,0.0,0.0,0.0,0.0,0.0,0.0,0.0,0.0,0.0,0.0,0.0,1.0,0.0,0.0,0.0
0.25,training_001_8a16fe9edafd,12,release_full,7384.89970814257,10f6b3dd81849659d5b62ad20eefd385508049de4a678da859f0890cf232df14,83d60cee168aad3323599a6a547cf1911271e7a9eced853af0ae65cf8cd4d989,0.0,0.0,0.0,0.0,0.0,0.0,0.0,0.0,0.0,0.0,0.0,0.0,0.0,0.0,0.0,0.0,0.0,0.0,0.0,0.0,0.0,0.0,0.0,0.0,0.0,0.0,0.0,0.0,0.0,0.0,1.0,0.0,0.0,0.0
0.25,training_001_8a16fe9edafd,13,release_full,7289.481115601643,8e8e9b392f90741d79626c0adcb6c8636d18d467a8a3295ebd5d1156d8c72686,83d60cee168aad3323599a6a547cf1911271e7a9eced853af0ae65cf8cd4d989,0.0,0.0,0.0,0.0,0.0,0.0,0.0,0.0,0.0,0.0,0.0,0.0,0.0,0.0,0.0,0.0,0.0,0.0,0.0,0.0,0.0,0.0,0.0,0.0,0.0,0.0,0.0,0.0,0.0,0.0,1.0,0.0,0.0,0.0
0.25,training_001_8a16fe9edafd,14,release_full,6768.392359856585,5b80b1ba677e7ffc119c67a6e1673ce07bbdc5040d086d65fd39b4db7cd08299,83d60cee168aad3323599a6a547cf1911271e7a9eced853af0ae65cf8cd4d989,0.0,0.0,0.0,0.0,0.0,0.0,0.0,0.0,0.0,0.0,0.0,0.0,0.0,0.0,0.0,0.0,0.0,0.0,0.0,0.0,0.0,0.0,0.0,0.0,0.0,0.0,0.0,0.0,0.0,0.0,1.0,0.0,0.0,0.0
0.25,training_001_8a16fe9edafd,15,release_full,7239.362302510754,901965b93f56adbba03e645d6496a053b74b9bb502e4c908f859cd2f36c42d10,83d60cee168aad3323599a6a547cf1911271e7a9eced853af0ae65cf8cd4d989,0.0,0.0,0.0,0.0,0.0,0.0,0.0,0.0,0.0,0.0,0.0,0.0,0.0,0.0,0.0,0.0,0.0,0.0,0.0,0.0,0.0,0.0,0.0,0.0,0.0,0.0,0.0,0.0,0.0,0.0,1.0,0.0,0.0,0.0
0.25,training_001_8a16fe9edafd,16,release_full,7198.906810111441,c497549c4b62a30c0b4957cba4d1f1a811d4f68e0c5892cbfec75f9302291929,83d60cee168aad3323599a6a547cf1911271e7a9eced853af0ae65cf8cd4d989,0.0,0.0,0.0,0.0,0.0,0.0,0.0,0.0,0.0,0.0,0.0,0.0,0.0,0.0,0.0,0.0,0.0,0.0,0.0,0.0,0.0,0.0,0.0,0.0,0.0,0.0,0.0,0.0,0.0,0.0,1.0,0.0,0.0,0.0
0.25,training_001_8a16fe9edafd,17,release_full,7527.177881728668,9c40e67a57c0063c73d43552550d3f48693f8fae3332bf8461db947faf1bdd6e,83d60cee168aad3323599a6a547cf1911271e7a9eced853af0ae65cf8cd4d989,0.0,0.0,0.0,0.0,0.0,0.0,0.0,0.0,0.0,0.0,0.0,0.0,0.0,0.0,0.0,0.0,0.0,0.0,0.0,0.0,0.0,0.0,0.0,0.0,0.0,0.0,0.0,0.0,0.0,0.0,1.0,0.0,0.0,0.0
0.25,training_001_8a16fe9edafd,18,release_full,8947.996304998105,4a7df457bcf41348fb3f7280e03fc7fe1225f9d8c9e5361335fff842861b4d29,83d60cee168aad3323599a6a547cf1911271e7a9eced853af0ae65cf8cd4d989,0.0,0.0,0.0,0.0,0.0,0.0,0.0,0.0,0.0,0.0,0.0,0.0,0.0,0.0,0.0,0.0,0.0,0.0,0.0,0.0,0.0,0.0,0.0,0.0,0.0,0.0,0.0,0.0,0.0,0.0,1.0,0.0,0.0,0.0
0.25,training_001_8a16fe9edafd,19,release_full,5730.848619206744,4c163f3c3ee36a25ecf67b7e2c6608576427db2b2314b865f900cffb9abf717a,83d60cee168aad3323599a6a547cf1911271e7a9eced853af0ae65cf8cd4d989,0.0,0.0,0.0,0.0,0.0,0.0,0.0,0.0,0.0,0.0,0.0,0.0,0.0,0.0,0.0,0.0,0.0,0.0,0.0,0.0,0.0,0.0,0.0,0.0,0.0,0.0,0.0,0.0,0.0,0.0,1.0,0.0,0.0,0.0
0.25,training_001_8a16fe9edafd,20,release_full,3716.333822687708,d020c36ce1ffa84e4265b0ec82bb3c2ddd68588dcb9bee51b38c1acdde2189e8,83d60cee168aad3323599a6a547cf1911271e7a9eced853af0ae65cf8cd4d989,0.0,0.0,0.0,0.0,0.0,0.0,0.0,0.0,0.0,0.0,0.0,0.0,0.0,0.0,0.0,0.0,0.0,0.0,0.0,0.0,0.0,0.0,0.0,0.0,0.0,0.0,0.0,0.0,0.0,0.0,1.0,0.0,0.0,0.0
0.25,training_002_7ec3e8f1af07,0,zero,289.5283125,5bac43878fde5e28d8516ea4406041f4dbad080df822ad64bf897a6c8842911c,e4d879a3407de578f579dfab4366fcea75a6649c683d9efe4f056f6505437574,0.0,0.0,0.0,0.0,0.0,0.0,0.0,0.0,0.0,0.0,0.0,0.0,0.0,0.0,0.0,0.0,0.0,0.0,0.0,0.0,0.0,0.0,0.0,0.0,0.0,0.0,0.0,0.0,0.0,0.0,0.0,0.0,0.0,0.0
0.25,training_002_7ec3e8f1af07,1,zero,289.5283125,85fcb8d67d304669250f36e2b67677012b5ae7a73da55c984ada024aa20d9d1a,e4d879a3407de578f579dfab4366fcea75a6649c683d9efe4f056f6505437574,0.0,0.0,0.0,0.0,0.0,0.0,0.0,0.0,0.0,0.0,0.0,0.0,0.0,0.0,0.0,0.0,0.0,0.0,0.0,0.0,0.0,0.0,0.0,0.0,0.0,0.0,0.0,0.0,0.0,0.0,0.0,0.0,0.0,0.0
0.25,training_002_7ec3e8f1af07,2,zero,289.5283125,273dfdcf9228401f9cbb7752aa8bb7dd500672482994bd35e252269c4099a384,e4d879a3407de578f579dfab4366fcea75a6649c683d9efe4f056f6505437574,0.0,0.0,0.0,0.0,0.0,0.0,0.0,0.0,0.0,0.0,0.0,0.0,0.0,0.0,0.0,0.0,0.0,0.0,0.0,0.0,0.0,0.0,0.0,0.0,0.0,0.0,0.0,0.0,0.0,0.0,0.0,0.0,0.0,0.0
0.25,training_002_7ec3e8f1af07,3,zero,289.5283125,7b797ca0d03141587cfc2670ccda3f42e5ef1c8b8cd99a93d9bf2cb6dce31550,e4d879a3407de578f579dfab4366fcea75a6649c683d9efe4f056f6505437574,0.0,0.0,0.0,0.0,0.0,0.0,0.0,0.0,0.0,0.0,0.0,0.0,0.0,0.0,0.0,0.0,0.0,0.0,0.0,0.0,0.0,0.0,0.0,0.0,0.0,0.0,0.0,0.0,0.0,0.0,0.0,0.0,0.0,0.0
0.25,training_002_7ec3e8f1af07,4,zero,289.5283125,a21d1540bac52636b953ca59f218e397a181116ee1e67c7775fac694f49bf956,e4d879a3407de578f579dfab4366fcea75a6649c683d9efe4f056f6505437574,0.0,0.0,0.0,0.0,0.0,0.0,0.0,0.0,0.0,0.0,0.0,0.0,0.0,0.0,0.0,0.0,0.0,0.0,0.0,0.0,0.0,0.0,0.0,0.0,0.0,0.0,0.0,0.0,0.0,0.0,0.0,0.0,0.0,0.0
0.25,training_002_7ec3e8f1af07,5,zero,289.5283125,aa1ec7620f3668676a2f4d1f9dfa89ab9fe4bc50dfca2e9cdb9816b4839daa9d,e4d879a3407de578f579dfab4366fcea75a6649c683d9efe4f056f6505437574,0.0,0.0,0.0,0.0,0.0,0.0,0.0,0.0,0.0,0.0,0.0,0.0,0.0,0.0,0.0,0.0,0.0,0.0,0.0,0.0,0.0,0.0,0.0,0.0,0.0,0.0,0.0,0.0,0.0,0.0,0.0,0.0,0.0,0.0
0.25,training_002_7ec3e8f1af07,6,release_full,16034.422454857357,9b42eee36101287a94961fdec380f58c0c05b4a47690cabf5637c76559eaec7c,83d60cee168aad3323599a6a547cf1911271e7a9eced853af0ae65cf8cd4d989,0.0,0.0,0.0,0.0,0.0,0.0,0.0,0.0,0.0,0.0,0.0,0.0,0.0,0.0,0.0,0.0,0.0,0.0,0.0,0.0,0.0,0.0,0.0,0.0,0.0,0.0,0.0,0.0,0.0,0.0,1.0,0.0,0.0,0.0
0.25,training_002_7ec3e8f1af07,7,release_full,20309.735203180597,52be449e7eb1dc6103efdd8ba977ca32bf60eed4c3aad70f219f1187ede348ae,83d60cee168aad3323599a6a547cf1911271e7a9eced853af0ae65cf8cd4d989,0.0,0.0,0.0,0.0,0.0,0.0,0.0,0.0,0.0,0.0,0.0,0.0,0.0,0.0,0.0,0.0,0.0,0.0,0.0,0.0,0.0,0.0,0.0,0.0,0.0,0.0,0.0,0.0,0.0,0.0,1.0,0.0,0.0,0.0
0.25,training_002_7ec3e8f1af07,8,release_full,21237.58803595353,fa58075cdaf62e401ed89c1ec47b8a3305d6915183043c18d88142d9a3ae824e,83d60cee168aad3323599a6a547cf1911271e7a9eced853af0ae65cf8cd4d989,0.0,0.0,0.0,0.0,0.0,0.0,0.0,0.0,0.0,0.0,0.0,0.0,0.0,0.0,0.0,0.0,0.0,0.0,0.0,0.0,0.0,0.0,0.0,0.0,0.0,0.0,0.0,0.0,0.0,0.0,1.0,0.0,0.0,0.0
0.25,training_002_7ec3e8f1af07,9,release_full,19944.75447428556,1370db1e8e378ecb0e322983aaa75ec696b28e2b4c5ce57ffb0f463d3bba3acc,83d60cee168aad3323599a6a547cf1911271e7a9eced853af0ae65cf8cd4d989,0.0,0.0,0.0,0.0,0.0,0.0,0.0,0.0,0.0,0.0,0.0,0.0,0.0,0.0,0.0,0.0,0.0,0.0,0.0,0.0,0.0,0.0,0.0,0.0,0.0,0.0,0.0,0.0,0.0,0.0,1.0,0.0,0.0,0.0
0.25,training_002_7ec3e8f1af07,10,release_full,21572.241901338977,af1272c504f9f5e16782335664fa0f790da87c6442cf4c36a134c6abf48d3ef0,83d60cee168aad3323599a6a547cf1911271e7a9eced853af0ae65cf8cd4d989,0.0,0.0,0.0,0.0,0.0,0.0,0.0,0.0,0.0,0.0,0.0,0.0,0.0,0.0,0.0,0.0,0.0,0.0,0.0,0.0,0.0,0.0,0.0,0.0,0.0,0.0,0.0,0.0,0.0,0.0,1.0,0.0,0.0,0.0
0.25,training_002_7ec3e8f1af07,11,release_full,20583.852617263103,18a7797410a360272c2e3a2ec648ca26263dce365c366f72cc090e42aa869a89,83d60cee168aad3323599a6a547cf1911271e7a9eced853af0ae65cf8cd4d989,0.0,0.0,0.0,0.0,0.0,0.0,0.0,0.0,0.0,0.0,0.0,0.0,0.0,0.0,0.0,0.0,0.0,0.0,0.0,0.0,0.0,0.0,0.0,0.0,0.0,0.0,0.0,0.0,0.0,0.0,1.0,0.0,0.0,0.0
0.25,training_002_7ec3e8f1af07,12,release_full,20151.288150472126,36b429ba849b35e9990dc2b419dd99e105bc3316124d242864e0c51ff593bfcf,83d60cee168aad3323599a6a547cf1911271e7a9eced853af0ae65cf8cd4d989,0.0,0.0,0.0,0.0,0.0,0.0,0.0,0.0,0.0,0.0,0.0,0.0,0.0,0.0,0.0,0.0,0.0,0.0,0.0,0.0,0.0,0.0,0.0,0.0,0.0,0.0,0.0,0.0,0.0,0.0,1.0,0.0,0.0,0.0
0.25,training_002_7ec3e8f1af07,13,release_full,19982.99246700707,58fc14138d6d6cbdc81530c8b61bcf3c7f7a9adb54b3e34ba823fb56b0015e31,83d60cee168aad3323599a6a547cf1911271e7a9eced853af0ae65cf8cd4d989,0.0,0.0,0.0,0.0,0.0,0.0,0.0,0.0,0.0,0.0,0.0,0.0,0.0,0.0,0.0,0.0,0.0,0.0,0.0,0.0,0.0,0.0,0.0,0.0,0.0,0.0,0.0,0.0,0.0,0.0,1.0,0.0,0.0,0.0
0.25,training_002_7ec3e8f1af07,14,release_full,28143.129074484743,ed8524d1e654f329150af656f7a5211dda7c3fff32382a23ae793218fa55b691,83d60cee168aad3323599a6a547cf1911271e7a9eced853af0ae65cf8cd4d989,0.0,0.0,0.0,0.0,0.0,0.0,0.0,0.0,0.0,0.0,0.0,0.0,0.0,0.0,0.0,0.0,0.0,0.0,0.0,0.0,0.0,0.0,0.0,0.0,0.0,0.0,0.0,0.0,0.0,0.0,1.0,0.0,0.0,0.0
0.25,training_002_7ec3e8f1af07,15,release_full,23968.6716694804,815253498c22fbba3c51fa39fb722776a2259d43c8cb3bfa09c47bda7130afba,83d60cee168aad3323599a6a547cf1911271e7a9eced853af0ae65cf8cd4d989,0.0,0.0,0.0,0.0,0.0,0.0,0.0,0.0,0.0,0.0,0.0,0.0,0.0,0.0,0.0,0.0,0.0,0.0,0.0,0.0,0.0,0.0,0.0,0.0,0.0,0.0,0.0,0.0,0.0,0.0,1.0,0.0,0.0,0.0
0.25,training_002_7ec3e8f1af07,16,release_full,24119.10450913173,fb820e72088e922c5818a930e6675d4c8d3a2f2361ba965c4cdda4349f0d7f28,83d60cee168aad3323599a6a547cf1911271e7a9eced853af0ae65cf8cd4d989,0.0,0.0,0.0,0.0,0.0,0.0,0.0,0.0,0.0,0.0,0.0,0.0,0.0,0.0,0.0,0.0,0.0,0.0,0.0,0.0,0.0,0.0,0.0,0.0,0.0,0.0,0.0,0.0,0.0,0.0,1.0,0.0,0.0,0.0
0.25,training_002_7ec3e8f1af07,17,release_full,18191.47154576049,aaf41e549f74ee5c9224ffbdbef24d458ce10f39b7c8bb7a948d68fae78215d3,83d60cee168aad3323599a6a547cf1911271e7a9eced853af0ae65cf8cd4d989,0.0,0.0,0.0,0.0,0.0,0.0,0.0,0.0,0.0,0.0,0.0,0.0,0.0,0.0,0.0,0.0,0.0,0.0,0.0,0.0,0.0,0.0,0.0,0.0,0.0,0.0,0.0,0.0,0.0,0.0,1.0,0.0,0.0,0.0
0.25,training_002_7ec3e8f1af07,18,release_full,16065.735839325342,a86fd2e6c2a5fa4ee7770f90ce9b56df618cae8a8938b245cad0622b2f484e17,83d60cee168aad3323599a6a547cf1911271e7a9eced853af0ae65cf8cd4d989,0.0,0.0,0.0,0.0,0.0,0.0,0.0,0.0,0.0,0.0,0.0,0.0,0.0,0.0,0.0,0.0,0.0,0.0,0.0,0.0,0.0,0.0,0.0,0.0,0.0,0.0,0.0,0.0,0.0,0.0,1.0,0.0,0.0,0.0
0.25,training_002_7ec3e8f1af07,19,release_full,29410.79739405223,07235ecb29c796bd72c151d09224431f0b0be77702635a6400319c359d529a42,83d60cee168aad3323599a6a547cf1911271e7a9eced853af0ae65cf8cd4d989,0.0,0.0,0.0,0.0,0.0,0.0,0.0,0.0,0.0,0.0,0.0,0.0,0.0,0.0,0.0,0.0,0.0,0.0,0.0,0.0,0.0,0.0,0.0,0.0,0.0,0.0,0.0,0.0,0.0,0.0,1.0,0.0,0.0,0.0
0.25,training_002_7ec3e8f1af07,20,release_full,24978.98072063166,c723935ed9c21a1cc341eb1d4ad9b08801084e952fa61813f2c2c586b0f0f63a,83d60cee168aad3323599a6a547cf1911271e7a9eced853af0ae65cf8cd4d989,0.0,0.0,0.0,0.0,0.0,0.0,0.0,0.0,0.0,0.0,0.0,0.0,0.0,0.0,0.0,0.0,0.0,0.0,0.0,0.0,0.0,0.0,0.0,0.0,0.0,0.0,0.0,0.0,0.0,0.0,1.0,0.0,0.0,0.0
0.375,training_000_60a9d350b650,0,zero,89.50943750000002,e9e7f4753113b72de8687b2525a4c6962f33b9932142184ca5ba11cdc4aa1831,e4d879a3407de578f579dfab4366fcea75a6649c683d9efe4f056f6505437574,0.0,0.0,0.0,0.0,0.0,0.0,0.0,0.0,0.0,0.0,0.0,0.0,0.0,0.0,0.0,0.0,0.0,0.0,0.0,0.0,0.0,0.0,0.0,0.0,0.0,0.0,0.0,0.0,0.0,0.0,0.0,0.0,0.0,0.0
0.375,training_000_60a9d350b650,1,zero,89.50943750000002,858b1ce50860df7e9d695dfd5d2a5386cbe77e1840119cccee821568e60025e9,e4d879a3407de578f579dfab4366fcea75a6649c683d9efe4f056f6505437574,0.0,0.0,0.0,0.0,0.0,0.0,0.0,0.0,0.0,0.0,0.0,0.0,0.0,0.0,0.0,0.0,0.0,0.0,0.0,0.0,0.0,0.0,0.0,0.0,0.0,0.0,0.0,0.0,0.0,0.0,0.0,0.0,0.0,0.0
0.375,training_000_60a9d350b650,2,release_full,15082.838133570072,216b4cbe53a140eb72e9a0ae481dae3557af0b9c5642c6227d6b76bb192f4140,83d60cee168aad3323599a6a547cf1911271e7a9eced853af0ae65cf8cd4d989,0.0,0.0,0.0,0.0,0.0,0.0,0.0,0.0,0.0,0.0,0.0,0.0,0.0,0.0,0.0,0.0,0.0,0.0,0.0,0.0,0.0,0.0,0.0,0.0,0.0,0.0,0.0,0.0,0.0,0.0,1.0,0.0,0.0,0.0
0.375,training_000_60a9d350b650,3,release_full,18785.945720761367,586e0f36af8ac84b04cf543b854f160a705bdba8b6d90c80504c35d1a5feca78,83d60cee168aad3323599a6a547cf1911271e7a9eced853af0ae65cf8cd4d989,0.0,0.0,0.0,0.0,0.0,0.0,0.0,0.0,0.0,0.0,0.0,0.0,0.0,0.0,0.0,0.0,0.0,0.0,0.0,0.0,0.0,0.0,0.0,0.0,0.0,0.0,0.0,0.0,0.0,0.0,1.0,0.0,0.0,0.0
0.375,training_000_60a9d350b650,4,release_full,18475.41052254707,612b7b0385fded48541108df1968656c03e605a96a1fff8a20a29298c5159aef,83d60cee168aad3323599a6a547cf1911271e7a9eced853af0ae65cf8cd4d989,0.0,0.0,0.0,0.0,0.0,0.0,0.0,0.0,0.0,0.0,0.0,0.0,0.0,0.0,0.0,0.0,0.0,0.0,0.0,0.0,0.0,0.0,0.0,0.0,0.0,0.0,0.0,0.0,0.0,0.0,1.0,0.0,0.0,0.0
0.375,training_000_60a9d350b650,5,release_full,19468.169333617927,c92f4bb158a9f71c8ff29a481f1ce2fac3cf963a7734918122d3c91efe26914e,83d60cee168aad3323599a6a547cf1911271e7a9eced853af0ae65cf8cd4d989,0.0,0.0,0.0,0.0,0.0,0.0,0.0,0.0,0.0,0.0,0.0,0.0,0.0,0.0,0.0,0.0,0.0,0.0,0.0,0.0,0.0,0.0,0.0,0.0,0.0,0.0,0.0,0.0,0.0,0.0,1.0,0.0,0.0,0.0
0.375,training_000_60a9d350b650,6,release_full,20484.924601934246,e2eb45df9a7a428e8b7c2bffae9284e0c0303151026be90fce862a6666c3b988,83d60cee168aad3323599a6a547cf1911271e7a9eced853af0ae65cf8cd4d989,0.0,0.0,0.0,0.0,0.0,0.0,0.0,0.0,0.0,0.0,0.0,0.0,0.0,0.0,0.0,0.0,0.0,0.0,0.0,0.0,0.0,0.0,0.0,0.0,0.0,0.0,0.0,0.0,0.0,0.0,1.0,0.0,0.0,0.0
0.375,training_000_60a9d350b650,7,release_full,18964.49695659401,e9a583f142a29c101fe7ef92e97f4d01e053aa2c8171f5edf9fd07a41470754f,83d60cee168aad3323599a6a547cf1911271e7a9eced853af0ae65cf8cd4d989,0.0,0.0,0.0,0.0,0.0,0.0,0.0,0.0,0.0,0.0,0.0,0.0,0.0,0.0,0.0,0.0,0.0,0.0,0.0,0.0,0.0,0.0,0.0,0.0,0.0,0.0,0.0,0.0,0.0,0.0,1.0,0.0,0.0,0.0
0.375,training_000_60a9d350b650,8,release_full,22534.0292200008,fb569458b829b6a3ef81bb9ca3e000fc5454b44fd43cfbe1dc138fd29a6d54f3,83d60cee168aad3323599a6a547cf1911271e7a9eced853af0ae65cf8cd4d989,0.0,0.0,0.0,0.0,0.0,0.0,0.0,0.0,0.0,0.0,0.0,0.0,0.0,0.0,0.0,0.0,0.0,0.0,0.0,0.0,0.0,0.0,0.0,0.0,0.0,0.0,0.0,0.0,0.0,0.0,1.0,0.0,0.0,0.0
0.375,training_000_60a9d350b650,9,release_full,23273.91258827078,50532fc37374161ca5416a464669ec14f44f54a3996f73bdc6c758105280b01b,83d60cee168aad3323599a6a547cf1911271e7a9eced853af0ae65cf8cd4d989,0.0,0.0,0.0,0.0,0.0,0.0,0.0,0.0,0.0,0.0,0.0,0.0,0.0,0.0,0.0,0.0,0.0,0.0,0.0,0.0,0.0,0.0,0.0,0.0,0.0,0.0,0.0,0.0,0.0,0.0,1.0,0.0,0.0,0.0
0.375,training_000_60a9d350b650,10,release_full,26514.094863682432,092ef457580f48226ee561e8a88c7e0d398cccb392cb2a5d06252cd9806b7518,83d60cee168aad3323599a6a547cf1911271e7a9eced853af0ae65cf8cd4d989,0.0,0.0,0.0,0.0,0.0,0.0,0.0,0.0,0.0,0.0,0.0,0.0,0.0,0.0,0.0,0.0,0.0,0.0,0.0,0.0,0.0,0.0,0.0,0.0,0.0,0.0,0.0,0.0,0.0,0.0,1.0,0.0,0.0,0.0
0.375,training_000_60a9d350b650,11,release_full,30347.086491460424,7d8f33a2c18bc076e4c92ef49326c7e1168c17904b5fa175717f51c8381da0d8,83d60cee168aad3323599a6a547cf1911271e7a9eced853af0ae65cf8cd4d989,0.0,0.0,0.0,0.0,0.0,0.0,0.0,0.0,0.0,0.0,0.0,0.0,0.0,0.0,0.0,0.0,0.0,0.0,0.0,0.0,0.0,0.0,0.0,0.0,0.0,0.0,0.0,0.0,0.0,0.0,1.0,0.0,0.0,0.0
0.375,training_000_60a9d350b650,12,release_full,25710.9338875795,468dc11f974e8ad6f9e39a024b5d4bc30e70a6a338b2c6856741b91cc3cb3f9c,83d60cee168aad3323599a6a547cf1911271e7a9eced853af0ae65cf8cd4d989,0.0,0.0,0.0,0.0,0.0,0.0,0.0,0.0,0.0,0.0,0.0,0.0,0.0,0.0,0.0,0.0,0.0,0.0,0.0,0.0,0.0,0.0,0.0,0.0,0.0,0.0,0.0,0.0,0.0,0.0,1.0,0.0,0.0,0.0
0.375,training_000_60a9d350b650,13,release_full,22123.251981021043,bf962760fcc911d8df6811b9809aa1445c7b3820c46ec54f98affbbdee3acbba,83d60cee168aad3323599a6a547cf1911271e7a9eced853af0ae65cf8cd4d989,0.0,0.0,0.0,0.0,0.0,0.0,0.0,0.0,0.0,0.0,0.0,0.0,0.0,0.0,0.0,0.0,0.0,0.0,0.0,0.0,0.0,0.0,0.0,0.0,0.0,0.0,0.0,0.0,0.0,0.0,1.0,0.0,0.0,0.0
0.375,training_000_60a9d350b650,14,release_full,21253.69595625956,e010e568ea2de4f5d10868d91c702641232476ec18f32852e6448d3c2c78e055,83d60cee168aad3323599a6a547cf1911271e7a9eced853af0ae65cf8cd4d989,0.0,0.0,0.0,0.0,0.0,0.0,0.0,0.0,0.0,0.0,0.0,0.0,0.0,0.0,0.0,0.0,0.0,0.0,0.0,0.0,0.0,0.0,0.0,0.0,0.0,0.0,0.0,0.0,0.0,0.0,1.0,0.0,0.0,0.0
0.375,training_000_60a9d350b650,15,release_full,17167.855822622976,e8e7af0e97a8d056caec92c749ca557b991223c68dbe3c1ace6eb6adf4aba6ef,83d60cee168aad3323599a6a547cf1911271e7a9eced853af0ae65cf8cd4d989,0.0,0.0,0.0,0.0,0.0,0.0,0.0,0.0,0.0,0.0,0.0,0.0,0.0,0.0,0.0,0.0,0.0,0.0,0.0,0.0,0.0,0.0,0.0,0.0,0.0,0.0,0.0,0.0,0.0,0.0,1.0,0.0,0.0,0.0
0.375,training_000_60a9d350b650,16,release_full,16415.746462672487,482b90e9caea28869358f43e252e0120ed9310123b22f4cd7a9ba7545278d42d,83d60cee168aad3323599a6a547cf1911271e7a9eced853af0ae65cf8cd4d989,0.0,0.0,0.0,0.0,0.0,0.0,0.0,0.0,0.0,0.0,0.0,0.0,0.0,0.0,0.0,0.0,0.0,0.0,0.0,0.0,0.0,0.0,0.0,0.0,0.0,0.0,0.0,0.0,0.0,0.0,1.0,0.0,0.0,0.0
0.375,training_000_60a9d350b650,17,release_full,13668.194157238047,140de1eea0854ac1040adf2c93ec7eac95fd09b9416a06223c7c05b36b17421b,83d60cee168aad3323599a6a547cf1911271e7a9eced853af0ae65cf8cd4d989,0.0,0.0,0.0,0.0,0.0,0.0,0.0,0.0,0.0,0.0,0.0,0.0,0.0,0.0,0.0,0.0,0.0,0.0,0.0,0.0,0.0,0.0,0.0,0.0,0.0,0.0,0.0,0.0,0.0,0.0,1.0,0.0,0.0,0.0
0.375,training_000_60a9d350b650,18,release_full,11426.220512131114,bef765e4f2969c919dccec637dafdb3893fb804a9b3f76d4457468fea2e3a657,83d60cee168aad3323599a6a547cf1911271e7a9eced853af0ae65cf8cd4d989,0.0,0.0,0.0,0.0,0.0,0.0,0.0,0.0,0.0,0.0,0.0,0.0,0.0,0.0,0.0,0.0,0.0,0.0,0.0,0.0,0.0,0.0,0.0,0.0,0.0,0.0,0.0,0.0,0.0,0.0,1.0,0.0,0.0,0.0
0.375,training_000_60a9d350b650,19,release_full,9279.60108723801,5237fa38d132f360c688a26ba240d0bd3211cbcbfee1fbfe91483fbd6d1bcbb0,83d60cee168aad3323599a6a547cf1911271e7a9eced853af0ae65cf8cd4d989,0.0,0.0,0.0,0.0,0.0,0.0,0.0,0.0,0.0,0.0,0.0,0.0,0.0,0.0,0.0,0.0,0.0,0.0,0.0,0.0,0.0,0.0,0.0,0.0,0.0,0.0,0.0,0.0,0.0,0.0,1.0,0.0,0.0,0.0
0.375,training_000_60a9d350b650,20,release_full,6932.923899569465,dd76b6c955da8f566e7a322fe06311d4244c926b75460e517eb25f86c06b281d,83d60cee168aad3323599a6a547cf1911271e7a9eced853af0ae65cf8cd4d989,0.0,0.0,0.0,0.0,0.0,0.0,0.0,0.0,0.0,0.0,0.0,0.0,0.0,0.0,0.0,0.0,0.0,0.0,0.0,0.0,0.0,0.0,0.0,0.0,0.0,0.0,0.0,0.0,0.0,0.0,1.0,0.0,0.0,0.0
0.375,training_001_8a16fe9edafd,0,zero,189.51887500000004,3e7e80571d94a543598ed7d084174d821f7c56ea23988016e10aa547feb4d966,e4d879a3407de578f579dfab4366fcea75a6649c683d9efe4f056f6505437574,0.0,0.0,0.0,0.0,0.0,0.0,0.0,0.0,0.0,0.0,0.0,0.0,0.0,0.0,0.0,0.0,0.0,0.0,0.0,0.0,0.0,0.0,0.0,0.0,0.0,0.0,0.0,0.0,0.0,0.0,0.0,0.0,0.0,0.0
0.375,training_001_8a16fe9edafd,1,zero,189.51887500000004,9a1ff029af34639d13f11401afc0f3b4f207e4679ee985bed3b2c8b718d8bdb6,e4d879a3407de578f579dfab4366fcea75a6649c683d9efe4f056f6505437574,0.0,0.0,0.0,0.0,0.0,0.0,0.0,0.0,0.0,0.0,0.0,0.0,0.0,0.0,0.0,0.0,0.0,0.0,0.0,0.0,0.0,0.0,0.0,0.0,0.0,0.0,0.0,0.0,0.0,0.0,0.0,0.0,0.0,0.0
0.375,training_001_8a16fe9edafd,2,zero,189.51887500000004,8ec960abde00ba9d2c73c09b26a189f6371a372eeb28837d34d4b43157160023,e4d879a3407de578f579dfab4366fcea75a6649c683d9efe4f056f6505437574,0.0,0.0,0.0,0.0,0.0,0.0,0.0,0.0,0.0,0.0,0.0,0.0,0.0,0.0,0.0,0.0,0.0,0.0,0.0,0.0,0.0,0.0,0.0,0.0,0.0,0.0,0.0,0.0,0.0,0.0,0.0,0.0,0.0,0.0
0.375,training_001_8a16fe9edafd,3,zero,189.51887500000004,6cab55e5b05526224a7fb81989addca856a9d976b52e241ca727102606713a49,e4d879a3407de578f579dfab4366fcea75a6649c683d9efe4f056f6505437574,0.0,0.0,0.0,0.0,0.0,0.0,0.0,0.0,0.0,0.0,0.0,0.0,0.0,0.0,0.0,0.0,0.0,0.0,0.0,0.0,0.0,0.0,0.0,0.0,0.0,0.0,0.0,0.0,0.0,0.0,0.0,0.0,0.0,0.0
0.375,training_001_8a16fe9edafd,4,release_full,6103.587588371849,a061a7a6b47d6ae4f4235510a1dabbace8ae33df54c3be6b5ef3569b38a8c4c4,83d60cee168aad3323599a6a547cf1911271e7a9eced853af0ae65cf8cd4d989,0.0,0.0,0.0,0.0,0.0,0.0,0.0,0.0,0.0,0.0,0.0,0.0,0.0,0.0,0.0,0.0,0.0,0.0,0.0,0.0,0.0,0.0,0.0,0.0,0.0,0.0,0.0,0.0,0.0,0.0,1.0,0.0,0.0,0.0
0.375,training_001_8a16fe9edafd,5,release_full,4572.877127502423,67c546e1ab2156a558436f16f2d97da32c31d576eaaccf029e07325f4bbfbf70,83d60cee168aad3323599a6a547cf1911271e7a9eced853af0ae65cf8cd4d989,0.0,0.0,0.0,0.0,0.0,0.0,0.0,0.0,0.0,0.0,0.0,0.0,0.0,0.0,0.0,0.0,0.0,0.0,0.0,0.0,0.0,0.0,0.0,0.0,0.0,0.0,0.0,0.0,0.0,0.0,1.0,0.0,0.0,0.0
0.375,training_001_8a16fe9edafd,6,release_full,6266.588244757847,0aaea4cd5e6f506f1f70d02e002cea498d3fc47b20ce19df801a5fac03b31bca,83d60cee168aad3323599a6a547cf1911271e7a9eced853af0ae65cf8cd4d989,0.0,0.0,0.0,0.0,0.0,0.0,0.0,0.0,0.0,0.0,0.0,0.0,0.0,0.0,0.0,0.0,0.0,0.0,0.0,0.0,0.0,0.0,0.0,0.0,0.0,0.0,0.0,0.0,0.0,0.0,1.0,0.0,0.0,0.0
0.375,training_001_8a16fe9edafd,7,release_full,6365.993122155794,eb9f7977db2f1f7611412615f386b53f1a1b74c6ce90a2d6108b4fa4b4dcedfe,83d60cee168aad3323599a6a547cf1911271e7a9eced853af0ae65cf8cd4d989,0.0,0.0,0.0,0.0,0.0,0.0,0.0,0.0,0.0,0.0,0.0,0.0,0.0,0.0,0.0,0.0,0.0,0.0,0.0,0.0,0.0,0.0,0.0,0.0,0.0,0.0,0.0,0.0,0.0,0.0,1.0,0.0,0.0,0.0
0.375,training_001_8a16fe9edafd,8,release_full,6159.789637454225,798aa3d349128a6e4b682a6906d1d19442f4a319900691762e7211cd372e28eb,83d60cee168aad3323599a6a547cf1911271e7a9eced853af0ae65cf8cd4d989,0.0,0.0,0.0,0.0,0.0,0.0,0.0,0.0,0.0,0.0,0.0,0.0,0.0,0.0,0.0,0.0,0.0,0.0,0.0,0.0,0.0,0.0,0.0,0.0,0.0,0.0,0.0,0.0,0.0,0.0,1.0,0.0,0.0,0.0
0.375,training_001_8a16fe9edafd,9,release_full,5871.986558440322,a5848cae91eb89c7ce385a6c1c3c3f5794d6dc53324805bd8a4305ee654e240b,83d60cee168aad3323599a6a547cf1911271e7a9eced853af0ae65cf8cd4d989,0.0,0.0,0.0,0.0,0.0,0.0,0.0,0.0,0.0,0.0,0.0,0.0,0.0,0.0,0.0,0.0,0.0,0.0,0.0,0.0,0.0,0.0,0.0,0.0,0.0,0.0,0.0,0.0,0.0,0.0,1.0,0.0,0.0,0.0
0.375,training_001_8a16fe9edafd,10,release_full,6855.901117705245,1573460793d336e6873e254b1cf30cd3fe1ffbda5eb18acd186e8be761e4342b,83d60cee168aad3323599a6a547cf1911271e7a9eced853af0ae65cf8cd4d989,0.0,0.0,0.0,0.0,0.0,0.0,0.0,0.0,0.0,0.0,0.0,0.0,0.0,0.0,0.0,0.0,0.0,0.0,0.0,0.0,0.0,0.0,0.0,0.0,0.0,0.0,0.0,0.0,0.0,0.0,1.0,0.0,0.0,0.0
0.375,training_001_8a16fe9edafd,11,release_full,6270.18589360562,b232ce4cbbdb3c547a220c2c2988e12d9fd7fb468f33bd70c264240f4d9f0166,83d60cee168aad3323599a6a547cf1911271e7a9eced853af0ae65cf8cd4d989,0.0,0.0,0.0,0.0,0.0,0.0,0.0,0.0,0.0,0.0,0.0,0.0,0.0,0.0,0.0,0.0,0.0,0.0,0.0,0.0,0.0,0.0,0.0,0.0,0.0,0.0,0.0,0.0,0.0,0.0,1.0,0.0,0.0,0.0
0.375,training_001_8a16fe9edafd,12,release_full,7119.900468197979,f5800acd2fafad150055e699e62208dd7a8126975dd22cc336c56d0c9905beef,83d60cee168aad3323599a6a547cf1911271e7a9eced853af0ae65cf8cd4d989,0.0,0.0,0.0,0.0,0.0,0.0,0.0,0.0,0.0,0.0,0.0,0.0,0.0,0.0,0.0,0.0,0.0,0.0,0.0,0.0,0.0,0.0,0.0,0.0,0.0,0.0,0.0,0.0,0.0,0.0,1.0,0.0,0.0,0.0
0.375,training_001_8a16fe9edafd,13,release_full,7027.48341874566,6d33d192ae3fc2b77152f78584793e6abc93ddeb1008442eeb934f7b440a65a0,83d60cee168aad3323599a6a547cf1911271e7a9eced853af0ae65cf8cd4d989,0.0,0.0,0.0,0.0,0.0,0.0,0.0,0.0,0.0,0.0,0.0,0.0,0.0,0.0,0.0,0.0,0.0,0.0,0.0,0.0,0.0,0.0,0.0,0.0,0.0,0.0,0.0,0.0,0.0,0.0,1.0,0.0,0.0,0.0
0.375,training_001_8a16fe9edafd,14,release_full,6522.305930031247,6a7c12a5fcd6eeaed3244d3c304d51dde984d5e919b60733bfd1d26ccc935588,83d60cee168aad3323599a6a547cf1911271e7a9eced853af0ae65cf8cd4d989,0.0,0.0,0.0,0.0,0.0,0.0,0.0,0.0,0.0,0.0,0.0,0.0,0.0,0.0,0.0,0.0,0.0,0.0,0.0,0.0,0.0,0.0,0.0,0.0,0.0,0.0,0.0,0.0,0.0,0.0,1.0,0.0,0.0,0.0
0.375,training_001_8a16fe9edafd,15,release_full,6975.042555954185,5e874ac33f4ef18fc86ff978ca6f86a8ff2c3f89d88a00b34363b873fee3ede0,83d60cee168aad3323599a6a547cf1911271e7a9eced853af0ae65cf8cd4d989,0.0,0.0,0.0,0.0,0.0,0.0,0.0,0.0,0.0,0.0,0.0,0.0,0.0,0.0,0.0,0.0,0.0,0.0,0.0,0.0,0.0,0.0,0.0,0.0,0.0,0.0,0.0,0.0,0.0,0.0,1.0,0.0,0.0,0.0
0.375,training_001_8a16fe9edafd,16,release_full,6939.684803507115,c08b2e6e2e7788708a7e28f1b89d8ce59b1f4cc561a37ba255d8f0f8a91bd2dc,83d60cee168aad3323599a6a547cf1911271e7a9eced853af0ae65cf8cd4d989,0.0,0.0,0.0,0.0,0.0,0.0,0.0,0.0,0.0,0.0,0.0,0.0,0.0,0.0,0.0,0.0,0.0,0.0,0.0,0.0,0.0,0.0,0.0,0.0,0.0,0.0,0.0,0.0,0.0,0.0,1.0,0.0,0.0,0.0
0.375,training_001_8a16fe9edafd,17,release_full,7261.33977705201,ac0f99db6c4dd5092caf7b6ff821c2cd9f86b2df1be63a935223128a782f5b94,83d60cee168aad3323599a6a547cf1911271e7a9eced853af0ae65cf8cd4d989,0.0,0.0,0.0,0.0,0.0,0.0,0.0,0.0,0.0,0.0,0.0,0.0,0.0,0.0,0.0,0.0,0.0,0.0,0.0,0.0,0.0,0.0,0.0,0.0,0.0,0.0,0.0,0.0,0.0,0.0,1.0,0.0,0.0,0.0
0.375,training_001_8a16fe9edafd,18,release_full,8629.9071405426,6892b8b20c5ddf201cf825c039afd1579500696a5c7ba28b22e474b8fb24bf1f,83d60cee168aad3323599a6a547cf1911271e7a9eced853af0ae65cf8cd4d989,0.0,0.0,0.0,0.0,0.0,0.0,0.0,0.0,0.0,0.0,0.0,0.0,0.0,0.0,0.0,0.0,0.0,0.0,0.0,0.0,0.0,0.0,0.0,0.0,0.0,0.0,0.0,0.0,0.0,0.0,1.0,0.0,0.0,0.0
0.375,training_001_8a16fe9edafd,19,release_full,5597.935538334804,ad9be7313f4e7e3411ad48a1623eb7bbc512a94ab9a1a7260a180a0d9cae3bfa,83d60cee168aad3323599a6a547cf1911271e7a9eced853af0ae65cf8cd4d989,0.0,0.0,0.0,0.0,0.0,0.0,0.0,0.0,0.0,0.0,0.0,0.0,0.0,0.0,0.0,0.0,0.0,0.0,0.0,0.0,0.0,0.0,0.0,0.0,0.0,0.0,0.0,0.0,0.0,0.0,1.0,0.0,0.0,0.0
0.375,training_001_8a16fe9edafd,20,release_full,3710.421075665861,b7ed3484c33acc205e94dcc32a8611ce3b71a5e36ffd6fa40c20c66c9ef4edb0,83d60cee168aad3323599a6a547cf1911271e7a9eced853af0ae65cf8cd4d989,0.0,0.0,0.0,0.0,0.0,0.0,0.0,0.0,0.0,0.0,0.0,0.0,0.0,0.0,0.0,0.0,0.0,0.0,0.0,0.0,0.0,0.0,0.0,0.0,0.0,0.0,0.0,0.0,0.0,0.0,1.0,0.0,0.0,0.0
0.375,training_002_7ec3e8f1af07,0,zero,289.5283125,5bac43878fde5e28d8516ea4406041f4dbad080df822ad64bf897a6c8842911c,e4d879a3407de578f579dfab4366fcea75a6649c683d9efe4f056f6505437574,0.0,0.0,0.0,0.0,0.0,0.0,0.0,0.0,0.0,0.0,0.0,0.0,0.0,0.0,0.0,0.0,0.0,0.0,0.0,0.0,0.0,0.0,0.0,0.0,0.0,0.0,0.0,0.0,0.0,0.0,0.0,0.0,0.0,0.0
0.375,training_002_7ec3e8f1af07,1,zero,289.5283125,85fcb8d67d304669250f36e2b67677012b5ae7a73da55c984ada024aa20d9d1a,e4d879a3407de578f579dfab4366fcea75a6649c683d9efe4f056f6505437574,0.0,0.0,0.0,0.0,0.0,0.0,0.0,0.0,0.0,0.0,0.0,0.0,0.0,0.0,0.0,0.0,0.0,0.0,0.0,0.0,0.0,0.0,0.0,0.0,0.0,0.0,0.0,0.0,0.0,0.0,0.0,0.0,0.0,0.0
0.375,training_002_7ec3e8f1af07,2,zero,289.5283125,273dfdcf9228401f9cbb7752aa8bb7dd500672482994bd35e252269c4099a384,e4d879a3407de578f579dfab4366fcea75a6649c683d9efe4f056f6505437574,0.0,0.0,0.0,0.0,0.0,0.0,0.0,0.0,0.0,0.0,0.0,0.0,0.0,0.0,0.0,0.0,0.0,0.0,0.0,0.0,0.0,0.0,0.0,0.0,0.0,0.0,0.0,0.0,0.0,0.0,0.0,0.0,0.0,0.0
0.375,training_002_7ec3e8f1af07,3,zero,289.5283125,7b797ca0d03141587cfc2670ccda3f42e5ef1c8b8cd99a93d9bf2cb6dce31550,e4d879a3407de578f579dfab4366fcea75a6649c683d9efe4f056f6505437574,0.0,0.0,0.0,0.0,0.0,0.0,0.0,0.0,0.0,0.0,0.0,0.0,0.0,0.0,0.0,0.0,0.0,0.0,0.0,0.0,0.0,0.0,0.0,0.0,0.0,0.0,0.0,0.0,0.0,0.0,0.0,0.0,0.0,0.0
0.375,training_002_7ec3e8f1af07,4,zero,289.5283125,a21d1540bac52636b953ca59f218e397a181116ee1e67c7775fac694f49bf956,e4d879a3407de578f579dfab4366fcea75a6649c683d9efe4f056f6505437574,0.0,0.0,0.0,0.0,0.0,0.0,0.0,0.0,0.0,0.0,0.0,0.0,0.0,0.0,0.0,0.0,0.0,0.0,0.0,0.0,0.0,0.0,0.0,0.0,0.0,0.0,0.0,0.0,0.0,0.0,0.0,0.0,0.0,0.0
0.375,training_002_7ec3e8f1af07,5,zero,289.5283125,aa1ec7620f3668676a2f4d1f9dfa89ab9fe4bc50dfca2e9cdb9816b4839daa9d,e4d879a3407de578f579dfab4366fcea75a6649c683d9efe4f056f6505437574,0.0,0.0,0.0,0.0,0.0,0.0,0.0,0.0,0.0,0.0,0.0,0.0,0.0,0.0,0.0,0.0,0.0,0.0,0.0,0.0,0.0,0.0,0.0,0.0,0.0,0.0,0.0,0.0,0.0,0.0,0.0,0.0,0.0,0.0
0.375,training_002_7ec3e8f1af07,6,release_full,15748.667576764075,90aee13c86accd8a261e535e85fc2c6d798635b38a754604d433aa5a76e70d68,83d60cee168aad3323599a6a547cf1911271e7a9eced853af0ae65cf8cd4d989,0.0,0.0,0.0,0.0,0.0,0.0,0.0,0.0,0.0,0.0,0.0,0.0,0.0,0.0,0.0,0.0,0.0,0.0,0.0,0.0,0.0,0.0,0.0,0.0,0.0,0.0,0.0,0.0,0.0,0.0,1.0,0.0,0.0,0.0
0.375,training_002_7ec3e8f1af07,7,release_full,19989.95156265525,c1ab72e82601d140ac4b39dff7a764182e65c36ee04bc705fe12e8e4baedb6d8,83d60cee168aad3323599a6a547cf1911271e7a9eced853af0ae65cf8cd4d989,0.0,0.0,0.0,0.0,0.0,0.0,0.0,0.0,0.0,0.0,0.0,0.0,0.0,0.0,0.0,0.0,0.0,0.0,0.0,0.0,0.0,0.0,0.0,0.0,0.0,0.0,0.0,0.0,0.0,0.0,1.0,0.0,0.0,0.0
0.375,training_002_7ec3e8f1af07,8,release_full,20973.767327763955,8d69fea3d00ff8469c7f4a614957c6f5be59437f62d19cb3c10bf59de9269f19,83d60cee168aad3323599a6a547cf1911271e7a9eced853af0ae65cf8cd4d989,0.0,0.0,0.0,0.0,0.0,0.0,0.0,0.0,0.0,0.0,0.0,0.0,0.0,0.0,0.0,0.0,0.0,0.0,0.0,0.0,0.0,0.0,0.0,0.0,0.0,0.0,0.0,0.0,0.0,0.0,1.0,0.0,0.0,0.0
0.375,training_002_7ec3e8f1af07,9,release_full,19793.324140314773,4dda4548053852e199484c3ea1c1c904bbcd869673a912bc8de48dc471b0870b,83d60cee168aad3323599a6a547cf1911271e7a9eced853af0ae65cf8cd4d989,0.0,0.0,0.0,0.0,0.0,0.0,0.0,0.0,0.0,0.0,0.0,0.0,0.0,0.0,0.0,0.0,0.0,0.0,0.0,0.0,0.0,0.0,0.0,0.0,0.0,0.0,0.0,0.0,0.0,0.0,1.0,0.0,0.0,0.0
0.375,training_002_7ec3e8f1af07,10,release_full,21552.12216304577,8416d54c237080d2d2885859727cfa71a555a021738f419f5269407c3e6da6d7,83d60cee168aad3323599a6a547cf1911271e7a9eced853af0ae65cf8cd4d989,0.0,0.0,0.0,0.0,0.0,0.0,0.0,0.0,0.0,0.0,0.0,0.0,0.0,0.0,0.0,0.0,0.0,0.0,0.0,0.0,0.0,0.0,0.0,0.0,0.0,0.0,0.0,0.0,0.0,0.0,1.0,0.0,0.0,0.0
0.375,training_002_7ec3e8f1af07,11,release_full,20664.54430084397,82cfdc6c383dea7b219abfb973dbee40d990d337a91b04e563512103f93699ca,83d60cee168aad3323599a6a547cf1911271e7a9eced853af0ae65cf8cd4d989,0.0,0.0,0.0,0.0,0.0,0.0,0.0,0.0,0.0,0.0,0.0,0.0,0.0,0.0,0.0,0.0,0.0,0.0,0.0,0.0,0.0,0.0,0.0,0.0,0.0,0.0,0.0,0.0,0.0,0.0,1.0,0.0,0.0,0.0
0.375,training_002_7ec3e8f1af07,12,release_full,20323.81827013713,4a1a211162c3214c8962aac1ca11eb6f609e26bbfe7bffc1e6c470afd9c7692c,83d60cee168aad3323599a6a547cf1911271e7a9eced853af0ae65cf8cd4d989,0.0,0.0,0.0,0.0,0.0,0.0,0.0,0.0,0.0,0.0,0.0,0.0,0.0,0.0,0.0,0.0,0.0,0.0,0.0,0.0,0.0,0.0,0.0,0.0,0.0,0.0,0.0,0.0,0.0,0.0,1.0,0.0,0.0,0.0
0.375,training_002_7ec3e8f1af07,13,release_full,20187.70535159533,b26ba2a4048e68ca730884eaadc8910b2f1e9097627df5cf604c5c00d6c3c3b0,83d60cee168aad3323599a6a547cf1911271e7a9eced853af0ae65cf8cd4d989,0.0,0.0,0.0,0.0,0.0,0.0,0.0,0.0,0.0,0.0,0.0,0.0,0.0,0.0,0.0,0.0,0.0,0.0,0.0,0.0,0.0,0.0,0.0,0.0,0.0,0.0,0.0,0.0,0.0,0.0,1.0,0.0,0.0,0.0
0.375,training_002_7ec3e8f1af07,14,release_full,28365.394730522952,dd286ad39cdb504d0d4826597af9987763f494667bbea1b89ab005eb71b97998,83d60cee168aad3323599a6a547cf1911271e7a9eced853af0ae65cf8cd4d989,0.0,0.0,0.0,0.0,0.0,0.0,0.0,0.0,0.0,0.0,0.0,0.0,0.0,0.0,0.0,0.0,0.0,0.0,0.0,0.0,0.0,0.0,0.0,0.0,0.0,0.0,0.0,0.0,0.0,0.0,1.0,0.0,0.0,0.0
0.375,training_002_7ec3e8f1af07,15,release_full,24158.397760717013,f6be125cfc6d4b77a71c9ad67bf84ccc9ba5960569c8d8c011503b9dbe577316,83d60cee168aad3323599a6a547cf1911271e7a9eced853af0ae65cf8cd4d989,0.0,0.0,0.0,0.0,0.0,0.0,0.0,0.0,0.0,0.0,0.0,0.0,0.0,0.0,0.0,0.0,0.0,0.0,0.0,0.0,0.0,0.0,0.0,0.0,0.0,0.0,0.0,0.0,0.0,0.0,1.0,0.0,0.0,0.0
0.375,training_002_7ec3e8f1af07,16,release_full,24256.736257237528,cc7f62c44bcd7fa6e1a920c13de0c0815562e2657a32164279ef30ec711dec71,83d60cee168aad3323599a6a547cf1911271e7a9eced853af0ae65cf8cd4d989,0.0,0.0,0.0,0.0,0.0,0.0,0.0,0.0,0.0,0.0,0.0,0.0,0.0,0.0,0.0,0.0,0.0,0.0,0.0,0.0,0.0,0.0,0.0,0.0,0.0,0.0,0.0,0.0,0.0,0.0,1.0,0.0,0.0,0.0
0.375,training_002_7ec3e8f1af07,17,release_full,18282.25334104969,eb85d64f801dd14e9df178606089112c7d7900da1139393c8fd6693089d76ed3,83d60cee168aad3323599a6a547cf1911271e7a9eced853af0ae65cf8cd4d989,0.0,0.0,0.0,0.0,0.0,0.0,0.0,0.0,0.0,0.0,0.0,0.0,0.0,0.0,0.0,0.0,0.0,0.0,0.0,0.0,0.0,0.0,0.0,0.0,0.0,0.0,0.0,0.0,0.0,0.0,1.0,0.0,0.0,0.0
0.375,training_002_7ec3e8f1af07,18,release_full,16105.165918673614,6f62f9bbc8980ae6434adeb200713b3a4c3f5c60f1048aa4c73fc1e38dace7ea,83d60cee168aad3323599a6a547cf1911271e7a9eced853af0ae65cf8cd4d989,0.0,0.0,0.0,0.0,0.0,0.0,0.0,0.0,0.0,0.0,0.0,0.0,0.0,0.0,0.0,0.0,0.0,0.0,0.0,0.0,0.0,0.0,0.0,0.0,0.0,0.0,0.0,0.0,0.0,0.0,1.0,0.0,0.0,0.0
0.375,training_002_7ec3e8f1af07,19,release_full,29439.12901087609,38dd5d004efc944b3b1d981068f3c8f9143fbc7be7be7630375386ee0dcec9ff,83d60cee168aad3323599a6a547cf1911271e7a9eced853af0ae65cf8cd4d989,0.0,0.0,0.0,0.0,0.0,0.0,0.0,0.0,0.0,0.0,0.0,0.0,0.0,0.0,0.0,0.0,0.0,0.0,0.0,0.0,0.0,0.0,0.0,0.0,0.0,0.0,0.0,0.0,0.0,0.0,1.0,0.0,0.0,0.0
0.375,training_002_7ec3e8f1af07,20,release_full,25007.888657434683,9b62453dc13694440a8c4ac942a85fe575f8ed0617c0f6d61c099a5847f91d4f,83d60cee168aad3323599a6a547cf1911271e7a9eced853af0ae65cf8cd4d989,0.0,0.0,0.0,0.0,0.0,0.0,0.0,0.0,0.0,0.0,0.0,0.0,0.0,0.0,0.0,0.0,0.0,0.0,0.0,0.0,0.0,0.0,0.0,0.0,0.0,0.0,0.0,0.0,0.0,0.0,1.0,0.0,0.0,0.0
0.5,training_000_60a9d350b650,0,zero,89.50943750000002,e9e7f4753113b72de8687b2525a4c6962f33b9932142184ca5ba11cdc4aa1831,e4d879a3407de578f579dfab4366fcea75a6649c683d9efe4f056f6505437574,0.0,0.0,0.0,0.0,0.0,0.0,0.0,0.0,0.0,0.0,0.0,0.0,0.0,0.0,0.0,0.0,0.0,0.0,0.0,0.0,0.0,0.0,0.0,0.0,0.0,0.0,0.0,0.0,0.0,0.0,0.0,0.0,0.0,0.0
0.5,training_000_60a9d350b650,1,zero,89.50943750000002,858b1ce50860df7e9d695dfd5d2a5386cbe77e1840119cccee821568e60025e9,e4d879a3407de578f579dfab4366fcea75a6649c683d9efe4f056f6505437574,0.0,0.0,0.0,0.0,0.0,0.0,0.0,0.0,0.0,0.0,0.0,0.0,0.0,0.0,0.0,0.0,0.0,0.0,0.0,0.0,0.0,0.0,0.0,0.0,0.0,0.0,0.0,0.0,0.0,0.0,0.0,0.0,0.0,0.0
0.5,training_000_60a9d350b650,2,release_full,14799.804079360736,680ce0b82578bdd8af1ef132419670d6331f05eeed4109f28ad7188aacbccc2b,83d60cee168aad3323599a6a547cf1911271e7a9eced853af0ae65cf8cd4d989,0.0,0.0,0.0,0.0,0.0,0.0,0.0,0.0,0.0,0.0,0.0,0.0,0.0,0.0,0.0,0.0,0.0,0.0,0.0,0.0,0.0,0.0,0.0,0.0,0.0,0.0,0.0,0.0,0.0,0.0,1.0,0.0,0.0,0.0
0.5,training_000_60a9d350b650,3,release_full,18422.15058836685,014760f1a258dfcde4b00f00e92ebf9dc31fc5c601b4e8a8296a48077060cd96,83d60cee168aad3323599a6a547cf1911271e7a9eced853af0ae65cf8cd4d989,0.0,0.0,0.0,0.0,0.0,0.0,0.0,0.0,0.0,0.0,0.0,0.0,0.0,0.0,0.0,0.0,0.0,0.0,0.0,0.0,0.0,0.0,0.0,0.0,0.0,0.0,0.0,0.0,0.0,0.0,1.0,0.0,0.0,0.0
0.5,training_000_60a9d350b650,4,release_full,18098.94526688102,b7c48da4fd679b6503191975ac8a2e634cc4766465817344d7889e31b287adc2,83d60cee168aad3323599a6a547cf1911271e7a9eced853af0ae65cf8cd4d989,0.0,0.0,0.0,0.0,0.0,0.0,0.0,0.0,0.0,0.0,0.0,0.0,0.0,0.0,0.0,0.0,0.0,0.0,0.0,0.0,0.0,0.0,0.0,0.0,0.0,0.0,0.0,0.0,0.0,0.0,1.0,0.0,0.0,0.0
0.5,training_000_60a9d350b650,5,release_full,19150.027869611265,1087cf836fd57bf588469468c5fe1460be9d2d50102bc51f908e2564eccafdc8,83d60cee168aad3323599a6a547cf1911271e7a9eced853af0ae65cf8cd4d989,0.0,0.0,0.0,0.0,0.0,0.0,0.0,0.0,0.0,0.0,0.0,0.0,0.0,0.0,0.0,0.0,0.0,0.0,0.0,0.0,0.0,0.0,0.0,0.0,0.0,0.0,0.0,0.0,0.0,0.0,1.0,0.0,0.0,0.0
0.5,training_000_60a9d350b650,6,release_full,20248.10229090818,4258bc91c9ac33cecf34dccb3552b5b603e0229adb55be243018a9a843af4e29,83d60cee168aad3323599a6a547cf1911271e7a9eced853af0ae65cf8cd4d989,0.0,0.0,0.0,0.0,0.0,0.0,0.0,0.0,0.0,0.0,0.0,0.0,0.0,0.0,0.0,0.0,0.0,0.0,0.0,0.0,0.0,0.0,0.0,0.0,0.0,0.0,0.0,0.0,0.0,0.0,1.0,0.0,0.0,0.0
0.5,training_000_60a9d350b650,7,release_full,18820.53472794065,6d6609c8a4fc285804e107f3b7adf996bcb74957759e17a2c5e1e80e72c1e5aa,83d60cee168aad3323599a6a547cf1911271e7a9eced853af0ae65cf8cd4d989,0.0,0.0,0.0,0.0,0.0,0.0,0.0,0.0,0.0,0.0,0.0,0.0,0.0,0.0,0.0,0.0,0.0,0.0,0.0,0.0,0.0,0.0,0.0,0.0,0.0,0.0,0.0,0.0,0.0,0.0,1.0,0.0,0.0,0.0
0.5,training_000_60a9d350b650,8,release_full,22531.48739869893,9af0e6bf58f2f566dd26f7247c4ee5b38464b54b6116356247b4ca7bd61b7bcb,83d60cee168aad3323599a6a547cf1911271e7a9eced853af0ae65cf8cd4d989,0.0,0.0,0.0,0.0,0.0,0.0,0.0,0.0,0.0,0.0,0.0,0.0,0.0,0.0,0.0,0.0,0.0,0.0,0.0,0.0,0.0,0.0,0.0,0.0,0.0,0.0,0.0,0.0,0.0,0.0,1.0,0.0,0.0,0.0
0.5,training_000_60a9d350b650,9,release_full,23378.27777157895,513a1bd175e3697aabe7aeea7b9eac252b5eceaea3b80fac3744eaaed91baaed,83d60cee168aad3323599a6a547cf1911271e7a9eced853af0ae65cf8cd4d989,0.0,0.0,0.0,0.0,0.0,0.0,0.0,0.0,0.0,0.0,0.0,0.0,0.0,0.0,0.0,0.0,0.0,0.0,0.0,0.0,0.0,0.0,0.0,0.0,0.0,0.0,0.0,0.0,0.0,0.0,1.0,0.0,0.0,0.0
0.5,training_000_60a9d350b650,10,release_full,26701.810140890484,1b096a71444dd938e1bc91dd2fdd3cd28a6118bc6d956d7d5687aa279be024cf,83d60cee168aad3323599a6a547cf1911271e7a9eced853af0ae65cf8cd4d989,0.0,0.0,0.0,0.0,0.0,0.0,0.0,0.0,0.0,0.0,0.0,0.0,0.0,0.0,0.0,0.0,0.0,0.0,0.0,0.0,0.0,0.0,0.0,0.0,0.0,0.0,0.0,0.0,0.0,0.0,1.0,0.0,0.0,0.0
0.5,training_000_60a9d350b650,11,release_full,30574.012131072275,1cb07e4542cf6bb9cb8b3ec58561679e60e94cc79e0df33e42968e0221410f9f,83d60cee168aad3323599a6a547cf1911271e7a9eced853af0ae65cf8cd4d989,0.0,0.0,0.0,0.0,0.0,0.0,0.0,0.0,0.0,0.0,0.0,0.0,0.0,0.0,0.0,0.0,0.0,0.0,0.0,0.0,0.0,0.0,0.0,0.0,0.0,0.0,0.0,0.0,0.0,0.0,1.0,0.0,0.0,0.0
0.5,training_000_60a9d350b650,12,release_full,25955.94551327208,d72195223d94e0fb2e7b4d0ea791acb6ae023bb9ce9f1dced81be560d10233f4,83d60cee168aad3323599a6a547cf1911271e7a9eced853af0ae65cf8cd4d989,0.0,0.0,0.0,0.0,0.0,0.0,0.0,0.0,0.0,0.0,0.0,0.0,0.0,0.0,0.0,0.0,0.0,0.0,0.0,0.0,0.0,0.0,0.0,0.0,0.0,0.0,0.0,0.0,0.0,0.0,1.0,0.0,0.0,0.0
0.5,training_000_60a9d350b650,13,release_full,22347.01396658812,97e8ba77c823b20bdbca746135d2d3336e86f3eaa0ad565afeb9fc785a3e1e37,83d60cee168aad3323599a6a547cf1911271e7a9eced853af0ae65cf8cd4d989,0.0,0.0,0.0,0.0,0.0,0.0,0.0,0.0,0.0,0.0,0.0,0.0,0.0,0.0,0.0,0.0,0.0,0.0,0.0,0.0,0.0,0.0,0.0,0.0,0.0,0.0,0.0,0.0,0.0,0.0,1.0,0.0,0.0,0.0
0.5,training_000_60a9d350b650,14,release_full,21443.55337416067,bc055ab253afeb2312c5992b1b925c28ea74aa8b3846d86b3f467afaa9500a03,83d60cee168aad3323599a6a547cf1911271e7a9eced853af0ae65cf8cd4d989,0.0,0.0,0.0,0.0,0.0,0.0,0.0,0.0,0.0,0.0,0.0,0.0,0.0,0.0,0.0,0.0,0.0,0.0,0.0,0.0,0.0,0.0,0.0,0.0,0.0,0.0,0.0,0.0,0.0,0.0,1.0,0.0,0.0,0.0
0.5,training_000_60a9d350b650,15,release_full,17342.139998849234,e8f857a7431b812e0cd0bc053c8265ecf3f0cc7e51ff134c9df1e46c795366e6,83d60cee168aad3323599a6a547cf1911271e7a9eced853af0ae65cf8cd4d989,0.0,0.0,0.0,0.0,0.0,0.0,0.0,0.0,0.0,0.0,0.0,0.0,0.0,0.0,0.0,0.0,0.0,0.0,0.0,0.0,0.0,0.0,0.0,0.0,0.0,0.0,0.0,0.0,0.0,0.0,1.0,0.0,0.0,0.0
0.5,training_000_60a9d350b650,16,release_full,16567.777557078953,305203958bda817868e658ced2c7c55006776bc1d190ea2ef34c0971690f8752,83d60cee168aad3323599a6a547cf1911271e7a9eced853af0ae65cf8cd4d989,0.0,0.0,0.0,0.0,0.0,0.0,0.0,0.0,0.0,0.0,0.0,0.0,0.0,0.0,0.0,0.0,0.0,0.0,0.0,0.0,0.0,0.0,0.0,0.0,0.0,0.0,0.0,0.0,0.0,0.0,1.0,0.0,0.0,0.0
0.5,training_000_60a9d350b650,17,release_full,13830.08902178468,1830b558abe11555e017716de7523cb0bcb7adbc76982228ee7ba6eb8fdd2f80,83d60cee168aad3323599a6a547cf1911271e7a9eced853af0ae65cf8cd4d989,0.0,0.0,0.0,0.0,0.0,0.0,0.0,0.0,0.0,0.0,0.0,0.0,0.0,0.0,0.0,0.0,0.0,0.0,0.0,0.0,0.0,0.0,0.0,0.0,0.0,0.0,0.0,0.0,0.0,0.0,1.0,0.0,0.0,0.0
0.5,training_000_60a9d350b650,18,release_full,11616.405764502204,87c53897eedd7695155d5ffacb7f008f8571a1409aa289a2325722d0e0e07ac4,83d60cee168aad3323599a6a547cf1911271e7a9eced853af0ae65cf8cd4d989,0.0,0.0,0.0,0.0,0.0,0.0,0.0,0.0,0.0,0.0,0.0,0.0,0.0,0.0,0.0,0.0,0.0,0.0,0.0,0.0,0.0,0.0,0.0,0.0,0.0,0.0,0.0,0.0,0.0,0.0,1.0,0.0,0.0,0.0
0.5,training_000_60a9d350b650,19,release_full,9513.420861147755,22d2436e1c7954a6e51f8ad90eb873319906d9eb3ba9995a02a94a9edea3f8be,83d60cee168aad3323599a6a547cf1911271e7a9eced853af0ae65cf8cd4d989,0.0,0.0,0.0,0.0,0.0,0.0,0.0,0.0,0.0,0.0,0.0,0.0,0.0,0.0,0.0,0.0,0.0,0.0,0.0,0.0,0.0,0.0,0.0,0.0,0.0,0.0,0.0,0.0,0.0,0.0,1.0,0.0,0.0,0.0
0.5,training_000_60a9d350b650,20,release_full,7251.909940106361,35e84e59eea816af37a39f9d0a03a16f3eb0c7312d2977c0f08e824a088dd712,83d60cee168aad3323599a6a547cf1911271e7a9eced853af0ae65cf8cd4d989,0.0,0.0,0.0,0.0,0.0,0.0,0.0,0.0,0.0,0.0,0.0,0.0,0.0,0.0,0.0,0.0,0.0,0.0,0.0,0.0,0.0,0.0,0.0,0.0,0.0,0.0,0.0,0.0,0.0,0.0,1.0,0.0,0.0,0.0
0.5,training_001_8a16fe9edafd,0,zero,189.51887500000004,3e7e80571d94a543598ed7d084174d821f7c56ea23988016e10aa547feb4d966,e4d879a3407de578f579dfab4366fcea75a6649c683d9efe4f056f6505437574,0.0,0.0,0.0,0.0,0.0,0.0,0.0,0.0,0.0,0.0,0.0,0.0,0.0,0.0,0.0,0.0,0.0,0.0,0.0,0.0,0.0,0.0,0.0,0.0,0.0,0.0,0.0,0.0,0.0,0.0,0.0,0.0,0.0,0.0
0.5,training_001_8a16fe9edafd,1,zero,189.51887500000004,9a1ff029af34639d13f11401afc0f3b4f207e4679ee985bed3b2c8b718d8bdb6,e4d879a3407de578f579dfab4366fcea75a6649c683d9efe4f056f6505437574,0.0,0.0,0.0,0.0,0.0,0.0,0.0,0.0,0.0,0.0,0.0,0.0,0.0,0.0,0.0,0.0,0.0,0.0,0.0,0.0,0.0,0.0,0.0,0.0,0.0,0.0,0.0,0.0,0.0,0.0,0.0,0.0,0.0,0.0
0.5,training_001_8a16fe9edafd,2,zero,189.51887500000004,8ec960abde00ba9d2c73c09b26a189f6371a372eeb28837d34d4b43157160023,e4d879a3407de578f579dfab4366fcea75a6649c683d9efe4f056f6505437574,0.0,0.0,0.0,0.0,0.0,0.0,0.0,0.0,0.0,0.0,0.0,0.0,0.0,0.0,0.0,0.0,0.0,0.0,0.0,0.0,0.0,0.0,0.0,0.0,0.0,0.0,0.0,0.0,0.0,0.0,0.0,0.0,0.0,0.0
0.5,training_001_8a16fe9edafd,3,zero,189.51887500000004,6cab55e5b05526224a7fb81989addca856a9d976b52e241ca727102606713a49,e4d879a3407de578f579dfab4366fcea75a6649c683d9efe4f056f6505437574,0.0,0.0,0.0,0.0,0.0,0.0,0.0,0.0,0.0,0.0,0.0,0.0,0.0,0.0,0.0,0.0,0.0,0.0,0.0,0.0,0.0,0.0,0.0,0.0,0.0,0.0,0.0,0.0,0.0,0.0,0.0,0.0,0.0,0.0
0.5,training_001_8a16fe9edafd,4,release_full,5906.444825638614,39768b9321722a986d4de46cc0f935b7c88fb2163aa1907073fd7db6049a4264,83d60cee168aad3323599a6a547cf1911271e7a9eced853af0ae65cf8cd4d989,0.0,0.0,0.0,0.0,0.0,0.0,0.0,0.0,0.0,0.0,0.0,0.0,0.0,0.0,0.0,0.0,0.0,0.0,0.0,0.0,0.0,0.0,0.0,0.0,0.0,0.0,0.0,0.0,0.0,0.0,1.0,0.0,0.0,0.0
0.5,training_001_8a16fe9edafd,5,release_full,4383.159503168369,0dc0afdd1d17ba2714b1851a2ebbedf613e211a4bffa4c211fa221e013a003ae,83d60cee168aad3323599a6a547cf1911271e7a9eced853af0ae65cf8cd4d989,0.0,0.0,0.0,0.0,0.0,0.0,0.0,0.0,0.0,0.0,0.0,0.0,0.0,0.0,0.0,0.0,0.0,0.0,0.0,0.0,0.0,0.0,0.0,0.0,0.0,0.0,0.0,0.0,0.0,0.0,1.0,0.0,0.0,0.0
0.5,training_001_8a16fe9edafd,6,release_full,5996.968276613069,dd648bd759c963bb9e439a032f1cc907fc98b787db9c8d4e92a00fe64f2aabdf,83d60cee168aad3323599a6a547cf1911271e7a9eced853af0ae65cf8cd4d989,0.0,0.0,0.0,0.0,0.0,0.0,0.0,0.0,0.0,0.0,0.0,0.0,0.0,0.0,0.0,0.0,0.0,0.0,0.0,0.0,0.0,0.0,0.0,0.0,0.0,0.0,0.0,0.0,0.0,0.0,1.0,0.0,0.0,0.0
0.5,training_001_8a16fe9edafd,7,release_full,6077.802493623651,0ad3ae84d2204e70a115cb80979c8a29f49f6765aca4f3471e18b3a5b3860329,83d60cee168aad3323599a6a547cf1911271e7a9eced853af0ae65cf8cd4d989,0.0,0.0,0.0,0.0,0.0,0.0,0.0,0.0,0.0,0.0,0.0,0.0,0.0,0.0,0.0,0.0,0.0,0.0,0.0,0.0,0.0,0.0,0.0,0.0,0.0,0.0,0.0,0.0,0.0,0.0,1.0,0.0,0.0,0.0
0.5,training_001_8a16fe9edafd,8,release_full,5879.800747415586,73dff84777a24d28a055d7fa1be3aa258ba630dc68543814db35fadd91b7af60,83d60cee168aad3323599a6a547cf1911271e7a9eced853af0ae65cf8cd4d989,0.0,0.0,0.0,0.0,0.0,0.0,0.0,0.0,0.0,0.0,0.0,0.0,0.0,0.0,0.0,0.0,0.0,0.0,0.0,0.0,0.0,0.0,0.0,0.0,0.0,0.0,0.0,0.0,0.0,0.0,1.0,0.0,0.0,0.0
0.5,training_001_8a16fe9edafd,9,release_full,5618.594015841041,03d9729d069d0bf899a8d8230323badffe1c5213fceb9b12bab0779e16d4495f,83d60cee168aad3323599a6a547cf1911271e7a9eced853af0ae65cf8cd4d989,0.0,0.0,0.0,0.0,0.0,0.0,0.0,0.0,0.0,0.0,0.0,0.0,0.0,0.0,0.0,0.0,0.0,0.0,0.0,0.0,0.0,0.0,0.0,0.0,0.0,0.0,0.0,0.0,0.0,0.0,1.0,0.0,0.0,0.0
0.5,training_001_8a16fe9edafd,10,release_full,6564.076999590902,c209155a84948d6ef7d100fc5a8a9f48be3e19b3aa63fe4fa583814f85c9cde9,83d60cee168aad3323599a6a547cf1911271e7a9eced853af0ae65cf8cd4d989,0.0,0.0,0.0,0.0,0.0,0.0,0.0,0.0,0.0,0.0,0.0,0.0,0.0,0.0,0.0,0.0,0.0,0.0,0.0,0.0,0.0,0.0,0.0,0.0,0.0,0.0,0.0,0.0,0.0,0.0,1.0,0.0,0.0,0.0
0.5,training_001_8a16fe9edafd,11,release_full,6030.406397778767,4a9e4bf11fa665d4c8aa0c779c34094ddd71ee4f38fd420768a7662de71afff7,83d60cee168aad3323599a6a547cf1911271e7a9eced853af0ae65cf8cd4d989,0.0,0.0,0.0,0.0,0.0,0.0,0.0,0.0,0.0,0.0,0.0,0.0,0.0,0.0,0.0,0.0,0.0,0.0,0.0,0.0,0.0,0.0,0.0,0.0,0.0,0.0,0.0,0.0,0.0,0.0,1.0,0.0,0.0,0.0
0.5,training_001_8a16fe9edafd,12,release_full,6830.13936532861,9b5a1ce1a75619702bb184d89acf030eaa4fb616ad6c461d4a993184330bd7a5,83d60cee168aad3323599a6a547cf1911271e7a9eced853af0ae65cf8cd4d989,0.0,0.0,0.0,0.0,0.0,0.0,0.0,0.0,0.0,0.0,0.0,0.0,0.0,0.0,0.0,0.0,0.0,0.0,0.0,0.0,0.0,0.0,0.0,0.0,0.0,0.0,0.0,0.0,0.0,0.0,1.0,0.0,0.0,0.0
0.5,training_001_8a16fe9edafd,13,release_full,6741.501160321581,db60da5fedf7f3e393996e89d287acdae4dfc7bd5ccc3e35d7227fc510d8ff01,83d60cee168aad3323599a6a547cf1911271e7a9eced853af0ae65cf8cd4d989,0.0,0.0,0.0,0.0,0.0,0.0,0.0,0.0,0.0,0.0,0.0,0.0,0.0,0.0,0.0,0.0,0.0,0.0,0.0,0.0,0.0,0.0,0.0,0.0,0.0,0.0,0.0,0.0,0.0,0.0,1.0,0.0,0.0,0.0
0.5,training_001_8a16fe9edafd,14,release_full,6280.754075518472,6969418596af85cbf0125056fe2494737867d9ea5bdf016503e11106d2d2aeaf,83d60cee168aad3323599a6a547cf1911271e7a9eced853af0ae65cf8cd4d989,0.0,0.0,0.0,0.0,0.0,0.0,0.0,0.0,0.0,0.0,0.0,0.0,0.0,0.0,0.0,0.0,0.0,0.0,0.0,0.0,0.0,0.0,0.0,0.0,0.0,0.0,0.0,0.0,0.0,0.0,1.0,0.0,0.0,0.0
0.5,training_001_8a16fe9edafd,15,release_full,6695.06640285942,9b785a470e6f31f9d0f07c4607d522360a39857117f9ec4625035c7515459818,83d60cee168aad3323599a6a547cf1911271e7a9eced853af0ae65cf8cd4d989,0.0,0.0,0.0,0.0,0.0,0.0,0.0,0.0,0.0,0.0,0.0,0.0,0.0,0.0,0.0,0.0,0.0,0.0,0.0,0.0,0.0,0.0,0.0,0.0,0.0,0.0,0.0,0.0,0.0,0.0,1.0,0.0,0.0,0.0
0.5,training_001_8a16fe9edafd,16,release_full,6668.174487856137,d3c4d9e9eae440ea25cd5bda73024aa3b4f841b345b7110398e1837564df70d6,83d60cee168aad3323599a6a547cf1911271e7a9eced853af0ae65cf8cd4d989,0.0,0.0,0.0,0.0,0.0,0.0,0.0,0.0,0.0,0.0,0.0,0.0,0.0,0.0,0.0,0.0,0.0,0.0,0.0,0.0,0.0,0.0,0.0,0.0,0.0,0.0,0.0,0.0,0.0,0.0,1.0,0.0,0.0,0.0
0.5,training_001_8a16fe9edafd,17,release_full,6985.2398365482895,866cd8e51c31d947a941808afb8749045720532730ec602812509835d2a5355f,83d60cee168aad3323599a6a547cf1911271e7a9eced853af0ae65cf8cd4d989,0.0,0.0,0.0,0.0,0.0,0.0,0.0,0.0,0.0,0.0,0.0,0.0,0.0,0.0,0.0,0.0,0.0,0.0,0.0,0.0,0.0,0.0,0.0,0.0,0.0,0.0,0.0,0.0,0.0,0.0,1.0,0.0,0.0,0.0
0.5,training_001_8a16fe9edafd,18,release_full,8278.207143478552,24fccd57c1bf9f482a14253356547cf035744ee55c9e0ea945966b1688afe07d,83d60cee168aad3323599a6a547cf1911271e7a9eced853af0ae65cf8cd4d989,0.0,0.0,0.0,0.0,0.0,0.0,0.0,0.0,0.0,0.0,0.0,0.0,0.0,0.0,0.0,0.0,0.0,0.0,0.0,0.0,0.0,0.0,0.0,0.0,0.0,0.0,0.0,0.0,0.0,0.0,1.0,0.0,0.0,0.0
0.5,training_001_8a16fe9edafd,19,release_full,5450.345130321968,a806fdcb5a093c0eb7c21364f58090cf9e2d8db27295992efb12696fef9ea7fc,83d60cee168aad3323599a6a547cf1911271e7a9eced853af0ae65cf8cd4d989,0.0,0.0,0.0,0.0,0.0,0.0,0.0,0.0,0.0,0.0,0.0,0.0,0.0,0.0,0.0,0.0,0.0,0.0,0.0,0.0,0.0,0.0,0.0,0.0,0.0,0.0,0.0,0.0,0.0,0.0,1.0,0.0,0.0,0.0
0.5,training_001_8a16fe9edafd,20,release_full,3697.5088560261393,48e48a5807fd7090eaa85baf826323b67c6111d33e7bf909265c35b04edcc6dd,83d60cee168aad3323599a6a547cf1911271e7a9eced853af0ae65cf8cd4d989,0.0,0.0,0.0,0.0,0.0,0.0,0.0,0.0,0.0,0.0,0.0,0.0,0.0,0.0,0.0,0.0,0.0,0.0,0.0,0.0,0.0,0.0,0.0,0.0,0.0,0.0,0.0,0.0,0.0,0.0,1.0,0.0,0.0,0.0
0.5,training_002_7ec3e8f1af07,0,zero,289.5283125,5bac43878fde5e28d8516ea4406041f4dbad080df822ad64bf897a6c8842911c,e4d879a3407de578f579dfab4366fcea75a6649c683d9efe4f056f6505437574,0.0,0.0,0.0,0.0,0.0,0.0,0.0,0.0,0.0,0.0,0.0,0.0,0.0,0.0,0.0,0.0,0.0,0.0,0.0,0.0,0.0,0.0,0.0,0.0,0.0,0.0,0.0,0.0,0.0,0.0,0.0,0.0,0.0,0.0
0.5,training_002_7ec3e8f1af07,1,zero,289.5283125,85fcb8d67d304669250f36e2b67677012b5ae7a73da55c984ada024aa20d9d1a,e4d879a3407de578f579dfab4366fcea75a6649c683d9efe4f056f6505437574,0.0,0.0,0.0,0.0,0.0,0.0,0.0,0.0,0.0,0.0,0.0,0.0,0.0,0.0,0.0,0.0,0.0,0.0,0.0,0.0,0.0,0.0,0.0,0.0,0.0,0.0,0.0,0.0,0.0,0.0,0.0,0.0,0.0,0.0
0.5,training_002_7ec3e8f1af07,2,zero,289.5283125,273dfdcf9228401f9cbb7752aa8bb7dd500672482994bd35e252269c4099a384,e4d879a3407de578f579dfab4366fcea75a6649c683d9efe4f056f6505437574,0.0,0.0,0.0,0.0,0.0,0.0,0.0,0.0,0.0,0.0,0.0,0.0,0.0,0.0,0.0,0.0,0.0,0.0,0.0,0.0,0.0,0.0,0.0,0.0,0.0,0.0,0.0,0.0,0.0,0.0,0.0,0.0,0.0,0.0
0.5,training_002_7ec3e8f1af07,3,zero,289.5283125,7b797ca0d03141587cfc2670ccda3f42e5ef1c8b8cd99a93d9bf2cb6dce31550,e4d879a3407de578f579dfab4366fcea75a6649c683d9efe4f056f6505437574,0.0,0.0,0.0,0.0,0.0,0.0,0.0,0.0,0.0,0.0,0.0,0.0,0.0,0.0,0.0,0.0,0.0,0.0,0.0,0.0,0.0,0.0,0.0,0.0,0.0,0.0,0.0,0.0,0.0,0.0,0.0,0.0,0.0,0.0
0.5,training_002_7ec3e8f1af07,4,zero,289.5283125,a21d1540bac52636b953ca59f218e397a181116ee1e67c7775fac694f49bf956,e4d879a3407de578f579dfab4366fcea75a6649c683d9efe4f056f6505437574,0.0,0.0,0.0,0.0,0.0,0.0,0.0,0.0,0.0,0.0,0.0,0.0,0.0,0.0,0.0,0.0,0.0,0.0,0.0,0.0,0.0,0.0,0.0,0.0,0.0,0.0,0.0,0.0,0.0,0.0,0.0,0.0,0.0,0.0
0.5,training_002_7ec3e8f1af07,5,zero,289.5283125,aa1ec7620f3668676a2f4d1f9dfa89ab9fe4bc50dfca2e9cdb9816b4839daa9d,e4d879a3407de578f579dfab4366fcea75a6649c683d9efe4f056f6505437574,0.0,0.0,0.0,0.0,0.0,0.0,0.0,0.0,0.0,0.0,0.0,0.0,0.0,0.0,0.0,0.0,0.0,0.0,0.0,0.0,0.0,0.0,0.0,0.0,0.0,0.0,0.0,0.0,0.0,0.0,0.0,0.0,0.0,0.0
0.5,training_002_7ec3e8f1af07,6,release_full,15462.750686995663,fdccc108c5c563f5ed5e507454a0bef6a25c42cc74fcb6f87cbef6e99d501d37,83d60cee168aad3323599a6a547cf1911271e7a9eced853af0ae65cf8cd4d989,0.0,0.0,0.0,0.0,0.0,0.0,0.0,0.0,0.0,0.0,0.0,0.0,0.0,0.0,0.0,0.0,0.0,0.0,0.0,0.0,0.0,0.0,0.0,0.0,0.0,0.0,0.0,0.0,0.0,0.0,1.0,0.0,0.0,0.0
0.5,training_002_7ec3e8f1af07,7,release_full,19643.95318807201,9e744692f9861ade1fe7f9ed9aad30d30a7025b852763fe6e23aceae84891bf2,83d60cee168aad3323599a6a547cf1911271e7a9eced853af0ae65cf8cd4d989,0.0,0.0,0.0,0.0,0.0,0.0,0.0,0.0,0.0,0.0,0.0,0.0,0.0,0.0,0.0,0.0,0.0,0.0,0.0,0.0,0.0,0.0,0.0,0.0,0.0,0.0,0.0,0.0,0.0,0.0,1.0,0.0,0.0,0.0
0.5,training_002_7ec3e8f1af07,8,release_full,20646.757608115397,9e7b398fababe957fa20f20d356af18611d114a9598946aac3e511c4d64a2358,83d60cee168aad3323599a6a547cf1911271e7a9eced853af0ae65cf8cd4d989,0.0,0.0,0.0,0.0,0.0,0.0,0.0,0.0,0.0,0.0,0.0,0.0,0.0,0.0,0.0,0.0,0.0,0.0,0.0,0.0,0.0,0.0,0.0,0.0,0.0,0.0,0.0,0.0,0.0,0.0,1.0,0.0,0.0,0.0
0.5,training_002_7ec3e8f1af07,9,release_full,19537.71719979673,4c0f728f3a6bb60922e414a99ef6e5d5025f6b82a32c8aeada33e0f1df4bccfe,83d60cee168aad3323599a6a547cf1911271e7a9eced853af0ae65cf8cd4d989,0.0,0.0,0.0,0.0,0.0,0.0,0.0,0.0,0.0,0.0,0.0,0.0,0.0,0.0,0.0,0.0,0.0,0.0,0.0,0.0,0.0,0.0,0.0,0.0,0.0,0.0,0.0,0.0,0.0,0.0,1.0,0.0,0.0,0.0
0.5,training_002_7ec3e8f1af07,10,release_full,21408.01152876803,fe792ac82e760ee3c0b3112ef4a75d1f4895f4f9f808e79cd84d70d9b41fa384,83d60cee168aad3323599a6a547cf1911271e7a9eced853af0ae65cf8cd4d989,0.0,0.0,0.0,0.0,0.0,0.0,0.0,0.0,0.0,0.0,0.0,0.0,0.0,0.0,0.0,0.0,0.0,0.0,0.0,0.0,0.0,0.0,0.0,0.0,0.0,0.0,0.0,0.0,0.0,0.0,1.0,0.0,0.0,0.0
0.5,training_002_7ec3e8f1af07,11,release_full,20638.24806799253,0b34a7d9ce83cc90f05a3a89b0b5e5b156e96b45993b9d44a8d0e39b7f6af9b2,83d60cee168aad3323599a6a547cf1911271e7a9eced853af0ae65cf8cd4d989,0.0,0.0,0.0,0.0,0.0,0.0,0.0,0.0,0.0,0.0,0.0,0.0,0.0,0.0,0.0,0.0,0.0,0.0,0.0,0.0,0.0,0.0,0.0,0.0,0.0,0.0,0.0,0.0,0.0,0.0,1.0,0.0,0.0,0.0
0.5,training_002_7ec3e8f1af07,12,release_full,20424.709308508143,4964cbb15ca1d3785278f11135061c043fd1d188302294d4e7175739046804bd,83d60cee168aad3323599a6a547cf1911271e7a9eced853af0ae65cf8cd4d989,0.0,0.0,0.0,0.0,0.0,0.0,0.0,0.0,0.0,0.0,0.0,0.0,0.0,0.0,0.0,0.0,0.0,0.0,0.0,0.0,0.0,0.0,0.0,0.0,0.0,0.0,0.0,0.0,0.0,0.0,1.0,0.0,0.0,0.0
0.5,training_002_7ec3e8f1af07,13,release_full,20382.06429337301,e635935a2272c7bdc54bb8819a058163ac1ec4d97eed4ff0b775ac00753a271c,83d60cee168aad3323599a6a547cf1911271e7a9eced853af0ae65cf8cd4d989,0.0,0.0,0.0,0.0,0.0,0.0,0.0,0.0,0.0,0.0,0.0,0.0,0.0,0.0,0.0,0.0,0.0,0.0,0.0,0.0,0.0,0.0,0.0,0.0,0.0,0.0,0.0,0.0,0.0,0.0,1.0,0.0,0.0,0.0
0.5,training_002_7ec3e8f1af07,14,release_full,28612.20812527281,a097bebe580d3dee51fd88e17f05b352a96d265ca6e93d3c468a477004aa78ef,83d60cee168aad3323599a6a547cf1911271e7a9eced853af0ae65cf8cd4d989,0.0,0.0,0.0,0.0,0.0,0.0,0.0,0.0,0.0,0.0,0.0,0.0,0.0,0.0,0.0,0.0,0.0,0.0,0.0,0.0,0.0,0.0,0.0,0.0,0.0,0.0,0.0,0.0,0.0,0.0,1.0,0.0,0.0,0.0
0.5,training_002_7ec3e8f1af07,15,release_full,24429.35885431401,aaa9329a629ad4a59213e477cf7d15cd47e10737182d466d28efbee8df768c01,83d60cee168aad3323599a6a547cf1911271e7a9eced853af0ae65cf8cd4d989,0.0,0.0,0.0,0.0,0.0,0.0,0.0,0.0,0.0,0.0,0.0,0.0,0.0,0.0,0.0,0.0,0.0,0.0,0.0,0.0,0.0,0.0,0.0,0.0,0.0,0.0,0.0,0.0,0.0,0.0,1.0,0.0,0.0,0.0
0.5,training_002_7ec3e8f1af07,16,release_full,24505.723498943848,824269a1da3b2c7bec37c13260cbb21e3ea60f6f1b02ef58fe267698ee12128c,83d60cee168aad3323599a6a547cf1911271e7a9eced853af0ae65cf8cd4d989,0.0,0.0,0.0,0.0,0.0,0.0,0.0,0.0,0.0,0.0,0.0,0.0,0.0,0.0,0.0,0.0,0.0,0.0,0.0,0.0,0.0,0.0,0.0,0.0,0.0,0.0,0.0,0.0,0.0,0.0,1.0,0.0,0.0,0.0
0.5,training_002_7ec3e8f1af07,17,release_full,18495.299050434307,a89118a1a3928c9842a9b4b7a19fcf3d4587099c16bd4db963dcea93f9f4d30c,83d60cee168aad3323599a6a547cf1911271e7a9eced853af0ae65cf8cd4d989,0.0,0.0,0.0,0.0,0.0,0.0,0.0,0.0,0.0,0.0,0.0,0.0,0.0,0.0,0.0,0.0,0.0,0.0,0.0,0.0,0.0,0.0,0.0,0.0,0.0,0.0,0.0,0.0,0.0,0.0,1.0,0.0,0.0,0.0
0.5,training_002_7ec3e8f1af07,18,release_full,16278.078735599214,b20a0c844907535b084911bd41a862f56dbdde7fd8e869128dda7e62f79d4393,83d60cee168aad3323599a6a547cf1911271e7a9eced853af0ae65cf8cd4d989,0.0,0.0,0.0,0.0,0.0,0.0,0.0,0.0,0.0,0.0,0.0,0.0,0.0,0.0,0.0,0.0,0.0,0.0,0.0,0.0,0.0,0.0,0.0,0.0,0.0,0.0,0.0,0.0,0.0,0.0,1.0,0.0,0.0,0.0
0.5,training_002_7ec3e8f1af07,19,release_full,29593.07372027915,162b7f4fb034af438cda38c42acbd9b6b295eb2709b4cd195bd6340f7e311a0e,83d60cee168aad3323599a6a547cf1911271e7a9eced853af0ae65cf8cd4d989,0.0,0.0,0.0,0.0,0.0,0.0,0.0,0.0,0.0,0.0,0.0,0.0,0.0,0.0,0.0,0.0,0.0,0.0,0.0,0.0,0.0,0.0,0.0,0.0,0.0,0.0,0.0,0.0,0.0,0.0,1.0,0.0,0.0,0.0
0.5,training_002_7ec3e8f1af07,20,release_full,25160.7567988229,da81d570b23c3692b2dde56bde2792a7619a93b6612267528f30063f5bd6357b,83d60cee168aad3323599a6a547cf1911271e7a9eced853af0ae65cf8cd4d989,0.0,0.0,0.0,0.0,0.0,0.0,0.0,0.0,0.0,0.0,0.0,0.0,0.0,0.0,0.0,0.0,0.0,0.0,0.0,0.0,0.0,0.0,0.0,0.0,0.0,0.0,0.0,0.0,0.0,0.0,1.0,0.0,0.0,0.0
0.625,training_000_60a9d350b650,0,zero,89.50943750000002,e9e7f4753113b72de8687b2525a4c6962f33b9932142184ca5ba11cdc4aa1831,e4d879a3407de578f579dfab4366fcea75a6649c683d9efe4f056f6505437574,0.0,0.0,0.0,0.0,0.0,0.0,0.0,0.0,0.0,0.0,0.0,0.0,0.0,0.0,0.0,0.0,0.0,0.0,0.0,0.0,0.0,0.0,0.0,0.0,0.0,0.0,0.0,0.0,0.0,0.0,0.0,0.0,0.0,0.0
0.625,training_000_60a9d350b650,1,zero,89.50943750000002,858b1ce50860df7e9d695dfd5d2a5386cbe77e1840119cccee821568e60025e9,e4d879a3407de578f579dfab4366fcea75a6649c683d9efe4f056f6505437574,0.0,0.0,0.0,0.0,0.0,0.0,0.0,0.0,0.0,0.0,0.0,0.0,0.0,0.0,0.0,0.0,0.0,0.0,0.0,0.0,0.0,0.0,0.0,0.0,0.0,0.0,0.0,0.0,0.0,0.0,0.0,0.0,0.0,0.0
0.625,training_000_60a9d350b650,2,release_full,14482.203957679754,4812d747b49a6b91b6c2f5092971904ff053ce2e4e61710c275d887e90485bbf,83d60cee168aad3323599a6a547cf1911271e7a9eced853af0ae65cf8cd4d989,0.0,0.0,0.0,0.0,0.0,0.0,0.0,0.0,0.0,0.0,0.0,0.0,0.0,0.0,0.0,0.0,0.0,0.0,0.0,0.0,0.0,0.0,0.0,0.0,0.0,0.0,0.0,0.0,0.0,0.0,1.0,0.0,0.0,0.0
0.625,training_000_60a9d350b650,3,release_full,17992.71228930053,2f3d56c17c90a5dc24c87c31d0805fbee6f77a28b63cc65e906180ab456a08ba,83d60cee168aad3323599a6a547cf1911271e7a9eced853af0ae65cf8cd4d989,0.0,0.0,0.0,0.0,0.0,0.0,0.0,0.0,0.0,0.0,0.0,0.0,0.0,0.0,0.0,0.0,0.0,0.0,0.0,0.0,0.0,0.0,0.0,0.0,0.0,0.0,0.0,0.0,0.0,0.0,1.0,0.0,0.0,0.0
0.625,training_000_60a9d350b650,4,release_full,17643.171201644247,799e6a77e94f395b5dabc73401bc6b70d8f9224bf145b3dacc2737d63297aaf6,83d60cee168aad3323599a6a547cf1911271e7a9eced853af0ae65cf8cd4d989,0.0,0.0,0.0,0.0,0.0,0.0,0.0,0.0,0.0,0.0,0.0,0.0,0.0,0.0,0.0,0.0,0.0,0.0,0.0,0.0,0.0,0.0,0.0,0.0,0.0,0.0,0.0,0.0,0.0,0.0,1.0,0.0,0.0,0.0
0.625,training_000_60a9d350b650,5,release_full,18719.62956692944,1384394e56ec8ecee620dd79ebbd03623ccf188a45192570c9e480cd39936115,83d60cee168aad3323599a6a547cf1911271e7a9eced853af0ae65cf8cd4d989,0.0,0.0,0.0,0.0,0.0,0.0,0.0,0.0,0.0,0.0,0.0,0.0,0.0,0.0,0.0,0.0,0.0,0.0,0.0,0.0,0.0,0.0,0.0,0.0,0.0,0.0,0.0,0.0,0.0,0.0,1.0,0.0,0.0,0.0
0.625,training_000_60a9d350b650,6,release_full,19872.192943740414,4397048217c392398bbd55dcf7e970bd29be721b983afb2bccd8aadfcab8ee3a,83d60cee168aad3323599a6a547cf1911271e7a9eced853af0ae65cf8cd4d989,0.0,0.0,0.0,0.0,0.0,0.0,0.0,0.0,0.0,0.0,0.0,0.0,0.0,0.0,0.0,0.0,0.0,0.0,0.0,0.0,0.0,0.0,0.0,0.0,0.0,0.0,0.0,0.0,0.0,0.0,1.0,0.0,0.0,0.0
0.625,training_000_60a9d350b650,7,release_full,18546.807039613148,67ca77533ed9652633ac2dfedfcc9002393eff03f83c9607a5ee1ce44f16ce9e,83d60cee168aad3323599a6a547cf1911271e7a9eced853af0ae65cf8cd4d989,0.0,0.0,0.0,0.0,0.0,0.0,0.0,0.0,0.0,0.0,0.0,0.0,0.0,0.0,0.0,0.0,0.0,0.0,0.0,0.0,0.0,0.0,0.0,0.0,0.0,0.0,0.0,0.0,0.0,0.0,1.0,0.0,0.0,0.0
0.625,training_000_60a9d350b650,8,release_full,22366.07906789569,4d3995996a6f85d19f2a6a4408ebe0b33524a4b9c7f03bb55f44a4ecbdd947f2,83d60cee168aad3323599a6a547cf1911271e7a9eced853af0ae65cf8cd4d989,0.0,0.0,0.0,0.0,0.0,0.0,0.0,0.0,0.0,0.0,0.0,0.0,0.0,0.0,0.0,0.0,0.0,0.0,0.0,0.0,0.0,0.0,0.0,0.0,0.0,0.0,0.0,0.0,0.0,0.0,1.0,0.0,0.0,0.0
0.625,training_000_60a9d350b650,9,release_full,23326.271937358662,60c8e5fca6d3ca6da34939fd403ad09109f541ed384ac74d050b6106ab8e644b,83d60cee168aad3323599a6a547cf1911271e7a9eced853af0ae65cf8cd4d989,0.0,0.0,0.0,0.0,0.0,0.0,0.0,0.0,0.0,0.0,0.0,0.0,0.0,0.0,0.0,0.0,0.0,0.0,0.0,0.0,0.0,0.0,0.0,0.0,0.0,0.0,0.0,0.0,0.0,0.0,1.0,0.0,0.0,0.0
0.625,training_000_60a9d350b650,10,release_full,26724.289534052965,874c7e341df08f5b62de78d8ab6885f8cd70395608a2d3f859964b4b8b91186a,83d60cee168aad3323599a6a547cf1911271e7a9eced853af0ae65cf8cd4d989,0.0,0.0,0.0,0.0,0.0,0.0,0.0,0.0,0.0,0.0,0.0,0.0,0.0,0.0,0.0,0.0,0.0,0.0,0.0,0.0,0.0,0.0,0.0,0.0,0.0,0.0,0.0,0.0,0.0,0.0,1.0,0.0,0.0,0.0
0.625,training_000_60a9d350b650,11,release_full,30638.35542160794,998082f77063ff89a1851f38ef9d39c8b8ef8dbe3b5506d4de581f951319df34,83d60cee168aad3323599a6a547cf1911271e7a9eced853af0ae65cf8cd4d989,0.0,0.0,0.0,0.0,0.0,0.0,0.0,0.0,0.0,0.0,0.0,0.0,0.0,0.0,0.0,0.0,0.0,0.0,0.0,0.0,0.0,0.0,0.0,0.0,0.0,0.0,0.0,0.0,0.0,0.0,1.0,0.0,0.0,0.0
0.625,training_000_60a9d350b650,12,release_full,26131.9513921966,a097d0f9351cb97b0d35c83e8d1bfe57ab7c314d86ca3ac48f802502c4a15c2f,83d60cee168aad3323599a6a547cf1911271e7a9eced853af0ae65cf8cd4d989,0.0,0.0,0.0,0.0,0.0,0.0,0.0,0.0,0.0,0.0,0.0,0.0,0.0,0.0,0.0,0.0,0.0,0.0,0.0,0.0,0.0,0.0,0.0,0.0,0.0,0.0,0.0,0.0,0.0,0.0,1.0,0.0,0.0,0.0
0.625,training_000_60a9d350b650,13,release_full,22631.249983531536,e00f9658d09b04206b9e57501695b764e55a514f92d2414a3235957470338f0e,83d60cee168aad3323599a6a547cf1911271e7a9eced853af0ae65cf8cd4d989,0.0,0.0,0.0,0.0,0.0,0.0,0.0,0.0,0.0,0.0,0.0,0.0,0.0,0.0,0.0,0.0,0.0,0.0,0.0,0.0,0.0,0.0,0.0,0.0,0.0,0.0,0.0,0.0,0.0,0.0,1.0,0.0,0.0,0.0
0.625,training_000_60a9d350b650,14,release_full,21794.83693203804,814487d65c2f24adb6fc326d66afefdd7c0315dd7842e2997029ae85de1acdd4,83d60cee168aad3323599a6a547cf1911271e7a9eced853af0ae65cf8cd4d989,0.0,0.0,0.0,0.0,0.0,0.0,0.0,0.0,0.0,0.0,0.0,0.0,0.0,0.0,0.0,0.0,0.0,0.0,0.0,0.0,0.0,0.0,0.0,0.0,0.0,0.0,0.0,0.0,0.0,0.0,1.0,0.0,0.0,0.0
0.625,training_000_60a9d350b650,15,release_full,17806.558553396917,5a8f0f34f7d2b6766b430e6e41ae54b3d0055a693365c32757e821aa55556fd7,83d60cee168aad3323599a6a547cf1911271e7a9eced853af0ae65cf8cd4d989,0.0,0.0,0.0,0.0,0.0,0.0,0.0,0.0,0.0,0.0,0.0,0.0,0.0,0.0,0.0,0.0,0.0,0.0,0.0,0.0,0.0,0.0,0.0,0.0,0.0,0.0,0.0,0.0,0.0,0.0,1.0,0.0,0.0,0.0
0.625,training_000_60a9d350b650,16,release_full,17080.84179025396,7ac3b5d32b0ccc0d635a7d95e22d10187166dde005a1f31c9129485aa7cb14db,83d60cee168aad3323599a6a547cf1911271e7a9eced853af0ae65cf8cd4d989,0.0,0.0,0.0,0.0,0.0,0.0,0.0,0.0,0.0,0.0,0.0,0.0,0.0,0.0,0.0,0.0,0.0,0.0,0.0,0.0,0.0,0.0,0.0,0.0,0.0,0.0,0.0,0.0,0.0,0.0,1.0,0.0,0.0,0.0
0.625,training_000_60a9d350b650,17,release_full,14405.562948005489,8718d8a862bafb5e8abe5e1140a52b4de036482306c79706b80e5c0960f181de,83d60cee168aad3323599a6a547cf1911271e7a9eced853af0ae65cf8cd4d989,0.0,0.0,0.0,0.0,0.0,0.0,0.0,0.0,0.0,0.0,0.0,0.0,0.0,0.0,0.0,0.0,0.0,0.0,0.0,0.0,0.0,0.0,0.0,0.0,0.0,0.0,0.0,0.0,0.0,0.0,1.0,0.0,0.0,0.0
0.625,training_000_60a9d350b650,18,release_full,12221.665887558627,ae7fb368925694cc0b7e2bd599109181540f122be9646437c5bd0e987a94ac28,83d60cee168aad3323599a6a547cf1911271e7a9eced853af0ae65cf8cd4d989,0.0,0.0,0.0,0.0,0.0,0.0,0.0,0.0,0.0,0.0,0.0,0.0,0.0,0.0,0.0,0.0,0.0,0.0,0.0,0.0,0.0,0.0,0.0,0.0,0.0,0.0,0.0,0.0,0.0,0.0,1.0,0.0,0.0,0.0
0.625,training_000_60a9d350b650,19,release_full,10095.898922706076,cc3beba07057c38f26ae74a96cdae8af735625557a45b3218252b7897d55ba15,83d60cee168aad3323599a6a547cf1911271e7a9eced853af0ae65cf8cd4d989,0.0,0.0,0.0,0.0,0.0,0.0,0.0,0.0,0.0,0.0,0.0,0.0,0.0,0.0,0.0,0.0,0.0,0.0,0.0,0.0,0.0,0.0,0.0,0.0,0.0,0.0,0.0,0.0,0.0,0.0,1.0,0.0,0.0,0.0
0.625,training_000_60a9d350b650,20,release_full,7869.927241541978,14409cd8963cf3e8e941610c1075d6c7035dae62d50ea3442eba29a9380f6e1d,83d60cee168aad3323599a6a547cf1911271e7a9eced853af0ae65cf8cd4d989,0.0,0.0,0.0,0.0,0.0,0.0,0.0,0.0,0.0,0.0,0.0,0.0,0.0,0.0,0.0,0.0,0.0,0.0,0.0,0.0,0.0,0.0,0.0,0.0,0.0,0.0,0.0,0.0,0.0,0.0,1.0,0.0,0.0,0.0
0.625,training_001_8a16fe9edafd,0,zero,189.51887500000004,3e7e80571d94a543598ed7d084174d821f7c56ea23988016e10aa547feb4d966,e4d879a3407de578f579dfab4366fcea75a6649c683d9efe4f056f6505437574,0.0,0.0,0.0,0.0,0.0,0.0,0.0,0.0,0.0,0.0,0.0,0.0,0.0,0.0,0.0,0.0,0.0,0.0,0.0,0.0,0.0,0.0,0.0,0.0,0.0,0.0,0.0,0.0,0.0,0.0,0.0,0.0,0.0,0.0
0.625,training_001_8a16fe9edafd,1,zero,189.51887500000004,9a1ff029af34639d13f11401afc0f3b4f207e4679ee985bed3b2c8b718d8bdb6,e4d879a3407de578f579dfab4366fcea75a6649c683d9efe4f056f6505437574,0.0,0.0,0.0,0.0,0.0,0.0,0.0,0.0,0.0,0.0,0.0,0.0,0.0,0.0,0.0,0.0,0.0,0.0,0.0,0.0,0.0,0.0,0.0,0.0,0.0,0.0,0.0,0.0,0.0,0.0,0.0,0.0,0.0,0.0
0.625,training_001_8a16fe9edafd,2,zero,189.51887500000004,8ec960abde00ba9d2c73c09b26a189f6371a372eeb28837d34d4b43157160023,e4d879a3407de578f579dfab4366fcea75a6649c683d9efe4f056f6505437574,0.0,0.0,0.0,0.0,0.0,0.0,0.0,0.0,0.0,0.0,0.0,0.0,0.0,0.0,0.0,0.0,0.0,0.0,0.0,0.0,0.0,0.0,0.0,0.0,0.0,0.0,0.0,0.0,0.0,0.0,0.0,0.0,0.0,0.0
0.625,training_001_8a16fe9edafd,3,zero,189.51887500000004,6cab55e5b05526224a7fb81989addca856a9d976b52e241ca727102606713a49,e4d879a3407de578f579dfab4366fcea75a6649c683d9efe4f056f6505437574,0.0,0.0,0.0,0.0,0.0,0.0,0.0,0.0,0.0,0.0,0.0,0.0,0.0,0.0,0.0,0.0,0.0,0.0,0.0,0.0,0.0,0.0,0.0,0.0,0.0,0.0,0.0,0.0,0.0,0.0,0.0,0.0,0.0,0.0
0.625,training_001_8a16fe9edafd,4,release_full,5691.992106342843,e30062c88d080ad822db0154ff6ea77b28821c7bf09b38debb50e123a3cd56a8,83d60cee168aad3323599a6a547cf1911271e7a9eced853af0ae65cf8cd4d989,0.0,0.0,0.0,0.0,0.0,0.0,0.0,0.0,0.0,0.0,0.0,0.0,0.0,0.0,0.0,0.0,0.0,0.0,0.0,0.0,0.0,0.0,0.0,0.0,0.0,0.0,0.0,0.0,0.0,0.0,1.0,0.0,0.0,0.0
0.625,training_001_8a16fe9edafd,5,release_full,4178.630100965946,4e05bb2a065ab4f2cc86301db4e2ba3da1b9e16618f8e7fab02a9a91e04beee4,83d60cee168aad3323599a6a547cf1911271e7a9eced853af0ae65cf8cd4d989,0.0,0.0,0.0,0.0,0.0,0.0,0.0,0.0,0.0,0.0,0.0,0.0,0.0,0.0,0.0,0.0,0.0,0.0,0.0,0.0,0.0,0.0,0.0,0.0,0.0,0.0,0.0,0.0,0.0,0.0,1.0,0.0,0.0,0.0
0.625,training_001_8a16fe9edafd,6,release_full,5706.344239512634,9f7d5143c7afb28433751c9a743d33000216102cc29835cf1e7356b8d3c13c40,83d60cee168aad3323599a6a547cf1911271e7a9eced853af0ae65cf8cd4d989,0.0,0.0,0.0,0.0,0.0,0.0,0.0,0.0,0.0,0.0,0.0,0.0,0.0,0.0,0.0,0.0,0.0,0.0,0.0,0.0,0.0,0.0,0.0,0.0,0.0,0.0,0.0,0.0,0.0,0.0,1.0,0.0,0.0,0.0
0.625,training_001_8a16fe9edafd,7,release_full,5775.302584262862,23b945dfe65f0ef5e7035cca67434610ac560cedeb8e986cc12067aa5b181e7f,83d60cee168aad3323599a6a547cf1911271e7a9eced853af0ae65cf8cd4d989,0.0,0.0,0.0,0.0,0.0,0.0,0.0,0.0,0.0,0.0,0.0,0.0,0.0,0.0,0.0,0.0,0.0,0.0,0.0,0.0,0.0,0.0,0.0,0.0,0.0,0.0,0.0,0.0,0.0,0.0,1.0,0.0,0.0,0.0
0.625,training_001_8a16fe9edafd,8,release_full,5595.505129411845,a0de966278f852fffa8bd6ff310a35725a91c3966e929f5c7c5fed89d97dd22f,83d60cee168aad3323599a6a547cf1911271e7a9eced853af0ae65cf8cd4d989,0.0,0.0,0.0,0.0,0.0,0.0,0.0,0.0,0.0,0.0,0.0,0.0,0.0,0.0,0.0,0.0,0.0,0.0,0.0,0.0,0.0,0.0,0.0,0.0,0.0,0.0,0.0,0.0,0.0,0.0,1.0,0.0,0.0,0.0
0.625,training_001_8a16fe9edafd,9,release_full,5360.253436471377,74b027f29dd76092994c1658fc3ba8f946c58ec4a6937368143bc2b0f0abe308,83d60cee168aad3323599a6a547cf1911271e7a9eced853af0ae65cf8cd4d989,0.0,0.0,0.0,0.0,0.0,0.0,0.0,0.0,0.0,0.0,0.0,0.0,0.0,0.0,0.0,0.0,0.0,0.0,0.0,0.0,0.0,0.0,0.0,0.0,0.0,0.0,0.0,0.0,0.0,0.0,1.0,0.0,0.0,0.0
0.625,training_001_8a16fe9edafd,10,release_full,6264.437637314171,732bd81ec9912b1f58414559592ce2e41ef729dfc110e89bfac37eec3795be5e,83d60cee168aad3323599a6a547cf1911271e7a9eced853af0ae65cf8cd4d989,0.0,0.0,0.0,0.0,0.0,0.0,0.0,0.0,0.0,0.0,0.0,0.0,0.0,0.0,0.0,0.0,0.0,0.0,0.0,0.0,0.0,0.0,0.0,0.0,0.0,0.0,0.0,0.0,0.0,0.0,1.0,0.0,0.0,0.0
0.625,training_001_8a16fe9edafd,11,release_full,5779.701892661828,cdf94acca9f58a8d32ff49d43677be052f253704db7c21f85b8a6449377f7513,83d60cee168aad3323599a6a547cf1911271e7a9eced853af0ae65cf8cd4d989,0.0,0.0,0.0,0.0,0.0,0.0,0.0,0.0,0.0,0.0,0.0,0.0,0.0,0.0,0.0,0.0,0.0,0.0,0.0,0.0,0.0,0.0,0.0,0.0,0.0,0.0,0.0,0.0,0.0,0.0,1.0,0.0,0.0,0.0
0.625,training_001_8a16fe9edafd,12,release_full,6525.882494242308,fd97e970419e4824594a009cc022b8a50b271d49b88c7b13cf00aaf01b2ab9b1,83d60cee168aad3323599a6a547cf1911271e7a9eced853af0ae65cf8cd4d989,0.0,0.0,0.0,0.0,0.0,0.0,0.0,0.0,0.0,0.0,0.0,0.0,0.0,0.0,0.0,0.0,0.0,0.0,0.0,0.0,0.0,0.0,0.0,0.0,0.0,0.0,0.0,0.0,0.0,0.0,1.0,0.0,0.0,0.0
0.625,training_001_8a16fe9edafd,13,release_full,6439.592837326632,e744e46edda384e6444848beeace70973d15fb00d7452cd174ef2cbc2ba5f8b3,83d60cee168aad3323599a6a547cf1911271e7a9eced853af0ae65cf8cd4d989,0.0,0.0,0.0,0.0,0.0,0.0,0.0,0.0,0.0,0.0,0.0,0.0,0.0,0.0,0.0,0.0,0.0,0.0,0.0,0.0,0.0,0.0,0.0,0.0,0.0,0.0,0.0,0.0,0.0,0.0,1.0,0.0,0.0,0.0
0.625,training_001_8a16fe9edafd,14,release_full,6023.522802242811,22fca258f2dcdb256e4eaa611df86c23642c0a4a53d99999be106e740f144ed3,83d60cee168aad3323599a6a547cf1911271e7a9eced853af0ae65cf8cd4d989,0.0,0.0,0.0,0.0,0.0,0.0,0.0,0.0,0.0,0.0,0.0,0.0,0.0,0.0,0.0,0.0,0.0,0.0,0.0,0.0,0.0,0.0,0.0,0.0,0.0,0.0,0.0,0.0,0.0,0.0,1.0,0.0,0.0,0.0
0.625,training_001_8a16fe9edafd,15,release_full,6411.533028527703,b9b2ccbb2ea0ce6a82327389c396809b036b91e4124bc0ebb847c590d6e4cf73,83d60cee168aad3323599a6a547cf1911271e7a9eced853af0ae65cf8cd4d989,0.0,0.0,0.0,0.0,0.0,0.0,0.0,0.0,0.0,0.0,0.0,0.0,0.0,0.0,0.0,0.0,0.0,0.0,0.0,0.0,0.0,0.0,0.0,0.0,0.0,0.0,0.0,0.0,0.0,0.0,1.0,0.0,0.0,0.0
0.625,training_001_8a16fe9edafd,16,release_full,6398.948046842861,5d545378a80183cfdd916da0e5d6ac72ba6c2a17ce1e5161bfbc9299b8679326,83d60cee168aad3323599a6a547cf1911271e7a9eced853af0ae65cf8cd4d989,0.0,0.0,0.0,0.0,0.0,0.0,0.0,0.0,0.0,0.0,0.0,0.0,0.0,0.0,0.0,0.0,0.0,0.0,0.0,0.0,0.0,0.0,0.0,0.0,0.0,0.0,0.0,0.0,0.0,0.0,1.0,0.0,0.0,0.0
0.625,training_001_8a16fe9edafd,17,release_full,6688.021849165119,c3309718d2e2afd856bc863265b11e3da371ee311c480e63ed038e0b0d5e7ba9,83d60cee168aad3323599a6a547cf1911271e7a9eced853af0ae65cf8cd4d989,0.0,0.0,0.0,0.0,0.0,0.0,0.0,0.0,0.0,0.0,0.0,0.0,0.0,0.0,0.0,0.0,0.0,0.0,0.0,0.0,0.0,0.0,0.0,0.0,0.0,0.0,0.0,0.0,0.0,0.0,1.0,0.0,0.0,0.0
0.625,training_001_8a16fe9edafd,18,release_full,7862.626810790162,7181576bcb857c00c5695cef32409c0f2887e587ac9cb3ed8f1433ebee5cc22b,83d60cee168aad3323599a6a547cf1911271e7a9eced853af0ae65cf8cd4d989,0.0,0.0,0.0,0.0,0.0,0.0,0.0,0.0,0.0,0.0,0.0,0.0,0.0,0.0,0.0,0.0,0.0,0.0,0.0,0.0,0.0,0.0,0.0,0.0,0.0,0.0,0.0,0.0,0.0,0.0,1.0,0.0,0.0,0.0
0.625,training_001_8a16fe9edafd,19,release_full,5279.059074798679,5ca192a43a0e4ccdee0612f48d245d0b519872aa083e234459e901d149896682,83d60cee168aad3323599a6a547cf1911271e7a9eced853af0ae65cf8cd4d989,0.0,0.0,0.0,0.0,0.0,0.0,0.0,0.0,0.0,0.0,0.0,0.0,0.0,0.0,0.0,0.0,0.0,0.0,0.0,0.0,0.0,0.0,0.0,0.0,0.0,0.0,0.0,0.0,0.0,0.0,1.0,0.0,0.0,0.0
0.625,training_001_8a16fe9edafd,20,release_full,3663.129248316393,f0d443d5e10a4322e0eeb28a87b77aa105c0049732a966c4dd568ae8481c865d,83d60cee168aad3323599a6a547cf1911271e7a9eced853af0ae65cf8cd4d989,0.0,0.0,0.0,0.0,0.0,0.0,0.0,0.0,0.0,0.0,0.0,0.0,0.0,0.0,0.0,0.0,0.0,0.0,0.0,0.0,0.0,0.0,0.0,0.0,0.0,0.0,0.0,0.0,0.0,0.0,1.0,0.0,0.0,0.0
0.625,training_002_7ec3e8f1af07,0,zero,289.5283125,5bac43878fde5e28d8516ea4406041f4dbad080df822ad64bf897a6c8842911c,e4d879a3407de578f579dfab4366fcea75a6649c683d9efe4f056f6505437574,0.0,0.0,0.0,0.0,0.0,0.0,0.0,0.0,0.0,0.0,0.0,0.0,0.0,0.0,0.0,0.0,0.0,0.0,0.0,0.0,0.0,0.0,0.0,0.0,0.0,0.0,0.0,0.0,0.0,0.0,0.0,0.0,0.0,0.0
0.625,training_002_7ec3e8f1af07,1,zero,289.5283125,85fcb8d67d304669250f36e2b67677012b5ae7a73da55c984ada024aa20d9d1a,e4d879a3407de578f579dfab4366fcea75a6649c683d9efe4f056f6505437574,0.0,0.0,0.0,0.0,0.0,0.0,0.0,0.0,0.0,0.0,0.0,0.0,0.0,0.0,0.0,0.0,0.0,0.0,0.0,0.0,0.0,0.0,0.0,0.0,0.0,0.0,0.0,0.0,0.0,0.0,0.0,0.0,0.0,0.0
0.625,training_002_7ec3e8f1af07,2,zero,289.5283125,273dfdcf9228401f9cbb7752aa8bb7dd500672482994bd35e252269c4099a384,e4d879a3407de578f579dfab4366fcea75a6649c683d9efe4f056f6505437574,0.0,0.0,0.0,0.0,0.0,0.0,0.0,0.0,0.0,0.0,0.0,0.0,0.0,0.0,0.0,0.0,0.0,0.0,0.0,0.0,0.0,0.0,0.0,0.0,0.0,0.0,0.0,0.0,0.0,0.0,0.0,0.0,0.0,0.0
0.625,training_002_7ec3e8f1af07,3,zero,289.5283125,7b797ca0d03141587cfc2670ccda3f42e5ef1c8b8cd99a93d9bf2cb6dce31550,e4d879a3407de578f579dfab4366fcea75a6649c683d9efe4f056f6505437574,0.0,0.0,0.0,0.0,0.0,0.0,0.0,0.0,0.0,0.0,0.0,0.0,0.0,0.0,0.0,0.0,0.0,0.0,0.0,0.0,0.0,0.0,0.0,0.0,0.0,0.0,0.0,0.0,0.0,0.0,0.0,0.0,0.0,0.0
0.625,training_002_7ec3e8f1af07,4,zero,289.5283125,a21d1540bac52636b953ca59f218e397a181116ee1e67c7775fac694f49bf956,e4d879a3407de578f579dfab4366fcea75a6649c683d9efe4f056f6505437574,0.0,0.0,0.0,0.0,0.0,0.0,0.0,0.0,0.0,0.0,0.0,0.0,0.0,0.0,0.0,0.0,0.0,0.0,0.0,0.0,0.0,0.0,0.0,0.0,0.0,0.0,0.0,0.0,0.0,0.0,0.0,0.0,0.0,0.0
0.625,training_002_7ec3e8f1af07,5,zero,289.5283125,aa1ec7620f3668676a2f4d1f9dfa89ab9fe4bc50dfca2e9cdb9816b4839daa9d,e4d879a3407de578f579dfab4366fcea75a6649c683d9efe4f056f6505437574,0.0,0.0,0.0,0.0,0.0,0.0,0.0,0.0,0.0,0.0,0.0,0.0,0.0,0.0,0.0,0.0,0.0,0.0,0.0,0.0,0.0,0.0,0.0,0.0,0.0,0.0,0.0,0.0,0.0,0.0,0.0,0.0,0.0,0.0
0.625,training_002_7ec3e8f1af07,6,release_full,15149.303969088953,c08f73a7f4fa3c6166a469af5154efbeb7ecdb32fe9487a3aeaa0fc22035875c,83d60cee168aad3323599a6a547cf1911271e7a9eced853af0ae65cf8cd4d989,0.0,0.0,0.0,0.0,0.0,0.0,0.0,0.0,0.0,0.0,0.0,0.0,0.0,0.0,0.0,0.0,0.0,0.0,0.0,0.0,0.0,0.0,0.0,0.0,0.0,0.0,0.0,0.0,0.0,0.0,1.0,0.0,0.0,0.0
0.625,training_002_7ec3e8f1af07,7,release_full,19229.7745293912,6b116d46d302eb8a1e0b5a18dbc1cec0db7a7f5d624256f0b4311ff692f06daf,83d60cee168aad3323599a6a547cf1911271e7a9eced853af0ae65cf8cd4d989,0.0,0.0,0.0,0.0,0.0,0.0,0.0,0.0,0.0,0.0,0.0,0.0,0.0,0.0,0.0,0.0,0.0,0.0,0.0,0.0,0.0,0.0,0.0,0.0,0.0,0.0,0.0,0.0,0.0,0.0,1.0,0.0,0.0,0.0
0.625,training_002_7ec3e8f1af07,8,release_full,20203.03424289442,18e243979c679d0781b8c58d2e116c57f9d9b6ef2b8f17f548cab7da808131ac,83d60cee168aad3323599a6a547cf1911271e7a9eced853af0ae65cf8cd4d989,0.0,0.0,0.0,0.0,0.0,0.0,0.0,0.0,0.0,0.0,0.0,0.0,0.0,0.0,0.0,0.0,0.0,0.0,0.0,0.0,0.0,0.0,0.0,0.0,0.0,0.0,0.0,0.0,0.0,0.0,1.0,0.0,0.0,0.0
0.625,training_002_7ec3e8f1af07,9,release_full,19138.791600918616,800fe19b2ba502c1ff96bee7831a38bbfed03e3ff733f64da18b11f1aabac67f,83d60cee168aad3323599a6a547cf1911271e7a9eced853af0ae65cf8cd4d989,0.0,0.0,0.0,0.0,0.0,0.0,0.0,0.0,0.0,0.0,0.0,0.0,0.0,0.0,0.0,0.0,0.0,0.0,0.0,0.0,0.0,0.0,0.0,0.0,0.0,0.0,0.0,0.0,0.0,0.0,1.0,0.0,0.0,0.0
0.625,training_002_7ec3e8f1af07,10,release_full,21080.5017666947,228c57c6739ea4afe5b0e4d3070e064f6acd4557bf72c9a2c230ddd13cf1c168,83d60cee168aad3323599a6a547cf1911271e7a9eced853af0ae65cf8cd4d989,0.0,0.0,0.0,0.0,0.0,0.0,0.0,0.0,0.0,0.0,0.0,0.0,0.0,0.0,0.0,0.0,0.0,0.0,0.0,0.0,0.0,0.0,0.0,0.0,0.0,0.0,0.0,0.0,0.0,0.0,1.0,0.0,0.0,0.0
0.625,training_002_7ec3e8f1af07,11,release_full,20423.075085234726,a07851979ae354c46167c2b8df373c6247906dd713befbde71db39ef3c6a6764,83d60cee168aad3323599a6a547cf1911271e7a9eced853af0ae65cf8cd4d989,0.0,0.0,0.0,0.0,0.0,0.0,0.0,0.0,0.0,0.0,0.0,0.0,0.0,0.0,0.0,0.0,0.0,0.0,0.0,0.0,0.0,0.0,0.0,0.0,0.0,0.0,0.0,0.0,0.0,0.0,1.0,0.0,0.0,0.0
0.625,training_002_7ec3e8f1af07,12,release_full,20343.328831877458,340eca5f1f5d0e41d1b464ac5b95c3264882515a445508ec3a4ba901e64c0016,83d60cee168aad3323599a6a547cf1911271e7a9eced853af0ae65cf8cd4d989,0.0,0.0,0.0,0.0,0.0,0.0,0.0,0.0,0.0,0.0,0.0,0.0,0.0,0.0,0.0,0.0,0.0,0.0,0.0,0.0,0.0,0.0,0.0,0.0,0.0,0.0,0.0,0.0,0.0,0.0,1.0,0.0,0.0,0.0
0.625,training_002_7ec3e8f1af07,13,release_full,20421.6670367634,795b9933985591b85d88e475542374f0f5f751d9d8741f34c4dda4f0eb9c9111,83d60cee168aad3323599a6a547cf1911271e7a9eced853af0ae65cf8cd4d989,0.0,0.0,0.0,0.0,0.0,0.0,0.0,0.0,0.0,0.0,0.0,0.0,0.0,0.0,0.0,0.0,0.0,0.0,0.0,0.0,0.0,0.0,0.0,0.0,0.0,0.0,0.0,0.0,0.0,0.0,1.0,0.0,0.0,0.0
0.625,training_002_7ec3e8f1af07,14,release_full,28704.79679598399,6e97172c33a772b8b850d98c1c0427050dc229ce8e6715648db341cd055b23f1,83d60cee168aad3323599a6a547cf1911271e7a9eced853af0ae65cf8cd4d989,0.0,0.0,0.0,0.0,0.0,0.0,0.0,0.0,0.0,0.0,0.0,0.0,0.0,0.0,0.0,0.0,0.0,0.0,0.0,0.0,0.0,0.0,0.0,0.0,0.0,0.0,0.0,0.0,0.0,0.0,1.0,0.0,0.0,0.0
0.625,training_002_7ec3e8f1af07,15,release_full,24607.215781376937,fb5dd969d210a14e83cabcc4ec9336f915502790dcd6824834abfbee57122e02,83d60cee168aad3323599a6a547cf1911271e7a9eced853af0ae65cf8cd4d989,0.0,0.0,0.0,0.0,0.0,0.0,0.0,0.0,0.0,0.0,0.0,0.0,0.0,0.0,0.0,0.0,0.0,0.0,0.0,0.0,0.0,0.0,0.0,0.0,0.0,0.0,0.0,0.0,0.0,0.0,1.0,0.0,0.0,0.0
0.625,training_002_7ec3e8f1af07,16,release_full,24737.73184570037,b393b0165ad823a87209714c6d81dfe2082e64accfe7198656a9590e4828122a,83d60cee168aad3323599a6a547cf1911271e7a9eced853af0ae65cf8cd4d989,0.0,0.0,0.0,0.0,0.0,0.0,0.0,0.0,0.0,0.0,0.0,0.0,0.0,0.0,0.0,0.0,0.0,0.0,0.0,0.0,0.0,0.0,0.0,0.0,0.0,0.0,0.0,0.0,0.0,0.0,1.0,0.0,0.0,0.0
0.625,training_002_7ec3e8f1af07,17,release_full,18829.369662012705,fbed7dbae8d78001c9ff4a9a3c6bf2818f67b08ca53c24f5cedd8ab6204a0646,83d60cee168aad3323599a6a547cf1911271e7a9eced853af0ae65cf8cd4d989,0.0,0.0,0.0,0.0,0.0,0.0,0.0,0.0,0.0,0.0,0.0,0.0,0.0,0.0,0.0,0.0,0.0,0.0,0.0,0.0,0.0,0.0,0.0,0.0,0.0,0.0,0.0,0.0,0.0,0.0,1.0,0.0,0.0,0.0
0.625,training_002_7ec3e8f1af07,18,release_full,16665.636831111944,0637c61d8e843cce0ac74ef2e9c201de625d0dcf456f093460e1cd792ba35c38,83d60cee168aad3323599a6a547cf1911271e7a9eced853af0ae65cf8cd4d989,0.0,0.0,0.0,0.0,0.0,0.0,0.0,0.0,0.0,0.0,0.0,0.0,0.0,0.0,0.0,0.0,0.0,0.0,0.0,0.0,0.0,0.0,0.0,0.0,0.0,0.0,0.0,0.0,0.0,0.0,1.0,0.0,0.0,0.0
0.625,training_002_7ec3e8f1af07,19,release_full,29940.06563992442,f8878fb1c67cf21ed5d2eb86747f542444c9d6bebe9d8b288a141a15e08a40e3,83d60cee168aad3323599a6a547cf1911271e7a9eced853af0ae65cf8cd4d989,0.0,0.0,0.0,0.0,0.0,0.0,0.0,0.0,0.0,0.0,0.0,0.0,0.0,0.0,0.0,0.0,0.0,0.0,0.0,0.0,0.0,0.0,0.0,0.0,0.0,0.0,0.0,0.0,0.0,0.0,1.0,0.0,0.0,0.0
0.625,training_002_7ec3e8f1af07,20,release_full,25556.535169420284,063676d09475697974067caa845c8ba4f2acd42933532d44852b682fcb569ead,83d60cee168aad3323599a6a547cf1911271e7a9eced853af0ae65cf8cd4d989,0.0,0.0,0.0,0.0,0.0,0.0,0.0,0.0,0.0,0.0,0.0,0.0,0.0,0.0,0.0,0.0,0.0,0.0,0.0,0.0,0.0,0.0,0.0,0.0,0.0,0.0,0.0,0.0,0.0,0.0,1.0,0.0,0.0,0.0
0.75,training_000_60a9d350b650,0,zero,89.50943750000002,e9e7f4753113b72de8687b2525a4c6962f33b9932142184ca5ba11cdc4aa1831,e4d879a3407de578f579dfab4366fcea75a6649c683d9efe4f056f6505437574,0.0,0.0,0.0,0.0,0.0,0.0,0.0,0.0,0.0,0.0,0.0,0.0,0.0,0.0,0.0,0.0,0.0,0.0,0.0,0.0,0.0,0.0,0.0,0.0,0.0,0.0,0.0,0.0,0.0,0.0,0.0,0.0,0.0,0.0
0.75,training_000_60a9d350b650,1,zero,89.50943750000002,858b1ce50860df7e9d695dfd5d2a5386cbe77e1840119cccee821568e60025e9,e4d879a3407de578f579dfab4366fcea75a6649c683d9efe4f056f6505437574,0.0,0.0,0.0,0.0,0.0,0.0,0.0,0.0,0.0,0.0,0.0,0.0,0.0,0.0,0.0,0.0,0.0,0.0,0.0,0.0,0.0,0.0,0.0,0.0,0.0,0.0,0.0,0.0,0.0,0.0,0.0,0.0,0.0,0.0
0.75,training_000_60a9d350b650,2,release_full,14117.032125482525,5d5c4a7d777b21c7bc69e80942bd5e61648751ca175426a7b6b254bb5043ea69,83d60cee168aad3323599a6a547cf1911271e7a9eced853af0ae65cf8cd4d989,0.0,0.0,0.0,0.0,0.0,0.0,0.0,0.0,0.0,0.0,0.0,0.0,0.0,0.0,0.0,0.0,0.0,0.0,0.0,0.0,0.0,0.0,0.0,0.0,0.0,0.0,0.0,0.0,0.0,0.0,1.0,0.0,0.0,0.0
0.75,training_000_60a9d350b650,3,release_full,17469.55383229471,90cc94990e3ab4cfaa1044835338e9b7c31a4535bebb433b078ca779bd83a15b,83d60cee168aad3323599a6a547cf1911271e7a9eced853af0ae65cf8cd4d989,0.0,0.0,0.0,0.0,0.0,0.0,0.0,0.0,0.0,0.0,0.0,0.0,0.0,0.0,0.0,0.0,0.0,0.0,0.0,0.0,0.0,0.0,0.0,0.0,0.0,0.0,0.0,0.0,0.0,0.0,1.0,0.0,0.0,0.0
0.75,training_000_60a9d350b650,4,release_full,17070.17789295785,e4c2576d89b181c9abf475fddda458d6c8df9d0cc93e4d92ab0da7a2fee26cf2,83d60cee168aad3323599a6a547cf1911271e7a9eced853af0ae65cf8cd4d989,0.0,0.0,0.0,0.0,0.0,0.0,0.0,0.0,0.0,0.0,0.0,0.0,0.0,0.0,0.0,0.0,0.0,0.0,0.0,0.0,0.0,0.0,0.0,0.0,0.0,0.0,0.0,0.0,0.0,0.0,1.0,0.0,0.0,0.0
0.75,training_000_60a9d350b650,5,release_full,18133.58225947347,bb5aa781f0ea69c02a2935296f45a1d8eae414a37aa389227c0edeea9cab5ee5,83d60cee168aad3323599a6a547cf1911271e7a9eced853af0ae65cf8cd4d989,0.0,0.0,0.0,0.0,0.0,0.0,0.0,0.0,0.0,0.0,0.0,0.0,0.0,0.0,0.0,0.0,0.0,0.0,0.0,0.0,0.0,0.0,0.0,0.0,0.0,0.0,0.0,0.0,0.0,0.0,1.0,0.0,0.0,0.0
0.75,training_000_60a9d350b650,6,release_full,19306.87000591069,2602a9acb7624fb0ed098fc1cfa4250ca597af1ba24e1f1d3d470ff0b99a4996,83d60cee168aad3323599a6a547cf1911271e7a9eced853af0ae65cf8cd4d989,0.0,0.0,0.0,0.0,0.0,0.0,0.0,0.0,0.0,0.0,0.0,0.0,0.0,0.0,0.0,0.0,0.0,0.0,0.0,0.0,0.0,0.0,0.0,0.0,0.0,0.0,0.0,0.0,0.0,0.0,1.0,0.0,0.0,0.0
0.75,training_000_60a9d350b650,7,release_full,18093.46951503956,6a9ed8b1d97f20ab49b2b93b48330d2c8cce9de407fe52896241641d1d1f54e7,83d60cee168aad3323599a6a547cf1911271e7a9eced853af0ae65cf8cd4d989,0.0,0.0,0.0,0.0,0.0,0.0,0.0,0.0,0.0,0.0,0.0,0.0,0.0,0.0,0.0,0.0,0.0,0.0,0.0,0.0,0.0,0.0,0.0,0.0,0.0,0.0,0.0,0.0,0.0,0.0,1.0,0.0,0.0,0.0
0.75,training_000_60a9d350b650,8,release_full,21961.057937065925,3421d1c131dbf6fab1b84786bee20845aed285cab2a4b5e4ab25c3e8e9efe3f9,83d60cee168aad3323599a6a547cf1911271e7a9eced853af0ae65cf8cd4d989,0.0,0.0,0.0,0.0,0.0,0.0,0.0,0.0,0.0,0.0,0.0,0.0,0.0,0.0,0.0,0.0,0.0,0.0,0.0,0.0,0.0,0.0,0.0,0.0,0.0,0.0,0.0,0.0,0.0,0.0,1.0,0.0,0.0,0.0
0.75,training_000_60a9d350b650,9,release_full,23036.116448358054,484ecce549e835ceb9ea2b49bdd7092a186ee3dde3ae60bbd0eac6ca7da26ec7,83d60cee168aad3323599a6a547cf1911271e7a9eced853af0ae65cf8cd4d989,0.0,0.0,0.0,0.0,0.0,0.0,0.0,0.0,0.0,0.0,0.0,0.0,0.0,0.0,0.0,0.0,0.0,0.0,0.0,0.0,0.0,0.0,0.0,0.0,0.0,0.0,0.0,0.0,0.0,0.0,1.0,0.0,0.0,0.0
0.75,training_000_60a9d350b650,10,release_full,26496.68623852195,c85b91d23cf59d0dfd7e31015727a64c283a0d34a74b718bdd96a9e02dcaf37f,83d60cee168aad3323599a6a547cf1911271e7a9eced853af0ae65cf8cd4d989,0.0,0.0,0.0,0.0,0.0,0.0,0.0,0.0,0.0,0.0,0.0,0.0,0.0,0.0,0.0,0.0,0.0,0.0,0.0,0.0,0.0,0.0,0.0,0.0,0.0,0.0,0.0,0.0,0.0,0.0,1.0,0.0,0.0,0.0
0.75,training_000_60a9d350b650,11,release_full,30475.268609834704,bbe532dcb3cde5d6da71641aa72e3503c9a855a55d83d5fb6bfdc13dd0b4dccf,83d60cee168aad3323599a6a547cf1911271e7a9eced853af0ae65cf8cd4d989,0.0,0.0,0.0,0.0,0.0,0.0,0.0,0.0,0.0,0.0,0.0,0.0,0.0,0.0,0.0,0.0,0.0,0.0,0.0,0.0,0.0,0.0,0.0,0.0,0.0,0.0,0.0,0.0,0.0,0.0,1.0,0.0,0.0,0.0
0.75,training_000_60a9d350b650,12,release_full,26175.98877978811,5a3ad658feffb8c963ae33bf02204ce869535e147fd88af2059cc52448fdf8f3,83d60cee168aad3323599a6a547cf1911271e7a9eced853af0ae65cf8cd4d989,0.0,0.0,0.0,0.0,0.0,0.0,0.0,0.0,0.0,0.0,0.0,0.0,0.0,0.0,0.0,0.0,0.0,0.0,0.0,0.0,0.0,0.0,0.0,0.0,0.0,0.0,0.0,0.0,0.0,0.0,1.0,0.0,0.0,0.0
0.75,training_000_60a9d350b650,13,release_full,22890.54670072624,7c665f3ba252aaa91f64b2464d926d7a203f314c1ad3d9e0532365ac070d84eb,83d60cee168aad3323599a6a547cf1911271e7a9eced853af0ae65cf8cd4d989,0.0,0.0,0.0,0.0,0.0,0.0,0.0,0.0,0.0,0.0,0.0,0.0,0.0,0.0,0.0,0.0,0.0,0.0,0.0,0.0,0.0,0.0,0.0,0.0,0.0,0.0,0.0,0.0,0.0,0.0,1.0,0.0,0.0,0.0
0.75,training_000_60a9d350b650,14,release_full,22218.932013914076,866f4ed387ddcf70e3bcbf16cf7ff337f8d8fb6c599830235c4e79fdd8da2369,83d60cee168aad3323599a6a547cf1911271e7a9eced853af0ae65cf8cd4d989,0.0,0.0,0.0,0.0,0.0,0.0,0.0,0.0,0.0,0.0,0.0,0.0,0.0,0.0,0.0,0.0,0.0,0.0,0.0,0.0,0.0,0.0,0.0,0.0,0.0,0.0,0.0,0.0,0.0,0.0,1.0,0.0,0.0,0.0
0.75,training_000_60a9d350b650,15,release_full,18491.165753343248,bf4728aa0f76da1093f7f63040bd48af41dc7b70a012af6fa1b4fd0d38d2814f,83d60cee168aad3323599a6a547cf1911271e7a9eced853af0ae65cf8cd4d989,0.0,0.0,0.0,0.0,0.0,0.0,0.0,0.0,0.0,0.0,0.0,0.0,0.0,0.0,0.0,0.0,0.0,0.0,0.0,0.0,0.0,0.0,0.0,0.0,0.0,0.0,0.0,0.0,0.0,0.0,1.0,0.0,0.0,0.0
0.75,training_000_60a9d350b650,16,release_full,17929.90035936616,0ee5e35ea3bd50c1746ac05cb11126254b72da45df0ec7b44e49b0ead67e5fb1,83d60cee168aad3323599a6a547cf1911271e7a9eced853af0ae65cf8cd4d989,0.0,0.0,0.0,0.0,0.0,0.0,0.0,0.0,0.0,0.0,0.0,0.0,0.0,0.0,0.0,0.0,0.0,0.0,0.0,0.0,0.0,0.0,0.0,0.0,0.0,0.0,0.0,0.0,0.0,0.0,1.0,0.0,0.0,0.0
0.75,training_000_60a9d350b650,17,release_full,15452.760031252445,b89db85ed66025b0753c47a4cef3fe10bb577c80c1efe5df1e07b67e7ac4d952,83d60cee168aad3323599a6a547cf1911271e7a9eced853af0ae65cf8cd4d989,0.0,0.0,0.0,0.0,0.0,0.0,0.0,0.0,0.0,0.0,0.0,0.0,0.0,0.0,0.0,0.0,0.0,0.0,0.0,0.0,0.0,0.0,0.0,0.0,0.0,0.0,0.0,0.0,0.0,0.0,1.0,0.0,0.0,0.0
0.75,training_000_60a9d350b650,18,release_full,13421.540588361488,edf3f9c888ac84f141d007c2a69e7cc6473a11cb2ca957bf7ec2336ba2c74cf6,83d60cee168aad3323599a6a547cf1911271e7a9eced853af0ae65cf8cd4d989,0.0,0.0,0.0,0.0,0.0,0.0,0.0,0.0,0.0,0.0,0.0,0.0,0.0,0.0,0.0,0.0,0.0,0.0,0.0,0.0,0.0,0.0,0.0,0.0,0.0,0.0,0.0,0.0,0.0,0.0,1.0,0.0,0.0,0.0
0.75,training_000_60a9d350b650,19,release_full,11377.49959311395,2cfceda1acf39029dddebe42222f6e349c112ab8de537ee3a1efd998b4bcb224,83d60cee168aad3323599a6a547cf1911271e7a9eced853af0ae65cf8cd4d989,0.0,0.0,0.0,0.0,0.0,0.0,0.0,0.0,0.0,0.0,0.0,0.0,0.0,0.0,0.0,0.0,0.0,0.0,0.0,0.0,0.0,0.0,0.0,0.0,0.0,0.0,0.0,0.0,0.0,0.0,1.0,0.0,0.0,0.0
0.75,training_000_60a9d350b650,20,release_full,9077.520687289674,77f90a0e38ece52bcdba7b7206f07cce9a40961c1045e818c6278029cf5967f7,83d60cee168aad3323599a6a547cf1911271e7a9eced853af0ae65cf8cd4d989,0.0,0.0,0.0,0.0,0.0,0.0,0.0,0.0,0.0,0.0,0.0,0.0,0.0,0.0,0.0,0.0,0.0,0.0,0.0,0.0,0.0,0.0,0.0,0.0,0.0,0.0,0.0,0.0,0.0,0.0,1.0,0.0,0.0,0.0
0.75,training_001_8a16fe9edafd,0,zero,189.51887500000004,3e7e80571d94a543598ed7d084174d821f7c56ea23988016e10aa547feb4d966,e4d879a3407de578f579dfab4366fcea75a6649c683d9efe4f056f6505437574,0.0,0.0,0.0,0.0,0.0,0.0,0.0,0.0,0.0,0.0,0.0,0.0,0.0,0.0,0.0,0.0,0.0,0.0,0.0,0.0,0.0,0.0,0.0,0.0,0.0,0.0,0.0,0.0,0.0,0.0,0.0,0.0,0.0,0.0
0.75,training_001_8a16fe9edafd,1,zero,189.51887500000004,9a1ff029af34639d13f11401afc0f3b4f207e4679ee985bed3b2c8b718d8bdb6,e4d879a3407de578f579dfab4366fcea75a6649c683d9efe4f056f6505437574,0.0,0.0,0.0,0.0,0.0,0.0,0.0,0.0,0.0,0.0,0.0,0.0,0.0,0.0,0.0,0.0,0.0,0.0,0.0,0.0,0.0,0.0,0.0,0.0,0.0,0.0,0.0,0.0,0.0,0.0,0.0,0.0,0.0,0.0
0.75,training_001_8a16fe9edafd,2,zero,189.51887500000004,8ec960abde00ba9d2c73c09b26a189f6371a372eeb28837d34d4b43157160023,e4d879a3407de578f579dfab4366fcea75a6649c683d9efe4f056f6505437574,0.0,0.0,0.0,0.0,0.0,0.0,0.0,0.0,0.0,0.0,0.0,0.0,0.0,0.0,0.0,0.0,0.0,0.0,0.0,0.0,0.0,0.0,0.0,0.0,0.0,0.0,0.0,0.0,0.0,0.0,0.0,0.0,0.0,0.0
0.75,training_001_8a16fe9edafd,3,zero,189.51887500000004,6cab55e5b05526224a7fb81989addca856a9d976b52e241ca727102606713a49,e4d879a3407de578f579dfab4366fcea75a6649c683d9efe4f056f6505437574,0.0,0.0,0.0,0.0,0.0,0.0,0.0,0.0,0.0,0.0,0.0,0.0,0.0,0.0,0.0,0.0,0.0,0.0,0.0,0.0,0.0,0.0,0.0,0.0,0.0,0.0,0.0,0.0,0.0,0.0,0.0,0.0,0.0,0.0
0.75,training_001_8a16fe9edafd,4,release_full,5464.677056315439,dd7d5ae2d8f49811b3915a1920fc4ce241bf698daa752f73431756589a6960ac,83d60cee168aad3323599a6a547cf1911271e7a9eced853af0ae65cf8cd4d989,0.0,0.0,0.0,0.0,0.0,0.0,0.0,0.0,0.0,0.0,0.0,0.0,0.0,0.0,0.0,0.0,0.0,0.0,0.0,0.0,0.0,0.0,0.0,0.0,0.0,0.0,0.0,0.0,0.0,0.0,1.0,0.0,0.0,0.0
0.75,training_001_8a16fe9edafd,5,release_full,3952.1442768568,a59bfaf916c3cf0390f1ae86e7dc4901f378ad63be121c4352d28aae650e05e0,83d60cee168aad3323599a6a547cf1911271e7a9eced853af0ae65cf8cd4d989,0.0,0.0,0.0,0.0,0.0,0.0,0.0,0.0,0.0,0.0,0.0,0.0,0.0,0.0,0.0,0.0,0.0,0.0,0.0,0.0,0.0,0.0,0.0,0.0,0.0,0.0,0.0,0.0,0.0,0.0,1.0,0.0,0.0,0.0
0.75,training_001_8a16fe9edafd,6,release_full,5387.444598918998,7c847f8bf0b4ba83b4f456cb3d2acd83aca880c5245af9cce2e51a69853aa80a,83d60cee168aad3323599a6a547cf1911271e7a9eced853af0ae65cf8cd4d989,0.0,0.0,0.0,0.0,0.0,0.0,0.0,0.0,0.0,0.0,0.0,0.0,0.0,0.0,0.0,0.0,0.0,0.0,0.0,0.0,0.0,0.0,0.0,0.0,0.0,0.0,0.0,0.0,0.0,0.0,1.0,0.0,0.0,0.0
0.75,training_001_8a16fe9edafd,7,release_full,5444.91973758604,e431e7afcf965e422eac016aa0e466125d4adc5cc9145bb60a94fbcaa325ceac,83d60cee168aad3323599a6a547cf1911271e7a9eced853af0ae65cf8cd4d989,0.0,0.0,0.0,0.0,0.0,0.0,0.0,0.0,0.0,0.0,0.0,0.0,0.0,0.0,0.0,0.0,0.0,0.0,0.0,0.0,0.0,0.0,0.0,0.0,0.0,0.0,0.0,0.0,0.0,0.0,1.0,0.0,0.0,0.0
0.75,training_001_8a16fe9edafd,8,release_full,5282.007386241972,9163195ff40c043d24bf9649ae8b62fd29228e71444abbb7300e43c428edc617,83d60cee168aad3323599a6a547cf1911271e7a9eced853af0ae65cf8cd4d989,0.0,0.0,0.0,0.0,0.0,0.0,0.0,0.0,0.0,0.0,0.0,0.0,0.0,0.0,0.0,0.0,0.0,0.0,0.0,0.0,0.0,0.0,0.0,0.0,0.0,0.0,0.0,0.0,0.0,0.0,1.0,0.0,0.0,0.0
0.75,training_001_8a16fe9edafd,9,release_full,5070.520182602861,fa34299dcfa9f40aa968b2cf783e85f14e328320dcff9116da6a4daaa59cd2c8,83d60cee168aad3323599a6a547cf1911271e7a9eced853af0ae65cf8cd4d989,0.0,0.0,0.0,0.0,0.0,0.0,0.0,0.0,0.0,0.0,0.0,0.0,0.0,0.0,0.0,0.0,0.0,0.0,0.0,0.0,0.0,0.0,0.0,0.0,0.0,0.0,0.0,0.0,0.0,0.0,1.0,0.0,0.0,0.0
0.75,training_001_8a16fe9edafd,10,release_full,5943.538751921885,2f9e208efa275882bb4d4c9a48e09ef798dcd415493497f77e506602c4ff1268,83d60cee168aad3323599a6a547cf1911271e7a9eced853af0ae65cf8cd4d989,0.0,0.0,0.0,0.0,0.0,0.0,0.0,0.0,0.0,0.0,0.0,0.0,0.0,0.0,0.0,0.0,0.0,0.0,0.0,0.0,0.0,0.0,0.0,0.0,0.0,0.0,0.0,0.0,0.0,0.0,1.0,0.0,0.0,0.0
0.75,training_001_8a16fe9edafd,11,release_full,5488.340938990566,5c79b3a0f01a24449d95be209e50d965ed1ffc630775f42c7da67c4464bec788,83d60cee168aad3323599a6a547cf1911271e7a9eced853af0ae65cf8cd4d989,0.0,0.0,0.0,0.0,0.0,0.0,0.0,0.0,0.0,0.0,0.0,0.0,0.0,0.0,0.0,0.0,0.0,0.0,0.0,0.0,0.0,0.0,0.0,0.0,0.0,0.0,0.0,0.0,0.0,0.0,1.0,0.0,0.0,0.0
0.75,training_001_8a16fe9edafd,12,release_full,6184.781034293859,eab1bddf5233d2f1633ed6c1dbf28ee58ff4d9fcf6a5d0e5a7bd03e9f657984b,83d60cee168aad3323599a6a547cf1911271e7a9eced853af0ae65cf8cd4d989,0.0,0.0,0.0,0.0,0.0,0.0,0.0,0.0,0.0,0.0,0.0,0.0,0.0,0.0,0.0,0.0,0.0,0.0,0.0,0.0,0.0,0.0,0.0,0.0,0.0,0.0,0.0,0.0,0.0,0.0,1.0,0.0,0.0,0.0
0.75,training_001_8a16fe9edafd,13,release_full,6110.453825847113,6412e376be708dd2617eae20f1d6b1feb6768f49e7ead10fea63a7f401559233,83d60cee168aad3323599a6a547cf1911271e7a9eced853af0ae65cf8cd4d989,0.0,0.0,0.0,0.0,0.0,0.0,0.0,0.0,0.0,0.0,0.0,0.0,0.0,0.0,0.0,0.0,0.0,0.0,0.0,0.0,0.0,0.0,0.0,0.0,0.0,0.0,0.0,0.0,0.0,0.0,1.0,0.0,0.0,0.0
0.75,training_001_8a16fe9edafd,14,release_full,5734.816132233328,15763fbfdd6f2e9f4c4665d7d0881abc583b8f699aa95ba792c2fa3d7c4eb7f6,83d60cee168aad3323599a6a547cf1911271e7a9eced853af0ae65cf8cd4d989,0.0,0.0,0.0,0.0,0.0,0.0,0.0,0.0,0.0,0.0,0.0,0.0,0.0,0.0,0.0,0.0,0.0,0.0,0.0,0.0,0.0,0.0,0.0,0.0,0.0,0.0,0.0,0.0,0.0,0.0,1.0,0.0,0.0,0.0
0.75,training_001_8a16fe9edafd,15,release_full,6109.770038792854,38e411536968a18dd6136447225866d62ae334ebe5581306733552968772e829,83d60cee168aad3323599a6a547cf1911271e7a9eced853af0ae65cf8cd4d989,0.0,0.0,0.0,0.0,0.0,0.0,0.0,0.0,0.0,0.0,0.0,0.0,0.0,0.0,0.0,0.0,0.0,0.0,0.0,0.0,0.0,0.0,0.0,0.0,0.0,0.0,0.0,0.0,0.0,0.0,1.0,0.0,0.0,0.0
0.75,training_001_8a16fe9edafd,16,release_full,6109.715061727263,3a750c655be3dc3c9b07891f236280e2c4873de108889758d7afc9a60e708051,83d60cee168aad3323599a6a547cf1911271e7a9eced853af0ae65cf8cd4d989,0.0,0.0,0.0,0.0,0.0,0.0,0.0,0.0,0.0,0.0,0.0,0.0,0.0,0.0,0.0,0.0,0.0,0.0,0.0,0.0,0.0,0.0,0.0,0.0,0.0,0.0,0.0,0.0,0.0,0.0,1.0,0.0,0.0,0.0
0.75,training_001_8a16fe9edafd,17,release_full,6388.895193701423,029df90aec8167059caa49321e2a4e6ded140358f6d13b803080fd41c42e93e2,83d60cee168aad3323599a6a547cf1911271e7a9eced853af0ae65cf8cd4d989,0.0,0.0,0.0,0.0,0.0,0.0,0.0,0.0,0.0,0.0,0.0,0.0,0.0,0.0,0.0,0.0,0.0,0.0,0.0,0.0,0.0,0.0,0.0,0.0,0.0,0.0,0.0,0.0,0.0,0.0,1.0,0.0,0.0,0.0
0.75,training_001_8a16fe9edafd,18,release_full,7451.6923008255,fb8621f66011c92ae72b32fa000d4bf8c085794756d9a7404c4e28cc578be7c7,83d60cee168aad3323599a6a547cf1911271e7a9eced853af0ae65cf8cd4d989,0.0,0.0,0.0,0.0,0.0,0.0,0.0,0.0,0.0,0.0,0.0,0.0,0.0,0.0,0.0,0.0,0.0,0.0,0.0,0.0,0.0,0.0,0.0,0.0,0.0,0.0,0.0,0.0,0.0,0.0,1.0,0.0,0.0,0.0
0.75,training_001_8a16fe9edafd,19,release_full,5084.920351946755,4deeb5c53007d9b4f89138756a5cf675469d5bfddd461416d4019d6fcc8f265c,83d60cee168aad3323599a6a547cf1911271e7a9eced853af0ae65cf8cd4d989,0.0,0.0,0.0,0.0,0.0,0.0,0.0,0.0,0.0,0.0,0.0,0.0,0.0,0.0,0.0,0.0,0.0,0.0,0.0,0.0,0.0,0.0,0.0,0.0,0.0,0.0,0.0,0.0,0.0,0.0,1.0,0.0,0.0,0.0
0.75,training_001_8a16fe9edafd,20,release_full,3592.387504474369,65c339166e6f9fadffa4af0b76ee2258b8c5e0039aa4b0bfb9e10a6bc87fb3a3,83d60cee168aad3323599a6a547cf1911271e7a9eced853af0ae65cf8cd4d989,0.0,0.0,0.0,0.0,0.0,0.0,0.0,0.0,0.0,0.0,0.0,0.0,0.0,0.0,0.0,0.0,0.0,0.0,0.0,0.0,0.0,0.0,0.0,0.0,0.0,0.0,0.0,0.0,0.0,0.0,1.0,0.0,0.0,0.0
0.75,training_002_7ec3e8f1af07,0,zero,289.5283125,5bac43878fde5e28d8516ea4406041f4dbad080df822ad64bf897a6c8842911c,e4d879a3407de578f579dfab4366fcea75a6649c683d9efe4f056f6505437574,0.0,0.0,0.0,0.0,0.0,0.0,0.0,0.0,0.0,0.0,0.0,0.0,0.0,0.0,0.0,0.0,0.0,0.0,0.0,0.0,0.0,0.0,0.0,0.0,0.0,0.0,0.0,0.0,0.0,0.0,0.0,0.0,0.0,0.0
0.75,training_002_7ec3e8f1af07,1,zero,289.5283125,85fcb8d67d304669250f36e2b67677012b5ae7a73da55c984ada024aa20d9d1a,e4d879a3407de578f579dfab4366fcea75a6649c683d9efe4f056f6505437574,0.0,0.0,0.0,0.0,0.0,0.0,0.0,0.0,0.0,0.0,0.0,0.0,0.0,0.0,0.0,0.0,0.0,0.0,0.0,0.0,0.0,0.0,0.0,0.0,0.0,0.0,0.0,0.0,0.0,0.0,0.0,0.0,0.0,0.0
0.75,training_002_7ec3e8f1af07,2,zero,289.5283125,273dfdcf9228401f9cbb7752aa8bb7dd500672482994bd35e252269c4099a384,e4d879a3407de578f579dfab4366fcea75a6649c683d9efe4f056f6505437574,0.0,0.0,0.0,0.0,0.0,0.0,0.0,0.0,0.0,0.0,0.0,0.0,0.0,0.0,0.0,0.0,0.0,0.0,0.0,0.0,0.0,0.0,0.0,0.0,0.0,0.0,0.0,0.0,0.0,0.0,0.0,0.0,0.0,0.0
0.75,training_002_7ec3e8f1af07,3,zero,289.5283125,7b797ca0d03141587cfc2670ccda3f42e5ef1c8b8cd99a93d9bf2cb6dce31550,e4d879a3407de578f579dfab4366fcea75a6649c683d9efe4f056f6505437574,0.0,0.0,0.0,0.0,0.0,0.0,0.0,0.0,0.0,0.0,0.0,0.0,0.0,0.0,0.0,0.0,0.0,0.0,0.0,0.0,0.0,0.0,0.0,0.0,0.0,0.0,0.0,0.0,0.0,0.0,0.0,0.0,0.0,0.0
0.75,training_002_7ec3e8f1af07,4,zero,289.5283125,a21d1540bac52636b953ca59f218e397a181116ee1e67c7775fac694f49bf956,e4d879a3407de578f579dfab4366fcea75a6649c683d9efe4f056f6505437574,0.0,0.0,0.0,0.0,0.0,0.0,0.0,0.0,0.0,0.0,0.0,0.0,0.0,0.0,0.0,0.0,0.0,0.0,0.0,0.0,0.0,0.0,0.0,0.0,0.0,0.0,0.0,0.0,0.0,0.0,0.0,0.0,0.0,0.0
0.75,training_002_7ec3e8f1af07,5,zero,289.5283125,aa1ec7620f3668676a2f4d1f9dfa89ab9fe4bc50dfca2e9cdb9816b4839daa9d,e4d879a3407de578f579dfab4366fcea75a6649c683d9efe4f056f6505437574,0.0,0.0,0.0,0.0,0.0,0.0,0.0,0.0,0.0,0.0,0.0,0.0,0.0,0.0,0.0,0.0,0.0,0.0,0.0,0.0,0.0,0.0,0.0,0.0,0.0,0.0,0.0,0.0,0.0,0.0,0.0,0.0,0.0,0.0
0.75,training_002_7ec3e8f1af07,6,release_full,14787.931111382191,83b9fd9b8d6cb4a9397450c4a1f4574eda3d883d4347fdad8349e4e33a096e4c,83d60cee168aad3323599a6a547cf1911271e7a9eced853af0ae65cf8cd4d989,0.0,0.0,0.0,0.0,0.0,0.0,0.0,0.0,0.0,0.0,0.0,0.0,0.0,0.0,0.0,0.0,0.0,0.0,0.0,0.0,0.0,0.0,0.0,0.0,0.0,0.0,0.0,0.0,0.0,0.0,1.0,0.0,0.0,0.0
0.75,training_002_7ec3e8f1af07,7,release_full,18711.556359971888,d3329ef2ed49c136796cfd02fd9e94f3978e0029dccfaed19a9e788ff21c0e86,83d60cee168aad3323599a6a547cf1911271e7a9eced853af0ae65cf8cd4d989,0.0,0.0,0.0,0.0,0.0,0.0,0.0,0.0,0.0,0.0,0.0,0.0,0.0,0.0,0.0,0.0,0.0,0.0,0.0,0.0,0.0,0.0,0.0,0.0,0.0,0.0,0.0,0.0,0.0,0.0,1.0,0.0,0.0,0.0
0.75,training_002_7ec3e8f1af07,8,release_full,19613.671887603454,e09c07e7ebd750c4c67bcb16af8cd9df624a3e13c3133a6bedfaf56395d5aa88,83d60cee168aad3323599a6a547cf1911271e7a9eced853af0ae65cf8cd4d989,0.0,0.0,0.0,0.0,0.0,0.0,0.0,0.0,0.0,0.0,0.0,0.0,0.0,0.0,0.0,0.0,0.0,0.0,0.0,0.0,0.0,0.0,0.0,0.0,0.0,0.0,0.0,0.0,0.0,0.0,1.0,0.0,0.0,0.0
0.75,training_002_7ec3e8f1af07,9,release_full,18574.117232672263,acdcda0a736808a5a2a1985f39ce385d4c986dbdc1a1dd0850be3dd17f44ab98,83d60cee168aad3323599a6a547cf1911271e7a9eced853af0ae65cf8cd4d989,0.0,0.0,0.0,0.0,0.0,0.0,0.0,0.0,0.0,0.0,0.0,0.0,0.0,0.0,0.0,0.0,0.0,0.0,0.0,0.0,0.0,0.0,0.0,0.0,0.0,0.0,0.0,0.0,0.0,0.0,1.0,0.0,0.0,0.0
0.75,training_002_7ec3e8f1af07,10,release_full,20550.862280356607,4ce31f3f87e4d4e726d612a10c572f274e52d5f152e6643e3607f151e8a32ebe,83d60cee168aad3323599a6a547cf1911271e7a9eced853af0ae65cf8cd4d989,0.0,0.0,0.0,0.0,0.0,0.0,0.0,0.0,0.0,0.0,0.0,0.0,0.0,0.0,0.0,0.0,0.0,0.0,0.0,0.0,0.0,0.0,0.0,0.0,0.0,0.0,0.0,0.0,0.0,0.0,1.0,0.0,0.0,0.0
0.75,training_002_7ec3e8f1af07,11,release_full,20002.527023605093,c47a18dbc7b4166562a0ab3d5c2af2c0fd9dcef981bbf6c78cc2ee4a7a524d41,83d60cee168aad3323599a6a547cf1911271e7a9eced853af0ae65cf8cd4d989,0.0,0.0,0.0,0.0,0.0,0.0,0.0,0.0,0.0,0.0,0.0,0.0,0.0,0.0,0.0,0.0,0.0,0.0,0.0,0.0,0.0,0.0,0.0,0.0,0.0,0.0,0.0,0.0,0.0,0.0,1.0,0.0,0.0,0.0
0.75,training_002_7ec3e8f1af07,12,release_full,20057.95067664248,ea706b54224880b4f58befc2e0c77e60d4dbcc74e37f5a5199f8b84184b31a5e,83d60cee168aad3323599a6a547cf1911271e7a9eced853af0ae65cf8cd4d989,0.0,0.0,0.0,0.0,0.0,0.0,0.0,0.0,0.0,0.0,0.0,0.0,0.0,0.0,0.0,0.0,0.0,0.0,0.0,0.0,0.0,0.0,0.0,0.0,0.0,0.0,0.0,0.0,0.0,0.0,1.0,0.0,0.0,0.0
0.75,training_002_7ec3e8f1af07,13,release_full,20275.7582820716,5aa86f2626ffe86d7d4b5f1482ff4cf02cf95ee84cd854385e4d471c6c3b2d5e,83d60cee168aad3323599a6a547cf1911271e7a9eced853af0ae65cf8cd4d989,0.0,0.0,0.0,0.0,0.0,0.0,0.0,0.0,0.0,0.0,0.0,0.0,0.0,0.0,0.0,0.0,0.0,0.0,0.0,0.0,0.0,0.0,0.0,0.0,0.0,0.0,0.0,0.0,0.0,0.0,1.0,0.0,0.0,0.0
0.75,training_002_7ec3e8f1af07,14,release_full,28577.73565091298,b5651456b2e9e8f45c37d2b3dcaa37b8dafffecfdb88e06a07c88dcf81e50ba8,83d60cee168aad3323599a6a547cf1911271e7a9eced853af0ae65cf8cd4d989,0.0,0.0,0.0,0.0,0.0,0.0,0.0,0.0,0.0,0.0,0.0,0.0,0.0,0.0,0.0,0.0,0.0,0.0,0.0,0.0,0.0,0.0,0.0,0.0,0.0,0.0,0.0,0.0,0.0,0.0,1.0,0.0,0.0,0.0
0.75,training_002_7ec3e8f1af07,15,release_full,24647.50136400709,c54d34aee523940692b6bb9e5ee64d5b7d6034237e3fce4fdaf55bb5188e419b,83d60cee168aad3323599a6a547cf1911271e7a9eced853af0ae65cf8cd4d989,0.0,0.0,0.0,0.0,0.0,0.0,0.0,0.0,0.0,0.0,0.0,0.0,0.0,0.0,0.0,0.0,0.0,0.0,0.0,0.0,0.0,0.0,0.0,0.0,0.0,0.0,0.0,0.0,0.0,0.0,1.0,0.0,0.0,0.0
0.75,training_002_7ec3e8f1af07,16,release_full,24891.24192902417,b13108bdbe8485bf22eee5e1957828fea76210c72f81a87c084c545aed2f5b14,83d60cee168aad3323599a6a547cf1911271e7a9eced853af0ae65cf8cd4d989,0.0,0.0,0.0,0.0,0.0,0.0,0.0,0.0,0.0,0.0,0.0,0.0,0.0,0.0,0.0,0.0,0.0,0.0,0.0,0.0,0.0,0.0,0.0,0.0,0.0,0.0,0.0,0.0,0.0,0.0,1.0,0.0,0.0,0.0
0.75,training_002_7ec3e8f1af07,17,release_full,19217.754108617344,7b884295083cad9b8f7db875e9d73e7ed1cbe4f8a925ad2b033eb452087e04e0,83d60cee168aad3323599a6a547cf1911271e7a9eced853af0ae65cf8cd4d989,0.0,0.0,0.0,0.0,0.0,0.0,0.0,0.0,0.0,0.0,0.0,0.0,0.0,0.0,0.0,0.0,0.0,0.0,0.0,0.0,0.0,0.0,0.0,0.0,0.0,0.0,0.0,0.0,0.0,0.0,1.0,0.0,0.0,0.0
0.75,training_002_7ec3e8f1af07,18,release_full,17232.24403953675,ac3c50c31ae15c04b83cdd13cfb4abbd28c61f89e210e6f4bf14d0d852b60264,83d60cee168aad3323599a6a547cf1911271e7a9eced853af0ae65cf8cd4d989,0.0,0.0,0.0,0.0,0.0,0.0,0.0,0.0,0.0,0.0,0.0,0.0,0.0,0.0,0.0,0.0,0.0,0.0,0.0,0.0,0.0,0.0,0.0,0.0,0.0,0.0,0.0,0.0,0.0,0.0,1.0,0.0,0.0,0.0
0.75,training_002_7ec3e8f1af07,19,release_full,30432.494974821137,c3aba8735411b974a77b1388a6398bf8f5b0c8c66e7678bfdfa8ef69ed4c1ec3,83d60cee168aad3323599a6a547cf1911271e7a9eced853af0ae65cf8cd4d989,0.0,0.0,0.0,0.0,0.0,0.0,0.0,0.0,0.0,0.0,0.0,0.0,0.0,0.0,0.0,0.0,0.0,0.0,0.0,0.0,0.0,0.0,0.0,0.0,0.0,0.0,0.0,0.0,0.0,0.0,1.0,0.0,0.0,0.0
0.75,training_002_7ec3e8f1af07,20,release_full,26249.773768205992,73e5a5cf775b18f537b92a886cbe034123ede7e251b5d39726f6b15370c72d2f,83d60cee168aad3323599a6a547cf1911271e7a9eced853af0ae65cf8cd4d989,0.0,0.0,0.0,0.0,0.0,0.0,0.0,0.0,0.0,0.0,0.0,0.0,0.0,0.0,0.0,0.0,0.0,0.0,0.0,0.0,0.0,0.0,0.0,0.0,0.0,0.0,0.0,0.0,0.0,0.0,1.0,0.0,0.0,0.0
0.875,training_000_60a9d350b650,0,zero,89.50943750000002,e9e7f4753113b72de8687b2525a4c6962f33b9932142184ca5ba11cdc4aa1831,e4d879a3407de578f579dfab4366fcea75a6649c683d9efe4f056f6505437574,0.0,0.0,0.0,0.0,0.0,0.0,0.0,0.0,0.0,0.0,0.0,0.0,0.0,0.0,0.0,0.0,0.0,0.0,0.0,0.0,0.0,0.0,0.0,0.0,0.0,0.0,0.0,0.0,0.0,0.0,0.0,0.0,0.0,0.0
0.875,training_000_60a9d350b650,1,zero,89.50943750000002,858b1ce50860df7e9d695dfd5d2a5386cbe77e1840119cccee821568e60025e9,e4d879a3407de578f579dfab4366fcea75a6649c683d9efe4f056f6505437574,0.0,0.0,0.0,0.0,0.0,0.0,0.0,0.0,0.0,0.0,0.0,0.0,0.0,0.0,0.0,0.0,0.0,0.0,0.0,0.0,0.0,0.0,0.0,0.0,0.0,0.0,0.0,0.0,0.0,0.0,0.0,0.0,0.0,0.0
0.875,training_000_60a9d350b650,2,release_full,13690.20937172329,96019c1aad4419bfd83eac413dc01c92ac23f6902052a11fc131b6705a8f70f7,83d60cee168aad3323599a6a547cf1911271e7a9eced853af0ae65cf8cd4d989,0.0,0.0,0.0,0.0,0.0,0.0,0.0,0.0,0.0,0.0,0.0,0.0,0.0,0.0,0.0,0.0,0.0,0.0,0.0,0.0,0.0,0.0,0.0,0.0,0.0,0.0,0.0,0.0,0.0,0.0,1.0,0.0,0.0,0.0
0.875,training_000_60a9d350b650,3,release_full,16837.711369305645,8fba3b043cb695e81592526329fc815a63625b6a4e911065036759ec4f65445f,83d60cee168aad3323599a6a547cf1911271e7a9eced853af0ae65cf8cd4d989,0.0,0.0,0.0,0.0,0.0,0.0,0.0,0.0,0.0,0.0,0.0,0.0,0.0,0.0,0.0,0.0,0.0,0.0,0.0,0.0,0.0,0.0,0.0,0.0,0.0,0.0,0.0,0.0,0.0,0.0,1.0,0.0,0.0,0.0
0.875,training_000_60a9d350b650,4,release_full,16366.574717385667,68933c7ba0bf6403278647e802cfa3097f833e643b81b31c1cfccf4b0f73e5c9,83d60cee168aad3323599a6a547cf1911271e7a9eced853af0ae65cf8cd4d989,0.0,0.0,0.0,0.0,0.0,0.0,0.0,0.0,0.0,0.0,0.0,0.0,0.0,0.0,0.0,0.0,0.0,0.0,0.0,0.0,0.0,0.0,0.0,0.0,0.0,0.0,0.0,0.0,0.0,0.0,1.0,0.0,0.0,0.0
0.875,training_000_60a9d350b650,5,release_full,17374.005486532566,bd3f2173fc2eafd74c3c9631a8697e7d56bcfa2406809a75dcc7e544bf1c41d4,83d60cee168aad3323599a6a547cf1911271e7a9eced853af0ae65cf8cd4d989,0.0,0.0,0.0,0.0,0.0,0.0,0.0,0.0,0.0,0.0,0.0,0.0,0.0,0.0,0.0,0.0,0.0,0.0,0.0,0.0,0.0,0.0,0.0,0.0,0.0,0.0,0.0,0.0,0.0,0.0,1.0,0.0,0.0,0.0
0.875,training_000_60a9d350b650,6,release_full,18517.370084531954,c47a0081cef89162a5537581d8fddd34c37c747d7d422b162e22056aab58117d,83d60cee168aad3323599a6a547cf1911271e7a9eced853af0ae65cf8cd4d989,0.0,0.0,0.0,0.0,0.0,0.0,0.0,0.0,0.0,0.0,0.0,0.0,0.0,0.0,0.0,0.0,0.0,0.0,0.0,0.0,0.0,0.0,0.0,0.0,0.0,0.0,0.0,0.0,0.0,0.0,1.0,0.0,0.0,0.0
0.875,training_000_60a9d350b650,7,release_full,17390.165997767654,ec387d6eb2429beaa50b3163c92480d57d62bd46cd4920f256b2ece42bb5da33,83d60cee168aad3323599a6a547cf1911271e7a9eced853af0ae65cf8cd4d989,0.0,0.0,0.0,0.0,0.0,0.0,0.0,0.0,0.0,0.0,0.0,0.0,0.0,0.0,0.0,0.0,0.0,0.0,0.0,0.0,0.0,0.0,0.0,0.0,0.0,0.0,0.0,0.0,0.0,0.0,1.0,0.0,0.0,0.0
0.875,training_000_60a9d350b650,8,release_full,21256.046920702323,7122ebd166d2314f160cafe9172dbe6bf230758ed618b314c7a387fe8bde587b,83d60cee168aad3323599a6a547cf1911271e7a9eced853af0ae65cf8cd4d989,0.0,0.0,0.0,0.0,0.0,0.0,0.0,0.0,0.0,0.0,0.0,0.0,0.0,0.0,0.0,0.0,0.0,0.0,0.0,0.0,0.0,0.0,0.0,0.0,0.0,0.0,0.0,0.0,0.0,0.0,1.0,0.0,0.0,0.0
0.875,training_000_60a9d350b650,9,release_full,22438.849242116747,53ed69f9831ab71e9460cff8e046e368ec7aca91f29703bb5a5ca784d5d7824a,83d60cee168aad3323599a6a547cf1911271e7a9eced853af0ae65cf8cd4d989,0.0,0.0,0.0,0.0,0.0,0.0,0.0,0.0,0.0,0.0,0.0,0.0,0.0,0.0,0.0,0.0,0.0,0.0,0.0,0.0,0.0,0.0,0.0,0.0,0.0,0.0,0.0,0.0,0.0,0.0,1.0,0.0,0.0,0.0
0.875,training_000_60a9d350b650,10,release_full,25975.585915761687,dc4289e048cfa34a024848885e3669327f32dd31a8276d23db7adff30c84a0f5,83d60cee168aad3323599a6a547cf1911271e7a9eced853af0ae65cf8cd4d989,0.0,0.0,0.0,0.0,0.0,0.0,0.0,0.0,0.0,0.0,0.0,0.0,0.0,0.0,0.0,0.0,0.0,0.0,0.0,0.0,0.0,0.0,0.0,0.0,0.0,0.0,0.0,0.0,0.0,0.0,1.0,0.0,0.0,0.0
0.875,training_000_60a9d350b650,11,release_full,30039.68296649172,68cb204a5ae5baa941e13eb6080df8f88d40c6f4fb664a860b7de67e05dbd364,83d60cee168aad3323599a6a547cf1911271e7a9eced853af0ae65cf8cd4d989,0.0,0.0,0.0,0.0,0.0,0.0,0.0,0.0,0.0,0.0,0.0,0.0,0.0,0.0,0.0,0.0,0.0,0.0,0.0,0.0,0.0,0.0,0.0,0.0,0.0,0.0,0.0,0.0,0.0,0.0,1.0,0.0,0.0,0.0
0.875,training_000_60a9d350b650,12,release_full,26019.28212405512,85eb63fd01e4bd4355353a7c02ad692b841e2e891288f4ccdcd70bfcce281c3b,83d60cee168aad3323599a6a547cf1911271e7a9eced853af0ae65cf8cd4d989,0.0,0.0,0.0,0.0,0.0,0.0,0.0,0.0,0.0,0.0,0.0,0.0,0.0,0.0,0.0,0.0,0.0,0.0,0.0,0.0,0.0,0.0,0.0,0.0,0.0,0.0,0.0,0.0,0.0,0.0,1.0,0.0,0.0,0.0
0.875,training_000_60a9d350b650,13,release_full,23040.92101846408,6948c87130d6d94c6d03ecbf1f9c2b0e2f7831e20213a20fce25c7ff96d6e8f5,83d60cee168aad3323599a6a547cf1911271e7a9eced853af0ae65cf8cd4d989,0.0,0.0,0.0,0.0,0.0,0.0,0.0,0.0,0.0,0.0,0.0,0.0,0.0,0.0,0.0,0.0,0.0,0.0,0.0,0.0,0.0,0.0,0.0,0.0,0.0,0.0,0.0,0.0,0.0,0.0,1.0,0.0,0.0,0.0
0.875,training_000_60a9d350b650,14,release_full,22607.47231624229,7be0b99c9ee80686fed7bfb40baf85eaced40abd750a8fa353814dc256da8d35,83d60cee168aad3323599a6a547cf1911271e7a9eced853af0ae65cf8cd4d989,0.0,0.0,0.0,0.0,0.0,0.0,0.0,0.0,0.0,0.0,0.0,0.0,0.0,0.0,0.0,0.0,0.0,0.0,0.0,0.0,0.0,0.0,0.0,0.0,0.0,0.0,0.0,0.0,0.0,0.0,1.0,0.0,0.0,0.0
0.875,training_000_60a9d350b650,15,release_full,19225.352316157325,379face21c3dc5682cbe9c6eedf3de7373b75d1e94e788dac70e6e65a7a55164,83d60cee168aad3323599a6a547cf1911271e7a9eced853af0ae65cf8cd4d989,0.0,0.0,0.0,0.0,0.0,0.0,0.0,0.0,0.0,0.0,0.0,0.0,0.0,0.0,0.0,0.0,0.0,0.0,0.0,0.0,0.0,0.0,0.0,0.0,0.0,0.0,0.0,0.0,0.0,0.0,1.0,0.0,0.0,0.0
0.875,training_000_60a9d350b650,16,release_full,18907.328216893507,774205535d06612754ba94dff22a6f4ca7349b9e9c8f7e3d775b07c5ec103e87,83d60cee168aad3323599a6a547cf1911271e7a9eced853af0ae65cf8cd4d989,0.0,0.0,0.0,0.0,0.0,0.0,0.0,0.0,0.0,0.0,0.0,0.0,0.0,0.0,0.0,0.0,0.0,0.0,0.0,0.0,0.0,0.0,0.0,0.0,0.0,0.0,0.0,0.0,0.0,0.0,1.0,0.0,0.0,0.0
0.875,training_000_60a9d350b650,17,release_full,16744.230730654723,9ebd875a42bf42c9153728d304a2a9ecaa3199c3f4d8c7e08d8402fe9b290f43,83d60cee168aad3323599a6a547cf1911271e7a9eced853af0ae65cf8cd4d989,0.0,0.0,0.0,0.0,0.0,0.0,0.0,0.0,0.0,0.0,0.0,0.0,0.0,0.0,0.0,0.0,0.0,0.0,0.0,0.0,0.0,0.0,0.0,0.0,0.0,0.0,0.0,0.0,0.0,0.0,1.0,0.0,0.0,0.0
0.875,training_000_60a9d350b650,18,release_full,15001.979078104683,4c0fd07028b22eb1602aa18c7a1c7bd766c871bcd2509efc7e1355eb00ef63eb,83d60cee168aad3323599a6a547cf1911271e7a9eced853af0ae65cf8cd4d989,0.0,0.0,0.0,0.0,0.0,0.0,0.0,0.0,0.0,0.0,0.0,0.0,0.0,0.0,0.0,0.0,0.0,0.0,0.0,0.0,0.0,0.0,0.0,0.0,0.0,0.0,0.0,0.0,0.0,0.0,1.0,0.0,0.0,0.0
0.875,training_000_60a9d350b650,19,release_full,13198.608455593212,a71f77c0a7862d7c57bbb995525a84039e80027194ce850e7941a2545c957676,83d60cee168aad3323599a6a547cf1911271e7a9eced853af0ae65cf8cd4d989,0.0,0.0,0.0,0.0,0.0,0.0,0.0,0.0,0.0,0.0,0.0,0.0,0.0,0.0,0.0,0.0,0.0,0.0,0.0,0.0,0.0,0.0,0.0,0.0,0.0,0.0,0.0,0.0,0.0,0.0,1.0,0.0,0.0,0.0
0.875,training_000_60a9d350b650,20,release_full,11028.517253435388,233eb40a9e9c10817db400de2afa892d5a5f380e6eddfd35809881b123e94308,83d60cee168aad3323599a6a547cf1911271e7a9eced853af0ae65cf8cd4d989,0.0,0.0,0.0,0.0,0.0,0.0,0.0,0.0,0.0,0.0,0.0,0.0,0.0,0.0,0.0,0.0,0.0,0.0,0.0,0.0,0.0,0.0,0.0,0.0,0.0,0.0,0.0,0.0,0.0,0.0,1.0,0.0,0.0,0.0
0.875,training_001_8a16fe9edafd,0,zero,189.51887500000004,3e7e80571d94a543598ed7d084174d821f7c56ea23988016e10aa547feb4d966,e4d879a3407de578f579dfab4366fcea75a6649c683d9efe4f056f6505437574,0.0,0.0,0.0,0.0,0.0,0.0,0.0,0.0,0.0,0.0,0.0,0.0,0.0,0.0,0.0,0.0,0.0,0.0,0.0,0.0,0.0,0.0,0.0,0.0,0.0,0.0,0.0,0.0,0.0,0.0,0.0,0.0,0.0,0.0
0.875,training_001_8a16fe9edafd,1,zero,189.51887500000004,9a1ff029af34639d13f11401afc0f3b4f207e4679ee985bed3b2c8b718d8bdb6,e4d879a3407de578f579dfab4366fcea75a6649c683d9efe4f056f6505437574,0.0,0.0,0.0,0.0,0.0,0.0,0.0,0.0,0.0,0.0,0.0,0.0,0.0,0.0,0.0,0.0,0.0,0.0,0.0,0.0,0.0,0.0,0.0,0.0,0.0,0.0,0.0,0.0,0.0,0.0,0.0,0.0,0.0,0.0
0.875,training_001_8a16fe9edafd,2,zero,189.51887500000004,8ec960abde00ba9d2c73c09b26a189f6371a372eeb28837d34d4b43157160023,e4d879a3407de578f579dfab4366fcea75a6649c683d9efe4f056f6505437574,0.0,0.0,0.0,0.0,0.0,0.0,0.0,0.0,0.0,0.0,0.0,0.0,0.0,0.0,0.0,0.0,0.0,0.0,0.0,0.0,0.0,0.0,0.0,0.0,0.0,0.0,0.0,0.0,0.0,0.0,0.0,0.0,0.0,0.0
0.875,training_001_8a16fe9edafd,3,zero,189.51887500000004,6cab55e5b05526224a7fb81989addca856a9d976b52e241ca727102606713a49,e4d879a3407de578f579dfab4366fcea75a6649c683d9efe4f056f6505437574,0.0,0.0,0.0,0.0,0.0,0.0,0.0,0.0,0.0,0.0,0.0,0.0,0.0,0.0,0.0,0.0,0.0,0.0,0.0,0.0,0.0,0.0,0.0,0.0,0.0,0.0,0.0,0.0,0.0,0.0,0.0,0.0,0.0,0.0
0.875,training_001_8a16fe9edafd,4,release_full,5186.781616015516,2fd6fb78cb93b2c44f5333c2b1ede865e279ad6719c5e8b6deb3f9526802a4ef,83d60cee168aad3323599a6a547cf1911271e7a9eced853af0ae65cf8cd4d989,0.0,0.0,0.0,0.0,0.0,0.0,0.0,0.0,0.0,0.0,0.0,0.0,0.0,0.0,0.0,0.0,0.0,0.0,0.0,0.0,0.0,0.0,0.0,0.0,0.0,0.0,0.0,0.0,0.0,0.0,1.0,0.0,0.0,0.0
0.875,training_001_8a16fe9edafd,5,release_full,3689.257773023148,08ef0e6e2c617f283930873969cdad63f91268c12cd7441bdb79f6ed7e8a825c,83d60cee168aad3323599a6a547cf1911271e7a9eced853af0ae65cf8cd4d989,0.0,0.0,0.0,0.0,0.0,0.0,0.0,0.0,0.0,0.0,0.0,0.0,0.0,0.0,0.0,0.0,0.0,0.0,0.0,0.0,0.0,0.0,0.0,0.0,0.0,0.0,0.0,0.0,0.0,0.0,1.0,0.0,0.0,0.0
0.875,training_001_8a16fe9edafd,6,release_full,5027.150669204748,760146aa9aece5df41cef3b83f61dc5fea92686c7c4b0482419476af5b04acab,83d60cee168aad3323599a6a547cf1911271e7a9eced853af0ae65cf8cd4d989,0.0,0.0,0.0,0.0,0.0,0.0,0.0,0.0,0.0,0.0,0.0,0.0,0.0,0.0,0.0,0.0,0.0,0.0,0.0,0.0,0.0,0.0,0.0,0.0,0.0,0.0,0.0,0.0,0.0,0.0,1.0,0.0,0.0,0.0
0.875,training_001_8a16fe9edafd,7,release_full,5048.507548936212,0d44a8ec7b4da4e782798bba3489ea5d68d79fdfa884da22c52cfd6445472d2f,83d60cee168aad3323599a6a547cf1911271e7a9eced853af0ae65cf8cd4d989,0.0,0.0,0.0,0.0,0.0,0.0,0.0,0.0,0.0,0.0,0.0,0.0,0.0,0.0,0.0,0.0,0.0,0.0,0.0,0.0,0.0,0.0,0.0,0.0,0.0,0.0,0.0,0.0,0.0,0.0,1.0,0.0,0.0,0.0
0.875,training_001_8a16fe9edafd,8,release_full,4900.739116165345,9cf8aca40639eba83aa747cd0f799545968b8d172c0e51490480ff7627508cfc,83d60cee168aad3323599a6a547cf1911271e7a9eced853af0ae65cf8cd4d989,0.0,0.0,0.0,0.0,0.0,0.0,0.0,0.0,0.0,0.0,0.0,0.0,0.0,0.0,0.0,0.0,0.0,0.0,0.0,0.0,0.0,0.0,0.0,0.0,0.0,0.0,0.0,0.0,0.0,0.0,1.0,0.0,0.0,0.0
0.875,training_001_8a16fe9edafd,9,release_full,4721.457709113199,8bdc4c205825c48bd2731c57bac520ee43afd289c351be60d436bea9b5185806,83d60cee168aad3323599a6a547cf1911271e7a9eced853af0ae65cf8cd4d989,0.0,0.0,0.0,0.0,0.0,0.0,0.0,0.0,0.0,0.0,0.0,0.0,0.0,0.0,0.0,0.0,0.0,0.0,0.0,0.0,0.0,0.0,0.0,0.0,0.0,0.0,0.0,0.0,0.0,0.0,1.0,0.0,0.0,0.0
0.875,training_001_8a16fe9edafd,10,release_full,5551.942826904921,541768298015f686d9faf8451d92f19644bc9d6c4100c0d34f95241b5c83bd9b,83d60cee168aad3323599a6a547cf1911271e7a9eced853af0ae65cf8cd4d989,0.0,0.0,0.0,0.0,0.0,0.0,0.0,0.0,0.0,0.0,0.0,0.0,0.0,0.0,0.0,0.0,0.0,0.0,0.0,0.0,0.0,0.0,0.0,0.0,0.0,0.0,0.0,0.0,0.0,0.0,1.0,0.0,0.0,0.0
0.875,training_001_8a16fe9edafd,11,release_full,5140.6043973430005,ad93549325a227b342e11cf588783c408fd203bc87eeadf7059b0b7648ee523a,83d60cee168aad3323599a6a547cf1911271e7a9eced853af0ae65cf8cd4d989,0.0,0.0,0.0,0.0,0.0,0.0,0.0,0.0,0.0,0.0,0.0,0.0,0.0,0.0,0.0,0.0,0.0,0.0,0.0,0.0,0.0,0.0,0.0,0.0,0.0,0.0,0.0,0.0,0.0,0.0,1.0,0.0,0.0,0.0
0.875,training_001_8a16fe9edafd,12,release_full,5789.877562661827,1b038f95360df1fda3f6514984895a32f969c7338b7308056b7c558c664d58b3,83d60cee168aad3323599a6a547cf1911271e7a9eced853af0ae65cf8cd4d989,0.0,0.0,0.0,0.0,0.0,0.0,0.0,0.0,0.0,0.0,0.0,0.0,0.0,0.0,0.0,0.0,0.0,0.0,0.0,0.0,0.0,0.0,0.0,0.0,0.0,0.0,0.0,0.0,0.0,0.0,1.0,0.0,0.0,0.0
0.875,training_001_8a16fe9edafd,13,release_full,5731.255278572781,5e039de4f7e3336e945c3bd329cf3fb99d79936218d9645f8674504e196d3afa,83d60cee168aad3323599a6a547cf1911271e7a9eced853af0ae65cf8cd4d989,0.0,0.0,0.0,0.0,0.0,0.0,0.0,0.0,0.0,0.0,0.0,0.0,0.0,0.0,0.0,0.0,0.0,0.0,0.0,0.0,0.0,0.0,0.0,0.0,0.0,0.0,0.0,0.0,0.0,0.0,1.0,0.0,0.0,0.0
0.875,training_001_8a16fe9edafd,14,release_full,5400.801264308771,a41f18873318f225be941d134da01ca530fe7e8a740eb741742e411a33c17ae5,83d60cee168aad3323599a6a547cf1911271e7a9eced853af0ae65cf8cd4d989,0.0,0.0,0.0,0.0,0.0,0.0,0.0,0.0,0.0,0.0,0.0,0.0,0.0,0.0,0.0,0.0,0.0,0.0,0.0,0.0,0.0,0.0,0.0,0.0,0.0,0.0,0.0,0.0,0.0,0.0,1.0,0.0,0.0,0.0
0.875,training_001_8a16fe9edafd,15,release_full,5769.123632355313,aa2cd1077a89603f5402446963108bdb24c6a90d3079c57c2598252972bd121f,83d60cee168aad3323599a6a547cf1911271e7a9eced853af0ae65cf8cd4d989,0.0,0.0,0.0,0.0,0.0,0.0,0.0,0.0,0.0,0.0,0.0,0.0,0.0,0.0,0.0,0.0,0.0,0.0,0.0,0.0,0.0,0.0,0.0,0.0,0.0,0.0,0.0,0.0,0.0,0.0,1.0,0.0,0.0,0.0
0.875,training_001_8a16fe9edafd,16,release_full,5792.96118342772,e82c7bd8dd57ac5bbafe0c08097e025a0cbb07188625a5f47a382f224fa292cc,83d60cee168aad3323599a6a547cf1911271e7a9eced853af0ae65cf8cd4d989,0.0,0.0,0.0,0.0,0.0,0.0,0.0,0.0,0.0,0.0,0.0,0.0,0.0,0.0,0.0,0.0,0.0,0.0,0.0,0.0,0.0,0.0,0.0,0.0,0.0,0.0,0.0,0.0,0.0,0.0,1.0,0.0,0.0,0.0
0.875,training_001_8a16fe9edafd,17,release_full,6076.029487074777,87f8c27669b09a8fb9bcdfc7191fd88317fb30c2abe116f8d08c2e2d9ca2e0fc,83d60cee168aad3323599a6a547cf1911271e7a9eced853af0ae65cf8cd4d989,0.0,0.0,0.0,0.0,0.0,0.0,0.0,0.0,0.0,0.0,0.0,0.0,0.0,0.0,0.0,0.0,0.0,0.0,0.0,0.0,0.0,0.0,0.0,0.0,0.0,0.0,0.0,0.0,0.0,0.0,1.0,0.0,0.0,0.0
0.875,training_001_8a16fe9edafd,18,release_full,7075.253117974459,7c2a66542222b0b806bc016c6760642af0f0d550c49e2617607a253c73929810,83d60cee168aad3323599a6a547cf1911271e7a9eced853af0ae65cf8cd4d989,0.0,0.0,0.0,0.0,0.0,0.0,0.0,0.0,0.0,0.0,0.0,0.0,0.0,0.0,0.0,0.0,0.0,0.0,0.0,0.0,0.0,0.0,0.0,0.0,0.0,0.0,0.0,0.0,0.0,0.0,1.0,0.0,0.0,0.0
0.875,training_001_8a16fe9edafd,19,release_full,4884.958994240804,491e8ad394ca426f69aee02dc430d1410f95ffbb745b6ce326c0d78ed3093e00,83d60cee168aad3323599a6a547cf1911271e7a9eced853af0ae65cf8cd4d989,0.0,0.0,0.0,0.0,0.0,0.0,0.0,0.0,0.0,0.0,0.0,0.0,0.0,0.0,0.0,0.0,0.0,0.0,0.0,0.0,0.0,0.0,0.0,0.0,0.0,0.0,0.0,0.0,0.0,0.0,1.0,0.0,0.0,0.0
0.875,training_001_8a16fe9edafd,20,release_full,3512.8072879784145,db63d491cefdbd3d99efd155c634f002c96f5cc5709256b46b47739de13307e4,83d60cee168aad3323599a6a547cf1911271e7a9eced853af0ae65cf8cd4d989,0.0,0.0,0.0,0.0,0.0,0.0,0.0,0.0,0.0,0.0,0.0,0.0,0.0,0.0,0.0,0.0,0.0,0.0,0.0,0.0,0.0,0.0,0.0,0.0,0.0,0.0,0.0,0.0,0.0,0.0,1.0,0.0,0.0,0.0
0.875,training_002_7ec3e8f1af07,0,zero,289.5283125,5bac43878fde5e28d8516ea4406041f4dbad080df822ad64bf897a6c8842911c,e4d879a3407de578f579dfab4366fcea75a6649c683d9efe4f056f6505437574,0.0,0.0,0.0,0.0,0.0,0.0,0.0,0.0,0.0,0.0,0.0,0.0,0.0,0.0,0.0,0.0,0.0,0.0,0.0,0.0,0.0,0.0,0.0,0.0,0.0,0.0,0.0,0.0,0.0,0.0,0.0,0.0,0.0,0.0
0.875,training_002_7ec3e8f1af07,1,zero,289.5283125,85fcb8d67d304669250f36e2b67677012b5ae7a73da55c984ada024aa20d9d1a,e4d879a3407de578f579dfab4366fcea75a6649c683d9efe4f056f6505437574,0.0,0.0,0.0,0.0,0.0,0.0,0.0,0.0,0.0,0.0,0.0,0.0,0.0,0.0,0.0,0.0,0.0,0.0,0.0,0.0,0.0,0.0,0.0,0.0,0.0,0.0,0.0,0.0,0.0,0.0,0.0,0.0,0.0,0.0
0.875,training_002_7ec3e8f1af07,2,zero,289.5283125,273dfdcf9228401f9cbb7752aa8bb7dd500672482994bd35e252269c4099a384,e4d879a3407de578f579dfab4366fcea75a6649c683d9efe4f056f6505437574,0.0,0.0,0.0,0.0,0.0,0.0,0.0,0.0,0.0,0.0,0.0,0.0,0.0,0.0,0.0,0.0,0.0,0.0,0.0,0.0,0.0,0.0,0.0,0.0,0.0,0.0,0.0,0.0,0.0,0.0,0.0,0.0,0.0,0.0
0.875,training_002_7ec3e8f1af07,3,zero,289.5283125,7b797ca0d03141587cfc2670ccda3f42e5ef1c8b8cd99a93d9bf2cb6dce31550,e4d879a3407de578f579dfab4366fcea75a6649c683d9efe4f056f6505437574,0.0,0.0,0.0,0.0,0.0,0.0,0.0,0.0,0.0,0.0,0.0,0.0,0.0,0.0,0.0,0.0,0.0,0.0,0.0,0.0,0.0,0.0,0.0,0.0,0.0,0.0,0.0,0.0,0.0,0.0,0.0,0.0,0.0,0.0
0.875,training_002_7ec3e8f1af07,4,zero,289.5283125,a21d1540bac52636b953ca59f218e397a181116ee1e67c7775fac694f49bf956,e4d879a3407de578f579dfab4366fcea75a6649c683d9efe4f056f6505437574,0.0,0.0,0.0,0.0,0.0,0.0,0.0,0.0,0.0,0.0,0.0,0.0,0.0,0.0,0.0,0.0,0.0,0.0,0.0,0.0,0.0,0.0,0.0,0.0,0.0,0.0,0.0,0.0,0.0,0.0,0.0,0.0,0.0,0.0
0.875,training_002_7ec3e8f1af07,5,zero,289.5283125,aa1ec7620f3668676a2f4d1f9dfa89ab9fe4bc50dfca2e9cdb9816b4839daa9d,e4d879a3407de578f579dfab4366fcea75a6649c683d9efe4f056f6505437574,0.0,0.0,0.0,0.0,0.0,0.0,0.0,0.0,0.0,0.0,0.0,0.0,0.0,0.0,0.0,0.0,0.0,0.0,0.0,0.0,0.0,0.0,0.0,0.0,0.0,0.0,0.0,0.0,0.0,0.0,0.0,0.0,0.0,0.0
0.875,training_002_7ec3e8f1af07,6,release_full,14351.783545200724,ff304a15236c36c522138e922eb77f94444a4939b4b25f038fb2d580126b8b05,83d60cee168aad3323599a6a547cf1911271e7a9eced853af0ae65cf8cd4d989,0.0,0.0,0.0,0.0,0.0,0.0,0.0,0.0,0.0,0.0,0.0,0.0,0.0,0.0,0.0,0.0,0.0,0.0,0.0,0.0,0.0,0.0,0.0,0.0,0.0,0.0,0.0,0.0,0.0,0.0,1.0,0.0,0.0,0.0
0.875,training_002_7ec3e8f1af07,7,release_full,18060.65918639493,fd79797399890100b5d7332c79814d2840248afb72dc6edbbb99a0bbacd9aeef,83d60cee168aad3323599a6a547cf1911271e7a9eced853af0ae65cf8cd4d989,0.0,0.0,0.0,0.0,0.0,0.0,0.0,0.0,0.0,0.0,0.0,0.0,0.0,0.0,0.0,0.0,0.0,0.0,0.0,0.0,0.0,0.0,0.0,0.0,0.0,0.0,0.0,0.0,0.0,0.0,1.0,0.0,0.0,0.0
0.875,training_002_7ec3e8f1af07,8,release_full,18856.06493855317,403ba053b3c85852634f39652779f62c2a28c639f2daffe76269efc1a869fd63,83d60cee168aad3323599a6a547cf1911271e7a9eced853af0ae65cf8cd4d989,0.0,0.0,0.0,0.0,0.0,0.0,0.0,0.0,0.0,0.0,0.0,0.0,0.0,0.0,0.0,0.0,0.0,0.0,0.0,0.0,0.0,0.0,0.0,0.0,0.0,0.0,0.0,0.0,0.0,0.0,1.0,0.0,0.0,0.0
0.875,training_002_7ec3e8f1af07,9,release_full,17817.87170037926,a3393aad293c5da01e29c0ad4657d786019e9a7ed25a2e059f7954cd5f2827ba,83d60cee168aad3323599a6a547cf1911271e7a9eced853af0ae65cf8cd4d989,0.0,0.0,0.0,0.0,0.0,0.0,0.0,0.0,0.0,0.0,0.0,0.0,0.0,0.0,0.0,0.0,0.0,0.0,0.0,0.0,0.0,0.0,0.0,0.0,0.0,0.0,0.0,0.0,0.0,0.0,1.0,0.0,0.0,0.0
0.875,training_002_7ec3e8f1af07,10,release_full,19767.46316293921,44c56ee06e04f889e0f68091c2b072ccb82947ce64b970612106d85fe69b3a06,83d60cee168aad3323599a6a547cf1911271e7a9eced853af0ae65cf8cd4d989,0.0,0.0,0.0,0.0,0.0,0.0,0.0,0.0,0.0,0.0,0.0,0.0,0.0,0.0,0.0,0.0,0.0,0.0,0.0,0.0,0.0,0.0,0.0,0.0,0.0,0.0,0.0,0.0,0.0,0.0,1.0,0.0,0.0,0.0
0.875,training_002_7ec3e8f1af07,11,release_full,19298.351702632088,c4f79d30367ac8cfb972cfa508a9dd6484b8c5ee793074ba73274ca581cf9a58,83d60cee168aad3323599a6a547cf1911271e7a9eced853af0ae65cf8cd4d989,0.0,0.0,0.0,0.0,0.0,0.0,0.0,0.0,0.0,0.0,0.0,0.0,0.0,0.0,0.0,0.0,0.0,0.0,0.0,0.0,0.0,0.0,0.0,0.0,0.0,0.0,0.0,0.0,0.0,0.0,1.0,0.0,0.0,0.0
0.875,training_002_7ec3e8f1af07,12,release_full,19469.60586605104,dcded6b41be78e708812822f517af96b2c4bf508b6429eee7a82ac1f439177d8,83d60cee168aad3323599a6a547cf1911271e7a9eced853af0ae65cf8cd4d989,0.0,0.0,0.0,0.0,0.0,0.0,0.0,0.0,0.0,0.0,0.0,0.0,0.0,0.0,0.0,0.0,0.0,0.0,0.0,0.0,0.0,0.0,0.0,0.0,0.0,0.0,0.0,0.0,0.0,0.0,1.0,0.0,0.0,0.0
0.875,training_002_7ec3e8f1af07,13,release_full,19837.166862512186,eabf65e92d9cd6e34221804bde925b9ed42c004a5ac8ec71cf8a71a3386357b2,83d60cee168aad3323599a6a547cf1911271e7a9eced853af0ae65cf8cd4d989,0.0,0.0,0.0,0.0,0.0,0.0,0.0,0.0,0.0,0.0,0.0,0.0,0.0,0.0,0.0,0.0,0.0,0.0,0.0,0.0,0.0,0.0,0.0,0.0,0.0,0.0,0.0,0.0,0.0,0.0,1.0,0.0,0.0,0.0
0.875,training_002_7ec3e8f1af07,14,release_full,28135.16971097212,1b983175bb23690095155a2a33aa618695246781a8dc5381586d9e6f251fa63d,83d60cee168aad3323599a6a547cf1911271e7a9eced853af0ae65cf8cd4d989,0.0,0.0,0.0,0.0,0.0,0.0,0.0,0.0,0.0,0.0,0.0,0.0,0.0,0.0,0.0,0.0,0.0,0.0,0.0,0.0,0.0,0.0,0.0,0.0,0.0,0.0,0.0,0.0,0.0,0.0,1.0,0.0,0.0,0.0
0.875,training_002_7ec3e8f1af07,15,release_full,24443.370490493253,031a03e7bb80634b2adb3d6e8eb415ec45032fdf3e770fb11c2599d343e76f8a,83d60cee168aad3323599a6a547cf1911271e7a9eced853af0ae65cf8cd4d989,0.0,0.0,0.0,0.0,0.0,0.0,0.0,0.0,0.0,0.0,0.0,0.0,0.0,0.0,0.0,0.0,0.0,0.0,0.0,0.0,0.0,0.0,0.0,0.0,0.0,0.0,0.0,0.0,0.0,0.0,1.0,0.0,0.0,0.0
0.875,training_002_7ec3e8f1af07,16,release_full,24854.767254582373,11cd5adbacc633677723908ca31353d6c4d0c64cb86d90e460c1a2bd764aa28c,83d60cee168aad3323599a6a547cf1911271e7a9eced853af0ae65cf8cd4d989,0.0,0.0,0.0,0.0,0.0,0.0,0.0,0.0,0.0,0.0,0.0,0.0,0.0,0.0,0.0,0.0,0.0,0.0,0.0,0.0,0.0,0.0,0.0,0.0,0.0,0.0,0.0,0.0,0.0,0.0,1.0,0.0,0.0,0.0
0.875,training_002_7ec3e8f1af07,17,release_full,19521.591611636664,f997be6285d087185f8e2d1a06cb9b83d9f9c9ddba30a393af9e4c9e1f5a7677,83d60cee168aad3323599a6a547cf1911271e7a9eced853af0ae65cf8cd4d989,0.0,0.0,0.0,0.0,0.0,0.0,0.0,0.0,0.0,0.0,0.0,0.0,0.0,0.0,0.0,0.0,0.0,0.0,0.0,0.0,0.0,0.0,0.0,0.0,0.0,0.0,0.0,0.0,0.0,0.0,1.0,0.0,0.0,0.0
0.875,training_002_7ec3e8f1af07,18,release_full,17796.585132596232,2df4d9adfc73ac30d4135d1d665029651eeaf3741dabb777dba1323436fd1909,83d60cee168aad3323599a6a547cf1911271e7a9eced853af0ae65cf8cd4d989,0.0,0.0,0.0,0.0,0.0,0.0,0.0,0.0,0.0,0.0,0.0,0.0,0.0,0.0,0.0,0.0,0.0,0.0,0.0,0.0,0.0,0.0,0.0,0.0,0.0,0.0,0.0,0.0,0.0,0.0,1.0,0.0,0.0,0.0
0.875,training_002_7ec3e8f1af07,19,release_full,30913.407528707477,3e0ca9632bb8bc9797a308acfbadb46f7ea33cdb2935005bef820fccc76dee8d,83d60cee168aad3323599a6a547cf1911271e7a9eced853af0ae65cf8cd4d989,0.0,0.0,0.0,0.0,0.0,0.0,0.0,0.0,0.0,0.0,0.0,0.0,0.0,0.0,0.0,0.0,0.0,0.0,0.0,0.0,0.0,0.0,0.0,0.0,0.0,0.0,0.0,0.0,0.0,0.0,1.0,0.0,0.0,0.0
0.875,training_002_7ec3e8f1af07,20,release_full,27023.43689787135,4904c05b6feae7abbd39762827e6e2e60dccccd20135bb13c57675244cd1fdd9,83d60cee168aad3323599a6a547cf1911271e7a9eced853af0ae65cf8cd4d989,0.0,0.0,0.0,0.0,0.0,0.0,0.0,0.0,0.0,0.0,0.0,0.0,0.0,0.0,0.0,0.0,0.0,0.0,0.0,0.0,0.0,0.0,0.0,0.0,0.0,0.0,0.0,0.0,0.0,0.0,1.0,0.0,0.0,0.0
1.0,training_000_60a9d350b650,0,zero,89.50943750000002,e9e7f4753113b72de8687b2525a4c6962f33b9932142184ca5ba11cdc4aa1831,e4d879a3407de578f579dfab4366fcea75a6649c683d9efe4f056f6505437574,0.0,0.0,0.0,0.0,0.0,0.0,0.0,0.0,0.0,0.0,0.0,0.0,0.0,0.0,0.0,0.0,0.0,0.0,0.0,0.0,0.0,0.0,0.0,0.0,0.0,0.0,0.0,0.0,0.0,0.0,0.0,0.0,0.0,0.0
1.0,training_000_60a9d350b650,1,zero,89.50943750000002,858b1ce50860df7e9d695dfd5d2a5386cbe77e1840119cccee821568e60025e9,e4d879a3407de578f579dfab4366fcea75a6649c683d9efe4f056f6505437574,0.0,0.0,0.0,0.0,0.0,0.0,0.0,0.0,0.0,0.0,0.0,0.0,0.0,0.0,0.0,0.0,0.0,0.0,0.0,0.0,0.0,0.0,0.0,0.0,0.0,0.0,0.0,0.0,0.0,0.0,0.0,0.0,0.0,0.0
1.0,training_000_60a9d350b650,2,zero,13123.435699885462,28c672d127dbc91e3c240c155c97a89c5d5315a9ec0c1ff53addf9eadfeb5967,e4d879a3407de578f579dfab4366fcea75a6649c683d9efe4f056f6505437574,0.0,0.0,0.0,0.0,0.0,0.0,0.0,0.0,0.0,0.0,0.0,0.0,0.0,0.0,0.0,0.0,0.0,0.0,0.0,0.0,0.0,0.0,0.0,0.0,0.0,0.0,0.0,0.0,0.0,0.0,0.0,0.0,0.0,0.0
1.0,training_000_60a9d350b650,3,direct_full,16038.57281491264,5d8d62bc1e6fe6ecf2ab8faf6f970c1bf1cf102ad6ed15ebbf0e9f79cc42d76f,7ad76ab2616b0c157b2d2a4486c18f31f17fdfdd4add64f6aa7fe685a84eeeaa,0.0,0.0,0.0,6.520408307987729e-20,0.0,0.0,5.532596145367154e-20,0.0,9.608999983512467e-21,0.0,0.9918666217432334,0.8329829186801381,0.6203620825413844,0.445211622962805,0.9918666217432348,0.8329829186801357,0.6203620825413846,0.9918666217373854,0.8329829186801344,0.6203620825413838,0.0,0.0,0.0,0.0,0.0,0.0,0.0,0.0,0.0,0.0,0.0,0.0,0.0,0.0
1.0,training_000_60a9d350b650,4,direct_full,15073.21023204406,272aebd5acfe7a1e3489030bf42a84797569d453531e86929cfc7ccafaef74de,7ad76ab2616b0c157b2d2a4486c18f31f17fdfdd4add64f6aa7fe685a84eeeaa,0.0,0.0,0.0,6.520408307987729e-20,0.0,0.0,5.532596145367154e-20,0.0,9.608999983512467e-21,0.0,0.9918666217432334,0.8329829186801381,0.6203620825413844,0.445211622962805,0.9918666217432348,0.8329829186801357,0.6203620825413846,0.9918666217373854,0.8329829186801344,0.6203620825413838,0.0,0.0,0.0,0.0,0.0,0.0,0.0,0.0,0.0,0.0,0.0,0.0,0.0,0.0
1.0,training_000_60a9d350b650,5,direct_full,15472.049094342272,201dc56d32d307b90a81d02782058163239aea00fd1d67603a76823e0821f60e,7ad76ab2616b0c157b2d2a4486c18f31f17fdfdd4add64f6aa7fe685a84eeeaa,0.0,0.0,0.0,6.520408307987729e-20,0.0,0.0,5.532596145367154e-20,0.0,9.608999983512467e-21,0.0,0.9918666217432334,0.8329829186801381,0.6203620825413844,0.445211622962805,0.9918666217432348,0.8329829186801357,0.6203620825413846,0.9918666217373854,0.8329829186801344,0.6203620825413838,0.0,0.0,0.0,0.0,0.0,0.0,0.0,0.0,0.0,0.0,0.0,0.0,0.0,0.0
1.0,training_000_60a9d350b650,6,direct_full,15928.462480712638,d1d4c0dc75b0757aede65596ba986b5354c257ae7010da0a1326652fb85ecd48,7ad76ab2616b0c157b2d2a4486c18f31f17fdfdd4add64f6aa7fe685a84eeeaa,0.0,0.0,0.0,6.520408307987729e-20,0.0,0.0,5.532596145367154e-20,0.0,9.608999983512467e-21,0.0,0.9918666217432334,0.8329829186801381,0.6203620825413844,0.445211622962805,0.9918666217432348,0.8329829186801357,0.6203620825413846,0.9918666217373854,0.8329829186801344,0.6203620825413838,0.0,0.0,0.0,0.0,0.0,0.0,0.0,0.0,0.0,0.0,0.0,0.0,0.0,0.0
1.0,training_000_60a9d350b650,7,direct_full,14374.914495644409,b243ca91d46b449e46c3add57dd52d5fee9d4abb676e0e44d772cc226fe037e8,7ad76ab2616b0c157b2d2a4486c18f31f17fdfdd4add64f6aa7fe685a84eeeaa,0.0,0.0,0.0,6.520408307987729e-20,0.0,0.0,5.532596145367154e-20,0.0,9.608999983512467e-21,0.0,0.9918666217432334,0.8329829186801381,0.6203620825413844,0.445211622962805,0.9918666217432348,0.8329829186801357,0.6203620825413846,0.9918666217373854,0.8329829186801344,0.6203620825413838,0.0,0.0,0.0,0.0,0.0,0.0,0.0,0.0,0.0,0.0,0.0,0.0,0.0,0.0
1.0,training_000_60a9d350b650,8,direct_full,17583.34295979119,9677f6f4fb860a9d9f25a3bd33c9f4f131ec934068db0c1347c1fb3e6f3c3b48,7ad76ab2616b0c157b2d2a4486c18f31f17fdfdd4add64f6aa7fe685a84eeeaa,0.0,0.0,0.0,6.520408307987729e-20,0.0,0.0,5.532596145367154e-20,0.0,9.608999983512467e-21,0.0,0.9918666217432334,0.8329829186801381,0.6203620825413844,0.445211622962805,0.9918666217432348,0.8329829186801357,0.6203620825413846,0.9918666217373854,0.8329829186801344,0.6203620825413838,0.0,0.0,0.0,0.0,0.0,0.0,0.0,0.0,0.0,0.0,0.0,0.0,0.0,0.0
1.0,training_000_60a9d350b650,9,direct_full,18384.81335263826,563b41d8f31d071b19a18ac08104ae056eb62452e328b5581b516b6bb1851ba2,7ad76ab2616b0c157b2d2a4486c18f31f17fdfdd4add64f6aa7fe685a84eeeaa,0.0,0.0,0.0,6.520408307987729e-20,0.0,0.0,5.532596145367154e-20,0.0,9.608999983512467e-21,0.0,0.9918666217432334,0.8329829186801381,0.6203620825413844,0.445211622962805,0.9918666217432348,0.8329829186801357,0.6203620825413846,0.9918666217373854,0.8329829186801344,0.6203620825413838,0.0,0.0,0.0,0.0,0.0,0.0,0.0,0.0,0.0,0.0,0.0,0.0,0.0,0.0
1.0,training_000_60a9d350b650,10,direct_full,21408.28688098028,eaf247b4e7bfd0600b9f89eed20e4b006123ded20cbbfe6ca023e240fc7a483f,7ad76ab2616b0c157b2d2a4486c18f31f17fdfdd4add64f6aa7fe685a84eeeaa,0.0,0.0,0.0,6.520408307987729e-20,0.0,0.0,5.532596145367154e-20,0.0,9.608999983512467e-21,0.0,0.9918666217432334,0.8329829186801381,0.6203620825413844,0.445211622962805,0.9918666217432348,0.8329829186801357,0.6203620825413846,0.9918666217373854,0.8329829186801344,0.6203620825413838,0.0,0.0,0.0,0.0,0.0,0.0,0.0,0.0,0.0,0.0,0.0,0.0,0.0,0.0
1.0,training_000_60a9d350b650,11,direct_full,25100.763519528853,a6782149654a675837357bd222f3df1e62bbaf1a8def0000bdcda40d60d344eb,6be6b9d10a44b52706462ffb036bc6e840b7253b5978802f9005319d67deabb4,0.0,1.0363831869727202e-19,0.0,8.119335867285083e-20,3.337062802965392e-17,7.727328444054095e-20,0.0,0.0,0.0,4.651857205725948e-21,0.9918666217432648,0.8329829186801367,0.6203620825413841,0.445211622962805,0.9918666217431824,0.8329829186801383,0.620362082541384,0.9918666217374064,0.8329829186801335,0.6203620825413848,0.0,0.0,0.0,0.0,0.0,0.0,2.903634297993529e-20,0.0,0.0,0.0,0.0,0.0,0.0,0.0
1.0,training_000_60a9d350b650,12,direct_full,20862.98173175125,2035d2bc93833d39fea1979c7265e85d293c3f03d134e52e0142365ebce34385,044229461ffd708bceb1faf983243dc29c727c5bca994384281eebbb3475612a,0.0,0.0,9.263834231333883e-21,5.619621708330095e-20,1.1258870654365013e-17,5.78039691793306e-19,1.9687708196579442e-19,8.018505403552085e-18,0.0,0.0,0.9918666217432616,0.832982918680138,0.6203620825413843,0.4452116229628049,0.9918666217432114,0.8329829186801359,0.6203620825413844,0.9918666217373808,0.8329829186801344,0.6203620825413844,0.0,0.0,0.0,0.0,0.0,0.0,8.161557992740781e-20,0.0,1.921799996702493e-20,0.0,0.0,0.0,0.0,0.0
1.0,training_000_60a9d350b650,13,direct_full,17827.07183990724,4625cfd5c54d3dbccb4eb70f567a31225f5e276bc0b3df693aacf357465b4e7b,cc3269e36d317a5d2102ffd9a49c9e59cd3ed8bc58a6e137bf9eb3699c1ac767,0.0,7.652765533887875e-20,0.0,7.800129353205743e-20,0.0,2.1630818084930972e-20,0.0,0.0,3.383834332048841e-21,0.0,0.9918666217432444,0.8329829186801375,0.620362082541384,0.4452116229628051,0.991866621743195,0.8329829186801373,0.6203620825413845,0.9918666217374144,0.8329829186801337,0.6203620825413843,0.0,0.0,0.0,0.0,0.0,0.0,0.0,0.0,0.0,0.0,0.0,0.0,0.0,0.0
1.0,training_000_60a9d350b650,14,direct_full,17138.407282372384,6b7a30bb2e074382be3a8b89615c96dd36ef4aff3ed756744d7a9dc231df757b,ba621390a7eb22ef7d4e0a42338dbb81d5c18808bcf7f37a0ef9d7ba81cd90cc,0.0,6.992826551556091e-21,2.791114323435728e-20,0.0,9.982279478037334e-19,0.0,0.0,0.0,0.0,6.2024762743007364e-21,0.9918666217432444,0.8329829186801374,0.6203620825413841,0.4452116229628048,0.991866621743195,0.8329829186801373,0.6203620825413845,0.991866621737414,0.8329829186801337,0.6203620825413843,0.0,0.0,0.0,0.0,0.0,0.0,2.1572969418893558e-21,0.0,1.921799996702493e-20,0.0,0.0,0.0,0.0,0.0
1.0,training_000_60a9d350b650,15,direct_full,13711.689406926216,bdb950cae2f97d06aa4c8f854e80102365e65891a1e02fb434b2430222f240cb,3eba3706a8250bb2daad1dc42def7d416d1780fd47918230e5f08c364e92205f,0.0,0.0,9.481588725794196e-20,3.651433910452995e-20,0.0,0.0,0.0,0.0,0.0,4.968575075084921e-19,0.9918666217432608,0.8329829186801367,0.6203620825413844,0.4452116229628047,0.9918666217432102,0.8329829186801369,0.6203620825413848,0.991866621737383,0.8329829186801349,0.6203620825413844,0.0,0.0,0.0,0.0,0.0,0.0,0.0,0.0,0.0,0.0,0.0,0.0,0.0,0.0
1.0,training_000_60a9d350b650,16,direct_full,13164.213579745658,30850244a2732511b8ca34f346037730f2e34f1a1d1414183756b19d5552000d,f0705898332df9483d47ff4024e00362c120b211c2a52f3005425043e6cacf16,0.0,1.2741010239707618e-19,0.0,7.573339733233453e-20,0.0,0.0,0.0,0.0,0.0,6.891648257596236e-20,0.9918666217432508,0.832982918680138,0.6203620825413839,0.4452116229628052,0.9918666217432,0.8329829186801356,0.6203620825413843,0.9918666217374028,0.8329829186801347,0.6203620825413847,0.0,0.0,0.0,2.832804544953276e-20,0.0,0.0,1.0672556179041036e-20,0.0,0.0,0.0,0.0,0.0,0.0,0.0
1.0,training_000_60a9d350b650,17,direct_full,10958.638374394117,253a741cf41cb313b3ca997e5d14956e741a692ef78a06671c881ac567bbe978,71550c967add7981c9d22cea0812d666e4520b7d81dee07620309423f4e27fd1,0.0,0.0,1.5566011399521454e-20,6.472576376540082e-20,1.2781986742779288e-17,6.132860144636565e-19,4.358864372279999e-19,0.0,1.4841664102179902e-20,0.0,0.991866621743251,0.832982918680138,0.6203620825413839,0.4452116229628049,0.9918666217432,0.832982918680136,0.6203620825413844,0.9918666217374028,0.8329829186801344,0.6203620825413847,0.0,0.0,0.0,0.0,0.0,0.0,0.0,0.0,0.0,0.0,0.0,0.0,0.0,0.0
1.0,training_000_60a9d350b650,18,direct_full,9080.357050869488,5be5e1727f3743709f9fafb021ded89e598af65767aa09c425c078a8dda46791,a0c6181e812c95b80f02eb5b9aefbe1ba3baffa051921210a7d4c4f0258777ef,2.533724577135421e-18,0.0,1.7421398954605371e-19,7.272040752989789e-20,5.1957101542653004e-18,0.0,1.359146357286383e-20,2.6421668538692724e-18,1.8995821656780632e-18,7.477802622916699e-20,0.991866621743251,0.832982918680138,0.620362082541384,0.445211622962805,0.9918666217432,0.8329829186801357,0.6203620825413845,0.9918666217374028,0.8329829186801347,0.6203620825413849,0.0,0.0,0.0,1.877259669963515e-20,0.0,0.0,4.9761989437924765e-20,0.0,3.8435999934049873e-20,0.0,0.0,5.30599727591537e-18,1.9775002998686024e-18,2.2038241575419303e-18
1.0,training_000_60a9d350b650,19,direct_full,7478.472302127913,a43d256d965276073884509bc3b6fbee579ec5bbabdb14ee597a3c4deecd295d,1e06c1062086630dd06628a028f6c1dd0ab7e9fe7aea59842722d92794b1f585,0.0,1.2446175159750078e-19,0.0,8.035428616107028e-20,2.0189090787284476e-17,4.1308888991175096e-19,2.627281480708836e-19,4.414804258252882e-18,0.0,0.0,0.9918666217432512,0.8329829186801379,0.620362082541384,0.4452116229628048,0.9918666217432004,0.8329829186801356,0.6203620825413844,0.9918666217374024,0.8329829186801347,0.6203620825413849,0.0,5.722181866743037e-21,0.0,0.0,2.8991344312921734e-21,4.669117430928069e-21,1.2092035396627269e-21,0.0,0.0,4.651857205725948e-21,0.0,0.0,0.0,0.0
1.0,training_000_60a9d350b650,20,zero,6108.032480045416,711965d75917e817fefc7940c0c6b4ade0043cead5d413e9c6044404ca9d0e76,e4d879a3407de578f579dfab4366fcea75a6649c683d9efe4f056f6505437574,0.0,0.0,0.0,0.0,0.0,0.0,0.0,0.0,0.0,0.0,0.0,0.0,0.0,0.0,0.0,0.0,0.0,0.0,0.0,0.0,0.0,0.0,0.0,0.0,0.0,0.0,0.0,0.0,0.0,0.0,0.0,0.0,0.0,0.0
1.0,training_001_8a16fe9edafd,0,zero,189.51887500000004,3e7e80571d94a543598ed7d084174d821f7c56ea23988016e10aa547feb4d966,e4d879a3407de578f579dfab4366fcea75a6649c683d9efe4f056f6505437574,0.0,0.0,0.0,0.0,0.0,0.0,0.0,0.0,0.0,0.0,0.0,0.0,0.0,0.0,0.0,0.0,0.0,0.0,0.0,0.0,0.0,0.0,0.0,0.0,0.0,0.0,0.0,0.0,0.0,0.0,0.0,0.0,0.0,0.0
1.0,training_001_8a16fe9edafd,1,zero,189.51887500000004,9a1ff029af34639d13f11401afc0f3b4f207e4679ee985bed3b2c8b718d8bdb6,e4d879a3407de578f579dfab4366fcea75a6649c683d9efe4f056f6505437574,0.0,0.0,0.0,0.0,0.0,0.0,0.0,0.0,0.0,0.0,0.0,0.0,0.0,0.0,0.0,0.0,0.0,0.0,0.0,0.0,0.0,0.0,0.0,0.0,0.0,0.0,0.0,0.0,0.0,0.0,0.0,0.0,0.0,0.0
1.0,training_001_8a16fe9edafd,2,zero,189.51887500000004,8ec960abde00ba9d2c73c09b26a189f6371a372eeb28837d34d4b43157160023,e4d879a3407de578f579dfab4366fcea75a6649c683d9efe4f056f6505437574,0.0,0.0,0.0,0.0,0.0,0.0,0.0,0.0,0.0,0.0,0.0,0.0,0.0,0.0,0.0,0.0,0.0,0.0,0.0,0.0,0.0,0.0,0.0,0.0,0.0,0.0,0.0,0.0,0.0,0.0,0.0,0.0,0.0,0.0
1.0,training_001_8a16fe9edafd,3,zero,189.51887500000004,6cab55e5b05526224a7fb81989addca856a9d976b52e241ca727102606713a49,e4d879a3407de578f579dfab4366fcea75a6649c683d9efe4f056f6505437574,0.0,0.0,0.0,0.0,0.0,0.0,0.0,0.0,0.0,0.0,0.0,0.0,0.0,0.0,0.0,0.0,0.0,0.0,0.0,0.0,0.0,0.0,0.0,0.0,0.0,0.0,0.0,0.0,0.0,0.0,0.0,0.0,0.0,0.0
1.0,training_001_8a16fe9edafd,4,zero,4829.03242448618,52a571917f6bee299639dfb0d6a39a804eb4e5c3fbd48a0f5300f8d24a76690e,e4d879a3407de578f579dfab4366fcea75a6649c683d9efe4f056f6505437574,0.0,0.0,0.0,0.0,0.0,0.0,0.0,0.0,0.0,0.0,0.0,0.0,0.0,0.0,0.0,0.0,0.0,0.0,0.0,0.0,0.0,0.0,0.0,0.0,0.0,0.0,0.0,0.0,0.0,0.0,0.0,0.0,0.0,0.0
1.0,training_001_8a16fe9edafd,5,zero,3345.467247965493,e3dff9268a90fbb22e3c88e6fdb1e77da06d1baf2d34ee50a173fcb129b17b09,e4d879a3407de578f579dfab4366fcea75a6649c683d9efe4f056f6505437574,0.0,0.0,0.0,0.0,0.0,0.0,0.0,0.0,0.0,0.0,0.0,0.0,0.0,0.0,0.0,0.0,0.0,0.0,0.0,0.0,0.0,0.0,0.0,0.0,0.0,0.0,0.0,0.0,0.0,0.0,0.0,0.0,0.0,0.0
1.0,training_001_8a16fe9edafd,6,zero,4547.075983349498,fdc5c2f30f417c86eb75ef71b29d9af1967eb09c08f39843dc7aea8fad9c87e0,e4d879a3407de578f579dfab4366fcea75a6649c683d9efe4f056f6505437574,0.0,0.0,0.0,0.0,0.0,0.0,0.0,0.0,0.0,0.0,0.0,0.0,0.0,0.0,0.0,0.0,0.0,0.0,0.0,0.0,0.0,0.0,0.0,0.0,0.0,0.0,0.0,0.0,0.0,0.0,0.0,0.0,0.0,0.0
1.0,training_001_8a16fe9edafd,7,zero,4471.802111799703,c260827b71ffa67a6f4afc29910773dff032d04081d07b4a39cdaba9d0044f51,e4d879a3407de578f579dfab4366fcea75a6649c683d9efe4f056f6505437574,0.0,0.0,0.0,0.0,0.0,0.0,0.0,0.0,0.0,0.0,0.0,0.0,0.0,0.0,0.0,0.0,0.0,0.0,0.0,0.0,0.0,0.0,0.0,0.0,0.0,0.0,0.0,0.0,0.0,0.0,0.0,0.0,0.0,0.0
1.0,training_001_8a16fe9edafd,8,zero,4288.11962828212,53d6768a8207faf42cf6ba72716655eccdedc8b2aca74e01a7f2eac7a3d9d859,e4d879a3407de578f579dfab4366fcea75a6649c683d9efe4f056f6505437574,0.0,0.0,0.0,0.0,0.0,0.0,0.0,0.0,0.0,0.0,0.0,0.0,0.0,0.0,0.0,0.0,0.0,0.0,0.0,0.0,0.0,0.0,0.0,0.0,0.0,0.0,0.0,0.0,0.0,0.0,0.0,0.0,0.0,0.0
1.0,training_001_8a16fe9edafd,9,zero,4126.720973422165,1c6ae542be15868e1ad4366347ba24fc4f1a3655d634919e87b3378d52dfc23e,e4d879a3407de578f579dfab4366fcea75a6649c683d9efe4f056f6505437574,0.0,0.0,0.0,0.0,0.0,0.0,0.0,0.0,0.0,0.0,0.0,0.0,0.0,0.0,0.0,0.0,0.0,0.0,0.0,0.0,0.0,0.0,0.0,0.0,0.0,0.0,0.0,0.0,0.0,0.0,0.0,0.0,0.0,0.0
1.0,training_001_8a16fe9edafd,10,zero,4904.678288952096,343078879499859a189e518a4dd15cc2a94dab883186b72aa84a016be1a12ed8,e4d879a3407de578f579dfab4366fcea75a6649c683d9efe4f056f6505437574,0.0,0.0,0.0,0.0,0.0,0.0,0.0,0.0,0.0,0.0,0.0,0.0,0.0,0.0,0.0,0.0,0.0,0.0,0.0,0.0,0.0,0.0,0.0,0.0,0.0,0.0,0.0,0.0,0.0,0.0,0.0,0.0,0.0,0.0
1.0,training_001_8a16fe9edafd,11,zero,4554.311088377036,1b6719a5be1173bd32a374f561ccb179d6d00fa8282061438ce9d3e572b17440,e4d879a3407de578f579dfab4366fcea75a6649c683d9efe4f056f6505437574,0.0,0.0,0.0,0.0,0.0,0.0,0.0,0.0,0.0,0.0,0.0,0.0,0.0,0.0,0.0,0.0,0.0,0.0,0.0,0.0,0.0,0.0,0.0,0.0,0.0,0.0,0.0,0.0,0.0,0.0,0.0,0.0,0.0,0.0
1.0,training_001_8a16fe9edafd,12,zero,5170.56843793318,0dd5b89dd3972e346c2bdce15760bb1ae134516055f95e4ddd880296baba5e76,e4d879a3407de578f579dfab4366fcea75a6649c683d9efe4f056f6505437574,0.0,0.0,0.0,0.0,0.0,0.0,0.0,0.0,0.0,0.0,0.0,0.0,0.0,0.0,0.0,0.0,0.0,0.0,0.0,0.0,0.0,0.0,0.0,0.0,0.0,0.0,0.0,0.0,0.0,0.0,0.0,0.0,0.0,0.0
1.0,training_001_8a16fe9edafd,13,zero,5129.84655905934,5aa28da7a173e1744e369d42daf849984e866de4cce8bca73a0d4fa8aa25e366,e4d879a3407de578f579dfab4366fcea75a6649c683d9efe4f056f6505437574,0.0,0.0,0.0,0.0,0.0,0.0,0.0,0.0,0.0,0.0,0.0,0.0,0.0,0.0,0.0,0.0,0.0,0.0,0.0,0.0,0.0,0.0,0.0,0.0,0.0,0.0,0.0,0.0,0.0,0.0,0.0,0.0,0.0,0.0
1.0,training_001_8a16fe9edafd,14,zero,4854.776866187907,f69d9c7ca98393b2ea5ce0e47a27b046b0074ab1562385f8177557cb42233d53,e4d879a3407de578f579dfab4366fcea75a6649c683d9efe4f056f6505437574,0.0,0.0,0.0,0.0,0.0,0.0,0.0,0.0,0.0,0.0,0.0,0.0,0.0,0.0,0.0,0.0,0.0,0.0,0.0,0.0,0.0,0.0,0.0,0.0,0.0,0.0,0.0,0.0,0.0,0.0,0.0,0.0,0.0,0.0
1.0,training_001_8a16fe9edafd,15,zero,5222.151341055086,76c4f91476bc72f822197996aa3d3f2613bdf4f841ea12b9621bd64121cd9773,e4d879a3407de578f579dfab4366fcea75a6649c683d9efe4f056f6505437574,0.0,0.0,0.0,0.0,0.0,0.0,0.0,0.0,0.0,0.0,0.0,0.0,0.0,0.0,0.0,0.0,0.0,0.0,0.0,0.0,0.0,0.0,0.0,0.0,0.0,0.0,0.0,0.0,0.0,0.0,0.0,0.0,0.0,0.0
1.0,training_001_8a16fe9edafd,16,zero,5276.368588140214,8615652e49092fdc56d28f5a89929ebd90463e9d5d3b94a1036a6880dc916fc9,e4d879a3407de578f579dfab4366fcea75a6649c683d9efe4f056f6505437574,0.0,0.0,0.0,0.0,0.0,0.0,0.0,0.0,0.0,0.0,0.0,0.0,0.0,0.0,0.0,0.0,0.0,0.0,0.0,0.0,0.0,0.0,0.0,0.0,0.0,0.0,0.0,0.0,0.0,0.0,0.0,0.0,0.0,0.0
1.0,training_001_8a16fe9edafd,17,zero,5568.8889186464585,1f3f4cfe112b52872ffc8d167766bd6aa9d72e9fded286c70a1910b7f85fce8c,e4d879a3407de578f579dfab4366fcea75a6649c683d9efe4f056f6505437574,0.0,0.0,0.0,0.0,0.0,0.0,0.0,0.0,0.0,0.0,0.0,0.0,0.0,0.0,0.0,0.0,0.0,0.0,0.0,0.0,0.0,0.0,0.0,0.0,0.0,0.0,0.0,0.0,0.0,0.0,0.0,0.0,0.0,0.0
1.0,training_001_8a16fe9edafd,18,zero,6511.008055703691,77f4ba6dc0161ad95ca5165d375dd78d32392710bf48cd8c7143c3cde3500bcb,e4d879a3407de578f579dfab4366fcea75a6649c683d9efe4f056f6505437574,0.0,0.0,0.0,0.0,0.0,0.0,0.0,0.0,0.0,0.0,0.0,0.0,0.0,0.0,0.0,0.0,0.0,0.0,0.0,0.0,0.0,0.0,0.0,0.0,0.0,0.0,0.0,0.0,0.0,0.0,0.0,0.0,0.0,0.0
1.0,training_001_8a16fe9edafd,19,zero,4507.487881016947,e1995c51c89db4aadc7ba6ac2fa86154fcf38e52bcb96b3fa826ff358b37033c,e4d879a3407de578f579dfab4366fcea75a6649c683d9efe4f056f6505437574,0.0,0.0,0.0,0.0,0.0,0.0,0.0,0.0,0.0,0.0,0.0,0.0,0.0,0.0,0.0,0.0,0.0,0.0,0.0,0.0,0.0,0.0,0.0,0.0,0.0,0.0,0.0,0.0,0.0,0.0,0.0,0.0,0.0,0.0
1.0,training_001_8a16fe9edafd,20,zero,3316.400114358953,3db0b1c6f36a0b4e12d9886fee904533abf9c75c48698f2eb42ae6f5bac443b8,e4d879a3407de578f579dfab4366fcea75a6649c683d9efe4f056f6505437574,0.0,0.0,0.0,0.0,0.0,0.0,0.0,0.0,0.0,0.0,0.0,0.0,0.0,0.0,0.0,0.0,0.0,0.0,0.0,0.0,0.0,0.0,0.0,0.0,0.0,0.0,0.0,0.0,0.0,0.0,0.0,0.0,0.0,0.0
1.0,training_002_7ec3e8f1af07,0,zero,289.5283125,5bac43878fde5e28d8516ea4406041f4dbad080df822ad64bf897a6c8842911c,e4d879a3407de578f579dfab4366fcea75a6649c683d9efe4f056f6505437574,0.0,0.0,0.0,0.0,0.0,0.0,0.0,0.0,0.0,0.0,0.0,0.0,0.0,0.0,0.0,0.0,0.0,0.0,0.0,0.0,0.0,0.0,0.0,0.0,0.0,0.0,0.0,0.0,0.0,0.0,0.0,0.0,0.0,0.0
1.0,training_002_7ec3e8f1af07,1,zero,289.5283125,85fcb8d67d304669250f36e2b67677012b5ae7a73da55c984ada024aa20d9d1a,e4d879a3407de578f579dfab4366fcea75a6649c683d9efe4f056f6505437574,0.0,0.0,0.0,0.0,0.0,0.0,0.0,0.0,0.0,0.0,0.0,0.0,0.0,0.0,0.0,0.0,0.0,0.0,0.0,0.0,0.0,0.0,0.0,0.0,0.0,0.0,0.0,0.0,0.0,0.0,0.0,0.0,0.0,0.0
1.0,training_002_7ec3e8f1af07,2,zero,289.5283125,273dfdcf9228401f9cbb7752aa8bb7dd500672482994bd35e252269c4099a384,e4d879a3407de578f579dfab4366fcea75a6649c683d9efe4f056f6505437574,0.0,0.0,0.0,0.0,0.0,0.0,0.0,0.0,0.0,0.0,0.0,0.0,0.0,0.0,0.0,0.0,0.0,0.0,0.0,0.0,0.0,0.0,0.0,0.0,0.0,0.0,0.0,0.0,0.0,0.0,0.0,0.0,0.0,0.0
1.0,training_002_7ec3e8f1af07,3,zero,289.5283125,7b797ca0d03141587cfc2670ccda3f42e5ef1c8b8cd99a93d9bf2cb6dce31550,e4d879a3407de578f579dfab4366fcea75a6649c683d9efe4f056f6505437574,0.0,0.0,0.0,0.0,0.0,0.0,0.0,0.0,0.0,0.0,0.0,0.0,0.0,0.0,0.0,0.0,0.0,0.0,0.0,0.0,0.0,0.0,0.0,0.0,0.0,0.0,0.0,0.0,0.0,0.0,0.0,0.0,0.0,0.0
1.0,training_002_7ec3e8f1af07,4,zero,289.5283125,a21d1540bac52636b953ca59f218e397a181116ee1e67c7775fac694f49bf956,e4d879a3407de578f579dfab4366fcea75a6649c683d9efe4f056f6505437574,0.0,0.0,0.0,0.0,0.0,0.0,0.0,0.0,0.0,0.0,0.0,0.0,0.0,0.0,0.0,0.0,0.0,0.0,0.0,0.0,0.0,0.0,0.0,0.0,0.0,0.0,0.0,0.0,0.0,0.0,0.0,0.0,0.0,0.0
1.0,training_002_7ec3e8f1af07,5,zero,289.5283125,aa1ec7620f3668676a2f4d1f9dfa89ab9fe4bc50dfca2e9cdb9816b4839daa9d,e4d879a3407de578f579dfab4366fcea75a6649c683d9efe4f056f6505437574,0.0,0.0,0.0,0.0,0.0,0.0,0.0,0.0,0.0,0.0,0.0,0.0,0.0,0.0,0.0,0.0,0.0,0.0,0.0,0.0,0.0,0.0,0.0,0.0,0.0,0.0,0.0,0.0,0.0,0.0,0.0,0.0,0.0,0.0
1.0,training_002_7ec3e8f1af07,6,zero,13745.0559891511,6a27e8e21a062c3a21bb632c515543761c221f7c3096b1d2f329cba0283796eb,e4d879a3407de578f579dfab4366fcea75a6649c683d9efe4f056f6505437574,0.0,0.0,0.0,0.0,0.0,0.0,0.0,0.0,0.0,0.0,0.0,0.0,0.0,0.0,0.0,0.0,0.0,0.0,0.0,0.0,0.0,0.0,0.0,0.0,0.0,0.0,0.0,0.0,0.0,0.0,0.0,0.0,0.0,0.0
1.0,training_002_7ec3e8f1af07,7,zero,17200.12835633408,5287e6867c40156dbe529fa9538f7c2612beaadb0936c3bddd8d147ed71d0a8e,e4d879a3407de578f579dfab4366fcea75a6649c683d9efe4f056f6505437574,0.0,0.0,0.0,0.0,0.0,0.0,0.0,0.0,0.0,0.0,0.0,0.0,0.0,0.0,0.0,0.0,0.0,0.0,0.0,0.0,0.0,0.0,0.0,0.0,0.0,0.0,0.0,0.0,0.0,0.0,0.0,0.0,0.0,0.0
1.0,training_002_7ec3e8f1af07,8,direct_full,17854.427411880268,61e401ff558006ce5d56ea45f6d3d1356bf783181d07df69161b85c2698553a1,7ad76ab2616b0c157b2d2a4486c18f31f17fdfdd4add64f6aa7fe685a84eeeaa,0.0,0.0,0.0,6.520408307987729e-20,0.0,0.0,5.532596145367154e-20,0.0,9.608999983512467e-21,0.0,0.9918666217432334,0.8329829186801381,0.6203620825413844,0.445211622962805,0.9918666217432348,0.8329829186801357,0.6203620825413846,0.9918666217373854,0.8329829186801344,0.6203620825413838,0.0,0.0,0.0,0.0,0.0,0.0,0.0,0.0,0.0,0.0,0.0,0.0,0.0,0.0
1.0,training_002_7ec3e8f1af07,9,direct_full,16240.255804997423,e77c9ecb54002745aacfc8c56a3e7d372bfdf0eadeaec0bd11bcc74138b9185d,7ad76ab2616b0c157b2d2a4486c18f31f17fdfdd4add64f6aa7fe685a84eeeaa,0.0,0.0,0.0,6.520408307987729e-20,0.0,0.0,5.532596145367154e-20,0.0,9.608999983512467e-21,0.0,0.9918666217432334,0.8329829186801381,0.6203620825413844,0.445211622962805,0.9918666217432348,0.8329829186801357,0.6203620825413846,0.9918666217373854,0.8329829186801344,0.6203620825413838,0.0,0.0,0.0,0.0,0.0,0.0,0.0,0.0,0.0,0.0,0.0,0.0,0.0,0.0
1.0,training_002_7ec3e8f1af07,10,direct_full,17644.890628265814,2d0eed379fc4ff1a0de98636d39efdc7f67578214427459008bff802dce7df2f,7ad76ab2616b0c157b2d2a4486c18f31f17fdfdd4add64f6aa7fe685a84eeeaa,0.0,0.0,0.0,6.520408307987729e-20,0.0,0.0,5.532596145367154e-20,0.0,9.608999983512467e-21,0.0,0.9918666217432334,0.8329829186801381,0.6203620825413844,0.445211622962805,0.9918666217432348,0.8329829186801357,0.6203620825413846,0.9918666217373854,0.8329829186801344,0.6203620825413838,0.0,0.0,0.0,0.0,0.0,0.0,0.0,0.0,0.0,0.0,0.0,0.0,0.0,0.0
1.0,training_002_7ec3e8f1af07,11,direct_full,16603.70735713507,dc57ac97570d762bdec104ff9057391686b9bb7b88cd43c58dc668db233f1bbb,7ad76ab2616b0c157b2d2a4486c18f31f17fdfdd4add64f6aa7fe685a84eeeaa,0.0,0.0,0.0,6.520408307987729e-20,0.0,0.0,5.532596145367154e-20,0.0,9.608999983512467e-21,0.0,0.9918666217432334,0.8329829186801381,0.6203620825413844,0.445211622962805,0.9918666217432348,0.8329829186801357,0.6203620825413846,0.9918666217373854,0.8329829186801344,0.6203620825413838,0.0,0.0,0.0,0.0,0.0,0.0,0.0,0.0,0.0,0.0,0.0,0.0,0.0,0.0
1.0,training_002_7ec3e8f1af07,12,direct_full,16394.902581322684,2cb4f7ecd2e129560f2355c370b35a66f830e5751be43d71278ad9cbda66e7d8,7ad76ab2616b0c157b2d2a4486c18f31f17fdfdd4add64f6aa7fe685a84eeeaa,0.0,0.0,0.0,6.520408307987729e-20,0.0,0.0,5.532596145367154e-20,0.0,9.608999983512467e-21,0.0,0.9918666217432334,0.8329829186801381,0.6203620825413844,0.445211622962805,0.9918666217432348,0.8329829186801357,0.6203620825413846,0.9918666217373854,0.8329829186801344,0.6203620825413838,0.0,0.0,0.0,0.0,0.0,0.0,0.0,0.0,0.0,0.0,0.0,0.0,0.0,0.0
1.0,training_002_7ec3e8f1af07,13,direct_full,16314.987677469262,eecd1dfee34d4fbf08e8a93cbb7149c398979239da89ed71a874c0e5f935a039,7ad76ab2616b0c157b2d2a4486c18f31f17fdfdd4add64f6aa7fe685a84eeeaa,0.0,0.0,0.0,6.520408307987729e-20,0.0,0.0,5.532596145367154e-20,0.0,9.608999983512467e-21,0.0,0.9918666217432334,0.8329829186801381,0.6203620825413844,0.445211622962805,0.9918666217432348,0.8329829186801357,0.6203620825413846,0.9918666217373854,0.8329829186801344,0.6203620825413838,0.0,0.0,0.0,0.0,0.0,0.0,0.0,0.0,0.0,0.0,0.0,0.0,0.0,0.0
1.0,training_002_7ec3e8f1af07,14,direct_full,24108.342697330398,3fe3b82cd4e117b1c39291aa30f94bfc14491ca89cec35dc073a184e173a78a1,7ad76ab2616b0c157b2d2a4486c18f31f17fdfdd4add64f6aa7fe685a84eeeaa,0.0,0.0,0.0,6.520408307987729e-20,0.0,0.0,5.532596145367154e-20,0.0,9.608999983512467e-21,0.0,0.9918666217432334,0.8329829186801381,0.6203620825413844,0.445211622962805,0.9918666217432348,0.8329829186801357,0.6203620825413846,0.9918666217373854,0.8329829186801344,0.6203620825413838,0.0,0.0,0.0,0.0,0.0,0.0,0.0,0.0,0.0,0.0,0.0,0.0,0.0,0.0
1.0,training_002_7ec3e8f1af07,15,direct_full,20162.860099784542,e5b2405c4c738d82d9e2f7bc21da9fcf88fffd0afd77dc89bef1aadd82ebfcc8,7ad76ab2616b0c157b2d2a4486c18f31f17fdfdd4add64f6aa7fe685a84eeeaa,0.0,0.0,0.0,6.520408307987729e-20,0.0,0.0,5.532596145367154e-20,0.0,9.608999983512467e-21,0.0,0.9918666217432334,0.8329829186801381,0.6203620825413844,0.445211622962805,0.9918666217432348,0.8329829186801357,0.6203620825413846,0.9918666217373854,0.8329829186801344,0.6203620825413838,0.0,0.0,0.0,0.0,0.0,0.0,0.0,0.0,0.0,0.0,0.0,0.0,0.0,0.0
1.0,training_002_7ec3e8f1af07,16,direct_full,20361.09094090402,12dcf2856f5c9bbe3b0ab50705db83e4aa58a45bf53cb859b04c3ffbe6309860,6be6b9d10a44b52706462ffb036bc6e840b7253b5978802f9005319d67deabb4,0.0,1.0363831869727202e-19,0.0,8.119335867285083e-20,3.337062802965392e-17,7.727328444054095e-20,0.0,0.0,0.0,4.651857205725948e-21,0.9918666217432648,0.8329829186801367,0.6203620825413841,0.445211622962805,0.9918666217431824,0.8329829186801383,0.620362082541384,0.9918666217374064,0.8329829186801335,0.6203620825413848,0.0,0.0,0.0,0.0,0.0,0.0,2.903634297993529e-20,0.0,0.0,0.0,0.0,0.0,0.0,0.0
1.0,training_002_7ec3e8f1af07,17,direct_full,14847.210995627296,48089285f2408eb8fc8ea2d646e6295ecf6d439515c51d42e871167363e9f4fe,044229461ffd708bceb1faf983243dc29c727c5bca994384281eebbb3475612a,0.0,0.0,9.263834231333883e-21,5.619621708330095e-20,1.1258870654365013e-17,5.78039691793306e-19,1.9687708196579442e-19,8.018505403552085e-18,0.0,0.0,0.9918666217432616,0.832982918680138,0.6203620825413843,0.4452116229628049,0.9918666217432114,0.8329829186801359,0.6203620825413844,0.9918666217373808,0.8329829186801344,0.6203620825413844,0.0,0.0,0.0,0.0,0.0,0.0,8.161557992740781e-20,0.0,1.921799996702493e-20,0.0,0.0,0.0,0.0,0.0
1.0,training_002_7ec3e8f1af07,18,direct_full,13019.614993415013,58a32d6acbf014b49af0acf5eaf4c37ee2f1dc01bb1d57a7eb58bf629238d2db,cc3269e36d317a5d2102ffd9a49c9e59cd3ed8bc58a6e137bf9eb3699c1ac767,0.0,7.652765533887875e-20,0.0,7.800129353205743e-20,0.0,2.1630818084930972e-20,0.0,0.0,3.383834332048841e-21,0.0,0.9918666217432444,0.8329829186801375,0.620362082541384,0.4452116229628051,0.991866621743195,0.8329829186801373,0.6203620825413845,0.9918666217374144,0.8329829186801337,0.6203620825413843,0.0,0.0,0.0,0.0,0.0,0.0,0.0,0.0,0.0,0.0,0.0,0.0,0.0,0.0
1.0,training_002_7ec3e8f1af07,19,direct_full,25535.01351890268,8b26d66baff24bd3b8964ade3b09a687226afdcb02778a77f55a025d65d43f9a,ba621390a7eb22ef7d4e0a42338dbb81d5c18808bcf7f37a0ef9d7ba81cd90cc,0.0,6.992826551556091e-21,2.791114323435728e-20,0.0,9.982279478037334e-19,0.0,0.0,0.0,0.0,6.2024762743007364e-21,0.9918666217432444,0.8329829186801374,0.6203620825413841,0.4452116229628048,0.991866621743195,0.8329829186801373,0.6203620825413845,0.991866621737414,0.8329829186801337,0.6203620825413843,0.0,0.0,0.0,0.0,0.0,0.0,2.1572969418893558e-21,0.0,1.921799996702493e-20,0.0,0.0,0.0,0.0,0.0
1.0,training_002_7ec3e8f1af07,20,direct_full,21594.81037519113,5b660bbc6e2f262fa28ecdf52baf1d06985f1a1b1aacee5354bb2fff807872a2,3eba3706a8250bb2daad1dc42def7d416d1780fd47918230e5f08c364e92205f,0.0,0.0,9.481588725794196e-20,3.651433910452995e-20,0.0,0.0,0.0,0.0,0.0,4.968575075084921e-19,0.9918666217432608,0.8329829186801367,0.6203620825413844,0.4452116229628047,0.9918666217432102,0.8329829186801369,0.6203620825413848,0.991866621737383,0.8329829186801349,0.6203620825413844,0.0,0.0,0.0,0.0,0.0,0.0,0.0,0.0,0.0,0.0,0.0,0.0,0.0,0.0
