policy,path_id,training_seed,total_operational_objective,loss_queue,loss_waiting,loss_exit,loss_overflow,loss_route_resource,loss_action,terminal_correction,recalculated_component_sum,absolute_reconciliation_error,relative_reconciliation_error,route_resource_cost_present,tolerance,status
Passive,test_000_4ae657b9eeec,,294035.1126139648,6972.769936723648,271882.57539146213,11624.829647350156,2718.4647273642336,836.4729110646418,0.0,0.0,294035.1126139648,0.0,0.0,True,1e-06,PASS
Reactive,test_000_4ae657b9eeec,,101780.38542831028,8259.405177009156,85117.18422024854,3414.081473771674,3018.249836886665,1343.9694673116978,627.4952530825634,0.0,101780.38542831031,2.9103830456733704e-11,2.859473397969512e-16,True,1e-06,PASS
Projected stochastic MPC,test_000_4ae657b9eeec,,111388.8697191175,9706.647402296232,92306.87429789096,3723.828363891008,4199.670954378443,1451.8487006609323,0.0,0.0,111388.86971911757,7.275957614183426e-11,6.53203289747958e-16,True,1e-06,PASS
Behaviour cloning,test_000_4ae657b9eeec,1409200687.0,116255.33377527165,8921.504017517771,97291.4629853383,3885.890935271514,3575.358964724789,1378.0491395072147,1203.067732911996,0.0,116255.33377527157,7.275957614183426e-11,6.258601113518178e-16,True,1e-06,PASS
Behaviour cloning,test_000_4ae657b9eeec,3018804584.0,119311.82446528696,8904.154576234585,100297.55009393234,3998.725019822576,3566.713419492832,1373.7075091988793,1170.973846605766,0.0,119311.82446528698,1.4551915228366852e-11,1.2196540697942845e-16,True,1e-06,PASS
Behaviour cloning,test_000_4ae657b9eeec,959653586.0,118068.51186713204,8893.996670725586,99149.81193182488,3955.3142407490577,3560.421258035793,1370.8210235028828,1138.146742293879,0.0,118068.51186713207,2.9103830456733704e-11,2.4649951114388224e-16,True,1e-06,PASS
PPO,test_000_4ae657b9eeec,1694234878.0,198687.8112661263,7869.604757707447,178406.95308343225,7182.742081112188,3038.706868312666,1105.8210976397538,1083.9833779220453,0.0,198687.81126612637,8.731149137020111e-11,4.3944060188601313e-16,True,1e-06,PASS
PPO,test_000_4ae657b9eeec,1635820214.0,152768.42158548126,8488.837095051329,133259.86274690693,5306.059588258463,3354.8262436595783,1256.8814216710575,1101.9544899339296,0.0,152768.4215854813,2.9103830456733704e-11,1.905094662541153e-16,True,1e-06,PASS
PPO,test_000_4ae657b9eeec,456241246.0,181089.5571836856,8199.814973990693,161106.24356201987,6457.45805825331,3223.495627508471,1175.4969329474438,927.0480289657544,0.0,181089.55718368554,5.820766091346741e-11,3.21430245999361e-16,True,1e-06,PASS
Vanilla SAC,test_000_4ae657b9eeec,3760190062.0,293981.9629101695,6973.439360765914,271827.85899764084,11622.15011259352,2718.660225319859,836.4827926124655,3.371421236986336,0.0,293981.9629101696,1.1641532182693481e-10,3.9599477693979213e-16,True,1e-06,PASS
Vanilla SAC,test_000_4ae657b9eeec,3890281123.0,294001.31697996875,6973.275991931157,271847.32644516195,11623.094198234996,2718.6133404911807,836.4862866478634,2.520717501481292,0.0,294001.31697996863,1.1641532182693481e-10,3.9596870865332405e-16,True,1e-06,PASS
Vanilla SAC,test_000_4ae657b9eeec,4226533458.0,293984.6938832882,6973.214825510432,271829.8806757541,11622.257282457558,2718.543878870074,836.4790996226051,4.318121073380119,0.0,293984.6938832881,5.820766091346741e-11,1.9799554917160356e-16,True,1e-06,PASS
Constrained SAC,test_000_4ae657b9eeec,301721597.0,294013.3654948239,6974.103630003879,271856.26822871243,11623.45554679326,2719.105030249708,836.5413946063283,3.8916644582949353,0.0,294013.3654948239,0.0,0.0,True,1e-06,PASS
Constrained SAC,test_000_4ae657b9eeec,554911178.0,294004.24136665405,6973.57622394816,271848.78025606944,11623.12266504303,2718.7814850775244,836.51214740816,3.468589107725544,0.0,294004.24136665405,0.0,0.0,True,1e-06,PASS
Constrained SAC,test_000_4ae657b9eeec,1600960620.0,294014.6450210132,6973.711151909964,271859.4084764349,11623.619376829143,2718.8668197908937,836.5263743675827,2.5128216806719443,0.0,294014.64502101316,5.820766091346741e-11,1.9797537945535777e-16,True,1e-06,PASS
Model-guided constrained SAC,test_000_4ae657b9eeec,301721597.0,116887.28831107188,8961.153137989593,98053.60606013116,3912.4031566143713,3605.111693910252,1392.207683985,962.806578441547,0.0,116887.28831107193,4.3655745685100555e-11,3.7348582823582677e-16,True,1e-06,PASS
Model-guided constrained SAC,test_000_4ae657b9eeec,554911178.0,119851.53042243813,8920.72274643734,101013.69367540102,4021.770258599101,3577.407698939978,1384.874255813811,933.0617872468748,0.0,119851.53042243814,1.4551915228366852e-11,1.214161819801218e-16,True,1e-06,PASS
Model-guided constrained SAC,test_000_4ae657b9eeec,1600960620.0,118538.028737791,8912.53797571063,99791.67048460884,3976.314858366572,3572.7950791031994,1382.127148727879,902.5831912738464,0.0,118538.02873779097,2.9103830456733704e-11,2.4552315207731424e-16,True,1e-06,PASS
Passive,test_001_dde9993de777,,283957.9098247464,6486.286585170654,262996.59838574013,11244.893491448718,2438.47853833208,791.6528240549533,0.0,0.0,283957.90982474654,1.1641532182693481e-10,4.099738651365063e-16,True,1e-06,PASS
Reactive,test_001_dde9993de777,,105621.79222110203,7813.246477262753,89665.30920168382,3621.7202464927486,2716.081992541921,1248.932332958082,556.5019701626769,0.0,105621.792221102,2.9103830456733704e-11,2.755475915027987e-16,True,1e-06,PASS
Projected stochastic MPC,test_001_dde9993de777,,115700.64792533568,9108.940133564602,97505.032371455,3964.4152053009457,3775.7120970078417,1346.5481180072886,0.0,0.0,115700.64792533567,1.4551915228366852e-11,1.2577211527594506e-16,True,1e-06,PASS
Behaviour cloning,test_001_dde9993de777,1409200687.0,120382.89775681189,8318.290068151728,102262.92376799187,4112.5908656772735,3208.181992669811,1272.369543306953,1208.541519014222,0.0,120382.89775681187,1.4551915228366852e-11,1.2088025375301641e-16,True,1e-06,PASS
Behaviour cloning,test_001_dde9993de777,3018804584.0,123458.54777097338,8301.015795928997,105284.75748726269,4228.298848647317,3201.965661862101,1268.0486145582845,1174.461362713995,0.0,123458.54777097338,0.0,0.0,True,1e-06,PASS
Behaviour cloning,test_001_dde9993de777,959653586.0,122135.7014047573,8281.888731875642,104070.80953897368,4180.881363187091,3194.2639740035647,1265.0822376253125,1142.775559092017,0.0,122135.7014047573,0.0,0.0,True,1e-06,PASS
PPO,test_001_dde9993de777,1694234878.0,198580.93229423312,7288.137706467444,179201.40546381017,7260.36621015071,2719.671215604204,1017.122354370112,1094.229343830507,0.0,198580.93229423315,2.9103830456733704e-11,1.4655903827468782e-16,True,1e-06,PASS
PPO,test_001_dde9993de777,1635820214.0,156632.2720846919,7884.458264519634,137933.73819015533,5534.278334020335,3016.3834053542155,1154.5187610735372,1108.8951295688785,0.0,156632.27208469194,2.9103830456733704e-11,1.8580992326407107e-16,True,1e-06,PASS
PPO,test_001_dde9993de777,456241246.0,182825.84969114384,7614.743643366579,163681.5928280496,6606.5177329566495,2892.90654433849,1081.1314182980293,948.9575241346072,0.0,182825.84969114396,1.1641532182693481e-10,6.367552620354321e-16,True,1e-06,PASS
Vanilla SAC,test_001_dde9993de777,3760190062.0,283861.9111425837,6486.001171490545,262902.1461534884,11240.39987251462,2438.0119395656925,791.5658378808374,3.786167643758693,0.0,283861.91114258376,5.820766091346741e-11,2.0505625668189674e-16,True,1e-06,PASS
Vanilla SAC,test_001_dde9993de777,3890281123.0,283893.6537501663,6486.136828947987,262933.04738784034,11241.868418746157,2438.168040917524,791.5971625249151,2.8359111894323696,0.0,283893.6537501664,1.1641532182693481e-10,4.1006665802182137e-16,True,1e-06,PASS
Vanilla SAC,test_001_dde9993de777,4226533458.0,283868.63113488373,6485.900118300377,262907.67068733147,11240.663067552585,2438.004270595011,791.5725418451763,4.820449259189006,0.0,283868.63113488385,1.1641532182693481e-10,4.1010280481332443e-16,True,1e-06,PASS
Constrained SAC,test_001_dde9993de777,301721597.0,283890.65387995617,6486.643032662126,262928.019944257,11241.627022695273,2438.4539172833047,791.6089696843262,4.300993374146199,0.0,283890.65387995617,0.0,0.0,True,1e-06,PASS
Constrained SAC,test_001_dde9993de777,554911178.0,283891.05478657264,6486.300858585331,262929.323793406,11241.66338928271,2438.278015224077,791.6075365020508,3.881193572545058,0.0,283891.05478657276,1.1641532182693481e-10,4.1007041209683434e-16,True,1e-06,PASS
Constrained SAC,test_001_dde9993de777,1600960620.0,283904.3811758784,6486.506733057379,262942.7266845142,11242.293886541289,2438.403448821627,791.6251066185982,2.825316325309457,0.0,283904.3811758784,0.0,0.0,True,1e-06,PASS
Model-guided constrained SAC,test_001_dde9993de777,301721597.0,120974.33938981414,8360.185288234356,102970.739983036,4136.812815194805,3253.9314390185077,1284.7299574370525,967.9399068933792,0.0,120974.3393898141,4.3655745685100555e-11,3.608678163096157e-16,True,1e-06,PASS
Model-guided constrained SAC,test_001_dde9993de777,554911178.0,123979.81597189524,8320.12483611484,105968.27562747568,4249.23710982472,3228.7315201236424,1277.5596867064842,935.8871916498492,0.0,123979.81597189522,1.4551915228366852e-11,1.1737326043188836e-16,True,1e-06,PASS
Model-guided constrained SAC,test_001_dde9993de777,1600960620.0,122601.7144486672,8312.337373506472,104678.79986645794,4200.610038249701,3227.751939752342,1275.1173468858794,907.0978838148689,0.0,122601.71444866719,1.4551915228366852e-11,1.186925916477267e-16,True,1e-06,PASS
Passive,test_002_f01217ab0e79,,282200.0582544001,6398.738135447388,261480.0680717976,11180.051472331032,2362.716385956454,778.484188867785,0.0,0.0,282200.05825440027,1.7462298274040222e-10,6.187914482391128e-16,True,1e-06,PASS
Reactive,test_002_f01217ab0e79,,92063.34463329676,7734.230324206205,76697.65448568195,3059.5084617314083,2690.346407037829,1276.8655043825397,604.7394502567918,0.0,92063.34463329673,2.9103830456733704e-11,3.161283198286895e-16,True,1e-06,PASS
Projected stochastic MPC,test_002_f01217ab0e79,,100543.14806823764,9094.749648524776,82950.11300727313,3330.917311127724,3786.551887653385,1380.8162136586457,0.0,0.0,100543.14806823767,2.9103830456733704e-11,2.894660751718379e-16,True,1e-06,PASS
Behaviour cloning,test_002_f01217ab0e79,1409200687.0,105560.70718248436,8326.444898550579,88035.48722837679,3496.274183978388,3191.4987604398734,1305.8924597755497,1205.109651363193,0.0,105560.70718248437,1.4551915228366852e-11,1.3785352160639414e-16,True,1e-06,PASS
Behaviour cloning,test_002_f01217ab0e79,3018804584.0,108419.92948822308,8314.479526003708,90843.21862022538,3601.164174182489,3186.4748232761094,1302.1319601528403,1172.460384382533,0.0,108419.92948822305,2.9103830456733704e-11,2.684361684619529e-16,True,1e-06,PASS
Behaviour cloning,test_002_f01217ab0e79,959653586.0,107181.16030396028,8298.651361843222,89708.11707074205,3558.267838694043,3176.839118108804,1299.182731097816,1140.1021834743856,0.0,107181.16030396032,4.3655745685100555e-11,4.0730801533865746e-16,True,1e-06,PASS
PPO,test_002_f01217ab0e79,1694234878.0,186318.32188668216,7307.7382504054685,167460.33804119227,6732.6208814802285,2689.275567779184,1040.6384434323477,1087.710702392697,0.0,186318.32188668218,2.9103830456733704e-11,1.5620487648248842e-16,True,1e-06,PASS
PPO,test_002_f01217ab0e79,1635820214.0,141925.37371599188,7893.888391716236,123849.2017918539,4917.818495163885,2975.26977122599,1185.5407396622054,1103.6545263696337,0.0,141925.37371599188,0.0,0.0,True,1e-06,PASS
PPO,test_002_f01217ab0e79,456241246.0,169010.0138247618,7625.6670204224,150465.48500095756,6018.553772541854,2857.183338371597,1108.3757848443674,934.7489076239588,0.0,169010.01382476176,2.9103830456733704e-11,1.7220181099393342e-16,True,1e-06,PASS
Vanilla SAC,test_002_f01217ab0e79,3760190062.0,282144.26123571745,6399.433450613204,261422.61795510704,11177.220374350713,2362.980839622861,778.5021343837781,3.5064816399143783,0.0,282144.2612357175,5.820766091346741e-11,2.0630460693594547e-16,True,1e-06,PASS
Vanilla SAC,test_002_f01217ab0e79,3890281123.0,282164.2315987277,6399.265140394329,261442.7255348043,11178.20271518163,2362.9135558258645,778.5019819627972,2.6226705586569627,0.0,282164.2315987276,1.1641532182693481e-10,4.1258001117764547e-16,True,1e-06,PASS
Vanilla SAC,test_002_f01217ab0e79,4226533458.0,282145.1784599319,6399.197358806879,261422.89183030475,11177.254965934875,2362.8581338405697,778.4928165704291,4.483354474366565,0.0,282145.17845993186,5.820766091346741e-11,2.0630393626142936e-16,True,1e-06,PASS
Constrained SAC,test_002_f01217ab0e79,301721597.0,282177.2294721593,6400.151683414394,261452.4243056959,11178.59491195517,2363.4757209379063,778.5549002124212,4.027949943593447,0.0,282177.2294721594,1.1641532182693481e-10,4.125610065868933e-16,True,1e-06,PASS
Constrained SAC,test_002_f01217ab0e79,554911178.0,282166.6253744375,6399.568420336497,261443.62040085925,11178.203735813977,2363.10332609253,778.5252083719224,3.604282963303272,0.0,282166.6253744375,0.0,0.0,True,1e-06,PASS
Constrained SAC,test_002_f01217ab0e79,1600960620.0,282178.3723556019,6399.719382280808,261455.5559703829,11178.76100343156,2363.182682299657,778.5393592019772,2.6139580049318623,0.0,282178.3723556018,1.1641532182693481e-10,4.1255933562558057e-16,True,1e-06,PASS
Model-guided constrained SAC,test_002_f01217ab0e79,301721597.0,106159.28124803984,8363.562391452671,88765.09698077985,3521.2163096701443,3224.6509719026462,1319.9649854216425,964.7896088128856,0.0,106159.28124803984,0.0,0.0,True,1e-06,PASS
Model-guided constrained SAC,test_002_f01217ab0e79,554911178.0,108935.91996424798,8325.543468621783,91541.48242990243,3623.233885661536,3197.8712390393544,1313.1727974939115,934.61614352893,0.0,108935.91996424794,4.3655745685100555e-11,4.0074702356603837e-16,True,1e-06,PASS
Model-guided constrained SAC,test_002_f01217ab0e79,1600960620.0,107625.1542339663,8316.154595797965,90323.09238714684,3578.020722954381,3192.783356810996,1310.5125622958972,904.590608960204,0.0,107625.1542339663,0.0,0.0,True,1e-06,PASS
Passive,test_003_eb3106001035,,289150.15673126426,6693.78862711782,267613.56028344715,11442.30011764335,2592.507185683569,808.00051737225,0.0,0.0,289150.1567312642,5.820766091346741e-11,2.013059981411856e-16,True,1e-06,PASS
Reactive,test_003_eb3106001035,,100653.27184769209,7954.132078103889,84579.37275638546,3398.903853980461,2829.225709082904,1315.5170566920349,576.1203934473706,0.0,100653.27184769213,4.3655745685100555e-11,4.337240596724979e-16,True,1e-06,PASS
Projected stochastic MPC,test_003_eb3106001035,,109796.8018217128,9376.315807455208,91347.8854010238,3693.262047368866,3972.069271527152,1407.2692943378152,0.0,0.0,109796.80182171286,5.820766091346741e-11,5.301398578802374e-16,True,1e-06,PASS
Behaviour cloning,test_003_eb3106001035,1409200687.0,114692.1666858112,8590.948318792376,96317.5106136118,3853.127083340624,3390.2994402006025,1334.2097363036178,1206.0714935621604,0.0,114692.16668581119,1.4551915228366852e-11,1.2687802182890576e-16,True,1e-06,PASS
Behaviour cloning,test_003_eb3106001035,3018804584.0,117654.59564690093,8576.763016967487,99228.1591807711,3961.934783100279,3383.782291029934,1330.4418210333238,1173.5145539987902,0.0,117654.5956469009,2.9103830456733704e-11,2.473667118289086e-16,True,1e-06,PASS
Behaviour cloning,test_003_eb3106001035,959653586.0,116505.62883508798,8560.82517552347,98178.18304103312,3922.4841589084335,3376.0856037109747,1327.0757453303763,1140.975110581571,0.0,116505.62883508795,2.9103830456733704e-11,2.4980621749984075e-16,True,1e-06,PASS
PPO,test_003_eb3106001035,1694234878.0,196065.22379981764,7552.453407403404,176353.85586083683,7124.275191517681,2878.7326421695293,1066.5226787757726,1089.3840191144136,0.0,196065.22379981764,0.0,0.0,True,1e-06,PASS
PPO,test_003_eb3106001035,1635820214.0,152749.22927418744,8136.820478762526,133776.08686458386,5352.087348461469,3168.62237849661,1208.8452670030613,1106.7669368799766,0.0,152749.2292741875,5.820766091346741e-11,3.8106680596720833e-16,True,1e-06,PASS
PPO,test_003_eb3106001035,456241246.0,179395.63732728784,7866.450507362819,159975.66200991845,6436.523196550908,3045.361600674339,1132.2987983683554,939.3412144129474,0.0,179395.63732728778,5.820766091346741e-11,3.244653090825941e-16,True,1e-06,PASS
Vanilla SAC,test_003_eb3106001035,3760190062.0,289095.0420785358,6694.38131681605,267556.7708339578,11439.462032971727,2592.738970402853,808.0084861782176,3.680438209029232,0.0,289095.0420785357,5.820766091346741e-11,2.013443762126321e-16,True,1e-06,PASS
Vanilla SAC,test_003_eb3106001035,3890281123.0,289114.4686646293,6694.243323191757,267576.36783532146,11440.43300228518,2592.657139616143,808.0115256550771,2.755838559752735,0.0,289114.4686646294,5.820766091346741e-11,2.0133084719806211e-16,True,1e-06,PASS
Vanilla SAC,test_003_eb3106001035,4226533458.0,289094.14576479106,6694.119211546943,267555.2987191176,11439.42383705779,2592.611761345008,807.9944620443143,4.697773679413833,0.0,289094.14576479106,0.0,0.0,True,1e-06,PASS
Constrained SAC,test_003_eb3106001035,301721597.0,289127.0404479788,6695.134535613249,267585.6619416146,11440.804907246622,2593.155873169152,808.0664180432451,4.216772292034859,0.0,289127.0404479788,0.0,0.0,True,1e-06,PASS
Constrained SAC,test_003_eb3106001035,554911178.0,289115.59369614394,6694.523014412086,267576.073050754,11440.379355923136,2592.8044663003943,808.0315512745902,3.7822574796522255,0.0,289115.59369614394,0.0,0.0,True,1e-06,PASS
Constrained SAC,test_003_eb3106001035,1600960620.0,289128.8081721395,6694.720990098736,267589.4253290764,11441.001489133256,2592.860448012704,808.052311545385,2.7476042729827523,0.0,289128.8081721395,0.0,0.0,True,1e-06,PASS
Model-guided constrained SAC,test_003_eb3106001035,301721597.0,115329.20082943422,8630.344582094023,97079.99066260994,3879.851608714632,3424.911105988488,1348.201301415059,965.9015686120728,0.0,115329.20082943421,1.4551915228366852e-11,1.2617719644037388e-16,True,1e-06,PASS
Model-guided constrained SAC,test_003_eb3106001035,554911178.0,118182.90981951728,8590.645035409798,99932.42842510605,3985.213391917376,3397.931196874587,1341.543403957921,935.1483662515828,0.0,118182.90981951733,4.3655745685100555e-11,3.693913591378763e-16,True,1e-06,PASS
Model-guided constrained SAC,test_003_eb3106001035,1600960620.0,116989.92945726466,8582.04978000001,98825.25073295676,3944.0020577960818,3394.891640089404,1338.6510742669684,905.0841721555228,0.0,116989.92945726475,8.731149137020111e-11,7.463163006871903e-16,True,1e-06,PASS
Passive,test_004_55a330aff5c4,,284123.3877912197,6562.967016469673,263063.2063790293,11247.74141592305,2466.087119853753,783.3858599438904,0.0,0.0,284123.3877912197,0.0,0.0,True,1e-06,PASS
Reactive,test_004_55a330aff5c4,,93489.47184522434,7859.352644421801,77849.20884826282,3107.8706334326816,2765.7922565169456,1292.140988151088,615.1064744390285,0.0,93489.47184522437,2.9103830456733704e-11,3.1130596721004363e-16,True,1e-06,PASS
Projected stochastic MPC,test_004_55a330aff5c4,,103010.6367360751,9286.863218302831,84996.20727997759,3417.707578324566,3924.985585331451,1384.8730741386598,0.0,0.0,103010.6367360751,0.0,0.0,True,1e-06,PASS
Behaviour cloning,test_004_55a330aff5c4,1409200687.0,107151.8222209574,8498.220603718957,89311.15961292051,3549.3084312502347,3274.8648492695424,1314.328978756212,1203.9397450419744,0.0,107151.82222095743,2.9103830456733704e-11,2.7161302396443427e-16,True,1e-06,PASS
Behaviour cloning,test_004_55a330aff5c4,3018804584.0,110055.86850752,8481.83662317243,92169.85726444614,3655.123154089983,3267.4662673487487,1310.2425672893987,1171.3426311732924,0.0,110055.86850752,0.0,0.0,True,1e-06,PASS
Behaviour cloning,test_004_55a330aff5c4,959653586.0,108848.35321029367,8470.307463525514,91059.16541348417,3613.335522389146,3258.948277638188,1307.202295752521,1139.394237504165,0.0,108848.3532102937,2.9103830456733704e-11,2.673796120783331e-16,True,1e-06,PASS
PPO,test_004_55a330aff5c4,1694234878.0,188885.0314652494,7459.867379522429,169704.44326981902,6828.626386325826,2761.623091253524,1045.6883547247646,1084.782983603884,0.0,188885.03146524943,2.9103830456733704e-11,1.5408224903246584e-16,True,1e-06,PASS
PPO,test_004_55a330aff5c4,1635820214.0,145319.72491977143,8045.585529647834,126884.25656823243,5047.641275431896,3051.1806365945085,1188.49123325316,1102.56967661163,0.0,145319.72491977146,2.9103830456733704e-11,2.0027446702642356e-16,True,1e-06,PASS
PPO,test_004_55a330aff5c4,456241246.0,171912.79994099616,7778.252684628227,153031.6163485542,6129.982276425572,2931.940789095196,1112.617337342897,928.390504950099,0.0,171912.79994099622,5.820766091346741e-11,3.385882897227281e-16,True,1e-06,PASS
Vanilla SAC,test_004_55a330aff5c4,3760190062.0,284072.35187547654,6563.765471935427,263010.45124598686,11245.168404413966,2466.4219274490742,783.4247372982323,3.120088392867185,0.0,284072.3518754764,1.1641532182693481e-10,4.09808702108277e-16,True,1e-06,PASS
Vanilla SAC,test_004_55a330aff5c4,3890281123.0,284090.008981271,6563.525871412326,263028.37532563816,11246.03965683187,2466.3073023534625,783.4154009328422,2.345424102313997,0.0,284090.00898127095,5.820766091346741e-11,2.0489161559111647e-16,True,1e-06,PASS
Vanilla SAC,test_004_55a330aff5c4,4226533458.0,284070.7941312352,6563.445512982589,263008.5639526084,11245.105792465774,2466.2185972971024,783.4090939565402,4.0511819248503285,0.0,284070.7941312353,5.820766091346741e-11,2.049054746774728e-16,True,1e-06,PASS
Constrained SAC,test_004_55a330aff5c4,301721597.0,284102.9487403982,6564.450855920273,263038.028353394,11246.43511357176,2466.9042942115707,783.4710696939535,3.659053606674996,0.0,284102.9487403983,5.820766091346741e-11,2.0488228359310417e-16,True,1e-06,PASS
Constrained SAC,test_004_55a330aff5c4,554911178.0,284092.1580433062,6563.817378707855,263029.1555089184,11246.041486127184,2466.4466036978038,783.4389940922597,3.258071762822681,0.0,284092.1580433063,1.1641532182693481e-10,4.097801313093225e-16,True,1e-06,PASS
Constrained SAC,test_004_55a330aff5c4,1600960620.0,284104.2117741157,6564.005338006719,263041.2262918147,11246.600103688384,2466.5916280011047,783.4525260500078,2.335886554748825,0.0,284104.2117741156,5.820766091346741e-11,2.0488137275397696e-16,True,1e-06,PASS
Model-guided constrained SAC,test_004_55a330aff5c4,301721597.0,107794.47481709154,8520.397969763075,90124.04010579092,3575.770193979131,3281.991052664116,1328.37255728073,963.902937613579,0.0,107794.47481709154,0.0,0.0,True,1e-06,PASS
Model-guided constrained SAC,test_004_55a330aff5c4,554911178.0,110591.00838450296,8481.23229104171,92921.72124222683,3678.007531987742,3254.9170389273377,1321.407416469937,933.7228638493802,0.0,110591.00838450294,1.4551915228366852e-11,1.3158316793507058e-16,True,1e-06,PASS
Model-guided constrained SAC,test_004_55a330aff5c4,1600960620.0,109323.72047316856,8471.881527137353,91746.55162369752,3634.318664885056,3248.3878085704773,1318.529861186679,904.0509876914856,0.0,109323.72047316856,0.0,0.0,True,1e-06,PASS
Passive,test_005_981c73a17708,,278430.32902240584,6439.103457801338,257804.92147651964,11022.913866735316,2389.6796274981134,773.7105938514375,0.0,0.0,278430.32902240584,0.0,0.0,True,1e-06,PASS
Reactive,test_005_981c73a17708,,99640.17525023046,7743.924258287892,84014.18775300335,3381.205826214773,2658.65813257281,1256.7571647950444,585.4421153566635,0.0,99640.17525023053,7.275957614183426e-11,7.302232855282536e-16,True,1e-06,PASS
Projected stochastic MPC,test_005_981c73a17708,,107560.79251718053,9101.919428770916,89726.90747640538,3632.348320914012,3757.7158930492906,1341.9013980409482,0.0,0.0,107560.79251718054,1.4551915228366852e-11,1.3529014511530767e-16,True,1e-06,PASS
Behaviour cloning,test_005_981c73a17708,1409200687.0,112977.57126041345,8319.912310569098,95232.88272762536,3812.96316528016,3138.060487352663,1266.4958040750737,1207.2567655110845,0.0,112977.57126041345,0.0,0.0,True,1e-06,PASS
Behaviour cloning,test_005_981c73a17708,3018804584.0,116220.03642283012,8300.654398648043,98422.89299285373,3932.803089388018,3129.0839405156253,1261.5647981425066,1173.0372032822213,0.0,116220.03642283015,2.9103830456733704e-11,2.504200768863e-16,True,1e-06,PASS
Behaviour cloning,test_005_981c73a17708,959653586.0,114881.27267612038,8288.663416169848,97184.79018512087,3886.22377726458,3121.5889054941927,1258.9583549861024,1141.0480370847667,0.0,114881.27267612035,2.9103830456733704e-11,2.533383359948042e-16,True,1e-06,PASS
PPO,test_005_981c73a17708,1694234878.0,191458.40868722505,7290.193422476793,172474.83877498176,6953.794097385176,2641.670837850742,1009.1695035061424,1088.7420510244735,0.0,191458.4086872251,5.820766091346741e-11,3.04022483590982e-16,True,1e-06,PASS
PPO,test_005_981c73a17708,1635820214.0,149518.76181419782,7884.416787302355,131204.09899943336,5242.845596779297,2935.1957724793883,1147.1115068530933,1105.0931513503006,0.0,149518.7618141978,2.9103830456733704e-11,1.9465002320511525e-16,True,1e-06,PASS
PPO,test_005_981c73a17708,456241246.0,175717.0961108556,7610.036638208636,156984.30028354152,6307.115615494455,2805.871314084506,1073.4316599311842,936.340599595258,0.0,175717.09611085555,5.820766091346741e-11,3.312578127101851e-16,True,1e-06,PASS
Vanilla SAC,test_005_981c73a17708,3760190062.0,278382.0914478489,6439.956432169143,257754.8152058172,11020.41421063211,2389.8982783516017,773.7496694407506,3.257651438021492,0.0,278382.09144784877,1.1641532182693481e-10,4.181853840578091e-16,True,1e-06,PASS
Vanilla SAC,test_005_981c73a17708,3890281123.0,278399.57869647205,6439.726442247344,257772.55808116775,11021.289264977677,2389.8161132565483,773.7428644303917,2.44593039232882,0.0,278399.57869647205,0.0,0.0,True,1e-06,PASS
Vanilla SAC,test_005_981c73a17708,4226533458.0,278382.0243439843,6439.657604446983,257754.3170151757,11020.4122900641,2389.702278150819,773.739403146578,4.195753000214396,0.0,278382.0243439844,5.820766091346741e-11,2.09092742430606e-16,True,1e-06,PASS
Constrained SAC,test_005_981c73a17708,301721597.0,278410.5226713056,6440.472672576105,257780.80276949707,11021.628117203898,2390.0732351317665,773.7904531116911,3.75542378496016,0.0,278410.52267130546,1.1641532182693481e-10,4.181426790551878e-16,True,1e-06,PASS
Constrained SAC,test_005_981c73a17708,554911178.0,278401.789264134,6439.977684273085,257773.5333722236,11021.29581332195,2389.842454409977,773.7658873257799,3.374052579540363,0.0,278401.78926413396,5.820766091346741e-11,2.090778980527414e-16,True,1e-06,PASS
Constrained SAC,test_005_981c73a17708,1600960620.0,278412.7318340312,6440.102031308337,257784.68950708065,11021.821813501065,2389.910634653922,773.7762555389935,2.4315919482042654,0.0,278412.7318340312,0.0,0.0,True,1e-06,PASS
Model-guided constrained SAC,test_005_981c73a17708,301721597.0,113674.49301094213,8345.305591583345,96070.48042591916,3840.9342504867177,3171.6674157882376,1279.3588753696863,966.7464517949916,0.0,113674.49301094213,0.0,0.0,True,1e-06,PASS
Model-guided constrained SAC,test_005_981c73a17708,554911178.0,116791.260487532,8303.777897844931,99179.03098139154,3956.232533682137,3145.631284986254,1271.4495170854295,935.1382725417384,0.0,116791.26048753204,4.3655745685100555e-11,3.73792914836817e-16,True,1e-06,PASS
Model-guided constrained SAC,test_005_981c73a17708,1600960620.0,115404.94500455524,8294.970843916715,97885.15700139522,3908.2785696196993,3141.892557599354,1268.8947494878375,905.7512825364136,0.0,115404.94500455522,1.4551915228366852e-11,1.260943820716908e-16,True,1e-06,PASS
Passive,test_006_daba4b1e9814,,285767.8203256752,6575.911068747774,264653.0932839343,11315.71992661845,2429.7000303383693,793.3960160362561,0.0,0.0,285767.82032567513,5.820766091346741e-11,2.0368864782301614e-16,True,1e-06,PASS
Reactive,test_006_daba4b1e9814,,98611.30599901706,7856.006612930428,82763.41898285529,3316.9460554917355,2770.7040045916538,1284.5291017417642,619.7012414062038,0.0,98611.30599901707,1.4551915228366852e-11,1.4756842616516916e-16,True,1e-06,PASS
Projected stochastic MPC,test_006_daba4b1e9814,,107237.44572612716,9266.803164813224,89076.83808944302,3590.079743162438,3913.70082019304,1390.0239085154128,0.0,0.0,107237.44572612715,1.4551915228366852e-11,1.3569807756826725e-16,True,1e-06,PASS
Behaviour cloning,test_006_daba4b1e9814,1409200687.0,111771.126470753,8497.44456355676,93717.58167491193,3737.133079375256,3297.1999106381763,1317.2907344516136,1204.476507819243,0.0,111771.12647075296,4.3655745685100555e-11,3.905816024545829e-16,True,1e-06,PASS
Behaviour cloning,test_006_daba4b1e9814,3018804584.0,114744.14941874068,8487.861800589297,96628.7019062172,3846.460215860098,3296.124550758734,1312.9060092670372,1172.0949360482462,0.0,114744.14941874062,5.820766091346741e-11,5.07282168270277e-16,True,1e-06,PASS
Behaviour cloning,test_006_daba4b1e9814,959653586.0,113432.12746679028,8470.366957387734,95429.2542668146,3800.390092081312,3281.681945387168,1310.7240740338978,1139.710131085512,0.0,113432.12746679023,4.3655745685100555e-11,3.8486226662619657e-16,True,1e-06,PASS
PPO,test_006_daba4b1e9814,1694234878.0,193843.13999237903,7462.749388466322,174440.69765695167,7029.938916927806,2776.1178325743226,1047.5554574094049,1086.0807400495053,0.0,193843.13999237906,2.9103830456733704e-11,1.5014114225490738e-16,True,1e-06,PASS
PPO,test_006_daba4b1e9814,1635820214.0,150163.28955754507,8056.639223912196,131486.6107981766,5244.752911204772,3081.498626294806,1191.090822617422,1102.6971753392638,0.0,150163.2895575451,2.9103830456733704e-11,1.9381455043032094e-16,True,1e-06,PASS
PPO,test_006_daba4b1e9814,456241246.0,176899.81078097178,7784.383418913039,157781.28917020527,6330.980485502678,2956.706133037151,1114.8373509252954,931.6142223883512,0.0,176899.8107809718,2.9103830456733704e-11,1.6452154656495686e-16,True,1e-06,PASS
Vanilla SAC,test_006_daba4b1e9814,3760190062.0,285712.7818124685,6576.725841841433,264596.02443569206,11312.928280675173,2430.2237108735944,793.4202398072413,3.459303579082524,0.0,285712.7818124685,0.0,0.0,True,1e-06,PASS
Vanilla SAC,test_006_daba4b1e9814,3890281123.0,285732.03825083806,6576.504007903298,264615.5980109096,11313.88032237148,2430.0530206936087,793.4167925933483,2.5860963667157666,0.0,285732.03825083806,0.0,0.0,True,1e-06,PASS
Vanilla SAC,test_006_daba4b1e9814,4226533458.0,285714.1222779559,6576.48907835185,264596.7461640863,11312.980284445044,2430.068837210168,793.4115678813132,4.426345981284833,0.0,285714.122277956,1.1641532182693481e-10,4.0745385946894366e-16,True,1e-06,PASS
Constrained SAC,test_006_daba4b1e9814,301721597.0,285744.9251739008,6577.401025898167,264625.1009271961,11314.263973306442,2430.697721928939,793.4703513081691,3.99117426296775,0.0,285744.9251739008,0.0,0.0,True,1e-06,PASS
Constrained SAC,test_006_daba4b1e9814,554911178.0,285735.56529300456,6576.846501230993,264617.5009473323,11313.926831160725,2430.2876072836507,793.4434923222701,3.5599136744809154,0.0,285735.56529300445,1.1641532182693481e-10,4.074232821089595e-16,True,1e-06,PASS
Constrained SAC,test_006_daba4b1e9814,1600960620.0,285746.12373134866,6576.963375176837,264628.3413642218,11314.433790233734,2430.348858102885,793.4547499672949,2.5815936460411124,0.0,285746.1237313486,5.820766091346741e-11,2.0370411382445485e-16,True,1e-06,PASS
Model-guided constrained SAC,test_006_daba4b1e9814,301721597.0,112319.95751251286,8541.333829886556,94387.69616886352,3760.2820455125743,3335.9134827594844,1330.3544170373757,964.3775684533728,0.0,112319.95751251289,2.9103830456733704e-11,2.5911539766645147e-16,True,1e-06,PASS
Model-guided constrained SAC,test_006_daba4b1e9814,554911178.0,115211.43834164955,8503.26739626411,97274.0028001319,3866.970275643852,3310.0220990537377,1322.940899958444,934.2348705975182,0.0,115211.43834164955,0.0,0.0,True,1e-06,PASS
Model-guided constrained SAC,test_006_daba4b1e9814,1600960620.0,113807.18156594264,8493.877258902869,95966.40849540994,3817.673013935879,3304.3004890143484,1320.7458245100463,904.1764841695724,0.0,113807.18156594265,1.4551915228366852e-11,1.2786464815434446e-16,True,1e-06,PASS
Passive,test_007_925513ee8ec6,,315013.05283472926,7834.193674409985,290461.0489645208,12419.18632257352,3374.746150416697,923.8777228083444,0.0,0.0,315013.0528347293,5.820766091346741e-11,1.8477856834715322e-16,True,1e-06,PASS
Reactive,test_007_925513ee8ec6,,99441.92504168922,9050.444303541595,81399.8325279937,3223.7303734250886,3553.020464038958,1504.7023955784225,710.1949771114984,0.0,99441.92504168926,4.3655745685100555e-11,4.390074474805137e-16,True,1e-06,PASS
Projected stochastic MPC,test_007_925513ee8ec6,,110620.0072287104,10739.731362713135,89741.93333818874,3576.519916778505,4939.113168412634,1622.709442617316,0.0,0.0,110620.00722871032,7.275957614183426e-11,6.577433681721021e-16,True,1e-06,PASS
Behaviour cloning,test_007_925513ee8ec6,1409200687.0,113778.8509196006,9923.783004458242,93168.71488196804,3675.5965472204334,4257.494208339623,1559.1138791367348,1194.148398477511,0.0,113778.85091960058,2.9103830456733704e-11,2.5579297225720184e-16,True,1e-06,PASS
Behaviour cloning,test_007_925513ee8ec6,3018804584.0,116506.58029655278,9908.07066726371,95853.0182456909,3774.2330287862856,4250.104277633738,1555.3900134543258,1165.7640637238196,0.0,116506.58029655278,0.0,0.0,True,1e-06,PASS
Behaviour cloning,test_007_925513ee8ec6,959653586.0,115361.90243725343,9903.31741335682,94794.33641016152,3734.2203115142943,4247.164702218308,1552.7352649119127,1130.1283350905742,0.0,115361.90243725342,1.4551915228366852e-11,1.2614142902403845e-16,True,1e-06,PASS
PPO,test_007_925513ee8ec6,1694234878.0,204334.47044903907,8824.035677377216,182173.15637499615,7295.564364325277,3717.8318448211735,1256.7920204495904,1067.0901670696917,0.0,204334.4704490391,2.9103830456733704e-11,1.4243230910954982e-16,True,1e-06,PASS
PPO,test_007_925513ee8ec6,1635820214.0,152518.80017428138,9492.558795463074,131282.71057156124,5175.687622466238,4047.409473926177,1429.3091858854975,1091.1245249791405,0.0,152518.80017428138,0.0,0.0,True,1e-06,PASS
PPO,test_007_925513ee8ec6,456241246.0,183723.52808357656,9189.04583887526,161943.41524432486,6443.989874575631,3917.020397724347,1337.5957748007406,892.4609532756191,0.0,183723.52808357647,8.731149137020111e-11,4.752330432631512e-16,True,1e-06,PASS
Vanilla SAC,test_007_925513ee8ec6,3760190062.0,314974.71968169016,7835.110526062701,290420.0286028653,12417.20919713224,3375.6443251193623,923.9060416789232,2.820988831594219,0.0,314974.71968169016,0.0,0.0,True,1e-06,PASS
Vanilla SAC,test_007_925513ee8ec6,3890281123.0,314988.68418560066,7834.849243289985,290434.5266824827,12417.904162912577,3375.379702622384,923.9007752958884,2.1236189971901305,0.0,314988.68418560066,0.0,0.0,True,1e-06,PASS
Vanilla SAC,test_007_925513ee8ec6,4226533458.0,314976.84091531474,7834.984345589411,290421.45142082655,12417.283644994532,3375.530930476139,923.9007430715684,3.6898303564821,0.0,314976.84091531474,0.0,0.0,True,1e-06,PASS
Constrained SAC,test_007_925513ee8ec6,301721597.0,314997.98872185434,7835.767511820146,290440.46099186724,12418.139038838464,3376.26547837934,923.9506975225908,3.4050034263906586,0.0,314997.9887218541,2.3283064365386963e-10,7.391496199661798e-16,True,1e-06,PASS
Constrained SAC,test_007_925513ee8ec6,554911178.0,314991.64117155306,7835.21800884275,290435.8832822609,12417.939638743495,3375.716971028612,923.9261978137514,2.957072863595336,0.0,314991.64117155306,0.0,0.0,True,1e-06,PASS
Constrained SAC,test_007_925513ee8ec6,1600960620.0,314999.09593106067,7835.3208109827265,290443.59662961925,12418.296501444484,3375.820484758776,923.9360875776032,2.125416677870197,0.0,314999.09593106067,0.0,0.0,True,1e-06,PASS
Model-guided constrained SAC,test_007_925513ee8ec6,301721597.0,114483.08924396732,9946.547540508218,94041.83771180082,3704.8286905351497,4262.329825432184,1572.8667538144607,954.678721876448,0.0,114483.08924396729,2.9103830456733704e-11,2.542194716174409e-16,True,1e-06,PASS
Model-guided constrained SAC,test_007_925513ee8ec6,554911178.0,117089.00177603596,9906.753924330866,96654.18001387232,3798.8036303018457,4234.420936655305,1566.2753709700407,928.5678999055948,0.0,117089.00177603598,1.4551915228366852e-11,1.24280803556608e-16,True,1e-06,PASS
Model-guided constrained SAC,test_007_925513ee8ec6,1600960620.0,115881.46194270498,9900.356693368973,95535.47828826743,3757.193741424095,4229.738111101514,1563.557652034982,895.1374565078931,0.0,115881.46194270489,8.731149137020111e-11,7.534552110964077e-16,True,1e-06,PASS
Passive,test_008_fabe46a0ea00,,272079.6277691493,5993.370886101989,252390.3769873946,10791.405182254932,2168.7048531241594,735.7698602735558,0.0,0.0,272079.62776914926,5.820766091346741e-11,2.1393612373968223e-16,True,1e-06,PASS
Reactive,test_008_fabe46a0ea00,,92783.24764121397,7297.333271667622,78183.58943171643,3136.4437913472007,2390.672263019902,1221.0220771995223,554.1868062632799,0.0,92783.24764121398,1.4551915228366852e-11,1.5683774386339702e-16,True,1e-06,PASS
Projected stochastic MPC,test_008_fabe46a0ea00,,100425.61169121588,8595.370821088947,83722.91408338893,3382.2496171018624,3430.982592083636,1294.094577552458,0.0,0.0,100425.61169121582,5.820766091346741e-11,5.796097223927467e-16,True,1e-06,PASS
Behaviour cloning,test_008_fabe46a0ea00,1409200687.0,105804.69518076244,7820.468252113656,89142.68507173411,3558.042032266078,2853.8811850533084,1219.7307386588857,1209.8879009363854,0.0,105804.69518076243,1.4551915228366852e-11,1.3753562829613163e-16,True,1e-06,PASS
Behaviour cloning,test_008_fabe46a0ea00,3018804584.0,108823.2966062088,7805.717744353027,92107.33578861524,3669.7718076413694,2850.078473105422,1215.4949168611508,1174.8978756326055,0.0,108823.29660620881,1.4551915228366852e-11,1.3372058816619794e-16,True,1e-06,PASS
Behaviour cloning,test_008_fabe46a0ea00,959653586.0,107555.22140646137,7787.205482321704,90942.9361997261,3625.245789923521,2843.0328461357985,1212.7724378654527,1144.0286504887854,0.0,107555.22140646137,0.0,0.0,True,1e-06,PASS
PPO,test_008_fabe46a0ea00,1694234878.0,183040.66341348176,6820.0603232575695,165077.67622597647,6666.727360309482,2413.1059140318007,968.2158448208702,1094.8777450855798,0.0,183040.66341348176,0.0,0.0,True,1e-06,PASS
PPO,test_008_fabe46a0ea00,1635820214.0,143325.9333291293,7369.163326803701,126041.5169449019,5043.08758186908,2664.9727172804314,1097.531843304062,1109.6609149701706,0.0,143325.93332912936,5.820766091346741e-11,4.061209270467551e-16,True,1e-06,PASS
PPO,test_008_fabe46a0ea00,456241246.0,167759.54967179196,7117.014420070183,150074.21575665343,6036.790879285335,2551.8198202783483,1028.302748293591,951.40604721105,0.0,167759.54967179196,0.0,0.0,True,1e-06,PASS
Vanilla SAC,test_008_fabe46a0ea00,3760190062.0,271989.74458064896,5993.258575419714,252301.55620013943,10787.15018691054,2168.351752306627,735.7260350130907,3.701830859512984,0.0,271989.74458064896,0.0,0.0,True,1e-06,PASS
Vanilla SAC,test_008_fabe46a0ea00,3890281123.0,272018.2463815854,5993.307100209255,252329.4867091519,10788.492286578274,2168.443549264201,735.739902117965,2.776834263816712,0.0,272018.2463815855,5.820766091346741e-11,2.13984398795859e-16,True,1e-06,PASS
Vanilla SAC,test_008_fabe46a0ea00,4226533458.0,271995.0756535663,5993.083695207707,252305.89116695945,10787.361767068434,2168.287241588373,735.7276893594485,4.7240933829239165,0.0,271995.07565356634,5.820766091346741e-11,2.1400262770788222e-16,True,1e-06,PASS
Constrained SAC,test_008_fabe46a0ea00,301721597.0,272014.9560150723,5993.803470822631,252324.33173873555,10788.24972986092,2168.6127678301364,735.7501093363674,4.208198486660281,0.0,272014.95601507224,5.820766091346741e-11,2.139869872090494e-16,True,1e-06,PASS
Constrained SAC,test_008_fabe46a0ea00,554911178.0,272015.2793090323,5993.471096995061,252325.46566829117,10788.275108866112,2168.5128242013093,735.7497008484486,3.804909830173136,0.0,272015.27930903225,5.820766091346741e-11,2.139867328825253e-16,True,1e-06,PASS
Constrained SAC,test_008_fabe46a0ea00,1600960620.0,272025.915393048,5993.623781210792,252336.4097560038,10788.80189699968,2168.559499329134,735.7569782931289,2.7634812113833376,0.0,272025.9153930479,1.1641532182693481e-10,4.27956732205927e-16,True,1e-06,PASS
Model-guided constrained SAC,test_008_fabe46a0ea00,301721597.0,106352.71713471226,7859.8797621782,89820.41749760733,3581.107387520741,2888.727732997691,1233.2361708794726,969.348583528836,0.0,106352.71713471226,0.0,0.0,True,1e-06,PASS
Model-guided constrained SAC,test_008_fabe46a0ea00,554911178.0,109328.15901315025,7818.518579126578,92790.8044232481,3691.73811860913,2864.162757352505,1225.973869639404,936.9612651745016,0.0,109328.15901315023,1.4551915228366852e-11,1.3310308487510993e-16,True,1e-06,PASS
Model-guided constrained SAC,test_008_fabe46a0ea00,1600960620.0,107993.53043799724,7812.9192426952095,91540.25659152555,3644.406331988947,2863.343505508405,1224.212584082794,908.392182196338,0.0,107993.53043799727,2.9103830456733704e-11,2.694960553534566e-16,True,1e-06,PASS
Passive,test_009_c8ef87e47101,,277892.9698082227,6421.542734076155,257305.04115686315,11001.540587725243,2397.383768675245,767.461560882992,0.0,0.0,277892.9698082228,5.820766091346741e-11,2.0946071774912915e-16,True,1e-06,PASS
Reactive,test_009_c8ef87e47101,,104626.39379416563,7702.603337056506,88852.78435163116,3593.5377129044045,2687.869411515621,1229.6668693042934,559.9321117536606,0.0,104626.39379416563,0.0,0.0,True,1e-06,PASS
Projected stochastic MPC,test_009_c8ef87e47101,,113835.76649370814,9020.829154308434,95846.68065042228,3899.919016386004,3756.8820204845065,1311.455652106937,0.0,0.0,113835.76649370816,1.4551915228366852e-11,1.2783254047989526e-16,True,1e-06,PASS
Behaviour cloning,test_009_c8ef87e47101,1409200687.0,118228.50209048508,8242.91272735585,100357.59225497418,4039.214824902737,3143.308934567387,1237.0348076020553,1208.4385410828086,0.0,118228.50209048504,4.3655745685100555e-11,3.6924891133010412e-16,True,1e-06,PASS
Behaviour cloning,test_009_c8ef87e47101,3018804584.0,121208.31221206374,8229.329976159912,103283.81777004644,4149.402766694624,3137.6822753450824,1232.989849995343,1175.0895738224035,0.0,121208.3122120638,5.820766091346741e-11,4.802282933502811e-16,True,1e-06,PASS
Behaviour cloning,test_009_c8ef87e47101,959653586.0,119949.4384786435,8212.71999085737,102129.3422597828,4105.473730976704,3129.182640300173,1229.844943837342,1142.8749128891002,0.0,119949.4384786435,0.0,0.0,True,1e-06,PASS
PPO,test_009_c8ef87e47101,1694234878.0,196148.78430106904,7216.789071435057,177019.5224786139,7174.711324241547,2664.485019844894,981.7040048645168,1091.5724020691716,0.0,196148.78430106907,2.9103830456733704e-11,1.483762979232244e-16,True,1e-06,PASS
PPO,test_009_c8ef87e47101,1635820214.0,155222.5872138743,7794.594080045373,136774.71611019343,5493.395801684143,2936.9414594146856,1115.1821823044563,1107.7575802321471,0.0,155222.58721387424,5.820766091346741e-11,3.749947862501845e-16,True,1e-06,PASS
PPO,test_009_c8ef87e47101,456241246.0,181034.85449638477,7524.375621069109,162159.05777281235,6549.384153414927,2813.9407189453755,1042.5442025952136,945.5520275477166,0.0,181034.85449638468,8.731149137020111e-11,4.822910572281246e-16,True,1e-06,PASS
Vanilla SAC,test_009_c8ef87e47101,3760190062.0,277834.0435079223,6422.286823947633,257244.4962643933,10998.553840455324,2397.6761542449053,767.4823439112319,3.548080969964923,0.0,277834.0435079224,5.820766091346741e-11,2.095051426331332e-16,True,1e-06,PASS
Vanilla SAC,test_009_c8ef87e47101,3890281123.0,277853.67947977025,6422.075861701771,257264.38271906215,10999.532962610856,2397.544811365691,767.4784439378014,2.664681091926412,0.0,277853.67947977013,1.1641532182693481e-10,4.1898067373050817e-16,True,1e-06,PASS
Vanilla SAC,test_009_c8ef87e47101,4226533458.0,277830.79182288505,6421.922519977275,257240.94054154973,10998.424096148725,2397.4749932814207,767.4632576827904,4.566414245078653,0.0,277830.79182288505,0.0,0.0,True,1e-06,PASS
Constrained SAC,test_009_c8ef87e47101,301721597.0,277867.199457016,6423.002098673235,257274.56765753467,10999.945772684709,2398.0413559306653,767.5329646123234,4.109607580360039,0.0,277867.19945701596,5.820766091346741e-11,2.0948014385005416e-16,True,1e-06,PASS
Constrained SAC,test_009_c8ef87e47101,554911178.0,277854.85817020736,6422.323955864622,257264.2226971141,10999.486149651164,2397.645774004412,767.498912870872,3.680680702005222,0.0,277854.85817020724,1.1641532182693481e-10,4.189788963690587e-16,True,1e-06,PASS
Constrained SAC,test_009_c8ef87e47101,1600960620.0,277869.1344554046,6422.5470797057815,257278.52662106036,11000.150113488073,2397.73719771711,767.5170782372827,2.65636519602807,0.0,277869.13445540465,5.820766091346741e-11,2.0947868509234945e-16,True,1e-06,PASS
Model-guided constrained SAC,test_009_c8ef87e47101,301721597.0,118756.9684842583,8285.943943636848,101010.0845947061,4061.558277137793,3179.7280244138706,1251.2841963193923,968.369448044298,0.0,118756.9684842583,0.0,0.0,True,1e-06,PASS
Model-guided constrained SAC,test_009_c8ef87e47101,554911178.0,121668.98322916547,8247.78553821743,103916.34133413836,4169.374000829988,3154.6502044153376,1244.238966597175,936.5931849671916,0.0,121668.98322916547,0.0,0.0,True,1e-06,PASS
Model-guided constrained SAC,test_009_c8ef87e47101,1600960620.0,120352.94657430596,8237.238166180634,102694.10719455947,4123.5478769364,3149.7404445542284,1241.3888990986752,906.9239929765092,0.0,120352.94657430591,4.3655745685100555e-11,3.6273100848550874e-16,True,1e-06,PASS
Passive,test_010_613ab99db82c,,264459.1068833884,5839.323343571438,245357.69680788272,10490.710152601943,2059.524623875984,711.8519554563935,0.0,0.0,264459.1068833885,5.820766091346741e-11,2.2010079970183712e-16,True,1e-06,PASS
Reactive,test_010_613ab99db82c,,91078.26436804148,7176.292895813061,76787.00387712469,3082.351555217767,2310.6618193553786,1177.216494807895,544.7377257227017,0.0,91078.2643680415,2.9103830456733704e-11,3.195474865345147e-16,True,1e-06,PASS
Projected stochastic MPC,test_010_613ab99db82c,,97470.73453860854,8406.382260669763,81248.09728555137,3282.7329545507664,3285.825110069449,1247.6969277671633,0.0,0.0,97470.7345386085,2.9103830456733704e-11,2.985904496821614e-16,True,1e-06,PASS
Behaviour cloning,test_010_613ab99db82c,1409200687.0,103487.80560028658,7629.262326466878,87297.10861270723,3483.8910500166303,2698.1922161299603,1168.778421470016,1210.5729734958911,0.0,103487.8056002866,2.9103830456733704e-11,2.812295640816362e-16,True,1e-06,PASS
Behaviour cloning,test_010_613ab99db82c,3018804584.0,106464.12413561664,7610.712475494758,90231.53345243548,3592.9983708156806,2689.305303661855,1164.405532531592,1175.16900067733,0.0,106464.12413561669,4.3655745685100555e-11,4.100512359402007e-16,True,1e-06,PASS
Behaviour cloning,test_010_613ab99db82c,959653586.0,105223.00620445612,7594.676360759216,89086.90796773057,3550.8741572511826,2685.016950419383,1161.3043088658217,1144.226459429959,0.0,105223.00620445612,0.0,0.0,True,1e-06,PASS
PPO,test_010_613ab99db82c,1694234878.0,178564.7067617281,6634.258961814195,161146.5451437675,6492.918838871731,2272.1222605992107,924.4974062467836,1094.364150428713,0.0,178564.70676172813,2.9103830456733704e-11,1.6298758575830478e-16,True,1e-06,PASS
PPO,test_010_613ab99db82c,1635820214.0,140126.9968495439,7180.518586530023,123347.0980804821,4928.510511140155,2513.971732774247,1048.909811994178,1107.988126623244,0.0,140126.99684954397,5.820766091346741e-11,4.1539219580910375e-16,True,1e-06,PASS
PPO,test_010_613ab99db82c,456241246.0,163850.18170587352,6929.923384808239,146694.80240199322,5892.221283786687,2401.883306875596,982.994534778682,948.3567936311337,0.0,163850.18170587355,2.9103830456733704e-11,1.776246455983663e-16,True,1e-06,PASS
Vanilla SAC,test_010_613ab99db82c,3760190062.0,264376.6321689192,5839.57934431744,245275.38812870905,10486.777440330685,2059.721244439868,711.8325138191996,3.3334973029278383,0.0,264376.6321689192,0.0,0.0,True,1e-06,PASS
Vanilla SAC,test_010_613ab99db82c,3890281123.0,264402.1575895047,5839.483371968946,245300.72627325164,10487.995142664857,2059.610128075867,711.8369914487557,2.5056820945875637,0.0,264402.15758950467,5.820766091346741e-11,2.201482069743062e-16,True,1e-06,PASS
Vanilla SAC,test_010_613ab99db82c,4226533458.0,264380.4005216264,5839.345439465624,245278.41658726573,10486.929289780528,2059.577237209204,711.8313726448628,4.300595260480848,0.0,264380.4005216264,0.0,0.0,True,1e-06,PASS
Constrained SAC,test_010_613ab99db82c,301721597.0,264397.544607522,5840.01000078573,245294.34166356243,10487.709551196453,2059.7956440057424,711.8445331273043,3.84321484412776,0.0,264397.5446075218,2.3283064365386963e-10,8.806081917269275e-16,True,1e-06,PASS
Constrained SAC,test_010_613ab99db82c,554911178.0,264397.8315695878,5839.610888868249,245295.58728501308,10487.735203019798,2059.599105323392,711.8446477431934,3.454439620088656,0.0,264397.8315695878,0.0,0.0,True,1e-06,PASS
Constrained SAC,test_010_613ab99db82c,1600960620.0,264408.7126511248,5839.7499177617465,245306.7029766419,10488.26746720162,2059.6503954083755,711.8500403080759,2.491853803167529,0.0,264408.71265112486,5.820766091346741e-11,2.2014274919249635e-16,True,1e-06,PASS
Model-guided constrained SAC,test_010_613ab99db82c,301721597.0,103799.08199151578,7665.093184830044,87691.41092887355,3497.089389397291,2737.9588147181985,1176.664727003881,1030.8649466927864,0.0,103799.08199151575,2.9103830456733704e-11,2.803862028289669e-16,True,1e-06,PASS
Model-guided constrained SAC,test_010_613ab99db82c,554911178.0,106709.99765810095,7637.472730105122,90579.29854329478,3603.847338689471,2722.476071215367,1170.3674287514718,996.5355460448092,0.0,106709.99765810101,5.820766091346741e-11,5.454752337261301e-16,True,1e-06,PASS
Model-guided constrained SAC,test_010_613ab99db82c,1600960620.0,105405.89352976554,7623.865267605791,89369.3569618778,3559.37489433609,2718.435309173032,1167.2221624463314,967.6389343264924,0.0,105405.89352976553,1.4551915228366852e-11,1.3805599232700912e-16,True,1e-06,PASS
Passive,test_011_8a2e74b38d5d,,297830.7586722162,7139.614057487095,275213.6570465055,11767.256143554763,2858.374149688673,851.8572749801485,0.0,0.0,297830.7586722162,0.0,0.0,True,1e-06,PASS
Reactive,test_011_8a2e74b38d5d,,111807.73961525486,8389.908320587254,94531.73871967458,3821.4775875601295,3110.190401934143,1353.6663129098613,600.758272588873,0.0,111807.73961525486,0.0,0.0,True,1e-06,PASS
Projected stochastic MPC,test_011_8a2e74b38d5d,,122215.43166771372,9834.77462294308,102471.6314943447,4165.49905392937,4300.649040219593,1442.8774562769408,0.0,0.0,122215.43166771368,4.3655745685100555e-11,3.572032196702809e-16,True,1e-06,PASS
Behaviour cloning,test_011_8a2e74b38d5d,1409200687.0,126529.22471769336,9035.42211215418,106945.5365315285,4305.026777554145,3666.664648033904,1371.6896815808095,1204.8849668417834,0.0,126529.22471769332,4.3655745685100555e-11,3.450249994220972e-16,True,1e-06,PASS
Behaviour cloning,test_011_8a2e74b38d5d,3018804584.0,129678.8373341607,9021.985981003008,110031.44725225604,4422.426536486646,3662.694598345861,1367.2299389319585,1173.0530271371815,0.0,129678.83733416068,1.4551915228366852e-11,1.1221503467731591e-16,True,1e-06,PASS
Behaviour cloning,test_011_8a2e74b38d5d,959653586.0,128458.73829303111,9006.570746176436,108916.37886427568,4379.593538015576,3651.595932725384,1364.536121594715,1140.0630902433527,0.0,128458.73829303114,2.9103830456733704e-11,2.2656170256276435e-16,True,1e-06,PASS
PPO,test_011_8a2e74b38d5d,1694234878.0,208708.3177908878,7976.60988074921,187789.8536764716,7608.218601376545,3144.8203240058683,1101.1839891894074,1087.6313190952822,0.0,208708.31779088796,1.4551915228366852e-10,6.972369564564709e-16,True,1e-06,PASS
PPO,test_011_8a2e74b38d5d,1635820214.0,164163.05871779018,8584.785387138043,143997.2488808128,5780.952651822989,3446.2146395650766,1248.1707828355836,1105.6863756156745,0.0,164163.05871779018,0.0,0.0,True,1e-06,PASS
PPO,test_011_8a2e74b38d5d,456241246.0,192057.5182079141,8300.141140789476,171415.22478153795,6920.972589059028,3318.0581419166574,1167.4729723836358,935.6485822272656,0.0,192057.51820791402,8.731149137020111e-11,4.546111612026613e-16,True,1e-06,PASS
Vanilla SAC,test_011_8a2e74b38d5d,3760190062.0,297775.46327052126,7140.269290162219,275156.6973271763,11764.43669926499,2858.586610252164,851.8598758631505,3.6134678025539175,0.0,297775.46327052126,0.0,0.0,True,1e-06,PASS
Vanilla SAC,test_011_8a2e74b38d5d,3890281123.0,297794.96914489684,7140.113784828623,275176.35786251555,11765.401927982852,2858.5273574143093,851.8650964610824,2.7031156944993646,0.0,297794.96914489695,1.1641532182693481e-10,3.909244073572348e-16,True,1e-06,PASS
Vanilla SAC,test_011_8a2e74b38d5d,4226533458.0,297774.6618342405,7139.976767880899,275155.3913244815,11764.403752821425,2858.428492669265,851.8456618760985,4.615834511276325,0.0,297774.6618342405,0.0,0.0,True,1e-06,PASS
Constrained SAC,test_011_8a2e74b38d5d,301721597.0,297806.6555957053,7140.999992621507,275184.7962874593,11765.736984770634,2859.0457114843525,851.9209120309367,4.155707338674911,0.0,297806.6555957053,0.0,0.0,True,1e-06,PASS
Constrained SAC,test_011_8a2e74b38d5d,554911178.0,297796.48834657983,7140.391572315636,275176.44735401944,11765.367141884451,2858.681973055731,851.8869966359308,3.713308668524223,0.0,297796.4883465797,1.1641532182693481e-10,3.90922413065694e-16,True,1e-06,PASS
Constrained SAC,test_011_8a2e74b38d5d,1600960620.0,297808.5919494796,7140.584206956223,275188.6963446174,11765.93874129504,2858.7689554542867,851.9067033284517,2.696997828184023,0.0,297808.59194947954,5.820766091346741e-11,1.954532625551038e-16,True,1e-06,PASS
Model-guided constrained SAC,test_011_8a2e74b38d5d,301721597.0,127127.72106708706,9083.44482582155,107652.56299467292,4330.288963427858,3711.746980865546,1384.7079225202322,964.9693797789251,0.0,127127.72106708703,2.9103830456733704e-11,2.2893378574272725e-16,True,1e-06,PASS
Model-guided constrained SAC,test_011_8a2e74b38d5d,554911178.0,130623.34317335412,9059.750505544289,111144.46338595734,4456.666279046543,3704.9883170621474,1382.1890706897734,875.2856150539994,0.0,130623.3431733541,2.9103830456733704e-11,2.22807269739752e-16,True,1e-06,PASS
Model-guided constrained SAC,test_011_8a2e74b38d5d,1600960620.0,128894.0233223928,9032.057793667693,109506.02192542033,4399.319278445736,3677.913772595019,1374.626656384315,904.0838958797016,0.0,128894.02332239276,2.9103830456733704e-11,2.257965862694697e-16,True,1e-06,PASS
Passive,test_012_b6bdc05b20a7,,294432.7039944488,7011.662930275648,272182.11154512747,11637.636850201308,2762.523062318558,838.769606525827,0.0,0.0,294432.7039944488,0.0,0.0,True,1e-06,PASS
Reactive,test_012_b6bdc05b20a7,,104013.5529983486,8290.380650711319,87265.37649249088,3507.2632596084964,2998.500045808333,1354.7515041852976,597.2810455442687,0.0,104013.5529983486,0.0,0.0,True,1e-06,PASS
Projected stochastic MPC,test_012_b6bdc05b20a7,,114063.62175635473,9764.947372948189,94814.29983331948,3835.0695116150414,4203.717038396013,1445.5880000760335,0.0,0.0,114063.62175635477,4.3655745685100555e-11,3.827315406339743e-16,True,1e-06,PASS
Behaviour cloning,test_012_b6bdc05b20a7,1409200687.0,118670.89493291566,8961.611880903713,99581.12181005058,3985.4526084126114,3565.2309724408256,1373.501135221717,1203.9765258862003,0.0,118670.89493291565,1.4551915228366852e-11,1.2262412983902253e-16,True,1e-06,PASS
Behaviour cloning,test_012_b6bdc05b20a7,3018804584.0,121764.7026350024,8940.991364520627,102630.16861557374,4099.692220845779,3553.9017724942155,1369.0772096286178,1170.871451939419,0.0,121764.7026350024,0.0,0.0,True,1e-06,PASS
Behaviour cloning,test_012_b6bdc05b20a7,959653586.0,120551.22420222804,8931.311412876028,101506.4772253738,4057.462289265919,3551.538801880364,1365.9116014033382,1138.5228714285522,0.0,120551.224202228,4.3655745685100555e-11,3.6213440364460195e-16,True,1e-06,PASS
PPO,test_012_b6bdc05b20a7,1694234878.0,201313.27957043416,7893.907204392041,180886.2878977447,7296.72536557321,3050.149850564929,1101.219734908498,1084.9895172508595,0.0,201313.27957043424,8.731149137020111e-11,4.337095474104238e-16,True,1e-06,PASS
PPO,test_012_b6bdc05b20a7,1635820214.0,156712.0731806089,8506.052980065719,137029.86958673075,5473.700837966818,3351.154499807936,1248.3387655874217,1102.9565104502597,0.0,156712.07318060892,2.9103830456733704e-11,1.8571530492862455e-16,True,1e-06,PASS
PPO,test_012_b6bdc05b20a7,456241246.0,184331.5142234777,8222.066414036362,164193.90230378415,6597.871041778613,3221.333986740661,1168.8481322445675,927.4923448932695,0.0,184331.51422347766,2.9103830456733704e-11,1.5788852263997105e-16,True,1e-06,PASS
Vanilla SAC,test_012_b6bdc05b20a7,3760190062.0,294383.55478330783,7012.325624513214,272131.42995799304,11635.133765104756,2762.6813922643246,838.7849191587181,3.1991242738444114,0.0,294383.5547833079,5.820766091346741e-11,1.977272845839278e-16,True,1e-06,PASS
Vanilla SAC,test_012_b6bdc05b20a7,3890281123.0,294400.91425578605,7012.146493346537,272148.9616957001,11635.993715339286,2762.6251246226743,838.7847942116435,2.4024325657931915,0.0,294400.91425578605,0.0,0.0,True,1e-06,PASS
Vanilla SAC,test_012_b6bdc05b20a7,4226533458.0,294383.5238028653,7012.04009996515,272130.94519173086,11635.132101827332,2762.5020359963214,838.7746701143176,4.129703231470294,0.0,294383.5238028655,1.7462298274040222e-10,5.931819161772755e-16,True,1e-06,PASS
Constrained SAC,test_012_b6bdc05b20a7,301721597.0,294413.0666735732,7013.003214752165,272158.0656069308,11636.367673389776,2763.083042592173,838.8406345505207,3.706501357956772,0.0,294413.0666735734,1.7462298274040222e-10,5.931223933549568e-16,True,1e-06,PASS
Constrained SAC,test_012_b6bdc05b20a7,554911178.0,294403.4234964534,7012.439046915157,272150.08715398645,11636.008526284822,2762.758782078602,838.8091275787368,3.3208596097103737,0.0,294403.4234964535,1.1641532182693481e-10,3.954278807098765e-16,True,1e-06,PASS
Constrained SAC,test_012_b6bdc05b20a7,1600960620.0,294414.1792845492,7012.590856596733,272160.9989232803,11636.520315680436,2762.8581963724164,838.8237903557101,2.387202263730703,0.0,294414.17928454926,5.820766091346741e-11,1.9770671730185292e-16,True,1e-06,PASS
Model-guided constrained SAC,test_012_b6bdc05b20a7,301721597.0,119436.33013500011,8982.83486581807,100496.63775386836,4016.3317945691215,3589.56712505187,1387.240895990744,963.7176997019508,0.0,119436.33013500011,0.0,0.0,True,1e-06,PASS
Model-guided constrained SAC,test_012_b6bdc05b20a7,554911178.0,122426.78486693295,8939.95321590447,103485.0993465775,4126.610551821105,3562.0357308548,1379.9260882116646,933.1599335634096,0.0,122426.78486693295,0.0,0.0,True,1e-06,PASS
Model-guided constrained SAC,test_012_b6bdc05b20a7,1600960620.0,120811.4064366639,8962.30814561257,101853.83635345024,4068.698825740947,3593.165655456012,1371.5298631748751,961.8675932292268,0.0,120811.40643666388,2.9103830456733704e-11,2.4090300175415606e-16,True,1e-06,PASS
Passive,test_013_040653995d85,,262576.655740617,5802.734031108847,243669.78175660185,10418.540292372852,1983.8349871272503,701.7646734062596,0.0,0.0,262576.6557406171,5.820766091346741e-11,2.216787351079949e-16,True,1e-06,PASS
Reactive,test_013_040653995d85,,87654.18427353952,7120.755854706866,73540.19686132367,2940.58571753088,2326.0780148385847,1149.765888053458,576.8019370860859,0.0,87654.18427353953,1.4551915228366852e-11,1.6601506646796427e-16,True,1e-06,PASS
Projected stochastic MPC,test_013_040653995d85,,95532.02282422196,8399.812344175949,79329.08185571888,3194.947313276266,3363.5857950236,1244.595516027238,0.0,0.0,95532.02282422193,2.9103830456733704e-11,3.0464999689459607e-16,True,1e-06,PASS
Behaviour cloning,test_013_040653995d85,1409200687.0,100164.73649259612,7643.405217120869,84042.51255371278,3343.7538228880417,2757.9352134352102,1169.1911494532626,1207.9385359859402,0.0,100164.73649259612,0.0,0.0,True,1e-06,PASS
Behaviour cloning,test_013_040653995d85,3018804584.0,103051.67470697097,7631.964318536406,86876.29282657751,3449.6673981338545,2753.847105508935,1165.0294259410243,1174.8736322731845,0.0,103051.67470697092,4.3655745685100555e-11,4.236296577346884e-16,True,1e-06,PASS
Behaviour cloning,test_013_040653995d85,959653586.0,101778.76148391396,7614.878589824163,85711.29098781844,3405.7095481308043,2741.7382463259864,1162.2392156551712,1142.9048961593303,0.0,101778.7614839139,5.820766091346741e-11,5.719038045345745e-16,True,1e-06,PASS
PPO,test_013_040653995d85,1694234878.0,176833.45048148907,6649.347595642481,159473.23638288892,6424.211343495099,2276.4091739062155,919.199924401476,1091.0460611550227,0.0,176833.45048148924,1.7462298274040222e-10,9.874997194531459e-16,True,1e-06,PASS
PPO,test_013_040653995d85,1635820214.0,135934.08414034662,7215.814651360766,119263.274417517,4746.869080989923,2549.9436493696203,1050.899654843533,1107.282686265757,0.0,135934.0841403466,2.9103830456733704e-11,2.1410252359286976e-16,True,1e-06,PASS
PPO,test_013_040653995d85,456241246.0,161195.74761209165,6955.837934027764,144108.4202778968,5777.13592010063,2430.81805265373,981.0041993028492,942.5312281098476,0.0,161195.74761209163,2.9103830456733704e-11,1.8054961677258637e-16,True,1e-06,PASS
Vanilla SAC,test_013_040653995d85,3760190062.0,262517.05272856064,5803.6219815211925,243608.34193291803,10415.545467376309,1984.3145630284532,701.8093718682527,3.4194118483966185,0.0,262517.05272856064,0.0,0.0,True,1e-06,PASS
Vanilla SAC,test_013_040653995d85,3890281123.0,262536.61197120487,5803.355188627791,243628.25481414303,10416.5164330853,1984.121177542014,701.7967801843166,2.567577622339111,0.0,262536.6119712048,5.820766091346741e-11,2.2171254697174064e-16,True,1e-06,PASS
Vanilla SAC,test_013_040653995d85,4226533458.0,262513.231791914,5803.254272902976,243604.2923303992,10415.392434073005,1984.089980520128,701.7902022307876,4.412571787961847,0.0,262513.23179191403,5.820766091346741e-11,2.2173229332533913e-16,True,1e-06,PASS
Constrained SAC,test_013_040653995d85,301721597.0,262550.76358484017,5804.274964737855,243639.0939903239,10416.958206618168,1984.6078892783523,701.8481119317017,3.980421950202724,0.0,262550.7635848402,5.820766091346741e-11,2.2170059655780926e-16,True,1e-06,PASS
Constrained SAC,test_013_040653995d85,554911178.0,262538.6808846229,5803.624593825268,243628.96780433125,10416.51005249942,1984.203941242201,701.819226741579,3.5552659832128115,0.0,262538.6808846229,0.0,0.0,True,1e-06,PASS
Constrained SAC,test_013_040653995d85,1600960620.0,262552.35764613387,5803.80659452177,243642.7399995186,10417.147630206136,1984.2710200527083,701.8302746152847,2.5621272192746685,0.0,262552.3576461338,5.820766091346741e-11,2.2169925052403933e-16,True,1e-06,PASS
Model-guided constrained SAC,test_013_040653995d85,301721597.0,100640.20117727654,7681.958969046924,84658.20897580408,3363.9467691102573,2784.3710402538486,1183.6119574249076,968.103465636537,0.0,100640.20117727655,1.4551915228366852e-11,1.4459346322980638e-16,True,1e-06,PASS
Model-guided constrained SAC,test_013_040653995d85,554911178.0,103433.3777969403,7647.265143278224,87445.45019967515,3466.789030265112,2760.722080038181,1176.511011903613,936.6403317799736,0.0,103433.37779694024,5.820766091346741e-11,5.627551004641875e-16,True,1e-06,PASS
Model-guided constrained SAC,test_013_040653995d85,1600960620.0,102119.78247890245,7635.642408763205,86228.79859262772,3421.448212757748,2752.905644936683,1173.9223422316006,907.0652775854996,0.0,102119.78247890245,0.0,0.0,True,1e-06,PASS
Passive,test_014_f00647451070,,271728.8220019757,6003.456337871984,252042.5935627197,10776.535074387826,2175.294894004042,730.942132992195,0.0,0.0,271728.8220019758,5.820766091346741e-11,2.1421231831286627e-16,True,1e-06,PASS
Reactive,test_014_f00647451070,,91580.17251843016,7320.676283476363,76957.31079145319,3083.548712426988,2439.3515573791165,1214.046934284661,565.2382394098298,0.0,91580.17251843015,1.4551915228366852e-11,1.588980980073862e-16,True,1e-06,PASS
Projected stochastic MPC,test_014_f00647451070,,99848.9850844944,8597.636494166545,83139.54910178718,3356.5906991980964,3466.9975698361745,1288.2112195063537,0.0,0.0,99848.98508449436,4.3655745685100555e-11,4.3721772082268144e-16,True,1e-06,PASS
Behaviour cloning,test_014_f00647451070,1409200687.0,104580.92636455038,7841.801987480449,87927.07493507968,3506.665824675305,2877.665072206948,1218.9257900416253,1208.792755066415,0.0,104580.92636455043,4.3655745685100555e-11,4.174350639515703e-16,True,1e-06,PASS
Behaviour cloning,test_014_f00647451070,3018804584.0,107326.80418040857,7815.861371706444,90651.74582979432,3608.499154066418,2861.3592500310074,1214.1887276527475,1175.1498471576133,0.0,107326.80418040855,1.4551915228366852e-11,1.3558509767891848e-16,True,1e-06,PASS
Behaviour cloning,test_014_f00647451070,959653586.0,106132.46129361134,7800.037343747427,89553.16609701733,3566.6195927399663,2857.5805286534346,1211.1030655330358,1143.9546659201842,0.0,106132.46129361138,4.3655745685100555e-11,4.1133264180436395e-16,True,1e-06,PASS
PPO,test_014_f00647451070,1694234878.0,182670.77187730037,6837.69962195869,164690.34350005558,6653.379657889254,2430.797425595825,965.010126519309,1093.5415452816962,0.0,182670.77187730034,2.9103830456733704e-11,1.593239583849938e-16,True,1e-06,PASS
PPO,test_014_f00647451070,1635820214.0,142089.48925762172,7400.086006368239,124797.2947018101,4989.459860990246,2695.3066866579125,1097.4279754242368,1109.914026370989,0.0,142089.48925762172,0.0,0.0,True,1e-06,PASS
PPO,test_014_f00647451070,456241246.0,167030.12782270784,7151.790290652562,149309.39151771396,6008.457884581984,2583.3373199868106,1027.711483074159,949.4393266983128,0.0,167030.1278227078,5.820766091346741e-11,3.484859987370137e-16,True,1e-06,PASS
Vanilla SAC,test_014_f00647451070,3760190062.0,271640.7811257341,6003.452404263943,251955.48401230105,10772.37415826673,2174.807320242272,730.9073143468927,3.755916313253578,0.0,271640.78112573415,5.820766091346741e-11,2.1428174618053718e-16,True,1e-06,PASS
Vanilla SAC,test_014_f00647451070,3890281123.0,271668.7392429524,6003.465139106181,251982.9169838339,10773.687808681116,2174.9350769286084,730.9188746893306,2.8153597134207557,0.0,271668.7392429525,1.1641532182693481e-10,4.2851938780790313e-16,True,1e-06,PASS
Vanilla SAC,test_014_f00647451070,4226533458.0,271647.35427383124,6003.348467144711,251960.89282509912,10772.630686062725,2174.778978054226,730.9112066765508,4.79211079396583,0.0,271647.35427383136,1.1641532182693481e-10,4.2855312225711423e-16,True,1e-06,PASS
Constrained SAC,test_014_f00647451070,301721597.0,271665.6380219358,6003.98183668867,251977.9514424496,10773.450201705444,2175.037850569752,730.9310000138188,4.285690508553736,0.0,271665.6380219358,0.0,0.0,True,1e-06,PASS
Constrained SAC,test_014_f00647451070,554911178.0,271666.7958823547,6003.676852254826,251979.81596285125,10773.51154109578,2174.9939865292818,730.9312271776395,3.866312445954107,0.0,271666.7958823547,0.0,0.0,True,1e-06,PASS
Constrained SAC,test_014_f00647451070,1600960620.0,271676.7973984494,6003.788561871901,251990.20719154456,10774.011740920165,2175.045317322776,730.9368330947249,2.8077536952033637,0.0,271676.79739844933,5.820766091346741e-11,2.142533387865961e-16,True,1e-06,PASS
Model-guided constrained SAC,test_014_f00647451070,301721597.0,105088.18487386112,7885.391749419998,88551.50285937775,3528.318400628933,2923.075471316328,1231.1003562670596,968.7960368510752,0.0,105088.18487386116,4.3655745685100555e-11,4.1542011347423295e-16,True,1e-06,PASS
Model-guided constrained SAC,test_014_f00647451070,554911178.0,108214.5741595403,7869.329621107278,91673.62107723064,3639.3531706066015,2925.6455191834702,1229.3997029972154,877.2250684150707,0.0,108214.57415954025,4.3655745685100555e-11,4.034183567616232e-16,True,1e-06,PASS
Model-guided constrained SAC,test_014_f00647451070,1600960620.0,106557.54699762128,7836.696375400154,90110.54418710816,3585.068456912933,2895.524474654446,1221.8324132116009,907.8810903339524,0.0,106557.54699762123,4.3655745685100555e-11,4.096917291656038e-16,True,1e-06,PASS
Passive,test_015_643a837775f9,,324604.5846763253,8248.68788445907,298941.07310120977,12781.76541777312,3657.5486400329128,975.50963285056,0.0,0.0,324604.58467632544,1.1641532182693481e-10,3.586373308405876e-16,True,1e-06,PASS
Reactive,test_015_643a837775f9,,109599.7814312417,9413.41140728303,90528.0578437998,3614.78087230664,3779.008829569949,1575.3956818495908,689.1267964326563,0.0,109599.78143124167,2.9103830456733704e-11,2.6554642789130217e-16,True,1e-06,PASS
Projected stochastic MPC,test_015_643a837775f9,,121718.8646717304,11120.331662227803,99729.86015910632,4005.470511460466,5188.852413581383,1674.3499253544207,0.0,0.0,121718.8646717304,0.0,0.0,True,1e-06,PASS
Behaviour cloning,test_015_643a837775f9,1409200687.0,125157.15506158466,10298.364618758003,103420.198069836,4116.057343451408,4516.461042746934,1610.5760034078091,1195.4979833845227,0.0,125157.15506158468,1.4551915228366852e-11,1.1626914355161282e-16,True,1e-06,PASS
Behaviour cloning,test_015_643a837775f9,3018804584.0,128193.31091203252,10282.707569115932,106400.00973956182,4227.351009506751,4510.090714444102,1606.4101921997697,1166.74168720417,0.0,128193.31091203252,0.0,0.0,True,1e-06,PASS
Behaviour cloning,test_015_643a837775f9,959653586.0,127020.6908604375,10272.0230563636,105325.57210568411,4186.305018894687,4501.575830482237,1603.706143972621,1131.5087050402262,0.0,127020.69086043749,1.4551915228366852e-11,1.1456334499357744e-16,True,1e-06,PASS
PPO,test_015_643a837775f9,1694234878.0,216365.118156982,9189.341510243996,193055.7244438145,7767.337593902774,3973.388377837383,1307.3503316181436,1071.9758995652924,0.0,216365.1181569821,8.731149137020111e-11,4.0353774265430786e-16,True,1e-06,PASS
PPO,test_015_643a837775f9,1635820214.0,165008.63573723967,9845.675853662397,142624.9926711891,5670.16070794132,4294.478900218791,1478.1759545946643,1095.1516496332592,0.0,165008.6357372395,1.7462298274040222e-10,1.0582657202164405e-15,True,1e-06,PASS
PPO,test_015_643a837775f9,456241246.0,196162.9441382437,9549.048979559182,173221.55474012482,6933.603517781221,4170.395084579764,1385.8774468500385,902.4643693486956,0.0,196162.9441382437,0.0,0.0,True,1e-06,PASS
Vanilla SAC,test_015_643a837775f9,3760190062.0,324563.1593412688,8249.512604544843,298896.9246812084,12779.590127051944,3658.394754954903,975.5247398423572,3.2124336663670974,0.0,324563.15934126877,5.820766091346741e-11,1.7934155260136511e-16,True,1e-06,PASS
Vanilla SAC,test_015_643a837775f9,3890281123.0,324579.0981477798,8249.344243320627,298913.22344466066,12780.382285410971,3658.207168888212,975.5282045303032,2.41280096889154,0.0,324579.09814777964,1.7462298274040222e-10,5.379982375232829e-16,True,1e-06,PASS
Vanilla SAC,test_015_643a837775f9,4226533458.0,324564.2831418448,8249.372030411145,298897.3436797545,12779.62686331402,3658.268249594896,975.5144773170304,4.15784145325058,0.0,324564.28314184485,5.820766091346741e-11,1.7934093163303748e-16,True,1e-06,PASS
Constrained SAC,test_015_643a837775f9,301721597.0,324587.53360212024,8250.200836921565,298918.3393113667,12780.576199784651,3659.022542185288,975.5768930836972,3.8178187781090447,0.0,324587.53360212,2.3283064365386963e-10,7.173123412043103e-16,True,1e-06,PASS
Constrained SAC,test_015_643a837775f9,554911178.0,324580.85462439025,8249.675546505172,298913.4229658955,12780.362125210251,3658.50855931491,975.55049254174,3.334934922900473,0.0,324580.8546243905,2.3283064365386963e-10,7.173271015115931e-16,True,1e-06,PASS
Constrained SAC,test_015_643a837775f9,1600960620.0,324588.33112138143,8249.762977718028,298921.26652613864,12780.72967209626,3658.581735817249,975.5628552567536,2.4273543544197307,0.0,324588.3311213814,5.820766091346741e-11,1.793276446888054e-16,True,1e-06,PASS
Model-guided constrained SAC,test_015_643a837775f9,301721597.0,125857.54796185072,10340.336946034942,104245.28138215802,4145.493216706472,4546.621012124915,1624.1143722385368,955.7010325878302,0.0,125857.54796185072,0.0,0.0,True,1e-06,PASS
Model-guided constrained SAC,test_015_643a837775f9,554911178.0,128784.8909448898,10296.43954024941,107172.52376674456,4253.627198415295,4515.863112596308,1617.1530471447334,929.2842797395116,0.0,128784.89094488983,2.9103830456733704e-11,2.2598792640347804e-16,True,1e-06,PASS
Model-guided constrained SAC,test_015_643a837775f9,1600960620.0,127522.23353510303,10290.656618330622,105999.13431020534,4209.441664595339,4512.178805746592,1614.6716180136846,896.1505182114839,0.0,127522.23353510306,2.9103830456733704e-11,2.282255387937688e-16,True,1e-06,PASS
Passive,test_016_45a90ccef8bd,,297966.9680593577,7173.841117505077,275296.5531436049,11770.800521881434,2871.183303048213,854.5899733180663,0.0,0.0,297966.96805935766,5.820766091346741e-11,1.9534937477321955e-16,True,1e-06,PASS
Reactive,test_016_45a90ccef8bd,,107846.53671301198,8425.670721879404,90663.5587099048,3653.875148306264,3132.703716076981,1365.9920644957333,604.7363523488302,0.0,107846.53671301201,2.9103830456733704e-11,2.6986337571674886e-16,True,1e-06,PASS
Projected stochastic MPC,test_016_45a90ccef8bd,,118400.62573760978,9890.876535479643,98710.0711301612,4001.475614631032,4338.133468221688,1460.0689891161694,0.0,0.0,118400.62573760973,4.3655745685100555e-11,3.6871211966266976e-16,True,1e-06,PASS
Behaviour cloning,test_016_45a90ccef8bd,1409200687.0,122709.0160125723,9092.815380100605,103183.58765163308,4141.423407272692,3698.032249010308,1389.286811378467,1203.8705131771603,0.0,122709.0160125723,0.0,0.0,True,1e-06,PASS
Behaviour cloning,test_016_45a90ccef8bd,3018804584.0,125753.517581098,9080.420725436325,106166.57701351227,4254.323941959284,3694.844052788201,1385.1284834855214,1172.2233639163985,0.0,125753.51758109801,1.4551915228366852e-11,1.157177589007192e-16,True,1e-06,PASS
Behaviour cloning,test_016_45a90ccef8bd,959653586.0,124477.8195883137,9065.058159716324,104999.6029768038,4209.369755077278,3682.0629991050314,1382.5497340264608,1139.175963584739,0.0,124477.81958831364,5.820766091346741e-11,4.676147212891259e-16,True,1e-06,PASS
PPO,test_016_45a90ccef8bd,1694234878.0,206035.42048438272,8030.75785129648,185149.9734293056,7487.8255206539325,3166.704922091368,1114.425301424439,1085.7334596108776,0.0,206035.4204843827,2.9103830456733704e-11,1.4125644216082615e-16,True,1e-06,PASS
PPO,test_016_45a90ccef8bd,1635820214.0,160381.0177029169,8648.859942285964,140271.15296013324,5615.177662375463,3475.839889700925,1265.1767683836767,1104.810480037639,0.0,160381.01770291693,2.9103830456733704e-11,1.8146680245317075e-16,True,1e-06,PASS
PPO,test_016_45a90ccef8bd,456241246.0,188708.560294506,8362.258262717149,168113.4006620979,6770.8464748967335,3347.265465129151,1183.199602253109,931.589827411906,0.0,188708.5602945059,8.731149137020111e-11,4.62679018026206e-16,True,1e-06,PASS
Vanilla SAC,test_016_45a90ccef8bd,3760190062.0,297913.077994224,7174.543540843647,275240.88249077304,11768.0523234966,2871.4645352819825,854.5939040987024,3.541199730103384,0.0,297913.07799422415,1.7462298274040222e-10,5.861541356831198e-16,True,1e-06,PASS
Vanilla SAC,test_016_45a90ccef8bd,3890281123.0,297932.26798424183,7174.373988590307,275260.2537963908,11769.000448007477,2871.3916878130017,854.5989275436925,2.6491358966463645,0.0,297932.2679842419,5.820766091346741e-11,1.953721270518644e-16,True,1e-06,PASS
Vanilla SAC,test_016_45a90ccef8bd,4226533458.0,297913.5742839929,7174.277467735954,275240.79905100894,11768.07084402262,2871.3144219569326,854.5836155698369,4.528883698536485,0.0,297913.5742839928,5.820766091346741e-11,1.953843864059032e-16,True,1e-06,PASS
Constrained SAC,test_016_45a90ccef8bd,301721597.0,297944.0053239638,7175.2615105693285,275268.71688077453,11769.33745707751,2871.9512131303954,854.6551866917042,4.083075720396285,0.0,297944.0053239639,5.820766091346741e-11,1.9536443047470077e-16,True,1e-06,PASS
Constrained SAC,test_016_45a90ccef8bd,554911178.0,297934.08383617474,7174.666506615449,275260.6032503068,11768.978385273773,2871.5724454086103,854.6218274839403,3.6414210862439353,0.0,297934.08383617486,1.1641532182693481e-10,3.907418725913488e-16,True,1e-06,PASS
Constrained SAC,test_016_45a90ccef8bd,1600960620.0,297945.54759848,7174.8340508866495,275272.2475237667,11769.522028747584,2871.660802736963,854.6401646229286,2.64302771916459,0.0,297945.54759847996,5.820766091346741e-11,1.9536341919735524e-16,True,1e-06,PASS
Model-guided constrained SAC,test_016_45a90ccef8bd,301721597.0,123335.74450508675,9137.687642481113,103924.72369855664,4167.929094388485,3739.123301515026,1402.2537632164126,964.0270049291458,0.0,123335.74450508681,5.820766091346741e-11,4.719447808665617e-16,True,1e-06,PASS
Model-guided constrained SAC,test_016_45a90ccef8bd,554911178.0,126307.75232442984,9095.921006588764,106894.53047560704,4278.409722377515,3709.938895079873,1395.2265876539077,933.7256371227404,0.0,126307.75232442984,0.0,0.0,True,1e-06,PASS
Model-guided constrained SAC,test_016_45a90ccef8bd,1600960620.0,124947.9170993232,9088.11261067224,105627.96853998258,4230.430910022293,3705.5054144208,1392.6234259062142,903.2761983190642,0.0,124947.91709932318,1.4551915228366852e-11,1.1646384802716872e-16,True,1e-06,PASS
Passive,test_017_ebd333a3cdba,,289647.2996675471,6830.566572252555,267921.40945388854,11455.462737388998,2629.937403582172,809.9235004348155,0.0,0.0,289647.29966754705,5.820766091346741e-11,2.0096048186976815e-16,True,1e-06,PASS
Reactive,test_017_ebd333a3cdba,,99213.09871922868,8069.285040409414,82962.95362152983,3324.275020376885,2900.60957384753,1327.5312051352628,628.4442579297684,0.0,99213.0987192287,1.4551915228366852e-11,1.466733265689898e-16,True,1e-06,PASS
Projected stochastic MPC,test_017_ebd333a3cdba,,108529.55030892845,9551.649787710076,89831.5747693304,3620.862269607643,4108.031509686879,1417.431972593443,0.0,0.0,108529.55030892845,0.0,0.0,True,1e-06,PASS
Behaviour cloning,test_017_ebd333a3cdba,1409200687.0,113048.40512078848,8759.373818036904,94511.6745691142,3769.2760786817225,3458.404666719828,1346.6629372517336,1203.0130509841524,0.0,113048.40512078853,5.820766091346741e-11,5.148914825580639e-16,True,1e-06,PASS
Behaviour cloning,test_017_ebd333a3cdba,3018804584.0,115963.35849733796,8742.032152390528,97382.97547768011,3875.2474333181135,3449.6627525537824,1342.511326739757,1170.9293546556737,0.0,115963.35849733796,0.0,0.0,True,1e-06,PASS
Behaviour cloning,test_017_ebd333a3cdba,959653586.0,114799.60200275408,8730.614682873082,96314.30074755152,3835.096283224416,3441.7557500199146,1339.3616809350915,1138.4728581500324,0.0,114799.60200275407,1.4551915228366852e-11,1.2675928291125737e-16,True,1e-06,PASS
PPO,test_017_ebd333a3cdba,1694234878.0,195249.55333706937,7717.36534424585,175378.0227943776,7062.766812612286,2934.223103570233,1075.2965347057898,1081.8787475577724,0.0,195249.55333706955,1.7462298274040222e-10,8.943579114823457e-16,True,1e-06,PASS
PPO,test_017_ebd333a3cdba,1635820214.0,151568.32740573405,8309.969773777815,132422.46156434293,5281.399201028002,3234.404571530268,1219.1468594264124,1100.9454356285803,0.0,151568.327405734,5.820766091346741e-11,3.8403578049423886e-16,True,1e-06,PASS
PPO,test_017_ebd333a3cdba,456241246.0,178397.39988877712,8035.32569811081,158819.32983778146,6369.627970087172,3107.082655980557,1142.3252271100791,923.7084997070664,0.0,178397.39988877714,2.9103830456733704e-11,1.6314044080731364e-16,True,1e-06,PASS
Vanilla SAC,test_017_ebd333a3cdba,3760190062.0,289597.701497682,6831.409175867582,267869.7362717077,11452.9536896421,2630.5439485162747,809.9625516144289,3.0958603338675994,0.0,289597.7014976819,1.1641532182693481e-10,4.0198979903805146e-16,True,1e-06,PASS
Vanilla SAC,test_017_ebd333a3cdba,3890281123.0,289614.8231381107,6831.151200992696,267887.2681141004,11453.80251336745,2630.3240396674514,809.9528935650466,2.324376417680102,0.0,289614.8231381107,0.0,0.0,True,1e-06,PASS
Vanilla SAC,test_017_ebd333a3cdba,4226533458.0,289595.7596740005,6831.095095676333,267867.5118395947,11452.8759443828,2630.319644296704,809.94456461015,4.012585440006639,0.0,289595.75967400067,1.7462298274040222e-10,6.029887417446176e-16,True,1e-06,PASS
Constrained SAC,test_017_ebd333a3cdba,301721597.0,289627.5163205996,6832.053644807234,267896.67532642384,11454.187732584292,2630.96120273482,810.0092845315468,3.629129517879088,0.0,289627.51632059965,5.820766091346741e-11,2.0097420871100921e-16,True,1e-06,PASS
Constrained SAC,test_017_ebd333a3cdba,554911178.0,289618.3226483833,6831.476839348858,267889.2719548371,11453.858714264248,2630.5049356537697,809.9805997889741,3.2296044903274157,0.0,289618.3226483832,1.1641532182693481e-10,4.019611769116938e-16,True,1e-06,PASS
Constrained SAC,test_017_ebd333a3cdba,1600960620.0,289628.7836110889,6831.624983243205,267899.8844776202,11454.35165000103,2630.61333597563,809.9916655610399,2.317498687795416,0.0,289628.7836110888,5.820766091346741e-11,2.0097332933465677e-16,True,1e-06,PASS
Model-guided constrained SAC,test_017_ebd333a3cdba,301721597.0,113668.39948945332,8784.881797984654,95294.46522008904,3795.207170987055,3469.712424873757,1360.963103284686,963.1697722340972,0.0,113668.39948945327,5.820766091346741e-11,5.12083051885218e-16,True,1e-06,PASS
Model-guided constrained SAC,test_017_ebd333a3cdba,554911178.0,116461.31685741762,8745.703122793808,98088.51153314934,3896.838492795039,3442.9154419210404,1353.9843859006685,933.3638808577066,0.0,116461.31685741761,1.4551915228366852e-11,1.249506327168068e-16,True,1e-06,PASS
Model-guided constrained SAC,test_017_ebd333a3cdba,1600960620.0,115244.77794732494,8735.763344036051,96963.87138119889,3855.211080581354,3435.858179648168,1350.9219641167508,903.1519977437348,0.0,115244.77794732495,1.4551915228366852e-11,1.2626962789600854e-16,True,1e-06,PASS
Passive,test_018_9466cee538c9,,297856.39494500606,7074.502790820238,275357.15403366747,11773.391608367465,2806.589832898913,844.7566792519928,0.0,0.0,297856.39494500606,0.0,0.0,True,1e-06,PASS
Reactive,test_018_9466cee538c9,,99388.48160538122,8321.468906255837,82675.68148675778,3304.87571371128,3058.4143159004243,1392.128489768079,635.9126929878408,0.0,99388.48160538124,1.4551915228366852e-11,1.4641450390745242e-16,True,1e-06,PASS
Projected stochastic MPC,test_018_9466cee538c9,,109332.61170522448,9822.19394947986,90124.92364483383,3626.260234043858,4277.640237507502,1481.593639359416,0.0,0.0,109332.61170522447,1.4551915228366852e-11,1.3309766410410816e-16,True,1e-06,PASS
Behaviour cloning,test_018_9466cee538c9,1409200687.0,113901.79455738484,9034.20761703998,94823.43261136192,3776.599267704713,3653.970455187972,1411.225306830175,1202.3592992600345,0.0,113901.7945573848,4.3655745685100555e-11,3.832753105843856e-16,True,1e-06,PASS
Behaviour cloning,test_018_9466cee538c9,3018804584.0,116780.74324008588,9020.42637327114,97653.1648020755,3881.291098785088,3647.698991361297,1407.6036838534724,1170.5582907393689,0.0,116780.74324008587,1.4551915228366852e-11,1.2460885951419254e-16,True,1e-06,PASS
Behaviour cloning,test_018_9466cee538c9,959653586.0,115664.14642111666,9005.476280457873,96635.94755335205,3843.127809011433,3637.589543347173,1404.302544893833,1137.702690054315,0.0,115664.14642111667,1.4551915228366852e-11,1.2581180667158e-16,True,1e-06,PASS
PPO,test_018_9466cee538c9,1694234878.0,198284.07192213708,7980.030379525348,177801.0239523494,7159.998434394841,3127.7056982566046,1132.7050917748477,1082.6083658360967,0.0,198284.07192213714,5.820766091346741e-11,2.9355691735201304e-16,True,1e-06,PASS
PPO,test_018_9466cee538c9,1635820214.0,152787.5660071354,8581.605997469109,133088.1745951463,5302.578399466026,3430.4023598515805,1282.9179921942691,1101.8866630081566,0.0,152787.56600713544,2.9103830456733704e-11,1.9048559524388596e-16,True,1e-06,PASS
PPO,test_018_9466cee538c9,456241246.0,180522.46182559643,8305.815215123672,160352.3928928077,6429.085543941845,3307.5162642523687,1202.3864712491736,925.2654382216574,0.0,180522.4618255964,2.9103830456733704e-11,1.61219995353548e-16,True,1e-06,PASS
Vanilla SAC,test_018_9466cee538c9,3760190062.0,297806.4165284391,7075.205926985884,275305.16387001955,11770.828095578208,2807.0658143880923,844.7731051465045,3.3797163208246355,0.0,297806.41652843903,5.820766091346741e-11,1.9545469030519983e-16,True,1e-06,PASS
Vanilla SAC,test_018_9466cee538c9,3890281123.0,297824.39560260065,7075.0322295875685,275323.4083263435,11771.72014863214,2806.932697958556,844.7734661208453,2.5287339578941386,0.0,297824.3956026005,1.7462298274040222e-10,5.8632867326761525e-16,True,1e-06,PASS
Vanilla SAC,test_018_9466cee538c9,4226533458.0,297807.6821513191,7075.002434464769,275305.7666037165,11770.875045372271,2806.93714646646,844.7644630232987,4.3364582758398384,0.0,297807.6821513191,0.0,0.0,True,1e-06,PASS
Constrained SAC,test_018_9466cee538c9,301721597.0,297836.8393212086,7075.932878836097,275332.4530090103,11772.084599480264,2807.623087772521,844.8304104081847,3.91533570115825,0.0,297836.83932120854,5.820766091346741e-11,1.9543472542257303e-16,True,1e-06,PASS
Constrained SAC,test_018_9466cee538c9,554911178.0,297827.17848019727,7075.360033172646,275324.6214767709,11771.738188898218,2807.176588774865,844.7988262158055,3.483366364997504,0.0,297827.17848019744,1.7462298274040222e-10,5.86323194650998e-16,True,1e-06,PASS
Constrained SAC,test_018_9466cee538c9,1600960620.0,297837.6946680174,7075.492780283325,275335.3597899125,11772.239483716285,2807.2666114491926,844.8141124562532,2.5218901997440826,0.0,297837.6946680172,1.7462298274040222e-10,5.863024924868709e-16,True,1e-06,PASS
Model-guided constrained SAC,test_018_9466cee538c9,301721597.0,114574.79405655192,9069.105973705926,95633.79896845228,3805.049282290566,3679.462555790888,1425.1587312585418,962.2185450537507,0.0,114574.79405655195,2.9103830456733704e-11,2.5401599624406576e-16,True,1e-06,PASS
Model-guided constrained SAC,test_018_9466cee538c9,554911178.0,117346.8109379754,9029.044638140762,98408.78647680947,3906.2592328767687,3651.118714052522,1418.6552202019705,932.94665589388,0.0,117346.81093797537,2.9103830456733704e-11,2.480155210363302e-16,True,1e-06,PASS
Model-guided constrained SAC,test_018_9466cee538c9,1600960620.0,116167.9776325996,9020.227501886848,97317.93739982182,3865.82168625302,3646.157764126424,1415.53557280648,902.2977077050608,0.0,116167.97763259966,5.820766091346741e-11,5.010645971436185e-16,True,1e-06,PASS
Passive,test_019_9d2b7462a57a,,306608.2141526945,7490.178140706757,282993.5775528287,12099.900870130536,3147.6319069201963,876.9256821081663,0.0,0.0,306608.2141526943,2.3283064365386963e-10,7.593751012095104e-16,True,1e-06,PASS
Reactive,test_019_9d2b7462a57a,,100795.95367254896,8686.964971058434,83333.7437211342,3319.434724934643,3344.6642227499715,1437.4712649352086,673.6747677364773,0.0,100795.95367254895,1.4551915228366852e-11,1.4437003369838605e-16,True,1e-06,PASS
Projected stochastic MPC,test_019_9d2b7462a57a,,111409.47690293168,10284.661353896672,91271.08353063634,3657.582257387517,4655.530345217017,1540.619415794155,0.0,0.0,111409.47690293171,2.9103830456733704e-11,2.61232987226851e-16,True,1e-06,PASS
Behaviour cloning,test_019_9d2b7462a57a,1409200687.0,114144.01521159874,9493.482482307863,94239.02953640498,3736.778091143312,4000.839024985591,1476.386794966863,1197.4992817901705,0.0,114144.01521159877,2.9103830456733704e-11,2.5497465112631083e-16,True,1e-06,PASS
Behaviour cloning,test_019_9d2b7462a57a,3018804584.0,116828.83254322685,9482.645739910837,96874.5251469188,3833.197433162115,3997.2637105315184,1473.0081377405972,1168.19237496299,0.0,116828.83254322686,1.4551915228366852e-11,1.2455756778175988e-16,True,1e-06,PASS
Behaviour cloning,test_019_9d2b7462a57a,959653586.0,115633.46677999751,9470.869422937794,95778.26799897158,3791.909632911808,3987.907879391625,1470.478431467398,1134.033414317366,0.0,115633.46677999757,5.820766091346741e-11,5.033807472382751e-16,True,1e-06,PASS
PPO,test_019_9d2b7462a57a,1694234878.0,203041.3477252238,8414.279767527936,181590.66567988653,7305.745578575651,3475.2457986896275,1181.1175223944094,1074.29337814958,0.0,203041.34772522372,8.731149137020111e-11,4.3001828124368e-16,True,1e-06,PASS
PPO,test_019_9d2b7462a57a,1635820214.0,154568.76646242998,9045.217879361802,133975.80916092778,5321.255809851919,3788.2259594797424,1341.4985237200722,1096.7591290886717,0.0,154568.76646242998,0.0,0.0,True,1e-06,PASS
PPO,test_019_9d2b7462a57a,456241246.0,183778.94044899032,8761.250632149056,162677.78498740395,6509.7819663701575,3665.651907395942,1256.6059821896424,907.864973481614,0.0,183778.94044899038,5.820766091346741e-11,3.1672650180298283e-16,True,1e-06,PASS
Vanilla SAC,test_019_9d2b7462a57a,3760190062.0,306562.9011795797,7491.048403408109,282945.6786671973,12097.579901576031,3148.515776338532,876.9506473895207,3.127783670103004,0.0,306562.90117957955,1.7462298274040222e-10,5.69615508166498e-16,True,1e-06,PASS
Vanilla SAC,test_019_9d2b7462a57a,3890281123.0,306580.02515500097,7490.844824486393,282963.1701898783,12098.418184330098,3148.291805870449,876.9494513765378,2.3506990590340857,0.0,306580.0251550008,1.7462298274040222e-10,5.695836923886878e-16,True,1e-06,PASS
Vanilla SAC,test_019_9d2b7462a57a,4226533458.0,306564.36281740933,7490.912266313432,282946.4171864109,12097.62813411178,3148.391916679868,876.941643206442,4.071670686909463,0.0,306564.36281740933,0.0,0.0,True,1e-06,PASS
Constrained SAC,test_019_9d2b7462a57a,301721597.0,306589.9338605092,7491.766913349763,282969.5713450684,12098.6666084417,3149.1780501374737,876.9998010581706,3.75114245358568,0.0,306589.933860509,1.7462298274040222e-10,5.695652839660787e-16,True,1e-06,PASS
Constrained SAC,test_019_9d2b7462a57a,554911178.0,306582.4176665113,7491.192488543851,282963.9509323183,12098.42381473181,3148.6103493716505,876.9729805384663,3.267101007210449,0.0,306582.41766651126,5.820766091346741e-11,1.8985974915490257e-16,True,1e-06,PASS
Constrained SAC,test_019_9d2b7462a57a,1600960620.0,306591.1257646431,7491.304282846217,282972.9280865918,12098.839524825627,3148.711610188545,876.9847243025847,2.357535888290604,0.0,306591.1257646431,0.0,0.0,True,1e-06,PASS
Model-guided constrained SAC,test_019_9d2b7462a57a,301721597.0,114711.19399600182,9537.000717208844,94936.61048112618,3761.0155687440138,4028.0919006720983,1490.4223935425407,958.0529347080616,0.0,114711.19399600172,1.0186340659856796e-10,8.879988347267865e-16,True,1e-06,PASS
Model-guided constrained SAC,test_019_9d2b7462a57a,554911178.0,117306.9954046544,9498.847591335876,97538.10429658469,3854.714769344279,4000.977689539803,1484.1659899344272,930.1850679152908,0.0,117306.99540465436,4.3655745685100555e-11,3.7214955113724123e-16,True,1e-06,PASS
Model-guided constrained SAC,test_019_9d2b7462a57a,1600960620.0,116032.3843028816,9491.21823813124,96355.16207651696,3810.721041759516,3995.379383710637,1481.536699520056,898.3668632431757,0.0,116032.3843028816,0.0,0.0,True,1e-06,PASS
Passive,test_020_701c8d28bc45,,297677.7033736098,7155.319093993586,275054.33474787336,11760.44403277481,2856.302162127672,851.3033368402994,0.0,0.0,297677.70337360975,5.820766091346741e-11,1.9553920315090593e-16,True,1e-06,PASS
Reactive,test_020_701c8d28bc45,,104356.6675730135,8395.575631559017,87331.96968866314,3509.718965546562,3114.877022944816,1379.03986317803,625.4864011219283,0.0,104356.66757301349,1.4551915228366852e-11,1.3944403905179853e-16,True,1e-06,PASS
Projected stochastic MPC,test_020_701c8d28bc45,,114260.1496468074,9890.616057639718,94727.9186888254,3828.635023655879,4342.30203811228,1470.6778385742025,0.0,0.0,114260.14964680749,8.731149137020111e-11,7.641464818669676e-16,True,1e-06,PASS
Behaviour cloning,test_020_701c8d28bc45,1409200687.0,118798.18545560904,9090.015397235797,99426.55498765945,3979.128974079105,3700.035234084831,1399.416642493926,1203.0342200559478,0.0,118798.18545560907,2.9103830456733704e-11,2.4498547974547007e-16,True,1e-06,PASS
Behaviour cloning,test_020_701c8d28bc45,3018804584.0,122019.34699593738,9073.478872706297,102586.71112238716,4099.417948128559,3693.370261131713,1394.7469330330591,1171.6218585505997,0.0,122019.34699593739,1.4551915228366852e-11,1.1925908133938266e-16,True,1e-06,PASS
Behaviour cloning,test_020_701c8d28bc45,959653586.0,120715.48218226162,9061.1007808957,101386.03966591606,4053.363388417633,3684.464071261828,1392.0678702523146,1138.4464055180645,0.0,120715.4821822616,1.4551915228366852e-11,1.2054721536377348e-16,True,1e-06,PASS
PPO,test_020_701c8d28bc45,1694234878.0,202079.35185948596,8035.745693857844,181347.87973872837,7316.75240656106,3170.3472171401945,1124.1778932048585,1084.4489099937532,0.0,202079.35185948605,8.731149137020111e-11,4.3206537712429107e-16,True,1e-06,PASS
PPO,test_020_701c8d28bc45,1635820214.0,156146.93096341507,8650.126807209703,136199.9311803422,5438.569862150561,3479.075447158958,1275.7404609477564,1103.48720560601,0.0,156146.9309634152,1.1641532182693481e-10,7.455498555665542e-16,True,1e-06,PASS
PPO,test_020_701c8d28bc45,456241246.0,184547.5714097295,8366.977227915859,164112.45339677986,6593.438105189686,3353.193287655776,1193.6259113996127,927.8834807885904,0.0,184547.57140972937,1.4551915228366852e-10,7.885183813152939e-16,True,1e-06,PASS
Vanilla SAC,test_020_701c8d28bc45,3760190062.0,297625.8434097069,7156.097224270583,275000.5288024883,11757.79419451851,2856.663527700902,851.3112858766609,3.448374852033464,0.0,297625.84340970695,5.820766091346741e-11,1.955732749771319e-16,True,1e-06,PASS
Vanilla SAC,test_020_701c8d28bc45,3890281123.0,297644.2141465687,7155.894707198323,275019.16157769604,11758.705201113982,2856.5570997947707,851.3142120371944,2.581348728437375,0.0,297644.2141465688,1.1641532182693481e-10,3.9112240821052386e-16,True,1e-06,PASS
Vanilla SAC,test_020_701c8d28bc45,4226533458.0,297626.642160962,7155.851746957103,275000.7143923677,11757.822960689617,2856.5269985499262,851.3019287444665,4.424133653220499,0.0,297626.64216096204,5.820766091346741e-11,1.9557275011014514e-16,True,1e-06,PASS
Constrained SAC,test_020_701c8d28bc45,301721597.0,297655.98565727804,7156.8053860556565,275027.62996966,11759.04329578119,2857.137171327613,851.3705425467302,3.999291906859736,0.0,297655.98565727804,0.0,0.0,True,1e-06,PASS
Constrained SAC,test_020_701c8d28bc45,554911178.0,297646.4559507961,7156.212332246831,275019.8927254699,11758.701351737773,2856.7557776086724,851.3382879948498,3.555475738003356,0.0,297646.455950796,5.820766091346741e-11,1.9555973118352774e-16,True,1e-06,PASS
Constrained SAC,test_020_701c8d28bc45,1600960620.0,297657.15029363567,7156.3550269398265,275030.8246048022,11759.212283656714,2856.827815268227,851.35463430359,2.5759286651317512,0.0,297657.15029363567,0.0,0.0,True,1e-06,PASS
Model-guided constrained SAC,test_020_701c8d28bc45,301721597.0,119459.38094367168,9131.602009504992,100210.09503510268,4006.841536940608,3734.290578411308,1413.411567336699,963.1402163754012,0.0,119459.3809436717,1.4551915228366852e-11,1.2181475505241797e-16,True,1e-06,PASS
Model-guided constrained SAC,test_020_701c8d28bc45,554911178.0,122597.74548818624,9088.599267912694,103340.54711734247,4124.310193981071,3705.2278385445297,1405.7491502942655,933.3119201111286,0.0,122597.74548818616,7.275957614183426e-11,5.934821709168014e-16,True,1e-06,PASS
Model-guided constrained SAC,test_020_701c8d28bc45,1600960620.0,121212.2374609233,9082.43794176308,102046.17803386718,4075.420202135173,3702.212220717054,1403.4063868493931,902.582675591469,0.0,121212.23746092335,5.820766091346741e-11,4.802127419868191e-16,True,1e-06,PASS
Passive,test_021_69299bc5d0bf,,284445.00451220793,6517.910502493712,263465.12057069194,11264.92599485974,2407.6946173367824,789.3528268258125,0.0,0.0,284445.004512208,5.820766091346741e-11,2.0463590497322032e-16,True,1e-06,PASS
Reactive,test_021_69299bc5d0bf,,95149.52744576884,7831.129291276029,79495.23962660515,3176.7771387072444,2747.811368942774,1281.5659506127097,617.0040696249273,0.0,95149.52744576884,0.0,0.0,True,1e-06,PASS
Projected stochastic MPC,test_021_69299bc5d0bf,,103850.15755728296,9220.657822692188,85913.67293888079,3454.516939554677,3870.092288962194,1391.217567193069,0.0,0.0,103850.15755728292,4.3655745685100555e-11,4.2037245500586145e-16,True,1e-06,PASS
Behaviour cloning,test_021_69299bc5d0bf,1409200687.0,108613.43759875408,8453.934017028647,90760.12026333356,3609.949009461749,3268.5838036008654,1316.605785632946,1204.2447196962526,0.0,108613.43759875401,7.275957614183426e-11,6.698947915692238e-16,True,1e-06,PASS
Behaviour cloning,test_021_69299bc5d0bf,3018804584.0,111444.5189876468,8439.422079182168,93545.15707241744,3713.7427206636416,3261.3840979402657,1312.747258767342,1172.0657586759044,0.0,111444.51898764675,5.820766091346741e-11,5.223016927366298e-16,True,1e-06,PASS
Behaviour cloning,test_021_69299bc5d0bf,959653586.0,110231.10081002217,8427.724812412114,92428.19604381832,3671.68985028384,3254.1304995373675,1309.861020723917,1139.498583246592,0.0,110231.10081002214,2.9103830456733704e-11,2.6402558119139817e-16,True,1e-06,PASS
PPO,test_021_69299bc5d0bf,1694234878.0,190163.4217442734,7418.754959693568,170989.18669536983,6876.960846684115,2743.6630257770967,1048.5150030771624,1086.341213671532,0.0,190163.42174427328,1.1641532182693481e-10,6.121856704045165e-16,True,1e-06,PASS
PPO,test_021_69299bc5d0bf,1635820214.0,145775.71701833545,8013.433698953451,127357.38680480407,5063.267400133924,3045.3996603980504,1193.6266884124689,1102.6027656334693,0.0,145775.71701833545,0.0,0.0,True,1e-06,PASS
PPO,test_021_69299bc5d0bf,456241246.0,172826.47646070886,7740.192883681974,153953.94465757158,6162.642680667051,2922.0854285011987,1116.6658437768508,930.944966510222,0.0,172826.4764607089,2.9103830456733704e-11,1.6839914261256317e-16,True,1e-06,PASS
Vanilla SAC,test_021_69299bc5d0bf,3760190062.0,284390.0171619845,6518.5442325920185,263408.6609482496,11262.162656459815,2407.872562370754,789.3727132186352,3.4040490937609773,0.0,284390.01716198464,1.1641532182693481e-10,4.093509434286025e-16,True,1e-06,PASS
Vanilla SAC,test_021_69299bc5d0bf,3890281123.0,284409.8296329953,6518.390145022386,263428.56424003985,11263.128286754218,2407.829480003134,789.3721052828834,2.54537589276418,0.0,284409.8296329953,0.0,0.0,True,1e-06,PASS
Vanilla SAC,test_021_69299bc5d0bf,4226533458.0,284392.3830796429,6518.320667927612,263410.3180854317,11262.254866017203,2407.763360775133,789.3672205630382,4.358878928259851,0.0,284392.38307964295,5.820766091346741e-11,2.0467376897772469e-16,True,1e-06,PASS
Constrained SAC,test_021_69299bc5d0bf,301721597.0,284422.70940267266,6519.228437722124,263438.2690987652,11263.522512900345,2408.340686788858,789.4253353151566,3.923331181047704,0.0,284422.7094026728,1.1641532182693481e-10,4.0930389163166057e-16,True,1e-06,PASS
Constrained SAC,test_021_69299bc5d0bf,554911178.0,284412.9406010965,6518.691207592186,263430.1830036137,11263.162902409573,2408.002642838673,789.3975073937904,3.5033372483453253,0.0,284412.9406010963,1.7462298274040222e-10,6.139769251404062e-16,True,1e-06,PASS
Constrained SAC,test_021_69299bc5d0bf,1600960620.0,284423.95578440774,6518.83491355491,263441.39351148665,11263.68614823778,2408.0932374889294,789.4099305736192,2.538043065895673,0.0,284423.95578440774,0.0,0.0,True,1e-06,PASS
Model-guided constrained SAC,test_021_69299bc5d0bf,301721597.0,109180.3824338799,8492.08329868464,91462.6475140963,3633.910875593397,3296.8624620067058,1330.8195407723258,964.0587427265224,0.0,109180.3824338799,0.0,0.0,True,1e-06,PASS
Model-guided constrained SAC,test_021_69299bc5d0bf,554911178.0,111935.92677298406,8454.621953180851,94218.3086560281,3734.552929234893,3270.591282065292,1323.9448862541672,933.9070662207132,0.0,111935.92677298399,7.275957614183426e-11,6.500109324988849e-16,True,1e-06,PASS
Model-guided constrained SAC,test_021_69299bc5d0bf,1600960620.0,110655.3355256376,8444.634146068336,93029.5912422748,3690.772948167351,3265.177141407791,1321.1936245571576,903.9664231621524,0.0,110655.33552563758,1.4551915228366852e-11,1.3150667484077474e-16,True,1e-06,PASS
Passive,test_022_1b3e72c80b5f,,289209.17583903647,6730.830414003588,267668.95246964274,11444.668485023278,2557.2857143809388,807.4387559859658,0.0,0.0,289209.1758390365,5.820766091346741e-11,2.0126491749301798e-16,True,1e-06,PASS
Reactive,test_022_1b3e72c80b5f,,94132.89925524172,8036.654416619482,78146.53720858839,3112.487389449571,2875.351131674304,1335.8074040464903,626.0617048634698,0.0,94132.8992552417,1.4551915228366852e-11,1.545890474371694e-16,True,1e-06,PASS
Projected stochastic MPC,test_022_1b3e72c80b5f,,102627.3636160868,9464.64026274797,84330.54027380422,3379.69208838431,4018.1886721065375,1434.302319043787,0.0,0.0,102627.36361608682,1.4551915228366852e-11,1.4179371578522986e-16,True,1e-06,PASS
Behaviour cloning,test_022_1b3e72c80b5f,1409200687.0,107031.82872082954,8696.645617703782,88832.36829344483,3519.6686774145774,3417.9299399966267,1362.4239262739495,1202.7922659958233,0.0,107031.82872082958,4.3655745685100555e-11,4.078762944335705e-16,True,1e-06,PASS
Behaviour cloning,test_022_1b3e72c80b5f,3018804584.0,110020.09717705028,8679.344045741229,91774.22419407676,3628.861234719115,3409.170304797937,1357.963237057833,1170.5341606573809,0.0,110020.09717705024,4.3655745685100555e-11,3.967979197005014e-16,True,1e-06,PASS
Behaviour cloning,test_022_1b3e72c80b5f,959653586.0,108679.3460510206,8670.106519821968,90531.06303902317,3581.5369077217306,3403.3120711404817,1355.5106707488883,1137.816842564347,0.0,108679.34605102059,1.4551915228366852e-11,1.3389770694364787e-16,True,1e-06,PASS
PPO,test_022_1b3e72c80b5f,1694234878.0,190773.51982119764,7646.050923700698,171191.14306855213,6874.741448577754,2892.1228336635227,1086.2533866597933,1083.2081600437452,0.0,190773.51982119764,0.0,0.0,True,1e-06,PASS
PPO,test_022_1b3e72c80b5f,1635820214.0,146120.9709596829,8240.215656343018,127301.51909517206,5054.180385355486,3191.8800656079266,1233.031125155507,1100.1446320489897,0.0,146120.970959683,1.1641532182693481e-10,7.967050934739248e-16,True,1e-06,PASS
PPO,test_022_1b3e72c80b5f,456241246.0,173041.1619127489,7971.816386184266,153773.14739229737,6145.883819896783,3071.067348816312,1156.043932220258,923.2030333339404,0.0,173041.16191274894,2.9103830456733704e-11,1.6819021633366335e-16,True,1e-06,PASS
Vanilla SAC,test_022_1b3e72c80b5f,3760190062.0,289159.88818501466,6731.423833360562,267617.9735853272,11442.167176796283,2557.6054828469896,807.4615380769848,3.25656860662156,0.0,289159.8881850146,5.820766091346741e-11,2.0129922334256853e-16,True,1e-06,PASS
Vanilla SAC,test_022_1b3e72c80b5f,3890281123.0,289178.3306815929,6731.289882608371,267636.5603420027,11443.067732620808,2557.514371488046,807.4614295586662,2.436923314319813,0.0,289178.330681593,5.820766091346741e-11,2.0128638538120069e-16,True,1e-06,PASS
Vanilla SAC,test_022_1b3e72c80b5f,4226533458.0,289162.69336533954,6731.24724206051,267620.049765269,11442.275422345632,2557.481433081548,807.4582097255118,4.1812928573652846,0.0,289162.69336533954,0.0,0.0,True,1e-06,PASS
Constrained SAC,test_022_1b3e72c80b5f,301721597.0,289190.5384188711,6732.105600641564,267645.6409118214,11443.43884063611,2558.0734782754944,807.5131796764414,3.766407820127336,0.0,289190.5384188711,0.0,0.0,True,1e-06,PASS
Constrained SAC,test_022_1b3e72c80b5f,554911178.0,289181.71073636506,6731.608497833494,267638.4246683721,11443.115881107671,2557.715152766778,807.4871376875302,3.3593985974600717,0.0,289181.710736365,5.820766091346741e-11,2.0128403267706274e-16,True,1e-06,PASS
Constrained SAC,test_022_1b3e72c80b5f,1600960620.0,289191.49740162166,6731.72337284994,267648.4565961243,11443.585835515376,2557.806536506567,807.4979332190784,2.4271274063073625,0.0,289191.49740162154,1.1641532182693481e-10,4.0255444185919556e-16,True,1e-06,PASS
Model-guided constrained SAC,test_022_1b3e72c80b5f,301721597.0,107657.25525641484,8725.921987972564,89605.9777962346,3545.757902824097,3440.5404793848675,1376.4172183639323,962.6398716347268,0.0,107657.2552564148,2.9103830456733704e-11,2.7033784566971423e-16,True,1e-06,PASS
Model-guided constrained SAC,test_022_1b3e72c80b5f,554911178.0,110553.18214317656,8686.46326808609,92499.36405513017,3651.801409540071,3413.673105479818,1368.9757683385344,932.9045366018656,0.0,110553.18214317656,0.0,0.0,True,1e-06,PASS
Model-guided constrained SAC,test_022_1b3e72c80b5f,1600960620.0,109136.47297714515,8678.11623816983,91178.41819520706,3601.9962452146115,3408.7932585986364,1366.726967473517,902.4220724815716,0.0,109136.47297714523,7.275957614183426e-11,6.666843279521341e-16,True,1e-06,PASS
Passive,test_023_90a8af416c5a,,304318.632908818,7373.187168657929,280993.3940704911,12014.379371919636,3071.3215616878,866.350736061512,0.0,0.0,304318.63290881796,5.820766091346741e-11,1.912720899048859e-16,True,1e-06,PASS
Reactive,test_023_90a8af416c5a,,102264.50583484463,8563.833744602172,84950.05626782488,3395.737506770627,3278.562737667396,1418.4648770109516,657.850700968602,0.0,102264.50583484463,0.0,0.0,True,1e-06,PASS
Projected stochastic MPC,test_023_90a8af416c5a,,112337.52861061312,10131.826189053783,92412.86001063566,3714.4609902077377,4561.073706300613,1517.307714415328,0.0,0.0,112337.52861061311,1.4551915228366852e-11,1.2953743426924612e-16,True,1e-06,PASS
Behaviour cloning,test_023_90a8af416c5a,1409200687.0,115974.63722951723,9341.118917577158,96241.92888390944,3830.804067699872,3907.998702209845,1453.0038096549742,1199.7828484659565,0.0,115974.63722951725,1.4551915228366852e-11,1.2547497949545796e-16,True,1e-06,PASS
Behaviour cloning,test_023_90a8af416c5a,3018804584.0,118600.3636393218,9315.703281953813,98847.1610228593,3926.49202918673,3891.442555374383,1448.61379892147,1170.9509510261432,0.0,118600.36363932185,4.3655745685100555e-11,3.6809116216424943e-16,True,1e-06,PASS
Behaviour cloning,test_023_90a8af416c5a,959653586.0,117496.6709114566,9306.483028518596,97834.28496792012,3888.77901547564,3885.370297066732,1445.6453241417532,1136.108278333817,0.0,117496.67091145666,5.820766091346741e-11,4.953983841578939e-16,True,1e-06,PASS
PPO,test_023_90a8af416c5a,1694234878.0,203242.3788959806,8273.173679923002,181999.89336757764,7339.59973890402,3385.741627653581,1164.31443407008,1079.65604785223,0.0,203242.37889598057,2.9103830456733704e-11,1.4319764713848895e-16,True,1e-06,PASS
PPO,test_023_90a8af416c5a,1635820214.0,157081.62836638853,8889.242386195188,136624.75756417523,5450.426495821018,3698.4959651877903,1317.32046202312,1101.3854929861454,0.0,157081.6283663885,2.9103830456733704e-11,1.8527838525362003e-16,True,1e-06,PASS
PPO,test_023_90a8af416c5a,456241246.0,184862.0920258072,8621.788178594734,163922.38989177288,6580.095804286847,3582.519366966413,1237.402100970858,917.8966832154202,0.0,184862.09202580716,2.9103830456733704e-11,1.5743536242503812e-16,True,1e-06,PASS
Vanilla SAC,test_023_90a8af416c5a,3760190062.0,304270.7480667154,7373.888274807799,280942.69962498505,12011.990846496135,3072.0375998093887,866.3567075214664,3.775013095466885,0.0,304270.7480667153,5.820766091346741e-11,1.913021914965832e-16,True,1e-06,PASS
Vanilla SAC,test_023_90a8af416c5a,3890281123.0,304288.8525903963,7373.738504655091,280961.1078505448,12012.851107943749,3071.870818133918,866.362007672466,2.922301446247168,0.0,304288.8525903963,0.0,0.0,True,1e-06,PASS
Vanilla SAC,test_023_90a8af416c5a,4226533458.0,304279.4864317907,7373.898240130359,280949.8100009895,12012.308711899808,3072.0659694241203,866.3710733683763,5.032435978472153,0.0,304279.48643179063,5.820766091346741e-11,1.9129669763826035e-16,True,1e-06,PASS
Constrained SAC,test_023_90a8af416c5a,301721597.0,304306.1175640447,7374.746630885649,280973.9861270969,12013.38758255226,3072.805679145619,866.4307910686158,4.760753295786064,0.0,304306.11756404483,1.1641532182693481e-10,3.8255991288914485e-16,True,1e-06,PASS
Constrained SAC,test_023_90a8af416c5a,554911178.0,304297.2158910395,7374.216748960131,280967.1382594416,12013.08742845281,3072.2950688357128,866.4027304313826,4.075654917874009,0.0,304297.2158910395,0.0,0.0,True,1e-06,PASS
Constrained SAC,test_023_90a8af416c5a,1600960620.0,304305.8850571564,7374.367251781084,280976.2494414424,12013.5027866708,3072.45011894536,866.4168099775037,2.898648339303152,0.0,304305.88505715656,1.7462298274040222e-10,5.738403077797972e-16,True,1e-06,PASS
Model-guided constrained SAC,test_023_90a8af416c5a,301721597.0,116495.18669723564,9390.419092971477,96873.08332420157,3853.961472522661,3952.651312242339,1464.2011094017637,960.8703858958464,0.0,116495.18669723565,1.4551915228366852e-11,1.2491430453849094e-16,True,1e-06,PASS
Model-guided constrained SAC,test_023_90a8af416c5a,554911178.0,119105.07033307404,9355.54768387831,99481.07381427549,3948.834059717026,3928.178351606637,1458.5375863590298,932.8988372375344,0.0,119105.07033307402,1.4551915228366852e-11,1.2217712636139522e-16,True,1e-06,PASS
Model-guided constrained SAC,test_023_90a8af416c5a,1600960620.0,117933.46005888842,9346.851453268446,98398.75530954525,3908.805835289671,3922.381473139595,1455.5670365135934,901.0989511318352,0.0,117933.46005888839,2.9103830456733704e-11,2.4678179069961245e-16,True,1e-06,PASS
Passive,test_024_e90f261f99e2,,285156.4168545204,6736.336869559527,263774.8273139578,11278.168075935571,2566.96716938092,800.1174256865361,0.0,0.0,285156.4168545204,0.0,0.0,True,1e-06,PASS
Reactive,test_024_e90f261f99e2,,102817.39766287642,8005.404214320105,86545.10020016345,3488.237625694297,2879.5910475052283,1298.027805955577,601.0367692377774,0.0,102817.39766287642,0.0,0.0,True,1e-06,PASS
Projected stochastic MPC,test_024_e90f261f99e2,,111617.30991932304,9383.701628282968,93080.12839928849,3772.209079663516,3997.622047733112,1383.648764354952,0.0,0.0,111617.30991932303,1.4551915228366852e-11,1.3037328384714675e-16,True,1e-06,PASS
Behaviour cloning,test_024_e90f261f99e2,1409200687.0,116720.6408064546,8594.851187340435,98300.87013500644,3943.861004278173,3365.1364269299293,1309.676331792404,1206.2457211072615,0.0,116720.64080645463,2.9103830456733704e-11,2.4934604758547793e-16,True,1e-06,PASS
Behaviour cloning,test_024_e90f261f99e2,3018804584.0,120093.70570094787,8581.641699473157,101602.86834621055,4069.009600387087,3362.2746683890646,1304.4904457654925,1173.4209407226028,0.0,120093.70570094795,7.275957614183426e-11,6.05856699292942e-16,True,1e-06,PASS
Behaviour cloning,test_024_e90f261f99e2,959653586.0,118740.1662903926,8563.495543669058,100363.55168444576,4022.310253341351,3347.413026427794,1302.152772999982,1141.2430095086852,0.0,118740.16629039263,2.9103830456733704e-11,2.451051852627271e-16,True,1e-06,PASS
PPO,test_024_e90f261f99e2,1694234878.0,197189.0535487786,7562.073476817561,177487.0923327343,7170.129797232094,2836.268078738324,1044.5535167471369,1088.936346509231,0.0,197189.05354877864,2.9103830456733704e-11,1.4759353997068756e-16,True,1e-06,PASS
PPO,test_024_e90f261f99e2,1635820214.0,154777.84608313825,8157.631063070431,135740.604254805,5438.9743105331445,3150.780093404494,1184.7246615932372,1105.1316997320512,0.0,154777.84608313834,8.731149137020111e-11,5.641084533719517e-16,True,1e-06,PASS
PPO,test_024_e90f261f99e2,456241246.0,181135.44181869205,7886.662136616622,161667.5945389824,6509.3969590175575,3024.524064282961,1109.6672639920268,937.5968558004262,0.0,181135.441818692,5.820766091346741e-11,3.2134882234549385e-16,True,1e-06,PASS
Vanilla SAC,test_024_e90f261f99e2,3760190062.0,285100.6046605394,6737.163728250442,263717.08054313256,11275.322499588185,2567.3562316233465,800.1373104879738,3.5443474568159763,0.0,285100.6046605393,1.1641532182693481e-10,4.0833067318656507e-16,True,1e-06,PASS
Vanilla SAC,test_024_e90f261f99e2,3890281123.0,285119.715697074,6736.925315156976,263736.5377873756,11276.27693859659,2567.187100498467,800.1348686820771,2.6536867643308355,0.0,285119.7156970741,5.820766091346741e-11,2.0415165177602187e-16,True,1e-06,PASS
Vanilla SAC,test_024_e90f261f99e2,4226533458.0,285100.2838268222,6736.870205968152,263716.2646099567,11275.309386374183,2567.179237547798,800.1243696075519,4.536017367740206,0.0,285100.2838268221,5.820766091346741e-11,2.041655663479604e-16,True,1e-06,PASS
Constrained SAC,test_024_e90f261f99e2,301721597.0,285133.0061773464,6737.812298240748,263746.62825115846,11276.68567803138,2567.6071545130967,800.1924943063365,4.0803010963597055,0.0,285133.00617734634,5.820766091346741e-11,2.041421359590462e-16,True,1e-06,PASS
Constrained SAC,test_024_e90f261f99e2,554911178.0,285122.43776831846,6737.233541738078,263737.7958947114,11276.29329601506,2567.2991867662035,800.1606700917451,3.6551789958904073,0.0,285122.4377683184,5.820766091346741e-11,2.041497027349532e-16,True,1e-06,PASS
Constrained SAC,test_024_e90f261f99e2,1600960620.0,285134.6736394061,6737.390772397892,263750.25123655284,11276.873276795031,2567.331068944977,800.1774950659951,2.6497896492864723,0.0,285134.67363940604,5.820766091346741e-11,2.0414094213978124e-16,True,1e-06,PASS
Model-guided constrained SAC,test_024_e90f261f99e2,301721597.0,117339.35813160324,8641.459158236987,99032.36247861304,3970.15824315609,3406.2113384373106,1322.7956358410438,966.371277318768,0.0,117339.35813160325,1.4551915228366852e-11,1.2401563686794666e-16,True,1e-06,PASS
Model-guided constrained SAC,test_024_e90f261f99e2,554911178.0,120600.21524871724,8600.28571958533,102279.47534989985,4091.6185752984056,3379.156971354472,1314.6258667797829,935.0527657993916,0.0,120600.21524871723,1.4551915228366852e-11,1.2066243164123732e-16,True,1e-06,PASS
Model-guided constrained SAC,test_024_e90f261f99e2,1600960620.0,119178.04684464174,8590.485350726467,100954.5454750634,4042.2896326153887,3373.1764841294203,1312.2233591076597,905.3265429993432,0.0,119178.04684464168,5.820766091346741e-11,4.884092536719101e-16,True,1e-06,PASS
Passive,test_025_0c3eeaae0824,,287887.08840353205,6631.785359345151,266507.535464713,11395.009985788716,2550.9886490550703,801.7689446299667,0.0,0.0,287887.08840353193,1.1641532182693481e-10,4.0437840568853566e-16,True,1e-06,PASS
Reactive,test_025_0c3eeaae0824,,102262.7931569672,7944.557928354848,86238.44486468079,3466.088607218863,2762.9766705893458,1280.888422842724,569.8366632806561,0.0,102262.79315696721,1.4551915228366852e-11,1.4229921537572852e-16,True,1e-06,PASS
Projected stochastic MPC,test_025_0c3eeaae0824,,112392.12842725508,9281.031163454056,94065.90963523906,3809.3301713186543,3863.481683627109,1372.3757736161922,0.0,0.0,112392.12842725507,1.4551915228366852e-11,1.2947450530564038e-16,True,1e-06,PASS
Behaviour cloning,test_025_0c3eeaae0824,1409200687.0,116489.35678729232,8491.920150234973,98272.69511402758,3933.1202377367376,3285.1903969447326,1300.1262321752447,1206.3046561730605,0.0,116489.35678729233,1.4551915228366852e-11,1.2492055608941522e-16,True,1e-06,PASS
Behaviour cloning,test_025_0c3eeaae0824,3018804584.0,119274.66700042512,8473.362325719101,101020.0486970125,4034.948525596992,3277.662175307175,1296.4220026198766,1172.2232741694845,0.0,119274.66700042515,2.9103830456733704e-11,2.440068053732648e-16,True,1e-06,PASS
Behaviour cloning,test_025_0c3eeaae0824,959653586.0,117948.82567755083,8466.08623687584,99779.77775207305,3987.539094961158,3281.343736682752,1293.6382137245992,1140.44064323346,0.0,117948.82567755086,2.9103830456733704e-11,2.4674964154622376e-16,True,1e-06,PASS
PPO,test_025_0c3eeaae0824,1694234878.0,196934.67819355737,7433.883684271973,177406.32833870695,7170.355016931453,2797.499723785803,1037.436274514379,1089.1751553468814,0.0,196934.67819355745,8.731149137020111e-11,4.433525480179116e-16,True,1e-06,PASS
PPO,test_025_0c3eeaae0824,1635820214.0,154784.3032346057,8025.210658470113,135954.51890919812,5440.639949888016,3083.614294084888,1175.2772173512114,1105.042205613351,0.0,154784.3032346057,0.0,0.0,True,1e-06,PASS
PPO,test_025_0c3eeaae0824,456241246.0,180792.89508447464,7751.740914983074,161543.2825812188,6502.139590040903,2957.0503735090847,1101.698946646442,936.9826780763432,0.0,180792.89508447464,0.0,0.0,True,1e-06,PASS
Vanilla SAC,test_025_0c3eeaae0824,3760190062.0,287804.1422255667,6631.547427537858,266425.92588825,11391.142084888512,2550.4862768690878,801.7050842221015,3.335463799214915,0.0,287804.1422255667,0.0,0.0,True,1e-06,PASS
Vanilla SAC,test_025_0c3eeaae0824,3890281123.0,287830.78484628693,6631.628434518308,266451.92519968905,11392.377233241648,2550.6232552428432,801.7260413753023,2.504682219783456,0.0,287830.7848462869,5.820766091346741e-11,2.022287537608342e-16,True,1e-06,PASS
Vanilla SAC,test_025_0c3eeaae0824,4226533458.0,287806.90982542257,6631.336581665022,266427.99725411815,11391.252077676489,2550.329310458017,801.7028934564116,4.291708048409767,0.0,287806.9098254225,5.820766091346741e-11,2.0224552964616073e-16,True,1e-06,PASS
Constrained SAC,test_025_0c3eeaae0824,301721597.0,287827.33194334083,6632.088581375277,266446.70201499714,11392.136783309314,2550.836537072977,801.7356496277692,3.8323769583928526,0.0,287827.33194334083,0.0,0.0,True,1e-06,PASS
Constrained SAC,test_025_0c3eeaae0824,554911178.0,287828.28555241507,6631.785532833788,266448.43864443566,11392.190402746972,2550.684334338295,801.7354642409017,3.451173819582096,0.0,287828.2855524152,1.1641532182693481e-10,4.044610195398428e-16,True,1e-06,PASS
Constrained SAC,test_025_0c3eeaae0824,1600960620.0,287839.0173301705,6631.954779459534,266459.2826623734,11392.70496945998,2550.841965561833,801.7465257872162,2.4864275285902866,0.0,287839.01733017055,5.820766091346741e-11,2.0222296981614326e-16,True,1e-06,PASS
Model-guided constrained SAC,test_025_0c3eeaae0824,301721597.0,117114.9221555411,8514.874359505631,99056.88254641324,3957.949667132031,3305.960865012647,1313.715979766905,965.5387377106,0.0,117114.92215554105,5.820766091346741e-11,4.970131887733438e-16,True,1e-06,PASS
Model-guided constrained SAC,test_025_0c3eeaae0824,554911178.0,119810.2443536653,8475.555146246019,101753.93915820937,4056.71320262589,3282.611214424615,1307.0880412401148,934.337590919306,0.0,119810.24435366532,1.4551915228366852e-11,1.2145802144774336e-16,True,1e-06,PASS
Model-guided constrained SAC,test_025_0c3eeaae0824,1600960620.0,118439.7346434764,8468.703232923855,100469.99712098613,4008.1778324329807,3283.0185629750813,1304.765608246725,905.0722859115882,0.0,118439.73464347636,4.3655745685100555e-11,3.685903705923668e-16,True,1e-06,PASS
Passive,test_026_770d47ae1768,,286320.592227998,6704.842204691198,264915.0546326709,11326.920588893074,2564.1951384669183,809.5796632759317,0.0,0.0,286320.59222799796,5.820766091346741e-11,2.0329540554706753e-16,True,1e-06,PASS
Reactive,test_026_770d47ae1768,,109767.67869769284,8018.427678019519,93266.34398974763,3776.321488780567,2877.0059269599174,1262.5159889080985,567.0636252771228,0.0,109767.67869769286,1.4551915228366852e-11,1.3257012811980612e-16,True,1e-06,PASS
Projected stochastic MPC,test_026_770d47ae1768,,119808.97405643886,9329.145189501378,101045.72089465662,4115.229336980333,3951.05338085664,1367.825254443885,0.0,0.0,119808.97405643886,0.0,0.0,True,1e-06,PASS
Behaviour cloning,test_026_770d47ae1768,1409200687.0,124759.598914365,8548.821745628791,106052.70757305088,4276.231867337066,3382.530364915895,1291.7414292964324,1207.5659341359444,0.0,124759.59891436501,1.4551915228366852e-11,1.16639644203692e-16,True,1e-06,PASS
Behaviour cloning,test_026_770d47ae1768,3018804584.0,127893.17559947136,8531.539882564048,109129.76281265718,4394.040503049166,3376.600955842252,1286.6823946134457,1174.5490507452878,0.0,127893.17559947137,1.4551915228366852e-11,1.1378179609785998e-16,True,1e-06,PASS
Behaviour cloning,test_026_770d47ae1768,959653586.0,126591.54087315328,8519.291509989842,107926.7788204991,4347.731527837637,3370.9437189846,1284.7015237102478,1142.0937721318492,0.0,126591.54087315327,1.4551915228366852e-11,1.1495171895370243e-16,True,1e-06,PASS
PPO,test_026_770d47ae1768,1694234878.0,203477.83767116367,7521.643181068494,183510.9661918418,7439.942388414145,2878.027946990804,1034.1478052236012,1093.1101576248543,0.0,203477.8376711637,2.9103830456733704e-11,1.430319428878923e-16,True,1e-06,PASS
PPO,test_026_770d47ae1768,1635820214.0,160866.0884728934,8109.792552154021,141616.049656226,5686.919096789208,3172.117432313117,1172.999478142945,1108.2102572680494,0.0,160866.08847289335,5.820766091346741e-11,3.618392258184088e-16,True,1e-06,PASS
PPO,test_026_770d47ae1768,456241246.0,187713.04445661936,7831.056170949942,168008.73492771472,6786.096292440677,3044.774292974001,1097.0795630294535,945.30320951062,0.0,187713.04445661942,5.820766091346741e-11,3.1008852411916023e-16,True,1e-06,PASS
Vanilla SAC,test_026_770d47ae1768,3760190062.0,286258.37630223064,6705.411059161791,264851.4597295876,11323.770573656951,2564.3618090846494,809.5697465643112,3.803384175353902,0.0,286258.37630223064,0.0,0.0,True,1e-06,PASS
Vanilla SAC,test_026_770d47ae1768,3890281123.0,286280.91231177934,6705.303485262843,264873.97429169534,11324.87224269725,2564.3360654487137,809.5810007206146,2.845225954648119,0.0,286280.9123117794,5.820766091346741e-11,2.0332358327150822e-16,True,1e-06,PASS
Vanilla SAC,test_026_770d47ae1768,4226533458.0,286258.19544233603,6705.124053553788,264850.69434604683,11323.763514316834,2564.216609682699,809.5583548142157,4.838563921663278,0.0,286258.19544233603,0.0,0.0,True,1e-06,PASS
Constrained SAC,test_026_770d47ae1768,301721597.0,286293.6894785313,6706.157758180689,264883.4476371653,11325.249738677783,2564.857939922697,809.6359204556411,4.34048412909624,0.0,286293.68947853125,5.820766091346741e-11,2.0331450902564271e-16,True,1e-06,PASS
Constrained SAC,test_026_770d47ae1768,554911178.0,286281.17777112743,6705.516310257672,264872.9111461141,11324.783268369414,2564.474972678177,809.598969161844,3.893104546229592,0.0,286281.1777711275,5.820766091346741e-11,2.0332339473607502e-16,True,1e-06,PASS
Constrained SAC,test_026_770d47ae1768,1600960620.0,286296.5337220044,6705.773192688711,264888.21698130306,11325.49142152031,2564.591265215908,809.6246742377939,2.836187038508574,0.0,286296.5337220043,1.1641532182693481e-10,4.066249783519027e-16,True,1e-06,PASS
Model-guided constrained SAC,test_026_770d47ae1768,301721597.0,125542.3361350915,8627.845493331057,106884.73595548068,4304.807971325009,3448.656160900714,1308.9104275334555,967.3801265205432,0.0,125542.33613509145,4.3655745685100555e-11,3.477372417072454e-16,True,1e-06,PASS
Model-guided constrained SAC,test_026_770d47ae1768,554911178.0,128645.18716550256,8593.592414710249,109963.09113674345,4420.6948580145845,3431.022755982117,1301.019587601654,935.7664124505312,0.0,128645.18716550258,1.4551915228366852e-11,1.1311667034729992e-16,True,1e-06,PASS
Model-guided constrained SAC,test_026_770d47ae1768,1600960620.0,127283.90382890133,8589.73403879328,108683.06555398638,4372.985598481435,3431.1600125151344,1299.5995392659806,907.3590858590744,0.0,127283.90382890128,4.3655745685100555e-11,3.429793113808315e-16,True,1e-06,PASS
Passive,test_027_df5d670513fa,,287637.7216990547,6648.217267789098,266279.26984099764,11385.250081917104,2521.188156866009,803.7963514848147,0.0,0.0,287637.7216990547,0.0,0.0,True,1e-06,PASS
Reactive,test_027_df5d670513fa,,95938.81256132235,7976.686700571537,80026.88196409901,3196.902786431161,2817.0434487817392,1307.6227799803507,613.6748814586119,0.0,95938.81256132241,5.820766091346741e-11,6.067165035658756e-16,True,1e-06,PASS
Projected stochastic MPC,test_027_df5d670513fa,,105136.99952026478,9383.51660480454,86884.48646744588,3494.130135857437,3962.29326995336,1412.573042203545,0.0,0.0,105136.99952026476,2.9103830456733704e-11,2.768181571619232e-16,True,1e-06,PASS
Behaviour cloning,test_027_df5d670513fa,1409200687.0,109716.32313952972,8607.353508336404,91570.74838133866,3641.722426036474,3353.4800794618563,1339.2540420916712,1203.7647022646292,0.0,109716.3231395297,1.4551915228366852e-11,1.3263218099152595e-16,True,1e-06,PASS
Behaviour cloning,test_027_df5d670513fa,3018804584.0,112594.68682063236,8590.915744450585,94403.7497986351,3748.0986186828536,3344.940272955685,1335.3031920882706,1171.6791938197844,0.0,112594.68682063227,8.731149137020111e-11,7.7544948021651905e-16,True,1e-06,PASS
Behaviour cloning,test_027_df5d670513fa,959653586.0,111376.46141302164,8580.757495520384,93279.05416992024,3705.1819798758856,3340.437591252949,1332.3504545349124,1138.6797219172408,0.0,111376.46141302162,1.4551915228366852e-11,1.306552124546624e-16,True,1e-06,PASS
PPO,test_027_df5d670513fa,1694234878.0,191772.66460322632,7560.245238546432,172292.97156310605,6928.424549931428,2836.6975059764627,1069.1999000095086,1085.1258456564406,0.0,191772.6646032263,2.9103830456733704e-11,1.517621425188461e-16,True,1e-06,PASS
PPO,test_027_df5d670513fa,1635820214.0,146570.8778526071,8165.396927172931,127872.9933867325,5080.009657828054,3132.8752314879785,1217.447161095699,1102.1554882899084,0.0,146570.87785260708,2.9103830456733704e-11,1.9856489149229737e-16,True,1e-06,PASS
PPO,test_027_df5d670513fa,456241246.0,174219.18137620768,7883.794196223176,155058.45933197136,6204.9913243965375,3005.0613328713207,1138.330302111822,928.544888633472,0.0,174219.1813762077,2.9103830456733704e-11,1.6705296297935814e-16,True,1e-06,PASS
Vanilla SAC,test_027_df5d670513fa,3760190062.0,287585.74467634445,6648.848959925793,266225.80780115584,11382.62457092301,2521.355306503347,803.8124835130038,3.2955543233319373,0.0,287585.7446763444,5.820766091346741e-11,2.0240106469455096e-16,True,1e-06,PASS
Vanilla SAC,test_027_df5d670513fa,3890281123.0,287604.3839377296,6648.688179824128,266244.5664517815,11383.538202331643,2521.3087815330773,803.8127145295776,2.469607729621811,0.0,287604.3839377296,0.0,0.0,True,1e-06,PASS
Vanilla SAC,test_027_df5d670513fa,4226533458.0,287586.84427013365,6648.60042088513,266226.3271277131,11382.666806179828,2521.207657549731,803.8047667329847,4.237491072767869,0.0,287586.8442701336,5.820766091346741e-11,2.024002908102162e-16,True,1e-06,PASS
Constrained SAC,test_027_df5d670513fa,301721597.0,287616.94954226934,6649.532940702731,266254.00505708467,11383.923530614757,2521.8133796325496,803.8661339778162,3.808500256664032,0.0,287616.9495422692,1.1641532182693481e-10,4.0475821057209965e-16,True,1e-06,PASS
Constrained SAC,test_027_df5d670513fa,554911178.0,287607.1877932325,6648.988468202493,266245.9140532356,11383.56210147044,2521.4791798351525,803.8369267949291,3.4070636939250183,0.0,287607.1877932325,0.0,0.0,True,1e-06,PASS
Constrained SAC,test_027_df5d670513fa,1600960620.0,287618.0726853387,6649.133542443176,266256.9735137307,11384.079166160054,2521.577644309,803.85020863846,2.458610057259475,0.0,287618.0726853387,0.0,0.0,True,1e-06,PASS
Model-guided constrained SAC,test_027_df5d670513fa,301721597.0,110369.7975126935,8637.738696523342,92363.89422722132,3668.268085107045,3383.212045355501,1353.2036044121724,963.4808540740372,0.0,110369.79751269342,8.731149137020111e-11,7.910813767703028e-16,True,1e-06,PASS
Model-guided constrained SAC,test_027_df5d670513fa,554911178.0,113161.1788595283,8598.39943483238,95155.70481572144,3771.108430892045,3355.9731179126456,1346.191450345968,933.8016098238284,0.0,113161.1788595283,0.0,0.0,True,1e-06,PASS
Model-guided constrained SAC,test_027_df5d670513fa,1600960620.0,111887.10029165444,8590.210824022004,93971.19287584424,3726.748672292766,3352.3146039387875,1343.4294003261753,903.2039152304808,0.0,111887.10029165445,1.4551915228366852e-11,1.3005891823485094e-16,True,1e-06,PASS
Passive,test_028_e9fb02365dd3,,272222.9565026993,6012.674035428688,252537.40892142404,10797.691811497749,2134.3668471230926,740.8148872256505,0.0,0.0,272222.9565026992,1.1641532182693481e-10,4.2764696748042433e-16,True,1e-06,PASS
Reactive,test_028_e9fb02365dd3,,93011.8994979743,7340.7732761721745,78330.16506871216,3141.7686121279976,2442.096919658364,1197.9506755236955,559.1449457799021,0.0,93011.89949797429,1.4551915228366852e-11,1.5645218845018617e-16,True,1e-06,PASS
Projected stochastic MPC,test_028_e9fb02365dd3,,101317.11800118124,8605.263606620225,84542.70142759717,3414.97199929214,3459.1490477549896,1295.0319199166686,0.0,0.0,101317.11800118121,2.9103830456733704e-11,2.8725481962874614e-16,True,1e-06,PASS
Behaviour cloning,test_028_e9fb02365dd3,1409200687.0,106318.87402735202,7854.417259583943,89561.37696686931,3574.6706729388934,2897.70005505416,1221.6156528783229,1209.093420027402,0.0,106318.87402735204,1.4551915228366852e-11,1.3687047912700023e-16,True,1e-06,PASS
Behaviour cloning,test_028_e9fb02365dd3,3018804584.0,109236.26641677924,7830.607028657624,92447.14636731782,3682.6597258141137,2884.605667557087,1216.4737365639105,1174.7738908686963,0.0,109236.26641677927,2.9103830456733704e-11,2.66430109810703e-16,True,1e-06,PASS
Behaviour cloning,test_028_e9fb02365dd3,959653586.0,108030.86478406118,7815.746013768321,91340.51310768707,3640.920577078348,2876.3170033581077,1214.057183005395,1143.3108991639162,0.0,108030.86478406117,1.4551915228366852e-11,1.3470146015635557e-16,True,1e-06,PASS
PPO,test_028_e9fb02365dd3,1694234878.0,184150.56705255312,6854.7420658034525,166107.7606557811,6702.121073920135,2422.493961332882,968.8705599893796,1094.578735726194,0.0,184150.56705255315,2.9103830456733704e-11,1.5804366460858096e-16,True,1e-06,PASS
PPO,test_028_e9fb02365dd3,1635820214.0,142364.22759799028,7427.300404747464,125035.4755026396,4987.784073649765,2700.574324299965,1104.4413778276717,1108.651914825923,0.0,142364.22759799036,8.731149137020111e-11,6.132965622287664e-16,True,1e-06,PASS
PPO,test_028_e9fb02365dd3,456241246.0,168249.57426670546,7166.59500179147,150473.68268063408,6042.949111183691,2584.020860875097,1032.0650674871022,950.2615447341128,0.0,168249.57426670555,8.731149137020111e-11,5.189403405669063e-16,True,1e-06,PASS
Vanilla SAC,test_028_e9fb02365dd3,3760190062.0,272161.9765259676,6013.325319055938,252474.951129652,10794.570493196185,2134.4748630382287,740.8335762062957,3.8211448187818218,0.0,272161.9765259674,1.7462298274040222e-10,6.4161417759156025e-16,True,1e-06,PASS
Vanilla SAC,test_028_e9fb02365dd3,3890281123.0,272183.548015447,6013.176701331103,252496.58719102544,10795.641212483428,2134.448968747165,740.8331132485887,2.860828611319328,0.0,272183.548015447,0.0,0.0,True,1e-06,PASS
Vanilla SAC,test_028_e9fb02365dd3,4226533458.0,272162.6131627122,6013.079985358409,252474.9359445049,10794.59725535926,2134.320920140712,740.8235695908734,4.855487758034061,0.0,272162.6131627122,0.0,0.0,True,1e-06,PASS
Constrained SAC,test_028_e9fb02365dd3,301721597.0,272188.84123862,6013.822403571172,252499.29221199948,10795.73066615938,2134.8002884961616,740.8637201845697,4.331948209349828,0.0,272188.84123862005,5.820766091346741e-11,2.1385028368021323e-16,True,1e-06,PASS
Constrained SAC,test_028_e9fb02365dd3,554911178.0,272183.4728160417,6013.396471345013,252495.22419322413,10795.538092868188,2134.550930147455,740.849817951533,3.913310505404544,0.0,272183.4728160417,0.0,0.0,True,1e-06,PASS
Constrained SAC,test_028_e9fb02365dd3,1600960620.0,272197.33319091634,6013.583840486714,252509.2032878225,10796.192064480749,2134.63613912072,740.8658071012014,2.852051904387136,0.0,272197.3331909163,5.820766091346741e-11,2.1384361202628378e-16,True,1e-06,PASS
Model-guided constrained SAC,test_028_e9fb02365dd3,301721597.0,107124.46634485174,7938.4554139723,90407.98183325722,3604.211230648658,2963.0666960802937,1242.4442247916943,968.3069461015476,0.0,107124.46634485171,2.9103830456733704e-11,2.7168238451749724e-16,True,1e-06,PASS
Model-guided constrained SAC,test_028_e9fb02365dd3,554911178.0,109969.57044940576,7899.333305629614,93250.96905522211,3709.390396466761,2937.9344904890936,1235.0775822751152,936.8656193230696,0.0,109969.57044940576,0.0,0.0,True,1e-06,PASS
Model-guided constrained SAC,test_028_e9fb02365dd3,1600960620.0,108729.62284116448,7892.467815207171,92095.8282720384,3666.3723424049695,2934.202869458984,1233.0495334840616,907.7020085709444,0.0,108729.62284116453,4.3655745685100555e-11,4.015073771466511e-16,True,1e-06,PASS
Passive,test_029_b44f60718c5a,,275102.33175393136,6197.967839475593,254993.62462209712,10902.71176203912,2255.004463681701,753.0230666378533,0.0,0.0,275102.3317539314,5.820766091346741e-11,2.115854872707221e-16,True,1e-06,PASS
Reactive,test_029_b44f60718c5a,,99367.6433739332,7509.731018296838,84183.15376648834,3395.9557824294966,2510.925744322661,1223.1511486043933,544.7259137915073,0.0,99367.64337393323,2.9103830456733704e-11,2.92890416523337e-16,True,1e-06,PASS
Projected stochastic MPC,test_029_b44f60718c5a,,106650.42883469096,8777.672661094706,89416.87744560586,3629.254496292933,3530.2656109909744,1296.3586207064543,0.0,0.0,106650.42883469093,2.9103830456733704e-11,2.728899524805932e-16,True,1e-06,PASS
Behaviour cloning,test_029_b44f60718c5a,1409200687.0,112686.71686114818,7988.925218133609,95479.71649813234,3832.695910048457,2957.52840339788,1217.593412897224,1210.2574185385868,0.0,112686.7168611481,7.275957614183426e-11,6.456801490763825e-16,True,1e-06,PASS
Behaviour cloning,test_029_b44f60718c5a,3018804584.0,115766.23145006446,7968.653841382584,98515.69998678716,3945.5757590490143,2948.245024664503,1213.1825932007043,1174.874244980455,0.0,115766.23145006443,2.9103830456733704e-11,2.514017264981765e-16,True,1e-06,PASS
Behaviour cloning,test_029_b44f60718c5a,959653586.0,114569.96690816876,7953.750772202616,97409.6656576702,3905.306289292554,2947.1823497279765,1209.8667071121515,1144.1951321632762,0.0,114569.96690816876,0.0,0.0,True,1e-06,PASS
PPO,test_029_b44f60718c5a,1694234878.0,189000.97548983537,6972.529763816807,170575.09932480336,6894.458047004738,2495.188979689691,968.554451323546,1095.1449231972488,0.0,189000.9754898354,2.9103830456733704e-11,1.5398772615487866e-16,True,1e-06,PASS
PPO,test_029_b44f60718c5a,1635820214.0,149868.91163596336,7528.2684313235795,132075.66546123405,5300.294454714134,2758.78392908976,1096.026695764226,1109.872663837653,0.0,149868.9116359634,2.9103830456733704e-11,1.94195247960617e-16,True,1e-06,PASS
PPO,test_029_b44f60718c5a,456241246.0,174129.99090965625,7267.495155425936,155961.46926282014,6286.932140063095,2635.5770583447425,1027.8172051166782,950.7000878857812,0.0,174129.99090965636,1.1641532182693481e-10,6.685541141923938e-16,True,1e-06,PASS
Vanilla SAC,test_029_b44f60718c5a,3760190062.0,275009.92430613446,6197.988262112831,254902.1987552949,10898.365248846569,2254.936463362751,752.961235782702,3.4743407347288238,0.0,275009.9243061345,5.820766091346741e-11,2.1165658315905732e-16,True,1e-06,PASS
Vanilla SAC,test_029_b44f60718c5a,3890281123.0,275039.6604341472,6197.99672377761,254931.3994279331,10899.75606621307,2254.915100224531,752.9818129001883,2.6113030986830976,0.0,275039.66043414717,5.820766091346741e-11,2.1163369974201983e-16,True,1e-06,PASS
Vanilla SAC,test_029_b44f60718c5a,4226533458.0,275012.8451810629,6197.744352127063,254904.41398108823,10898.484537897586,2254.7726165737795,752.9583148719844,4.471378504140092,0.0,275012.8451810628,5.820766091346741e-11,2.1165433518257908e-16,True,1e-06,PASS
Constrained SAC,test_029_b44f60718c5a,301721597.0,275034.6458969125,6198.499208580859,254924.54161328613,10899.445426436598,2255.1794511544003,752.9890184187016,3.991179035745673,0.0,275034.64589691244,5.820766091346741e-11,2.1163755832886813e-16,True,1e-06,PASS
Constrained SAC,test_029_b44f60718c5a,554911178.0,275035.3568684035,6198.120534410192,254926.2194900081,10899.491411302792,2254.9424805903377,752.9889772159913,3.593974876194548,0.0,275035.3568684037,1.7462298274040222e-10,6.349110337255813e-16,True,1e-06,PASS
Constrained SAC,test_029_b44f60718c5a,1600960620.0,275048.09629070736,6198.294635651871,254939.05730678845,10900.099143463192,2255.0481297577703,753.0021117051355,2.594963341012303,0.0,275048.0962907074,5.820766091346741e-11,2.1162720883530792e-16,True,1e-06,PASS
Model-guided constrained SAC,test_029_b44f60718c5a,301721597.0,113022.39931431237,8028.178047406281,95895.81785583036,3847.361294808869,2995.3070056557103,1225.4441498248727,1030.2909607863096,0.0,113022.39931431241,4.3655745685100555e-11,3.862574671034461e-16,True,1e-06,PASS
Model-guided constrained SAC,test_029_b44f60718c5a,554911178.0,116016.5629588422,7997.762669819188,98865.12286029191,3956.731555214783,2981.539976837825,1219.2533914794358,996.1525051990266,0.0,116016.56295884217,2.9103830456733704e-11,2.508592714219479e-16,True,1e-06,PASS
Model-guided constrained SAC,test_029_b44f60718c5a,1600960620.0,114783.68184102129,7985.220071471703,97718.3064562089,3915.2393229389504,2981.5350086471058,1215.8393894547144,967.5415922999256,0.0,114783.6818410213,1.4551915228366852e-11,1.2677686405391382e-16,True,1e-06,PASS
Passive,test_030_038f4c53d11f,,283299.8882067631,6466.343138284243,262440.4138634111,11221.112796800806,2390.289150919824,781.7292573471357,0.0,0.0,283299.8882067631,0.0,0.0,True,1e-06,PASS
Reactive,test_030_038f4c53d11f,,94591.96457615658,7768.890323376972,79047.3966231506,3160.073306966161,2729.358891401628,1276.0367945949586,610.2086366662397,0.0,94591.96457615656,1.4551915228366852e-11,1.5383880960259595e-16,True,1e-06,PASS
Projected stochastic MPC,test_030_038f4c53d11f,,102974.86182217451,9149.985644494547,85174.97711777808,3425.533673627448,3843.145703735877,1381.2196825386218,0.0,0.0,102974.86182217457,5.820766091346741e-11,5.652608790481817e-16,True,1e-06,PASS
Behaviour cloning,test_030_038f4c53d11f,1409200687.0,107999.13965635897,8383.348876782484,90270.31594403928,3592.667108088272,3242.1217331176263,1306.2853218720418,1204.4006724592873,0.0,107999.139656359,2.9103830456733704e-11,2.694820583695277e-16,True,1e-06,PASS
Behaviour cloning,test_030_038f4c53d11f,3018804584.0,110818.94756539945,8371.79691637336,93038.23200291384,3695.9330033434576,3237.6726227591016,1302.5178371916782,1172.7951828179696,0.0,110818.9475653994,4.3655745685100555e-11,3.9393755891191133e-16,True,1e-06,PASS
Behaviour cloning,test_030_038f4c53d11f,959653586.0,109575.17803257788,8356.664281204072,91898.75067801822,3653.040638498382,3226.988382815304,1299.7046299288447,1140.029422113078,0.0,109575.1780325779,1.4551915228366852e-11,1.328030261017729e-16,True,1e-06,PASS
PPO,test_030_038f4c53d11f,1694234878.0,189154.4015745657,7360.707986243298,170090.7210080994,6846.82371208654,2730.5190331886843,1039.26064698849,1086.3691879593591,0.0,189154.40157456577,5.820766091346741e-11,3.0772564861791823e-16,True,1e-06,PASS
PPO,test_030_038f4c53d11f,1635820214.0,145132.3432503141,7945.124251699093,126830.69305176826,5048.228379565541,3021.863772987078,1183.3011128860417,1103.1326814080935,0.0,145132.34325031412,2.9103830456733704e-11,2.00533043186228e-16,True,1e-06,PASS
PPO,test_030_038f4c53d11f,456241246.0,171841.5033149515,7680.129715958918,153084.06730181305,6132.9886826581605,2904.4697652337723,1107.291526696287,932.5563225913164,0.0,171841.50331495152,2.9103830456733704e-11,1.693643845945187e-16,True,1e-06,PASS
Vanilla SAC,test_030_038f4c53d11f,3760190062.0,283244.3541218185,6467.066709169152,262383.1469873321,11218.306039113882,2390.5948269191467,781.7481006999221,3.4914585841662364,0.0,283244.3541218183,1.7462298274040222e-10,6.165100211151954e-16,True,1e-06,PASS
Vanilla SAC,test_030_038f4c53d11f,3890281123.0,283264.17490674625,6466.887376972367,262403.140310491,11219.2779416066,2390.5110149275124,781.7474446451204,2.610818103609328,0.0,283264.1749067462,5.820766091346741e-11,2.0548896072943224e-16,True,1e-06,PASS
Vanilla SAC,test_030_038f4c53d11f,4226533458.0,283246.008514502,6466.8432958146095,262384.10355862684,11218.368611449756,2390.484633179158,781.7405461029527,4.467869328690951,0.0,283246.00851450197,5.820766091346741e-11,2.0550214006100357e-16,True,1e-06,PASS
Constrained SAC,test_030_038f4c53d11f,301721597.0,283276.9931490804,6467.766376630351,262412.66301192326,11219.661680163155,2391.0703794648907,781.8002844963528,4.031416402575081,0.0,283276.99314908055,1.7462298274040222e-10,6.164389871524204e-16,True,1e-06,PASS
Constrained SAC,test_030_038f4c53d11f,554911178.0,283266.88499781163,6467.204285711178,262404.3165209609,11219.29249449981,2390.709342205872,781.7714575111627,3.59089692274211,0.0,283266.8849978117,5.820766091346741e-11,2.0548699476084926e-16,True,1e-06,PASS
Constrained SAC,test_030_038f4c53d11f,1600960620.0,283278.24504000734,6467.340921219176,262415.90269989154,11219.83234686487,2390.7791169743878,781.7850071626423,2.604947894690311,0.0,283278.2450400073,5.820766091346741e-11,2.0547875430831884e-16,True,1e-06,PASS
Model-guided constrained SAC,test_030_038f4c53d11f,301721597.0,108556.14926997156,8425.875855622155,90953.21810197462,3616.225493483105,3275.8383079948644,1320.5055625285504,964.4859483682932,0.0,108556.14926997159,2.9103830456733704e-11,2.68099326039601e-16,True,1e-06,PASS
Model-guided constrained SAC,test_030_038f4c53d11f,554911178.0,111328.78573945204,8388.084532361583,93724.97555355848,3718.2715763799615,3249.374502686585,1313.663552147789,934.4160223176762,0.0,111328.78573945207,2.9103830456733704e-11,2.614223290357874e-16,True,1e-06,PASS
Model-guided constrained SAC,test_030_038f4c53d11f,1600960620.0,109993.14693913847,8378.814825860463,92482.89194252658,3671.9529769785536,3244.20542945486,1311.095264572733,904.1864997452616,0.0,109993.14693913846,1.4551915228366852e-11,1.322983807020153e-16,True,1e-06,PASS
Passive,test_031_0a6ff70351b5,,273985.5104270849,6256.051608422419,253853.3798611443,10853.958524500184,2267.387321130152,754.7331118879099,0.0,0.0,273985.510427085,5.820766091346741e-11,2.1244795326122936e-16,True,1e-06,PASS
Reactive,test_031_0a6ff70351b5,,98010.82436187047,7567.415142420264,82765.12067159948,3334.7401914487577,2548.937453869751,1229.1566620450585,565.4542404871394,0.0,98010.82436187044,2.9103830456733704e-11,2.969450634276685e-16,True,1e-06,PASS
Projected stochastic MPC,test_031_0a6ff70351b5,,105990.03948390174,8877.531290526753,88592.9074153264,3592.072430885121,3621.388797528961,1306.1395496344865,0.0,0.0,105990.03948390171,2.9103830456733704e-11,2.7459024072874443e-16,True,1e-06,PASS
Behaviour cloning,test_031_0a6ff70351b5,1409200687.0,112045.62233874244,8081.478678947757,94738.38553050696,3800.105712145142,2989.046013655747,1227.5621426125356,1209.0442608743235,0.0,112045.62233874245,1.4551915228366852e-11,1.298749109927089e-16,True,1e-06,PASS
Behaviour cloning,test_031_0a6ff70351b5,3018804584.0,115233.45535300024,8062.529037122655,97874.1745284206,3917.915853010904,2981.7674918874964,1222.8298948665922,1174.2385476919503,0.0,115233.45535300019,5.820766091346741e-11,5.051281395247331e-16,True,1e-06,PASS
Behaviour cloning,test_031_0a6ff70351b5,959653586.0,114012.66280422876,8047.304482276531,96747.23951067196,3876.208161759837,2979.243694875068,1219.5461300858435,1143.1208245595194,0.0,114012.66280422876,0.0,0.0,True,1e-06,PASS
PPO,test_031_0a6ff70351b5,1694234878.0,188680.7563828373,7068.416520721141,170147.92615586493,6869.197006672644,2526.2715759775247,976.7423030764508,1092.2028205247084,0.0,188680.75638283743,1.1641532182693481e-10,6.169962642651571e-16,True,1e-06,PASS
PPO,test_031_0a6ff70351b5,1635820214.0,148351.00647888964,7635.059332126732,130479.26086621224,5224.241469423392,2796.9067649756253,1107.9641798231478,1107.573866328504,0.0,148351.00647888967,2.9103830456733704e-11,1.9618222449252599e-16,True,1e-06,PASS
PPO,test_031_0a6ff70351b5,456241246.0,173627.46827968993,7365.154564036625,155360.3712498581,6250.222657153375,2668.8738828597643,1037.123854800952,945.7220709811896,0.0,173627.46827969002,8.731149137020111e-11,5.02866811543634e-16,True,1e-06,PASS
Vanilla SAC,test_031_0a6ff70351b5,3760190062.0,273902.9192741493,6256.379314560115,253771.06568373012,10850.042824602458,2267.385420781304,754.7003404884347,3.3456899869152465,0.0,273902.9192741494,1.1641532182693481e-10,4.2502402725549184e-16,True,1e-06,PASS
Vanilla SAC,test_031_0a6ff70351b5,3890281123.0,273928.36647329945,6256.259461102268,253796.29227349607,10851.250847239022,2267.3401333383044,754.7086650906397,2.5150930331939207,0.0,273928.3664732995,5.820766091346741e-11,2.1249227184049617e-16,True,1e-06,PASS
Vanilla SAC,test_031_0a6ff70351b5,4226533458.0,273906.6035374904,6256.144099913015,253773.98845924335,10850.189597265884,2267.2608197899544,754.6991260308828,4.321435247274735,0.0,273906.60353749036,5.820766091346741e-11,2.1250915517084403e-16,True,1e-06,PASS
Constrained SAC,test_031_0a6ff70351b5,301721597.0,273922.80938048306,6256.7786641395805,253789.0138534031,10850.923069369828,2267.505679156552,754.7155408899408,3.8725735239506096,0.0,273922.809380483,5.820766091346741e-11,2.1249658268733677e-16,True,1e-06,PASS
Constrained SAC,test_031_0a6ff70351b5,554911178.0,273924.6333109763,6256.391015302994,253791.6783808318,10851.014392938654,2267.3578895701767,754.7179911593922,3.4736411732523838,0.0,273924.6333109763,0.0,0.0,True,1e-06,PASS
Constrained SAC,test_031_0a6ff70351b5,1600960620.0,273935.05146333174,6256.523921232875,253802.3599052177,10851.525252343285,2267.415626227586,754.7244707015728,2.502287608827292,0.0,273935.0514633318,5.820766091346741e-11,2.1248708627292606e-16,True,1e-06,PASS
Model-guided constrained SAC,test_031_0a6ff70351b5,301721597.0,112731.36457057938,8101.119593563881,95582.34925497371,3828.3002206100286,3009.1424057575464,1241.7691797307186,968.6839159434454,0.0,112731.36457057935,2.9103830456733704e-11,2.5816976994465673e-16,True,1e-06,PASS
Model-guided constrained SAC,test_031_0a6ff70351b5,554911178.0,115820.66217751136,8061.307747820778,98660.52354300884,3942.37757073708,2985.7619022972917,1234.1718667897533,936.5195468576336,0.0,115820.66217751136,0.0,0.0,True,1e-06,PASS
Model-guided constrained SAC,test_031_0a6ff70351b5,1600960620.0,114558.50128325728,8049.973242181692,97487.6934455476,3899.636069927451,2982.344470708957,1231.1646569343595,907.6893979571756,0.0,114558.50128325722,5.820766091346741e-11,5.081042459655018e-16,True,1e-06,PASS
Passive,test_032_efdf826e6bc3,,294514.28696417593,6966.092306983119,272365.2931967452,11645.469109938742,2703.686732139133,833.7456183696871,0.0,0.0,294514.28696417593,0.0,0.0,True,1e-06,PASS
Reactive,test_032_efdf826e6bc3,,100055.76778681228,8258.112887153102,83477.41881062671,3338.8772989296167,2997.145736243038,1349.3877065220065,634.8253473378034,0.0,100055.76778681226,2.9103830456733704e-11,2.90876089409907e-16,True,1e-06,PASS
Projected stochastic MPC,test_032_efdf826e6bc3,,109949.17868018264,9737.764478139115,90884.95719009184,3658.199604889302,4213.776842141139,1454.48056492128,0.0,0.0,109949.17868018268,4.3655745685100555e-11,3.970538589659253e-16,True,1e-06,PASS
Behaviour cloning,test_032_efdf826e6bc3,1409200687.0,114085.0528361854,8948.888161397219,95191.70954631754,3790.433245517101,3568.5238495998656,1383.7169657914587,1201.7810675622552,0.0,114085.05283618544,4.3655745685100555e-11,3.8265964383419967e-16,True,1e-06,PASS
Behaviour cloning,test_032_efdf826e6bc3,3018804584.0,117021.19728618117,8931.290315450013,98082.28121736774,3898.216615562465,3559.776370016974,1379.5106179384802,1170.1221498455163,0.0,117021.19728618117,0.0,0.0,True,1e-06,PASS
Behaviour cloning,test_032_efdf826e6bc3,959653586.0,115786.37605351832,8922.604029644712,96941.1395779788,3854.994397578933,3553.951318266026,1376.6375360944362,1137.0491939554834,0.0,115786.3760535184,7.275957614183426e-11,6.28394968577336e-16,True,1e-06,PASS
PPO,test_032_efdf826e6bc3,1694234878.0,198068.12531898305,7882.040554292952,177819.43519047133,7154.653563207324,3025.409751303161,1106.194245805705,1080.3920139025672,0.0,198068.12531898307,2.9103830456733704e-11,1.469384859873986e-16,True,1e-06,PASS
PPO,test_032_efdf826e6bc3,1635820214.0,151886.22571903872,8503.797995028548,132415.31232990458,5265.774554100464,3342.75830441114,1258.385556668002,1100.1969789259342,0.0,151886.2257190387,2.9103830456733704e-11,1.916159962429403e-16,True,1e-06,PASS
PPO,test_032_efdf826e6bc3,456241246.0,180215.59761514628,8215.512473829607,160273.65929602884,6416.73665003386,3211.770201120534,1176.9727645441335,920.9462295893874,0.0,180215.59761514634,5.820766091346741e-11,3.2298902916145434e-16,True,1e-06,PASS
Vanilla SAC,test_032_efdf826e6bc3,3760190062.0,294465.20674860413,6966.820429036552,272314.5870703327,11642.99919466807,2703.923455951568,833.7655653197213,3.111033295536981,0.0,294465.2067486042,5.820766091346741e-11,1.9767245698117892e-16,True,1e-06,PASS
Vanilla SAC,test_032_efdf826e6bc3,3890281123.0,294482.62574766064,6966.614934789643,272332.2120360411,11643.85279561398,2703.847747909843,833.7636465830033,2.3345867230531976,0.0,294482.62574766064,0.0,0.0,True,1e-06,PASS
Vanilla SAC,test_032_efdf826e6bc3,4226533458.0,294466.8130033349,6966.592309169267,272315.57745875884,11643.05938560179,2703.7981449903764,833.7591961331683,4.026508681413446,0.0,294466.81300333486,5.820766091346741e-11,1.9767137871936756e-16,True,1e-06,PASS
Constrained SAC,test_032_efdf826e6bc3,301721597.0,294494.8991826106,6967.524117545109,272341.2970802713,11644.224282334191,2704.3959937314144,833.8193772221865,3.6383315063611104,0.0,294494.89918261056,5.820766091346741e-11,1.976525266652376e-16,True,1e-06,PASS
Constrained SAC,test_032_efdf826e6bc3,554911178.0,294485.7931153504,6966.944481635207,272333.8998883167,11643.894903637089,2704.0291203066704,833.7896690434521,3.2350524112154324,0.0,294485.7931153503,1.1641532182693481e-10,3.953172769232192e-16,True,1e-06,PASS
Constrained SAC,test_032_efdf826e6bc3,1600960620.0,294496.3133168496,6967.093499443389,272344.55012159323,11644.390080320296,2704.151269839511,833.8032141923735,2.325131460812306,0.0,294496.3133168496,0.0,0.0,True,1e-06,PASS
Model-guided constrained SAC,test_032_efdf826e6bc3,301721597.0,114433.54709841048,8992.992208327525,95610.09157057156,3805.150015606573,3611.447063427282,1391.6263797148115,1022.2398607626816,0.0,114433.54709841045,2.9103830456733704e-11,2.5432953180857897e-16,True,1e-06,PASS
Model-guided constrained SAC,test_032_efdf826e6bc3,554911178.0,117267.43983086116,8964.147931690855,98423.27957153162,3908.845589812227,3594.320272147741,1385.326635424112,991.51983025456,0.0,117267.43983086111,4.3655745685100555e-11,3.722750811995788e-16,True,1e-06,PASS
Model-guided constrained SAC,test_032_efdf826e6bc3,1600960620.0,115993.09255880864,8956.317595213915,97238.88257569449,3864.372726359393,3590.792287343156,1382.256687038035,960.4706871596402,0.0,115993.09255880862,1.4551915228366852e-11,1.2545501553024817e-16,True,1e-06,PASS
Passive,test_033_de0c441dba67,,290799.7206102863,6850.373189996785,268990.8487809577,11501.188586562055,2636.042183668136,821.267869101557,0.0,0.0,290799.7206102862,5.820766091346741e-11,2.0016408816112343e-16,True,1e-06,PASS
Reactive,test_033_de0c441dba67,,102994.62090240138,8139.168817015379,86528.31239198404,3478.528257985597,2921.953001303978,1318.0779660510293,608.5804680613148,0.0,102994.62090240135,2.9103830456733704e-11,2.8257621807562893e-16,True,1e-06,PASS
Projected stochastic MPC,test_033_de0c441dba67,,112846.97494343444,9574.90891741105,93948.36404013875,3799.878342112459,4106.053831141623,1417.769812630521,0.0,0.0,112846.9749434344,4.3655745685100555e-11,3.868579171659975e-16,True,1e-06,PASS
Behaviour cloning,test_033_de0c441dba67,1409200687.0,117575.73517073537,8776.440522194534,98836.89512822936,3956.4418464293726,3457.302320049388,1344.4059861194614,1204.2493677132288,0.0,117575.73517073534,2.9103830456733704e-11,2.4753262579622514e-16,True,1e-06,PASS
Behaviour cloning,test_033_de0c441dba67,3018804584.0,120670.68195762324,8757.91813703019,101881.95867360396,4070.7261139852058,3448.340676041279,1339.9759294302255,1171.7624275323913,0.0,120670.68195762325,1.4551915228366852e-11,1.2059196975017635e-16,True,1e-06,PASS
Behaviour cloning,test_033_de0c441dba67,959653586.0,119407.83738623653,8748.241770801578,100715.25536524436,4026.452821785145,3441.636512554805,1336.938866372794,1139.3120494778111,0.0,119407.8373862365,2.9103830456733704e-11,2.4373467515867046e-16,True,1e-06,PASS
PPO,test_033_de0c441dba67,1694234878.0,198929.92860062647,7726.381932298515,178884.30988232538,7216.574639423907,2940.9375812712933,1076.2872178132409,1085.4373474942392,0.0,198929.92860062656,8.731149137020111e-11,4.3890575935151743e-16,True,1e-06,PASS
PPO,test_033_de0c441dba67,1635820214.0,154354.09704487986,8336.596212543096,135058.60627745188,5391.75410926332,3241.0586996993297,1222.7490823542744,1103.3326635680198,0.0,154354.09704487995,8.731149137020111e-11,5.656571029974961e-16,True,1e-06,PASS
PPO,test_033_de0c441dba67,456241246.0,182047.32888890555,8051.476516942645,162290.71708531052,6518.974455121455,3111.338857804543,1143.4746684501815,931.3473052761772,0.0,182047.32888890553,2.9103830456733704e-11,1.5986958245618822e-16,True,1e-06,PASS
Vanilla SAC,test_033_de0c441dba67,3760190062.0,290746.43056524853,6851.077836144951,268936.05314394296,11498.503885969738,2636.2474342910587,821.2860129903081,3.262251909581529,0.0,290746.4305652486,5.820766091346741e-11,2.0020077563911692e-16,True,1e-06,PASS
Vanilla SAC,test_033_de0c441dba67,3890281123.0,290765.0765545008,6850.879871162387,268954.8593403814,11499.420595042931,2636.1835882738856,821.2845763346509,2.4485833054001387,0.0,290765.0765545007,1.1641532182693481e-10,4.0037587459412107e-16,True,1e-06,PASS
Vanilla SAC,test_033_de0c441dba67,4226533458.0,290745.48636300006,6850.758256582344,268934.734360925,11498.467544562372,2636.0405247890426,821.2719813849408,4.2136947563376,0.0,290745.486363,5.820766091346741e-11,2.002014257954611e-16,True,1e-06,PASS
Constrained SAC,test_033_de0c441dba67,301721597.0,290777.77618484705,6851.792907839544,268964.3015472288,11499.804961870048,2636.738960364228,821.3420061424931,3.795801401829608,0.0,290777.776184847,5.820766091346741e-11,2.0017919415019143e-16,True,1e-06,PASS
Constrained SAC,test_033_de0c441dba67,554911178.0,290766.82699224097,6851.157546165069,268955.23893998563,11499.402699872106,2636.33194575353,821.3073177081285,3.388542756551485,0.0,290766.826992241,5.820766091346741e-11,2.0018673215091576e-16,True,1e-06,PASS
Constrained SAC,test_033_de0c441dba67,1600960620.0,290779.1867480487,6851.354787033045,268967.61720157025,11499.9768007252,2636.4751214036264,821.3247488759388,2.438088440691944,0.0,290779.18674804876,5.820766091346741e-11,2.001782230854871e-16,True,1e-06,PASS
Model-guided constrained SAC,test_033_de0c441dba67,301721597.0,117912.47185443326,8822.783580975714,99239.41688391018,3970.9213739585366,3502.620150624961,1352.241639039249,1024.4882259246197,0.0,117912.47185443326,0.0,0.0,True,1e-06,PASS
Model-guided constrained SAC,test_033_de0c441dba67,554911178.0,120907.01813827013,8793.104203541618,102208.36711989807,4081.245088164172,3485.5716144854205,1345.83530910416,992.8948030766144,0.0,120907.01813827007,5.820766091346741e-11,4.81424997570453e-16,True,1e-06,PASS
Model-guided constrained SAC,test_033_de0c441dba67,1600960620.0,119610.70138436726,8782.957591627921,101006.7726177101,4035.936941138174,3479.7766782274334,1342.522000533556,962.7355551301164,0.0,119610.70138436729,2.9103830456733704e-11,2.433212924921238e-16,True,1e-06,PASS
Passive,test_034_a00d80b83640,,288366.04743863747,6695.033846286848,266904.740498836,11411.993226226308,2545.1821550107147,809.0977122777132,0.0,0.0,288366.0474386375,5.820766091346741e-11,2.0185337847672113e-16,True,1e-06,PASS
Reactive,test_034_a00d80b83640,,103650.86194492131,7984.372767631925,87405.61856628711,3519.627000658262,2843.477235520049,1306.414665703973,591.3517091200018,0.0,103650.86194492133,1.4551915228366852e-11,1.4039357662167388e-16,True,1e-06,PASS
Projected stochastic MPC,test_034_a00d80b83640,,112329.1624103924,9369.935548366617,93798.61923105145,3797.868945544923,3964.297677473226,1398.4410079561812,0.0,0.0,112329.16241039238,1.4551915228366852e-11,1.2954708212994336e-16,True,1e-06,PASS
Behaviour cloning,test_034_a00d80b83640,1409200687.0,117086.7018372713,8593.03054702782,98633.13472869503,3951.701929788796,3378.2707900974096,1324.066342406893,1206.4974992553282,0.0,117086.70183727128,2.9103830456733704e-11,2.485664896188006e-16,True,1e-06,PASS
Behaviour cloning,test_034_a00d80b83640,3018804584.0,120216.79784832364,8577.190628426857,101707.1322219702,4067.41850310528,3372.546846357988,1319.279418679441,1173.2302297838637,0.0,120216.79784832362,1.4551915228366852e-11,1.210472703384336e-16,True,1e-06,PASS
Behaviour cloning,test_034_a00d80b83640,959653586.0,118976.1954106745,8561.086641337368,100570.2275844444,4024.429161951773,3362.876180642003,1316.6632585515622,1140.9125837473891,0.0,118976.1954106745,0.0,0.0,True,1e-06,PASS
PPO,test_034_a00d80b83640,1694234878.0,198396.8487128881,7550.001939045603,178626.5516481887,7217.34213641831,2855.8544451861703,1057.1043059988438,1089.9942380504351,0.0,198396.84871288805,5.820766091346741e-11,2.933900477305624e-16,True,1e-06,PASS
PPO,test_034_a00d80b83640,1635820214.0,155050.90324363383,8141.222720426606,136002.3461795166,5444.670307823631,3157.516796808292,1199.0783204804573,1106.0689185782835,0.0,155050.90324363386,2.9103830456733704e-11,1.8770500427851372e-16,True,1e-06,PASS
PPO,test_034_a00d80b83640,456241246.0,181758.2977406574,7869.0065342398,162262.25581584053,6531.58828509554,3033.225525438918,1122.7502118412976,939.4713682012735,0.0,181758.2977406574,0.0,0.0,True,1e-06,PASS
Vanilla SAC,test_034_a00d80b83640,3760190062.0,288308.8445787022,6695.6687497563125,266845.9118141865,11409.071306224429,2545.4216577278708,809.1049827675786,3.666068039395707,0.0,288308.84457870206,1.1641532182693481e-10,4.0378685571387635e-16,True,1e-06,PASS
Vanilla SAC,test_034_a00d80b83640,3890281123.0,288329.2513186736,6695.523683239228,266866.4539614926,11410.081862214713,2545.340840371988,809.1087579003026,2.742213454894461,0.0,288329.2513186737,1.1641532182693481e-10,4.0375827736696654e-16,True,1e-06,PASS
Vanilla SAC,test_034_a00d80b83640,4226533458.0,288309.6742303272,6695.4367105876445,266846.05588485545,11409.102130545456,2545.313496966135,809.0954071633473,4.670600209251513,0.0,288309.67423032736,1.7462298274040222e-10,6.056785406406377e-16,True,1e-06,PASS
Constrained SAC,test_034_a00d80b83640,301721597.0,288342.21960216085,6696.405076357215,266876.1632744718,11410.472873559633,2545.827262045438,809.164251265502,4.186864461185029,0.0,288342.2196021608,5.820766091346741e-11,2.0187005910469588e-16,True,1e-06,PASS
Constrained SAC,test_034_a00d80b83640,554911178.0,288331.2429758424,6695.819266797001,266866.97038111946,11410.063634535172,2545.497451028558,809.1315599927876,3.760682369319309,0.0,288331.24297584227,1.1641532182693481e-10,4.0375548839391154e-16,True,1e-06,PASS
Constrained SAC,test_034_a00d80b83640,1600960620.0,288344.08099381434,6696.001069718257,266879.9769287184,11410.669948253775,2545.548013536948,809.1508962830486,2.734137304041269,0.0,288344.0809938145,1.7462298274040222e-10,6.05606267826071e-16,True,1e-06,PASS
Model-guided constrained SAC,test_034_a00d80b83640,301721597.0,117695.71281865863,8637.041868605478,99362.39341157029,3977.03871446077,3414.8016255870048,1338.4137472549376,966.0234511801976,0.0,117695.71281865866,2.9103830456733704e-11,2.4728029390140873e-16,True,1e-06,PASS
Model-guided constrained SAC,test_034_a00d80b83640,554911178.0,120756.35332873015,8602.184835126709,102402.80164512122,4090.454879857016,3394.128209499472,1331.3642438940033,935.4195152317284,0.0,120756.35332873014,1.4551915228366852e-11,1.205064150020559e-16,True,1e-06,PASS
Model-guided constrained SAC,test_034_a00d80b83640,1600960620.0,119475.21828568703,8595.809364585957,101207.33516585054,4045.709403746751,3391.7344044491247,1329.3244558859435,905.3054911687436,0.0,119475.21828568706,2.9103830456733704e-11,2.435972151742894e-16,True,1e-06,PASS
Passive,test_035_51fd398978b7,,273322.52809403394,6137.617445769899,253396.90356350143,10834.4410445191,2209.6569421633167,743.9090980802576,0.0,0.0,273322.52809403394,0.0,0.0,True,1e-06,PASS
Reactive,test_035_51fd398978b7,,97291.8432224624,7457.921016280766,82229.93465250045,3308.419389116507,2507.320275165712,1215.5280291981692,572.7198602007861,0.0,97291.8432224624,0.0,0.0,True,1e-06,PASS
Projected stochastic MPC,test_035_51fd398978b7,,104865.07753966656,8753.578553189644,87712.27481388571,3550.3512903187298,3549.873148125592,1298.9997341469027,0.0,0.0,104865.07753966658,2.9103830456733704e-11,2.7753596468495253e-16,True,1e-06,PASS
Behaviour cloning,test_035_51fd398978b7,1409200687.0,109931.5909459852,7986.904784101572,92842.99811646924,3715.751315177145,2954.860087888039,1222.5566596200388,1208.5199827291465,0.0,109931.59094598518,1.4551915228366852e-11,1.3237246093815675e-16,True,1e-06,PASS
Behaviour cloning,test_035_51fd398978b7,3018804584.0,112866.98869521136,7973.292220991464,95728.33721014037,3823.016227649589,2948.78927146593,1218.4357219791625,1175.1180429848368,0.0,112866.98869521133,2.9103830456733704e-11,2.578595459415185e-16,True,1e-06,PASS
Behaviour cloning,test_035_51fd398978b7,959653586.0,111653.15667617189,7954.806367961644,94618.24154448316,3782.043806592728,2939.2846875601394,1215.2598087220688,1143.520460852101,0.0,111653.15667617184,4.3655745685100555e-11,3.909942807234326e-16,True,1e-06,PASS
PPO,test_035_51fd398978b7,1694234878.0,187910.56604032675,6971.169200310142,169553.14922269198,6851.481215475662,2473.4538003168823,968.0857713228668,1093.2268302092511,0.0,187910.56604032675,0.0,0.0,True,1e-06,PASS
PPO,test_035_51fd398978b7,1635820214.0,147853.04372648825,7527.015164918324,130163.71328730862,5213.816875318602,2741.6233983200887,1098.5068021463342,1108.3681984762625,0.0,147853.04372648822,2.9103830456733704e-11,1.968429578668165e-16,True,1e-06,PASS
PPO,test_035_51fd398978b7,456241246.0,172562.87232935682,7270.263493737356,154474.37513975432,6220.618162197519,2622.513430501476,1029.0340227268628,946.0680804392736,0.0,172562.87232935682,0.0,0.0,True,1e-06,PASS
Vanilla SAC,test_035_51fd398978b7,3760190062.0,273263.9850352137,6138.393146794865,253336.66568717596,10831.45609073124,2209.9998192876637,743.9401513260323,3.53013989793892,0.0,273263.9850352137,0.0,0.0,True,1e-06,PASS
Vanilla SAC,test_035_51fd398978b7,3890281123.0,273283.890370162,6138.177259614836,253356.8165422358,10832.45065613995,2209.8625708082104,743.9335246356226,2.6498167274553164,0.0,273283.89037016185,1.1641532182693481e-10,4.259867702748622e-16,True,1e-06,PASS
Vanilla SAC,test_035_51fd398978b7,4226533458.0,273261.34708896134,6138.067929094871,253333.6420251543,10831.34989710541,2209.832756576552,743.9224867775827,4.531994252634624,0.0,273261.34708896134,0.0,0.0,True,1e-06,PASS
Constrained SAC,test_035_51fd398978b7,301721597.0,273298.1192693718,6139.0955676197,253367.7582757072,10832.898451032715,2210.319075967898,743.9875116260446,4.060387418138391,0.0,273298.1192693717,1.1641532182693481e-10,4.2596459184628333e-16,True,1e-06,PASS
Constrained SAC,test_035_51fd398978b7,554911178.0,273285.03812711,6138.435620466955,253356.64343430797,10832.402627033494,2209.952987941353,743.9539197106656,3.649537649512288,0.0,273285.03812710993,5.820766091346741e-11,2.1299249059655413e-16,True,1e-06,PASS
Constrained SAC,test_035_51fd398978b7,1600960620.0,273299.3665921202,6138.638805800088,253371.04409734748,10833.07210183973,2210.003669828173,743.9704476812183,2.637469623419596,0.0,273299.3665921201,1.1641532182693481e-10,4.259626477681391e-16,True,1e-06,PASS
Model-guided constrained SAC,test_035_51fd398978b7,301721597.0,110486.90401754182,8023.373352491752,93531.92173913291,3738.944590681484,2987.472026471819,1236.780452741016,968.411856022846,0.0,110486.90401754183,1.4551915228366852e-11,1.3170714989042021e-16,True,1e-06,PASS
Model-guided constrained SAC,test_035_51fd398978b7,554911178.0,113417.3561673619,7984.16747299698,96459.23476291606,3846.470647200523,2961.4698422052525,1229.5212090502612,936.4922329927696,0.0,113417.35616736184,5.820766091346741e-11,5.132165206494015e-16,True,1e-06,PASS
Model-guided constrained SAC,test_035_51fd398978b7,1600960620.0,112077.46497429175,7972.872115972722,95213.35301204756,3800.585779124645,2956.1637523644517,1226.8083126621525,907.6820021202702,0.0,112077.4649742918,4.3655745685100555e-11,3.8951403562807454e-16,True,1e-06,PASS
Passive,test_036_7eb6ac1ca077,,282226.50979964994,6592.966687750747,261244.00394501985,11169.95810226,2432.171913780908,787.4091508384835,0.0,0.0,282226.50979965006,1.1641532182693481e-10,4.124889682035079e-16,True,1e-06,PASS
Reactive,test_036_7eb6ac1ca077,,98494.8715659018,7854.183470405725,82682.73167452369,3318.793186972904,2767.4286056677643,1265.076883018883,606.6577453128291,0.0,98494.8715659018,0.0,0.0,True,1e-06,PASS
Projected stochastic MPC,test_036_7eb6ac1ca077,,107850.9359981676,9266.572604296243,89676.90507303986,3621.176066202591,3914.7575097523527,1371.52474487659,0.0,0.0,107850.93599816764,4.3655745685100555e-11,4.0477855181379485e-16,True,1e-06,PASS
Behaviour cloning,test_036_7eb6ac1ca077,1409200687.0,112552.93021337558,8494.589959350315,94487.9336165376,3775.115778949785,3293.56700483553,1296.9220370355831,1204.8018166667352,0.0,112552.93021337553,5.820766091346741e-11,5.171581122154571e-16,True,1e-06,PASS
Behaviour cloning,test_036_7eb6ac1ca077,3018804584.0,115808.38026112971,8476.16955723437,97686.43986526104,3896.184625031927,3285.646178036876,1291.6565540780996,1172.283481487454,0.0,115808.38026112976,4.3655745685100555e-11,3.769653421165524e-16,True,1e-06,PASS
Behaviour cloning,test_036_7eb6ac1ca077,959653586.0,114433.22450648416,8464.539878155729,96415.93666076196,3847.2489449261593,3276.574165222246,1289.1210180001133,1139.8038394179046,0.0,114433.22450648411,4.3655745685100555e-11,3.814953731608505e-16,True,1e-06,PASS
PPO,test_036_7eb6ac1ca077,1694234878.0,192695.4981878948,7464.470621532463,173368.57084688375,6982.116596188339,2762.50361567641,1032.391521629888,1085.44498598378,0.0,192695.4981878946,1.7462298274040222e-10,9.062120515660916e-16,True,1e-06,PASS
PPO,test_036_7eb6ac1ca077,1635820214.0,148655.39587429294,8065.798865418737,130058.08219869956,5179.354219555196,3073.060721912832,1176.534334142654,1102.565534563975,0.0,148655.39587429294,0.0,0.0,True,1e-06,PASS
PPO,test_036_7eb6ac1ca077,456241246.0,176081.87368010756,7780.797306247478,157034.12916164644,6296.53153860436,2940.9778509193225,1098.8544671968937,930.58335549304,0.0,176081.87368010753,2.9103830456733704e-11,1.6528578353049205e-16,True,1e-06,PASS
Vanilla SAC,test_036_7eb6ac1ca077,3760190062.0,282171.74715737643,6593.801469724451,261187.3735700431,11167.208194333403,2432.6613198322234,787.4401615868827,3.2624418563292656,0.0,282171.7471573763,1.1641532182693481e-10,4.125690222345548e-16,True,1e-06,PASS
Vanilla SAC,test_036_7eb6ac1ca077,3890281123.0,282190.3721251881,6593.548762798524,261206.3404791373,11168.12739699699,2432.477878424788,787.4327817211532,2.444826109388184,0.0,282190.3721251882,5.820766091346741e-11,2.062708960447621e-16,True,1e-06,PASS
Vanilla SAC,test_036_7eb6ac1ca077,4226533458.0,282172.0982462355,6593.530732643034,261187.22733197385,11167.221240971472,2432.4877266463254,787.428637108844,4.202576892155427,0.0,282172.09824623563,1.1641532182693481e-10,4.1256850890106715e-16,True,1e-06,PASS
Constrained SAC,test_036_7eb6ac1ca077,301721597.0,282203.9716784164,6594.433062961418,261216.673153994,11168.550793590826,2433.035641895573,787.4886594044984,3.790366570042126,0.0,282203.97167841636,5.820766091346741e-11,2.0626095574514997e-16,True,1e-06,PASS
Constrained SAC,test_036_7eb6ac1ca077,554911178.0,282194.6569193028,6593.872663996187,261209.0962652076,11168.21295691952,2432.6306392881165,787.4621738123715,3.382220078951748,0.0,282194.65691930277,5.820766091346741e-11,2.062677640636996e-16,True,1e-06,PASS
Constrained SAC,test_036_7eb6ac1ca077,1600960620.0,282205.4302507826,6594.012145419837,261220.0705320009,11168.724344380224,2432.711340995369,787.4727547153838,2.439133270892237,0.0,282205.4302507825,5.820766091346741e-11,2.0625988969007797e-16,True,1e-06,PASS
Model-guided constrained SAC,test_036_7eb6ac1ca077,301721597.0,112843.22241037276,8542.511592668588,94845.14111787303,3788.059309030248,3337.597827601083,1304.8729806502804,1025.0395825495286,0.0,112843.22241037275,1.4551915228366852e-11,1.289569272972943e-16,True,1e-06,PASS
Model-guided constrained SAC,test_036_7eb6ac1ca077,554911178.0,115999.42124816524,8514.509553006243,97965.1713214324,3905.221463473374,3323.448244467469,1297.587651700893,993.4830140848724,0.0,115999.42124816524,0.0,0.0,True,1e-06,PASS
Model-guided constrained SAC,test_036_7eb6ac1ca077,1600960620.0,114581.49420887,8502.25240720624,96652.2784812963,3855.011338995697,3313.994646231394,1294.7799925375682,963.177342602762,0.0,114581.49420886996,4.3655745685100555e-11,3.810017139898763e-16,True,1e-06,PASS
Passive,test_037_f096257ecaa4,,323223.0148446699,8229.481097141941,297627.22727571527,12725.58950112983,3678.9497582202175,961.767212462716,0.0,0.0,323223.01484466996,5.820766091346741e-11,1.8008513701117494e-16,True,1e-06,PASS
Reactive,test_037_f096257ecaa4,,102962.52804633748,9393.033745490951,84167.41575929748,3336.129928326875,3782.552783726503,1568.8694882508569,714.526341244815,0.0,102962.52804633747,1.4551915228366852e-11,1.4133214776756333e-16,True,1e-06,PASS
Projected stochastic MPC,test_037_f096257ecaa4,,115038.8151450488,11138.464237861934,93274.53238887,3721.257484145071,5226.349815228491,1678.2112189433026,0.0,0.0,115038.81514504878,1.4551915228366852e-11,1.2649569808258893e-16,True,1e-06,PASS
Behaviour cloning,test_037_f096257ecaa4,1409200687.0,117266.04166009685,10314.305528651475,95826.61144277894,3783.5458355773553,4530.276210025081,1618.4040993166664,1192.8985437473264,0.0,117266.04166009686,1.4551915228366852e-11,1.24093173286658e-16,True,1e-06,PASS
Behaviour cloning,test_037_f096257ecaa4,3018804584.0,119932.75088820422,10297.796683378772,98453.78375771244,3879.2203036227415,4521.632170738462,1615.0759192443406,1165.2420535074618,0.0,119932.75088820422,0.0,0.0,True,1e-06,PASS
Behaviour cloning,test_037_f096257ecaa4,959653586.0,118784.826757059,10294.419513264262,97389.79314281828,3838.998998677898,4519.593971387192,1612.55239514682,1129.4687357645728,0.0,118784.82675705903,2.9103830456733704e-11,2.4501303113618557e-16,True,1e-06,PASS
PPO,test_037_f096257ecaa4,1694234878.0,210721.7062654259,9192.38524433069,187646.0700129393,7524.200828759003,3986.5081514929866,1306.5812341095718,1065.960793794313,0.0,210721.70626542583,5.820766091346741e-11,2.7623001894332047e-16,True,1e-06,PASS
PPO,test_037_f096257ecaa4,1635820214.0,157966.3521221282,9869.840441220596,135831.87766831744,5370.219838663966,4320.530529547384,1482.352130923248,1091.5315134556172,0.0,157966.35212212824,2.9103830456733704e-11,1.842406947160033e-16,True,1e-06,PASS
PPO,test_037_f096257ecaa4,456241246.0,189707.6856040247,9566.953298417777,167011.86530374354,6655.310471897051,4192.91868021686,1388.533157096067,892.1046926533838,0.0,189707.68560402465,5.820766091346741e-11,3.068281642261125e-16,True,1e-06,PASS
Vanilla SAC,test_037_f096257ecaa4,3760190062.0,323184.2050323321,8230.349639886015,297585.74387447414,12723.579004378524,3679.808255367944,961.7948948258388,2.929363399474368,0.0,323184.2050323319,1.7462298274040222e-10,5.40320288000871e-16,True,1e-06,PASS
Vanilla SAC,test_037_f096257ecaa4,3890281123.0,323197.53743939835,8230.084107540917,297599.6742620622,12724.254044080652,3679.5354712540966,961.7870019377684,2.202552522509696,0.0,323197.5374393981,2.3283064365386963e-10,7.20397331918183e-16,True,1e-06,PASS
Vanilla SAC,test_037_f096257ecaa4,4226533458.0,323186.8708034962,8230.247523485874,297587.6178172759,12723.67424991608,3679.7206337565567,961.7901916116028,3.820387450005584,0.0,323186.87080349604,1.7462298274040222e-10,5.403158312287269e-16,True,1e-06,PASS
Constrained SAC,test_037_f096257ecaa4,301721597.0,323207.4647807445,8231.03101218195,297606.0910374971,12724.506003875773,3680.454566661232,961.8404507082224,3.5417098201744284,0.0,323207.4647807444,1.1641532182693481e-10,3.6018760243024683e-16,True,1e-06,PASS
Constrained SAC,test_037_f096257ecaa4,554911178.0,323201.0123331092,8230.47564512018,297601.45798790234,12724.306460339656,3679.897927036996,961.8149750234116,3.0593376865101383,0.0,323201.01233310904,1.7462298274040222e-10,5.402921899280003e-16,True,1e-06,PASS
Constrained SAC,test_037_f096257ecaa4,1600960620.0,323208.38921656663,8230.592227130552,297609.08648772835,12724.659323401824,3680.0106331757634,961.8262046764172,2.214340453699329,0.0,323208.3892165666,5.820766091346741e-11,1.8009328611351487e-16,True,1e-06,PASS
Model-guided constrained SAC,test_037_f096257ecaa4,301721597.0,117924.56237391844,10349.126677110506,96629.42200447686,3811.376257551629,4549.094759413197,1632.1967365200744,953.3459388462044,0.0,117924.56237391847,2.9103830456733704e-11,2.4680041096485465e-16,True,1e-06,PASS
Model-guided constrained SAC,test_037_f096257ecaa4,554911178.0,120488.00218001335,10310.04018385649,99199.89749821712,3903.065863867978,4521.125185961448,1625.9911895763355,927.8822585339672,0.0,120488.00218001333,2.9103830456733704e-11,2.4154961431970255e-16,True,1e-06,PASS
Model-guided constrained SAC,test_037_f096257ecaa4,1600960620.0,119255.00757488816,10303.35039873912,98057.03486216246,3860.66856818591,4516.334917807163,1623.3406549076567,894.2781730858028,0.0,119255.0075748881,5.820766091346741e-11,4.880940607623118e-16,True,1e-06,PASS
Passive,test_038_b05abc6e01b3,,296334.5029506504,7120.063617273066,273798.9008974596,11706.765646033526,2874.2582294619947,834.5145604222114,0.0,0.0,296334.5029506504,0.0,0.0,True,1e-06,PASS
Reactive,test_038_b05abc6e01b3,,99839.52047616238,8326.126000757364,83060.04601605919,3323.405878326097,3120.2847414271923,1364.802658397144,644.8551811953964,0.0,99839.52047616238,0.0,0.0,True,1e-06,PASS
Projected stochastic MPC,test_038_b05abc6e01b3,,110115.34349597478,9857.49178848613,90766.9861894026,3654.036848520826,4376.598118184054,1460.2305513811416,0.0,0.0,110115.34349597477,1.4551915228366852e-11,1.321515673144932e-16,True,1e-06,PASS
Behaviour cloning,test_038_b05abc6e01b3,1409200687.0,113437.66217908148,9065.432045095436,94296.140668096,3756.824916221529,3724.5843101282944,1393.715157432027,1200.9650821081866,0.0,113437.66217908148,0.0,0.0,True,1e-06,PASS
Behaviour cloning,test_038_b05abc6e01b3,3018804584.0,116375.28148851848,9050.03465022062,97182.35883601256,3864.1371777530794,3717.5081956129593,1389.7599281883222,1171.482700730952,0.0,116375.28148851848,0.0,0.0,True,1e-06,PASS
Behaviour cloning,test_038_b05abc6e01b3,959653586.0,115205.1133217004,9041.099331006431,96104.65013007526,3823.7274842192105,3711.617247626527,1386.8810919841308,1137.138036788844,0.0,115205.11332170041,1.4551915228366852e-11,1.2631310198647066e-16,True,1e-06,PASS
PPO,test_038_b05abc6e01b3,1694234878.0,198423.4409380791,8012.318205258951,177844.44059902756,7172.001147076937,3201.950430911658,1112.5064090418769,1080.2241467621434,0.0,198423.4409380791,0.0,0.0,True,1e-06,PASS
PPO,test_038_b05abc6e01b3,1635820214.0,152720.565918189,8617.934084946703,132932.76151408322,5298.097701612863,3506.981515170949,1262.834475113676,1101.9566272615634,0.0,152720.56591818898,2.9103830456733704e-11,1.9056916324108146e-16,True,1e-06,PASS
PPO,test_038_b05abc6e01b3,456241246.0,180685.05653156887,8339.42213901508,160421.0662248871,6437.796002180185,3383.53679331514,1182.0755999245982,921.159772246676,0.0,180685.05653156876,1.1641532182693481e-10,6.442996673972039e-16,True,1e-06,PASS
Vanilla SAC,test_038_b05abc6e01b3,3760190062.0,296280.7017776158,7120.662738191667,273742.97130040854,11704.163027927563,2874.7758521053133,834.512942855975,3.6159161267459594,0.0,296280.7017776158,0.0,0.0,True,1e-06,PASS
Vanilla SAC,test_038_b05abc6e01b3,3890281123.0,296298.0111022183,7120.458235566695,273760.65957277484,11704.989631622482,2874.588229627819,834.5124205141149,2.803012112329445,0.0,296298.0111022183,0.0,0.0,True,1e-06,PASS
Vanilla SAC,test_038_b05abc6e01b3,4226533458.0,296284.67417674384,7120.508460343314,273745.8369036491,11704.298349897485,2874.669772768412,834.5122190284761,4.848471057112035,0.0,296284.6741767439,5.820766091346741e-11,1.9645856160195639e-16,True,1e-06,PASS
Constrained SAC,test_038_b05abc6e01b3,301721597.0,296315.1129716622,7121.4797321616425,273773.539969685,11705.52869133864,2875.410894777223,834.5795706030525,4.574113096633779,0.0,296315.1129716622,0.0,0.0,True,1e-06,PASS
Constrained SAC,test_038_b05abc6e01b3,554911178.0,296306.35503509874,7120.912326824918,273766.8023152844,11705.231792347684,2874.9200509306584,834.5521620492837,3.93638766187248,0.0,296306.35503509874,0.0,0.0,True,1e-06,PASS
Constrained SAC,test_038_b05abc6e01b3,1600960620.0,296315.9447203363,7121.089108888676,273776.78603456635,11705.685212862883,2875.052975105837,834.5666511408169,2.7647377716894006,0.0,296315.9447203363,0.0,0.0,True,1e-06,PASS
Model-guided constrained SAC,test_038_b05abc6e01b3,301721597.0,113972.19153718866,9111.986874265627,94955.89641526752,3780.1275740925385,3754.297737208184,1407.8552652721005,962.0276710827828,0.0,113972.19153718874,8.731149137020111e-11,7.660771473514373e-16,True,1e-06,PASS
Model-guided constrained SAC,test_038_b05abc6e01b3,554911178.0,116808.2573705992,9075.983845986902,97783.2950552172,3883.848187377675,3730.336997956164,1401.2524000325895,933.5408840286256,0.0,116808.25737059917,2.9103830456733704e-11,2.4915901591096915e-16,True,1e-06,PASS
Model-guided constrained SAC,test_038_b05abc6e01b3,1600960620.0,115577.47724022176,9066.902644309275,96645.10095903034,3841.4501860648743,3723.538119633018,1398.2176558709612,902.267675313274,0.0,115577.47724022173,2.9103830456733704e-11,2.5181230073263245e-16,True,1e-06,PASS
Passive,test_039_9c0d1ebe6c19,,283741.1947462334,6668.754762071266,262566.7878912759,11226.516138249764,2485.842895436689,793.2930591997374,0.0,0.0,283741.19474623335,5.820766091346741e-11,2.0514349693045443e-16,True,1e-06,PASS
Reactive,test_039_9c0d1ebe6c19,,102590.20224491204,7930.144236348432,86470.92322571918,3483.1523911415197,2818.1968787728983,1275.2015731346808,612.5839397953104,0.0,102590.20224491201,2.9103830456733704e-11,2.8369015578363485e-16,True,1e-06,PASS
Projected stochastic MPC,test_039_9c0d1ebe6c19,,112005.16427792786,9340.27019063883,93529.5434126882,3789.364690020973,3977.449792668344,1368.5361919115328,0.0,0.0,112005.16427792788,1.4551915228366852e-11,1.2992182389249443e-16,True,1e-06,PASS
Behaviour cloning,test_039_9c0d1ebe6c19,1409200687.0,116689.58437999964,8554.488063153749,98356.5412390292,3944.569547427907,3334.67596185879,1294.2508268513657,1205.058741678673,0.0,116689.5843799997,5.820766091346741e-11,4.988248199077834e-16,True,1e-06,PASS
Behaviour cloning,test_039_9c0d1ebe6c19,3018804584.0,119983.27910870926,8539.19028926695,101584.19464248772,4067.161854500731,3330.376554198992,1289.0063813059558,1173.3493869489134,0.0,119983.27910870926,0.0,0.0,True,1e-06,PASS
Behaviour cloning,test_039_9c0d1ebe6c19,959653586.0,118689.41204174494,8523.242523175511,100400.2202135982,4021.712529989008,3317.4814685400925,1286.2339328784428,1140.5213735636858,0.0,118689.41204174493,1.4551915228366852e-11,1.2260499886248247e-16,True,1e-06,PASS
PPO,test_039_9c0d1ebe6c19,1694234878.0,196941.7287694976,7522.642452230724,177340.4738274408,7158.379416510378,2804.311127731735,1029.6844814175013,1086.2374641664449,0.0,196941.72876949757,2.9103830456733704e-11,1.4777889195233527e-16,True,1e-06,PASS
PPO,test_039_9c0d1ebe6c19,1635820214.0,153735.6592732259,8118.311478435479,134836.22233406198,5392.578718652941,3113.820863627298,1171.2066790885106,1103.5191993596702,0.0,153735.65927322587,2.9103830456733704e-11,1.8931086381858273e-16,True,1e-06,PASS
PPO,test_039_9c0d1ebe6c19,456241246.0,180768.6191526042,7840.226420272624,161423.0497694942,6491.997805725005,2985.7060943059946,1094.6375050330523,933.0015577732802,0.0,180768.61915260414,5.820766091346741e-11,3.220009157913007e-16,True,1e-06,PASS
Vanilla SAC,test_039_9c0d1ebe6c19,3760190062.0,283686.06773238874,6669.706111126612,262509.550312996,11223.73319595136,2486.4491247592173,793.324902015888,3.3040855397286704,0.0,283686.0677323889,1.7462298274040222e-10,6.155500837113028e-16,True,1e-06,PASS
Vanilla SAC,test_039_9c0d1ebe6c19,3890281123.0,283704.28813512577,6669.411356488241,262528.2177066479,11224.64152082659,2486.2218782674395,793.3163022137588,2.479370681741668,0.0,283704.28813512565,1.1641532182693481e-10,4.1034036740215666e-16,True,1e-06,PASS
Vanilla SAC,test_039_9c0d1ebe6c19,4226533458.0,283684.47032713564,6669.396266947803,262507.5795997635,11223.668071658773,2486.252041684935,793.3084040701311,4.265943010588201,0.0,283684.4703271357,5.820766091346741e-11,2.0518451660869642e-16,True,1e-06,PASS
Constrained SAC,test_039_9c0d1ebe6c19,301721597.0,283718.0019629392,6670.371987424196,262538.5134441995,11225.060960519326,2486.8257661465773,793.3750040087485,3.8548006408608826,0.0,283718.0019629392,0.0,0.0,True,1e-06,PASS
Constrained SAC,test_039_9c0d1ebe6c19,554911178.0,283707.8205539467,6669.736017404528,262530.2311315018,11224.694170752882,2486.379375392233,793.3447667998367,3.435092095508929,0.0,283707.8205539468,5.820766091346741e-11,2.0516762914682955e-16,True,1e-06,PASS
Constrained SAC,test_039_9c0d1ebe6c19,1600960620.0,283719.6060799002,6669.890376028967,262542.17347747023,11225.248315946092,2486.461173281225,793.3577630167581,2.474974156856282,0.0,283719.6060799002,0.0,0.0,True,1e-06,PASS
Model-guided constrained SAC,test_039_9c0d1ebe6c19,301721597.0,117312.67366628569,8584.933509271845,99128.9607066832,3970.790237874168,3354.026602544081,1308.4926995831622,965.4699103292008,0.0,117312.67366628566,2.9103830456733704e-11,2.4808769203849293e-16,True,1e-06,PASS
Model-guided constrained SAC,test_039_9c0d1ebe6c19,554911178.0,120513.99781604504,8544.894012823774,102315.56522048629,4090.334047891618,3327.9904602603638,1300.2599214391075,934.954153143874,0.0,120513.99781604503,1.4551915228366852e-11,1.2074875526558486e-16,True,1e-06,PASS
Model-guided constrained SAC,test_039_9c0d1ebe6c19,1600960620.0,119148.98120129496,8534.549197374829,101048.82475939306,4042.481558446865,3320.6716834318017,1297.619620357988,904.8343822904396,0.0,119148.98120129498,2.9103830456733704e-11,2.442641990162262e-16,True,1e-06,PASS
Passive,test_040_11a8950c659e,,275874.7340437708,6225.863341283155,255672.09849203585,10931.721152802083,2295.145110234808,749.9059474148697,0.0,0.0,275874.7340437707,1.1641532182693481e-10,4.219861678542267e-16,True,1e-06,PASS
Reactive,test_040_11a8950c659e,,97227.00278158492,7521.70464597317,82041.5224521272,3298.6666202632805,2577.91377037991,1221.5270181681306,565.6682746732118,0.0,97227.00278158489,2.9103830456733704e-11,2.993389657615369e-16,True,1e-06,PASS
Projected stochastic MPC,test_040_11a8950c659e,,106044.28734633568,8843.08101656126,88657.0043487297,3588.9266804505737,3647.4699953574295,1307.8053052366934,0.0,0.0,106044.28734633565,2.9103830456733704e-11,2.7444977174189456e-16,True,1e-06,PASS
Behaviour cloning,test_040_11a8950c659e,1409200687.0,110392.7126255871,8072.931109693624,93105.77497483414,3726.5077803980826,3045.2512117628103,1234.5653494258927,1207.6821994725583,0.0,110392.71262558711,1.4551915228366852e-11,1.3181952759619e-16,True,1e-06,PASS
Behaviour cloning,test_040_11a8950c659e,3018804584.0,113131.3999359048,8060.831621673895,95796.98711318742,3826.9852140887415,3040.547444768839,1231.3363354400783,1174.712206745821,0.0,113131.39993590479,1.4551915228366852e-11,1.2862843769821037e-16,True,1e-06,PASS
Behaviour cloning,test_040_11a8950c659e,959653586.0,112014.69242495668,8043.812324769734,94774.96468474632,3788.3900220377577,3037.028184804135,1227.894755192713,1142.6024534059677,0.0,112014.69242495662,5.820766091346741e-11,5.19643090146082e-16,True,1e-06,PASS
PPO,test_040_11a8950c659e,1694234878.0,189002.44781803255,7052.4317491614365,170406.2436033643,6895.893238564453,2578.564195958136,977.8212657730433,1091.4937652111998,0.0,189002.44781803258,2.9103830456733704e-11,1.5398652659120181e-16,True,1e-06,PASS
PPO,test_040_11a8950c659e,1635820214.0,148058.07587428452,7616.416808274628,130160.58913170492,5213.55821240669,2847.9022818100148,1111.310669405205,1108.2987706830186,0.0,148058.0758742845,2.9103830456733704e-11,1.9657036797807396e-16,True,1e-06,PASS
PPO,test_040_11a8950c659e,456241246.0,173280.46882954627,7356.844375092004,154965.34151206265,6244.609833693335,2729.4196904817013,1040.1634015731145,944.090016643461,0.0,173280.46882954627,0.0,0.0,True,1e-06,PASS
Vanilla SAC,test_040_11a8950c659e,3760190062.0,275816.55434012355,6226.539992554522,255612.3370620297,10928.769968540915,2295.388190656075,749.9310143030457,3.5881120394709667,0.0,275816.5543401238,2.3283064365386963e-10,8.441503600496517e-16,True,1e-06,PASS
Vanilla SAC,test_040_11a8950c659e,3890281123.0,275836.01372375386,6226.348646988527,255632.0180626615,10929.739335420947,2295.2890424514385,749.9259681273362,2.692668104080649,0.0,275836.0137237538,5.820766091346741e-11,2.110227019585688e-16,True,1e-06,PASS
Vanilla SAC,test_040_11a8950c659e,4226533458.0,275813.77564130514,6226.200836231187,255609.19518524056,10928.657898814712,2295.1971658471807,749.9133299634967,4.611225207999298,0.0,275813.77564130514,0.0,0.0,True,1e-06,PASS
Constrained SAC,test_040_11a8950c659e,301721597.0,275848.99250289856,6227.26006618124,255641.7032699985,10930.128368094824,2295.7708857295133,749.9776830093289,4.152229885145744,0.0,275848.9925028986,5.820766091346741e-11,2.1101277327614592e-16,True,1e-06,PASS
Constrained SAC,test_040_11a8950c659e,554911178.0,275836.531443681,6226.601184476093,255631.20527472376,10929.664499997598,2295.399979055649,749.9438489307097,3.7166564972112712,0.0,275836.531443681,0.0,0.0,True,1e-06,PASS
Constrained SAC,test_040_11a8950c659e,1600960620.0,275851.1205230466,6226.835097911459,255645.80767399952,10930.340250597095,2295.488635701452,749.9622045285461,2.68666030836371,0.0,275851.12052304647,1.1641532182693481e-10,4.220222908871912e-16,True,1e-06,PASS
Model-guided constrained SAC,test_040_11a8950c659e,301721597.0,110896.4917609596,8119.516175559676,93731.39560074186,3747.9381230957215,3081.2260258432,1248.7989816548586,967.6168540643166,0.0,110896.49176095965,4.3655745685100555e-11,3.936620987001257e-16,True,1e-06,PASS
Model-guided constrained SAC,test_040_11a8950c659e,554911178.0,113533.31947473716,8082.452161023222,96370.13394300237,3844.941067206213,3056.909464221513,1242.6450790433132,936.2377602405992,0.0,113533.31947473723,7.275957614183426e-11,6.408653995008429e-16,True,1e-06,PASS
Model-guided constrained SAC,test_040_11a8950c659e,1600960620.0,112369.71917833928,8071.64961584398,95293.07800728988,3804.840694673584,3054.051902344697,1239.5049480900395,906.594010097096,0.0,112369.71917833926,1.4551915228366852e-11,1.2950032566399724e-16,True,1e-06,PASS
Passive,test_041_e58f21dcc209,,288553.78652719094,6722.35975661117,267038.3506721361,11417.705966144094,2562.2133082995983,813.1568239998869,0.0,0.0,288553.7865271909,5.820766091346741e-11,2.0172204847494661e-16,True,1e-06,PASS
Reactive,test_041_e58f21dcc209,,102917.2534025387,8050.521132305839,86632.948485958,3485.0187899376742,2852.753110847193,1305.7880034589507,590.2238800310251,0.0,102917.25340253867,2.9103830456733704e-11,2.827886432501296e-16,True,1e-06,PASS
Projected stochastic MPC,test_041_e58f21dcc209,,111951.9247188937,9439.429273577802,93341.9518706912,3777.247513582627,3989.45750814808,1403.8385528940084,0.0,0.0,111951.92471889372,1.4551915228366852e-11,1.299836091689005e-16,True,1e-06,PASS
Behaviour cloning,test_041_e58f21dcc209,1409200687.0,117290.42123846708,8643.56221454206,98777.89694499012,3956.43908510942,3379.167264608732,1327.9133594431275,1205.44236977361,0.0,117290.42123846707,1.4551915228366852e-11,1.2406737971194482e-16,True,1e-06,PASS
Behaviour cloning,test_041_e58f21dcc209,3018804584.0,120373.10882149093,8625.080499260515,101811.2025482885,4070.6315383136,3370.5383760437257,1323.5101258659472,1172.145733718712,0.0,120373.10882149098,5.820766091346741e-11,4.835603357207241e-16,True,1e-06,PASS
Behaviour cloning,test_041_e58f21dcc209,959653586.0,119096.22951496394,8614.748363344901,100624.68309457118,4025.751931054804,3370.374209057777,1320.586019346788,1140.085897588483,0.0,119096.22951496392,1.4551915228366852e-11,1.2218619588236808e-16,True,1e-06,PASS
PPO,test_041_e58f21dcc209,1694234878.0,197749.6717821843,7597.35069854529,177945.35807337915,7179.129507915779,2876.200158055404,1063.431637115219,1088.2017071735102,0.0,197749.67178218436,5.820766091346741e-11,2.943502276837228e-16,True,1e-06,PASS
PPO,test_041_e58f21dcc209,1635820214.0,153897.40868908164,8200.406839230298,134824.83678856585,5386.641493051267,3174.399378408797,1207.330833555831,1103.7933562695796,0.0,153897.4086890816,2.9103830456733704e-11,1.8911189411598258e-16,True,1e-06,PASS
PPO,test_041_e58f21dcc209,456241246.0,181082.27515621023,7917.995389958339,161562.32638460383,6492.959206176845,3044.5241583917364,1129.6781855562404,934.7918315232412,0.0,181082.2751562102,2.9103830456733704e-11,1.6072158598420164e-16,True,1e-06,PASS
Vanilla SAC,test_041_e58f21dcc209,3760190062.0,288499.9830475921,6723.028032461705,266983.027471692,11414.97161074233,2562.4140262504684,813.168903527754,3.373002917904066,0.0,288499.9830475922,1.1641532182693481e-10,4.0351933680263155e-16,True,1e-06,PASS
Vanilla SAC,test_041_e58f21dcc209,3890281123.0,288518.9993644431,6722.847758144235,267002.19169808144,11415.911817658556,2562.3485238095823,813.1703118892719,2.5292548599994484,0.0,288518.9993644431,0.0,0.0,True,1e-06,PASS
Vanilla SAC,test_041_e58f21dcc209,4226533458.0,288499.5795372286,6722.754232821527,266982.1408058346,11414.954988590272,2562.238928204845,813.1570387313847,4.333543046033177,0.0,288499.5795372287,5.820766091346741e-11,2.017599505927743e-16,True,1e-06,PASS
Constrained SAC,test_041_e58f21dcc209,301721597.0,288531.71377327776,6723.704434134707,267011.7333996135,11416.301236096951,2562.8653643886955,813.2259753259549,3.883363717846216,0.0,288531.71377327765,1.1641532182693481e-10,4.034749605321083e-16,True,1e-06,PASS
Constrained SAC,test_041_e58f21dcc209,554911178.0,288520.7453842567,6723.110190754829,267002.56705962983,11415.8911281824,2562.4989291345573,813.192491654525,3.4855849004972512,0.0,288520.74538425665,5.820766091346741e-11,2.017451495071714e-16,True,1e-06,PASS
Constrained SAC,test_041_e58f21dcc209,1600960620.0,288532.8567189184,6723.290816695455,267014.76755859883,11416.461179689311,2562.612362002112,813.209197821599,2.515604111181984,0.0,288532.85671891854,1.1641532182693481e-10,4.0347336227410575e-16,True,1e-06,PASS
Model-guided constrained SAC,test_041_e58f21dcc209,301721597.0,117986.9018262884,8673.019313099772,99614.04469424454,3984.5339851444287,3408.4645231447303,1341.8325983485029,965.0067123064588,0.0,117986.90182628843,2.9103830456733704e-11,2.4667001172370084e-16,True,1e-06,PASS
Model-guided constrained SAC,test_041_e58f21dcc209,554911178.0,120956.18789679887,8632.462567787123,102576.14399142785,4094.5642112752207,3384.078955199952,1334.585344219835,934.3528268889148,0.0,120956.1878967989,2.9103830456733704e-11,2.4061464702876884e-16,True,1e-06,PASS
Model-guided constrained SAC,test_041_e58f21dcc209,1600960620.0,119633.70730941948,8624.246312778752,101341.88975717772,4048.498575774655,3382.6607923425227,1331.8496413891824,904.56222995658,0.0,119633.7073094194,7.275957614183426e-11,6.08186252672498e-16,True,1e-06,PASS
Passive,test_042_a77d2ece213a,,262200.22473215865,5853.919023414377,243225.6756487761,10399.551729950374,2009.120577174212,711.957752843558,0.0,0.0,262200.2247321586,5.820766091346741e-11,2.2199699093670641e-16,True,1e-06,PASS
Reactive,test_042_a77d2ece213a,,98270.25216488224,7156.330800769919,83772.85358863322,3386.5665277821395,2314.7434131307664,1124.2756004887092,515.4822340774734,0.0,98270.25216488223,1.4551915228366852e-11,1.4808057278565842e-16,True,1e-06,PASS
Projected stochastic MPC,test_042_a77d2ece213a,,106038.01888536032,8400.244473350402,89455.16707525065,3638.755811421849,3322.6013357832644,1221.250189554137,0.0,0.0,106038.01888536032,0.0,0.0,True,1e-06,PASS
Behaviour cloning,test_042_a77d2ece213a,1409200687.0,111733.0095923848,7630.21614445332,95168.66099788496,3828.255103061433,2754.537266853537,1140.0394470965605,1211.300633034993,0.0,111733.0095923848,0.0,0.0,True,1e-06,PASS
Behaviour cloning,test_042_a77d2ece213a,3018804584.0,114843.69990372538,7616.788786532742,98220.44705145912,3943.711027320298,2750.5753638659994,1135.4486463657684,1176.7290281814269,0.0,114843.69990372534,4.3655745685100555e-11,3.801318289265985e-16,True,1e-06,PASS
Behaviour cloning,test_042_a77d2ece213a,959653586.0,113500.9543355606,7597.116837306416,96984.5505714256,3897.3900220143855,2744.1677597627986,1132.606386002796,1145.1227590486249,0.0,113500.95433556061,1.4551915228366852e-11,1.2820962884016597e-16,True,1e-06,PASS
PPO,test_042_a77d2ece213a,1694234878.0,185810.1636804483,6632.937226536807,168093.26190352082,6801.306680737071,2286.178352550753,899.6106670056354,1096.8688500973342,0.0,185810.1636804484,8.731149137020111e-11,4.698962082631671e-16,True,1e-06,PASS
PPO,test_042_a77d2ece213a,1635820214.0,146831.20601785026,7190.782698006896,129741.21789329014,5205.0814198289445,2559.6716903062206,1024.8944132061326,1109.5579032119808,0.0,146831.20601785032,5.820766091346741e-11,3.964256815161697e-16,True,1e-06,PASS
PPO,test_042_a77d2ece213a,456241246.0,171554.38814667854,6923.57449874563,154073.8981931276,6213.531081444016,2431.7275617818395,957.1065409104204,954.5502706691498,0.0,171554.3881466787,1.7462298274040222e-10,1.01788700730348e-15,True,1e-06,PASS
Vanilla SAC,test_042_a77d2ece213a,3760190062.0,262101.8200274688,5854.080897117826,243127.73651437857,10394.930185780857,2009.571317225544,711.9077219752207,3.59339099074347,0.0,262101.82002746876,5.820766091346741e-11,2.220803385011486e-16,True,1e-06,PASS
Vanilla SAC,test_042_a77d2ece213a,3890281123.0,262132.61082023656,5854.030185882694,243158.1958519616,10396.37256042048,2009.38623728216,711.9232104845399,2.702774205057078,0.0,262132.61082023653,2.9103830456733704e-11,1.11027126177339e-16,True,1e-06,PASS
Vanilla SAC,test_042_a77d2ece213a,4226533458.0,262104.91000424715,5853.858325172352,243130.0423634484,10395.05200625108,2009.426941885871,711.9048858931804,4.625481596071153,0.0,262104.91000424698,1.7462298274040222e-10,6.662331611322071e-16,True,1e-06,PASS
Constrained SAC,test_042_a77d2ece213a,301721597.0,262127.5330597268,5854.565745858609,243151.21586863787,10396.053267301591,2009.6165425003128,711.932188338732,4.149447089726216,0.0,262127.53305972688,8.731149137020111e-11,3.3308783076330576e-16,True,1e-06,PASS
Constrained SAC,test_042_a77d2ece213a,554911178.0,262129.4391781678,5854.170426290874,243154.05051600432,10396.151971054398,2009.4066003906205,711.9343229989014,3.7253414287266673,0.0,262129.43917816784,2.9103830456733704e-11,1.1102846955298295e-16,True,1e-06,PASS
Constrained SAC,test_042_a77d2ece213a,1600960620.0,262142.2615906328,5854.329040685382,243167.131343636,10396.769846993711,2009.3971501719136,711.9438943648714,2.690314780919227,0.0,262142.26159063278,2.9103830456733704e-11,1.11023038712403e-16,True,1e-06,PASS
Model-guided constrained SAC,test_042_a77d2ece213a,301721597.0,112275.59761117816,7667.146853044394,95848.86771920284,3850.8767131850745,2783.2753598284908,1154.3531609637337,971.077804953636,0.0,112275.59761117816,0.0,0.0,True,1e-06,PASS
Model-guided constrained SAC,test_042_a77d2ece213a,554911178.0,115331.14070372394,7629.981454195826,98890.7200953164,3964.388451672352,2761.1540363556624,1146.756272942811,938.1403932409352,0.0,115331.14070372397,2.9103830456733704e-11,2.5235014827000636e-16,True,1e-06,PASS
Model-guided constrained SAC,test_042_a77d2ece213a,1600960620.0,113926.7513561368,7618.219451937832,97581.14074112088,3916.1459242010183,2757.828585158196,1144.224261719734,909.1923919992064,0.0,113926.75135613685,5.820766091346741e-11,5.109218003724986e-16,True,1e-06,PASS
Passive,test_043_f1174106175c,,308185.7728974158,7504.081142962687,284504.43734244735,12164.500447884664,3121.2758790471544,891.4780850738476,0.0,0.0,308185.77289741574,5.820766091346741e-11,1.888719922604691e-16,True,1e-06,PASS
Reactive,test_043_f1174106175c,,95623.69205569984,8779.13139442212,78240.64004141073,3092.7605374450754,3362.0721343221667,1456.0042311960742,693.0837169037051,0.0,95623.69205569988,4.3655745685100555e-11,4.56536918274098e-16,True,1e-06,PASS
Projected stochastic MPC,test_043_f1174106175c,,106407.13613312498,10388.724192512334,86325.00730144915,3436.503411909209,4679.687837883228,1577.2133893710454,0.0,0.0,106407.13613312496,1.4551915228366852e-11,1.3675694842647664e-16,True,1e-06,PASS
Behaviour cloning,test_043_f1174106175c,1409200687.0,109661.31372219809,9592.247984678634,89807.80581461645,3536.616692909098,4017.433796654218,1511.6949621399058,1195.5144711997827,0.0,109661.3137221981,1.4551915228366852e-11,1.3269871328763038e-16,True,1e-06,PASS
Behaviour cloning,test_043_f1174106175c,3018804584.0,112339.43517805064,9577.125783783766,92443.4228046952,3633.919828699356,4010.433430211508,1508.0774556248457,1166.455875035981,0.0,112339.43517805065,1.4551915228366852e-11,1.29535235826164e-16,True,1e-06,PASS
Behaviour cloning,test_043_f1174106175c,959653586.0,111183.74013742316,9571.89588120617,91374.66152882393,3593.25735910095,4007.1385652448807,1505.4402141642363,1131.3465888830517,0.0,111183.74013742323,7.275957614183426e-11,6.544084238567922e-16,True,1e-06,PASS
PPO,test_043_f1174106175c,1694234878.0,199348.03157863487,8498.666668919748,177963.31953786625,7123.988295226816,3479.207288931941,1213.0319375459085,1069.817850144296,0.0,199348.03157863498,1.1641532182693481e-10,5.839802926823162e-16,True,1e-06,PASS
PPO,test_043_f1174106175c,1635820214.0,148763.15783428424,9151.980711417216,128281.3053649936,5055.3956739817295,3801.3138287045017,1380.8484378949274,1092.3138172922536,0.0,148763.1578342842,2.9103830456733704e-11,1.956386976482048e-16,True,1e-06,PASS
PPO,test_043_f1174106175c,456241246.0,179571.71450274164,8851.612232055488,158552.16737669567,6307.196923228405,3672.12116417866,1291.0029654403288,897.6138411430886,0.0,179571.71450274164,0.0,0.0,True,1e-06,PASS
Vanilla SAC,test_043_f1174106175c,3760190062.0,308145.87948148954,7504.907249054783,284462.0705648886,12162.454642485274,3122.0846487681147,891.5027771018847,2.8595991909182907,0.0,308145.8794814896,5.820766091346741e-11,1.8889644414980395e-16,True,1e-06,PASS
Vanilla SAC,test_043_f1174106175c,3890281123.0,308161.2706775645,7504.70276480772,284477.831823273,12163.207108630402,3121.875324020915,891.501684464611,2.151972367811362,0.0,308161.2706775645,0.0,0.0,True,1e-06,PASS
Vanilla SAC,test_043_f1174106175c,4226533458.0,308147.11687491945,7504.741240172555,284462.7186593459,12162.496614337637,3121.9301438733974,891.4951257100927,3.7350914799417394,0.0,308147.1168749195,5.820766091346741e-11,1.8889568561855014e-16,True,1e-06,PASS
Constrained SAC,test_043_f1174106175c,301721597.0,308170.37509749463,7505.581173164986,284483.65547756874,12163.43852069124,3122.721117633558,891.5489641486186,3.429844287470428,0.0,308170.37509749463,0.0,0.0,True,1e-06,PASS
Constrained SAC,test_043_f1174106175c,554911178.0,308163.5882059064,7505.0405355169905,284478.6304634712,12163.217707404454,3122.1820253481333,891.5243397149541,2.9931344505933453,0.0,308163.58820590633,5.820766091346741e-11,1.888855891520015e-16,True,1e-06,PASS
Constrained SAC,test_043_f1174106175c,1600960620.0,308171.5341364724,7505.146031052889,284486.81813223293,12163.597102986789,3122.288653700335,891.5346499362463,2.1495665631296235,0.0,308171.53413647227,1.1641532182693481e-10,3.777614378081423e-16,True,1e-06,PASS
Model-guided constrained SAC,test_043_f1174106175c,301721597.0,110375.03338582483,9614.465539179171,90688.95042534608,3565.978402617259,4024.3060215903074,1525.4525671905924,955.8804299013876,0.0,110375.03338582479,4.3655745685100555e-11,3.955219250761028e-16,True,1e-06,PASS
Model-guided constrained SAC,test_043_f1174106175c,554911178.0,112949.69195750376,9575.586998885738,93270.31287648388,3659.144226253434,3996.68950957313,1518.864548758298,929.093797549242,0.0,112949.69195750373,2.9103830456733704e-11,2.5767073776246987e-16,True,1e-06,PASS
Model-guided constrained SAC,test_043_f1174106175c,1600960620.0,111719.31403731849,9568.80239767216,92129.21816198448,3616.6125345507935,3992.098425459787,1516.303734819335,896.2787828319767,0.0,111719.31403731852,2.9103830456733704e-11,2.6050849584532825e-16,True,1e-06,PASS
Passive,test_044_ed401c94714a,,278134.9140861911,6281.411002325455,257773.12670347604,11021.554433373456,2292.0764133672496,766.7455336488754,0.0,0.0,278134.91408619104,5.820766091346741e-11,2.092785118499343e-16,True,1e-06,PASS
Reactive,test_044_ed401c94714a,,100593.1424362778,7615.910772462552,85168.3900065771,3430.733378492604,2588.5079060523985,1227.688773035998,561.9115996570961,0.0,100593.14243627775,5.820766091346741e-11,5.786444235037185e-16,True,1e-06,PASS
Projected stochastic MPC,test_044_ed401c94714a,,109915.34373914088,8914.398856886051,92287.1660491184,3742.535013319916,3649.141273678608,1322.102546137895,0.0,0.0,109915.34373914085,2.9103830456733704e-11,2.6478405531629e-16,True,1e-06,PASS
Behaviour cloning,test_044_ed401c94714a,1409200687.0,114528.82102990028,8137.415515540215,96998.58364640376,3889.059959699737,3046.909616950014,1248.6177933805743,1208.2344979259797,0.0,114528.82102990027,1.4551915228366852e-11,1.270589804165342e-16,True,1e-06,PASS
Behaviour cloning,test_044_ed401c94714a,3018804584.0,117496.69539240807,8123.502918298102,99912.7200970023,3998.3829055625984,3043.1814766191537,1244.6262303860713,1174.281764539874,0.0,117496.6953924081,2.9103830456733704e-11,2.476991404697346e-16,True,1e-06,PASS
Behaviour cloning,test_044_ed401c94714a,959653586.0,116293.10003165808,8103.063782582471,98813.49617690062,3956.8834956971727,3035.2990821233366,1241.4917651154726,1142.86572923893,0.0,116293.10003165799,8.731149137020111e-11,7.507882354708284e-16,True,1e-06,PASS
PPO,test_044_ed401c94714a,1694234878.0,192726.48121978133,7115.366070309913,173921.14883167358,7035.711571987024,2568.3653527751803,993.0346427444427,1092.8547502910822,0.0,192726.4812197812,1.1641532182693481e-10,6.040442449326783e-16,True,1e-06,PASS
PPO,test_044_ed401c94714a,1635820214.0,151522.7146440903,7698.21980379654,133390.6467507057,5341.945886305246,2855.524604192125,1128.0966683915235,1108.2809306991169,0.0,151522.7146440902,8.731149137020111e-11,5.762270797172947e-16,True,1e-06,PASS
PPO,test_044_ed401c94714a,456241246.0,177165.8877746871,7432.215674163419,158608.94425773915,6389.707089680222,2732.322649386667,1056.3303057789649,946.3677979387622,0.0,177165.88777468717,8.731149137020111e-11,4.928233785120112e-16,True,1e-06,PASS
Vanilla SAC,test_044_ed401c94714a,3760190062.0,278039.6570169735,6281.206797848703,257679.33480500663,11017.12194017729,2291.706614107063,766.6798297992121,3.607030034668184,0.0,278039.65701697354,5.820766091346741e-11,2.0935021118197542e-16,True,1e-06,PASS
Vanilla SAC,test_044_ed401c94714a,3890281123.0,278069.6708489292,6281.268423034254,257708.7022778434,11018.51474018064,2291.7814960611568,766.7003328206517,2.703578989068466,0.0,278069.67084892915,5.820766091346741e-11,2.093276146793107e-16,True,1e-06,PASS
Vanilla SAC,test_044_ed401c94714a,4226533458.0,278042.8827180506,6280.985850298272,257681.7840204692,11017.250896286365,2291.572522629279,766.6767034715572,4.612724895978405,0.0,278042.8827180507,5.820766091346741e-11,2.0934778241560992e-16,True,1e-06,PASS
Constrained SAC,test_044_ed401c94714a,301721597.0,278065.3168244142,6281.706735816627,257702.65618222763,11018.23397365248,2291.889792278382,766.7097031795253,4.1204372596458265,0.0,278065.31682441436,1.7462298274040222e-10,6.279926771689719e-16,True,1e-06,PASS
Constrained SAC,test_044_ed401c94714a,554911178.0,278066.7827242154,6281.412764856555,257704.80809468852,11018.30616881864,2291.8290338724214,766.7106566163994,3.716005362896931,0.0,278066.78272421536,5.820766091346741e-11,2.093297888485923e-16,True,1e-06,PASS
Constrained SAC,test_044_ed401c94714a,1600960620.0,278078.49602808035,6281.581051037009,257716.75291333345,11018.871417164504,2291.876371918252,766.7220193304541,2.692255296672569,0.0,278078.4960280804,5.820766091346741e-11,2.0932097139790917e-16,True,1e-06,PASS
Model-guided constrained SAC,test_044_ed401c94714a,301721597.0,115106.70304095405,8179.088063626148,97693.90378617783,3912.578088347644,3092.009246683601,1261.3221212440908,967.8017348747696,0.0,115106.70304095407,2.9103830456733704e-11,2.528421863180183e-16,True,1e-06,PASS
Model-guided constrained SAC,test_044_ed401c94714a,554911178.0,117961.7923281662,8140.946911872852,100544.01267228824,4017.809854212994,3068.3177958241167,1254.4205292615147,936.2845647064324,0.0,117961.79232816614,5.820766091346741e-11,4.934450364363355e-16,True,1e-06,PASS
Model-guided constrained SAC,test_044_ed401c94714a,1600960620.0,116716.95869684842,8130.0228060119025,99387.62145074682,3975.150136076923,3065.4197861916155,1251.5392134273518,907.2053043937856,0.0,116716.9586968484,1.4551915228366852e-11,1.2467695689503758e-16,True,1e-06,PASS
Passive,test_045_af7d3f616c1d,,290907.2232094198,6856.994327218596,269123.8102855985,11506.873588711373,2597.6654310764648,821.8795768148764,0.0,0.0,290907.22320941987,5.820766091346741e-11,2.0009011901215176e-16,True,1e-06,PASS
Reactive,test_045_af7d3f616c1d,,103893.92191954532,8152.316011729262,87347.64263631473,3512.206099255384,2948.3145123245054,1319.993418428392,613.4492414930862,0.0,103893.92191954536,4.3655745685100555e-11,4.201953769625449e-16,True,1e-06,PASS
Projected stochastic MPC,test_045_af7d3f616c1d,,112522.00157766831,9564.25433739954,93658.08019509068,3784.565650484431,4090.802143241848,1424.2992514518055,0.0,0.0,112522.00157766831,0.0,0.0,True,1e-06,PASS
Behaviour cloning,test_045_af7d3f616c1d,1409200687.0,117318.06612194922,8783.79089074034,98561.27717678448,3942.112793953424,3477.7412062275384,1348.853364851126,1204.2906893922582,0.0,117318.06612194916,5.820766091346741e-11,4.961525776683192e-16,True,1e-06,PASS
Behaviour cloning,test_045_af7d3f616c1d,3018804584.0,120543.99976125755,8768.702690012558,101726.36872226922,4061.1279817471295,3472.055233825104,1343.796758062714,1171.9483753408106,0.0,120543.99976125755,0.0,0.0,True,1e-06,PASS
Behaviour cloning,test_045_af7d3f616c1d,959653586.0,119171.93256084996,8753.32857029462,100464.5034235273,4013.139641470499,3460.5663825805937,1341.2080812302984,1139.1864617466383,0.0,119171.93256084995,1.4551915228366852e-11,1.221085780490851e-16,True,1e-06,PASS
PPO,test_045_af7d3f616c1d,1694234878.0,199579.13853234032,7738.013008698369,179494.3190343551,7233.921075295469,2948.728834143129,1077.9107569658963,1086.24582288232,0.0,199579.1385323403,2.9103830456733704e-11,1.4582601503722617e-16,True,1e-06,PASS
PPO,test_045_af7d3f616c1d,1635820214.0,155329.27254513276,8338.795471800731,135979.08283382363,5429.12982310227,3256.6146567581604,1223.2219961792048,1102.427763468773,0.0,155329.27254513276,0.0,0.0,True,1e-06,PASS
PPO,test_045_af7d3f616c1d,456241246.0,182686.0650091136,8061.967386887349,162876.15690218276,6541.21378818959,3131.196766916803,1145.0168457953027,930.5133191417508,0.0,182686.06500911355,5.820766091346741e-11,3.186212419133535e-16,True,1e-06,PASS
Vanilla SAC,test_045_af7d3f616c1d,3760190062.0,290853.0694675725,6857.668532715716,269067.8351833789,11504.13095427326,2598.166437093994,821.8946363855683,3.373723725047624,0.0,290853.06946757244,5.820766091346741e-11,2.0012737365990576e-16,True,1e-06,PASS
Vanilla SAC,test_045_af7d3f616c1d,3890281123.0,290872.55678613274,6857.495233861602,269087.5302287976,11505.08808744733,2598.022283812424,821.8957010753461,2.525251138370603,0.0,290872.5567861326,1.1641532182693481e-10,4.0022793182421286e-16,True,1e-06,PASS
Vanilla SAC,test_045_af7d3f616c1d,4226533458.0,290855.09094612184,6857.435129308626,269069.2465282801,11504.212764157364,2597.977050526643,821.8888819692476,4.330591879856735,0.0,290855.09094612184,0.0,0.0,True,1e-06,PASS
Constrained SAC,test_045_af7d3f616c1d,301721597.0,290885.9998581868,6858.37728092307,269097.51958383527,11505.49496766029,2598.751573405122,821.9533378931103,3.903114469886796,0.0,290885.99985818675,5.820766091346741e-11,2.0010471779956717e-16,True,1e-06,PASS
Constrained SAC,test_045_af7d3f616c1d,554911178.0,290875.9497855649,6857.8023001854845,269089.33744735003,11505.130869489782,2598.27602424646,821.9231277788114,3.4800165143159334,0.0,290875.9497855649,0.0,0.0,True,1e-06,PASS
Constrained SAC,test_045_af7d3f616c1d,1600960620.0,290887.1745688079,6857.954182660126,269100.6959177623,11505.66053371854,2598.4098395337,821.937556193493,2.516538939662875,0.0,290887.1745688078,5.820766091346741e-11,2.0010390970227766e-16,True,1e-06,PASS
Model-guided constrained SAC,test_045_af7d3f616c1d,301721597.0,117958.88616480294,8817.99255185216,99337.50035897824,3968.632326466237,3507.808856929524,1362.8699352614656,964.082135315305,0.0,117958.88616480293,1.4551915228366852e-11,1.2336429837118038e-16,True,1e-06,PASS
Model-guided constrained SAC,test_045_af7d3f616c1d,554911178.0,121102.77336755308,8777.502923803775,102470.5971286068,4084.8217368196415,3480.8516475745805,1354.7517989976038,934.2481317506838,0.0,121102.77336755308,0.0,0.0,True,1e-06,PASS
Model-guided constrained SAC,test_045_af7d3f616c1d,1600960620.0,119658.54174520458,8769.111852609336,101123.00143321334,4034.2623053698,3475.938632719786,1352.4305461848471,903.7969751074114,0.0,119658.54174520452,5.820766091346741e-11,4.864480217167625e-16,True,1e-06,PASS
Passive,test_046_e35b743e6617,,288643.5287719664,6690.69127340901,267181.49854468927,11423.826517502806,2535.4350222108137,812.07741415462,0.0,0.0,288643.5287719665,1.1641532182693481e-10,4.0331866202656154e-16,True,1e-06,PASS
Reactive,test_046_e35b743e6617,,105111.79620359217,8001.129835644541,88807.64221098249,3579.804377604052,2833.722599820122,1301.7964631024288,587.7007164385009,0.0,105111.79620359214,2.9103830456733704e-11,2.7688453159303054e-16,True,1e-06,PASS
Projected stochastic MPC,test_046_e35b743e6617,,113815.55399323802,9378.362900496308,95226.9734035759,3859.864090243014,3953.164275515424,1397.189323407362,0.0,0.0,113815.553993238,1.4551915228366852e-11,1.2785524225653205e-16,True,1e-06,PASS
Behaviour cloning,test_046_e35b743e6617,1409200687.0,119090.56259574911,8587.688730200372,100576.92616622886,4035.3601579830856,3363.170101887219,1320.8365805141962,1206.5808589353212,0.0,119090.56259574907,4.3655745685100555e-11,3.6657603032147256e-16,True,1e-06,PASS
Behaviour cloning,test_046_e35b743e6617,3018804584.0,122174.32807927825,8572.792740016346,103605.4244594364,4149.4839117002775,3356.840850967691,1316.52115009742,1173.2649670600936,0.0,122174.32807927825,0.0,0.0,True,1e-06,PASS
Behaviour cloning,test_046_e35b743e6617,959653586.0,120906.60099771724,8556.911252517413,102438.3793896256,4105.441209688758,3351.1579296854,1313.5352397983447,1141.175976401713,0.0,120906.60099771724,0.0,0.0,True,1e-06,PASS
PPO,test_046_e35b743e6617,1694234878.0,199731.39236862853,7545.782479743319,179913.16928031176,7272.225959371781,2853.620785301872,1056.0214187691156,1090.5724451306587,0.0,199731.3923686285,2.9103830456733704e-11,1.4571485289112216e-16,True,1e-06,PASS
PPO,test_046_e35b743e6617,1635820214.0,156774.5941875322,8136.578110657366,137668.993518316,5515.633239506662,3150.6938592957804,1196.948887374493,1105.7465723818718,0.0,156774.59418753217,2.9103830456733704e-11,1.856412424957069e-16,True,1e-06,PASS
PPO,test_046_e35b743e6617,456241246.0,183377.2426982672,7863.470779832064,163828.65907341178,6598.227381456372,3025.447506043698,1120.963630176872,940.4743273464852,0.0,183377.2426982673,1.1641532182693481e-10,6.34840616610683e-16,True,1e-06,PASS
Vanilla SAC,test_046_e35b743e6617,3760190062.0,288586.55070180126,6691.369931676082,267122.9046468646,11420.912820004303,2535.683008888972,812.0850041393171,3.5952902279454872,0.0,288586.55070180126,0.0,0.0,True,1e-06,PASS
Vanilla SAC,test_046_e35b743e6617,3890281123.0,288606.6720127244,6691.203021828701,267143.165149747,11421.912361493694,2535.610639421453,812.0882680731683,2.692572160334237,0.0,288606.67201272433,5.820766091346741e-11,2.0168508408877356e-16,True,1e-06,PASS
Vanilla SAC,test_046_e35b743e6617,4226533458.0,288586.532781264,6691.11496854892,267122.2825199437,11420.910738168626,2535.5565039334606,812.0735098375962,4.594540831608469,0.0,288586.532781264,0.0,0.0,True,1e-06,PASS
Constrained SAC,test_046_e35b743e6617,301721597.0,288619.8609064235,6692.120769607788,267152.99853430246,11422.309942710455,2536.1727716494133,812.1451621054385,4.113726047846961,0.0,288619.8609064234,5.820766091346741e-11,2.0167586780294212e-16,True,1e-06,PASS
Constrained SAC,test_046_e35b743e6617,554911178.0,288607.8674416209,6691.476480813576,267142.943035744,11421.86205608157,2535.7784941888003,812.109214009643,3.6981607833219687,0.0,288607.86744162097,5.820766091346741e-11,2.0168424869859637e-16,True,1e-06,PASS
Constrained SAC,test_046_e35b743e6617,1600960620.0,288621.38424959395,6691.676781350399,267156.5371910539,11422.495075088123,2535.86419907154,812.1298114406866,2.681191589309759,0.0,288621.384249594,5.820766091346741e-11,2.0167480335805816e-16,True,1e-06,PASS
Model-guided constrained SAC,test_046_e35b743e6617,301721597.0,119750.62569175316,8621.360969445004,101371.04036083505,4062.60073282769,3394.75654158328,1334.7795105049704,966.0875765572578,0.0,119750.62569175324,8.731149137020111e-11,7.291109408893383e-16,True,1e-06,PASS
Model-guided constrained SAC,test_046_e35b743e6617,554911178.0,122762.5850743138,8580.753686272938,104377.00679960784,4174.308362951933,3367.8482602074823,1327.3773941988125,935.2905710748088,0.0,122762.58507431381,1.4551915228366852e-11,1.1853705442548243e-16,True,1e-06,PASS
Model-guided constrained SAC,test_046_e35b743e6617,1600960620.0,121403.18694043392,8572.529269105518,103106.70917986572,4127.290092893934,3366.215776044499,1324.862837986341,905.5797845378922,0.0,121403.18694043391,1.4551915228366852e-11,1.198643593722684e-16,True,1e-06,PASS
Passive,test_047_20c1f89391c1,,289487.1800978591,6860.212135708766,267728.86969329906,11447.230386647789,2625.4172128387536,825.4506693648458,0.0,0.0,289487.18009785924,1.1641532182693481e-10,4.0214327207022233e-16,True,1e-06,PASS
Reactive,test_047_20c1f89391c1,,109918.18788474274,8147.768210195915,93167.23384432789,3770.449764421672,2963.6355537320537,1289.9544254319453,579.146086633325,0.0,109918.1878847428,5.820766091346741e-11,5.295544079975408e-16,True,1e-06,PASS
Projected stochastic MPC,test_047_20c1f89391c1,,119496.68241439394,9482.907934023886,100474.69772663932,4087.3522048021937,4055.829353217737,1395.8951957108704,0.0,0.0,119496.682414394,5.820766091346741e-11,4.871069199361808e-16,True,1e-06,PASS
Behaviour cloning,test_047_20c1f89391c1,1409200687.0,124670.49529411209,8712.969617079167,105708.91555319878,4258.2998780637145,3459.429259350907,1323.872000626587,1207.0089857929324,0.0,124670.49529411209,0.0,0.0,True,1e-06,PASS
Behaviour cloning,test_047_20c1f89391c1,3018804584.0,128034.19992049364,8683.913607517525,109032.07611809952,4384.97613050578,3442.5041475138955,1317.114077213868,1173.61583964302,0.0,128034.19992049361,2.9103830456733704e-11,2.273129404081607e-16,True,1e-06,PASS
Behaviour cloning,test_047_20c1f89391c1,959653586.0,126659.32655381363,8668.601647042906,107765.16206118952,4337.1691390129645,3432.264283225144,1314.6696738557105,1141.459749487348,0.0,126659.32655381359,4.3655745685100555e-11,3.446705968908857e-16,True,1e-06,PASS
PPO,test_047_20c1f89391c1,1694234878.0,204696.9137666679,7679.058747227593,184460.76262138045,7468.13119329477,2936.986505531027,1060.2950179642403,1091.6796812698728,0.0,204696.91376666795,5.820766091346741e-11,2.843602272373182e-16,True,1e-06,PASS
PPO,test_047_20c1f89391c1,1635820214.0,161492.05243622686,8281.978782902033,141955.42184891785,5697.47211777736,3247.48964110627,1202.5594852633865,1107.130560259998,0.0,161492.05243622692,5.820766091346741e-11,3.6043669044613565e-16,True,1e-06,PASS
PPO,test_047_20c1f89391c1,456241246.0,188712.53425535455,8006.881756711922,168708.7413744177,6804.438949170658,3122.5000333657945,1126.3228232765375,943.6493184119915,0.0,188712.53425535464,8.731149137020111e-11,4.626692748032116e-16,True,1e-06,PASS
Vanilla SAC,test_047_20c1f89391c1,3760190062.0,289431.97638663044,6861.123197959667,267671.41986315243,11444.349007839312,2625.773601008784,825.4646383303218,3.8460783398853855,0.0,289431.9763866305,5.820766091346741e-11,2.0110998667165982e-16,True,1e-06,PASS
Vanilla SAC,test_047_20c1f89391c1,3890281123.0,289452.6493101176,6860.910444536982,267692.32344502665,11445.380666308703,2625.693089214868,825.4692953167814,2.872369713533585,0.0,289452.64931011753,5.820766091346741e-11,2.0109562324684102e-16,True,1e-06,PASS
Vanilla SAC,test_047_20c1f89391c1,4226533458.0,289434.94311945816,6860.902128761876,267673.6083346492,11444.469021258888,2625.6345893416856,825.4609209378583,4.86812450886295,0.0,289434.9431194584,2.3283064365386963e-10,8.04431701108645e-16,True,1e-06,PASS
Constrained SAC,test_047_20c1f89391c1,301721597.0,289466.8436161127,6861.794595929876,267703.10224965995,11445.814176943886,2626.2398764312475,825.5299208776536,4.362796270095113,0.0,289466.8436161127,0.0,0.0,True,1e-06,PASS
Constrained SAC,test_047_20c1f89391c1,554911178.0,289455.73220728,6861.2079344326685,267693.82914923265,11445.403061292089,2625.875617166157,825.4963035946232,3.920141561876415,0.0,289455.73220728006,5.820766091346741e-11,2.0109348144394236e-16,True,1e-06,PASS
Constrained SAC,test_047_20c1f89391c1,1600960620.0,289467.5318916084,6861.357492874437,267705.8505853368,11445.967955664291,2625.976732658211,825.5133237014272,2.8658013732046235,0.0,289467.5318916084,0.0,0.0,True,1e-06,PASS
Model-guided constrained SAC,test_047_20c1f89391c1,301721597.0,125254.53542140756,8762.834393143901,106395.18807516168,4283.169107926823,3510.7003242149044,1336.0077307117415,966.635790248478,0.0,125254.53542140753,2.9103830456733704e-11,2.323574979446173e-16,True,1e-06,PASS
Model-guided constrained SAC,test_047_20c1f89391c1,554911178.0,128564.07586192698,8722.222138967232,109685.81736459523,4407.835628998479,3484.7909910053,1327.7109150673948,935.6988232933252,0.0,128564.07586192696,1.4551915228366852e-11,1.1318803585532762e-16,True,1e-06,PASS
Model-guided constrained SAC,test_047_20c1f89391c1,1600960620.0,127152.18724338005,8712.15117103098,108370.48960207828,4358.636731168695,3479.9433217301403,1325.3065915237996,905.6598258481406,0.0,127152.18724338003,1.4551915228366852e-11,1.144448675547614e-16,True,1e-06,PASS
Passive,test_048_eeaf6a6a0a15,,287337.9606679336,6725.726784144595,265837.2573987586,11366.351048358238,2610.256457690711,798.3689789814142,0.0,0.0,287337.96066793357,5.820766091346741e-11,2.0257560392702848e-16,True,1e-06,PASS
Reactive,test_048_eeaf6a6a0a15,,103238.50167505372,7967.310810150921,86983.97366726224,3505.515202496998,2885.246917861451,1293.6240768157186,602.8310004664219,0.0,103238.50167505376,4.3655745685100555e-11,4.228630305242934e-16,True,1e-06,PASS
Projected stochastic MPC,test_048_eeaf6a6a0a15,,113302.02078816408,9371.435800114969,94678.2550037858,3839.099538369055,4036.293948209046,1376.936497685241,0.0,0.0,113302.02078816411,2.9103830456733704e-11,2.568694737682383e-16,True,1e-06,PASS
Behaviour cloning,test_048_eeaf6a6a0a15,1409200687.0,116941.7367437964,8588.924834853327,98493.3499444386,3951.1833451314487,3392.001293419018,1310.7026374646343,1205.5746884893465,0.0,116941.73674379637,2.9103830456733704e-11,2.488746213894213e-16,True,1e-06,PASS
Behaviour cloning,test_048_eeaf6a6a0a15,3018804584.0,119894.145635601,8561.284828398006,101418.2476422471,4061.056445871369,3374.7979300831457,1305.2482168876031,1173.5105721137984,0.0,119894.145635601,0.0,0.0,True,1e-06,PASS
Behaviour cloning,test_048_eeaf6a6a0a15,959653586.0,118719.704655346,8546.959816468176,100345.1361917662,4020.1923854719626,3364.1780750054663,1302.1687414818873,1141.0694451522938,0.0,118719.70465534598,1.4551915228366852e-11,1.2257371487414305e-16,True,1e-06,PASS
PPO,test_048_eeaf6a6a0a15,1694234878.0,198063.2168839034,7553.555635828699,178275.9844596068,7221.167037476503,2880.5811921891063,1043.59530188478,1088.333256917393,0.0,198063.21688390328,1.1641532182693481e-10,5.877685097640958e-16,True,1e-06,PASS
PPO,test_048_eeaf6a6a0a15,1635820214.0,154998.34772326055,8150.087636029014,135927.6229227711,5448.849880324884,3179.335146778865,1185.629243642789,1106.8228937138688,0.0,154998.34772326052,2.9103830456733704e-11,1.8776864969358704e-16,True,1e-06,PASS
PPO,test_048_eeaf6a6a0a15,456241246.0,181810.71817798828,7883.312239001446,162273.76545569047,6545.035272785223,3059.948205217826,1109.866321274348,938.7906840189524,0.0,181810.71817798828,0.0,0.0,True,1e-06,PASS
Vanilla SAC,test_048_eeaf6a6a0a15,3760190062.0,287287.2965330405,6726.59470260749,265784.1206389745,11363.790587256804,2610.721172577278,798.3981521150461,3.671279509405144,0.0,287287.29653304047,5.820766091346741e-11,2.0261132885412154e-16,True,1e-06,PASS
Vanilla SAC,test_048_eeaf6a6a0a15,3890281123.0,287304.6494965216,6726.361687186726,265801.95509648777,11364.64192351466,2610.555133498395,798.3939594258602,2.741696408171457,0.0,287304.64949652157,5.820766091346741e-11,2.025990912972403e-16,True,1e-06,PASS
Vanilla SAC,test_048_eeaf6a6a0a15,4226533458.0,287286.72109236615,6726.281330212078,265783.11884092126,11363.765560329955,2610.480956957063,798.3850985366419,4.689305409155982,0.0,287286.7210923661,5.820766091346741e-11,2.026117346884019e-16,True,1e-06,PASS
Constrained SAC,test_048_eeaf6a6a0a15,301721597.0,287320.1668950664,6727.275789453108,265813.9801430414,11365.148222859343,2611.10794769003,798.4517275144501,4.2030645080920745,0.0,287320.16689506645,5.820766091346741e-11,2.0258814945880813e-16,True,1e-06,PASS
Constrained SAC,test_048_eeaf6a6a0a15,554911178.0,287307.9804964702,6726.691790176581,265803.6963434245,11364.691838349629,2610.716206159312,798.4178876669292,3.766430693349605,0.0,287307.98049647023,5.820766091346741e-11,2.0259674239777178e-16,True,1e-06,PASS
Constrained SAC,test_048_eeaf6a6a0a15,1600960620.0,287320.5091986039,6726.90624059163,265816.28305100003,11365.26517396202,2610.8709397015527,798.4359429458004,2.747850402749749,0.0,287320.50919860374,1.7462298274040222e-10,6.077637243072613e-16,True,1e-06,PASS
Model-guided constrained SAC,test_048_eeaf6a6a0a15,301721597.0,117419.4063935297,8641.559284091012,99078.87930134944,3972.477956737212,3438.601458678428,1322.2101967082388,965.6781959654274,0.0,117419.40639352977,7.275957614183426e-11,6.196554588087546e-16,True,1e-06,PASS
Model-guided constrained SAC,test_048_eeaf6a6a0a15,554911178.0,120323.0931088408,8601.299649425795,101980.44255019404,4080.3823542979394,3410.513566892566,1315.3854106855715,935.0695773448608,0.0,120323.09310884078,1.4551915228366852e-11,1.2094033532867718e-16,True,1e-06,PASS
Model-guided constrained SAC,test_048_eeaf6a6a0a15,1600960620.0,119108.023177436,8592.039575405299,100856.177579173,4038.0833156689496,3404.4929469822227,1312.369219815507,904.860540391034,0.0,119108.02317743601,1.4551915228366852e-11,1.2217409742993357e-16,True,1e-06,PASS
Passive,test_049_343da3774e7e,,271182.81848678173,6064.095894192084,251490.22426452112,10752.91751119998,2134.444725156155,741.1360917123989,0.0,0.0,271182.8184867818,5.820766091346741e-11,2.1464361657670663e-16,True,1e-06,PASS
Reactive,test_049_343da3774e7e,,89351.06068626555,7473.827297073345,74626.29626650193,2978.097887043633,2499.1692903934804,1206.104672733739,567.5652725194091,0.0,89351.06068626553,2.9103830456733704e-11,3.257245099632863e-16,True,1e-06,PASS
Projected stochastic MPC,test_049_343da3774e7e,,97132.77155077575,8748.756723230927,80320.19767700775,3228.147678310396,3521.9954095538383,1313.6740626728397,0.0,0.0,97132.77155077575,0.0,0.0,True,1e-06,PASS
Behaviour cloning,test_049_343da3774e7e,1409200687.0,102713.43912417264,7977.229990490068,85934.42869850592,3413.7181797316925,2945.7888865735445,1235.443420693298,1206.829948178151,0.0,102713.43912417267,2.9103830456733704e-11,2.833497807579923e-16,True,1e-06,PASS
Behaviour cloning,test_049_343da3774e7e,3018804584.0,105677.30652446787,7959.4883595846095,88854.4811210718,3522.6474191543957,2936.887719783537,1231.020383376377,1172.7815214971358,0.0,105677.30652446786,1.4551915228366852e-11,1.3770142055047164e-16,True,1e-06,PASS
Behaviour cloning,test_049_343da3774e7e,959653586.0,104327.19186171904,7949.851130780558,87597.83599192931,3475.470502851863,2934.8508308744786,1228.3988589375974,1140.784546345198,0.0,104327.19186171901,2.9103830456733704e-11,2.789668727526905e-16,True,1e-06,PASS
PPO,test_049_343da3774e7e,1694234878.0,181052.20687113865,6959.6447767856935,163023.451975824,6545.258404225021,2456.456727663224,978.9417933430962,1088.4531932976709,0.0,181052.2068711387,5.820766091346741e-11,3.21496555713877e-16,True,1e-06,PASS
PPO,test_049_343da3774e7e,1635820214.0,138050.95859316704,7548.911349948293,120746.10455172726,4789.855523474722,2744.290534829341,1118.5208344822754,1103.2757987051914,0.0,138050.9585931671,5.820766091346741e-11,4.2163894772367375e-16,True,1e-06,PASS
PPO,test_049_343da3774e7e,456241246.0,164490.27363301386,7276.687170657697,146749.14515883476,5863.988315873541,2619.785548960189,1044.5999084361697,936.0675302515843,0.0,164490.27363301395,8.731149137020111e-11,5.308003290516585e-16,True,1e-06,PASS
Vanilla SAC,test_049_343da3774e7e,3760190062.0,271128.1639668531,6064.767353899799,251434.16103320304,10750.162454476396,2134.663660023049,741.1595742906159,3.249890960053574,0.0,271128.163966853,1.1641532182693481e-10,4.293737696728814e-16,True,1e-06,PASS
Vanilla SAC,test_049_343da3774e7e,3890281123.0,271147.6895101713,6064.598502422409,251453.77702892385,10751.118264616953,2134.5970582798127,741.1570244330206,2.441631495088098,0.0,271147.6895101711,1.7462298274040222e-10,6.44014275230812e-16,True,1e-06,PASS
Vanilla SAC,test_049_343da3774e7e,4226533458.0,271128.55859115405,6064.513713669492,251434.01265300796,10750.175974682572,2134.5149038524914,741.1510921169814,4.19025382457641,0.0,271128.55859115405,0.0,0.0,True,1e-06,PASS
Constrained SAC,test_049_343da3774e7e,301721597.0,271161.4893502267,6065.428926137986,251464.4887201032,10751.562048702264,2135.050839711821,741.2083400667804,3.750475504638493,0.0,271161.4893502266,1.1641532182693481e-10,4.2932100021244217e-16,True,1e-06,PASS
Constrained SAC,test_049_343da3774e7e,554911178.0,271149.9609682108,6064.856238855919,251454.72021267036,10751.123159171251,2134.713974108228,741.1790705848679,3.368312820301012,0.0,271149.96096821094,1.1641532182693481e-10,4.2933925349369e-16,True,1e-06,PASS
Constrained SAC,test_049_343da3774e7e,1600960620.0,271162.5756888227,6065.012521610207,251467.4295095047,10751.71548454566,2134.803066338708,741.1919435122617,2.423163311277966,0.0,271162.5756888228,5.820766091346741e-11,2.1465964012771664e-16,True,1e-06,PASS
Model-guided constrained SAC,test_049_343da3774e7e,301721597.0,103046.59957077178,8017.694172436181,86338.07103991149,3427.303282619696,2993.324371420837,1243.3272052354384,1026.879499148172,0.0,103046.59957077182,4.3655745685100555e-11,4.2365052187013756e-16,True,1e-06,PASS
Model-guided constrained SAC,test_049_343da3774e7e,554911178.0,105918.28725834352,7990.360015562258,89185.78702259742,3532.5136495560746,2978.8285802563105,1236.8931951191155,993.9047952523864,0.0,105918.28725834355,2.9103830456733704e-11,2.7477625639609367e-16,True,1e-06,PASS
Model-guided constrained SAC,test_049_343da3774e7e,1600960620.0,104523.5138229865,7979.643426102203,87886.12857720602,3484.0777386756617,2975.474388979173,1234.0443347257387,964.1453572977052,0.0,104523.51382298651,1.4551915228366852e-11,1.392214507159693e-16,True,1e-06,PASS
Passive,test_050_1c7612d8bc63,,264973.1381346022,5896.951826047757,245846.9658369352,10511.62973970013,2000.0761361247048,717.5145957942736,0.0,0.0,264973.1381346021,1.1641532182693481e-10,4.3934763593960095e-16,True,1e-06,PASS
Reactive,test_050_1c7612d8bc63,,94189.55063047448,7219.328596002763,79691.19147085036,3203.640540137976,2359.3281700617085,1153.0798203462325,562.9820330754355,0.0,94189.55063047446,1.4551915228366852e-11,1.5449606809843581e-16,True,1e-06,PASS
Projected stochastic MPC,test_050_1c7612d8bc63,,102093.29887240689,8495.674908312547,85501.29108650803,3459.5070610747434,3384.8498436404398,1251.9759728711326,0.0,0.0,102093.2988724069,1.4551915228366852e-11,1.425354591250244e-16,True,1e-06,PASS
Behaviour cloning,test_050_1c7612d8bc63,1409200687.0,107399.21865779108,7731.462189783761,90873.57257971504,3635.3147207041857,2776.552326969109,1173.836160211006,1208.4806804079724,0.0,107399.21865779108,0.0,0.0,True,1e-06,PASS
Behaviour cloning,test_050_1c7612d8bc63,3018804584.0,110348.56866250884,7719.461158611771,93768.18616563678,3743.3761022431618,2772.9477927649896,1169.3580205236412,1175.2394227284274,0.0,110348.56866250875,8.731149137020111e-11,7.91233564952124e-16,True,1e-06,PASS
Behaviour cloning,test_050_1c7612d8bc63,959653586.0,109057.45486530042,7699.906517555151,92589.99125501176,3699.042021807265,2758.5845226530528,1166.4191853907992,1143.5113628823951,0.0,109057.45486530042,0.0,0.0,True,1e-06,PASS
PPO,test_050_1c7612d8bc63,1694234878.0,183004.8097028884,6737.188565816709,165279.59384048157,6668.070974275429,2301.169296223293,926.8846341576532,1091.9023919337042,0.0,183004.80970288833,5.820766091346741e-11,3.180662902137304e-16,True,1e-06,PASS
PPO,test_050_1c7612d8bc63,1635820214.0,142872.77006541195,7300.165865196896,125816.42398039094,5023.094891262457,2569.921481692716,1056.6612785150712,1106.5025683538431,0.0,142872.77006541193,2.9103830456733704e-11,2.0370452986534098e-16,True,1e-06,PASS
PPO,test_050_1c7612d8bc63,456241246.0,167981.8853676785,7039.187195000975,150513.8047244873,6046.423306290129,2450.5296299738493,987.2262472627992,944.7142646634449,0.0,167981.88536767845,5.820766091346741e-11,3.465115347768753e-16,True,1e-06,PASS
Vanilla SAC,test_050_1c7612d8bc63,3760190062.0,264912.74162057025,5897.846156748133,245784.99184553648,10508.598448117276,2000.4202063752143,717.5539279064644,3.3310358866701337,0.0,264912.7416205702,5.820766091346741e-11,2.1972390062248192e-16,True,1e-06,PASS
Vanilla SAC,test_050_1c7612d8bc63,3890281123.0,264933.79898026184,5897.603275901843,245806.20406261116,10509.63024476278,2000.3127841183875,717.5451602858323,2.5034525819013567,0.0,264933.7989802619,5.820766091346741e-11,2.1970643661741327e-16,True,1e-06,PASS
Vanilla SAC,test_050_1c7612d8bc63,4226533458.0,264910.917998573,5897.514721855449,245782.7882297671,10508.52566445255,2000.246276794352,717.5387431590001,4.304362544742792,0.0,264910.91799857316,1.7462298274040222e-10,6.591762395438261e-16,True,1e-06,PASS
Constrained SAC,test_050_1c7612d8bc63,301721597.0,264948.25037955586,5898.539758528257,245817.35173163275,10510.090061188988,2000.804697930267,717.5973059554769,3.866824320035604,0.0,264948.2503795558,5.820766091346741e-11,2.196944528981833e-16,True,1e-06,PASS
Constrained SAC,test_050_1c7612d8bc63,554911178.0,264934.98912049906,5897.848877132024,245806.13067807545,10509.58949675174,2000.3934356929408,717.5657776274475,3.460855219376315,0.0,264934.989120499,5.820766091346741e-11,2.1970544965275655e-16,True,1e-06,PASS
Constrained SAC,test_050_1c7612d8bc63,1600960620.0,264949.6469425097,5898.045834217733,245820.77123546175,10510.266960616069,2000.4929868217976,717.5795601231729,2.4903652691882923,0.0,264949.6469425097,0.0,0.0,True,1e-06,PASS
Model-guided constrained SAC,test_050_1c7612d8bc63,301721597.0,107645.42713272524,7779.108845829994,91186.4312878701,3645.670222072324,2823.4813463115606,1181.7379398910791,1028.9974907501685,0.0,107645.42713272524,0.0,0.0,True,1e-06,PASS
Model-guided constrained SAC,test_050_1c7612d8bc63,554911178.0,110509.1624187412,7753.402358081405,94024.89532250652,3750.655949472787,2809.0660489963457,1175.3225993977,995.8201402864556,0.0,110509.16241874121,1.4551915228366852e-11,1.3168062185854556e-16,True,1e-06,PASS
Model-guided constrained SAC,test_050_1c7612d8bc63,1600960620.0,109172.95115667443,7737.498031797831,92793.56880706258,3704.524960516141,2798.58775067139,1172.157609218803,966.613997407662,0.0,109172.9511566744,2.9103830456733704e-11,2.6658462694634595e-16,True,1e-06,PASS
Passive,test_051_5747c87e6d9a,,260818.65399552835,5823.635424075704,241876.10791914348,10341.848521492771,2075.9537357991408,701.1083950171883,0.0,0.0,260818.6539955283,5.820766091346741e-11,2.231729211916927e-16,True,1e-06,PASS
Reactive,test_051_5747c87e6d9a,,91352.56290966576,7140.889353735988,77056.41206958068,3101.812261498744,2363.0887228839297,1157.553426031319,532.807075935087,0.0,91352.56290966574,2.9103830456733704e-11,3.1858800158144556e-16,True,1e-06,PASS
Projected stochastic MPC,test_051_5747c87e6d9a,,98519.79656739156,8355.6064043866,82275.65000634734,3334.218304751005,3326.051342512156,1228.2705093944503,0.0,0.0,98519.79656739156,0.0,0.0,True,1e-06,PASS
Behaviour cloning,test_051_5747c87e6d9a,1409200687.0,104791.95366376892,7578.973952488012,88578.15146142794,3550.615177539278,2722.062990444682,1150.7561794773328,1211.3939023916903,0.0,104791.95366376895,2.9103830456733704e-11,2.7772962941520336e-16,True,1e-06,PASS
Behaviour cloning,test_051_5747c87e6d9a,3018804584.0,107920.34513491484,7551.484024655587,91673.0636523879,3667.356892053309,2706.0058560765847,1144.896830869967,1177.5378788714738,0.0,107920.34513491482,1.4551915228366852e-11,1.3483940595422498e-16,True,1e-06,PASS
Behaviour cloning,test_051_5747c87e6d9a,959653586.0,106635.97936721198,7535.745401937771,90492.73977739096,3623.257848301896,2696.7936282826195,1141.8726773043138,1145.5700339943787,0.0,106635.97936721194,4.3655745685100555e-11,4.093903947256629e-16,True,1e-06,PASS
PPO,test_051_5747c87e6d9a,1694234878.0,178680.84924879443,6609.912557239046,161256.82697742843,6516.548877007432,2289.854314643537,910.4507267710856,1097.2557957048275,0.0,178680.84924879437,5.820766091346741e-11,3.2576328777360644e-16,True,1e-06,PASS
PPO,test_051_5747c87e6d9a,1635820214.0,140780.6673955085,7149.224871304461,123982.83358429064,4966.85244812376,2536.7970596127498,1032.9095460557637,1112.0498861211067,0.0,140780.6673955085,0.0,0.0,True,1e-06,PASS
PPO,test_051_5747c87e6d9a,456241246.0,164398.56157332924,6907.43782953644,147210.9252076825,5930.076031038789,2425.91845553383,968.2736479895664,955.9304015480805,0.0,164398.5615733292,2.9103830456733704e-11,1.7703214783757138e-16,True,1e-06,PASS
Vanilla SAC,test_051_5747c87e6d9a,3760190062.0,260746.3092040604,5824.233074596804,241802.2094661576,10338.362082786913,2076.331422699108,701.1085280952406,4.064629724734037,0.0,260746.3092040604,0.0,0.0,True,1e-06,PASS
Vanilla SAC,test_051_5747c87e6d9a,3890281123.0,260768.22172656667,5824.019315768234,241824.37641128767,10339.416000935746,2076.158171806776,701.105982402441,3.14584436585737,0.0,260768.2217265667,2.9103830456733704e-11,1.1160804128676024e-16,True,1e-06,PASS
Vanilla SAC,test_051_5747c87e6d9a,4226533458.0,260749.56274410916,5823.948722218148,241804.47248020937,10338.47677451735,2076.1727696865246,701.1055751513653,5.386422326352794,0.0,260749.5627441091,5.820766091346741e-11,2.2323205569702315e-16,True,1e-06,PASS
Constrained SAC,test_051_5747c87e6d9a,301721597.0,260764.8374954769,5824.515934289359,241818.9260696189,10339.17439803776,2076.123627393393,701.1141490224395,4.983317115124897,0.0,260764.83749547694,2.9103830456733704e-11,1.1160948974663244e-16,True,1e-06,PASS
Constrained SAC,test_051_5747c87e6d9a,554911178.0,260764.4563380612,5824.140677725217,241819.6092848056,10339.180735086104,2076.03270010404,701.1140076635953,4.378932676498212,0.0,260764.45633806105,1.4551915228366852e-10,5.580482644268591e-16,True,1e-06,PASS
Constrained SAC,test_051_5747c87e6d9a,1600960620.0,260773.20711274436,5824.254635991818,241829.0648066372,10339.629684037827,2076.0394597277373,701.1169276220642,3.101598727633001,0.0,260773.20711274428,8.731149137020111e-11,3.34817722790257e-16,True,1e-06,PASS
Model-guided constrained SAC,test_051_5747c87e6d9a,301721597.0,105691.5488987362,7639.715087287254,89598.1544251802,3584.61791583383,2788.981956586352,1168.7015531303732,911.3779607182544,0.0,105691.54889873628,7.275957614183426e-11,6.884143235666431e-16,True,1e-06,PASS
Model-guided constrained SAC,test_051_5747c87e6d9a,554911178.0,108780.35644855714,7602.902346336786,92670.93326455212,3698.673234136568,2767.122604682768,1160.496070956896,880.2289278919259,0.0,108780.35644855707,7.275957614183426e-11,6.6886686638357065e-16,True,1e-06,PASS
Model-guided constrained SAC,test_051_5747c87e6d9a,1600960620.0,107493.4179814471,7594.909257395614,91469.33804620588,3654.545020463838,2764.089488440838,1158.179711744544,852.3564571963544,0.0,107493.41798144706,4.3655745685100555e-11,4.061248261045653e-16,True,1e-06,PASS
Passive,test_052_9760565f31de,,291401.8771206467,6816.663111397847,269614.60880134115,11527.858592723782,2627.3066020189885,815.4400131648188,0.0,0.0,291401.8771206466,1.1641532182693481e-10,3.995009331348142e-16,True,1e-06,PASS
Reactive,test_052_9760565f31de,,96863.42005291984,8074.752691150558,80699.3808744706,3224.1325179631576,2915.221195700872,1325.0216450308249,624.911128603875,0.0,96863.42005291987,2.9103830456733704e-11,3.0046255274522904e-16,True,1e-06,PASS
Projected stochastic MPC,test_052_9760565f31de,,106776.28155622368,9551.113747974709,88128.29510364233,3543.553385281143,4120.46490102459,1432.8544183008707,0.0,0.0,106776.28155622366,1.4551915228366852e-11,1.3628415427357296e-16,True,1e-06,PASS
Behaviour cloning,test_052_9760565f31de,1409200687.0,110607.36433791473,8774.729532263615,92113.5800747785,3663.450431497808,3490.40303381595,1362.9382071796,1202.263058379303,0.0,110607.36433791478,5.820766091346741e-11,5.262548408226974e-16,True,1e-06,PASS
Behaviour cloning,test_052_9760565f31de,3018804584.0,113464.18823180234,8762.51650559496,94916.20153797022,3768.222057479926,3486.590808965905,1359.0979302001208,1171.5593915912111,0.0,113464.18823180236,1.4551915228366852e-11,1.2825117294840138e-16,True,1e-06,PASS
Behaviour cloning,test_052_9760565f31de,959653586.0,112265.7220736292,8748.283913099121,93821.03980810056,3726.519368170913,3475.5242670126045,1356.1193629974446,1138.235354248591,0.0,112265.72207362922,2.9103830456733704e-11,2.5924057601167013e-16,True,1e-06,PASS
PPO,test_052_9760565f31de,1694234878.0,194217.2682220132,7727.1055795465345,174336.95052766864,7019.014786893505,2964.600177792774,1087.0833737906569,1082.513776321023,0.0,194217.26822201314,5.820766091346741e-11,2.997038391402416e-16,True,1e-06,PASS
PPO,test_052_9760565f31de,1635820214.0,148239.0643137905,8334.303875638847,129161.18329589308,5134.932326257337,3268.836517422784,1238.1147547391688,1101.6935438392477,0.0,148239.06431379044,5.820766091346741e-11,3.9266074150504753e-16,True,1e-06,PASS
PPO,test_052_9760565f31de,456241246.0,176330.14340928258,8052.689257689762,156770.9770197005,6279.59014786963,3143.775604280736,1157.3077107198662,925.8036690220546,0.0,176330.14340928255,2.9103830456733704e-11,1.6505306406506097e-16,True,1e-06,PASS
Vanilla SAC,test_052_9760565f31de,3760190062.0,291349.9618527335,6817.480143040901,269560.639210914,11525.22199368644,2627.8092361397744,815.462249200801,3.349019751514507,0.0,291349.96185273345,5.820766091346741e-11,1.9978605984128874e-16,True,1e-06,PASS
Vanilla SAC,test_052_9760565f31de,3890281123.0,291368.20718362025,6817.257756968606,269579.20167994854,11526.123849175176,2627.657898913821,815.4594971724957,2.5065014415240947,0.0,291368.2071836202,5.820766091346741e-11,1.9977354933850053e-16,True,1e-06,PASS
Vanilla SAC,test_052_9760565f31de,4226533458.0,291351.1837526053,6817.253927594497,269561.2242982932,11525.266726735174,2627.679840503205,815.4535017669638,4.305457712313844,0.0,291351.18375260534,5.820766091346741e-11,1.9978522195706339e-16,True,1e-06,PASS
Constrained SAC,test_052_9760565f31de,301721597.0,291380.1926737105,6818.180591604548,269587.8244155805,11526.469416653745,2628.306635688905,815.5131196737152,3.898494509118545,0.0,291380.1926737105,0.0,0.0,True,1e-06,PASS
Constrained SAC,test_052_9760565f31de,554911178.0,291370.9670718037,6817.596079929431,269580.4193922473,11526.142874940067,2627.8653685907093,815.4841854424817,3.4591706537572757,0.0,291370.96707180375,5.820766091346741e-11,1.9977165706809445e-16,True,1e-06,PASS
Constrained SAC,test_052_9760565f31de,1600960620.0,291381.4367835819,6817.732239329115,269591.12426281645,11526.641564681671,2627.939723011432,815.4970602566375,2.5019334866641705,0.0,291381.43678358203,1.1641532182693481e-10,3.995289580283047e-16,True,1e-06,PASS
Model-guided constrained SAC,test_052_9760565f31de,301721597.0,111187.5197379221,8815.246074402034,92827.17645122166,3687.951317502896,3517.564806404165,1377.0075422421448,962.5735461492008,0.0,111187.5197379221,0.0,0.0,True,1e-06,PASS
Model-guided constrained SAC,test_052_9760565f31de,554911178.0,113947.24902616942,8776.556215007176,95587.5757239284,3789.3025164483793,3490.365270985611,1370.2661532620532,933.1831465377676,0.0,113947.24902616939,2.9103830456733704e-11,2.554149459988248e-16,True,1e-06,PASS
Model-guided constrained SAC,test_052_9760565f31de,1600960620.0,112692.90562872923,8767.345390940543,94425.5512457832,3745.787193578039,3484.349417202147,1367.3903767146296,902.4820045106312,0.0,112692.90562872919,4.3655745685100555e-11,3.8738681411699466e-16,True,1e-06,PASS
Passive,test_053_4473e6f72168,,286432.32333655807,6756.045768354876,264942.4332863979,11328.091202370622,2606.6318918808283,799.1211875539234,0.0,0.0,286432.3233365582,1.1641532182693481e-10,4.06432208735558e-16,True,1e-06,PASS
Reactive,test_053_4473e6f72168,,96276.25544280304,8006.256569775495,80217.08173039716,3210.752320145169,2899.3868525400485,1317.8334528443752,624.9445171007831,0.0,96276.25544280303,1.4551915228366852e-11,1.511474990529937e-16,True,1e-06,PASS
Projected stochastic MPC,test_053_4473e6f72168,,105694.40852355056,9430.058098351728,87289.72689012627,3516.197946793417,4053.879233828879,1404.5463544502386,0.0,0.0,105694.40852355053,2.9103830456733704e-11,2.7535827924377724e-16,True,1e-06,PASS
Behaviour cloning,test_053_4473e6f72168,1409200687.0,109759.21650651724,8660.073718994892,91487.9345937639,3645.041260828248,3426.750018294488,1335.661327067202,1203.755587568496,0.0,109759.21650651722,2.9103830456733704e-11,2.651606979629413e-16,True,1e-06,PASS
Behaviour cloning,test_053_4473e6f72168,3018804584.0,112924.08731702932,8640.03556995629,94602.22634995409,3761.917543372616,3417.5202278918773,1330.237790726837,1172.1498351276414,0.0,112924.08731702935,2.9103830456733704e-11,2.577291625570194e-16,True,1e-06,PASS
Behaviour cloning,test_053_4473e6f72168,959653586.0,111662.52669447692,8621.285114268887,93454.06273527548,3718.453841705352,3401.954342037144,1327.5043844920815,1139.2662766979554,0.0,111662.52669447691,1.4551915228366852e-11,1.3032049031258954e-16,True,1e-06,PASS
PPO,test_053_4473e6f72168,1694234878.0,192241.6761984249,7630.530437362736,172600.41117171594,6950.986720960032,2911.6909701673594,1063.4332996115468,1084.6235986072668,0.0,192241.6761984249,0.0,0.0,True,1e-06,PASS
PPO,test_053_4473e6f72168,1635820214.0,147729.2879254701,8231.432317564195,128834.93125479454,5130.839690261811,3219.243626037812,1210.2673412208464,1102.5736955909044,0.0,147729.2879254701,0.0,0.0,True,1e-06,PASS
PPO,test_053_4473e6f72168,456241246.0,174998.59002103284,7962.026976798662,155636.19458084757,6240.888839958379,3098.6088568609107,1132.9897148882674,927.8810516790676,0.0,174998.59002103284,0.0,0.0,True,1e-06,PASS
Vanilla SAC,test_053_4473e6f72168,3760190062.0,286379.0199264912,6756.90533360354,264886.7986918857,11325.376454778718,2607.364865732171,799.1516924379347,3.422888053170213,0.0,286379.01992649125,5.820766091346741e-11,2.0325392875640248e-16,True,1e-06,PASS
Vanilla SAC,test_053_4473e6f72168,3890281123.0,286397.2319700211,6756.650836742387,264905.48837212217,11326.285440786614,2607.103451934809,799.1450830697012,2.558785365481416,0.0,286397.23197002115,5.820766091346741e-11,2.0324100380816653e-16,True,1e-06,PASS
Vanilla SAC,test_053_4473e6f72168,4226533458.0,286378.2769534614,6756.63535862443,264885.61259812885,11325.345839798998,2607.158435186889,799.1364610732671,4.388260648928643,0.0,286378.27695346135,5.820766091346741e-11,2.0325445607358894e-16,True,1e-06,PASS
Constrained SAC,test_053_4473e6f72168,301721597.0,286410.3436981437,6757.562414474991,264915.1416551957,11326.67463921624,2607.791827175931,799.2014088090193,3.971753271870087,0.0,286410.3436981437,0.0,0.0,True,1e-06,PASS
Constrained SAC,test_053_4473e6f72168,554911178.0,286401.43280932703,6757.004706074582,264908.0236607135,11326.360533803205,2607.33713475906,799.1746936653631,3.53208031125175,0.0,286401.432809327,5.820766091346741e-11,2.0323802273789393e-16,True,1e-06,PASS
Constrained SAC,test_053_4473e6f72168,1600960620.0,286411.50701302395,6757.128640312669,264918.3847526269,11326.844438478078,2607.4042160527138,799.1852667361145,2.55969881753068,0.0,286411.507013024,5.820766091346741e-11,2.0323087406827039e-16,True,1e-06,PASS
Model-guided constrained SAC,test_053_4473e6f72168,301721597.0,110339.04927305171,8702.886175428404,92189.00437887965,3670.0032587703167,3464.956887462629,1348.0690038505172,964.1295686602192,0.0,110339.04927305173,1.4551915228366852e-11,1.3188363797077678e-16,True,1e-06,PASS
Model-guided constrained SAC,test_053_4473e6f72168,554911178.0,113419.05008511884,8663.556052120166,95258.25121052074,3784.061033364779,3438.9702664320894,1340.283268149215,933.9282545318724,0.0,113419.05008511887,2.9103830456733704e-11,2.56604427870731e-16,True,1e-06,PASS
Model-guided constrained SAC,test_053_4473e6f72168,1600960620.0,112107.79788504554,8653.439542043536,94042.96113439884,3738.6139821980314,3431.817617444166,1337.5667645479034,903.3988444130416,0.0,112107.7978850455,4.3655745685100555e-11,3.894086451494196e-16,True,1e-06,PASS
Passive,test_054_c66f0b1dacc4,,279991.84235275025,6444.338564654063,259311.21655656188,11087.318269795243,2365.750544308431,783.2184174306295,0.0,0.0,279991.84235275025,0.0,0.0,True,1e-06,PASS
Reactive,test_054_c66f0b1dacc4,,104464.180261891,7781.319174828077,88605.3626728946,3578.8533297846247,2691.377534541953,1237.4899272796624,569.777622562134,0.0,104464.18026189106,5.820766091346741e-11,5.572021028408129e-16,True,1e-06,PASS
Projected stochastic MPC,test_054_c66f0b1dacc4,,113490.53072655691,9078.898352511162,95442.80039403436,3877.991393706904,3751.94906424103,1338.8915220634556,0.0,0.0,113490.53072655691,0.0,0.0,True,1e-06,PASS
Behaviour cloning,test_054_c66f0b1dacc4,1409200687.0,118779.3502142947,8297.532708320701,100791.20110096468,4052.2733143552423,3169.236106350165,1260.7042093023483,1208.402775001513,0.0,118779.35021429465,4.3655745685100555e-11,3.6753649187623466e-16,True,1e-06,PASS
Behaviour cloning,test_054_c66f0b1dacc4,3018804584.0,122026.04251258473,8281.351098114712,103978.8621936015,4173.15447532252,3162.4830413535906,1255.9191363648472,1174.2725678275513,0.0,122026.04251258471,1.4551915228366852e-11,1.1925253764470884e-16,True,1e-06,PASS
Behaviour cloning,test_054_c66f0b1dacc4,959653586.0,120701.07598360877,8265.520633229791,102757.26062527168,4127.136409502302,3155.777208175756,1252.8845498913404,1142.496557537884,0.0,120701.07598360877,0.0,0.0,True,1e-06,PASS
PPO,test_054_c66f0b1dacc4,1694234878.0,196574.12727248468,7272.005324037224,177357.30245411245,7171.532239976483,2674.9123319972373,1005.5862073021729,1092.7887150591305,0.0,196574.1272724847,2.9103830456733704e-11,1.4805524440350645e-16,True,1e-06,PASS
PPO,test_054_c66f0b1dacc4,1635820214.0,154425.9819350926,7861.156333580392,135908.28513174874,5443.597175055676,2962.5684674091085,1143.108083756084,1107.2667435425587,0.0,154425.98193509257,2.9103830456733704e-11,1.8846459703242458e-16,True,1e-06,PASS
PPO,test_054_c66f0b1dacc4,456241246.0,181007.2255120784,7583.687149897405,162045.12324856658,6527.839143918308,2835.988447094929,1068.1827999558757,946.4047226452552,0.0,181007.22551207835,5.820766091346741e-11,3.2157644949694714e-16,True,1e-06,PASS
Vanilla SAC,test_054_c66f0b1dacc4,3760190062.0,279930.72607190965,6444.950751220866,259248.8376579464,11084.228103151754,2365.8759183198254,783.2272718301134,3.6063694407824944,0.0,279930.72607190977,1.1641532182693481e-10,4.1587189609557046e-16,True,1e-06,PASS
Vanilla SAC,test_054_c66f0b1dacc4,3890281123.0,279952.1944074465,6444.804624186835,259270.3264018804,11085.284581819502,2365.8450829985213,783.2297987308403,2.703917830488884,0.0,279952.19440744654,5.820766091346741e-11,2.0792000232993757e-16,True,1e-06,PASS
Vanilla SAC,test_054_c66f0b1dacc4,4226533458.0,279929.4726315438,6444.639561893103,259247.1261185343,11084.179735775764,2365.703119829574,783.2127478882688,4.611347622876727,0.0,279929.47263154393,1.1641532182693481e-10,4.158737582454066e-16,True,1e-06,PASS
Constrained SAC,test_054_c66f0b1dacc4,301721597.0,279966.28994157724,6445.651902794718,259281.1742934391,11085.726684961704,2366.3323984141,783.2863503605914,4.118311607085324,0.0,279966.2899415773,5.820766091346741e-11,2.0790953412860548e-16,True,1e-06,PASS
Constrained SAC,test_054_c66f0b1dacc4,554911178.0,279953.1871491037,6445.018405727654,259270.0170295613,11085.229377904723,2365.9585984747105,783.2502680550606,3.713469380210252,0.0,279953.18714910373,5.820766091346741e-11,2.0791926502506965e-16,True,1e-06,PASS
Constrained SAC,test_054_c66f0b1dacc4,1600960620.0,279968.194128069,6445.257526356821,259284.9698915848,11085.923078390424,2366.0819396200563,783.2716870506748,2.690005066242473,0.0,279968.19412806904,5.820766091346741e-11,2.0790812004466775e-16,True,1e-06,PASS
Model-guided constrained SAC,test_054_c66f0b1dacc4,301721597.0,119393.92899040288,8334.89046901767,101535.29461033177,4077.531151528104,3203.614740154073,1274.7597925267337,967.8382268445912,0.0,119393.92899040294,5.820766091346741e-11,4.875261364264698e-16,True,1e-06,PASS
Model-guided constrained SAC,test_054_c66f0b1dacc4,554911178.0,122553.4040213445,8294.897882044903,104682.01496399083,4195.049577523906,3178.2096204507952,1266.9518502631654,936.2801270708964,0.0,122553.40402134451,1.4551915228366852e-11,1.187393801467352e-16,True,1e-06,PASS
Model-guided constrained SAC,test_054_c66f0b1dacc4,1600960620.0,121170.91935991164,8285.364353250605,103392.94337617564,4147.26247317848,3174.279265402987,1264.1676922352376,906.902199668678,0.0,121170.91935991163,1.4551915228366852e-11,1.200941224613769e-16,True,1e-06,PASS
Passive,test_055_f90330578051,,299780.1915370253,7317.723340057581,276824.47580593347,11836.129619935651,2942.4548879551894,859.4078831434773,0.0,0.0,299780.1915370254,5.820766091346741e-11,1.9416780213204407e-16,True,1e-06,PASS
Reactive,test_055_f90330578051,,107946.11122631367,8520.21099892452,90551.33036324655,3645.387802001581,3199.930003535884,1382.4069834915315,646.8450751135973,0.0,107946.11122631367,0.0,0.0,True,1e-06,PASS
Projected stochastic MPC,test_055_f90330578051,,118449.68011615794,10070.109653828087,98440.53458075572,3984.3652548593936,4480.949957227507,1473.7206694872305,0.0,0.0,118449.68011615794,0.0,0.0,True,1e-06,PASS
Behaviour cloning,test_055_f90330578051,1409200687.0,122139.30524937392,9259.385688065133,102365.65412263644,4101.889542014342,3805.4078574320233,1405.3461862641393,1201.6218529618263,0.0,122139.3052493739,2.9103830456733704e-11,2.3828390375491257e-16,True,1e-06,PASS
Behaviour cloning,test_055_f90330578051,3018804584.0,125283.37763636906,9243.840854782296,105450.27078725112,4217.363233079141,3800.410872183034,1400.605120699854,1170.886768373603,0.0,125283.37763636904,1.4551915228366852e-11,1.1615200278686062e-16,True,1e-06,PASS
Behaviour cloning,test_055_f90330578051,959653586.0,123988.21999996036,9229.852238521038,104262.33800145262,4172.057131848472,3788.38007541608,1397.9258430842915,1137.66670963785,0.0,123988.21999996035,1.4551915228366852e-11,1.1736530477146542e-16,True,1e-06,PASS
PPO,test_055_f90330578051,1694234878.0,206598.34899701824,8195.616556179039,185443.8511014602,7486.641806407527,3266.211257995226,1125.546177538731,1080.482097437421,0.0,206598.34899701815,8.731149137020111e-11,4.2261466170507125e-16,True,1e-06,PASS
PPO,test_055_f90330578051,1635820214.0,160899.5937335006,8810.61257299462,140511.31854143593,5618.543741239301,3581.848657969296,1276.6187094615746,1100.6515103998995,0.0,160899.59373350063,2.9103830456733704e-11,1.8088193873838258e-16,True,1e-06,PASS
PPO,test_055_f90330578051,456241246.0,189327.43920781324,8526.522610489868,168455.12470329847,6774.372180682425,3455.233010844085,1194.4860311060363,921.7006713923812,0.0,189327.43920781327,2.9103830456733704e-11,1.5372219990145324e-16,True,1e-06,PASS
Vanilla SAC,test_055_f90330578051,3760190062.0,299730.22826038185,7318.713271124953,276772.2446217605,11833.594691522148,2943.081193217165,859.4349927157215,3.1594900414310705,0.0,299730.2282603819,5.820766091346741e-11,1.9420016876943492e-16,True,1e-06,PASS
Vanilla SAC,test_055_f90330578051,3890281123.0,299747.2026469214,7318.405492831171,276789.69091094,11834.440571056666,2942.8672415078668,859.4287758683272,2.3696547175570117,0.0,299747.2026469216,2.3283064365386963e-10,7.767566856266071e-16,True,1e-06,PASS
Vanilla SAC,test_055_f90330578051,4226533458.0,299728.3934772008,7318.407329253328,276770.0825409437,11833.519923015034,2942.8738958136305,859.4165383512518,4.093249823882432,0.0,299728.3934772009,5.820766091346741e-11,1.9420135756305997e-16,True,1e-06,PASS
Constrained SAC,test_055_f90330578051,301721597.0,299759.47112435225,7319.389495498309,276798.516743207,11834.797132782232,2943.564115564668,859.4884220552879,3.715215244747164,0.0,299759.47112435225,0.0,0.0,True,1e-06,PASS
Constrained SAC,test_055_f90330578051,554911178.0,299750.6419619593,7318.763267110793,276791.5600411394,11834.490357190993,2943.0780732900234,859.4576336048208,3.292589623196787,0.0,299750.64196195925,5.820766091346741e-11,1.9418694329553567e-16,True,1e-06,PASS
Constrained SAC,test_055_f90330578051,1600960620.0,299760.96236339456,7318.902366574182,276802.065570946,11834.977838342167,2943.177875724276,859.4713023817694,2.3674094262156595,0.0,299760.9623633946,5.820766091346741e-11,1.941802576777938e-16,True,1e-06,PASS
Model-guided constrained SAC,test_055_f90330578051,301721597.0,122783.16944945112,9288.037536564292,103166.40230513184,4129.019355712987,3818.0427572413846,1419.4912556337977,962.1762391668532,0.0,122783.16944945116,4.3655745685100555e-11,3.5555154571142824e-16,True,1e-06,PASS
Model-guided constrained SAC,test_055_f90330578051,554911178.0,125814.86853230496,9245.891400454142,106193.74214907024,4240.9839281948425,3789.573319847635,1411.828043234692,932.849691503432,0.0,125814.86853230499,2.9103830456733704e-11,2.313226631815844e-16,True,1e-06,PASS
Model-guided constrained SAC,test_055_f90330578051,1600960620.0,124465.80596536434,9237.611338231529,104940.0812260998,4193.744794344188,3783.044436114659,1409.241440570706,902.0827300034896,0.0,124465.80596536439,4.3655745685100555e-11,3.5074489211317073e-16,True,1e-06,PASS
Passive,test_056_b2c64046cef9,,276983.3572360098,6350.181996266179,256604.8958375636,10971.604585082268,2293.1770624604364,763.4977546373642,0.0,0.0,276983.3572360099,1.1641532182693481e-10,4.2029717232339185e-16,True,1e-06,PASS
Reactive,test_056_b2c64046cef9,,94464.71399302852,7653.781305695534,79182.2297378851,3172.3779654307123,2624.266007854485,1243.5525997882476,588.5063763744533,0.0,94464.71399302855,2.9103830456733704e-11,3.080920824984614e-16,True,1e-06,PASS
Projected stochastic MPC,test_056_b2c64046cef9,,102698.87573367602,9030.575184466914,85159.38979152574,3433.154322963205,3732.827246369599,1342.9291883506028,0.0,0.0,102698.87573367608,5.820766091346741e-11,5.667799233208209e-16,True,1e-06,PASS
Behaviour cloning,test_056_b2c64046cef9,1409200687.0,108229.70136775014,8250.830628222848,90777.22370244308,3620.5727688104025,3108.8630921400904,1266.2492744085694,1205.9619017251628,0.0,108229.70136775017,2.9103830456733704e-11,2.689079807939482e-16,True,1e-06,PASS
Behaviour cloning,test_056_b2c64046cef9,3018804584.0,111244.18708539552,8233.888014067456,93744.99279967732,3730.649408987348,3100.7266333685075,1261.7975500075029,1172.1326792873722,0.0,111244.1870853955,1.4551915228366852e-11,1.308105673620161e-16,True,1e-06,PASS
Behaviour cloning,test_056_b2c64046cef9,959653586.0,110000.64404108976,8220.039535562202,92602.03996626475,3688.4136089687463,3090.806008170837,1258.7426576227738,1140.6022645004316,0.0,110000.64404108975,1.4551915228366852e-11,1.3228936389618876e-16,True,1e-06,PASS
PPO,test_056_b2c64046cef9,1694234878.0,187341.54645863804,7228.317288382514,168648.74997561102,6783.439274597215,2587.95449908546,1006.2053903594726,1086.880030602361,0.0,187341.54645863804,0.0,0.0,True,1e-06,PASS
PPO,test_056_b2c64046cef9,1635820214.0,144930.30785521283,7808.718115854487,126936.57047726882,5056.701673117561,2880.5873237092906,1144.6868188705932,1103.0434463920733,0.0,144930.30785521286,2.9103830456733704e-11,2.0081258977113876e-16,True,1e-06,PASS
PPO,test_056_b2c64046cef9,456241246.0,171102.7111490823,7540.269924253943,152684.857060091,6116.78698317409,2756.3875611063027,1071.0090478892107,933.4005725677752,0.0,171102.71114908232,2.9103830456733704e-11,1.7009567096441535e-16,True,1e-06,PASS
Vanilla SAC,test_056_b2c64046cef9,3760190062.0,276929.533214846,6351.028346465497,256549.39258138635,10968.894169469882,2293.502816986976,763.5295490531898,3.1857514840983585,0.0,276929.53321484604,5.820766091346741e-11,2.1018943063869268e-16,True,1e-06,PASS
Vanilla SAC,test_056_b2c64046cef9,3890281123.0,276948.4743242572,6350.7858420865705,256568.56315925327,10969.824887051633,2293.382742366546,763.5234597691918,2.394233729942494,0.0,276948.4743242572,0.0,0.0,True,1e-06,PASS
Vanilla SAC,test_056_b2c64046cef9,4226533458.0,276929.6417963987,6350.740016496996,256549.02537094636,10968.897514709148,2293.3388225435465,763.5189161181949,4.121155584419422,0.0,276929.6417963987,0.0,0.0,True,1e-06,PASS
Constrained SAC,test_056_b2c64046cef9,301721597.0,276961.98119216744,6351.66263901508,256578.9638714613,10970.25478987282,2293.8140247618253,763.5776486926518,3.7082183637283497,0.0,276961.98119216744,0.0,0.0,True,1e-06,PASS
Constrained SAC,test_056_b2c64046cef9,554911178.0,276951.3559293918,6351.070370660968,256570.0917847696,10969.857140580543,2293.473951969668,763.548616796109,3.3140646150103947,0.0,276951.35592939187,5.820766091346741e-11,2.1017286851019185e-16,True,1e-06,PASS
Constrained SAC,test_056_b2c64046cef9,1600960620.0,276963.27819429355,6351.221862382763,256582.13179916423,10970.417524305009,2293.565418805013,763.5607619999212,2.3808276365049723,0.0,276963.27819429344,1.1641532182693481e-10,4.2032764266051135e-16,True,1e-06,PASS
Model-guided constrained SAC,test_056_b2c64046cef9,301721597.0,108561.88949963088,8292.396349437053,91185.15330670994,3634.877195014858,3148.8717635090047,1274.2573725614054,1026.3335123986324,0.0,108561.88949963088,0.0,0.0,True,1e-06,PASS
Model-guided constrained SAC,test_056_b2c64046cef9,554911178.0,111486.40352533224,8265.051178332224,94085.40433631976,3741.376293879783,3133.2425186394503,1267.8255424704723,993.5036556905512,0.0,111486.40352533225,1.4551915228366852e-11,1.3052636705659204e-16,True,1e-06,PASS
Model-guided constrained SAC,test_056_b2c64046cef9,1600960620.0,110200.86669450023,8252.713837282734,92895.85316580551,3697.72601357158,3126.025267370428,1264.540711527988,964.0076989419492,0.0,110200.86669450018,5.820766091346741e-11,5.281960356521621e-16,True,1e-06,PASS
Passive,test_057_bf11b8e004e2,,280344.346470064,6322.505760604383,259770.19316982556,11106.94264696551,2374.451003114387,770.2538895541514,0.0,0.0,280344.346470064,0.0,0.0,True,1e-06,PASS
Reactive,test_057_bf11b8e004e2,,98130.03658187194,7599.140405555388,82793.47853359967,3328.4546751150306,2585.737947770748,1265.6842926426916,557.540727188392,0.0,98130.03658187191,2.9103830456733704e-11,2.965843229096503e-16,True,1e-06,PASS
Projected stochastic MPC,test_057_bf11b8e004e2,,106608.49310336432,8955.706822284112,89043.0530843358,3602.9973570432153,3661.112727628607,1345.6231120725547,0.0,0.0,106608.4931033643,2.9103830456733704e-11,2.729972970213126e-16,True,1e-06,PASS
Behaviour cloning,test_057_bf11b8e004e2,1409200687.0,111395.8666076205,8180.221039220274,93886.7457698358,3753.750348952313,3093.948736998946,1272.2866522375796,1208.9140603755782,0.0,111395.8666076205,0.0,0.0,True,1e-06,PASS
Behaviour cloning,test_057_bf11b8e004e2,3018804584.0,114280.86870309798,8164.830180360791,96727.13119077148,3859.2279324013607,3086.881653996681,1268.3943857363752,1174.4033598313208,0.0,114280.86870309802,4.3655745685100555e-11,3.820039712729023e-16,True,1e-06,PASS
Behaviour cloning,test_057_bf11b8e004e2,959653586.0,113148.93632591415,8147.846798489462,95692.76969284384,3820.7622522564825,3079.203861072341,1265.2037146149844,1143.1500066370322,0.0,113148.93632591414,1.4551915228366852e-11,1.2860850221739177e-16,True,1e-06,PASS
PPO,test_057_bf11b8e004e2,1694234878.0,190695.99634844743,7156.546761309737,171866.6519316541,6948.551396628447,2617.338516590632,1013.2521328644752,1093.655609399965,0.0,190695.9963484473,1.1641532182693481e-10,6.104759620344417e-16,True,1e-06,PASS
PPO,test_057_bf11b8e004e2,1635820214.0,149990.4264543897,7713.639198741918,131862.47243896817,5281.16661160402,2878.0721529959856,1146.0536302521518,1109.0224218274589,0.0,149990.4264543897,0.0,0.0,True,1e-06,PASS
PPO,test_057_bf11b8e004e2,456241246.0,175081.90229008638,7453.282711715019,156541.1192678827,6305.936457074903,2758.611717383737,1074.5030629584317,948.4490730717192,0.0,175081.9022900865,1.1641532182693481e-10,6.6491921954361e-16,True,1e-06,PASS
Vanilla SAC,test_057_bf11b8e004e2,3760190062.0,280286.6786469661,6322.930379718652,259711.2740971004,11103.967398559304,2374.5109415919146,770.2753237793587,3.7205062165385465,0.0,280286.6786469662,5.820766091346741e-11,2.076718779303194e-16,True,1e-06,PASS
Vanilla SAC,test_057_bf11b8e004e2,3890281123.0,280306.719711351,6322.836242597898,259731.3736586889,11104.974490495364,2374.472505351028,770.273255316002,2.789558901804926,0.0,280306.719711351,0.0,0.0,True,1e-06,PASS
Vanilla SAC,test_057_bf11b8e004e2,4226533458.0,280284.08333701576,6322.584519869393,259708.30457027684,11103.86746048655,2374.326376466712,770.2573623759812,4.743047540314628,0.0,280284.08333701576,0.0,0.0,True,1e-06,PASS
Constrained SAC,test_057_bf11b8e004e2,301721597.0,280320.4593051181,6323.691181138168,259741.93684100316,11105.40334110976,2374.8763623915947,770.3275937681769,4.223985707265878,0.0,280320.45930511813,5.820766091346741e-11,2.0764685195564195e-16,True,1e-06,PASS
Constrained SAC,test_057_bf11b8e004e2,554911178.0,280307.00834008073,6323.069207606604,259730.38392452567,11104.887033945255,2374.5567992755377,770.2910550476299,3.820319679933296,0.0,280307.0083400806,1.1641532182693481e-10,4.1531363242154347e-16,True,1e-06,PASS
Constrained SAC,test_057_bf11b8e004e2,1600960620.0,280322.06463348214,6323.324129604496,259745.43788635288,11105.588521846068,2374.626708476316,770.3122622899764,2.775124912370953,0.0,280322.06463348214,0.0,0.0,True,1e-06,PASS
Model-guided constrained SAC,test_057_bf11b8e004e2,301721597.0,112126.97746407655,8236.132521776599,94711.5622575642,3782.039957059211,3138.79262424537,1290.2410799943027,968.2090234368764,0.0,112126.97746407657,1.4551915228366852e-11,1.2978067863310613e-16,True,1e-06,PASS
Model-guided constrained SAC,test_057_bf11b8e004e2,554911178.0,114907.58471356484,8195.113696216442,97496.9978265015,3884.05764013892,3111.622893507009,1283.2450872649365,936.5475699360668,0.0,114907.58471356488,4.3655745685100555e-11,3.799204882247168e-16,True,1e-06,PASS
Model-guided constrained SAC,test_057_bf11b8e004e2,1600960620.0,113737.10768873814,8188.289221496645,96408.13967579356,3843.854993703787,3108.254104147111,1281.0311575699247,907.538536027176,0.0,113737.10768873821,7.275957614183426e-11,6.397171303226192e-16,True,1e-06,PASS
Passive,test_058_fbcfbffca03e,,302789.70939437614,7327.690431303679,279688.0283364211,11958.56604978209,2947.151515338647,868.2730615306012,0.0,0.0,302789.70939437614,0.0,0.0,True,1e-06,PASS
Reactive,test_058_fbcfbffca03e,,105863.75015365588,8548.869158048714,88518.69039779465,3549.6283251400514,3202.256345919494,1398.0899828033691,646.2159439495879,0.0,105863.75015365586,2.9103830456733704e-11,2.749178110022644e-16,True,1e-06,PASS
Projected stochastic MPC,test_058_fbcfbffca03e,,116616.2919742696,10102.959834094396,96629.9973819705,3897.123102383609,4486.29606406763,1499.9155917534645,0.0,0.0,116616.29197426961,1.4551915228366852e-11,1.247845818282201e-16,True,1e-06,PASS
Behaviour cloning,test_058_fbcfbffca03e,1409200687.0,119929.51950741975,9305.084194140158,100167.3145422473,3997.729712425848,3826.319802253499,1432.408786179366,1200.6624701736098,0.0,119929.51950741978,2.9103830456733704e-11,2.4267445226388254e-16,True,1e-06,PASS
Behaviour cloning,test_058_fbcfbffca03e,3018804584.0,122623.3454423811,9293.619217840973,102813.58105208613,4094.717698892021,3822.0875740151737,1429.0866976379923,1170.25320190883,0.0,122623.3454423811,0.0,0.0,True,1e-06,PASS
Behaviour cloning,test_058_fbcfbffca03e,959653586.0,121413.98473791426,9280.88308559712,101705.27650399352,4052.825810244752,3812.332204865909,1426.0757283256912,1136.5914048872337,0.0,121413.98473791423,2.9103830456733704e-11,2.397073987774769e-16,True,1e-06,PASS
PPO,test_058_fbcfbffca03e,1694234878.0,205943.5345581088,8228.070441484995,184750.7149197853,7452.144367044087,3285.878841447201,1147.4895189535457,1079.2364693936308,0.0,205943.53455810877,2.9103830456733704e-11,1.4131946661584464e-16,True,1e-06,PASS
PPO,test_058_fbcfbffca03e,1635820214.0,159129.26191257124,8855.253817221615,138736.2446963847,5531.348062886031,3604.595238799764,1302.2569589370698,1099.5631383420116,0.0,159129.2619125712,2.9103830456733704e-11,1.8289427165648466e-16,True,1e-06,PASS
PPO,test_058_fbcfbffca03e,456241246.0,187858.45785870685,8569.484746449267,166968.77045300204,6703.340533136157,3478.963454448163,1219.007164187074,918.8915074841312,0.0,187858.45785870682,2.9103830456733704e-11,1.5492424875873004e-16,True,1e-06,PASS
Vanilla SAC,test_058_fbcfbffca03e,3760190062.0,302741.1172129716,7328.520701493277,279637.222536072,11956.0910389517,2947.799006272192,868.2941192707507,3.1898109117474758,0.0,302741.1172129717,5.820766091346741e-11,1.9226876563489596e-16,True,1e-06,PASS
Vanilla SAC,test_058_fbcfbffca03e,3890281123.0,302758.4042829236,7328.29620308461,279654.87216757325,11956.946072844312,2947.608680700286,868.2918683994301,2.38929032166214,0.0,302758.40428292356,5.820766091346741e-11,1.9225778736458507e-16,True,1e-06,PASS
Vanilla SAC,test_058_fbcfbffca03e,4226533458.0,302742.07881195704,7328.310597824961,279637.5871579836,11956.124939173766,2947.651432613749,868.2844942392438,4.120190121864092,0.0,302742.0788119572,1.7462298274040222e-10,5.768044647961417e-16,True,1e-06,PASS
Constrained SAC,test_058_fbcfbffca03e,301721597.0,302770.27671929303,7329.259799779475,279663.22479134885,11957.28196271236,2948.4220544998702,868.3483477371359,3.7397632154336256,0.0,302770.2767192931,5.820766091346741e-11,1.9225024841997087e-16,True,1e-06,PASS
Constrained SAC,test_058_fbcfbffca03e,554911178.0,302761.3228288513,7328.656936722685,279656.17334235064,11956.971335849988,2947.8954068179355,868.3175560868256,3.3082510231071907,0.0,302761.32282885123,5.820766091346741e-11,1.922559340460134e-16,True,1e-06,PASS
Constrained SAC,test_058_fbcfbffca03e,1600960620.0,302771.49610526604,7328.791086765917,279666.53559684986,11957.452420613345,2948.002073619802,868.3319448373393,2.382982579815806,0.0,302771.4961052661,5.820766091346741e-11,1.92249474148749e-16,True,1e-06,PASS
Model-guided constrained SAC,test_058_fbcfbffca03e,301721597.0,120546.027650309,9337.120225339151,100934.6787348499,4023.493602439531,3843.766936754232,1446.2395137439416,960.7286371822628,0.0,120546.02765030901,1.4551915228366852e-11,1.207166715653243e-16,True,1e-06,PASS
Model-guided constrained SAC,test_058_fbcfbffca03e,554911178.0,123150.760029145,9299.3259779582,103544.88239565377,4117.483989153978,3816.852553894415,1439.9594565102989,932.2556559743308,0.0,123150.76002914498,2.9103830456733704e-11,2.3632684402309784e-16,True,1e-06,PASS
Model-guided constrained SAC,test_058_fbcfbffca03e,1600960620.0,121885.35959973648,9291.437491519346,102370.84832267468,4073.667042739235,3811.2825403122856,1437.1035974980791,901.0206049928522,0.0,121885.35959973648,0.0,0.0,True,1e-06,PASS
Passive,test_059_d22925a9593f,,279715.17512176343,6348.02869435088,259138.4672288664,11079.932056454469,2381.2545990317994,767.4925430597941,0.0,0.0,279715.1751217634,5.820766091346741e-11,2.0809618530038245e-16,True,1e-06,PASS
Reactive,test_059_d22925a9593f,,98031.13610511356,7651.91811354133,82622.57186534871,3323.141282975882,2621.480777862886,1258.4299465443794,553.5941188403568,0.0,98031.13610511353,2.9103830456733704e-11,2.9688353734396406e-16,True,1e-06,PASS
Projected stochastic MPC,test_059_d22925a9593f,,106027.56304284204,8993.150815291034,88412.42520674938,3577.535766292709,3700.940838508469,1343.5104160004787,0.0,0.0,106027.56304284208,4.3655745685100555e-11,4.117395932929326e-16,True,1e-06,PASS
Behaviour cloning,test_059_d22925a9593f,1409200687.0,111390.96209335876,8207.881637944043,93830.00872044243,3755.204966852373,3121.344192737271,1268.3307256620456,1208.1918497205738,0.0,111390.96209335874,1.4551915228366852e-11,1.306382039879558e-16,True,1e-06,PASS
Behaviour cloning,test_059_d22925a9593f,3018804584.0,114411.36200294286,8192.042050939986,96800.48541350744,3866.072148988032,3113.9794072164696,1264.2313574599495,1174.551624830978,0.0,114411.36200294286,0.0,0.0,True,1e-06,PASS
Behaviour cloning,test_059_d22925a9593f,959653586.0,113169.56587994086,8175.054513660961,95659.06393534032,3823.4479513692377,3107.884710182177,1261.0617906788805,1143.0529787092232,0.0,113169.5658799408,5.820766091346741e-11,5.143402332674728e-16,True,1e-06,PASS
PPO,test_059_d22925a9593f,1694234878.0,190190.86007427945,7186.874821749405,171338.0300044116,6923.387839272999,2639.2518745899006,1010.185913080879,1093.129621174542,0.0,190190.8600742793,1.4551915228366852e-10,7.651216900056906e-16,True,1e-06,PASS
PPO,test_059_d22925a9593f,1635820214.0,149510.42142877553,7745.638588017385,131341.4574684485,5262.685395413262,2908.917703547904,1143.1807725765395,1108.541500771935,0.0,149510.4214287755,2.9103830456733704e-11,1.946608816870891e-16,True,1e-06,PASS
PPO,test_059_d22925a9593f,456241246.0,174421.50131543545,7487.147443034604,155851.37962433777,6276.806209276702,2788.119287195656,1072.4715771715712,945.577174419074,0.0,174421.50131543537,8.731149137020111e-11,5.005775704928786e-16,True,1e-06,PASS
Vanilla SAC,test_059_d22925a9593f,3760190062.0,279659.2886317689,6348.760976300571,259080.73868763613,11077.035728227806,2381.625707637417,767.5153801326877,3.612151834176769,0.0,279659.2886317688,1.1641532182693481e-10,4.1627554155807217e-16,True,1e-06,PASS
Vanilla SAC,test_059_d22925a9593f,3890281123.0,279678.32157967566,6348.5591439535365,259100.0594619643,11078.00080893038,2381.4782659762814,767.5117431531302,2.7121556980804,0.0,279678.3215796758,1.1641532182693481e-10,4.162472127599995e-16,True,1e-06,PASS
Vanilla SAC,test_059_d22925a9593f,4226533458.0,279656.21035984915,6348.434462723318,259077.28395789856,11076.912220571854,2381.451098837179,767.4966461378306,4.6319736803586,0.0,279656.2103598491,5.820766091346741e-11,2.0814006182293745e-16,True,1e-06,PASS
Constrained SAC,test_059_d22925a9593f,301721597.0,279691.7938815895,6349.495714267575,259110.2024163853,11078.4123097701,2381.9717542722933,767.5664824407006,4.145204453570866,0.0,279691.79388158955,5.820766091346741e-11,2.081135814020709e-16,True,1e-06,PASS
Constrained SAC,test_059_d22925a9593f,554911178.0,279678.0650559433,6348.809713166591,259098.51161833663,11077.89175842552,2381.5925696221952,767.5284260501469,3.7309703421943423,0.0,279678.06505594327,5.820766091346741e-11,2.0812379727321223e-16,True,1e-06,PASS
Constrained SAC,test_059_d22925a9593f,1600960620.0,279693.0500036107,6349.035410974527,259113.5421332592,11078.59024185209,2381.634313761372,767.5496172474659,2.698286516054533,0.0,279693.0500036108,5.820766091346741e-11,2.0811264674869815e-16,True,1e-06,PASS
Model-guided constrained SAC,test_059_d22925a9593f,301721597.0,112037.77944308348,8240.927444252307,94613.6244417155,3781.8552768496743,3150.933917217096,1282.4045501904875,968.0338128584218,0.0,112037.77944308349,1.4551915228366852e-11,1.2988400252755274e-16,True,1e-06,PASS
Model-guided constrained SAC,test_059_d22925a9593f,554911178.0,114965.4992056766,8200.41803781746,97538.44703082136,3889.8078643277886,3125.247396664031,1275.4595496407794,936.1193264051456,0.0,114965.49920567656,4.3655745685100555e-11,3.7972910122365636e-16,True,1e-06,PASS
Model-guided constrained SAC,test_059_d22925a9593f,1600960620.0,113659.22339781716,8190.869703573234,96320.67076912786,3844.7509353947694,3123.090017505995,1272.7068996566852,907.135072558575,0.0,113659.22339781711,4.3655745685100555e-11,3.8409329555509676e-16,True,1e-06,PASS
Passive,test_060_b3feb9e274c2,,289293.46490627155,6805.240162514194,267647.0247676849,11443.73093170546,2581.8828985360637,815.5861458309101,0.0,0.0,289293.46490627155,0.0,0.0,True,1e-06,PASS
Reactive,test_060_b3feb9e274c2,,102005.56199729202,8088.444040969529,85627.34057144853,3440.3736928084186,2918.6139552692875,1320.6181912217353,610.171545574527,0.0,102005.56199729202,0.0,0.0,True,1e-06,PASS
Projected stochastic MPC,test_060_b3feb9e274c2,,111006.23804041967,9492.209498323744,92317.7897501264,3729.471980584387,4050.297268291185,1416.4695430939769,0.0,0.0,111006.23804041969,1.4551915228366852e-11,1.3109096826674009e-16,True,1e-06,PASS
Behaviour cloning,test_060_b3feb9e274c2,1409200687.0,115848.94883898112,8717.705577166396,97255.02408552816,3888.305027081893,3440.703828117508,1342.383599952153,1204.8267211349785,0.0,115848.94883898109,2.9103830456733704e-11,2.512222229757581e-16,True,1e-06,PASS
Behaviour cloning,test_060_b3feb9e274c2,3018804584.0,119150.17047224668,8699.968837756627,100496.93781327992,4010.1885515554704,3434.122464825751,1336.6879617216996,1172.2648431071748,0.0,119150.17047224665,2.9103830456733704e-11,2.4426176094739856e-16,True,1e-06,PASS
Behaviour cloning,test_060_b3feb9e274c2,959653586.0,117839.61255936428,8688.483017411068,99287.58427543548,3964.288404120223,3425.1807230862687,1334.4410432280586,1139.6350960832362,0.0,117839.61255936434,5.820766091346741e-11,4.93956655569824e-16,True,1e-06,PASS
PPO,test_060_b3feb9e274c2,1694234878.0,197629.79820187856,7674.2970704825775,177722.38360368632,7165.1092632882965,2908.5412742589083,1072.774005513466,1086.6929846489384,0.0,197629.7982018785,5.820766091346741e-11,2.945287676406387e-16,True,1e-06,PASS
PPO,test_060_b3feb9e274c2,1635820214.0,153681.90502589423,8273.881699893453,134501.18224184177,5369.462710160498,3218.037481445132,1216.9489387166109,1102.3919538367652,0.0,153681.90502589423,0.0,0.0,True,1e-06,PASS
PPO,test_060_b3feb9e274c2,456241246.0,180785.8815425311,7996.166461769403,161157.1726976547,6471.085439071421,3090.3295734540184,1139.5230861337066,931.6042844478648,0.0,180785.88154253107,2.9103830456733704e-11,1.6098508472237547e-16,True,1e-06,PASS
Vanilla SAC,test_060_b3feb9e274c2,3760190062.0,289239.2681277361,6805.884866347046,267591.07085688825,11440.982468106631,2582.285423691736,815.6058243069144,3.4386883955765044,0.0,289239.26812773617,5.820766091346741e-11,2.0124397800564647e-16,True,1e-06,PASS
Vanilla SAC,test_060_b3feb9e274c2,3890281123.0,289258.4853899596,6805.711564726658,267610.54453105555,11441.931818527011,2582.121527592474,815.604748223329,2.5711998345071185,0.0,289258.48538995953,5.820766091346741e-11,2.0123060810124758e-16,True,1e-06,PASS
Vanilla SAC,test_060_b3feb9e274c2,4226533458.0,289241.25252454827,6805.648141597214,267592.4327884624,11441.062470876075,2582.112723444493,815.5992605446687,4.397139623466355,0.0,289241.2525245483,5.820766091346741e-11,2.0124259733153813e-16,True,1e-06,PASS
Constrained SAC,test_060_b3feb9e274c2,301721597.0,289271.72729137004,6806.5587005856805,267620.58181290893,11442.340747119286,2582.6300728537003,815.6613610502948,3.9545968521670094,0.0,289271.72729137004,0.0,0.0,True,1e-06,PASS
Constrained SAC,test_060_b3feb9e274c2,554911178.0,289262.595471249,6806.041790773838,267613.0980429553,11442.006249766528,2582.2766467534184,815.6341985959245,3.5385424040896387,0.0,289262.5954712491,5.820766091346741e-11,2.0122774885096715e-16,True,1e-06,PASS
Constrained SAC,test_060_b3feb9e274c2,1600960620.0,289272.8868314373,6806.171567282942,267623.6712968838,11442.502263192358,2582.330136444574,815.646219768994,2.5653478646874195,0.0,289272.88683143735,5.820766091346741e-11,2.0122058984181844e-16,True,1e-06,PASS
Model-guided constrained SAC,test_060_b3feb9e274c2,301721597.0,116429.5464579022,8756.469342586863,97966.2311453405,3912.9246364331016,3473.2916111476434,1355.9973745407858,964.6323478533236,0.0,116429.54645790222,2.9103830456733704e-11,2.499694565696592e-16,True,1e-06,PASS
Model-guided constrained SAC,test_060_b3feb9e274c2,554911178.0,119622.92555548932,8716.844359201785,101144.76717326524,4031.350425199458,3447.581252972725,1347.779749568792,934.6025952812575,0.0,119622.92555548927,4.3655745685100555e-11,3.64944641525675e-16,True,1e-06,PASS
Model-guided constrained SAC,test_060_b3feb9e274c2,1600960620.0,118240.34018702546,8705.91646424747,99861.54957360598,3983.037452890881,3440.602208987136,1345.1988016041828,904.0356856897596,0.0,118240.34018702542,4.3655745685100555e-11,3.6921194252357973e-16,True,1e-06,PASS
Passive,test_061_627abde70c26,,288723.48384931544,6688.910168631145,267219.63265541714,11425.45702433878,2580.4365499891483,809.047450939157,0.0,0.0,288723.4838493153,1.1641532182693481e-10,4.0320697254987366e-16,True,1e-06,PASS
Reactive,test_061_627abde70c26,,99917.09082292928,7991.536978296635,83813.57964829427,3364.824444560465,2826.974543620397,1327.291605173839,592.8836029837025,0.0,99917.0908229293,1.4551915228366852e-11,1.4563990112717966e-16,True,1e-06,PASS
Projected stochastic MPC,test_061_627abde70c26,,108897.37390695277,9393.26947158482,90476.29966263146,3655.7852113086687,3962.840772242016,1409.1787891858205,0.0,0.0,108897.3739069528,2.9103830456733704e-11,2.67259249810757e-16,True,1e-06,PASS
Behaviour cloning,test_061_627abde70c26,1409200687.0,113781.114883093,8601.967706098872,95461.5698544888,3815.033808670926,3359.4368696558454,1336.977817276605,1206.1288269019922,0.0,113781.11488309305,4.3655745685100555e-11,3.8368182391212854e-16,True,1e-06,PASS
Behaviour cloning,test_061_627abde70c26,3018804584.0,116805.65882706366,8583.294701026236,98438.9562206068,3926.8832095628463,3351.080849468561,1332.5341197828288,1172.9097266163892,0.0,116805.65882706366,0.0,0.0,True,1e-06,PASS
Behaviour cloning,test_061_627abde70c26,959653586.0,115608.6508165336,8572.940592553268,97330.8647926794,3885.0287689924016,3349.151457688575,1329.8865936961415,1140.7786109238332,0.0,115608.65081653361,1.4551915228366852e-11,1.2587220009565004e-16,True,1e-06,PASS
PPO,test_061_627abde70c26,1694234878.0,194880.1869843897,7556.591277780201,175235.814340085,7072.153362321821,2855.647479296606,1070.6216037436504,1089.358921162544,0.0,194880.18698438982,1.1641532182693481e-10,5.973686890820764e-16,True,1e-06,PASS
PPO,test_061_627abde70c26,1635820214.0,151388.48110738868,8148.46847435513,132481.6553310497,5292.373378821387,3146.482537576698,1213.3924657365944,1106.1089198492243,0.0,151388.4811073887,2.9103830456733704e-11,1.9224600342009282e-16,True,1e-06,PASS
PPO,test_061_627abde70c26,456241246.0,178040.6571473942,7873.346924999953,158693.58797814115,6377.753059812653,3020.504845108199,1136.6609369930968,938.8034023391688,0.0,178040.65714739423,2.9103830456733704e-11,1.6346732776120662e-16,True,1e-06,PASS
Vanilla SAC,test_061_627abde70c26,3760190062.0,288669.3539936882,6689.458225302638,267164.0369708688,11422.678752326756,2580.5748830839807,809.0611596170147,3.544002489028348,0.0,288669.35399368824,5.820766091346741e-11,2.0164128996782988e-16,True,1e-06,PASS
Vanilla SAC,test_061_627abde70c26,3890281123.0,288688.1710807335,6689.316952263709,267183.0070426131,11423.62067147263,2580.509095920587,809.0614874918441,2.655830971687068,0.0,288688.17108073353,5.820766091346741e-11,2.0162814671470992e-16,True,1e-06,PASS
Vanilla SAC,test_061_627abde70c26,4226533458.0,288667.97527906054,6689.166302975224,267162.1948842556,11422.62379476452,2580.4099520378886,809.0458565736759,4.5344884536580405,0.0,288667.97527906054,0.0,0.0,True,1e-06,PASS
Constrained SAC,test_061_627abde70c26,301721597.0,288700.98855502595,6690.17622928709,267192.6724542818,11424.01217935961,2580.9541883456445,809.1174571618434,4.05604658981749,0.0,288700.98855502583,1.1641532182693481e-10,4.0323839003670833e-16,True,1e-06,PASS
Constrained SAC,test_061_627abde70c26,554911178.0,288689.1456453173,6689.571038586193,267182.6557805989,11423.56557293566,2580.6220322919985,809.0814546316061,3.6497662729496176,0.0,288689.14564531733,5.820766091346741e-11,2.0162746605298832e-16,True,1e-06,PASS
Constrained SAC,test_061_627abde70c26,1600960620.0,288702.2436959236,6689.7837536583065,267195.8344605049,11424.180619967336,2580.6999740052856,809.1011473121855,2.6437404755213008,0.0,288702.24369592353,5.820766091346741e-11,2.016183184733915e-16,True,1e-06,PASS
Model-guided constrained SAC,test_061_627abde70c26,301721597.0,114440.64586810095,8634.349483613281,96254.94928739165,3842.3734914411,3392.999050903584,1350.3104065029424,965.664148248432,0.0,114440.64586810098,2.9103830456733704e-11,2.5431375571121337e-16,True,1e-06,PASS
Model-guided constrained SAC,test_061_627abde70c26,554911178.0,117375.30765776164,8592.81552167597,99188.11238079389,3950.969993278545,3365.172100060885,1343.2439212055865,934.9937407467482,0.0,117375.30765776162,2.9103830456733704e-11,2.4795530710422947e-16,True,1e-06,PASS
Model-guided constrained SAC,test_061_627abde70c26,1600960620.0,116098.44413804736,8585.072886676491,97996.59158695387,3906.625166530005,3364.520059158094,1340.472526319542,905.1619124093528,0.0,116098.44413804737,1.4551915228366852e-11,1.2534117348776727e-16,True,1e-06,PASS
Passive,test_062_0c9ea14e9507,,292493.8770445446,6847.524618850954,270575.7237339033,11568.95281465568,2674.8771905895323,826.7986865450658,0.0,0.0,292493.87704454456,5.820766091346741e-11,1.9900471593325977e-16,True,1e-06,PASS
Reactive,test_062_0c9ea14e9507,,105608.04692534952,8139.797600282923,89043.56135292357,3586.523220069629,2908.8954329160647,1336.5526988242068,592.7166203331203,0.0,105608.04692534951,1.4551915228366852e-11,1.3779172754376445e-16,True,1e-06,PASS
Projected stochastic MPC,test_062_0c9ea14e9507,,115519.3725696468,9556.061125613644,96562.05540029364,3914.599323372138,4068.121320996972,1418.535399370366,0.0,0.0,115519.37256964676,4.3655745685100555e-11,3.779084383338426e-16,True,1e-06,PASS
Behaviour cloning,test_062_0c9ea14e9507,1409200687.0,119859.41834748932,8756.904414440309,101045.7114155013,4052.001057339731,3451.8023713722605,1347.0580771246905,1205.9410117109703,0.0,119859.41834748926,5.820766091346741e-11,4.856327664190327e-16,True,1e-06,PASS
Behaviour cloning,test_062_0c9ea14e9507,3018804584.0,122870.7914527458,8738.01953916314,104011.8849159643,4163.433933694964,3441.7179255785377,1342.9619433602688,1172.7731949845934,0.0,122870.7914527458,0.0,0.0,True,1e-06,PASS
Behaviour cloning,test_062_0c9ea14e9507,959653586.0,121702.47914911398,8727.269507216459,102932.3229369732,4122.576630244198,3440.1095648311125,1339.6214606411322,1140.579049207835,0.0,121702.47914911395,2.9103830456733704e-11,2.3913917497995014e-16,True,1e-06,PASS
PPO,test_062_0c9ea14e9507,1694234878.0,201575.1495841998,7697.637711823661,181425.3911635881,7336.853626721869,2947.714415801962,1078.447433576043,1089.1052326881688,0.0,201575.14958419977,2.9103830456733704e-11,1.4438203576565754e-16,True,1e-06,PASS
PPO,test_062_0c9ea14e9507,1635820214.0,158297.36852926374,8296.347595220957,138873.32854003963,5563.026354628721,3238.268859112864,1220.9224725338752,1105.4747077276688,0.0,158297.36852926374,0.0,0.0,True,1e-06,PASS
PPO,test_062_0c9ea14e9507,456241246.0,185273.35546062363,8016.857008946119,165400.863580737,6663.40585489961,3110.5953998164464,1143.2073840835037,938.4262321409608,0.0,185273.35546062363,0.0,0.0,True,1e-06,PASS
Vanilla SAC,test_062_0c9ea14e9507,3760190062.0,292439.9269284094,6848.043083005319,270520.45626836456,11566.194752279362,2674.928263625202,826.8112887913373,3.493272343515306,0.0,292439.9269284093,5.820766091346741e-11,1.9904142886657507e-16,True,1e-06,PASS
Vanilla SAC,test_062_0c9ea14e9507,3890281123.0,292458.6931140629,6847.914627827906,270539.3088500007,11567.129769417284,2674.90847124306,826.8118737613826,2.6195218124998254,0.0,292458.6931140628,1.1641532182693481e-10,3.9805731396580936e-16,True,1e-06,PASS
Vanilla SAC,test_062_0c9ea14e9507,4226533458.0,292438.6010978582,6847.7353691167245,270518.70208670927,11566.143150179294,2674.7476628061886,826.7961894373129,4.476639609533184,0.0,292438.60109785834,1.1641532182693481e-10,3.9808466252366923e-16,True,1e-06,PASS
Constrained SAC,test_062_0c9ea14e9507,301721597.0,292471.4601465078,6848.7872731259495,270548.8821798699,11567.5185773109,2675.39959551872,826.8684786054637,4.004042076840792,0.0,292471.4601465078,0.0,0.0,True,1e-06,PASS
Constrained SAC,test_062_0c9ea14e9507,554911178.0,292459.9379982334,6848.173440435833,270539.20296735567,11567.08595815331,2675.0397885624548,826.8325894164003,3.603254309741108,0.0,292459.9379982334,0.0,0.0,True,1e-06,PASS
Constrained SAC,test_062_0c9ea14e9507,1600960620.0,292472.6863627123,6848.393188557794,270551.99378248485,11567.6838940404,2675.1580520350617,826.8518184620409,2.6056271320863917,0.0,292472.6863627123,0.0,0.0,True,1e-06,PASS
Model-guided constrained SAC,test_062_0c9ea14e9507,301721597.0,120511.94612654338,8790.443813850816,101832.50453213388,4078.860903997344,3483.749668325203,1360.915459771808,965.4717484643828,0.0,120511.94612654344,5.820766091346741e-11,4.830032439468412e-16,True,1e-06,PASS
Model-guided constrained SAC,test_062_0c9ea14e9507,554911178.0,123441.642672782,8748.858468509727,104760.86552230024,4187.108704198589,3456.1221909313663,1353.8390739293188,934.848712912772,0.0,123441.64267278202,1.4551915228366852e-11,1.178849771704751e-16,True,1e-06,PASS
Model-guided constrained SAC,test_062_0c9ea14e9507,1600960620.0,122213.5987999473,8740.638914478024,103618.93880529652,4144.569178454053,3453.627389748473,1350.8382985544692,904.9862134157198,0.0,122213.59879994727,2.9103830456733704e-11,2.381390511572617e-16,True,1e-06,PASS
Passive,test_063_44f0f2a191ef,,273940.1099853612,6175.820967187788,253839.47407266725,10853.363972155814,2326.7022615379324,744.7487118123553,0.0,0.0,273940.10998536117,5.820766091346741e-11,2.1248316252986063e-16,True,1e-06,PASS
Reactive,test_063_44f0f2a191ef,,99872.66366478478,7453.017818519734,84711.7861756796,3420.837277052098,2521.961186707284,1224.358634021244,540.7025728048411,0.0,99872.6636647848,2.9103830456733704e-11,2.914093745854077e-16,True,1e-06,PASS
Projected stochastic MPC,test_063_44f0f2a191ef,,107731.6276648848,8742.144241341342,90463.316896261,3676.409837247892,3562.253480609877,1287.5032094247026,0.0,0.0,107731.62766488481,1.4551915228366852e-11,1.3507560912040372e-16,True,1e-06,PASS
Behaviour cloning,test_063_44f0f2a191ef,1409200687.0,112504.84690918415,7963.7557822834515,95285.60261875571,3828.314051654892,3002.2132356921807,1214.2715339227836,1210.6896868751337,0.0,112504.84690918415,0.0,0.0,True,1e-06,PASS
Behaviour cloning,test_063_44f0f2a191ef,3018804584.0,115490.76570466386,7946.85277318665,98223.0938727192,3938.4492128475167,2995.2186245285334,1210.25914420735,1176.8920771746505,0.0,115490.76570466388,1.4551915228366852e-11,1.260006818690544e-16,True,1e-06,PASS
Behaviour cloning,test_063_44f0f2a191ef,959653586.0,114400.03293386631,7932.543920390897,97222.23176815375,3901.889223039816,2991.5174024592416,1206.9277101879102,1144.922909634699,0.0,114400.03293386631,0.0,0.0,True,1e-06,PASS
PPO,test_063_44f0f2a191ef,1694234878.0,189544.5072024131,6954.272220787599,171035.8912069572,6938.099443241157,2556.382103723436,963.2710368323156,1096.5911908713883,0.0,189544.50720241308,2.9103830456733704e-11,1.5354615592027656e-16,True,1e-06,PASS
PPO,test_063_44f0f2a191ef,1635820214.0,150738.2301483488,7498.691961833239,132890.860652573,5343.629537172393,2803.380209386989,1088.9899885103634,1112.677798872823,0.0,150738.23014834878,2.9103830456733704e-11,1.9307530961516008e-16,True,1e-06,PASS
PPO,test_063_44f0f2a191ef,456241246.0,174979.33655490633,7240.253920088983,156738.18265427425,6337.688571807303,2686.146684625013,1020.5472917177004,956.517432392962,0.0,174979.33655490621,1.1641532182693481e-10,6.653089680129467e-16,True,1e-06,PASS
Vanilla SAC,test_063_44f0f2a191ef,3760190062.0,273851.12391193747,6175.682484246715,253750.66780804103,10849.220329516556,2326.7016362740374,744.6820873214357,4.169566537636312,0.0,273851.1239119374,5.820766091346741e-11,2.1255220749864547e-16,True,1e-06,PASS
Vanilla SAC,test_063_44f0f2a191ef,3890281123.0,273878.93943076994,6175.717375444733,253778.1309920992,10850.506777076638,2326.659296117018,744.7023603313147,3.22262970108436,0.0,273878.93943077,5.820766091346741e-11,2.1253062040639642e-16,True,1e-06,PASS
Vanilla SAC,test_063_44f0f2a191ef,4226533458.0,273853.49706400663,6175.322588883728,253752.2367820789,10849.30715349967,2326.443735026612,744.6785148424677,5.5082896754091655,0.0,273853.4970640068,1.7462298274040222e-10,6.376510967087936e-16,True,1e-06,PASS
Constrained SAC,test_063_44f0f2a191ef,301721597.0,273875.86330265674,6176.214669574349,253772.76171195792,10850.266273090288,2326.829932556804,744.7096415705346,5.081073906813479,0.0,273875.8633026566,1.1641532182693481e-10,4.2506601502990325e-16,True,1e-06,PASS
Constrained SAC,test_063_44f0f2a191ef,554911178.0,273876.21688143053,6175.854405286054,253774.1757983803,10850.303895455752,2326.692066903089,744.7105342328884,4.480181172357597,0.0,273876.2168814305,5.820766091346741e-11,2.1253273313128646e-16,True,1e-06,PASS
Constrained SAC,test_063_44f0f2a191ef,1600960620.0,273887.3973838124,6176.068246868097,253785.8489976816,10850.849706717336,2326.7325291214383,744.7223607559404,3.1755426680603662,0.0,273887.39738381247,5.820766091346741e-11,2.1252405722012116e-16,True,1e-06,PASS
Model-guided constrained SAC,test_063_44f0f2a191ef,301721597.0,113411.21685319248,8027.902898990381,96319.7655750964,3862.452779941733,3057.670387887019,1233.0508495050208,910.3743617719132,0.0,113411.21685319245,2.9103830456733704e-11,2.5662215135569674e-16,True,1e-06,PASS
Model-guided constrained SAC,test_063_44f0f2a191ef,554911178.0,116297.75468681147,7991.076386127989,99194.4407620542,3968.005033187047,3038.842999062209,1225.7878933870852,879.6016129929951,0.0,116297.75468681152,4.3655745685100555e-11,3.7537909311030965e-16,True,1e-06,PASS
Model-guided constrained SAC,test_063_44f0f2a191ef,1600960620.0,115175.5822390113,7985.03011574709,98145.57869491188,3930.2613051254552,3040.270790701999,1222.8546350709353,851.5866974539749,0.0,115175.58223901133,2.9103830456733704e-11,2.526909774707082e-16,True,1e-06,PASS
Passive,test_064_27d69866b791,,264702.83571743936,5687.823056381991,245818.9362018621,10510.431294015649,1984.439831677708,701.2053335018568,0.0,0.0,264702.8357174393,5.820766091346741e-11,2.1989813881556588e-16,True,1e-06,PASS
Reactive,test_064_27d69866b791,,89470.5520091331,6964.620375972959,75600.09919723988,3034.349393260259,2201.525562068016,1146.5660273083292,523.3914532836545,0.0,89470.55200913308,1.4551915228366852e-11,1.6264474624993263e-16,True,1e-06,PASS
Projected stochastic MPC,test_064_27d69866b791,,96753.87267982111,8146.486508075191,80982.20838100098,3276.0732615200964,3136.3413779848984,1212.763151240004,0.0,0.0,96753.87267982116,4.3655745685100555e-11,4.512041169614636e-16,True,1e-06,PASS
Behaviour cloning,test_064_27d69866b791,1409200687.0,102186.23046467264,7365.722607532044,86429.40161339773,3451.710440480263,2591.222721364136,1136.269651705286,1211.903430193188,0.0,102186.23046467264,0.0,0.0,True,1e-06,PASS
Behaviour cloning,test_064_27d69866b791,3018804584.0,104991.31098792824,7351.945487041993,89188.17039919786,3555.0542995824185,2587.2825440149745,1132.836814078539,1176.021444012454,0.0,104991.31098792824,0.0,0.0,True,1e-06,PASS
Behaviour cloning,test_064_27d69866b791,959653586.0,103780.16467175473,7334.346482154286,88070.36963544121,3512.8635528917825,2587.217227446084,1129.3399180694882,1146.027855751874,0.0,103780.16467175473,0.0,0.0,True,1e-06,PASS
PPO,test_064_27d69866b791,1694234878.0,176208.2714579471,6398.892804728489,159196.18160320044,6433.158300839855,2179.9253964761374,902.038385302312,1098.0749673996977,0.0,176208.27145794698,1.1641532182693481e-10,6.606688827017854e-16,True,1e-06,PASS
PPO,test_064_27d69866b791,1635820214.0,138003.26931848013,6923.492096299588,121658.32761997836,4866.611434428499,2423.5181524460404,1019.736497311264,1111.5835180164077,0.0,138003.26931848016,2.9103830456733704e-11,2.1089232596054436e-16,True,1e-06,PASS
PPO,test_064_27d69866b791,456241246.0,161516.17158315826,6677.68362990269,144786.37858367292,5827.477512478967,2312.190445465763,954.5103330260876,957.9310786117657,0.0,161516.1715831582,5.820766091346741e-11,3.6038286657567657e-16,True,1e-06,PASS
Vanilla SAC,test_064_27d69866b791,3760190062.0,264605.7290836773,5687.71408819718,245723.183890122,10505.872399607026,1984.181559353251,701.1621452943801,3.615001103400049,0.0,264605.7290836772,1.1641532182693481e-10,4.3995767676715855e-16,True,1e-06,PASS
Vanilla SAC,test_064_27d69866b791,3890281123.0,264636.641568941,5687.762700655305,245753.4257286949,10507.316151806472,1984.2426419834972,701.1764084947353,2.717937306044611,0.0,264636.64156894095,5.820766091346741e-11,2.1995314242341463e-16,True,1e-06,PASS
Vanilla SAC,test_064_27d69866b791,4226533458.0,264608.9317991731,5687.481302670579,245725.60407601285,10506.002217702577,1984.0385249325152,701.1591813021449,4.646496552448145,0.0,264608.93179917306,5.820766091346741e-11,2.199761758520099e-16,True,1e-06,PASS
Constrained SAC,test_064_27d69866b791,301721597.0,264630.23997357226,5688.284178785704,245745.1696015321,10506.94072375988,1984.515545735884,701.1812871524763,4.14863660609289,0.0,264630.23997357214,1.1641532182693481e-10,4.3991692649547845e-16,True,1e-06,PASS
Constrained SAC,test_064_27d69866b791,554911178.0,264630.2293906292,5687.855528925721,245746.23857144904,10506.96259493676,1984.2548076746737,701.1797588395109,3.738128803440232,0.0,264630.2293906291,1.1641532182693481e-10,4.3991694408838836e-16,True,1e-06,PASS
Constrained SAC,test_064_27d69866b791,1600960620.0,264644.70588339167,5688.08952472488,245760.6599943013,10507.641381705138,1984.4181782286796,701.1920588731566,2.7047455584324727,0.0,264644.70588339155,1.1641532182693481e-10,4.398928799211649e-16,True,1e-06,PASS
Model-guided constrained SAC,test_064_27d69866b791,301721597.0,102715.5227655519,7394.9372979956115,87118.98576938082,3473.802385147196,2606.040971316131,1150.4068420685298,971.349499643643,0.0,102715.52276555194,4.3655745685100555e-11,4.2501604927567534e-16,True,1e-06,PASS
Model-guided constrained SAC,test_064_27d69866b791,554911178.0,105439.27456164188,7358.738950134873,89835.99097698393,3574.273607230223,2587.929649280385,1144.1101225131072,938.2312554993836,0.0,105439.27456164191,2.9103830456733704e-11,2.7602457032952205e-16,True,1e-06,PASS
Model-guided constrained SAC,test_064_27d69866b791,1600960620.0,104195.78555333664,7347.891687489578,88677.06303964343,3531.0243271997037,2588.5398568756145,1141.0934102588008,910.1732318695164,0.0,104195.78555333665,1.4551915228366852e-11,1.396593456356053e-16,True,1e-06,PASS
Passive,test_065_930038cc16e9,,276742.5925405633,6265.438131302614,256469.06421857583,10965.796861220142,2280.3756436278563,761.9176858368608,0.0,0.0,276742.59254056326,5.820766091346741e-11,2.1033141439887202e-16,True,1e-06,PASS
Reactive,test_065_930038cc16e9,,103741.8895856734,7572.216370424502,88252.28701836293,3566.0815949345724,2562.285858546128,1225.8166406000466,563.2021028051959,0.0,103741.88958567337,2.9103830456733704e-11,2.80540778396935e-16,True,1e-06,PASS
Projected stochastic MPC,test_065_930038cc16e9,,111835.9841261625,8866.323998930222,94226.40725337704,3829.7617705801754,3607.840695596748,1305.6504076783312,0.0,0.0,111835.98412616253,2.9103830456733704e-11,2.6023672688301814e-16,True,1e-06,PASS
Behaviour cloning,test_065_930038cc16e9,1409200687.0,116683.01285632356,8100.361007525633,99148.03412400773,3984.0232578924174,3007.596126388344,1233.559199878301,1209.4391406311645,0.0,116683.01285632359,2.9103830456733704e-11,2.4942645672485683e-16,True,1e-06,PASS
Behaviour cloning,test_065_930038cc16e9,3018804584.0,119724.59598489475,8070.415865721698,102165.1642251078,4096.719519850619,2989.403449736179,1227.7285873978217,1175.1643370806685,0.0,119724.5959848948,4.3655745685100555e-11,3.646347296140256e-16,True,1e-06,PASS
Behaviour cloning,test_065_930038cc16e9,959653586.0,118508.27289990922,8056.052043033249,101043.73146571996,4054.821930100263,2985.2993832747,1224.5013877171507,1143.8666900638914,0.0,118508.27289990922,0.0,0.0,True,1e-06,PASS
PPO,test_065_930038cc16e9,1694234878.0,194328.1635000776,7074.2111731943805,175544.8474225413,7109.722119238709,2524.323312301195,980.0520855803912,1095.0073872215637,0.0,194328.16350007753,5.820766091346741e-11,2.99532810196316e-16,True,1e-06,PASS
PPO,test_065_930038cc16e9,1635820214.0,154773.8874193219,7648.34579165852,136616.39534439714,5487.095820640689,2803.492801258301,1109.7552204998265,1108.802440867399,0.0,154773.8874193219,0.0,0.0,True,1e-06,PASS
PPO,test_065_930038cc16e9,456241246.0,179440.94680485522,7388.173674385986,160888.95734264102,6494.509531991208,2678.968022548421,1041.1037775312595,949.234455757358,0.0,179440.94680485528,5.820766091346741e-11,3.243833804375159e-16,True,1e-06,PASS
Vanilla SAC,test_065_930038cc16e9,3760190062.0,276689.0098671476,6266.256318212759,256413.6330183183,10962.99373706914,2280.545617737464,761.9622297173564,3.618946092635829,0.0,276689.0098671476,0.0,0.0,True,1e-06,PASS
Vanilla SAC,test_065_930038cc16e9,3890281123.0,276708.031250182,6266.044854870226,256432.88378767812,10963.95734420335,2280.477755629238,761.9533383566178,2.7141694443641597,0.0,276708.0312501819,1.1641532182693481e-10,4.207153702802337e-16,True,1e-06,PASS
Vanilla SAC,test_065_930038cc16e9,4226533458.0,276688.04549672524,6265.936296989562,256412.2339067015,10962.958630363142,2280.343495621876,761.9484550433809,4.624712005772236,0.0,276688.04549672524,0.0,0.0,True,1e-06,PASS
Constrained SAC,test_065_930038cc16e9,301721597.0,276721.3750846056,6266.889973817819,256443.16716736127,10964.377063637436,2280.8090569778847,762.0063847459418,4.125438065181882,0.0,276721.37508460553,5.820766091346741e-11,2.103475414418956e-16,True,1e-06,PASS
Constrained SAC,test_065_930038cc16e9,554911178.0,276709.4681385533,6266.290917899212,256433.0360529156,10963.92107408974,2280.520450455762,761.9750129062832,3.724630286647118,0.0,276709.46813855326,5.820766091346741e-11,2.1035659280123297e-16,True,1e-06,PASS
Constrained SAC,test_065_930038cc16e9,1600960620.0,276722.48161176784,6266.481422582064,256446.16325786125,10964.538845001476,2280.608577650428,761.9884337657548,2.7010749068130853,0.0,276722.48161176784,0.0,0.0,True,1e-06,PASS
Model-guided constrained SAC,test_065_930038cc16e9,301721597.0,117227.95193828076,8139.1722689398275,99814.33479474712,4006.563135027081,3052.615388012942,1246.1832895328791,969.0830620209388,0.0,117227.9519382808,4.3655745685100555e-11,3.7240048097133716e-16,True,1e-06,PASS
Model-guided constrained SAC,test_065_930038cc16e9,554911178.0,120237.35931855584,8099.723978987528,102817.56184345543,4117.3752532046365,3026.6705181225616,1238.741374104723,937.2863506809916,0.0,120237.35931855587,2.9103830456733704e-11,2.420531407349546e-16,True,1e-06,PASS
Model-guided constrained SAC,test_065_930038cc16e9,1600960620.0,118970.19727495524,8087.595099080932,101642.81600375456,4074.088260863884,3021.836931826845,1235.6787601866542,908.1822192424032,0.0,118970.19727495527,2.9103830456733704e-11,2.4463127004379974e-16,True,1e-06,PASS
Passive,test_066_28fb87ba4913,,301106.5096827768,7432.587119121688,277875.95744377736,11881.087636143586,3054.843996176255,862.0334875579221,0.0,0.0,301106.5096827768,0.0,0.0,True,1e-06,PASS
Reactive,test_066_28fb87ba4913,,106165.67995936643,8629.56416567845,88626.63606566661,3562.629551014717,3292.161009428505,1411.9925945196617,642.6965730584756,0.0,106165.6799593664,2.9103830456733704e-11,2.7413595870033356e-16,True,1e-06,PASS
Projected stochastic MPC,test_066_28fb87ba4913,,116635.66042688796,10162.865019995152,96526.42932415009,3901.544578474357,4553.246127551458,1491.5753767169165,0.0,0.0,116635.66042688796,0.0,0.0,True,1e-06,PASS
Behaviour cloning,test_066_28fb87ba4913,1409200687.0,120513.01855164586,9348.241268219508,100632.35941706538,4027.969773735244,3878.778589493096,1424.4412454831458,1201.2282576494986,0.0,120513.01855164589,2.9103830456733704e-11,2.4149947289106574e-16,True,1e-06,PASS
Behaviour cloning,test_066_28fb87ba4913,3018804584.0,123774.15008127708,9332.40114140238,103831.22649881431,4147.289661888585,3873.5717853536576,1419.3994778570934,1170.2615159610282,0.0,123774.15008127707,1.4551915228366852e-11,1.175682904613867e-16,True,1e-06,PASS
Behaviour cloning,test_066_28fb87ba4913,959653586.0,122519.35755275191,9317.124818877515,102682.61284163228,4104.542220530149,3861.243720076293,1416.615572143583,1137.2183794920336,0.0,122519.35755275184,7.275957614183426e-11,5.9386188105424e-16,True,1e-06,PASS
PPO,test_066_28fb87ba4913,1694234878.0,205843.64231579384,8287.869356135447,184538.37463426407,7448.560038796282,3348.8815885705585,1141.271900754705,1078.6847972727314,0.0,205843.6423157938,2.9103830456733704e-11,1.413880464283868e-16,True,1e-06,PASS
PPO,test_066_28fb87ba4913,1635820214.0,160931.26656396332,8890.865731723736,140375.41521796462,5617.066644760599,3658.1842130317305,1289.892461073348,1099.842295409249,0.0,160931.26656396326,5.820766091346741e-11,3.6169267884517856e-16,True,1e-06,PASS
PPO,test_066_28fb87ba4913,456241246.0,188721.11112073172,8615.600333385672,167695.6769433232,6745.948217327596,3535.4196644467074,1209.4874946176062,918.9784676307994,0.0,188721.11112073157,1.4551915228366852e-10,7.710804128880666e-16,True,1e-06,PASS
Vanilla SAC,test_066_28fb87ba4913,3760190062.0,301059.4848022612,7433.543468656448,277826.2873308868,11878.669080604815,3055.7650819319697,862.0660369285877,3.153803252553298,0.0,301059.4848022611,1.1641532182693481e-10,3.866854482375718e-16,True,1e-06,PASS
Vanilla SAC,test_066_28fb87ba4913,3890281123.0,301075.58826929214,7433.23617274101,277843.013456582,11879.481824974238,3055.4334743916743,862.0583119493983,2.3650286538367395,0.0,301075.58826929214,0.0,0.0,True,1e-06,PASS
Vanilla SAC,test_066_28fb87ba4913,4226533458.0,301057.28604762256,7433.254142000504,277823.80863928807,11878.580298536974,3055.507045367421,862.0461772685572,4.089745161068351,0.0,301057.2860476226,5.820766091346741e-11,1.9334413618629334e-16,True,1e-06,PASS
Constrained SAC,test_066_28fb87ba4913,301721597.0,301088.3759487639,7434.213071190208,277852.200744073,11879.85337300915,3056.2642297408765,862.1201250994004,3.724405651154859,0.0,301088.3759487638,1.1641532182693481e-10,3.8664834356390153e-16,True,1e-06,PASS
Constrained SAC,test_066_28fb87ba4913,554911178.0,301079.5143577927,7433.606542169055,277845.27224473323,11879.548925886143,3055.707801727728,862.0889041592824,3.289939117343357,0.0,301079.5143577928,1.1641532182693481e-10,3.8665972367881128e-16,True,1e-06,PASS
Constrained SAC,test_066_28fb87ba4913,1600960620.0,301089.3742658677,7433.736434388285,277855.3449398275,11880.016578398614,3055.810917407332,862.1020370316211,2.3633588143806508,0.0,301089.3742658677,0.0,0.0,True,1e-06,PASS
Model-guided constrained SAC,test_066_28fb87ba4913,301721597.0,121172.09553391467,9380.796409136128,101437.88864174888,4056.185436917618,3896.628014139512,1438.7485006056088,961.8485313669296,0.0,121172.09553391467,0.0,0.0,True,1e-06,PASS
Model-guided constrained SAC,test_066_28fb87ba4913,554911178.0,124333.95735911466,9336.828246991212,104595.11848757933,4172.054250071819,3866.8412853269074,1430.9142930561263,932.2007960891996,0.0,124333.95735911457,8.731149137020111e-11,7.022336715143611e-16,True,1e-06,PASS
Model-guided constrained SAC,test_066_28fb87ba4913,1600960620.0,123002.25163339132,9327.180022673923,103359.31115285696,4126.539263640155,3859.4853414007575,1428.124185308646,901.611667510873,0.0,123002.25163339131,1.4551915228366852e-11,1.1830608818234393e-16,True,1e-06,PASS
Passive,test_067_4d46fa716471,,279105.621407164,6468.744632741415,258387.0236398927,11047.80272644297,2427.000319007445,775.0500890793234,0.0,0.0,279105.62140716385,1.7462298274040222e-10,6.256519731132869e-16,True,1e-06,PASS
Reactive,test_067_4d46fa716471,,103238.9933127042,7749.055743479057,87421.1339881332,3533.8556934743224,2724.728960206279,1243.9533018396194,566.2656255716987,0.0,103238.99331270417,2.9103830456733704e-11,2.819073445299887e-16,True,1e-06,PASS
Projected stochastic MPC,test_067_4d46fa716471,,112182.0801069952,9056.96036792785,94196.58468571298,3831.292514840096,3773.7886364049687,1323.4539021093174,0.0,0.0,112182.08010699521,1.4551915228366852e-11,1.2971693174603076e-16,True,1e-06,PASS
Behaviour cloning,test_067_4d46fa716471,1409200687.0,117836.4477155415,8266.221536775935,99931.47812868073,4023.4469698851367,3160.93002181167,1245.7885150908696,1208.5825432971506,0.0,117836.44771554148,1.4551915228366852e-11,1.2349248055657056e-16,True,1e-06,PASS
Behaviour cloning,test_067_4d46fa716471,3018804584.0,121130.92513394136,8249.806240221053,103163.70049900988,4146.478953096644,3155.2426694092687,1240.9727265537017,1174.7240456508116,0.0,121130.92513394136,0.0,0.0,True,1e-06,PASS
Behaviour cloning,test_067_4d46fa716471,959653586.0,119834.78717426074,8233.358201689427,101968.0018889634,4101.329632594681,3151.17974604763,1237.934334049972,1142.9833709155923,0.0,119834.78717426071,2.9103830456733704e-11,2.4286629235976066e-16,True,1e-06,PASS
PPO,test_067_4d46fa716471,1694234878.0,194586.6290062008,7255.018564050733,175449.13875586385,7102.93265150063,2692.95167334328,993.9779436923887,1092.6094177499845,0.0,194586.62900620085,5.820766091346741e-11,2.9913494678821193e-16,True,1e-06,PASS
PPO,test_067_4d46fa716471,1635820214.0,153291.75815341264,7832.50807209076,134838.53881405026,5411.244830321213,2972.404912972308,1128.827164874357,1108.234359103801,0.0,153291.7581534127,5.820766091346741e-11,3.797181375871092e-16,True,1e-06,PASS
PPO,test_067_4d46fa716471,456241246.0,179398.26128926635,7559.483301191536,160515.85351978726,6475.606462543285,2845.8694075907238,1055.1201214824916,946.3284766710397,0.0,179398.26128926632,2.9103830456733704e-11,1.622302816514255e-16,True,1e-06,PASS
Vanilla SAC,test_067_4d46fa716471,3760190062.0,279008.8961148847,6468.684334454271,258291.5621571994,11043.31608667007,2426.780459937604,774.9670865637265,3.5859900596303738,0.0,279008.8961148847,0.0,0.0,True,1e-06,PASS
Vanilla SAC,test_067_4d46fa716471,3890281123.0,279039.3175018436,6468.706733807188,258321.38672054213,11044.722349677886,2426.8180555047934,774.9929785840094,2.6906637274478515,0.0,279039.3175018435,1.1641532182693481e-10,4.172004249048726e-16,True,1e-06,PASS
Vanilla SAC,test_067_4d46fa716471,4226533458.0,279012.1378103135,6468.45669890002,258294.0197414609,11043.444136365548,2426.649843301135,774.9646577952999,4.602732490645085,0.0,279012.1378103136,1.1641532182693481e-10,4.172410660717557e-16,True,1e-06,PASS
Constrained SAC,test_067_4d46fa716471,301721597.0,279033.013788784,6469.187760718057,258313.38141075065,11044.356608158194,2426.959002500992,774.9969658731511,4.132040782863862,0.0,279033.013788784,0.0,0.0,True,1e-06,PASS
Constrained SAC,test_067_4d46fa716471,554911178.0,279035.57561874035,6468.837933305879,258316.7019303788,11044.481545842957,2426.842896003658,775.0010978845365,3.710215324638876,0.0,279035.5756187405,1.7462298274040222e-10,6.258090293798163e-16,True,1e-06,PASS
Constrained SAC,test_067_4d46fa716471,1600960620.0,279047.3623694141,6469.003706835864,258328.7216140331,11045.04832330332,2426.8915197358237,775.0139633083918,2.6832421976669814,0.0,279047.3623694142,5.820766091346741e-11,2.0859419855905953e-16,True,1e-06,PASS
Model-guided constrained SAC,test_067_4d46fa716471,301721597.0,118429.7750021622,8306.84154406648,100656.18942918432,4048.734159143406,3189.4428633750235,1260.0724267173475,968.4945796755974,0.0,118429.77500216218,2.9103830456733704e-11,2.457475787334929e-16,True,1e-06,PASS
Model-guided constrained SAC,test_067_4d46fa716471,554911178.0,121617.67757575292,8265.875127818847,103829.75043005229,4168.0983179875,3165.2669259906484,1252.3379760963714,936.3487978073646,0.0,121617.67757575303,1.0186340659856796e-10,8.375707267976691e-16,True,1e-06,PASS
Model-guided constrained SAC,test_067_4d46fa716471,1600960620.0,120285.028323893,8255.998197222172,102586.38084051466,4121.704135656412,3164.3228826884897,1249.5947952709391,907.0274725403832,0.0,120285.02832389306,5.820766091346741e-11,4.839144299549143e-16,True,1e-06,PASS
Passive,test_068_93da1d4ae1ba,,299626.62345170847,7271.599840998405,276763.4399726283,11833.519916153042,2898.014895026794,860.048826901792,0.0,0.0,299626.62345170835,1.1641532182693481e-10,3.885346384971619e-16,True,1e-06,PASS
Reactive,test_068_93da1d4ae1ba,,108130.01271616713,8512.57609005225,90769.95795247763,3654.380547051875,3169.1463742214914,1384.1384684093207,639.813283954484,0.0,108130.01271616705,7.275957614183426e-11,6.728897399912685e-16,True,1e-06,PASS
Projected stochastic MPC,test_068_93da1d4ae1ba,,118238.71338237885,10039.732214365393,98318.5800304104,3979.486498348783,4426.499054549606,1474.4155847047082,0.0,0.0,118238.71338237889,4.3655745685100555e-11,3.692170223801385e-16,True,1e-06,PASS
Behaviour cloning,test_068_93da1d4ae1ba,1409200687.0,122708.3420299291,9220.694504330651,103004.59512408511,4128.201668913572,3748.9248857479033,1403.568634625403,1202.3572122264015,0.0,122708.34202992904,5.820766091346741e-11,4.743578142329582e-16,True,1e-06,PASS
Behaviour cloning,test_068_93da1d4ae1ba,3018804584.0,125942.95558945955,9200.233291265986,106186.0314243654,4247.932587636356,3739.699956901064,1398.571567721067,1170.4867615697294,0.0,125942.95558945961,5.820766091346741e-11,4.621748047839124e-16,True,1e-06,PASS
Behaviour cloning,test_068_93da1d4ae1ba,959653586.0,124661.55955754948,9191.136388388168,105001.56502428369,4202.854243987004,3732.800219972456,1395.693234761082,1137.510446157078,0.0,124661.55955754948,0.0,0.0,True,1e-06,PASS
PPO,test_068_93da1d4ae1ba,1694234878.0,206266.79690143984,8151.286830016175,185234.05161844785,7473.448936826863,3200.2666187589657,1126.9826820303967,1080.7602153596115,0.0,206266.79690143987,2.9103830456733704e-11,1.4109799004946173e-16,True,1e-06,PASS
PPO,test_068_93da1d4ae1ba,1635820214.0,160588.77758170557,8773.05721556496,140308.4680841143,5607.76572717839,3520.884090280227,1278.1152444040354,1100.4872201635394,0.0,160588.77758170548,8.731149137020111e-11,5.436960956115262e-16,True,1e-06,PASS
PPO,test_068_93da1d4ae1ba,456241246.0,188997.1467130685,8484.620901795042,168241.70044005156,6762.445909329865,3390.091755250293,1195.9978787392204,922.2898279025268,0.0,188997.14671306853,2.9103830456733704e-11,1.5399084569736138e-16,True,1e-06,PASS
Vanilla SAC,test_068_93da1d4ae1ba,3760190062.0,299577.8118581974,7272.410936551247,276712.79603309376,11831.053044280918,2898.4071665680626,860.0702393086245,3.0744383947494818,0.0,299577.8118581973,5.820766091346741e-11,1.942989721182005e-16,True,1e-06,PASS
Vanilla SAC,test_068_93da1d4ae1ba,3890281123.0,299594.7312636553,7272.164935754694,276730.02608257893,11831.889791726637,2898.2728339170485,860.0667706686488,2.3108490092406755,0.0,299594.73126365524,5.820766091346741e-11,1.942879992179914e-16,True,1e-06,PASS
Vanilla SAC,test_068_93da1d4ae1ba,4226533458.0,299577.17201813875,7272.117635934011,276711.75591773924,11831.026129437874,2898.221946801705,860.0567626413273,3.993625584504497,0.0,299577.17201813875,0.0,0.0,True,1e-06,PASS
Constrained SAC,test_068_93da1d4ae1ba,301721597.0,299607.27918644645,7273.119941738953,276739.2587615441,11832.267596416965,2898.893482989874,860.1270035947988,3.612400161695173,0.0,299607.2791864464,5.820766091346741e-11,1.9427986219668786e-16,True,1e-06,PASS
Constrained SAC,test_068_93da1d4ae1ba,554911178.0,299597.60973723175,7272.486686455573,276731.45881729893,11831.921015553997,2898.4395899904,860.0935834012988,3.2100445315226773,0.0,299597.6097372317,5.820766091346741e-11,1.9428613253797197e-16,True,1e-06,PASS
Constrained SAC,test_068_93da1d4ae1ba,1600960620.0,299608.7434552631,7272.660644038671,276742.6582803367,11832.440043675644,2898.573670100706,860.1097491316782,2.301067979538156,0.0,299608.743455263,1.1641532182693481e-10,3.885578253971006e-16,True,1e-06,PASS
Model-guided constrained SAC,test_068_93da1d4ae1ba,301721597.0,123425.24256190064,9238.919048883412,103895.41770092794,4157.8668750140905,3753.176615345607,1417.552516337143,962.3098053924252,0.0,123425.24256190062,1.4551915228366852e-11,1.1790064111941062e-16,True,1e-06,PASS
Model-guided constrained SAC,test_068_93da1d4ae1ba,554911178.0,126541.24283243496,9195.410957094424,107005.8660198141,4273.470716940566,3723.8995920245966,1409.6007998015475,932.9947467597424,0.0,126541.24283243496,0.0,0.0,True,1e-06,PASS
Model-guided constrained SAC,test_068_93da1d4ae1ba,1600960620.0,125207.54556225924,9187.707579176797,105765.60137957188,4226.809104599913,3718.219260746181,1406.947617922459,902.2606202420318,0.0,125207.54556225926,1.4551915228366852e-11,1.162223503625102e-16,True,1e-06,PASS
Passive,test_069_5b01ea54b2fa,,282004.3038985511,6505.730576307827,261071.8195391508,11162.596050943612,2487.5701515391115,776.587580609671,0.0,0.0,282004.303898551,1.1641532182693481e-10,4.128139897780225e-16,True,1e-06,PASS
Reactive,test_069_5b01ea54b2fa,,92360.38173522153,7775.15787153351,76898.59953676027,3071.344482422856,2706.258831519032,1306.8720671274184,602.1489458583846,0.0,92360.38173522147,5.820766091346741e-11,6.302232604488033e-16,True,1e-06,PASS
Projected stochastic MPC,test_069_5b01ea54b2fa,,100908.86074608928,9178.453885703995,83172.97512483482,3344.940489999852,3833.1372536441513,1379.353991906467,0.0,0.0,100908.86074608928,0.0,0.0,True,1e-06,PASS
Behaviour cloning,test_069_5b01ea54b2fa,1409200687.0,105456.69038581774,8399.871497060929,87837.22778991879,3489.8087163048585,3215.0577962620937,1309.1467655124927,1205.577820758543,0.0,105456.6903858177,4.3655745685100555e-11,4.1396847867483963e-16,True,1e-06,PASS
Behaviour cloning,test_069_5b01ea54b2fa,3018804584.0,108255.68527339988,8382.30466514536,90599.23709805004,3591.3877568389944,3204.856811797387,1305.690627576016,1172.2083139920771,0.0,108255.68527339988,0.0,0.0,True,1e-06,PASS
Behaviour cloning,test_069_5b01ea54b2fa,959653586.0,107175.16718844455,8370.002874917724,89610.39734758234,3554.65401777719,3197.689252626402,1302.1123297651202,1140.3113657757467,0.0,107175.16718844454,1.4551915228366852e-11,1.3577693051582022e-16,True,1e-06,PASS
PPO,test_069_5b01ea54b2fa,1694234878.0,185886.14864966317,7376.412628495852,166933.8081069542,6719.3500459500165,2725.3177661809304,1044.584179200548,1086.6759228814587,0.0,185886.14864966302,1.4551915228366852e-10,7.828402134358396e-16,True,1e-06,PASS
PPO,test_069_5b01ea54b2fa,1635820214.0,143488.93957529153,7946.737481762907,125272.28617637182,4986.023870993077,2995.767120882279,1183.7607152222388,1104.3642100592235,0.0,143488.9395752916,5.820766091346741e-11,4.0565956571812754e-16,True,1e-06,PASS
PPO,test_069_5b01ea54b2fa,456241246.0,169512.61557975243,7683.97029175502,150862.77248874324,6045.167278364766,2877.884305549001,1109.2581446824595,933.5630706578806,0.0,169512.61557975234,8.731149137020111e-11,5.150737074735463e-16,True,1e-06,PASS
Vanilla SAC,test_069_5b01ea54b2fa,3760190062.0,281953.7693463369,6506.309683970983,261019.8750157909,11160.018571473369,2487.630878632217,776.6245839421991,3.3106125272680096,0.0,281953.76934633683,5.820766091346741e-11,2.0644398919869817e-16,True,1e-06,PASS
Vanilla SAC,test_069_5b01ea54b2fa,3890281123.0,281971.7780117012,6506.161119674472,261038.0030802605,11160.91025746439,2487.601652552284,776.6175331903735,2.4843685591947198,0.0,281971.7780117012,0.0,0.0,True,1e-06,PASS
Vanilla SAC,test_069_5b01ea54b2fa,4226533458.0,281952.65628241946,6505.999347929654,261018.35813303705,11159.97427878282,2487.454483930022,776.6099320447394,4.260106695316374,0.0,281952.65628241963,1.7462298274040222e-10,6.193344125316206e-16,True,1e-06,PASS
Constrained SAC,test_069_5b01ea54b2fa,301721597.0,281984.43368515075,6506.977160884534,261047.6981265936,11161.307846539232,2487.9579361260585,776.6705062757997,3.8221087315027247,0.0,281984.4336851507,5.820766091346741e-11,2.0642153948986799e-16,True,1e-06,PASS
Constrained SAC,test_069_5b01ea54b2fa,554911178.0,281973.65960276726,6506.4314205268365,261038.5892614652,11160.900416231514,2487.6706129864947,776.6395342388186,3.428357318424396,0.0,281973.6596027674,1.1641532182693481e-10,4.128588535217646e-16,True,1e-06,PASS
Constrained SAC,test_069_5b01ea54b2fa,1600960620.0,281985.08077351266,6506.599767239631,261050.152066798,11161.441462572013,2487.761744271906,776.652466944725,2.473265686389316,0.0,281985.08077351266,0.0,0.0,True,1e-06,PASS
Model-guided constrained SAC,test_069_5b01ea54b2fa,301721597.0,106084.20241945377,8431.338247039545,88610.35467511245,3516.037858176338,3237.943039373449,1323.1940122545716,965.3345874974394,0.0,106084.2024194538,2.9103830456733704e-11,2.7434650770769835e-16,True,1e-06,PASS
Model-guided constrained SAC,test_069_5b01ea54b2fa,554911178.0,108764.54515541416,8391.851656462395,91298.2670925525,3613.463244275671,3209.7038101270923,1316.9477563213395,934.311595675136,0.0,108764.54515541415,1.4551915228366852e-11,1.3379282014716793e-16,True,1e-06,PASS
Model-guided constrained SAC,test_069_5b01ea54b2fa,1600960620.0,107626.36175353984,8381.669366910204,90247.758360425,3575.043944837986,3203.5046265544624,1313.6208137830213,904.7646410291308,0.0,107626.36175353982,1.4551915228366852e-11,1.352077222650169e-16,True,1e-06,PASS
Passive,test_070_0cd9bcac96c3,,296708.2116511334,7253.543952439079,273987.42963568994,11714.826525862136,2902.035788440368,850.3757487018149,0.0,0.0,296708.2116511334,0.0,0.0,True,1e-06,PASS
Reactive,test_070_0cd9bcac96c3,,103447.69630059344,8479.737994847821,86298.8306229002,3465.7083029263463,3180.699231118409,1387.9302661685458,634.7898826321481,0.0,103447.69630059348,4.3655745685100555e-11,4.2200790589137674e-16,True,1e-06,PASS
Projected stochastic MPC,test_070_0cd9bcac96c3,,113817.8169590169,9962.11106930347,94186.7291329167,3804.700138722158,4389.861016795722,1474.415601278796,0.0,0.0,113817.81695901685,4.3655745685100555e-11,3.8355810058121177e-16,True,1e-06,PASS
Behaviour cloning,test_070_0cd9bcac96c3,1409200687.0,118290.33859906008,9161.025102123183,98830.1347878948,3953.2704016265816,3738.468506108297,1404.67928288557,1202.7605184216025,0.0,118290.33859906004,4.3655745685100555e-11,3.6905588573103836e-16,True,1e-06,PASS
Behaviour cloning,test_070_0cd9bcac96c3,3018804584.0,121703.56036223393,9146.082096060289,102173.86423423624,4078.976553661464,3734.862550971043,1399.0756261551537,1170.6993011497025,0.0,121703.56036223388,4.3655745685100555e-11,3.587055757051415e-16,True,1e-06,PASS
Behaviour cloning,test_070_0cd9bcac96c3,959653586.0,120369.535087448,9129.212035651755,100952.23456270844,4033.029648073517,3720.2551262359552,1396.8192946512222,1137.9844201271203,0.0,120369.535087448,0.0,0.0,True,1e-06,PASS
PPO,test_070_0cd9bcac96c3,1694234878.0,202470.00189855555,8110.58498746634,181619.160048552,7322.4617443531215,3209.831354737702,1125.9589122257714,1082.0048512206524,0.0,202470.00189855555,0.0,0.0,True,1e-06,PASS
PPO,test_070_0cd9bcac96c3,1635820214.0,157699.58019215183,8719.364277000588,137581.33245080922,5497.513550936435,3525.715463724625,1274.3259517507838,1101.328497930255,0.0,157699.58019215195,1.1641532182693481e-10,7.382094593091911e-16,True,1e-06,PASS
PPO,test_070_0cd9bcac96c3,456241246.0,185167.9072196617,8444.071506280146,164591.14954665164,6612.134179279198,3401.439723805928,1194.835802427406,924.2764612173708,0.0,185167.90721966172,2.9103830456733704e-11,1.571753490857803e-16,True,1e-06,PASS
Vanilla SAC,test_070_0cd9bcac96c3,3760190062.0,296658.1863128705,7254.435883442712,273934.7998838919,11712.25169033671,2902.966874843929,850.4026602268857,3.329320128283539,0.0,296658.1863128704,5.820766091346741e-11,1.962112073727799e-16,True,1e-06,PASS
Vanilla SAC,test_070_0cd9bcac96c3,3890281123.0,296675.8930037132,7254.183825400791,273953.0251183711,11713.137729569266,2902.657886722423,850.3989028675575,2.4895407821545112,0.0,296675.89300371334,1.1641532182693481e-10,3.9239899355583215e-16,True,1e-06,PASS
Vanilla SAC,test_070_0cd9bcac96c3,4226533458.0,296657.75644119736,7254.171869334814,273933.96813028224,11712.235628660734,2902.717748545925,850.3881653743567,4.274898999383109,0.0,296657.7564411974,5.820766091346741e-11,1.9621149169246537e-16,True,1e-06,PASS
Constrained SAC,test_070_0cd9bcac96c3,301721597.0,296688.8064851278,7255.08198270445,273962.4517943367,11713.519223686417,2903.427763208822,850.4593796178888,3.866341573500685,0.0,296688.8064851278,0.0,0.0,True,1e-06,PASS
Constrained SAC,test_070_0cd9bcac96c3,554911178.0,296679.81811358203,7254.521855234543,273955.31567287503,11713.203584477684,2902.907763371264,850.4297763889283,3.439461234530482,0.0,296679.8181135819,1.1641532182693481e-10,3.923938020696977e-16,True,1e-06,PASS
Constrained SAC,test_070_0cd9bcac96c3,1600960620.0,296689.6333370955,7254.636581361608,273965.4081596178,11713.674988374192,2902.98355394903,850.4423234919058,2.487730300887443,0.0,296689.6333370954,1.1641532182693481e-10,3.923808207166612e-16,True,1e-06,PASS
Model-guided constrained SAC,test_070_0cd9bcac96c3,301721597.0,118958.55271759642,9197.09442822438,99634.32124977517,3981.971742786851,3764.579023748268,1417.7691778212045,962.817095240589,0.0,118958.55271759647,4.3655745685100555e-11,3.669828245871301e-16,True,1e-06,PASS
Model-guided constrained SAC,test_070_0cd9bcac96c3,554911178.0,122269.99027458495,9154.842943307423,102931.41753538554,4104.369924671789,3736.847076575608,1409.4096247484806,933.1031698961089,0.0,122269.99027458495,0.0,0.0,True,1e-06,PASS
Model-guided constrained SAC,test_070_0cd9bcac96c3,1600960620.0,120852.45013187383,9145.569370300129,101612.1044468768,4055.2211857645993,3730.156930970985,1406.8956320407258,902.502565920634,0.0,120852.45013187388,4.3655745685100555e-11,3.6123178005463303e-16,True,1e-06,PASS
Passive,test_071_34f77888383f,,261801.6300387809,5722.444478352395,243024.38000508773,10390.9449802962,1959.2990535110396,704.5615215335366,0.0,0.0,261801.6300387809,0.0,0.0,True,1e-06,PASS
Reactive,test_071_34f77888383f,,92836.92559258392,7081.058055822584,78631.27947956402,3166.882188361662,2325.409322378864,1122.8769804297335,509.4195660270388,0.0,92836.9255925839,2.9103830456733704e-11,3.1349412177279813e-16,True,1e-06,PASS
Projected stochastic MPC,test_071_34f77888383f,,100585.51352905433,8249.254614165624,84454.67453661101,3425.018896604237,3232.891867857228,1223.6736138162248,0.0,0.0,100585.51352905431,1.4551915228366852e-11,1.4467207769599448e-16,True,1e-06,PASS
Behaviour cloning,test_071_34f77888383f,1409200687.0,106764.7838831668,7483.502720358226,90588.07449623194,3633.263753616368,2705.3082216468147,1142.9571603177096,1211.677530995684,0.0,106764.78388316675,5.820766091346741e-11,5.45195323742371e-16,True,1e-06,PASS
Behaviour cloning,test_071_34f77888383f,3018804584.0,109785.26896730834,7471.031464434821,93551.1778147818,3745.151209581744,2702.34986610133,1138.5799358912902,1176.9786765173178,0.0,109785.26896730831,2.9103830456733704e-11,2.6509777432344036e-16,True,1e-06,PASS
Behaviour cloning,test_071_34f77888383f,959653586.0,108508.64151549338,7452.97433276221,92377.35906232418,3701.437370999828,2695.3562595235703,1136.048208808909,1145.4662810747402,0.0,108508.64151549344,5.820766091346741e-11,5.364334130490081e-16,True,1e-06,PASS
PPO,test_071_34f77888383f,1694234878.0,180500.32196386263,6501.123003359911,163169.24994933244,6595.064327750164,2232.545183369911,903.922644054442,1098.4168559956292,0.0,180500.3219638625,1.4551915228366852e-10,8.061988516164665e-16,True,1e-06,PASS
PPO,test_071_34f77888383f,1635820214.0,140770.733044913,7062.241242723083,124089.14553390555,4965.497659516404,2510.8496212629298,1031.9035993479188,1111.09538815714,0.0,140770.73304491304,2.9103830456733704e-11,2.0674631599345374e-16,True,1e-06,PASS
PPO,test_071_34f77888383f,456241246.0,165629.11202499762,6800.712544714006,148536.85179586665,5981.127150574144,2390.101630418388,962.9910344633188,957.3278689611396,0.0,165629.11202499765,2.9103830456733704e-11,1.7571687791419903e-16,True,1e-06,PASS
Vanilla SAC,test_071_34f77888383f,3760190062.0,261708.7949889697,5722.482831268761,242931.9115432748,10386.520021722185,1959.5064054250183,704.5176143117064,3.8565729672863567,0.0,261708.79498896978,8.731149137020111e-11,3.3362077638193644e-16,True,1e-06,PASS
Vanilla SAC,test_071_34f77888383f,3890281123.0,261738.1830732065,5722.48189019995,242960.9509601732,10387.91302149208,1959.410430457475,704.5320750955059,2.8946957882994293,0.0,261738.1830732065,0.0,0.0,True,1e-06,PASS
Vanilla SAC,test_071_34f77888383f,4226533458.0,261708.7364300841,5722.220694857848,242931.2197946116,10386.517178137388,1959.3483741272569,704.5074101883664,4.922978161604099,0.0,261708.73643008407,2.9103830456733704e-11,1.1120695034385615e-16,True,1e-06,PASS
Constrained SAC,test_071_34f77888383f,301721597.0,261736.36531863187,5722.960725959808,242957.05637493217,10387.72065979921,1959.6810401382968,704.5467993794093,4.39971842301567,0.0,261736.3653186319,2.9103830456733704e-11,1.111952113391021e-16,True,1e-06,PASS
Constrained SAC,test_071_34f77888383f,554911178.0,261732.6965827972,5722.564355473913,242954.5731218098,10387.592669172222,1959.45955982624,704.5371344731972,3.969742041938477,0.0,261732.69658279727,8.731149137020111e-11,3.3359030992362382e-16,True,1e-06,PASS
Constrained SAC,test_071_34f77888383f,1600960620.0,261751.38541324413,5722.840684509056,242973.1589238799,10388.44876644757,1959.4931935103464,704.5606427198419,2.883202177500238,0.0,261751.38541324422,8.731149137020111e-11,3.335664918539274e-16,True,1e-06,PASS
Model-guided constrained SAC,test_071_34f77888383f,301721597.0,107516.15148609648,7560.339584834496,91398.69443522143,3661.456287228613,2761.502424713638,1163.1002691610945,971.0584849372196,0.0,107516.1514860965,1.4551915228366852e-11,1.3534631799249848e-16,True,1e-06,PASS
Model-guided constrained SAC,test_071_34f77888383f,554911178.0,110424.8185089644,7521.528669032898,94302.36199176888,3769.721233281627,2737.2069778719992,1155.5418794179463,938.4577575909932,0.0,110424.81850896434,5.820766091346741e-11,5.271248049073502e-16,True,1e-06,PASS
Model-guided constrained SAC,test_071_34f77888383f,1600960620.0,109111.77953054642,7514.368997622609,93074.2444242911,3724.393692931536,2735.630708140222,1153.7650641193704,909.376643441603,0.0,109111.77953054644,1.4551915228366852e-11,1.333670414961289e-16,True,1e-06,PASS
Passive,test_072_8e59fac0e6c8,,276480.81498916185,6438.284914884274,255973.2486241403,10944.59736315402,2355.42819861178,769.2558883714802,0.0,0.0,276480.81498916185,0.0,0.0,True,1e-06,PASS
Reactive,test_072_8e59fac0e6c8,,100406.78014707912,7742.263402443624,84735.76056380423,3415.828581694501,2685.411609119494,1244.0399868754816,583.4760031417496,0.0,100406.78014707907,4.3655745685100555e-11,4.3478882224041243e-16,True,1e-06,PASS
Projected stochastic MPC,test_072_8e59fac0e6c8,,109218.25059728482,9081.749092469538,91336.19300012522,3704.959900007439,3768.5520470200654,1326.7965576625252,0.0,0.0,109218.25059728479,2.9103830456733704e-11,2.6647405811366503e-16,True,1e-06,PASS
Behaviour cloning,test_072_8e59fac0e6c8,1409200687.0,114820.86251638476,8295.541815632305,97035.43413299305,3895.113498014357,3137.904253993962,1249.3917892420227,1207.4770265090035,0.0,114820.8625163847,5.820766091346741e-11,5.069432474012401e-16,True,1e-06,PASS
Behaviour cloning,test_072_8e59fac0e6c8,3018804584.0,118217.26200852334,8275.249408779868,100374.14774010744,4021.709968420162,3128.9519878374667,1243.7994162958798,1173.403487082491,0.0,118217.26200852332,1.4551915228366852e-11,1.2309467315625762e-16,True,1e-06,PASS
Behaviour cloning,test_072_8e59fac0e6c8,959653586.0,116861.30069628902,8261.670280396036,99124.26607871422,3974.0552736831874,3118.559658029503,1241.0292098501066,1141.7201956159684,0.0,116861.30069628904,1.4551915228366852e-11,1.245229613367546e-16,True,1e-06,PASS
PPO,test_072_8e59fac0e6c8,1694234878.0,192283.8616697256,7273.474180095711,173298.73211169866,6994.070294104378,2634.4737994300376,994.6082025151468,1088.5030818817547,0.0,192283.86166972568,8.731149137020111e-11,4.540760239159894e-16,True,1e-06,PASS
PPO,test_072_8e59fac0e6c8,1635820214.0,150675.12575297806,7859.367292841628,132365.99373511178,5294.054171012121,2920.35413897366,1130.550090207073,1104.8063248318372,0.0,150675.12575297814,8.731149137020111e-11,5.794685150178175e-16,True,1e-06,PASS
PPO,test_072_8e59fac0e6c8,456241246.0,176889.438390827,7581.045953787297,158163.1319972366,6359.986629122695,2790.043178221704,1056.9238847826568,938.3067476760284,0.0,176889.43839082698,2.9103830456733704e-11,1.645311937303485e-16,True,1e-06,PASS
Vanilla SAC,test_072_8e59fac0e6c8,3760190062.0,276425.3108862096,6439.202258699535,255915.9822577437,10941.794527798253,2355.822359411654,769.2897133884247,3.2197691679256963,0.0,276425.3108862095,1.1641532182693481e-10,4.2114566663129177e-16,True,1e-06,PASS
Vanilla SAC,test_072_8e59fac0e6c8,3890281123.0,276444.9955110697,6438.944512146504,255935.89926038665,10942.762355837023,2355.6869423350704,769.2836996218551,2.4187407426869267,0.0,276444.9955110698,5.820766091346741e-11,2.1055783920362772e-16,True,1e-06,PASS
Vanilla SAC,test_072_8e59fac0e6c8,4226533458.0,276424.0749218465,6438.860537870648,255914.4035164538,10941.74655684184,2355.6253629313,769.275269065607,4.163678683310232,0.0,276424.0749218465,0.0,0.0,True,1e-06,PASS
Constrained SAC,test_072_8e59fac0e6c8,301721597.0,276457.8033061212,6439.799469829418,255945.6835238061,10943.166234547429,2356.0750335048606,769.3372308288032,3.741813604609595,0.0,276457.80330612126,5.820766091346741e-11,2.1054808443592448e-16,True,1e-06,PASS
Constrained SAC,test_072_8e59fac0e6c8,554911178.0,276446.58835151355,6439.187383248334,255936.2827941861,10942.7441220825,2355.7200199328463,769.306288163896,3.347743899841445,0.0,276446.5883515135,5.820766091346741e-11,2.105566260034792e-16,True,1e-06,PASS
Constrained SAC,test_072_8e59fac0e6c8,1600960620.0,276459.20919399115,6439.356508074312,255948.98738973727,10943.33547289994,2355.802086635328,769.3197903110993,2.4079463331671977,0.0,276459.20919399115,0.0,0.0,True,1e-06,PASS
Model-guided constrained SAC,test_072_8e59fac0e6c8,301721597.0,115151.29443727325,8338.190793643495,97440.54050680636,3909.585312846495,3177.8245601442254,1257.322252156012,1027.831011676578,0.0,115151.29443727316,8.731149137020111e-11,7.582328257522333e-16,True,1e-06,PASS
Model-guided constrained SAC,test_072_8e59fac0e6c8,554911178.0,118459.64689689325,8308.074528353987,100712.05924881986,4032.627419045241,3162.48384940764,1249.7420998437635,994.659751422764,0.0,118459.64689689325,0.0,0.0,True,1e-06,PASS
Model-guided constrained SAC,test_072_8e59fac0e6c8,1600960620.0,117054.0807512866,8296.390418065033,99408.50305426786,3983.3586804951847,3153.954513080607,1246.7923260335992,965.0817593442358,0.0,117054.0807512865,1.0186340659856796e-10,8.702251638283728e-16,True,1e-06,PASS
Passive,test_073_69349232969b,,293851.8410705983,6926.948410352959,271750.2484146061,11619.17177181951,2733.001189003784,822.4712848160358,0.0,0.0,293851.8410705984,1.1641532182693481e-10,3.961701291467011e-16,True,1e-06,PASS
Reactive,test_073_69349232969b,,100534.31658152904,8144.061982760963,84045.7227347856,3370.426252686385,2995.87515916107,1346.3620543934344,631.8683977415666,0.0,100534.31658152901,2.9103830456733704e-11,2.8949150346222065e-16,True,1e-06,PASS
Projected stochastic MPC,test_073_69349232969b,,110330.52362411463,9608.957157223616,91409.60935826931,3687.87454569519,4188.789669467751,1435.2928934587744,0.0,0.0,110330.52362411463,0.0,0.0,True,1e-06,PASS
Behaviour cloning,test_073_69349232969b,1409200687.0,114160.62330719596,8840.44090997842,95379.63190257002,3807.39991610478,3558.8353024676853,1370.996489669911,1203.3187864051606,0.0,114160.62330719599,2.9103830456733704e-11,2.5493755739593254e-16,True,1e-06,PASS
Behaviour cloning,test_073_69349232969b,3018804584.0,116966.89973081285,8813.375906214469,98162.8606904802,3910.986333513447,3541.4282374433496,1365.8254242468486,1172.423138914539,0.0,116966.89973081286,1.4551915228366852e-11,1.2441054060470587e-16,True,1e-06,PASS
Behaviour cloning,test_073_69349232969b,959653586.0,115843.10317712848,8799.579806726862,97137.94663943152,3872.018193832648,3531.3348082755083,1362.7489269001162,1139.4748019618064,0.0,115843.10317712846,1.4551915228366852e-11,1.2561745006188606e-16,True,1e-06,PASS
PPO,test_073_69349232969b,1694234878.0,197572.1940140708,7799.874475759559,177386.21430929314,7164.163739343156,3040.605794886851,1095.7751225505351,1085.5605722375758,0.0,197572.19401407082,2.9103830456733704e-11,1.4730732025307657e-16,True,1e-06,PASS
PPO,test_073_69349232969b,1635820214.0,152804.1182539681,8401.823118397691,133379.3514655982,5326.98996038304,3347.2354833962686,1244.012065922321,1104.7061602705458,0.0,152804.1182539681,0.0,0.0,True,1e-06,PASS
PPO,test_073_69349232969b,456241246.0,180332.44160111705,8133.012623166629,160424.1341721252,6449.68584102646,3229.406377341524,1165.250048460217,930.9525389971296,0.0,180332.44160111714,8.731149137020111e-11,4.841696291304485e-16,True,1e-06,PASS
Vanilla SAC,test_073_69349232969b,3760190062.0,293803.0142425768,6927.912542944962,271698.7228796099,11616.603882728714,2733.6168162617937,822.5107924130557,3.647328618371647,0.0,293803.0142425768,0.0,0.0,True,1e-06,PASS
Vanilla SAC,test_073_69349232969b,3890281123.0,293820.74009239895,6927.662847018578,271716.91174508823,11617.500184263972,2733.436071692089,822.5042933174424,2.7249510186692945,0.0,293820.740092399,5.820766091346741e-11,1.9810603191307265e-16,True,1e-06,PASS
Vanilla SAC,test_073_69349232969b,4226533458.0,293805.3123755624,6927.703882656849,271700.3051382044,11616.694337114366,2733.458207397256,822.5034253173053,4.647384872479468,0.0,293805.3123755627,2.9103830456733704e-10,9.9058217230365e-16,True,1e-06,PASS
Constrained SAC,test_073_69349232969b,301721597.0,293834.49568433536,6928.605857793129,271727.09163081815,11617.907025282057,2734.125825751928,822.5640486376784,4.201296052296922,0.0,293834.49568433524,1.1641532182693481e-10,3.961935155224222e-16,True,1e-06,PASS
Constrained SAC,test_073_69349232969b,554911178.0,293824.5742350852,6928.0378110999445,271719.0265844252,11617.55435301084,2733.6818623433724,822.5326096295471,3.741014576220285,0.0,293824.57423508517,5.820766091346741e-11,1.981034468100555e-16,True,1e-06,PASS
Constrained SAC,test_073_69349232969b,1600960620.0,293835.3906435834,6928.189179431892,271730.0361906646,11618.067540172444,2733.82000677158,822.547234244622,2.7304922980972237,0.0,293835.39064358326,1.1641532182693481e-10,3.9619230880239453e-16,True,1e-06,PASS
Model-guided constrained SAC,test_073_69349232969b,301721597.0,114674.91693249362,8890.05865486826,96005.4427850162,3830.0513377649913,3603.0694323758926,1382.7272652026684,963.5674572656134,0.0,114674.91693249364,1.4551915228366852e-11,1.2689710721075313e-16,True,1e-06,PASS
Model-guided constrained SAC,test_073_69349232969b,554911178.0,117443.59720095524,8851.860760682514,98772.98244606463,3932.100006444529,3576.4046056542684,1376.181185052122,934.068197057172,0.0,117443.59720095524,0.0,0.0,True,1e-06,PASS
Model-guided constrained SAC,test_073_69349232969b,1600960620.0,116265.18176867232,8841.93359029116,97685.67471351469,3891.259791279655,3569.8234810124413,1373.132887848603,903.3573047258266,0.0,116265.18176867237,4.3655745685100555e-11,3.754842595262996e-16,True,1e-06,PASS
Passive,test_074_212affc962e2,,291998.1762021994,6861.309720092724,270079.41976956784,11547.732438043971,2695.158575675598,814.5556988192961,0.0,0.0,291998.1762021995,5.820766091346741e-11,1.993425495683934e-16,True,1e-06,PASS
Reactive,test_074_212affc962e2,,99111.39990904438,8102.614867291785,82779.65222774578,3315.3573635098405,2958.2670713340804,1335.1236952587435,620.3846839041455,0.0,99111.3999090444,1.4551915228366852e-11,1.468238289613637e-16,True,1e-06,PASS
Projected stochastic MPC,test_074_212affc962e2,,108717.593280155,9561.542778578916,89954.09014414984,3625.604232482774,4149.284529013655,1427.0715959297738,0.0,0.0,108717.59328015496,2.9103830456733704e-11,2.677012025251136e-16,True,1e-06,PASS
Behaviour cloning,test_074_212affc962e2,1409200687.0,112576.21421742054,8784.493926918685,93955.59812934473,3747.005298950676,3528.0339911605856,1357.7551235787034,1203.327747467146,0.0,112576.21421742054,0.0,0.0,True,1e-06,PASS
Behaviour cloning,test_074_212affc962e2,3018804584.0,115361.58943161563,8769.938759040693,96694.98223369624,3848.8426132263776,3520.3985597913784,1354.4012830933357,1173.0259827675775,0.0,115361.58943161562,1.4551915228366852e-11,1.2614177127815126e-16,True,1e-06,PASS
Behaviour cloning,test_074_212affc962e2,959653586.0,114262.35227811227,8759.728439719784,95687.01622430889,3810.8944563034097,3514.373122430956,1351.2381531542896,1139.1018821949783,0.0,114262.35227811232,4.3655745685100555e-11,3.820658757211942e-16,True,1e-06,PASS
PPO,test_074_212affc962e2,1694234878.0,196114.43809793403,7737.001778286656,176093.52094431213,7110.454906499704,3005.678624790053,1082.5435406796971,1085.2383033657768,0.0,196114.438097934,2.9103830456733704e-11,1.484022835799579e-16,True,1e-06,PASS
PPO,test_074_212affc962e2,1635820214.0,152150.72825264867,8324.381515765988,132884.69451602036,5307.185956962832,3302.5424274440347,1226.8146810311823,1105.1091554241718,0.0,152150.7282526486,5.820766091346741e-11,3.8256577265152933e-16,True,1e-06,PASS
PPO,test_074_212affc962e2,456241246.0,178982.4964085131,8053.709049557909,159267.39424286218,6400.474576065439,3180.4673404219307,1149.6574279650204,930.7937716406228,0.0,178982.4964085131,0.0,0.0,True,1e-06,PASS
Vanilla SAC,test_074_212affc962e2,3760190062.0,291941.3339136903,6861.691277302934,270020.8746976588,11544.980911124245,2695.412515799449,814.5453283541226,3.829183450702569,0.0,291941.3339136903,0.0,0.0,True,1e-06,PASS
Vanilla SAC,test_074_212affc962e2,3890281123.0,291959.40108305204,6861.559886191485,270039.1723660364,11545.845052811424,2695.315218179562,814.5475485303557,2.961011302707756,0.0,291959.4010830519,1.1641532182693481e-10,3.9873804849263546e-16,True,1e-06,PASS
Vanilla SAC,test_074_212affc962e2,4226533458.0,291942.72495619464,6861.454964220851,270021.3086209774,11545.014618148598,2695.3112899987664,814.5372786663332,5.098184182798487,0.0,291942.72495619475,1.1641532182693481e-10,3.9876082489948215e-16,True,1e-06,PASS
Constrained SAC,test_074_212affc962e2,301721597.0,291977.50867143867,6862.533020077701,270053.1663973159,11546.4314899342,2695.9908093518225,814.6146074404452,4.77234731862576,0.0,291977.5086714387,5.820766091346741e-11,1.9935665996440944e-16,True,1e-06,PASS
Constrained SAC,test_074_212affc962e2,554911178.0,291967.59541935497,6861.988088826093,270045.22126286785,11546.079573567427,2695.582002800455,814.5854986414438,4.13899265175232,0.0,291967.595419355,5.820766091346741e-11,1.9936342877319438e-16,True,1e-06,PASS
Constrained SAC,test_074_212affc962e2,1600960620.0,291978.1586875538,6862.174889324933,270056.19619807025,11546.580540343411,2695.684205580675,814.6017833730448,2.921070861416709,0.0,291978.1586875537,5.820766091346741e-11,1.9935621614682317e-16,True,1e-06,PASS
Model-guided constrained SAC,test_074_212affc962e2,301721597.0,113101.71884511648,8833.45477263482,94599.1298899111,3769.9787528722927,3563.251544629815,1371.770774149831,964.1331109187096,0.0,113101.71884511659,1.0186340659856796e-10,9.006353540750476e-16,True,1e-06,PASS
Model-guided constrained SAC,test_074_212affc962e2,554911178.0,115804.80396441952,8797.984741878201,97298.64273730115,3868.9158031412258,3538.736541318471,1365.7483490594243,934.7757917211107,0.0,115804.8039644196,7.275957614183426e-11,6.282949726696078e-16,True,1e-06,PASS
Model-guided constrained SAC,test_074_212affc962e2,1600960620.0,114634.78972523562,8788.30205440799,96218.45399989416,3828.65321791534,3532.7277814771,1362.5485145119403,904.1041570290632,0.0,114634.7897252356,1.4551915228366852e-11,1.2694152676727423e-16,True,1e-06,PASS
Passive,test_075_8de4e41c7ad9,,272652.2460737432,6109.65870261842,252811.9532694549,10809.430454624076,2180.820943037202,740.3827040085839,0.0,0.0,272652.2460737432,0.0,0.0,True,1e-06,PASS
Reactive,test_075_8de4e41c7ad9,,93196.60658640528,7421.184069064248,78311.61084603122,3141.8550295856458,2540.1845607716077,1199.0340275166536,582.7380534358505,0.0,93196.60658640522,5.820766091346741e-11,6.245684585039199e-16,True,1e-06,PASS
Projected stochastic MPC,test_075_8de4e41c7ad9,,101076.86395779376,8700.978035226733,84111.18743608527,3395.342621298372,3569.2933724391864,1300.062492744202,0.0,0.0,101076.86395779377,1.4551915228366852e-11,1.4396880412161615e-16,True,1e-06,PASS
Behaviour cloning,test_075_8de4e41c7ad9,1409200687.0,106281.86479784592,7969.071408200038,89319.85275907528,3565.8679307257835,2989.544998849824,1229.8431369308569,1207.684564064142,0.0,106281.86479784592,0.0,0.0,True,1e-06,PASS
Behaviour cloning,test_075_8de4e41c7ad9,3018804584.0,109212.64536893216,7953.958809250269,92201.52123728392,3673.969697215311,2983.282370769844,1225.206341886285,1174.7069125265295,0.0,109212.64536893215,1.4551915228366852e-11,1.3324386731233277e-16,True,1e-06,PASS
Behaviour cloning,test_075_8de4e41c7ad9,959653586.0,107976.31104491868,7939.395265639858,91067.10226068892,3631.221204611141,2972.728477143858,1223.0014311188404,1142.8624057160414,0.0,107976.31104491866,1.4551915228366852e-11,1.347695164573013e-16,True,1e-06,PASS
PPO,test_075_8de4e41c7ad9,1694234878.0,184290.5970018575,6976.921725619231,166054.1162402313,6698.2664796207655,2493.8435544018494,975.2265787828038,1092.2224232016029,0.0,184290.59700185756,5.820766091346741e-11,3.1584715585288773e-16,True,1e-06,PASS
PPO,test_075_8de4e41c7ad9,1635820214.0,141991.2554714057,7542.914187128846,124486.22341629612,4967.616193246477,2774.180310061088,1111.934383251197,1108.386981421875,0.0,141991.25547140563,5.820766091346741e-11,4.0993834951469466e-16,True,1e-06,PASS
PPO,test_075_8de4e41c7ad9,456241246.0,168098.1532170265,7280.207233102903,150147.93886252478,6029.755086686288,2656.211963549902,1038.6638837065138,945.3761874560732,0.0,168098.15321702647,2.9103830456733704e-11,1.7313593219051383e-16,True,1e-06,PASS
Vanilla SAC,test_075_8de4e41c7ad9,3760190062.0,272599.04525777185,6110.690869148645,252756.3928883267,10806.640292121543,2181.0768628106284,740.4259063253401,3.818439038963637,0.0,272599.0452577718,5.820766091346741e-11,2.1352848414573783e-16,True,1e-06,PASS
Vanilla SAC,test_075_8de4e41c7ad9,3890281123.0,272617.9348325085,6110.409071063947,252775.66258861875,10807.59792816873,2180.995951508248,740.4171620966707,2.852131052222973,0.0,272617.93483250856,5.820766091346741e-11,2.1351368885260294e-16,True,1e-06,PASS
Vanilla SAC,test_075_8de4e41c7ad9,4226533458.0,272599.4995181589,6110.414770100327,252756.2735547186,10806.659967402,2180.889478400198,740.4148607713906,4.846886766401777,0.0,272599.49951815885,5.820766091346741e-11,2.135281283214167e-16,True,1e-06,PASS
Constrained SAC,test_075_8de4e41c7ad9,301721597.0,272630.5390658235,6111.243353619084,252785.0463781856,10807.971432333608,2181.4573944689228,740.4664439960253,4.354063220256982,0.0,272630.53906582354,5.820766091346741e-11,2.1350381770478708e-16,True,1e-06,PASS
Constrained SAC,test_075_8de4e41c7ad9,554911178.0,272621.27207415574,6110.726757345092,252777.411657896,10807.631654032682,2181.1519995009635,740.4422753497067,3.9077300312766834,0.0,272621.27207415574,0.0,0.0,True,1e-06,PASS
Constrained SAC,test_075_8de4e41c7ad9,1600960620.0,272633.15879495256,6110.865666497844,252789.53777214192,10808.200193956987,2181.250039457448,740.4544173877069,2.850705510656368,0.0,272633.15879495256,0.0,0.0,True,1e-06,PASS
Model-guided constrained SAC,test_075_8de4e41c7ad9,301721597.0,106774.01286659774,8034.525969110836,89893.55555437844,3586.1613792921594,3048.2686128024043,1243.898451325178,967.6028996886972,0.0,106774.01286659772,1.4551915228366852e-11,1.3628704998235716e-16,True,1e-06,PASS
Model-guided constrained SAC,test_075_8de4e41c7ad9,554911178.0,109654.1248259075,8007.901699736331,92747.0013896582,3692.4084401249406,3032.820725373353,1237.7020518706672,936.2905191440004,0.0,109654.1248259075,0.0,0.0,True,1e-06,PASS
Model-guided constrained SAC,test_075_8de4e41c7ad9,1600960620.0,108375.63263846694,7998.316681067785,91560.5533238801,3648.0431376872416,3026.747245691613,1235.32986114995,906.6423889902096,0.0,108375.6326384669,4.3655745685100555e-11,4.0281883133944768e-16,True,1e-06,PASS
Passive,test_076_48339f21c8ec,,302295.5516219219,7417.506578226399,279052.17277217883,11931.378865063822,3026.8276326442824,867.6657738084976,0.0,0.0,302295.5516219218,5.820766091346741e-11,1.9255215831381854e-16,True,1e-06,PASS
Reactive,test_076_48339f21c8ec,,107593.25989651012,8623.182896373402,90045.13256547973,3620.764783408911,3241.5792140421213,1421.079766609459,641.5206705965171,0.0,107593.25989651014,1.4551915228366852e-11,1.3524931991431235e-16,True,1e-06,PASS
Projected stochastic MPC,test_076_48339f21c8ec,,117884.51341532342,10170.224230078122,97754.00560457382,3952.183753424946,4511.958198544844,1496.1416287016843,0.0,0.0,117884.51341532342,0.0,0.0,True,1e-06,PASS
Behaviour cloning,test_076_48339f21c8ec,1409200687.0,121514.5918531669,9355.406297765165,101625.70840579784,4065.427464727033,3836.061111090261,1430.1697929976492,1201.8187807889938,0.0,121514.59185316694,4.3655745685100555e-11,3.5926340219166693e-16,True,1e-06,PASS
Behaviour cloning,test_076_48339f21c8ec,3018804584.0,124613.12307262835,9335.344063146242,104678.4191889932,4178.048146790283,3825.9432370172167,1425.6985507466986,1169.6698859347389,0.0,124613.12307262838,2.9103830456733704e-11,2.3355349532304957e-16,True,1e-06,PASS
Behaviour cloning,test_076_48339f21c8ec,959653586.0,123469.40955019568,9325.17416237819,103626.44187014038,4139.288868597819,3819.207676038585,1422.3065368229904,1136.9904362176942,0.0,123469.40955019565,2.9103830456733704e-11,2.357169323378171e-16,True,1e-06,PASS
PPO,test_076_48339f21c8ec,1694234878.0,206908.51181417867,8277.648644012623,185619.3323316205,7492.119529945928,3293.065514419096,1147.1143786438795,1079.2314155366118,0.0,206908.51181417864,2.9103830456733704e-11,1.406603827051417e-16,True,1e-06,PASS
PPO,test_076_48339f21c8ec,1635820214.0,162184.47474040708,8886.466543084765,141631.9863251339,5665.461393269162,3605.65683313228,1295.383428465258,1099.5202173216803,0.0,162184.47474040705,2.9103830456733704e-11,1.7944893001205804e-16,True,1e-06,PASS
PPO,test_076_48339f21c8ec,456241246.0,189692.6693874501,8609.551917071447,168685.07976021676,6783.469665586284,3480.0797491301623,1215.5280050198576,918.9602904255804,0.0,189692.66938745006,2.9103830456733704e-11,1.5342622648895672e-16,True,1e-06,PASS
Vanilla SAC,test_076_48339f21c8ec,3760190062.0,302250.1820803053,7418.225314264685,279004.7853793598,11929.057106508131,3027.3467035064978,867.6987703917164,3.068806274366784,0.0,302250.1820803052,1.1641532182693481e-10,3.8516212306533618e-16,True,1e-06,PASS
Vanilla SAC,test_076_48339f21c8ec,3890281123.0,302266.27160389285,7418.017097689173,279021.2342002316,11929.858411194067,3027.164883963058,867.6924462265005,2.3045645884096198,0.0,302266.2716038928,5.820766091346741e-11,1.9257081051287813e-16,True,1e-06,PASS
Vanilla SAC,test_076_48339f21c8ec,4226533458.0,302249.04179453355,7417.955540542799,279003.2492914854,11929.008810909048,3027.166271369577,867.6828206878185,3.9790595388436674,0.0,302249.0417945335,5.820766091346741e-11,1.9258178807738457e-16,True,1e-06,PASS
Constrained SAC,test_076_48339f21c8ec,301721597.0,302278.51870742184,7418.913825243551,279030.23047032603,11930.227284769757,3027.798163238848,867.7516068076211,3.597357035960542,0.0,302278.5187074218,5.820766091346741e-11,1.925630083221598e-16,True,1e-06,PASS
Constrained SAC,test_076_48339f21c8ec,554911178.0,302269.54086627025,7418.339182764577,279023.0369473379,11929.906375666267,3027.3378021516987,867.7204976181433,3.20006073154456,0.0,302269.54086627014,1.1641532182693481e-10,3.8513745544225756e-16,True,1e-06,PASS
Constrained SAC,test_076_48339f21c8ec,1600960620.0,302279.4542646023,7418.493277367263,279033.10132802004,11930.375727955592,3027.4543843076226,867.7333199827063,2.296226968997889,0.0,302279.4542646022,5.820766091346741e-11,1.925624123382033e-16,True,1e-06,PASS
Model-guided constrained SAC,test_076_48339f21c8ec,301721597.0,122231.18140536628,9373.821636576136,102514.26485444828,4095.495139681237,3841.4816598787634,1444.101007297396,962.0171074845064,0.0,122231.18140536633,4.3655745685100555e-11,3.5715719330504605e-16,True,1e-06,PASS
Model-guided constrained SAC,test_076_48339f21c8ec,554911178.0,125203.10206239812,9330.445711346738,105488.63576016753,4203.508758424719,3811.4808163478215,1436.8818333689069,932.149182742444,0.0,125203.10206239816,4.3655745685100555e-11,3.4867942539749225e-16,True,1e-06,PASS
Model-guided constrained SAC,test_076_48339f21c8ec,1600960620.0,123998.03504072435,9321.229191321274,104373.2314228666,4162.914785164804,3805.249745450089,1433.654184577564,901.7557113440296,0.0,123998.03504072434,1.4551915228366852e-11,1.173560147431982e-16,True,1e-06,PASS
Passive,test_077_b1f2e84dc844,,288464.2047169954,6771.340284207281,266865.712015298,11410.324476492253,2616.046549733533,800.7813912643131,0.0,0.0,288464.20471699536,5.820766091346741e-11,2.017846927336215e-16,True,1e-06,PASS
Reactive,test_077_b1f2e84dc844,,96574.46765961232,8000.760260096711,80511.32298436556,3217.104665836656,2893.2294087528035,1314.1404360159477,637.909904544633,0.0,96574.4676596123,1.4551915228366852e-11,1.5068077081881238e-16,True,1e-06,PASS
Projected stochastic MPC,test_077_b1f2e84dc844,,105894.72019237964,9468.846160965822,87410.18209009491,3514.083129508551,4089.5868562372734,1412.0219555730882,0.0,0.0,105894.72019237965,1.4551915228366852e-11,1.3741870418024894e-16,True,1e-06,PASS
Behaviour cloning,test_077_b1f2e84dc844,1409200687.0,109473.6070466703,8695.874747152753,91152.04036243954,3623.673527615658,3456.635071895685,1343.2064679450357,1202.1768696216122,0.0,109473.60704667028,1.4551915228366852e-11,1.3292624241533527e-16,True,1e-06,PASS
Behaviour cloning,test_077_b1f2e84dc844,3018804584.0,112269.66306563544,8685.355714178597,93893.98988120657,3725.212169528598,3454.2299199194795,1339.386107013583,1171.4892737886844,0.0,112269.66306563553,8.731149137020111e-11,7.776944277383e-16,True,1e-06,PASS
Behaviour cloning,test_077_b1f2e84dc844,959653586.0,111129.1784823184,8670.668438627856,92855.06898236644,3685.990467026808,3442.9342358292024,1336.3733046424045,1138.1430538257143,0.0,111129.17848231841,1.4551915228366852e-11,1.3094594441442924e-16,True,1e-06,PASS
PPO,test_077_b1f2e84dc844,1694234878.0,192824.0369283557,7660.671312128697,173101.93596841945,6971.000090336282,2941.957725182114,1067.67127197301,1080.8005603162032,0.0,192824.03692835575,5.820766091346741e-11,3.0186932003241187e-16,True,1e-06,PASS
PPO,test_077_b1f2e84dc844,1635820214.0,147964.28047396013,8254.808916462587,129020.51589288822,5132.547519207126,3240.394158171977,1215.096640518644,1100.917346711592,0.0,147964.28047396013,0.0,0.0,True,1e-06,PASS
PPO,test_077_b1f2e84dc844,456241246.0,175354.09799723557,7984.090073803562,155940.7271811846,6248.7703349692965,3121.07942549514,1136.7406895073366,922.6902922756324,0.0,175354.09799723557,0.0,0.0,True,1e-06,PASS
Vanilla SAC,test_077_b1f2e84dc844,3760190062.0,288412.3564096339,6772.165318125519,266811.78645267495,11407.713700460072,2616.619647076332,800.8159416736034,3.2553496235312043,0.0,288412.356409634,1.1641532182693481e-10,4.0364193572063675e-16,True,1e-06,PASS
Vanilla SAC,test_077_b1f2e84dc844,3890281123.0,288430.02966505126,6771.920360691095,266829.8533965812,11408.58662769414,2616.4242543429045,800.8073858196752,2.437639922313989,0.0,288430.0296650513,5.820766091346741e-11,2.018086014866862e-16,True,1e-06,PASS
Vanilla SAC,test_077_b1f2e84dc844,4226533458.0,288410.2781610397,6771.875329950903,266809.3545746588,11407.627933001915,2616.420484785881,800.7970823214359,4.202756320762058,0.0,288410.27816103963,5.820766091346741e-11,2.0182242215711185e-16,True,1e-06,PASS
Constrained SAC,test_077_b1f2e84dc844,301721597.0,288442.8395072102,6772.870449920105,266839.15467492363,11408.961055749967,2617.1679454123414,800.8629034411128,3.82247776313716,0.0,288442.8395072103,1.1641532182693481e-10,4.0359927819953663e-16,True,1e-06,PASS
Constrained SAC,test_077_b1f2e84dc844,554911178.0,288433.83035771,6772.280956929198,266832.01589093485,11408.648506406038,2616.6712696323398,800.8351758845157,3.3785579231526968,0.0,288433.83035771013,1.1641532182693481e-10,4.036118845093823e-16,True,1e-06,PASS
Constrained SAC,test_077_b1f2e84dc844,1600960620.0,288444.3004441604,6772.421284518766,266842.6721622811,11409.141757748854,2616.7817534236437,800.8464501234245,2.437036064525013,0.0,288444.3004441603,1.1641532182693481e-10,4.0359723401597086e-16,True,1e-06,PASS
Model-guided constrained SAC,test_077_b1f2e84dc844,301721597.0,109998.67611519244,8734.795491185594,91817.16306333368,3646.274606081472,3480.381181315115,1357.415756992431,962.646016284122,0.0,109998.6761151924,4.3655745685100555e-11,3.968751918376139e-16,True,1e-06,PASS
Model-guided constrained SAC,test_077_b1f2e84dc844,554911178.0,112690.0802771568,8698.29236610125,94508.31710813382,3744.394211287716,3455.043106505579,1350.7071240409389,933.3263610874916,0.0,112690.08027715678,1.4551915228366852e-11,1.2913217554355264e-16,True,1e-06,PASS
Model-guided constrained SAC,test_077_b1f2e84dc844,1600960620.0,111490.5870003238,8688.077178354597,93400.72971134212,3703.228179270644,3448.34658211175,1347.7431463072005,902.4622029375062,0.0,111490.58700032382,2.9103830456733704e-11,2.610429385993741e-16,True,1e-06,PASS
Passive,test_078_367d379a9297,,283290.6070735138,6695.670759405704,262123.0277881151,11207.542352677336,2471.042589851,793.3235834647122,0.0,0.0,283290.60707351385,5.820766091346741e-11,2.0546978777295833e-16,True,1e-06,PASS
Reactive,test_078_367d379a9297,,97649.22013741586,7993.067661027473,81612.80196143458,3265.174117008774,2866.7718753386835,1269.585318230631,641.8192043756809,0.0,97649.22013741583,2.9103830456733704e-11,2.98044678859469e-16,True,1e-06,PASS
Projected stochastic MPC,test_078_367d379a9297,,106849.24336329798,9404.342559539591,88479.97375505071,3560.157587456247,4014.149866905556,1390.6195943458697,0.0,0.0,106849.24336329798,0.0,0.0,True,1e-06,PASS
Behaviour cloning,test_078_367d379a9297,1409200687.0,111064.56191205584,8637.251692504458,92829.417226189,3694.873442676474,3384.5024043987523,1316.242388892105,1202.2747573951483,0.0,111064.56191205594,1.0186340659856796e-10,9.171548948189827e-16,True,1e-06,PASS
Behaviour cloning,test_078_367d379a9297,3018804584.0,113807.51291745878,8625.869173836667,95523.75995531098,3794.117807325608,3380.828953056217,1312.1079116666594,1170.829116262665,0.0,113807.5129174588,1.4551915228366852e-11,1.278642758753627e-16,True,1e-06,PASS
Behaviour cloning,test_078_367d379a9297,959653586.0,112448.96779414229,8614.300208346238,94270.0518113346,3746.160121222889,3371.3691572377807,1309.8092184192744,1137.2772775814592,0.0,112448.96779414226,2.9103830456733704e-11,2.588181201450725e-16,True,1e-06,PASS
PPO,test_078_367d379a9297,1694234878.0,192778.09928457695,7600.797533338015,173241.91499314978,6953.751094274455,2855.163517443116,1045.8653124947148,1080.6068338768457,0.0,192778.09928457692,2.9103830456733704e-11,1.509706266673526e-16,True,1e-06,PASS
PPO,test_078_367d379a9297,1635820214.0,147554.97652487454,8214.994911425185,128768.98192459956,5107.755032847237,3171.414360519253,1193.9579079370378,1097.8723875463074,0.0,147554.9765248746,5.820766091346741e-11,3.944811776894212e-16,True,1e-06,PASS
PPO,test_078_367d379a9297,456241246.0,175859.71311503148,7925.230129115869,156604.4361746259,6257.69197347698,3039.0480764358067,1114.3706156017138,918.9361457751712,0.0,175859.71311503145,2.9103830456733704e-11,1.6549458623133665e-16,True,1e-06,PASS
Vanilla SAC,test_078_367d379a9297,3760190062.0,283239.349919539,6696.599731148357,262069.5365972972,11204.98387246669,2471.8527428231587,793.3554117416506,3.021564061882643,0.0,283239.3499195389,1.1641532182693481e-10,4.110139423071173e-16,True,1e-06,PASS
Vanilla SAC,test_078_367d379a9297,3890281123.0,283258.3356747452,6696.342445638158,262088.86211572093,11205.900391193769,2471.6137240991047,793.3510093188734,2.265988774276318,0.0,283258.3356747451,1.1641532182693481e-10,4.109863935676375e-16,True,1e-06,PASS
Vanilla SAC,test_078_367d379a9297,4226533458.0,283240.300390518,6696.369476705692,262069.99885266885,11205.019389320942,2471.6511070214137,793.3462559478866,3.91530885324393,0.0,283240.30039051804,5.820766091346741e-11,2.0550628153272508e-16,True,1e-06,PASS
Constrained SAC,test_078_367d379a9297,301721597.0,283271.1467979995,6697.244999922539,262098.23089686412,11206.284523534156,2472.4254509976336,793.4031310605704,3.557795620494213,0.0,283271.14679799957,5.820766091346741e-11,2.0548390321932526e-16,True,1e-06,PASS
Constrained SAC,test_078_367d379a9297,554911178.0,283262.89507126954,6696.687048243027,262091.7775925184,11205.998351294713,2471.9036423380894,793.380222116729,3.1482147585903806,0.0,283262.8950712696,5.820766091346741e-11,2.0548988916752488e-16,True,1e-06,PASS
Constrained SAC,test_078_367d379a9297,1600960620.0,283272.6177080722,6696.797040021919,262101.7054165564,11206.45793387586,2472.009889969233,793.3882520069402,2.2591756418238726,0.0,283272.6177080722,0.0,0.0,True,1e-06,PASS
Model-guided constrained SAC,test_078_367d379a9297,301721597.0,111634.57698649088,8661.302991972141,93566.94187457924,3718.785042357071,3394.5227729226203,1330.5765942602918,962.4477103995432,0.0,111634.5769864909,1.4551915228366852e-11,1.303531183723463e-16,True,1e-06,PASS
Model-guided constrained SAC,test_078_367d379a9297,554911178.0,114302.06573788708,8628.731099435348,96228.54477056176,3815.1175774309913,3372.978899837204,1323.3488275309348,933.3445630908589,0.0,114302.0657378871,1.4551915228366852e-11,1.2731104319441365e-16,True,1e-06,PASS
Model-guided constrained SAC,test_078_367d379a9297,1600960620.0,112874.369914819,8617.482656749411,94904.55807951935,3765.323919874412,3363.9297450533268,1320.9697873046402,902.1057263178808,0.0,112874.36991481902,1.4551915228366852e-11,1.2892134183649044e-16,True,1e-06,PASS
Passive,test_079_bce06ca59758,,265468.4314072651,5693.670144683802,246553.6964211489,10541.847303198934,1971.8808950533976,707.336643180031,0.0,0.0,265468.4314072651,0.0,0.0,True,1e-06,PASS
Reactive,test_079_bce06ca59758,,92291.1975357652,6964.370403199745,78325.5935853812,3151.444172388194,2198.4400582826106,1135.3079559895534,516.0413605239512,0.0,92291.19753576524,4.3655745685100555e-11,4.730217707726984e-16,True,1e-06,PASS
Projected stochastic MPC,test_079_bce06ca59758,,100230.60965678684,8124.011900365695,84370.37501145249,3422.499107379072,3105.16272664804,1208.5609109415757,0.0,0.0,100230.60965678687,2.9103830456733704e-11,2.903686863363603e-16,True,1e-06,PASS
Behaviour cloning,test_079_bce06ca59758,1409200687.0,105809.6942035618,7346.790423770889,89916.14567905398,3601.8289375325467,2601.8433613577445,1130.3494483265192,1212.7363535200948,0.0,105809.69420356178,1.4551915228366852e-11,1.3752913036844407e-16,True,1e-06,PASS
Behaviour cloning,test_079_bce06ca59758,3018804584.0,108582.2073636422,7332.752105052087,92644.76260667593,3703.534185897985,2597.736131551907,1126.9200372593589,1176.5022972049755,0.0,108582.20736364224,4.3655745685100555e-11,4.0205247936153394e-16,True,1e-06,PASS
Behaviour cloning,test_079_bce06ca59758,959653586.0,107428.08861083246,7313.23850598288,91585.62507017051,3664.393748581672,2595.0226676378857,1123.3579619776583,1146.450656481857,0.0,107428.08861083246,0.0,0.0,True,1e-06,PASS
PPO,test_079_bce06ca59758,1694234878.0,179529.1895680513,6402.97026242974,162366.47018571434,6570.913897109335,2189.051871372948,899.8041784709869,1099.9791729540814,0.0,179529.1895680514,8.731149137020111e-11,4.863359077165851e-16,True,1e-06,PASS
PPO,test_079_bce06ca59758,1635820214.0,141385.49090595962,6911.783445019926,124907.8128558342,5006.022381510952,2431.735031837205,1015.8686455678986,1112.268546189427,0.0,141385.49090595962,0.0,0.0,True,1e-06,PASS
PPO,test_079_bce06ca59758,456241246.0,164776.98805665484,6665.173734730266,147917.616946928,5962.900164948622,2318.60564049226,951.1147137100644,961.5768558455852,0.0,164776.98805665478,5.820766091346741e-11,3.532511523602678e-16,True,1e-06,PASS
Vanilla SAC,test_079_bce06ca59758,3760190062.0,265374.89852684154,5693.608850941508,246461.2849963786,10537.394138514095,1971.574867028811,707.2965927132566,3.73908126522252,0.0,265374.89852684154,0.0,0.0,True,1e-06,PASS
Vanilla SAC,test_079_bce06ca59758,3890281123.0,265404.0730736692,5693.638105179561,246489.88420315983,10538.77945007192,1971.653480972443,707.3083512228238,2.80948306259661,0.0,265404.0730736692,0.0,0.0,True,1e-06,PASS
Vanilla SAC,test_079_bce06ca59758,4226533458.0,265378.64995077485,5693.393891753517,246464.18997764535,10537.548157319512,1971.4378066001111,707.294597237223,4.785520219129979,0.0,265378.6499507748,5.820766091346741e-11,2.193381454169895e-16,True,1e-06,PASS
Constrained SAC,test_079_bce06ca59758,301721597.0,265401.5128979406,5694.203139372757,246485.14472248487,10538.55327170255,1972.0363901734368,707.3202501691502,4.2551240379852935,0.0,265401.5128979407,1.1641532182693481e-10,4.386385011742642e-16,True,1e-06,PASS
Constrained SAC,test_079_bce06ca59758,554911178.0,265400.83918380993,5693.796471374878,246485.58502493345,10538.545930285338,1971.7461301692656,707.3180033727239,3.847623674352496,0.0,265400.83918381,5.820766091346741e-11,2.1931980732417446e-16,True,1e-06,PASS
Constrained SAC,test_079_bce06ca59758,1600960620.0,265413.45134229824,5693.965061702742,246498.31583376328,10539.155724590022,1971.894906435127,707.3270806003394,2.7927352067656317,0.0,265413.45134229824,0.0,0.0,True,1e-06,PASS
Model-guided constrained SAC,test_079_bce06ca59758,301721597.0,106032.75533866568,7393.66648513055,90219.00593742062,3611.9411834095863,2637.328004940896,1138.217746058634,1032.5959817053997,0.0,106032.75533866568,0.0,0.0,True,1e-06,PASS
Model-guided constrained SAC,test_079_bce06ca59758,554911178.0,108718.67763725616,7367.57666467873,92882.83563824013,3710.402188644835,2627.361119319793,1132.9009680832726,997.6010582894124,0.0,108718.67763725614,1.4551915228366852e-11,1.338492662403405e-16,True,1e-06,PASS
Model-guided constrained SAC,test_079_bce06ca59758,1600960620.0,107540.61952063451,7352.896576835501,91790.36411586894,3670.1713119843,2628.154250899977,1129.3246576065635,969.7086074391884,0.0,107540.61952063446,5.820766091346741e-11,5.412620940155429e-16,True,1e-06,PASS
Passive,test_080_e669407a98d7,,296512.00557568145,6988.052584793063,274146.65541243163,11721.634554995218,2811.4541057086626,844.2089177527146,0.0,0.0,296512.00557568134,1.1641532182693481e-10,3.926158794174729e-16,True,1e-06,PASS
Reactive,test_080_e669407a98d7,,105146.4876340676,8279.621188715608,88327.19271894074,3555.466949690753,3031.2083890329827,1365.8862656755623,587.1121220119596,0.0,105146.48763406761,1.4551915228366852e-11,1.3839658894751338e-16,True,1e-06,PASS
Projected stochastic MPC,test_080_e669407a98d7,,114719.25958218996,9718.883963715722,95479.29188997654,3866.2641495354014,4201.145035392425,1453.674543569838,0.0,0.0,114719.25958218993,2.9103830456733704e-11,2.536961148697306e-16,True,1e-06,PASS
Behaviour cloning,test_080_e669407a98d7,1409200687.0,119989.60809406554,8899.583398853836,100852.85162057898,4043.938293634063,3607.9293659793625,1380.3098212023742,1204.9955938169082,0.0,119989.60809406554,0.0,0.0,True,1e-06,PASS
Behaviour cloning,test_080_e669407a98d7,3018804584.0,122994.42610079216,8884.634840586103,103802.9945021565,4155.664582051553,3601.6165248377665,1376.6204330153143,1172.8952181449174,0.0,122994.42610079216,0.0,0.0,True,1e-06,PASS
Behaviour cloning,test_080_e669407a98d7,959653586.0,121837.21599338988,8870.797181741926,102740.44758132448,4114.944277099994,3597.7685270503853,1373.258049370719,1140.0003768024076,0.0,121837.21599338991,2.9103830456733704e-11,2.3887471672294855e-16,True,1e-06,PASS
PPO,test_080_e669407a98d7,1694234878.0,201493.75007029864,7856.4410459283,181012.5047612355,7314.879458997379,3108.7450501019025,1112.2580771109083,1088.921676924664,0.0,201493.75007029864,0.0,0.0,True,1e-06,PASS
PPO,test_080_e669407a98d7,1635820214.0,156747.94254265947,8456.20957999447,137042.11616585284,5483.398168154654,3400.6773617220188,1259.5243468528124,1106.0169200827145,0.0,156747.9425426595,2.9103830456733704e-11,1.8567280683006733e-16,True,1e-06,PASS
PPO,test_080_e669407a98d7,456241246.0,184395.5458643088,8178.374936860366,164214.15364078467,6608.880964358416,3277.0570426837226,1179.578871945717,937.500407675922,0.0,184395.54586430884,2.9103830456733704e-11,1.5783369560428724e-16,True,1e-06,PASS
Vanilla SAC,test_080_e669407a98d7,3760190062.0,296457.7561587953,6988.658681015973,274090.68544901506,11718.82738174401,2811.708512895904,844.2044692461986,3.6716648782643615,0.0,296457.7561587954,5.820766091346741e-11,1.9634386250393437e-16,True,1e-06,PASS
Vanilla SAC,test_080_e669407a98d7,3890281123.0,296477.53498447995,6988.552594229642,274110.52965364844,11719.810441954189,2811.6759065005167,844.2138188696025,2.752569277633829,0.0,296477.53498448,5.820766091346741e-11,1.9633076386888628e-16,True,1e-06,PASS
Vanilla SAC,test_080_e669407a98d7,4226533458.0,296456.91823355114,6988.411101366156,274089.2531543766,11718.790883425589,2811.5762002624547,844.1910596462694,4.6958344741341485,0.0,296456.91823355114,0.0,0.0,True,1e-06,PASS
Constrained SAC,test_080_e669407a98d7,301721597.0,296488.4625140501,6989.461061845518,274118.13078929426,11720.10800390324,2812.2716341821147,844.2674009808115,4.223623844020655,0.0,296488.46251405,5.820766091346741e-11,1.963235278023982e-16,True,1e-06,PASS
Constrained SAC,test_080_e669407a98d7,554911178.0,296476.86193622864,6988.785634822632,274108.5528765134,11719.683884140895,2811.838140421546,844.228784770602,3.772615559772916,0.0,296476.8619362288,1.7462298274040222e-10,5.889936287100986e-16,True,1e-06,PASS
Constrained SAC,test_080_e669407a98d7,1600960620.0,296490.5759325624,6989.023271885067,274122.2731056771,11720.322270903063,2811.9610177505447,844.2538175453208,2.7424488012812627,0.0,296490.57593256235,5.820766091346741e-11,1.9632212838598587e-16,True,1e-06,PASS
Model-guided constrained SAC,test_080_e669407a98d7,301721597.0,120705.9777872914,8937.030350798004,101694.48002649976,4073.463379128731,3642.087107674734,1394.0887229547254,964.8282002353968,0.0,120705.97778729134,5.820766091346741e-11,4.822268290311289e-16,True,1e-06,PASS
Model-guided constrained SAC,test_080_e669407a98d7,554911178.0,123599.4482739552,8895.92716746966,104584.09758030609,4181.722952959596,3615.6764298689313,1387.520322520587,934.5038208303748,0.0,123599.44827395525,4.3655745685100555e-11,3.5320340256162505e-16,True,1e-06,PASS
Model-guided constrained SAC,test_080_e669407a98d7,1600960620.0,122394.0326696556,8889.069064483734,103461.47770005916,4139.197003621071,3615.6809646499305,1384.5340423966672,904.0738944449628,0.0,122394.03266965553,7.275957614183426e-11,5.944699635660677e-16,True,1e-06,PASS
Passive,test_081_fbbd80304765,,275817.0330001347,6181.852395096892,255702.3290855433,10933.013720187784,2242.0304050025,757.8073943043862,0.0,0.0,275817.0330001348,1.1641532182693481e-10,4.2207444754464446e-16,True,1e-06,PASS
Reactive,test_081_fbbd80304765,,103462.55718964216,7467.839339332242,88208.74302278909,3570.2336481042635,2479.537748488888,1204.983512285051,531.219918642596,0.0,103462.55718964213,2.9103830456733704e-11,2.812981937358044e-16,True,1e-06,PASS
Projected stochastic MPC,test_081_fbbd80304765,,111441.99050444658,8713.072740146614,94125.8515014656,3834.0019312553777,3487.918623929427,1281.1457076495776,0.0,0.0,111441.99050444658,0.0,0.0,True,1e-06,PASS
Behaviour cloning,test_081_fbbd80304765,1409200687.0,116987.2223575369,7927.446899231491,99678.87191647117,4014.590079639752,2951.678696754869,1202.9032363652157,1211.7315290744018,0.0,116987.2223575369,0.0,0.0,True,1e-06,PASS
Behaviour cloning,test_081_fbbd80304765,3018804584.0,120155.18262388514,7909.283652805483,102793.57522398264,4132.350165418828,2945.7610702603906,1198.0835664186084,1176.1289449992184,0.0,120155.18262388515,1.4551915228366852e-11,1.211093430228297e-16,True,1e-06,PASS
Behaviour cloning,test_081_fbbd80304765,959653586.0,118921.78443943032,7891.559567098575,101659.17313433996,4090.211784504321,2940.3321799328382,1195.2023818792484,1145.3053916753788,0.0,118921.78443943034,1.4551915228366852e-11,1.223654294876351e-16,True,1e-06,PASS
PPO,test_081_fbbd80304765,1694234878.0,192684.83547817316,6913.934944132508,174169.66842754855,7061.148556626993,2484.96752683474,956.8655155419764,1098.2505074883952,0.0,192684.83547817316,0.0,0.0,True,1e-06,PASS
PPO,test_081_fbbd80304765,1635820214.0,153471.00868619746,7472.026268439131,135595.16494344178,5454.384214003362,2753.587498914628,1084.1020306608348,1111.7437307377108,0.0,153471.00868619746,0.0,0.0,True,1e-06,PASS
PPO,test_081_fbbd80304765,456241246.0,178018.1541801285,7211.100904135362,159745.29810532604,6457.077043166527,2631.876931262867,1015.2084799393932,957.5927162983512,0.0,178018.15418012856,5.820766091346741e-11,3.2697598276729524e-16,True,1e-06,PASS
Vanilla SAC,test_081_fbbd80304765,3760190062.0,275719.8512966534,6181.709167390541,255606.38946794515,10928.421942042358,2241.8409069166564,757.7348112206861,3.755001138013956,0.0,275719.8512966534,0.0,0.0,True,1e-06,PASS
Vanilla SAC,test_081_fbbd80304765,3890281123.0,275750.46139683883,6181.766916955306,255636.37458079372,10929.86233497222,2241.880487655068,757.7577090501328,2.8193674123989108,0.0,275750.4613968389,5.820766091346741e-11,2.1108817232294463e-16,True,1e-06,PASS
Vanilla SAC,test_081_fbbd80304765,4226533458.0,275722.89239265845,6181.474303588825,255608.6712460227,10928.547855326928,2241.671495205275,757.7318712409711,4.795621273801475,0.0,275722.89239265845,0.0,0.0,True,1e-06,PASS
Constrained SAC,test_081_fbbd80304765,301721597.0,275747.5045431205,6182.292209502171,255631.33313477616,10929.623776743409,2242.222104216592,757.7697482850278,4.26356959719096,0.0,275747.5045431205,0.0,0.0,True,1e-06,PASS
Constrained SAC,test_081_fbbd80304765,554911178.0,275746.9590638292,6181.906846559411,255631.85107113232,10929.62015748323,2241.955731379451,757.7666567042471,3.858600570499193,0.0,275746.9590638291,1.1641532182693481e-10,4.221817068161658e-16,True,1e-06,PASS
Constrained SAC,test_081_fbbd80304765,1600960620.0,275760.6591492356,6182.098576732067,255645.62041141395,10930.272749729857,2242.082207818055,757.7822478269162,2.8029557146996806,0.0,275760.6591492355,5.820766091346741e-11,2.110803661880091e-16,True,1e-06,PASS
Model-guided constrained SAC,test_081_fbbd80304765,301721597.0,117585.13840181756,7957.628516241327,100426.2937010317,4039.6504296238422,2973.98118905527,1216.5646697571572,971.0198961083306,0.0,117585.13840181762,5.820766091346741e-11,4.950256614450493e-16,True,1e-06,PASS
Model-guided constrained SAC,test_081_fbbd80304765,554911178.0,120669.53276533568,7916.428763876702,103500.61030368527,4154.487840734874,2950.578887492365,1209.162958390279,938.2640111561996,0.0,120669.5327653357,1.4551915228366852e-11,1.205931182037951e-16,True,1e-06,PASS
Model-guided constrained SAC,test_081_fbbd80304765,1600960620.0,119378.77762916102,7906.717396090344,102295.41868685548,4110.298744699575,2950.3294659261264,1206.3522307082549,909.6611048812516,0.0,119378.77762916104,1.4551915228366852e-11,1.2189700311366073e-16,True,1e-06,PASS
Passive,test_082_2cf496ac3a99,,296485.7003137069,7077.2017203175865,274058.8184708081,11717.878901478422,2784.7394665327047,847.0617545699876,0.0,0.0,296485.7003137068,5.820766091346741e-11,1.9632535684479484e-16,True,1e-06,PASS
Reactive,test_082_2cf496ac3a99,,102496.89285039793,8366.495856399344,85627.66065306163,3432.623329025865,3080.960734101682,1357.631439419634,631.5208383897652,0.0,102496.89285039793,0.0,0.0,True,1e-06,PASS
Projected stochastic MPC,test_082_2cf496ac3a99,,113092.03993331605,9823.758584407502,93744.12634432707,3782.057678704889,4276.243881309661,1465.8534445669288,0.0,0.0,113092.03993331607,2.9103830456733704e-11,2.5734640982596637e-16,True,1e-06,PASS
Behaviour cloning,test_082_2cf496ac3a99,1409200687.0,117308.08950945588,9034.429025394656,98114.29268658104,3917.186232190572,3645.471686577628,1394.3118796913816,1202.3979990206312,0.0,117308.08950945591,2.9103830456733704e-11,2.4809738679094017e-16,True,1e-06,PASS
Behaviour cloning,test_082_2cf496ac3a99,3018804584.0,120380.15030342908,9017.68489266924,101133.62287849128,4030.5667017857263,3637.707604958891,1389.8306139524764,1170.7376115714555,0.0,120380.15030342908,0.0,0.0,True,1e-06,PASS
Behaviour cloning,test_082_2cf496ac3a99,959653586.0,119132.96927032708,9009.26896675288,99979.43456851748,3986.7170844556663,3633.04253707424,1387.0078512280784,1137.4982622987357,0.0,119132.96927032707,1.4551915228366852e-11,1.221485145337627e-16,True,1e-06,PASS
PPO,test_082_2cf496ac3a99,1694234878.0,200474.07305172377,7975.796417086154,179941.5462407571,7247.238470198095,3106.97723601948,1119.0774056502787,1083.437282012732,0.0,200474.07305172386,8.731149137020111e-11,4.355251032769415e-16,True,1e-06,PASS
PPO,test_082_2cf496ac3a99,1635820214.0,153952.87658974476,8602.379044301273,134210.8644254746,5340.149477304378,3426.006702050506,1272.186158030726,1101.2907825832244,0.0,153952.87658974473,2.9103830456733704e-11,1.8904375872293635e-16,True,1e-06,PASS
PPO,test_082_2cf496ac3a99,456241246.0,182810.4400574758,8310.40317524906,162575.37157402575,6515.057450509411,3295.219520848362,1189.2226328295988,925.1657040135613,0.0,182810.4400574757,8.731149137020111e-11,4.776067020174028e-16,True,1e-06,PASS
Vanilla SAC,test_082_2cf496ac3a99,3760190062.0,296433.5523896485,7077.797956618372,274005.18771566794,11715.257311543271,2784.9475510211287,847.0715192830573,3.2903355147741955,0.0,296433.5523896485,0.0,0.0,True,1e-06,PASS
Vanilla SAC,test_082_2cf496ac3a99,3890281123.0,296452.2750476867,7077.65162596344,274024.0176714504,11716.170732983775,2784.8973936963566,847.074050697368,2.463572895383856,0.0,296452.27504768677,5.820766091346741e-11,1.963474927089166e-16,True,1e-06,PASS
Vanilla SAC,test_082_2cf496ac3a99,4226533458.0,296435.22849414777,7077.55857414576,274006.23280054406,11715.322311162585,2784.8172492452995,847.0647958241735,4.232763225920387,0.0,296435.2284941478,5.820766091346741e-11,1.9635878370177094e-16,True,1e-06,PASS
Constrained SAC,test_082_2cf496ac3a99,301721597.0,296464.87636012427,7078.547121834492,274033.32821898645,11716.548265588825,2785.499332192376,847.1314081457176,3.82201337635269,0.0,296464.87636012415,1.1641532182693481e-10,3.9267829382095786e-16,True,1e-06,PASS
Constrained SAC,test_082_2cf496ac3a99,554911178.0,296455.379221982,7077.95868411437,274025.63179112045,11716.20707560472,2785.083050707743,847.1005537272978,3.398066707349071,0.0,296455.379221982,0.0,0.0,True,1e-06,PASS
Constrained SAC,test_082_2cf496ac3a99,1600960620.0,296466.2623602504,7078.132808269157,274036.6271894407,11716.718780703804,2785.212281026228,847.1160554989676,2.455245311434082,0.0,296466.2623602503,1.1641532182693481e-10,3.9267645802298056e-16,True,1e-06,PASS
Model-guided constrained SAC,test_082_2cf496ac3a99,301721597.0,117953.99797861684,9068.089601035192,98900.62872531117,3944.021319688371,3670.714928111034,1408.2906618430393,962.252742628012,0.0,117953.99797861681,2.9103830456733704e-11,2.4673882153625485e-16,True,1e-06,PASS
Model-guided constrained SAC,test_082_2cf496ac3a99,554911178.0,120933.6708320328,9027.751766491176,101875.11654632464,4053.976868675245,3643.116679243482,1400.7971877630114,932.9117835352912,0.0,120933.67083203285,4.3655745685100555e-11,3.60989171872033e-16,True,1e-06,PASS
Model-guided constrained SAC,test_082_2cf496ac3a99,1600960620.0,119623.23711279228,9019.93070501603,100656.46658528624,4008.499706677801,3638.105027684772,1398.1696945239464,902.065393603529,0.0,119623.23711279231,2.9103830456733704e-11,2.4329579402112163e-16,True,1e-06,PASS
Passive,test_083_4cbdde5f376f,,290160.57793749013,6680.299820577603,268618.9684567938,11485.288177623,2566.926296455244,809.0951860405122,0.0,0.0,290160.5779374902,5.820766091346741e-11,2.0060499371491877e-16,True,1e-06,PASS
Reactive,test_083_4cbdde5f376f,,98006.99666103118,7957.4781639954035,82001.68268699733,3284.1031759402617,2823.452830503906,1332.5126429181576,607.7671606760998,0.0,98006.99666103117,1.4551915228366852e-11,1.4847833036549805e-16,True,1e-06,PASS
Projected stochastic MPC,test_083_4cbdde5f376f,,107287.21914130944,9354.10336053348,88976.52648074302,3588.0881746381965,3954.6328326089592,1413.8682927857585,0.0,0.0,107287.21914130941,2.9103830456733704e-11,2.7127024718946863e-16,True,1e-06,PASS
Behaviour cloning,test_083_4cbdde5f376f,1409200687.0,112011.0800788319,8599.949562585314,93758.16127504072,3738.776495077171,3360.0576888100018,1348.8996359684088,1205.235421350331,0.0,112011.08007883195,4.3655745685100555e-11,3.8974488643780797e-16,True,1e-06,PASS
Behaviour cloning,test_083_4cbdde5f376f,3018804584.0,114745.65268795242,8573.415877891433,96473.09260349744,3839.5277083558094,3342.649494091542,1344.1493521643076,1172.817651951935,0.0,114745.65268795246,4.3655745685100555e-11,3.8045664181998364e-16,True,1e-06,PASS
Behaviour cloning,test_083_4cbdde5f376f,959653586.0,113662.4684550796,8557.859149672802,95488.09299244556,3802.269597676277,3332.983617069041,1340.7639075909776,1140.499190624926,0.0,113662.46845507958,1.4551915228366852e-11,1.2802744323750014e-16,True,1e-06,PASS
PPO,test_083_4cbdde5f376f,1694234878.0,193989.4013716088,7564.390011459657,174379.45942302732,7034.422058128235,2843.1404310348294,1079.572045894189,1088.417402064509,0.0,193989.40137160872,8.731149137020111e-11,4.500838228937364e-16,True,1e-06,PASS
PPO,test_083_4cbdde5f376f,1635820214.0,150058.48515115585,8158.215639625429,131190.16226379722,5234.311267641468,3144.890017262353,1224.7901539858735,1106.1158088435243,0.0,150058.48515115582,2.9103830456733704e-11,1.9394991511087853e-16,True,1e-06,PASS
PPO,test_083_4cbdde5f376f,456241246.0,176944.7991041822,7890.9299169912065,157612.82786145463,6330.97011522604,3025.215289470212,1147.7051158724598,937.1508051677384,0.0,176944.7991041823,1.1641532182693481e-10,6.579188674451594e-16,True,1e-06,PASS
Vanilla SAC,test_083_4cbdde5f376f,3760190062.0,290112.068449114,6681.119173580694,268568.3291534432,11482.7225144964,2567.112211950863,809.131516177842,3.653879464999853,0.0,290112.0684491141,1.1641532182693481e-10,4.012770735435786e-16,True,1e-06,PASS
Vanilla SAC,test_083_4cbdde5f376f,3890281123.0,290129.6656428018,6680.9137437880045,268586.21643893275,11483.617907890111,2567.0601739322287,809.1259684750949,2.7314097836739397,0.0,290129.66564280185,5.820766091346741e-11,2.0062636747091828e-16,True,1e-06,PASS
Vanilla SAC,test_083_4cbdde5f376f,4226533458.0,290112.845326624,6680.890251284888,268568.4599570989,11482.752927035675,2566.9714311458106,809.1210348082752,4.649725250503557,0.0,290112.845326624,0.0,0.0,True,1e-06,PASS
Constrained SAC,test_083_4cbdde5f376f,301721597.0,290142.336063975,6681.805876677271,268595.6510475036,11483.996565305166,2567.537664733525,809.1808501804785,4.164059574961165,0.0,290142.336063975,0.0,0.0,True,1e-06,PASS
Constrained SAC,test_083_4cbdde5f376f,554911178.0,290132.25796664815,6681.243409561226,268587.27362708974,11483.623443238052,2567.2222221989014,809.1503274192393,3.7449371409208254,0.0,290132.25796664803,1.1641532182693481e-10,4.0124914975954594e-16,True,1e-06,PASS
Constrained SAC,test_083_4cbdde5f376f,1600960620.0,290143.0417666109,6681.382645117312,268598.3125247558,11484.144584801052,2567.31404042652,809.1636242113592,2.7243472989020447,0.0,290143.04176661087,5.820766091346741e-11,2.006171182291845e-16,True,1e-06,PASS
Model-guided constrained SAC,test_083_4cbdde5f376f,301721597.0,112621.97462865627,8641.471927663402,94485.76182850302,3764.6398524020074,3404.000684449904,1361.032693758627,965.067641879344,0.0,112621.97462865629,1.4551915228366852e-11,1.2921026537093025e-16,True,1e-06,PASS
Model-guided constrained SAC,test_083_4cbdde5f376f,554911178.0,115319.59846731406,8602.235730450442,97188.61427855738,3863.419674848727,3375.832258232664,1354.7265823826854,934.7699428421568,0.0,115319.59846731406,0.0,0.0,True,1e-06,PASS
Model-guided constrained SAC,test_083_4cbdde5f376f,1600960620.0,114179.251384171,8592.635476214997,96134.67163836586,3824.426742745998,3371.161416370013,1351.500536594589,904.8555738794428,0.0,114179.2513841709,1.0186340659856796e-10,8.9213587726053e-16,True,1e-06,PASS
Passive,test_084_513eb18f351c,,289915.1600165364,6728.149814103281,268290.54749543755,11471.245941757485,2615.26386661132,809.9528986267936,0.0,0.0,289915.16001653636,5.820766091346741e-11,2.0077480912052792e-16,True,1e-06,PASS
Reactive,test_084_513eb18f351c,,100818.0067708606,8001.576939348878,84629.66880426434,3399.436147280308,2860.4240630086288,1327.1279491641906,599.772867794264,0.0,100818.00677086061,1.4551915228366852e-11,1.4433845395734196e-16,True,1e-06,PASS
Projected stochastic MPC,test_084_513eb18f351c,,109733.5837980775,9418.613337327031,91208.29380280685,3685.8735882502474,4009.444839874106,1411.358229819272,0.0,0.0,109733.58379807751,1.4551915228366852e-11,1.3261131847424268e-16,True,1e-06,PASS
Behaviour cloning,test_084_513eb18f351c,1409200687.0,114593.90121685504,8633.20563432815,96163.99101096787,3845.741784396036,3406.6537141773247,1338.865749669142,1205.4433233165355,0.0,114593.90121685507,2.9103830456733704e-11,2.5397364211955955e-16,True,1e-06,PASS
Behaviour cloning,test_084_513eb18f351c,3018804584.0,117464.4299016557,8619.102880124898,98985.06943489128,3951.600092903065,3400.0650246834443,1335.3123925185646,1173.2800765343934,0.0,117464.42990165566,4.3655745685100555e-11,3.7165076884679293e-16,True,1e-06,PASS
Behaviour cloning,test_084_513eb18f351c,959653586.0,116319.46725670688,8604.146367248553,97937.52755624273,3911.9249342774096,3393.192010786396,1332.0774933791715,1140.598894772693,0.0,116319.46725670695,7.275957614183426e-11,6.255150393808136e-16,True,1e-06,PASS
PPO,test_084_513eb18f351c,1694234878.0,195935.65485536415,7595.166614983308,176164.8772428645,7115.042357645245,2901.0515228580234,1071.314521358674,1088.2025956544796,0.0,195935.6548553642,5.820766091346741e-11,2.9707538914464116e-16,True,1e-06,PASS
PPO,test_084_513eb18f351c,1635820214.0,152520.02590289837,8179.973833167774,133492.3324085252,5339.769821016128,3187.897295208465,1214.051592792014,1106.0009521887914,0.0,152520.02590289837,0.0,0.0,True,1e-06,PASS
PPO,test_084_513eb18f351c,456241246.0,179158.82193214528,7909.880573288095,159686.29606624012,6423.583176386929,3064.761080970106,1137.421393866839,936.8796413931092,0.0,179158.8219321452,8.731149137020111e-11,4.873412898599519e-16,True,1e-06,PASS
Vanilla SAC,test_084_513eb18f351c,3760190062.0,289860.9145468107,6728.780519408924,268234.6066450158,11468.46178306244,2615.507001539806,809.9642612119017,3.594336571753172,0.0,289860.9145468107,0.0,0.0,True,1e-06,PASS
Vanilla SAC,test_084_513eb18f351c,3890281123.0,289879.96068983665,6728.6250216767385,268253.849373716,11469.412129693244,2615.4168418909544,809.9657788830627,2.6915439766390463,0.0,289879.9606898367,5.820766091346741e-11,2.0079918865363707e-16,True,1e-06,PASS
Vanilla SAC,test_084_513eb18f351c,4226533458.0,289860.19057203573,6728.5209871134775,268233.31598294806,11468.43006310911,2615.3750046743835,809.9505073674687,4.598026823224515,0.0,289860.19057203573,0.0,0.0,True,1e-06,PASS
Constrained SAC,test_084_513eb18f351c,301721597.0,289892.3390680494,6729.524736319048,268262.9762964627,11469.77803346319,2615.907418613586,810.0203039581507,4.13227923270735,0.0,289892.3390680494,0.0,0.0,True,1e-06,PASS
Constrained SAC,test_084_513eb18f351c,554911178.0,289881.1071529476,6728.91223186589,268253.5846365167,11469.361512997611,2615.5608456770337,809.985652402838,3.70227348739961,0.0,289881.10715294746,1.1641532182693481e-10,4.015967890087834e-16,True,1e-06,PASS
Constrained SAC,test_084_513eb18f351c,1600960620.0,289893.727986398,6729.102345806741,268266.3642546218,11469.957265564326,2615.6155652873344,810.004985442006,2.683569675800083,0.0,289893.7279863979,5.820766091346741e-11,2.0078965253155995e-16,True,1e-06,PASS
Model-guided constrained SAC,test_084_513eb18f351c,301721597.0,115203.03606540473,8675.034258209313,96895.16870271822,3871.3595347454975,3443.140879018885,1352.9607585174113,965.3719321954007,0.0,115203.03606540473,0.0,0.0,True,1e-06,PASS
Model-guided constrained SAC,test_084_513eb18f351c,554911178.0,117998.3244891752,8634.862593475198,99692.11110899768,3974.539487631877,3415.714327195033,1346.4221225089675,934.674849366476,0.0,117998.32448917523,2.9103830456733704e-11,2.466461331779639e-16,True,1e-06,PASS
Model-guided constrained SAC,test_084_513eb18f351c,1600960620.0,116781.89116936576,8626.254757172906,98562.11688160528,3932.5085485121463,3412.7990853162064,1343.5182986356108,904.6935981235376,0.0,116781.8911693657,5.820766091346741e-11,4.984305385930969e-16,True,1e-06,PASS
Passive,test_085_650c50514b66,,302871.04286145867,7377.440759634122,279659.0357635138,11957.326421013922,3007.3164103303566,869.9235069663747,0.0,0.0,302871.0428614586,5.820766091346741e-11,1.921862861617086e-16,True,1e-06,PASS
Reactive,test_085_650c50514b66,,102602.28775554492,8594.466110042498,85274.54322275957,3407.356543221353,3255.075913128212,1397.135634878316,673.7103315148927,0.0,102602.28775554485,7.275957614183426e-11,7.091418498892304e-16,True,1e-06,PASS
Projected stochastic MPC,test_085_650c50514b66,,113494.24188700416,10166.960839476,93503.22130610808,3757.877113171549,4552.224848316647,1513.9577799319334,0.0,0.0,113494.24188700422,5.820766091346741e-11,5.128688464338081e-16,True,1e-06,PASS
Behaviour cloning,test_085_650c50514b66,1409200687.0,116500.82458153802,9372.172638197764,96747.35958402423,3847.343638600362,3888.0432557635554,1447.6245733571966,1198.2808915949245,0.0,116500.82458153804,1.4551915228366852e-11,1.2490825949632726e-16,True,1e-06,PASS
Behaviour cloning,test_085_650c50514b66,3018804584.0,119624.46552203504,9358.694913009074,99807.30009782166,3962.084401762128,3884.814765703184,1442.6520736471743,1168.9192700917831,0.0,119624.465522035,4.3655745685100555e-11,3.6493994346883073e-16,True,1e-06,PASS
Behaviour cloning,test_085_650c50514b66,959653586.0,118324.1565447527,9346.834933322629,98611.7055861085,3916.1288220081046,3874.6435490414046,1440.2552821700592,1134.588372102052,0.0,118324.15654475272,2.9103830456733704e-11,2.459669378308733e-16,True,1e-06,PASS
PPO,test_085_650c50514b66,1694234878.0,202724.9002110128,8307.375764212358,181522.802205438,7300.2201716338495,3358.626755187595,1160.5518034988108,1075.3235110422704,0.0,202724.90021101292,1.1641532182693481e-10,5.742527025824659e-16,True,1e-06,PASS
PPO,test_085_650c50514b66,1635820214.0,154124.32411905113,8947.254766865912,133774.6529781373,5305.79530494529,3678.626636699284,1321.1536071283747,1096.840825274949,0.0,154124.3241190511,2.9103830456733704e-11,1.8883346689814429e-16,True,1e-06,PASS
PPO,test_085_650c50514b66,456241246.0,184475.32631961745,8649.182043137076,163587.82051916572,6543.66132819281,3550.335527588887,1233.3854680336108,910.941433499326,0.0,184475.32631961742,2.9103830456733704e-11,1.5776543691436066e-16,True,1e-06,PASS
Vanilla SAC,test_085_650c50514b66,3760190062.0,302823.0757952573,7378.257140884393,279608.7988845979,11954.910876947706,3008.11855712026,869.9477778901089,3.042557816999282,0.0,302823.0757952574,1.1641532182693481e-10,3.8443345680051396e-16,True,1e-06,PASS
Vanilla SAC,test_085_650c50514b66,3890281123.0,302840.95706805185,7378.047869854506,279627.0059753317,11955.778703050162,3007.89703206488,869.9462559458074,2.281231804812061,0.0,302840.95706805185,0.0,0.0,True,1e-06,PASS
Vanilla SAC,test_085_650c50514b66,4226533458.0,302824.1363169748,7378.051248616864,279609.323378085,11954.949697162296,3007.927511357772,869.9378455850747,3.946636167636016,0.0,302824.13631697465,1.7462298274040222e-10,5.766481657116633e-16,True,1e-06,PASS
Constrained SAC,test_085_650c50514b66,301721597.0,302852.10424039105,7378.992402589594,279634.6185447403,11956.0831690698,3008.802308881944,869.9999806918954,3.607834417514976,0.0,302852.104240391,5.820766091346741e-11,1.9219830438181355e-16,True,1e-06,PASS
Constrained SAC,test_085_650c50514b66,554911178.0,302844.32057183114,7378.405958292525,279628.72201247,11955.825315616526,3008.226565607839,869.9733413402759,3.167378503931761,0.0,302844.3205718311,5.820766091346741e-11,1.9220324423967935e-16,True,1e-06,PASS
Constrained SAC,test_085_650c50514b66,1600960620.0,302853.5088875727,7378.546549056553,279638.0811807776,11956.258082115051,3008.360420452469,869.9848280163852,2.2778271546480418,0.0,302853.5088875727,0.0,0.0,True,1e-06,PASS
Model-guided constrained SAC,test_085_650c50514b66,301721597.0,117094.95285105158,9406.55950022118,97488.17520513452,3872.142356722968,3907.71319937081,1461.7929400764897,958.5696495257037,0.0,117094.95285105167,8.731149137020111e-11,7.45646923665993e-16,True,1e-06,PASS
Model-guided constrained SAC,test_085_650c50514b66,554911178.0,120120.73546992028,9365.558601478742,100506.22429142195,3983.348188199641,3880.332092067036,1453.7642871861233,931.5080095667917,0.0,120120.73546992028,0.0,0.0,True,1e-06,PASS
Model-guided constrained SAC,test_085_650c50514b66,1600960620.0,118759.4783486496,9358.604238219212,99239.70485665643,3935.430859580092,3875.019024182382,1451.3424867380054,899.3768832734306,0.0,118759.47834864957,2.9103830456733704e-11,2.4506532751256937e-16,True,1e-06,PASS
Passive,test_086_754dc8e1ab0e,,298436.47826964606,7210.456541314474,275748.3696424708,11790.11872106721,2829.479560354041,858.0538044394725,0.0,0.0,298436.478269646,5.820766091346741e-11,1.9504204462858956e-16,True,1e-06,PASS
Reactive,test_086_754dc8e1ab0e,,106651.81179424233,8486.953896548792,89409.72572319958,3592.103052170117,3157.4237772735646,1358.7865808977294,646.8187641525967,0.0,106651.81179424237,4.3655745685100555e-11,4.093296208537298e-16,True,1e-06,PASS
Projected stochastic MPC,test_086_754dc8e1ab0e,,116460.93554733056,9981.962669040597,96707.2175194816,3905.1802954194286,4390.079571719923,1476.4954916689692,0.0,0.0,116460.93554733052,4.3655745685100555e-11,3.7485312547020153e-16,True,1e-06,PASS
Behaviour cloning,test_086_754dc8e1ab0e,1409200687.0,121166.19843141084,9180.224547913773,101585.19555620811,4063.358657994804,3733.498833822289,1402.9430630565591,1200.9777724152586,0.0,121166.1984314108,4.3655745685100555e-11,3.6029640485760544e-16,True,1e-06,PASS
Behaviour cloning,test_086_754dc8e1ab0e,3018804584.0,124238.13017057338,9163.130243775278,104604.45743707934,4176.7299010131655,3725.906350522877,1398.2803414346708,1169.625896748028,0.0,124238.13017057335,2.9103830456733704e-11,2.342584391504883e-16,True,1e-06,PASS
Behaviour cloning,test_086_754dc8e1ab0e,959653586.0,122974.38158683055,9153.888851011408,103436.58166620338,4132.522177557331,3719.427645625986,1395.5549076086586,1136.4063388238303,0.0,122974.38158683058,2.9103830456733704e-11,2.366658004796217e-16,True,1e-06,PASS
PPO,test_086_754dc8e1ab0e,1694234878.0,205021.85109048663,8112.368363588789,184105.44779417416,7413.620557026814,3186.2637300383126,1124.8669008321822,1079.2837448263997,0.0,205021.85109048666,2.9103830456733704e-11,1.4195477361039284e-16,True,1e-06,PASS
PPO,test_086_754dc8e1ab0e,1635820214.0,158496.44232730145,8746.793807629068,138345.46837930536,5512.482969183093,3514.781808160871,1278.3954369149697,1098.5199261080909,0.0,158496.44232730143,2.9103830456733704e-11,1.836245030448894e-16,True,1e-06,PASS
PPO,test_086_754dc8e1ab0e,456241246.0,187329.6649042262,8453.432212807242,166698.63763329163,6682.223113005386,3381.6786664773485,1195.9082270628014,917.7850515818596,0.0,187329.6649042263,8.731149137020111e-11,4.660847037485484e-16,True,1e-06,PASS
Vanilla SAC,test_086_754dc8e1ab0e,3760190062.0,298386.88026120415,7211.282438851997,275696.8567286388,11787.63028503512,2829.965319187361,858.069066603862,3.0764228870288384,0.0,298386.8802612042,5.820766091346741e-11,1.95074464609547e-16,True,1e-06,PASS
Vanilla SAC,test_086_754dc8e1ab0e,3890281123.0,298405.31602645107,7211.063972721392,275715.51588996034,11788.523150238836,2829.836429640492,858.0711743588051,2.305409531264806,0.0,298405.3160264512,1.1641532182693481e-10,3.9012482544585633e-16,True,1e-06,PASS
Vanilla SAC,test_086_754dc8e1ab0e,4226533458.0,298388.5805485512,7211.050959472769,275697.9859943277,11787.69550360224,2829.804381388216,858.0629253290051,3.9807844311930976,0.0,298388.58054855117,5.820766091346741e-11,1.950733530299976e-16,True,1e-06,PASS
Constrained SAC,test_086_754dc8e1ab0e,301721597.0,298417.0138794065,7211.972997858806,275723.91349937505,11788.864486782468,2830.523996188421,858.1268813867047,3.612017815081222,0.0,298417.0138794065,0.0,0.0,True,1e-06,PASS
Constrained SAC,test_086_754dc8e1ab0e,554911178.0,298408.48767733615,7211.393231852099,275717.1747279603,11788.565577275873,2830.0619643550795,858.0981902832616,3.1939856095674086,0.0,298408.4876773362,5.820766091346741e-11,1.9506033949143675e-16,True,1e-06,PASS
Constrained SAC,test_086_754dc8e1ab0e,1600960620.0,298418.5568074903,7211.529670208036,275727.3919921477,11789.039401435772,2830.1879004943034,858.1115585945564,2.296284609873187,0.0,298418.5568074903,0.0,0.0,True,1e-06,PASS
Model-guided constrained SAC,test_086_754dc8e1ab0e,301721597.0,121474.1568150603,9225.227454560969,101964.2123045951,4076.6257185428567,3775.776376512588,1411.11901818185,1021.1959426669129,0.0,121474.15681506028,1.4551915228366852e-11,1.1979433000322511e-16,True,1e-06,PASS
Model-guided constrained SAC,test_086_754dc8e1ab0e,554911178.0,124507.607569386,9196.372023567015,104967.505441003,4188.364442110571,3760.130896708122,1404.2665087584423,990.9682572387932,0.0,124507.60756938596,4.3655745685100555e-11,3.5062713465738983e-16,True,1e-06,PASS
Model-guided constrained SAC,test_086_754dc8e1ab0e,1600960620.0,123194.29153106268,9187.568053889983,103748.5503926064,4142.646872048939,3754.443700099778,1401.2220666531384,959.8604457644012,0.0,123194.29153106261,7.275957614183426e-11,5.906083410000241e-16,True,1e-06,PASS
Passive,test_087_cbc79ee243dd,,288613.96288815374,6794.195492654815,266944.5515092386,11413.695429487852,2650.2098601489784,811.3105966234424,0.0,0.0,288613.9628881537,5.820766091346741e-11,2.01679989183422e-16,True,1e-06,PASS
Reactive,test_087_cbc79ee243dd,,106622.62804238893,8077.686672087398,90109.3969945392,3640.3243280819142,2911.2520313384493,1303.0909383430806,580.8770779988864,0.0,106622.62804238893,0.0,0.0,True,1e-06,PASS
Projected stochastic MPC,test_087_cbc79ee243dd,,116185.14106810169,9461.32723790311,97330.9427979014,3955.3743488133687,4051.310312234287,1386.186371249583,0.0,0.0,116185.14106810174,5.820766091346741e-11,5.009905774383757e-16,True,1e-06,PASS
Behaviour cloning,test_087_cbc79ee243dd,1409200687.0,120983.87271163068,8655.861594022035,102276.0781141736,4114.655321080274,3417.500461911093,1313.2949795298473,1206.482240913811,0.0,120983.87271163065,2.9103830456733704e-11,2.4055958702945234e-16,True,1e-06,PASS
Behaviour cloning,test_087_cbc79ee243dd,3018804584.0,124163.50030030908,8641.239116007997,105392.05357397631,4232.64273968975,3415.1613461765205,1308.7645493542996,1173.6389751041777,0.0,124163.50030030905,2.9103830456733704e-11,2.343992428237081e-16,True,1e-06,PASS
Behaviour cloning,test_087_cbc79ee243dd,959653586.0,122943.99249672124,8625.731256443643,104270.90183288054,4189.961217926497,3410.047211145739,1305.9390102824916,1141.4119680423526,0.0,122943.99249672126,1.4551915228366852e-11,1.1836214956786061e-16,True,1e-06,PASS
PPO,test_087_cbc79ee243dd,1694234878.0,201089.7405797671,7617.694761532434,181067.3395560509,7333.501326327025,2931.4466208943163,1050.2971093105605,1089.461205651801,0.0,201089.74057976707,2.9103830456733704e-11,1.4473055847018195e-16,True,1e-06,PASS
PPO,test_087_cbc79ee243dd,1635820214.0,157908.96457786212,8214.964818052365,138607.25987993702,5564.043695177186,3223.258440347292,1192.126270184791,1107.3114741634672,0.0,157908.96457786212,0.0,0.0,True,1e-06,PASS
PPO,test_087_cbc79ee243dd,456241246.0,184869.6133167475,7936.2410822131105,165117.87443545455,6663.638894108987,3096.483774759321,1114.818715615398,940.5564145961112,0.0,184869.6133167475,0.0,0.0,True,1e-06,PASS
Vanilla SAC,test_087_cbc79ee243dd,3760190062.0,288557.40570296615,6794.92188006587,266886.3007472914,11410.812452982727,2650.462362244324,811.3218105169843,3.5864498647107608,0.0,288557.40570296603,1.1641532182693481e-10,4.0343903682988424e-16,True,1e-06,PASS
Vanilla SAC,test_087_cbc79ee243dd,3890281123.0,288576.73067190364,6794.725645957494,266905.84122878994,11411.775017869166,2650.37831046349,811.3225812442848,2.687887579297501,0.0,288576.73067190376,1.1641532182693481e-10,4.0341201993619103e-16,True,1e-06,PASS
Vanilla SAC,test_087_cbc79ee243dd,4226533458.0,288554.8023237572,6794.580791873716,266883.34746214206,11410.708550597794,2650.26261009589,811.3033380697502,4.599570977884579,0.0,288554.80232375715,5.820766091346741e-11,2.0172133835484974e-16,True,1e-06,PASS
Constrained SAC,test_087_cbc79ee243dd,301721597.0,288588.8251852291,6795.637306611799,266914.63734154654,11412.1258172824,2650.9087611884697,811.3781998063054,4.137758793613966,0.0,288588.8251852291,0.0,0.0,True,1e-06,PASS
Constrained SAC,test_087_cbc79ee243dd,554911178.0,288577.1549941276,6794.974747704044,266904.9254604315,11411.696168073582,2650.51173745356,811.3414912556376,3.7053892091760727,0.0,288577.15499412746,1.1641532182693481e-10,4.034114267614282e-16,True,1e-06,PASS
Constrained SAC,test_087_cbc79ee243dd,1600960620.0,288590.9273847187,6795.197419371883,266918.72793199826,11412.336762726876,2650.619351227005,811.3628467709015,2.683072623886423,0.0,288590.92738471885,1.1641532182693481e-10,4.033921748057668e-16,True,1e-06,PASS
Model-guided constrained SAC,test_087_cbc79ee243dd,301721597.0,121594.4884640938,8699.82402498083,103004.4067920568,4140.207451478043,3456.992395132994,1326.538710852038,966.5190895930592,0.0,121594.48846409377,2.9103830456733704e-11,2.3935155963362524e-16,True,1e-06,PASS
Model-guided constrained SAC,test_087_cbc79ee243dd,554911178.0,124645.31038553215,8657.842701225312,106047.7924231012,4254.153805304026,3430.9648396169305,1319.3426373557306,935.2139789289616,0.0,124645.31038553217,1.4551915228366852e-11,1.1674659225732028e-16,True,1e-06,PASS
Model-guided constrained SAC,test_087_cbc79ee243dd,1600960620.0,123376.522758099,8649.810613323383,104864.22626446668,4209.613673427354,3431.0451829023004,1316.4218723869772,905.4051515922888,0.0,123376.52275809897,2.9103830456733704e-11,2.3589439713580513e-16,True,1e-06,PASS
