case_id,algorithm,iteration,equilibrium_residual,tolerance,wall_clock_seconds
production_problem_0,Conventional MSA,0,0.5867389652145829,1e-06,0.04681129986420274
production_problem_0,Conventional MSA,1,0.027518558977047552,1e-06,0.04681129986420274
production_problem_0,Conventional MSA,2,0.010969394306438788,1e-06,0.04681129986420274
production_problem_0,Conventional MSA,3,0.0066433132275684195,1e-06,0.04681129986420274
production_problem_0,Conventional MSA,4,0.0046872152551393825,1e-06,0.04681129986420274
production_problem_0,Conventional MSA,5,0.0035858430533545907,1e-06,0.04681129986420274
production_problem_0,Conventional MSA,6,0.0028848498997156085,1e-06,0.04681129986420274
production_problem_0,Conventional MSA,7,0.002402044804313939,1e-06,0.04681129986420274
production_problem_0,Conventional MSA,8,0.0020506268327348852,1e-06,0.04681129986420274
production_problem_0,Conventional MSA,9,0.0017841632500844268,1e-06,0.04681129986420274
production_problem_0,Conventional MSA,10,0.0015756461038552287,1e-06,0.04681129986420274
production_problem_0,Conventional MSA,11,0.0014083347439327388,1e-06,0.04681129986420274
production_problem_0,Conventional MSA,12,0.001271320391778796,1e-06,0.04681129986420274
production_problem_0,Conventional MSA,13,0.00115720124773921,1e-06,0.04681129986420274
production_problem_0,Conventional MSA,14,0.0010607845890788245,1e-06,0.04681129986420274
production_problem_0,Conventional MSA,15,0.0009783238653872529,1e-06,0.04681129986420274
production_problem_0,Conventional MSA,16,0.0009070505579155707,1e-06,0.04681129986420274
production_problem_0,Conventional MSA,17,0.0008448762489313179,1e-06,0.04681129986420274
production_problem_0,Conventional MSA,18,0.0007901969831953917,1e-06,0.04681129986420274
production_problem_0,Conventional MSA,19,0.000741761257506129,1e-06,0.04681129986420274
production_problem_0,Conventional MSA,20,0.0006985787933414339,1e-06,0.04681129986420274
production_problem_0,Conventional MSA,21,0.0006598561484804192,1e-06,0.04681129986420274
production_problem_0,Conventional MSA,22,0.0006249504089899624,1e-06,0.04681129986420274
production_problem_0,Conventional MSA,23,0.0005933353182230145,1e-06,0.04681129986420274
production_problem_0,Conventional MSA,24,0.0005645761229289593,1e-06,0.04681129986420274
production_problem_0,Conventional MSA,25,0.0005383106336529862,1e-06,0.04681129986420274
production_problem_0,Conventional MSA,26,0.000514234783932964,1e-06,0.04681129986420274
production_problem_0,Conventional MSA,27,0.0004920914924376306,1e-06,0.04681129986420274
production_problem_0,Conventional MSA,28,0.0004716619814711006,1e-06,0.04681129986420274
production_problem_0,Conventional MSA,29,0.0004527589439946485,1e-06,0.04681129986420274
production_problem_0,Conventional MSA,30,0.00043522111700013084,1e-06,0.04681129986420274
production_problem_0,Conventional MSA,31,0.000418908935706302,1e-06,0.04681129986420274
production_problem_0,Conventional MSA,32,0.0004037010262220752,1e-06,0.04681129986420274
production_problem_0,Conventional MSA,33,0.00038949135437328484,1e-06,0.04681129986420274
production_problem_0,Conventional MSA,34,0.00037618689222687044,1e-06,0.04681129986420274
production_problem_0,Conventional MSA,35,0.0003637056961917361,1e-06,0.04681129986420274
production_problem_0,Conventional MSA,36,0.00035197531467272026,1e-06,0.04681129986420274
production_problem_0,Conventional MSA,37,0.00034093146138172356,1e-06,0.04681129986420274
production_problem_0,Conventional MSA,38,0.0003305169041525307,1e-06,0.04681129986420274
production_problem_0,Conventional MSA,39,0.00032068052961939104,1e-06,0.04681129986420274
production_problem_0,Conventional MSA,40,0.0003113765522224273,1e-06,0.04681129986420274
production_problem_0,Conventional MSA,41,0.0003025638422863569,1e-06,0.04681129986420274
production_problem_0,Conventional MSA,42,0.000294205352838478,1e-06,0.04681129986420274
production_problem_0,Conventional MSA,43,0.00028626762869425696,1e-06,0.04681129986420274
production_problem_0,Conventional MSA,44,0.00027872038439965,1e-06,0.04681129986420274
production_problem_0,Conventional MSA,45,0.0002715361400555188,1e-06,0.04681129986420274
production_problem_0,Conventional MSA,46,0.0002646899059984737,1e-06,0.04681129986420274
production_problem_0,Conventional MSA,47,0.00025815890888268534,1e-06,0.04681129986420274
production_problem_0,Conventional MSA,48,0.00025192235297847345,1e-06,0.04681129986420274
production_problem_0,Conventional MSA,49,0.00024596121152964726,1e-06,0.04681129986420274
production_problem_0,Conventional MSA,50,0.00024025804386176283,1e-06,0.04681129986420274
production_problem_0,Conventional MSA,51,0.00023479683461766465,1e-06,0.04681129986420274
production_problem_0,Conventional MSA,52,0.00022956285206990294,1e-06,0.04681129986420274
production_problem_0,Conventional MSA,53,0.00022454252292873993,1e-06,0.04681129986420274
production_problem_0,Conventional MSA,54,0.00021972332145411028,1e-06,0.04681129986420274
production_problem_0,Conventional MSA,55,0.00021509367100822546,1e-06,0.04681129986420274
production_problem_0,Conventional MSA,56,0.00021064285645402018,1e-06,0.04681129986420274
production_problem_0,Conventional MSA,57,0.00020636094603617133,1e-06,0.04681129986420274
production_problem_0,Conventional MSA,58,0.00020223872157183962,1e-06,0.04681129986420274
production_problem_0,Conventional MSA,59,0.00019826761594194943,1e-06,0.04681129986420274
production_problem_0,Conventional MSA,60,0.00019443965700805123,1e-06,0.04681129986420274
production_problem_0,Conventional MSA,61,0.00019074741720413139,1e-06,0.04681129986420274
production_problem_0,Conventional MSA,62,0.0001871839681410987,1e-06,0.04681129986420274
production_problem_0,Conventional MSA,63,0.000183742839659511,1e-06,0.04681129986420274
production_problem_0,Conventional MSA,64,0.00018041798282714185,1e-06,0.04681129986420274
production_problem_0,Conventional MSA,65,0.0001772037364493016,1e-06,0.04681129986420274
production_problem_0,Conventional MSA,66,0.000174094796709265,1e-06,0.04681129986420274
production_problem_0,Conventional MSA,67,0.0001710861896036154,1e-06,0.04681129986420274
production_problem_0,Conventional MSA,68,0.00016817324587904632,1e-06,0.04681129986420274
production_problem_0,Conventional MSA,69,0.00016535157820836015,1e-06,0.04681129986420274
production_problem_0,Conventional MSA,70,0.00016261706037917761,1e-06,0.04681129986420274
production_problem_0,Conventional MSA,71,0.00015996580829013714,1e-06,0.04681129986420274
production_problem_0,Conventional MSA,72,0.00015739416257491587,1e-06,0.04681129986420274
production_problem_0,Conventional MSA,73,0.00015489867269497442,1e-06,0.04681129986420274
production_problem_0,Conventional MSA,74,0.00015247608235770084,1e-06,0.04681129986420274
production_problem_0,Conventional MSA,75,0.0001501233161344617,1e-06,0.04681129986420274
production_problem_0,Conventional MSA,76,0.00014783746716406484,1e-06,0.04681129986420274
production_problem_0,Conventional MSA,77,0.00014561578584194992,1e-06,0.04681129986420274
production_problem_0,Conventional MSA,78,0.00014345566940243134,1e-06,0.04681129986420274
production_problem_0,Conventional MSA,79,0.00014135465231612497,1e-06,0.04681129986420274
production_problem_0,Conventional MSA,80,0.00013931039742667343,1e-06,0.04681129986420274
production_problem_0,Conventional MSA,81,0.00013732068776139096,1e-06,0.04681129986420274
production_problem_0,Conventional MSA,82,0.00013538341896040287,1e-06,0.04681129986420274
production_problem_0,Conventional MSA,83,0.00013349659226611632,1e-06,0.04681129986420274
production_problem_0,Conventional MSA,84,0.0001316583080282191,1e-06,0.04681129986420274
production_problem_0,Conventional MSA,85,0.00012986675967996004,1e-06,0.04681129986420274
production_problem_0,Conventional MSA,86,0.0001281202281463763,1e-06,0.04681129986420274
production_problem_0,Conventional MSA,87,0.00012641707664916532,1e-06,0.04681129986420274
production_problem_0,Conventional MSA,88,0.00012475574587489973,1e-06,0.04681129986420274
production_problem_0,Conventional MSA,89,0.00012313474947854718,1e-06,0.04681129986420274
production_problem_0,Conventional MSA,90,0.00012155266989590867,1e-06,0.04681129986420274
production_problem_0,Conventional MSA,91,0.00012000815443765764,1e-06,0.04681129986420274
production_problem_0,Conventional MSA,92,0.00011849991164799392,1e-06,0.04681129986420274
production_problem_0,Conventional MSA,93,0.000117026707902051,1e-06,0.04681129986420274
production_problem_0,Conventional MSA,94,0.00011558736422873841,1e-06,0.04681129986420274
production_problem_0,Conventional MSA,95,0.00011418075333857804,1e-06,0.04681129986420274
production_problem_0,Conventional MSA,96,0.00011280579684233375,1e-06,0.04681129986420274
production_problem_0,Conventional MSA,97,0.00011146146264772991,1e-06,0.04681129986420274
production_problem_0,Conventional MSA,98,0.00011014676251859593,1e-06,0.04681129986420274
production_problem_0,Conventional MSA,99,0.00010886074978671188,1e-06,0.04681129986420274
production_problem_0,Conventional MSA,100,0.00010760251720461546,1e-06,0.04681129986420274
production_problem_0,Conventional MSA,101,0.00010637119492978582,1e-06,0.04681129986420274
production_problem_0,Conventional MSA,102,0.00010516594862977806,1e-06,0.04681129986420274
production_problem_0,Conventional MSA,103,0.00010398597770257886,1e-06,0.04681129986420274
production_problem_0,Conventional MSA,104,0.00010283051360015938,1e-06,0.04681129986420274
production_problem_0,Conventional MSA,105,0.00010169881825257574,1e-06,0.04681129986420274
production_problem_0,Conventional MSA,106,0.00010059018258223655,1e-06,0.04681129986420274
production_problem_0,Conventional MSA,107,9.950392510487248e-05,1e-06,0.04681129986420274
production_problem_0,Conventional MSA,108,9.84393906093887e-05,1e-06,0.04681129986420274
production_problem_0,Conventional MSA,109,9.739594891350651e-05,1e-06,0.04681129986420274
production_problem_0,Conventional MSA,110,9.637299368822219e-05,1e-06,0.04681129986420274
production_problem_0,Conventional MSA,111,9.53699413476607e-05,1e-06,0.04681129986420274
production_problem_0,Conventional MSA,112,9.438623000101537e-05,1e-06,0.04681129986420274
production_problem_0,Conventional MSA,113,9.342131846009401e-05,1e-06,0.04681129986420274
production_problem_0,Conventional MSA,114,9.247468530227067e-05,1e-06,0.04681129986420274
production_problem_0,Conventional MSA,115,9.154582798196506e-05,1e-06,0.04681129986420274
production_problem_0,Conventional MSA,116,9.06342619905519e-05,1e-06,0.04681129986420274
production_problem_0,Conventional MSA,117,8.973952006063139e-05,1e-06,0.04681129986420274
production_problem_0,Conventional MSA,118,8.886115141066514e-05,1e-06,0.04681129986420274
production_problem_0,Conventional MSA,119,8.79987210299516e-05,1e-06,0.04681129986420274
production_problem_0,Conventional MSA,120,8.715180899941845e-05,1e-06,0.04681129986420274
production_problem_0,Conventional MSA,121,8.6320009848467e-05,1e-06,0.04681129986420274
production_problem_0,Conventional MSA,122,8.550293194223997e-05,1e-06,0.04681129986420274
production_problem_0,Conventional MSA,123,8.470019690182048e-05,1e-06,0.04681129986420274
production_problem_0,Conventional MSA,124,8.391143905067676e-05,1e-06,0.04681129986420274
production_problem_0,Conventional MSA,125,8.313630489145774e-05,1e-06,0.04681129986420274
production_problem_0,Conventional MSA,126,8.237445260592748e-05,1e-06,0.04681129986420274
production_problem_0,Conventional MSA,127,8.162555158026098e-05,1e-06,0.04681129986420274
production_problem_0,Conventional MSA,128,8.088928195279743e-05,1e-06,0.04681129986420274
production_problem_0,Conventional MSA,129,8.016533418389754e-05,1e-06,0.04681129986420274
production_problem_0,Conventional MSA,130,7.945340864616075e-05,1e-06,0.04681129986420274
production_problem_0,Conventional MSA,131,7.875321523270629e-05,1e-06,0.04681129986420274
production_problem_0,Conventional MSA,132,7.806447298623052e-05,1e-06,0.04681129986420274
production_problem_0,Conventional MSA,133,7.738690974207602e-05,1e-06,0.04681129986420274
production_problem_0,Conventional MSA,134,7.672026179076945e-05,1e-06,0.04681129986420274
production_problem_0,Conventional MSA,135,7.606427355369351e-05,1e-06,0.04681129986420274
production_problem_0,Conventional MSA,136,7.541869727534436e-05,1e-06,0.04681129986420274
production_problem_0,Conventional MSA,137,7.478329272692074e-05,1e-06,0.04681129986420274
production_problem_0,Conventional MSA,138,7.415782692646708e-05,1e-06,0.04681129986420274
production_problem_0,Conventional MSA,139,7.354207386823506e-05,1e-06,0.04681129986420274
production_problem_0,Conventional MSA,140,7.29358142664506e-05,1e-06,0.04681129986420274
production_problem_0,Conventional MSA,141,7.233883530840339e-05,1e-06,0.04681129986420274
production_problem_0,Conventional MSA,142,7.175093041957835e-05,1e-06,0.04681129986420274
production_problem_0,Conventional MSA,143,7.117189903816939e-05,1e-06,0.04681129986420274
production_problem_0,Conventional MSA,144,7.060154639923187e-05,1e-06,0.04681129986420274
production_problem_0,Conventional MSA,145,7.003968332897245e-05,1e-06,0.04681129986420274
production_problem_0,Conventional MSA,146,6.948612604636187e-05,1e-06,0.04681129986420274
production_problem_0,Conventional MSA,147,6.894069597405012e-05,1e-06,0.04681129986420274
production_problem_0,Conventional MSA,148,6.840321955674358e-05,1e-06,0.04681129986420274
production_problem_0,Conventional MSA,149,6.787352808714032e-05,1e-06,0.04681129986420274
production_problem_0,Conventional MSA,150,6.735145753881539e-05,1e-06,0.04681129986420274
production_problem_0,Conventional MSA,151,6.683684840661916e-05,1e-06,0.04681129986420274
production_problem_0,Conventional MSA,152,6.632954555307711e-05,1e-06,0.04681129986420274
production_problem_0,Conventional MSA,153,6.582939806038193e-05,1e-06,0.04681129986420274
production_problem_0,Conventional MSA,154,6.533625908953817e-05,1e-06,0.04681129986420274
production_problem_0,Conventional MSA,155,6.484998574453297e-05,1e-06,0.04681129986420274
production_problem_0,Conventional MSA,156,6.437043894121856e-05,1e-06,0.04681129986420274
production_problem_0,Conventional MSA,157,6.389748328266835e-05,1e-06,0.04681129986420274
production_problem_0,Conventional MSA,158,6.343098693816831e-05,1e-06,0.04681129986420274
production_problem_0,Conventional MSA,159,6.297082152769426e-05,1e-06,0.04681129986420274
production_problem_0,Conventional MSA,160,6.251686201050835e-05,1e-06,0.04681129986420274
production_problem_0,Conventional MSA,161,6.206898657775234e-05,1e-06,0.04681129986420274
production_problem_0,Conventional MSA,162,6.162707655032065e-05,1e-06,0.04681129986420274
production_problem_0,Conventional MSA,163,6.119101627868125e-05,1e-06,0.04681129986420274
production_problem_0,Conventional MSA,164,6.0760693048201586e-05,1e-06,0.04681129986420274
production_problem_0,Conventional MSA,165,6.033599698682551e-05,1e-06,0.04681129986420274
production_problem_0,Conventional MSA,166,5.991682097736683e-05,1e-06,0.04681129986420274
production_problem_0,Conventional MSA,167,5.9503060571705023e-05,1e-06,0.04681129986420274
production_problem_0,Conventional MSA,168,5.909461390864535e-05,1e-06,0.04681129986420274
production_problem_0,Conventional MSA,169,5.869138163577959e-05,1e-06,0.04681129986420274
production_problem_0,Conventional MSA,170,5.829326683229259e-05,1e-06,0.04681129986420274
production_problem_0,Conventional MSA,171,5.7900174936240926e-05,1e-06,0.04681129986420274
production_problem_0,Conventional MSA,172,5.7512013673462035e-05,1e-06,0.04681129986420274
production_problem_0,Conventional MSA,173,5.7128692989274776e-05,1e-06,0.04681129986420274
production_problem_0,Conventional MSA,174,5.675012498262424e-05,1e-06,0.04681129986420274
production_problem_0,Conventional MSA,175,5.6376223842773503e-05,1e-06,0.04681129986420274
production_problem_0,Conventional MSA,176,5.600690578790169e-05,1e-06,0.04681129986420274
production_problem_0,Conventional MSA,177,5.564208900568439e-05,1e-06,0.04681129986420274
production_problem_0,Conventional MSA,178,5.528169359660491e-05,1e-06,0.04681129986420274
production_problem_0,Conventional MSA,179,5.492564151798594e-05,1e-06,0.04681129986420274
production_problem_0,Conventional MSA,180,5.457385653207323e-05,1e-06,0.04681129986420274
production_problem_0,Conventional MSA,181,5.422626415308279e-05,1e-06,0.04681129986420274
production_problem_0,Conventional MSA,182,5.3882791598722685e-05,1e-06,0.04681129986420274
production_problem_0,Conventional MSA,183,5.3543367741369364e-05,1e-06,0.04681129986420274
production_problem_0,Conventional MSA,184,5.320792306170973e-05,1e-06,0.04681129986420274
production_problem_0,Conventional MSA,185,5.287638960452869e-05,1e-06,0.04681129986420274
production_problem_0,Conventional MSA,186,5.2548700934285907e-05,1e-06,0.04681129986420274
production_problem_0,Conventional MSA,187,5.2224792094188105e-05,1e-06,0.04681129986420274
production_problem_0,Conventional MSA,188,5.190459956453282e-05,1e-06,0.04681129986420274
production_problem_0,Conventional MSA,189,5.158806122468698e-05,1e-06,0.04681129986420274
production_problem_0,Conventional MSA,190,5.12751163138997e-05,1e-06,0.04681129986420274
production_problem_0,Conventional MSA,191,5.096570539517254e-05,1e-06,0.04681129986420274
production_problem_0,Conventional MSA,192,5.065977031957377e-05,1e-06,0.04681129986420274
production_problem_0,Conventional MSA,193,5.035725419186251e-05,1e-06,0.04681129986420274
production_problem_0,Conventional MSA,194,5.005810133698881e-05,1e-06,0.04681129986420274
production_problem_0,Conventional MSA,195,4.9762257267795814e-05,1e-06,0.04681129986420274
production_problem_0,Conventional MSA,196,4.94696686537544e-05,1e-06,0.04681129986420274
production_problem_0,Conventional MSA,197,4.918028329073216e-05,1e-06,0.04681129986420274
production_problem_0,Conventional MSA,198,4.889405007172105e-05,1e-06,0.04681129986420274
production_problem_0,Conventional MSA,199,4.8610918957816185e-05,1e-06,0.04681129986420274
production_problem_0,Conventional MSA,200,4.833084095155933e-05,1e-06,0.04681129986420274
production_problem_0,Conventional MSA,201,4.805376806948028e-05,1e-06,0.04681129986420274
production_problem_0,Conventional MSA,202,4.777965331631136e-05,1e-06,0.04681129986420274
production_problem_0,Conventional MSA,203,4.750845066014194e-05,1e-06,0.04681129986420274
production_problem_0,Conventional MSA,204,4.72401150077905e-05,1e-06,0.04681129986420274
production_problem_0,Conventional MSA,205,4.69746021811038e-05,1e-06,0.04681129986420274
production_problem_0,Conventional MSA,206,4.671186889447313e-05,1e-06,0.04681129986420274
production_problem_0,Conventional MSA,207,4.645187273207866e-05,1e-06,0.04681129986420274
production_problem_0,Conventional MSA,208,4.61945721263703e-05,1e-06,0.04681129986420274
production_problem_0,Conventional MSA,209,4.593992633758498e-05,1e-06,0.04681129986420274
production_problem_0,Conventional MSA,210,4.5687895432581576e-05,1e-06,0.04681129986420274
production_problem_0,Conventional MSA,211,4.5438440265896535e-05,1e-06,0.04681129986420274
production_problem_0,Conventional MSA,212,4.519152246054349e-05,1e-06,0.04681129986420274
production_problem_0,Conventional MSA,213,4.494710438840501e-05,1e-06,0.04681129986420274
production_problem_0,Conventional MSA,214,4.4705149153599275e-05,1e-06,0.04681129986420274
production_problem_0,Conventional MSA,215,4.4465620573499735e-05,1e-06,0.04681129986420274
production_problem_0,Conventional MSA,216,4.422848316283934e-05,1e-06,0.04681129986420274
production_problem_0,Conventional MSA,217,4.3993702116532744e-05,1e-06,0.04681129986420274
production_problem_0,Conventional MSA,218,4.376124329350882e-05,1e-06,0.04681129986420274
production_problem_0,Conventional MSA,219,4.3531073201622444e-05,1e-06,0.04681129986420274
production_problem_0,Conventional MSA,220,4.330315898156212e-05,1e-06,0.04681129986420274
production_problem_0,Conventional MSA,221,4.3077468392981533e-05,1e-06,0.04681129986420274
production_problem_0,Conventional MSA,222,4.2853969799294315e-05,1e-06,0.04681129986420274
production_problem_0,Conventional MSA,223,4.2632632154542845e-05,1e-06,0.04681129986420274
production_problem_0,Conventional MSA,224,4.2413424989068936e-05,1e-06,0.04681129986420274
production_problem_0,Conventional MSA,225,4.219631839643021e-05,1e-06,0.04681129986420274
production_problem_0,Conventional MSA,226,4.198128302108205e-05,1e-06,0.04681129986420274
production_problem_0,Conventional MSA,227,4.1768290045045826e-05,1e-06,0.04681129986420274
production_problem_0,Conventional MSA,228,4.155731117620915e-05,1e-06,0.04681129986420274
production_problem_0,Conventional MSA,229,4.134831863666069e-05,1e-06,0.04681129986420274
production_problem_0,Conventional MSA,230,4.114128515064788e-05,1e-06,0.04681129986420274
production_problem_0,Conventional MSA,231,4.0936183933550515e-05,1e-06,0.04681129986420274
production_problem_0,Conventional MSA,232,4.073298868132002e-05,1e-06,0.04681129986420274
production_problem_0,Conventional MSA,233,4.05316735591797e-05,1e-06,0.04681129986420274
production_problem_0,Conventional MSA,234,4.033221319177702e-05,1e-06,0.04681129986420274
production_problem_0,Conventional MSA,235,4.0134582652975684e-05,1e-06,0.04681129986420274
production_problem_0,Conventional MSA,236,3.993875745574146e-05,1e-06,0.04681129986420274
production_problem_0,Conventional MSA,237,3.9744713543158036e-05,1e-06,0.04681129986420274
production_problem_0,Conventional MSA,238,3.955242727874513e-05,1e-06,0.04681129986420274
production_problem_0,Conventional MSA,239,3.9361875436948585e-05,1e-06,0.04681129986420274
production_problem_0,Conventional MSA,240,3.917303519534774e-05,1e-06,0.04681129986420274
production_problem_0,Conventional MSA,241,3.89858841251235e-05,1e-06,0.04681129986420274
production_problem_0,Conventional MSA,242,3.880040018297626e-05,1e-06,0.04681129986420274
production_problem_0,Conventional MSA,243,3.861656170297677e-05,1e-06,0.04681129986420274
production_problem_0,Conventional MSA,244,3.8434347388726887e-05,1e-06,0.04681129986420274
production_problem_0,Conventional MSA,245,3.825373630491977e-05,1e-06,0.04681129986420274
production_problem_0,Conventional MSA,246,3.80747078708381e-05,1e-06,0.04681129986420274
production_problem_0,Conventional MSA,247,3.7897241851902146e-05,1e-06,0.04681129986420274
production_problem_0,Conventional MSA,248,3.77213183530062e-05,1e-06,0.04681129986420274
production_problem_0,Conventional MSA,249,3.754691781155595e-05,1e-06,0.04681129986420274
production_problem_0,Conventional MSA,250,3.7374020990365484e-05,1e-06,0.04681129986420274
production_problem_0,Conventional MSA,251,3.720260897078503e-05,1e-06,0.04681129986420274
production_problem_0,Conventional MSA,252,3.703266314684538e-05,1e-06,0.04681129986420274
production_problem_0,Conventional MSA,253,3.686416521816141e-05,1e-06,0.04681129986420274
production_problem_0,Conventional MSA,254,3.669709718425381e-05,1e-06,0.04681129986420274
production_problem_0,Conventional MSA,255,3.653144133784263e-05,1e-06,0.04681129986420274
production_problem_0,Conventional MSA,256,3.6367180259738816e-05,1e-06,0.04681129986420274
production_problem_0,Conventional MSA,257,3.620429681270106e-05,1e-06,0.04681129986420274
production_problem_0,Conventional MSA,258,3.604277413554046e-05,1e-06,0.04681129986420274
production_problem_0,Conventional MSA,259,3.5882595637785066e-05,1e-06,0.04681129986420274
production_problem_0,Conventional MSA,260,3.572374499463349e-05,1e-06,0.04681129986420274
production_problem_0,Conventional MSA,261,3.556620614129933e-05,1e-06,0.04681129986420274
production_problem_0,Conventional MSA,262,3.540996326783679e-05,1e-06,0.04681129986420274
production_problem_0,Conventional MSA,263,3.5255000814775405e-05,1e-06,0.04681129986420274
production_problem_0,Conventional MSA,264,3.5101303467168395e-05,1e-06,0.04681129986420274
production_problem_0,Conventional MSA,265,3.494885615113347e-05,1e-06,0.04681129986420274
production_problem_0,Conventional MSA,266,3.479764402799285e-05,1e-06,0.04681129986420274
production_problem_0,Conventional MSA,267,3.464765249013519e-05,1e-06,0.04681129986420274
production_problem_0,Conventional MSA,268,3.4498867157216294e-05,1e-06,0.04681129986420274
production_problem_0,Conventional MSA,269,3.435127387060381e-05,1e-06,0.04681129986420274
production_problem_0,Conventional MSA,270,3.420485869012446e-05,1e-06,0.04681129986420274
production_problem_0,Conventional MSA,271,3.405960788949494e-05,1e-06,0.04681129986420274
production_problem_0,Conventional MSA,272,3.391550795209907e-05,1e-06,0.04681129986420274
production_problem_0,Conventional MSA,273,3.3772545567635096e-05,1e-06,0.04681129986420274
production_problem_0,Conventional MSA,274,3.363070762748625e-05,1e-06,0.04681129986420274
production_problem_0,Conventional MSA,275,3.348998122141283e-05,1e-06,0.04681129986420274
production_problem_0,Conventional MSA,276,3.335035363363577e-05,1e-06,0.04681129986420274
production_problem_0,Conventional MSA,277,3.321181233959695e-05,1e-06,0.04681129986420274
production_problem_0,Conventional MSA,278,3.3074345001613956e-05,1e-06,0.04681129986420274
production_problem_0,Conventional MSA,279,3.2937939466476374e-05,1e-06,0.04681129986420274
production_problem_0,Conventional MSA,280,3.280258376096293e-05,1e-06,0.04681129986420274
production_problem_0,Conventional MSA,281,3.266826608941545e-05,1e-06,0.04681129986420274
production_problem_0,Conventional MSA,282,3.253497482994164e-05,1e-06,0.04681129986420274
production_problem_0,Conventional MSA,283,3.2402698531642806e-05,1e-06,0.04681129986420274
production_problem_0,Conventional MSA,284,3.227142591097223e-05,1e-06,0.04681129986420274
production_problem_0,Conventional MSA,285,3.214114584927244e-05,1e-06,0.04681129986420274
production_problem_0,Conventional MSA,286,3.201184738975313e-05,1e-06,0.04681129986420274
production_problem_0,Conventional MSA,287,3.188351973381454e-05,1e-06,0.04681129986420274
production_problem_0,Conventional MSA,288,3.175615223941751e-05,1e-06,0.04681129986420274
production_problem_0,Conventional MSA,289,3.162973441718296e-05,1e-06,0.04681129986420274
production_problem_0,Conventional MSA,290,3.150425592850262e-05,1e-06,0.04681129986420274
production_problem_0,Conventional MSA,291,3.1379706582395294e-05,1e-06,0.04681129986420274
production_problem_0,Conventional MSA,292,3.125607633284843e-05,1e-06,0.04681129986420274
production_problem_0,Conventional MSA,293,3.113335527683136e-05,1e-06,0.04681129986420274
production_problem_0,Conventional MSA,294,3.1011533650806235e-05,1e-06,0.04681129986420274
production_problem_0,Conventional MSA,295,3.089060182937507e-05,1e-06,0.04681129986420274
production_problem_0,Conventional MSA,296,3.077055032231856e-05,1e-06,0.04681129986420274
production_problem_0,Conventional MSA,297,3.065136977194572e-05,1e-06,0.04681129986420274
production_problem_0,Conventional MSA,298,3.053305095158288e-05,1e-06,0.04681129986420274
production_problem_0,Conventional MSA,299,3.041558476273548e-05,1e-06,0.04681129986420274
production_problem_0,Conventional MSA,300,3.02989622328802e-05,1e-06,0.04681129986420274
production_problem_0,Conventional MSA,301,3.0183174513562393e-05,1e-06,0.04681129986420274
production_problem_0,Conventional MSA,302,3.0068212878160284e-05,1e-06,0.04681129986420274
production_problem_0,Conventional MSA,303,2.995406872002366e-05,1e-06,0.04681129986420274
production_problem_0,Conventional MSA,304,2.9840733549618924e-05,1e-06,0.04681129986420274
production_problem_0,Conventional MSA,305,2.9728198994019797e-05,1e-06,0.04681129986420274
production_problem_0,Conventional MSA,306,2.9616456793403344e-05,1e-06,0.04681129986420274
production_problem_0,Conventional MSA,307,2.9505498800160036e-05,1e-06,0.04681129986420274
production_problem_0,Conventional MSA,308,2.9395316976641155e-05,1e-06,0.04681129986420274
production_problem_0,Conventional MSA,309,2.9285903393181996e-05,1e-06,0.04681129986420274
production_problem_0,Conventional MSA,310,2.9177250226724065e-05,1e-06,0.04681129986420274
production_problem_0,Conventional MSA,311,2.9069349758882354e-05,1e-06,0.04681129986420274
production_problem_0,Conventional MSA,312,2.8962194373645903e-05,1e-06,0.04681129986420274
production_problem_0,Conventional MSA,313,2.885577655657509e-05,1e-06,0.04681129986420274
production_problem_0,Conventional MSA,314,2.8750088892902117e-05,1e-06,0.04681129986420274
production_problem_0,Conventional MSA,315,2.8645124065468837e-05,1e-06,0.04681129986420274
production_problem_0,Conventional MSA,316,2.854087485329676e-05,1e-06,0.04681129986420274
production_problem_0,Conventional MSA,317,2.8437334130466058e-05,1e-06,0.04681129986420274
production_problem_0,Conventional MSA,318,2.83344948638248e-05,1e-06,0.04681129986420274
production_problem_0,Conventional MSA,319,2.8232350112401785e-05,1e-06,0.04681129986420274
production_problem_0,Conventional MSA,320,2.8130893025033428e-05,1e-06,0.04681129986420274
production_problem_0,Conventional MSA,321,2.8030116839475128e-05,1e-06,0.04681129986420274
production_problem_0,Conventional MSA,322,2.793001488072339e-05,1e-06,0.04681129986420274
production_problem_0,Conventional MSA,323,2.783058055967911e-05,1e-06,0.04681129986420274
production_problem_0,Conventional MSA,324,2.773180737196252e-05,1e-06,0.04681129986420274
production_problem_0,Conventional MSA,325,2.763368889633018e-05,1e-06,0.04681129986420274
production_problem_0,Conventional MSA,326,2.7536218793414527e-05,1e-06,0.04681129986420274
production_problem_0,Conventional MSA,327,2.7439390804356947e-05,1e-06,0.04681129986420274
production_problem_0,Conventional MSA,328,2.7343198750079893e-05,1e-06,0.04681129986420274
production_problem_0,Conventional MSA,329,2.7247636528899246e-05,1e-06,0.04681129986420274
production_problem_0,Conventional MSA,330,2.7152698116613465e-05,1e-06,0.04681129986420274
production_problem_0,Conventional MSA,331,2.705837756443698e-05,1e-06,0.04681129986420274
production_problem_0,Conventional MSA,332,2.6964668998119283e-05,1e-06,0.04681129986420274
production_problem_0,Conventional MSA,333,2.6871566616786623e-05,1e-06,0.04681129986420274
production_problem_0,Conventional MSA,334,2.6779064691788746e-05,1e-06,0.04681129986420274
production_problem_0,Conventional MSA,335,2.668715756553748e-05,1e-06,0.04681129986420274
production_problem_0,Conventional MSA,336,2.6595839650311274e-05,1e-06,0.04681129986420274
production_problem_0,Conventional MSA,337,2.6505105427821947e-05,1e-06,0.04681129986420274
production_problem_0,Conventional MSA,338,2.6414949447148175e-05,1e-06,0.04681129986420274
production_problem_0,Conventional MSA,339,2.632536632435229e-05,1e-06,0.04681129986420274
production_problem_0,Conventional MSA,340,2.6236350741488453e-05,1e-06,0.04681129986420274
production_problem_0,Conventional MSA,341,2.614789744547173e-05,1e-06,0.04681129986420274
production_problem_0,Conventional MSA,342,2.6060001246816413e-05,1e-06,0.04681129986420274
production_problem_0,Conventional MSA,343,2.5972657019085457e-05,1e-06,0.04681129986420274
production_problem_0,Conventional MSA,344,2.588585969797008e-05,1e-06,0.04681129986420274
production_problem_0,Conventional MSA,345,2.5799604279946754e-05,1e-06,0.04681129986420274
production_problem_0,Conventional MSA,346,2.571388582169865e-05,1e-06,0.04681129986420274
production_problem_0,Conventional MSA,347,2.5628699439246216e-05,1e-06,0.04681129986420274
production_problem_0,Conventional MSA,348,2.554404030687769e-05,1e-06,0.04681129986420274
production_problem_0,Conventional MSA,349,2.5459903656339886e-05,1e-06,0.04681129986420274
production_problem_0,Conventional MSA,350,2.5376284776051613e-05,1e-06,0.04681129986420274
production_problem_0,Conventional MSA,351,2.5293179010123673e-05,1e-06,0.04681129986420274
production_problem_0,Conventional MSA,352,2.521058175790454e-05,1e-06,0.04681129986420274
production_problem_0,Conventional MSA,353,2.5128488472992907e-05,1e-06,0.04681129986420274
production_problem_0,Conventional MSA,354,2.504689466185118e-05,1e-06,0.04681129986420274
production_problem_0,Conventional MSA,355,2.496579588421815e-05,1e-06,0.04681129986420274
production_problem_0,Conventional MSA,356,2.4885187751240885e-05,1e-06,0.04681129986420274
production_problem_0,Conventional MSA,357,2.4805065925178487e-05,1e-06,0.04681129986420274
production_problem_0,Conventional MSA,358,2.472542611922011e-05,1e-06,0.04681129986420274
production_problem_0,Conventional MSA,359,2.464626409547774e-05,1e-06,0.04681129986420274
production_problem_0,Conventional MSA,360,2.4567575665432082e-05,1e-06,0.04681129986420274
production_problem_0,Conventional MSA,361,2.4489356688656935e-05,1e-06,0.04681129986420274
production_problem_0,Conventional MSA,362,2.441160307238881e-05,1e-06,0.04681129986420274
production_problem_0,Conventional MSA,363,2.433431077061645e-05,1e-06,0.04681129986420274
production_problem_0,Conventional MSA,364,2.4257475783674037e-05,1e-06,0.04681129986420274
production_problem_0,Conventional MSA,365,2.4181094157311188e-05,1e-06,0.04681129986420274
production_problem_0,Conventional MSA,366,2.4105161982265346e-05,1e-06,0.04681129986420274
production_problem_0,Conventional MSA,367,2.4029675393598802e-05,1e-06,0.04681129986420274
production_problem_0,Conventional MSA,368,2.395463057000405e-05,1e-06,0.04681129986420274
production_problem_0,Conventional MSA,369,2.388002373310356e-05,1e-06,0.04681129986420274
production_problem_0,Conventional MSA,370,2.3805851147314697e-05,1e-06,0.04681129986420274
production_problem_0,Conventional MSA,371,2.373210911832438e-05,1e-06,0.04681129986420274
production_problem_0,Conventional MSA,372,2.3658793993808333e-05,1e-06,0.04681129986420274
production_problem_0,Conventional MSA,373,2.358590216188427e-05,1e-06,0.04681129986420274
production_problem_0,Conventional MSA,374,2.3513430050399937e-05,1e-06,0.04681129986420274
production_problem_0,Conventional MSA,375,2.3441374127438883e-05,1e-06,0.04681129986420274
production_problem_0,Conventional MSA,376,2.3369730899755164e-05,1e-06,0.04681129986420274
production_problem_0,Conventional MSA,377,2.3298496912784787e-05,1e-06,0.04681129986420274
production_problem_0,Conventional MSA,378,2.322766874987501e-05,1e-06,0.04681129986420274
production_problem_0,Conventional MSA,379,2.3157243031834053e-05,1e-06,0.04681129986420274
production_problem_0,Conventional MSA,380,2.308721641653924e-05,1e-06,0.04681129986420274
production_problem_0,Conventional MSA,381,2.301758559833954e-05,1e-06,0.04681129986420274
production_problem_0,Conventional MSA,382,2.2948347307334813e-05,1e-06,0.04681129986420274
production_problem_0,Conventional MSA,383,2.2879498309429875e-05,1e-06,0.04681129986420274
production_problem_0,Conventional MSA,384,2.2811035405342018e-05,1e-06,0.04681129986420274
production_problem_0,Conventional MSA,385,2.2742955430385554e-05,1e-06,0.04681129986420274
production_problem_0,Conventional MSA,386,2.2675255254026156e-05,1e-06,0.04681129986420274
production_problem_0,Conventional MSA,387,2.2607931779193085e-05,1e-06,0.04681129986420274
production_problem_0,Conventional MSA,388,2.2540981942204632e-05,1e-06,0.04681129986420274
production_problem_0,Conventional MSA,389,2.2474402711910777e-05,1e-06,0.04681129986420274
production_problem_0,Conventional MSA,390,2.2408191089782296e-05,1e-06,0.04681129986420274
production_problem_0,Conventional MSA,391,2.2342344108792263e-05,1e-06,0.04681129986420274
production_problem_0,Conventional MSA,392,2.2276858833487127e-05,1e-06,0.04681129986420274
production_problem_0,Conventional MSA,393,2.221173235980074e-05,1e-06,0.04681129986420274
production_problem_0,Conventional MSA,394,2.21469618138138e-05,1e-06,0.04681129986420274
production_problem_0,Conventional MSA,395,2.2082544352242586e-05,1e-06,0.04681129986420274
production_problem_0,Conventional MSA,396,2.2018477161350923e-05,1e-06,0.04681129986420274
production_problem_0,Conventional MSA,397,2.1954757457183344e-05,1e-06,0.04681129986420274
production_problem_0,Conventional MSA,398,2.1891382484454378e-05,1e-06,0.04681129986420274
production_problem_0,Conventional MSA,399,2.1828349517007772e-05,1e-06,0.04681129986420274
production_problem_0,Conventional MSA,400,2.1765655856687765e-05,1e-06,0.04681129986420274
production_problem_0,Conventional MSA,401,2.1703298833567933e-05,1e-06,0.04681129986420274
production_problem_0,Conventional MSA,402,2.1641275804995692e-05,1e-06,0.04681129986420274
production_problem_0,Conventional MSA,403,2.1579584156077356e-05,1e-06,0.04681129986420274
production_problem_0,Conventional MSA,404,2.1518221298544386e-05,1e-06,0.04681129986420274
production_problem_0,Conventional MSA,405,2.145718467043357e-05,1e-06,0.04681129986420274
production_problem_0,Conventional MSA,406,2.13964717363851e-05,1e-06,0.04681129986420274
production_problem_0,Conventional MSA,407,2.133607998710912e-05,1e-06,0.04681129986420274
production_problem_0,Conventional MSA,408,2.1276006938243272e-05,1e-06,0.04681129986420274
production_problem_0,Conventional MSA,409,2.121625013125045e-05,1e-06,0.04681129986420274
production_problem_0,Conventional MSA,410,2.1156807132105874e-05,1e-06,0.04681129986420274
production_problem_0,Conventional MSA,411,2.1097675531745808e-05,1e-06,0.04681129986420274
production_problem_0,Conventional MSA,412,2.103885294518568e-05,1e-06,0.04681129986420274
production_problem_0,Conventional MSA,413,2.0980337011574398e-05,1e-06,0.04681129986420274
production_problem_0,Conventional MSA,414,2.092212539372081e-05,1e-06,0.04681129986420274
production_problem_0,Conventional MSA,415,2.0864215777776674e-05,1e-06,0.04681129986420274
production_problem_0,Conventional MSA,416,2.08066058732242e-05,1e-06,0.04681129986420274
production_problem_0,Conventional MSA,417,2.0749293412149134e-05,1e-06,0.04681129986420274
production_problem_0,Conventional MSA,418,2.069227614920784e-05,1e-06,0.04681129986420274
production_problem_0,Conventional MSA,419,2.0635551861496247e-05,1e-06,0.04681129986420274
production_problem_0,Conventional MSA,420,2.057911834800054e-05,1e-06,0.04681129986420274
production_problem_0,Conventional MSA,421,2.0522973429544047e-05,1e-06,0.04681129986420274
production_problem_0,Conventional MSA,422,2.0467114948106893e-05,1e-06,0.04681129986420274
production_problem_0,Conventional MSA,423,2.041154076719985e-05,1e-06,0.04681129986420274
production_problem_0,Conventional MSA,424,2.0356248771253244e-05,1e-06,0.04681129986420274
production_problem_0,Conventional MSA,425,2.0301236865312013e-05,1e-06,0.04681129986420274
production_problem_0,Conventional MSA,426,2.0246502974772362e-05,1e-06,0.04681129986420274
production_problem_0,Conventional MSA,427,2.0192045045346382e-05,1e-06,0.04681129986420274
production_problem_0,Conventional MSA,428,2.0137861042694393e-05,1e-06,0.04681129986420274
production_problem_0,Conventional MSA,429,2.0083948952060056e-05,1e-06,0.04681129986420274
production_problem_0,Conventional MSA,430,2.0030306778365396e-05,1e-06,0.04681129986420274
production_problem_0,Conventional MSA,431,1.99769325457885e-05,1e-06,0.04681129986420274
production_problem_0,Conventional MSA,432,1.9923824297258904e-05,1e-06,0.04681129986420274
production_problem_0,Conventional MSA,433,1.987098009461503e-05,1e-06,0.04681129986420274
production_problem_0,Conventional MSA,434,1.9818398018185592e-05,1e-06,0.04681129986420274
production_problem_0,Conventional MSA,435,1.9766076167008834e-05,1e-06,0.04681129986420274
production_problem_0,Conventional MSA,436,1.971401265789008e-05,1e-06,0.04681129986420274
production_problem_0,Conventional MSA,437,1.966220562549801e-05,1e-06,0.04681129986420274
production_problem_0,Conventional MSA,438,1.9610653222409025e-05,1e-06,0.04681129986420274
production_problem_0,Conventional MSA,439,1.9559353618698332e-05,1e-06,0.04681129986420274
production_problem_0,Conventional MSA,440,1.950830500168995e-05,1e-06,0.04681129986420274
production_problem_0,Conventional MSA,441,1.945750557545986e-05,1e-06,0.04681129986420274
production_problem_0,Conventional MSA,442,1.9406953561573202e-05,1e-06,0.04681129986420274
production_problem_0,Conventional MSA,443,1.9356647197890616e-05,1e-06,0.04681129986420274
production_problem_0,Conventional MSA,444,1.9306584738841184e-05,1e-06,0.04681129986420274
production_problem_0,Conventional MSA,445,1.9256764455177752e-05,1e-06,0.04681129986420274
production_problem_0,Conventional MSA,446,1.9207184633827542e-05,1e-06,0.04681129986420274
production_problem_0,Conventional MSA,447,1.9157843577407136e-05,1e-06,0.04681129986420274
production_problem_0,Conventional MSA,448,1.9108739604639804e-05,1e-06,0.04681129986420274
production_problem_0,Conventional MSA,449,1.905987104951461e-05,1e-06,0.04681129986420274
production_problem_0,Conventional MSA,450,1.901123626158855e-05,1e-06,0.04681129986420274
production_problem_0,Conventional MSA,451,1.8962833605624784e-05,1e-06,0.04681129986420274
production_problem_0,Conventional MSA,452,1.8914661461299195e-05,1e-06,0.04681129986420274
production_problem_0,Conventional MSA,453,1.886671822313301e-05,1e-06,0.04681129986420274
production_problem_0,Conventional MSA,454,1.8819002300516074e-05,1e-06,0.04681129986420274
production_problem_0,Conventional MSA,455,1.877151211732243e-05,1e-06,0.04681129986420274
production_problem_0,Conventional MSA,456,1.8724246111827402e-05,1e-06,0.04681129986420274
production_problem_0,Conventional MSA,457,1.8677202736347706e-05,1e-06,0.04681129986420274
production_problem_0,Conventional MSA,458,1.8630380457203244e-05,1e-06,0.04681129986420274
production_problem_0,Conventional MSA,459,1.8583777754898446e-05,1e-06,0.04681129986420274
production_problem_0,Conventional MSA,460,1.853739312345714e-05,1e-06,0.04681129986420274
production_problem_0,Conventional MSA,461,1.849122507065668e-05,1e-06,0.04681129986420274
production_problem_0,Conventional MSA,462,1.844527211728579e-05,1e-06,0.04681129986420274
production_problem_0,Conventional MSA,463,1.8399532797952856e-05,1e-06,0.04681129986420274
production_problem_0,Conventional MSA,464,1.8354005660079827e-05,1e-06,0.04681129986420274
production_problem_0,Conventional MSA,465,1.8308689264044442e-05,1e-06,0.04681129986420274
production_problem_0,Conventional MSA,466,1.8263582183403792e-05,1e-06,0.04681129986420274
production_problem_0,Conventional MSA,467,1.821868300367615e-05,1e-06,0.04681129986420274
production_problem_0,Conventional MSA,468,1.817399032399667e-05,1e-06,0.04681129986420274
production_problem_0,Conventional MSA,469,1.81295027548782e-05,1e-06,0.04681129986420274
production_problem_0,Conventional MSA,470,1.8085218919953648e-05,1e-06,0.04681129986420274
production_problem_0,Conventional MSA,471,1.8041137454257814e-05,1e-06,0.04681129986420274
production_problem_0,Conventional MSA,472,1.7997257005538468e-05,1e-06,0.04681129986420274
production_problem_0,Conventional MSA,473,1.7953576232880682e-05,1e-06,0.04681129986420274
production_problem_0,Conventional MSA,474,1.7910093807622917e-05,1e-06,0.04681129986420274
production_problem_0,Conventional MSA,475,1.7866808412172034e-05,1e-06,0.04681129986420274
production_problem_0,Conventional MSA,476,1.7823718740877736e-05,1e-06,0.04681129986420274
production_problem_0,Conventional MSA,477,1.778082349922582e-05,1e-06,0.04681129986420274
production_problem_0,Conventional MSA,478,1.7738121404256167e-05,1e-06,0.04681129986420274
production_problem_0,Conventional MSA,479,1.7695611183685163e-05,1e-06,0.04681129986420274
production_problem_0,Conventional MSA,480,1.765329157662614e-05,1e-06,0.04681129986420274
production_problem_0,Conventional MSA,481,1.761116133285933e-05,1e-06,0.04681129986420274
production_problem_0,Conventional MSA,482,1.756921921324981e-05,1e-06,0.04681129986420274
production_problem_0,Conventional MSA,483,1.752746398881099e-05,1e-06,0.04681129986420274
production_problem_0,Conventional MSA,484,1.7485894441674975e-05,1e-06,0.04681129986420274
production_problem_0,Conventional MSA,485,1.744450936402562e-05,1e-06,0.04681129986420274
production_problem_0,Conventional MSA,486,1.7403307558565546e-05,1e-06,0.04681129986420274
production_problem_0,Conventional MSA,487,1.7362287838056264e-05,1e-06,0.04681129986420274
production_problem_0,Conventional MSA,488,1.7321449025602605e-05,1e-06,0.04681129986420274
production_problem_0,Conventional MSA,489,1.728078995388417e-05,1e-06,0.04681129986420274
production_problem_0,Conventional MSA,490,1.7240309466083494e-05,1e-06,0.04681129986420274
production_problem_0,Conventional MSA,491,1.7200006414747356e-05,1e-06,0.04681129986420274
production_problem_0,Conventional MSA,492,1.7159879662260937e-05,1e-06,0.04681129986420274
production_problem_0,Conventional MSA,493,1.7119928080582017e-05,1e-06,0.04681129986420274
production_problem_0,Conventional MSA,494,1.7080150551096894e-05,1e-06,0.04681129986420274
production_problem_0,Conventional MSA,495,1.7040545964615717e-05,1e-06,0.04681129986420274
production_problem_0,Conventional MSA,496,1.700111322128306e-05,1e-06,0.04681129986420274
production_problem_0,Conventional MSA,497,1.6961851230480416e-05,1e-06,0.04681129986420274
production_problem_0,Conventional MSA,498,1.6922758910520955e-05,1e-06,0.04681129986420274
production_problem_0,Conventional MSA,499,1.688383518886533e-05,1e-06,0.04681129986420274
production_problem_0,Conventional MSA,500,1.684507900186581e-05,1e-06,0.04681129986420274
production_problem_0,RC-MSA,0,0.5867389652145829,1e-06,0.0021426999010145664
production_problem_0,RC-MSA,1,0.027518558977047552,1e-06,0.0021426999010145664
production_problem_0,RC-MSA,2,0.006423145874469442,1e-06,0.0021426999010145664
production_problem_0,RC-MSA,3,0.0012119334355031389,1e-06,0.0021426999010145664
production_problem_0,RC-MSA,4,0.00026808807406861966,1e-06,0.0021426999010145664
production_problem_0,RC-MSA,5,6.476368153817817e-06,1e-06,0.0021426999010145664
production_problem_0,RC-MSA,6,1.3968577414857883e-06,1e-06,0.0021426999010145664
production_problem_0,RC-MSA,7,4.6761298759738843e-07,1e-06,0.0021426999010145664
production_problem_1,Conventional MSA,0,0.5946095239224822,1e-06,0.046358299907296896
production_problem_1,Conventional MSA,1,0.06933817785142161,1e-06,0.046358299907296896
production_problem_1,Conventional MSA,2,0.011582576013647528,1e-06,0.046358299907296896
production_problem_1,Conventional MSA,3,0.0064478548007803685,1e-06,0.046358299907296896
production_problem_1,Conventional MSA,4,0.004312141007027762,1e-06,0.046358299907296896
production_problem_1,Conventional MSA,5,0.0031724217838934986,1e-06,0.046358299907296896
production_problem_1,Conventional MSA,6,0.0024750680703205293,1e-06,0.046358299907296896
production_problem_1,Conventional MSA,7,0.0020094925604870993,1e-06,0.046358299907296896
production_problem_1,Conventional MSA,8,0.0016792106419177045,1e-06,0.046358299907296896
production_problem_1,Conventional MSA,9,0.0014341855907032876,1e-06,0.046358299907296896
production_problem_1,Conventional MSA,10,0.0012460515240082816,1e-06,0.046358299907296896
production_problem_1,Conventional MSA,11,0.0010976074077790026,1e-06,0.046358299907296896
production_problem_1,Conventional MSA,12,0.0009778566547333765,1e-06,0.046358299907296896
production_problem_1,Conventional MSA,13,0.0008794631605445375,1e-06,0.046358299907296896
production_problem_1,Conventional MSA,14,0.0007973578955211681,1e-06,0.046358299907296896
production_problem_1,Conventional MSA,15,0.0007279335858018965,1e-06,0.046358299907296896
production_problem_1,Conventional MSA,16,0.000668557992374832,1e-06,0.046358299907296896
production_problem_1,Conventional MSA,17,0.0006172683951643769,1e-06,0.046358299907296896
production_problem_1,Conventional MSA,18,0.0005725734882594995,1e-06,0.046358299907296896
production_problem_1,Conventional MSA,19,0.0005333212505282097,1e-06,0.046358299907296896
production_problem_1,Conventional MSA,20,0.0004986086152262211,1e-06,0.046358299907296896
production_problem_1,Conventional MSA,21,0.00046771835217589174,1e-06,0.046358299907296896
production_problem_1,Conventional MSA,22,0.00044007409863304394,1e-06,0.046358299907296896
production_problem_1,Conventional MSA,23,0.00041520775718957846,1e-06,0.046358299907296896
production_problem_1,Conventional MSA,24,0.00039273548535644434,1e-06,0.046358299907296896
production_problem_1,Conventional MSA,25,0.00037233975908045714,1e-06,0.046358299907296896
production_problem_1,Conventional MSA,26,0.00035375579882927213,1e-06,0.046358299907296896
production_problem_1,Conventional MSA,27,0.00033676117466608524,1e-06,0.046358299907296896
production_problem_1,Conventional MSA,28,0.00032116775869343563,1e-06,0.046358299907296896
production_problem_1,Conventional MSA,29,0.0003068154320075594,1e-06,0.046358299907296896
production_problem_1,Conventional MSA,30,0.0002935671178318891,1e-06,0.046358299907296896
production_problem_1,Conventional MSA,31,0.00028130482752702267,1e-06,0.046358299907296896
production_problem_1,Conventional MSA,32,0.0002699264876832076,1e-06,0.046358299907296896
production_problem_1,Conventional MSA,33,0.0002593433749670564,1e-06,0.046358299907296896
production_problem_1,Conventional MSA,34,0.00024947802783520595,1e-06,0.046358299907296896
production_problem_1,Conventional MSA,35,0.00024026253535079956,1e-06,0.046358299907296896
production_problem_1,Conventional MSA,36,0.00023163712640716268,1e-06,0.046358299907296896
production_problem_1,Conventional MSA,37,0.00022354899991388992,1e-06,0.046358299907296896
production_problem_1,Conventional MSA,38,0.00021595134952124737,1e-06,0.046358299907296896
production_problem_1,Conventional MSA,39,0.00020880254636602999,1e-06,0.046358299907296896
production_problem_1,Conventional MSA,40,0.0002020654509168435,1e-06,0.046358299907296896
production_problem_1,Conventional MSA,41,0.0001957068308704585,1e-06,0.046358299907296896
production_problem_1,Conventional MSA,42,0.0001896968666154898,1e-06,0.046358299907296896
production_problem_1,Conventional MSA,43,0.00018400872935689136,1e-06,0.046358299907296896
production_problem_1,Conventional MSA,44,0.00017861821981462567,1e-06,0.046358299907296896
production_problem_1,Conventional MSA,45,0.00017350345764315152,1e-06,0.046358299907296896
production_problem_1,Conventional MSA,46,0.0001686446135031636,1e-06,0.046358299907296896
production_problem_1,Conventional MSA,47,0.0001640236771426288,1e-06,0.046358299907296896
production_problem_1,Conventional MSA,48,0.00015962425599691646,1e-06,0.046358299907296896
production_problem_1,Conventional MSA,49,0.00015543139975104654,1e-06,0.046358299907296896
production_problem_1,Conventional MSA,50,0.00015143144706355726,1e-06,0.046358299907296896
production_problem_1,Conventional MSA,51,0.00014761189127086155,1e-06,0.046358299907296896
production_problem_1,Conventional MSA,52,0.00014396126240425456,1e-06,0.046358299907296896
production_problem_1,Conventional MSA,53,0.00014046902326442416,1e-06,0.046358299907296896
production_problem_1,Conventional MSA,54,0.0001371254776494817,1e-06,0.046358299907296896
production_problem_1,Conventional MSA,55,0.0001339216891211504,1e-06,0.046358299907296896
production_problem_1,Conventional MSA,56,0.00013084940893051954,1e-06,0.046358299907296896
production_problem_1,Conventional MSA,57,0.00012790101192730396,1e-06,0.046358299907296896
production_problem_1,Conventional MSA,58,0.00012506943944859793,1e-06,0.046358299907296896
production_problem_1,Conventional MSA,59,0.00012234814831734285,1e-06,0.046358299907296896
production_problem_1,Conventional MSA,60,0.00011973106520961041,1e-06,0.046358299907296896
production_problem_1,Conventional MSA,61,0.00011721254574337728,1e-06,0.046358299907296896
production_problem_1,Conventional MSA,62,0.00011478733773462818,1e-06,0.046358299907296896
production_problem_1,Conventional MSA,63,0.00011245054813512107,1e-06,0.046358299907296896
production_problem_1,Conventional MSA,64,0.00011019761323075658,1e-06,0.046358299907296896
production_problem_1,Conventional MSA,65,0.00010802427173597383,1e-06,0.046358299907296896
production_problem_1,Conventional MSA,66,0.00010592654045968745,1e-06,0.046358299907296896
production_problem_1,Conventional MSA,67,0.00010390069226504369,1e-06,0.046358299907296896
production_problem_1,Conventional MSA,68,0.00010194323607577534,1e-06,0.046358299907296896
production_problem_1,Conventional MSA,69,0.00010005089870905442,1e-06,0.046358299907296896
production_problem_1,Conventional MSA,70,9.822060834946994e-05,1e-06,0.046358299907296896
production_problem_1,Conventional MSA,71,9.64494794908285e-05,1e-06,0.046358299907296896
production_problem_1,Conventional MSA,72,9.473479919675102e-05,1e-06,0.046358299907296896
production_problem_1,Conventional MSA,73,9.307401455192088e-05,1e-06,0.046358299907296896
production_problem_1,Conventional MSA,74,9.146472118066238e-05,1e-06,0.046358299907296896
production_problem_1,Conventional MSA,75,8.990465273415743e-05,1e-06,0.046358299907296896
production_problem_1,Conventional MSA,76,8.839167124875191e-05,1e-06,0.046358299907296896
production_problem_1,Conventional MSA,77,8.692375829568259e-05,1e-06,0.046358299907296896
production_problem_1,Conventional MSA,78,8.549900684592022e-05,1e-06,0.046358299907296896
production_problem_1,Conventional MSA,79,8.411561378572215e-05,1e-06,0.046358299907296896
production_problem_1,Conventional MSA,80,8.277187302185695e-05,1e-06,0.046358299907296896
production_problem_1,Conventional MSA,81,8.14661691241606e-05,1e-06,0.046358299907296896
production_problem_1,Conventional MSA,82,8.019697145798434e-05,1e-06,0.046358299907296896
production_problem_1,Conventional MSA,83,7.896282876117922e-05,1e-06,0.046358299907296896
production_problem_1,Conventional MSA,84,7.776236412983741e-05,1e-06,0.046358299907296896
production_problem_1,Conventional MSA,85,7.659427037572728e-05,1e-06,0.046358299907296896
production_problem_1,Conventional MSA,86,7.545730572412072e-05,1e-06,0.046358299907296896
production_problem_1,Conventional MSA,87,7.435028982413144e-05,1e-06,0.046358299907296896
production_problem_1,Conventional MSA,88,7.32721000443728e-05,1e-06,0.046358299907296896
production_problem_1,Conventional MSA,89,7.222166803189182e-05,1e-06,0.046358299907296896
production_problem_1,Conventional MSA,90,7.119797651200714e-05,1e-06,0.046358299907296896
production_problem_1,Conventional MSA,91,7.020005630988278e-05,1e-06,0.046358299907296896
production_problem_1,Conventional MSA,92,6.922698357656303e-05,1e-06,0.046358299907296896
production_problem_1,Conventional MSA,93,6.827787720323102e-05,1e-06,0.046358299907296896
production_problem_1,Conventional MSA,94,6.735189640822159e-05,1e-06,0.046358299907296896
production_problem_1,Conventional MSA,95,6.644823848589532e-05,1e-06,0.046358299907296896
production_problem_1,Conventional MSA,96,6.556613670150035e-05,1e-06,0.046358299907296896
production_problem_1,Conventional MSA,97,6.470485832431091e-05,1e-06,0.046358299907296896
production_problem_1,Conventional MSA,98,6.386370278641226e-05,1e-06,0.046358299907296896
production_problem_1,Conventional MSA,99,6.304199995993324e-05,1e-06,0.046358299907296896
production_problem_1,Conventional MSA,100,6.223910854188955e-05,1e-06,0.046358299907296896
production_problem_1,Conventional MSA,101,6.14544145401101e-05,1e-06,0.046358299907296896
production_problem_1,Conventional MSA,102,6.06873298534556e-05,1e-06,0.046358299907296896
production_problem_1,Conventional MSA,103,5.993729093763072e-05,1e-06,0.046358299907296896
production_problem_1,Conventional MSA,104,5.920375755377244e-05,1e-06,0.046358299907296896
production_problem_1,Conventional MSA,105,5.848621159034734e-05,1e-06,0.046358299907296896
production_problem_1,Conventional MSA,106,5.778415595647105e-05,1e-06,0.046358299907296896
production_problem_1,Conventional MSA,107,5.7097113539597895e-05,1e-06,0.046358299907296896
production_problem_1,Conventional MSA,108,5.642462622456308e-05,1e-06,0.046358299907296896
production_problem_1,Conventional MSA,109,5.5766253969277494e-05,1e-06,0.046358299907296896
production_problem_1,Conventional MSA,110,5.512157393325798e-05,1e-06,0.046358299907296896
production_problem_1,Conventional MSA,111,5.449017965591846e-05,1e-06,0.046358299907296896
production_problem_1,Conventional MSA,112,5.387168028110038e-05,1e-06,0.046358299907296896
production_problem_1,Conventional MSA,113,5.326569982415952e-05,1e-06,0.046358299907296896
production_problem_1,Conventional MSA,114,5.267187648082615e-05,1e-06,0.046358299907296896
production_problem_1,Conventional MSA,115,5.208986197324132e-05,1e-06,0.046358299907296896
production_problem_1,Conventional MSA,116,5.151932093124094e-05,1e-06,0.046358299907296896
production_problem_1,Conventional MSA,117,5.09599303079128e-05,1e-06,0.046358299907296896
production_problem_1,Conventional MSA,118,5.041137882514818e-05,1e-06,0.046358299907296896
production_problem_1,Conventional MSA,119,4.987336645006419e-05,1e-06,0.046358299907296896
production_problem_1,Conventional MSA,120,4.934560389724472e-05,1e-06,0.046358299907296896
production_problem_1,Conventional MSA,121,4.8827812158961175e-05,1e-06,0.046358299907296896
production_problem_1,Conventional MSA,122,4.8319722057205486e-05,1e-06,0.046358299907296896
production_problem_1,Conventional MSA,123,4.782107382087148e-05,1e-06,0.046358299907296896
production_problem_1,Conventional MSA,124,4.7331616683278734e-05,1e-06,0.046358299907296896
production_problem_1,Conventional MSA,125,4.685110850026796e-05,1e-06,0.046358299907296896
production_problem_1,Conventional MSA,126,4.6379315387509414e-05,1e-06,0.046358299907296896
production_problem_1,Conventional MSA,127,4.591601137563379e-05,1e-06,0.046358299907296896
production_problem_1,Conventional MSA,128,4.5460978082279754e-05,1e-06,0.046358299907296896
production_problem_1,Conventional MSA,129,4.501400440045035e-05,1e-06,0.046358299907296896
production_problem_1,Conventional MSA,130,4.4574886202042e-05,1e-06,0.046358299907296896
production_problem_1,Conventional MSA,131,4.414342605497809e-05,1e-06,0.046358299907296896
production_problem_1,Conventional MSA,132,4.3719432954897986e-05,1e-06,0.046358299907296896
production_problem_1,Conventional MSA,133,4.330272206838853e-05,1e-06,0.046358299907296896
production_problem_1,Conventional MSA,134,4.289311448934705e-05,1e-06,0.046358299907296896
production_problem_1,Conventional MSA,135,4.249043700584064e-05,1e-06,0.046358299907296896
production_problem_1,Conventional MSA,136,4.2094521878749905e-05,1e-06,0.046358299907296896
production_problem_1,Conventional MSA,137,4.1705206629308195e-05,1e-06,0.046358299907296896
production_problem_1,Conventional MSA,138,4.1322333837703184e-05,1e-06,0.046358299907296896
production_problem_1,Conventional MSA,139,4.0945750950186605e-05,1e-06,0.046358299907296896
production_problem_1,Conventional MSA,140,4.057531009389254e-05,1e-06,0.046358299907296896
production_problem_1,Conventional MSA,141,4.021086790211389e-05,1e-06,0.046358299907296896
production_problem_1,Conventional MSA,142,3.985228534571498e-05,1e-06,0.046358299907296896
production_problem_1,Conventional MSA,143,3.949942757186555e-05,1e-06,0.046358299907296896
production_problem_1,Conventional MSA,144,3.915216375134611e-05,1e-06,0.046358299907296896
production_problem_1,Conventional MSA,145,3.881036693002171e-05,1e-06,0.046358299907296896
production_problem_1,Conventional MSA,146,3.847391389014957e-05,1e-06,0.046358299907296896
production_problem_1,Conventional MSA,147,3.8142685013766415e-05,1e-06,0.046358299907296896
production_problem_1,Conventional MSA,148,3.7816564155106154e-05,1e-06,0.046358299907296896
production_problem_1,Conventional MSA,149,3.7495438516358424e-05,1e-06,0.046358299907296896
production_problem_1,Conventional MSA,150,3.71791985298396e-05,1e-06,0.046358299907296896
production_problem_1,Conventional MSA,151,3.686773774471865e-05,1e-06,0.046358299907296896
production_problem_1,Conventional MSA,152,3.6560952717650636e-05,1e-06,0.046358299907296896
production_problem_1,Conventional MSA,153,3.6258742909641835e-05,1e-06,0.046358299907296896
production_problem_1,Conventional MSA,154,3.596101058504037e-05,1e-06,0.046358299907296896
production_problem_1,Conventional MSA,155,3.5667660716729594e-05,1e-06,0.046358299907296896
production_problem_1,Conventional MSA,156,3.5378600893448124e-05,1e-06,0.046358299907296896
production_problem_1,Conventional MSA,157,3.509374123177648e-05,1e-06,0.046358299907296896
production_problem_1,Conventional MSA,158,3.481299429123418e-05,1e-06,0.046358299907296896
production_problem_1,Conventional MSA,159,3.453627499324804e-05,1e-06,0.046358299907296896
production_problem_1,Conventional MSA,160,3.426350054232034e-05,1e-06,0.046358299907296896
production_problem_1,Conventional MSA,161,3.3994590351489705e-05,1e-06,0.046358299907296896
production_problem_1,Conventional MSA,162,3.372946596987618e-05,1e-06,0.046358299907296896
production_problem_1,Conventional MSA,163,3.346805101311979e-05,1e-06,0.046358299907296896
production_problem_1,Conventional MSA,164,3.3210271096662346e-05,1e-06,0.046358299907296896
production_problem_1,Conventional MSA,165,3.295605377210472e-05,1e-06,0.046358299907296896
production_problem_1,Conventional MSA,166,3.2705328464418715e-05,1e-06,0.046358299907296896
production_problem_1,Conventional MSA,167,3.2458026413172336e-05,1e-06,0.046358299907296896
production_problem_1,Conventional MSA,168,3.221408061546349e-05,1e-06,0.046358299907296896
production_problem_1,Conventional MSA,169,3.197342577038215e-05,1e-06,0.046358299907296896
production_problem_1,Conventional MSA,170,3.1735998226162686e-05,1e-06,0.046358299907296896
production_problem_1,Conventional MSA,171,3.150173592911445e-05,1e-06,0.046358299907296896
production_problem_1,Conventional MSA,172,3.1270578374365996e-05,1e-06,0.046358299907296896
production_problem_1,Conventional MSA,173,3.104246655850305e-05,1e-06,0.046358299907296896
production_problem_1,Conventional MSA,174,3.081734293375431e-05,1e-06,0.046358299907296896
production_problem_1,Conventional MSA,175,3.0595151364377454e-05,1e-06,0.046358299907296896
production_problem_1,Conventional MSA,176,3.0375837083090438e-05,1e-06,0.046358299907296896
production_problem_1,Conventional MSA,177,3.0159346651681996e-05,1e-06,0.046358299907296896
production_problem_1,Conventional MSA,178,2.9945627919832296e-05,1e-06,0.046358299907296896
production_problem_1,Conventional MSA,179,2.973462998826717e-05,1e-06,0.046358299907296896
production_problem_1,Conventional MSA,180,2.9526303171408837e-05,1e-06,0.046358299907296896
production_problem_1,Conventional MSA,181,2.9320598961770648e-05,1e-06,0.046358299907296896
production_problem_1,Conventional MSA,182,2.911746999603128e-05,1e-06,0.046358299907296896
production_problem_1,Conventional MSA,183,2.89168700214768e-05,1e-06,0.046358299907296896
production_problem_1,Conventional MSA,184,2.8718753864637295e-05,1e-06,0.046358299907296896
production_problem_1,Conventional MSA,185,2.852307739978659e-05,1e-06,0.046358299907296896
production_problem_1,Conventional MSA,186,2.8329797519481647e-05,1e-06,0.046358299907296896
production_problem_1,Conventional MSA,187,2.8138872105245195e-05,1e-06,0.046358299907296896
production_problem_1,Conventional MSA,188,2.795026000066621e-05,1e-06,0.046358299907296896
production_problem_1,Conventional MSA,189,2.7763920983393503e-05,1e-06,0.046358299907296896
production_problem_1,Conventional MSA,190,2.7579815739876873e-05,1e-06,0.046358299907296896
production_problem_1,Conventional MSA,191,2.7397905839521616e-05,1e-06,0.046358299907296896
production_problem_1,Conventional MSA,192,2.7218153711064655e-05,1e-06,0.046358299907296896
production_problem_1,Conventional MSA,193,2.7040522618197408e-05,1e-06,0.046358299907296896
production_problem_1,Conventional MSA,194,2.686497663764843e-05,1e-06,0.046358299907296896
production_problem_1,Conventional MSA,195,2.6691480636173387e-05,1e-06,0.046358299907296896
production_problem_1,Conventional MSA,196,2.65200002498879e-05,1e-06,0.046358299907296896
production_problem_1,Conventional MSA,197,2.635050186363532e-05,1e-06,0.046358299907296896
production_problem_1,Conventional MSA,198,2.6182952590218916e-05,1e-06,0.046358299907296896
production_problem_1,Conventional MSA,199,2.6017320252006722e-05,1e-06,0.046358299907296896
production_problem_1,Conventional MSA,200,2.5853573361326192e-05,1e-06,0.046358299907296896
production_problem_1,Conventional MSA,201,2.569168110276483e-05,1e-06,0.046358299907296896
production_problem_1,Conventional MSA,202,2.5531613315465038e-05,1e-06,0.046358299907296896
production_problem_1,Conventional MSA,203,2.5373340475835875e-05,1e-06,0.046358299907296896
production_problem_1,Conventional MSA,204,2.5216833681592555e-05,1e-06,0.046358299907296896
production_problem_1,Conventional MSA,205,2.506206463499554e-05,1e-06,0.046358299907296896
production_problem_1,Conventional MSA,206,2.4909005627461223e-05,1e-06,0.046358299907296896
production_problem_1,Conventional MSA,207,2.4757629525038828e-05,1e-06,0.046358299907296896
production_problem_1,Conventional MSA,208,2.460790975320177e-05,1e-06,0.046358299907296896
production_problem_1,Conventional MSA,209,2.4459820282884163e-05,1e-06,0.046358299907296896
production_problem_1,Conventional MSA,210,2.43133356167819e-05,1e-06,0.046358299907296896
production_problem_1,Conventional MSA,211,2.4168430776110085e-05,1e-06,0.046358299907296896
production_problem_1,Conventional MSA,212,2.4025081287149417e-05,1e-06,0.046358299907296896
production_problem_1,Conventional MSA,213,2.3883263169252532e-05,1e-06,0.046358299907296896
production_problem_1,Conventional MSA,214,2.3742952922522494e-05,1e-06,0.046358299907296896
production_problem_1,Conventional MSA,215,2.360412751579011e-05,1e-06,0.046358299907296896
production_problem_1,Conventional MSA,216,2.3466764375125033e-05,1e-06,0.046358299907296896
production_problem_1,Conventional MSA,217,2.3330841373148506e-05,1e-06,0.046358299907296896
production_problem_1,Conventional MSA,218,2.319633681748248e-05,1e-06,0.046358299907296896
production_problem_1,Conventional MSA,219,2.306322944078334e-05,1e-06,0.046358299907296896
production_problem_1,Conventional MSA,220,2.293149839014953e-05,1e-06,0.046358299907296896
production_problem_1,Conventional MSA,221,2.2801123217631554e-05,1e-06,0.046358299907296896
production_problem_1,Conventional MSA,222,2.2672083870190855e-05,1e-06,0.046358299907296896
production_problem_1,Conventional MSA,223,2.2544360680118825e-05,1e-06,0.046358299907296896
production_problem_1,Conventional MSA,224,2.2417934357046194e-05,1e-06,0.046358299907296896
production_problem_1,Conventional MSA,225,2.2292785977362956e-05,1e-06,0.046358299907296896
production_problem_1,Conventional MSA,226,2.216889697728174e-05,1e-06,0.046358299907296896
production_problem_1,Conventional MSA,227,2.2046249143267207e-05,1e-06,0.046358299907296896
production_problem_1,Conventional MSA,228,2.192482460462181e-05,1e-06,0.046358299907296896
production_problem_1,Conventional MSA,229,2.1804605825337084e-05,1e-06,0.046358299907296896
production_problem_1,Conventional MSA,230,2.1685575595968143e-05,1e-06,0.046358299907296896
production_problem_1,Conventional MSA,231,2.1567717026984962e-05,1e-06,0.046358299907296896
production_problem_1,Conventional MSA,232,2.1451013540597204e-05,1e-06,0.046358299907296896
production_problem_1,Conventional MSA,233,2.1335448864691538e-05,1e-06,0.046358299907296896
production_problem_1,Conventional MSA,234,2.1221007024674546e-05,1e-06,0.046358299907296896
production_problem_1,Conventional MSA,235,2.1107672337965134e-05,1e-06,0.046358299907296896
production_problem_1,Conventional MSA,236,2.099542940652934e-05,1e-06,0.046358299907296896
production_problem_1,Conventional MSA,237,2.0884263111119096e-05,1e-06,0.046358299907296896
production_problem_1,Conventional MSA,238,2.077415860469645e-05,1e-06,0.046358299907296896
production_problem_1,Conventional MSA,239,2.0665101306878874e-05,1e-06,0.046358299907296896
production_problem_1,Conventional MSA,240,2.055707689737575e-05,1e-06,0.046358299907296896
production_problem_1,Conventional MSA,241,2.0450071311119125e-05,1e-06,0.046358299907296896
production_problem_1,Conventional MSA,242,2.0344070731636335e-05,1e-06,0.046358299907296896
production_problem_1,Conventional MSA,243,2.0239061586753235e-05,1e-06,0.046358299907296896
production_problem_1,Conventional MSA,244,2.0135030542463164e-05,1e-06,0.046358299907296896
production_problem_1,Conventional MSA,245,2.0031964498115145e-05,1e-06,0.046358299907296896
production_problem_1,Conventional MSA,246,1.9929850581509166e-05,1e-06,0.046358299907296896
production_problem_1,Conventional MSA,247,1.9828676143691313e-05,1e-06,0.046358299907296896
production_problem_1,Conventional MSA,248,1.972842875450796e-05,1e-06,0.046358299907296896
production_problem_1,Conventional MSA,249,1.9629096197616484e-05,1e-06,0.046358299907296896
production_problem_1,Conventional MSA,250,1.953066646639574e-05,1e-06,0.046358299907296896
production_problem_1,Conventional MSA,251,1.9433127759052942e-05,1e-06,0.046358299907296896
production_problem_1,Conventional MSA,252,1.9336468474718087e-05,1e-06,0.046358299907296896
production_problem_1,Conventional MSA,253,1.9240677208958123e-05,1e-06,0.046358299907296896
production_problem_1,Conventional MSA,254,1.9145742749919123e-05,1e-06,0.046358299907296896
production_problem_1,Conventional MSA,255,1.9051654073981172e-05,1e-06,0.046358299907296896
production_problem_1,Conventional MSA,256,1.895840034243432e-05,1e-06,0.046358299907296896
production_problem_1,Conventional MSA,257,1.8865970897130226e-05,1e-06,0.046358299907296896
production_problem_1,Conventional MSA,258,1.8774355256783128e-05,1e-06,0.046358299907296896
production_problem_1,Conventional MSA,259,1.86835431142338e-05,1e-06,0.046358299907296896
production_problem_1,Conventional MSA,260,1.8593524331338282e-05,1e-06,0.046358299907296896
production_problem_1,Conventional MSA,261,1.8504288937283927e-05,1e-06,0.046358299907296896
production_problem_1,Conventional MSA,262,1.8415827123776316e-05,1e-06,0.046358299907296896
production_problem_1,Conventional MSA,263,1.8328129242622712e-05,1e-06,0.046358299907296896
production_problem_1,Conventional MSA,264,1.8241185802242167e-05,1e-06,0.046358299907296896
production_problem_1,Conventional MSA,265,1.8154987464351792e-05,1e-06,0.046358299907296896
production_problem_1,Conventional MSA,266,1.806952504153796e-05,1e-06,0.046358299907296896
production_problem_1,Conventional MSA,267,1.7984789493463673e-05,1e-06,0.046358299907296896
production_problem_1,Conventional MSA,268,1.7900771924527555e-05,1e-06,0.046358299907296896
production_problem_1,Conventional MSA,269,1.7817463580811528e-05,1e-06,0.046358299907296896
production_problem_1,Conventional MSA,270,1.7734855847429974e-05,1e-06,0.046358299907296896
production_problem_1,Conventional MSA,271,1.7652940245477457e-05,1e-06,0.046358299907296896
production_problem_1,Conventional MSA,272,1.7571708430118176e-05,1e-06,0.046358299907296896
production_problem_1,Conventional MSA,273,1.7491152186671372e-05,1e-06,0.046358299907296896
production_problem_1,Conventional MSA,274,1.7411263429854207e-05,1e-06,0.046358299907296896
production_problem_1,Conventional MSA,275,1.7332034199796806e-05,1e-06,0.046358299907296896
production_problem_1,Conventional MSA,276,1.725345666036862e-05,1e-06,0.046358299907296896
production_problem_1,Conventional MSA,277,1.7175523096798015e-05,1e-06,0.046358299907296896
production_problem_1,Conventional MSA,278,1.7098225913065996e-05,1e-06,0.046358299907296896
production_problem_1,Conventional MSA,279,1.70215576296142e-05,1e-06,0.046358299907296896
production_problem_1,Conventional MSA,280,1.6945510881726807e-05,1e-06,0.046358299907296896
production_problem_1,Conventional MSA,281,1.6870078416834498e-05,1e-06,0.046358299907296896
production_problem_1,Conventional MSA,282,1.679525309251616e-05,1e-06,0.046358299907296896
production_problem_1,Conventional MSA,283,1.6721027874490925e-05,1e-06,0.046358299907296896
production_problem_1,Conventional MSA,284,1.6647395834711514e-05,1e-06,0.046358299907296896
production_problem_1,Conventional MSA,285,1.6574350148986433e-05,1e-06,0.046358299907296896
production_problem_1,Conventional MSA,286,1.6501884095783314e-05,1e-06,0.046358299907296896
production_problem_1,Conventional MSA,287,1.642999105370588e-05,1e-06,0.046358299907296896
production_problem_1,Conventional MSA,288,1.6358664499713147e-05,1e-06,0.046358299907296896
production_problem_1,Conventional MSA,289,1.6287898007491015e-05,1e-06,0.046358299907296896
production_problem_1,Conventional MSA,290,1.6217685246043848e-05,1e-06,0.046358299907296896
production_problem_1,Conventional MSA,291,1.6148019977079187e-05,1e-06,0.046358299907296896
production_problem_1,Conventional MSA,292,1.6078896054210602e-05,1e-06,0.046358299907296896
production_problem_1,Conventional MSA,293,1.6010307420585042e-05,1e-06,0.046358299907296896
production_problem_1,Conventional MSA,294,1.5942248107918543e-05,1e-06,0.046358299907296896
production_problem_1,Conventional MSA,295,1.5874712234479877e-05,1e-06,0.046358299907296896
production_problem_1,Conventional MSA,296,1.5807694003434324e-05,1e-06,0.046358299907296896
production_problem_1,Conventional MSA,297,1.5741187701912292e-05,1e-06,0.046358299907296896
production_problem_1,Conventional MSA,298,1.5675187699107218e-05,1e-06,0.046358299907296896
production_problem_1,Conventional MSA,299,1.5609688444471538e-05,1e-06,0.046358299907296896
production_problem_1,Conventional MSA,300,1.5544684467306183e-05,1e-06,0.046358299907296896
production_problem_1,Conventional MSA,301,1.5480170374245288e-05,1e-06,0.046358299907296896
production_problem_1,Conventional MSA,302,1.5416140848831492e-05,1e-06,0.046358299907296896
production_problem_1,Conventional MSA,303,1.5352590649604135e-05,1e-06,0.046358299907296896
production_problem_1,Conventional MSA,304,1.5289514608872895e-05,1e-06,0.046358299907296896
production_problem_1,Conventional MSA,305,1.5226907631517944e-05,1e-06,0.046358299907296896
production_problem_1,Conventional MSA,306,1.5164764693906864e-05,1e-06,0.046358299907296896
production_problem_1,Conventional MSA,307,1.5103080842453375e-05,1e-06,0.046358299907296896
production_problem_1,Conventional MSA,308,1.5041851192123151e-05,1e-06,0.046358299907296896
production_problem_1,Conventional MSA,309,1.498107092613947e-05,1e-06,0.046358299907296896
production_problem_1,Conventional MSA,310,1.4920735293949449e-05,1e-06,0.046358299907296896
production_problem_1,Conventional MSA,311,1.486083961038817e-05,1e-06,0.046358299907296896
production_problem_1,Conventional MSA,312,1.4801379254687296e-05,1e-06,0.046358299907296896
production_problem_1,Conventional MSA,313,1.4742349669394582e-05,1e-06,0.046358299907296896
production_problem_1,Conventional MSA,314,1.4683746358895827e-05,1e-06,0.046358299907296896
production_problem_1,Conventional MSA,315,1.4625564889279316e-05,1e-06,0.046358299907296896
production_problem_1,Conventional MSA,316,1.4567800886211023e-05,1e-06,0.046358299907296896
production_problem_1,Conventional MSA,317,1.4510450034576396e-05,1e-06,0.046358299907296896
production_problem_1,Conventional MSA,318,1.4453508077456032e-05,1e-06,0.046358299907296896
production_problem_1,Conventional MSA,319,1.439697081495677e-05,1e-06,0.046358299907296896
production_problem_1,Conventional MSA,320,1.4340834103576595e-05,1e-06,0.046358299907296896
production_problem_1,Conventional MSA,321,1.4285093854822725e-05,1e-06,0.046358299907296896
production_problem_1,Conventional MSA,322,1.4229746034877279e-05,1e-06,0.046358299907296896
production_problem_1,Conventional MSA,323,1.4174786663303802e-05,1e-06,0.046358299907296896
production_problem_1,Conventional MSA,324,1.4120211812104282e-05,1e-06,0.046358299907296896
production_problem_1,Conventional MSA,325,1.4066017605160184e-05,1e-06,0.046358299907296896
production_problem_1,Conventional MSA,326,1.4012200217312702e-05,1e-06,0.046358299907296896
production_problem_1,Conventional MSA,327,1.3958755873386834e-05,1e-06,0.046358299907296896
production_problem_1,Conventional MSA,328,1.3905680847624058e-05,1e-06,0.046358299907296896
production_problem_1,Conventional MSA,329,1.3852971462701885e-05,1e-06,0.046358299907296896
production_problem_1,Conventional MSA,330,1.380062408885929e-05,1e-06,0.046358299907296896
production_problem_1,Conventional MSA,331,1.374863514355334e-05,1e-06,0.046358299907296896
production_problem_1,Conventional MSA,332,1.3697001090035327e-05,1e-06,0.046358299907296896
production_problem_1,Conventional MSA,333,1.3645718437720633e-05,1e-06,0.046358299907296896
production_problem_1,Conventional MSA,334,1.3594783739949025e-05,1e-06,0.046358299907296896
production_problem_1,Conventional MSA,335,1.3544193594809528e-05,1e-06,0.046358299907296896
production_problem_1,Conventional MSA,336,1.3493944643217015e-05,1e-06,0.046358299907296896
production_problem_1,Conventional MSA,337,1.3444033569323343e-05,1e-06,0.046358299907296896
production_problem_1,Conventional MSA,338,1.3394457098663654e-05,1e-06,0.046358299907296896
production_problem_1,Conventional MSA,339,1.3345211998451963e-05,1e-06,0.046358299907296896
production_problem_1,Conventional MSA,340,1.3296295076469731e-05,1e-06,0.046358299907296896
production_problem_1,Conventional MSA,341,1.324770318093999e-05,1e-06,0.046358299907296896
production_problem_1,Conventional MSA,342,1.3199433199099619e-05,1e-06,0.046358299907296896
production_problem_1,Conventional MSA,343,1.3151482057305198e-05,1e-06,0.046358299907296896
production_problem_1,Conventional MSA,344,1.3103846720021613e-05,1e-06,0.046358299907296896
production_problem_1,Conventional MSA,345,1.3056524189430884e-05,1e-06,0.046358299907296896
production_problem_1,Conventional MSA,346,1.3009511504837103e-05,1e-06,0.046358299907296896
production_problem_1,Conventional MSA,347,1.2962805741960298e-05,1e-06,0.046358299907296896
production_problem_1,Conventional MSA,348,1.2916404012532383e-05,1e-06,0.046358299907296896
production_problem_1,Conventional MSA,349,1.2870303464008007e-05,1e-06,0.046358299907296896
production_problem_1,Conventional MSA,350,1.2824501278333692e-05,1e-06,0.046358299907296896
production_problem_1,Conventional MSA,351,1.2778994671895549e-05,1e-06,0.046358299907296896
production_problem_1,Conventional MSA,352,1.2733780895079736e-05,1e-06,0.046358299907296896
production_problem_1,Conventional MSA,353,1.2688857231306218e-05,1e-06,0.046358299907296896
production_problem_1,Conventional MSA,354,1.2644220997233386e-05,1e-06,0.046358299907296896
production_problem_1,Conventional MSA,355,1.2599869541890571e-05,1e-06,0.046358299907296896
production_problem_1,Conventional MSA,356,1.2555800245895124e-05,1e-06,0.046358299907296896
production_problem_1,Conventional MSA,357,1.2512010521332364e-05,1e-06,0.046358299907296896
production_problem_1,Conventional MSA,358,1.2468497811208886e-05,1e-06,0.046358299907296896
production_problem_1,Conventional MSA,359,1.2425259589162756e-05,1e-06,0.046358299907296896
production_problem_1,Conventional MSA,360,1.2382293358740618e-05,1e-06,0.046358299907296896
production_problem_1,Conventional MSA,361,1.2339596653281508e-05,1e-06,0.046358299907296896
production_problem_1,Conventional MSA,362,1.229716703497128e-05,1e-06,0.046358299907296896
production_problem_1,Conventional MSA,363,1.2255002094912321e-05,1e-06,0.046358299907296896
production_problem_1,Conventional MSA,364,1.2213099452514247e-05,1e-06,0.046358299907296896
production_problem_1,Conventional MSA,365,1.21714567553661e-05,1e-06,0.046358299907296896
production_problem_1,Conventional MSA,366,1.2130071677993875e-05,1e-06,0.046358299907296896
production_problem_1,Conventional MSA,367,1.2088941922591814e-05,1e-06,0.046358299907296896
production_problem_1,Conventional MSA,368,1.2048065217794751e-05,1e-06,0.046358299907296896
production_problem_1,Conventional MSA,369,1.2007439318569704e-05,1e-06,0.046358299907296896
production_problem_1,Conventional MSA,370,1.1967062005994466e-05,1e-06,0.046358299907296896
production_problem_1,Conventional MSA,371,1.1926931086587646e-05,1e-06,0.046358299907296896
production_problem_1,Conventional MSA,372,1.188704439227317e-05,1e-06,0.046358299907296896
production_problem_1,Conventional MSA,373,1.1847399779592828e-05,1e-06,0.046358299907296896
production_problem_1,Conventional MSA,374,1.1807995130112271e-05,1e-06,0.046358299907296896
production_problem_1,Conventional MSA,375,1.176882834886743e-05,1e-06,0.046358299907296896
production_problem_1,Conventional MSA,376,1.1729897365412049e-05,1e-06,0.046358299907296896
production_problem_1,Conventional MSA,377,1.1691200132215076e-05,1e-06,0.046358299907296896
production_problem_1,Conventional MSA,378,1.1652734625466803e-05,1e-06,0.046358299907296896
production_problem_1,Conventional MSA,379,1.1614498843767982e-05,1e-06,0.046358299907296896
production_problem_1,Conventional MSA,380,1.1576490808549353e-05,1e-06,0.046358299907296896
production_problem_1,Conventional MSA,381,1.1538708563206754e-05,1e-06,0.046358299907296896
production_problem_1,Conventional MSA,382,1.1501150173515501e-05,1e-06,0.046358299907296896
production_problem_1,Conventional MSA,383,1.1463813726157474e-05,1e-06,0.046358299907296896
production_problem_1,Conventional MSA,384,1.1426697329844198e-05,1e-06,0.046358299907296896
production_problem_1,Conventional MSA,385,1.1389799113761324e-05,1e-06,0.046358299907296896
production_problem_1,Conventional MSA,386,1.1353117228180504e-05,1e-06,0.046358299907296896
production_problem_1,Conventional MSA,387,1.131664984375844e-05,1e-06,0.046358299907296896
production_problem_1,Conventional MSA,388,1.1280395151108312e-05,1e-06,0.046358299907296896
production_problem_1,Conventional MSA,389,1.124435136099664e-05,1e-06,0.046358299907296896
production_problem_1,Conventional MSA,390,1.1208516703669433e-05,1e-06,0.046358299907296896
production_problem_1,Conventional MSA,391,1.1172889428781847e-05,1e-06,0.046358299907296896
production_problem_1,Conventional MSA,392,1.1137467805223258e-05,1e-06,0.046358299907296896
production_problem_1,Conventional MSA,393,1.1102250120511198e-05,1e-06,0.046358299907296896
production_problem_1,Conventional MSA,394,1.1067234680957878e-05,1e-06,0.046358299907296896
production_problem_1,Conventional MSA,395,1.1032419811077666e-05,1e-06,0.046358299907296896
production_problem_1,Conventional MSA,396,1.0997803853493508e-05,1e-06,0.046358299907296896
production_problem_1,Conventional MSA,397,1.0963385168834286e-05,1e-06,0.046358299907296896
production_problem_1,Conventional MSA,398,1.092916213511263e-05,1e-06,0.046358299907296896
production_problem_1,Conventional MSA,399,1.0895133147864965e-05,1e-06,0.046358299907296896
production_problem_1,Conventional MSA,400,1.0861296620125048e-05,1e-06,0.046358299907296896
production_problem_1,Conventional MSA,401,1.082765098115052e-05,1e-06,0.046358299907296896
production_problem_1,Conventional MSA,402,1.0794194677491747e-05,1e-06,0.046358299907296896
production_problem_1,Conventional MSA,403,1.0760926171855843e-05,1e-06,0.046358299907296896
production_problem_1,Conventional MSA,404,1.0727843943341618e-05,1e-06,0.046358299907296896
production_problem_1,Conventional MSA,405,1.0694946487178808e-05,1e-06,0.046358299907296896
production_problem_1,Conventional MSA,406,1.0662232314509923e-05,1e-06,0.046358299907296896
production_problem_1,Conventional MSA,407,1.0629699951935857e-05,1e-06,0.046358299907296896
production_problem_1,Conventional MSA,408,1.0597347941552018e-05,1e-06,0.046358299907296896
production_problem_1,Conventional MSA,409,1.0565174840889611e-05,1e-06,0.046358299907296896
production_problem_1,Conventional MSA,410,1.0533179222154003e-05,1e-06,0.046358299907296896
production_problem_1,Conventional MSA,411,1.0501359672772058e-05,1e-06,0.046358299907296896
production_problem_1,Conventional MSA,412,1.0469714794704106e-05,1e-06,0.046358299907296896
production_problem_1,Conventional MSA,413,1.0438243204398105e-05,1e-06,0.046358299907296896
production_problem_1,Conventional MSA,414,1.0406943532545665e-05,1e-06,0.046358299907296896
production_problem_1,Conventional MSA,415,1.037581442400718e-05,1e-06,0.046358299907296896
production_problem_1,Conventional MSA,416,1.0344854537569786e-05,1e-06,0.046358299907296896
production_problem_1,Conventional MSA,417,1.0314062545870552e-05,1e-06,0.046358299907296896
production_problem_1,Conventional MSA,418,1.028343713484075e-05,1e-06,0.046358299907296896
production_problem_1,Conventional MSA,419,1.0252977004067956e-05,1e-06,0.046358299907296896
production_problem_1,Conventional MSA,420,1.0222680866406197e-05,1e-06,0.046358299907296896
production_problem_1,Conventional MSA,421,1.019254744768937e-05,1e-06,0.046358299907296896
production_problem_1,Conventional MSA,422,1.016257548681e-05,1e-06,0.046358299907296896
production_problem_1,Conventional MSA,423,1.0132763735000845e-05,1e-06,0.046358299907296896
production_problem_1,Conventional MSA,424,1.0103110956542958e-05,1e-06,0.046358299907296896
production_problem_1,Conventional MSA,425,1.0073615928030523e-05,1e-06,0.046358299907296896
production_problem_1,Conventional MSA,426,1.0044277438267583e-05,1e-06,0.046358299907296896
production_problem_1,Conventional MSA,427,1.0015094288224153e-05,1e-06,0.046358299907296896
production_problem_1,Conventional MSA,428,9.98606529086453e-06,1e-06,0.046358299907296896
production_problem_1,Conventional MSA,429,9.957189270892988e-06,1e-06,0.046358299907296896
production_problem_1,Conventional MSA,430,9.928465064824779e-06,1e-06,0.046358299907296896
production_problem_1,Conventional MSA,431,9.899891520809919e-06,1e-06,0.046358299907296896
production_problem_1,Conventional MSA,432,9.871467498147183e-06,1e-06,0.046358299907296896
production_problem_1,Conventional MSA,433,9.843191867511288e-06,1e-06,0.046358299907296896
production_problem_1,Conventional MSA,434,9.815063510750873e-06,1e-06,0.046358299907296896
production_problem_1,Conventional MSA,435,9.787081320680673e-06,1e-06,0.046358299907296896
production_problem_1,Conventional MSA,436,9.759244200985982e-06,1e-06,0.046358299907296896
production_problem_1,Conventional MSA,437,9.73155106596513e-06,1e-06,0.046358299907296896
production_problem_1,Conventional MSA,438,9.70400084081541e-06,1e-06,0.046358299907296896
production_problem_1,Conventional MSA,439,9.676592460880489e-06,1e-06,0.046358299907296896
production_problem_1,Conventional MSA,440,9.64932487201509e-06,1e-06,0.046358299907296896
production_problem_1,Conventional MSA,441,9.622197030156412e-06,1e-06,0.046358299907296896
production_problem_1,Conventional MSA,442,9.595207901588766e-06,1e-06,0.046358299907296896
production_problem_1,Conventional MSA,443,9.568356462312323e-06,1e-06,0.046358299907296896
production_problem_1,Conventional MSA,444,9.54164169839231e-06,1e-06,0.046358299907296896
production_problem_1,Conventional MSA,445,9.515062605589811e-06,1e-06,0.046358299907296896
production_problem_1,Conventional MSA,446,9.48861818898805e-06,1e-06,0.046358299907296896
production_problem_1,Conventional MSA,447,9.462307463816633e-06,1e-06,0.046358299907296896
production_problem_1,Conventional MSA,448,9.436129454081907e-06,1e-06,0.046358299907296896
production_problem_1,Conventional MSA,449,9.410083193470585e-06,1e-06,0.046358299907296896
production_problem_1,Conventional MSA,450,9.384167724754006e-06,1e-06,0.046358299907296896
production_problem_1,Conventional MSA,451,9.358382099672594e-06,1e-06,0.046358299907296896
production_problem_1,Conventional MSA,452,9.332725379002983e-06,1e-06,0.046358299907296896
production_problem_1,Conventional MSA,453,9.307196632406344e-06,1e-06,0.046358299907296896
production_problem_1,Conventional MSA,454,9.281794938463235e-06,1e-06,0.046358299907296896
production_problem_1,Conventional MSA,455,9.256519383981045e-06,1e-06,0.046358299907296896
production_problem_1,Conventional MSA,456,9.231369064876303e-06,1e-06,0.046358299907296896
production_problem_1,Conventional MSA,457,9.206343085088411e-06,1e-06,0.046358299907296896
production_problem_1,Conventional MSA,458,9.181440557095991e-06,1e-06,0.046358299907296896
production_problem_1,Conventional MSA,459,9.156660601605783e-06,1e-06,0.046358299907296896
production_problem_1,Conventional MSA,460,9.132002347566196e-06,1e-06,0.046358299907296896
production_problem_1,Conventional MSA,461,9.107464931960774e-06,1e-06,0.046358299907296896
production_problem_1,Conventional MSA,462,9.083047499687488e-06,1e-06,0.046358299907296896
production_problem_1,Conventional MSA,463,9.058749203682668e-06,1e-06,0.046358299907296896
production_problem_1,Conventional MSA,464,9.034569204572463e-06,1e-06,0.046358299907296896
production_problem_1,Conventional MSA,465,9.01050667071092e-06,1e-06,0.046358299907296896
production_problem_1,Conventional MSA,466,8.986560778194183e-06,1e-06,0.046358299907296896
production_problem_1,Conventional MSA,467,8.962730710584244e-06,1e-06,0.046358299907296896
production_problem_1,Conventional MSA,468,8.939015658881193e-06,1e-06,0.046358299907296896
production_problem_1,Conventional MSA,469,8.915414821397996e-06,1e-06,0.046358299907296896
production_problem_1,Conventional MSA,470,8.891927403919922e-06,1e-06,0.046358299907296896
production_problem_1,Conventional MSA,471,8.868552619359873e-06,1e-06,0.046358299907296896
production_problem_1,Conventional MSA,472,8.845289687620914e-06,1e-06,0.046358299907296896
production_problem_1,Conventional MSA,473,8.822137835720186e-06,1e-06,0.046358299907296896
production_problem_1,Conventional MSA,474,8.799096297897995e-06,1e-06,0.046358299907296896
production_problem_1,Conventional MSA,475,8.776164314885873e-06,1e-06,0.046358299907296896
production_problem_1,Conventional MSA,476,8.753341134603663e-06,1e-06,0.046358299907296896
production_problem_1,Conventional MSA,477,8.730626011517292e-06,1e-06,0.046358299907296896
production_problem_1,Conventional MSA,478,8.708018206618134e-06,1e-06,0.046358299907296896
production_problem_1,Conventional MSA,479,8.685516987820583e-06,1e-06,0.046358299907296896
production_problem_1,Conventional MSA,480,8.663121629412152e-06,1e-06,0.046358299907296896
production_problem_1,Conventional MSA,481,8.64083141201022e-06,1e-06,0.046358299907296896
production_problem_1,Conventional MSA,482,8.618645622847965e-06,1e-06,0.046358299907296896
production_problem_1,Conventional MSA,483,8.596563555223797e-06,1e-06,0.046358299907296896
production_problem_1,Conventional MSA,484,8.574584508820862e-06,1e-06,0.046358299907296896
production_problem_1,Conventional MSA,485,8.552707789434008e-06,1e-06,0.046358299907296896
production_problem_1,Conventional MSA,486,8.53093270906661e-06,1e-06,0.046358299907296896
production_problem_1,Conventional MSA,487,8.5092585856356e-06,1e-06,0.046358299907296896
production_problem_1,Conventional MSA,488,8.487684743090871e-06,1e-06,0.046358299907296896
production_problem_1,Conventional MSA,489,8.466210511191308e-06,1e-06,0.046358299907296896
production_problem_1,Conventional MSA,490,8.444835225848174e-06,1e-06,0.046358299907296896
production_problem_1,Conventional MSA,491,8.423558228334426e-06,1e-06,0.046358299907296896
production_problem_1,Conventional MSA,492,8.402378865947595e-06,1e-06,0.046358299907296896
production_problem_1,Conventional MSA,493,8.381296491650277e-06,1e-06,0.046358299907296896
production_problem_1,Conventional MSA,494,8.360310463663495e-06,1e-06,0.046358299907296896
production_problem_1,Conventional MSA,495,8.339420146165072e-06,1e-06,0.046358299907296896
production_problem_1,Conventional MSA,496,8.318624908551892e-06,1e-06,0.046358299907296896
production_problem_1,Conventional MSA,497,8.297924125806507e-06,1e-06,0.046358299907296896
production_problem_1,Conventional MSA,498,8.277317178016287e-06,1e-06,0.046358299907296896
production_problem_1,Conventional MSA,499,8.256803450930434e-06,1e-06,0.046358299907296896
production_problem_1,Conventional MSA,500,8.23638233540619e-06,1e-06,0.046358299907296896
production_problem_1,RC-MSA,0,0.5946095239224822,1e-06,0.0020320999901741743
production_problem_1,RC-MSA,1,0.06933817785142161,1e-06,0.0020320999901741743
production_problem_1,RC-MSA,2,0.011582576013647528,1e-06,0.0020320999901741743
production_problem_1,RC-MSA,3,0.0013412210700803528,1e-06,0.0020320999901741743
production_problem_1,RC-MSA,4,0.0003943970561941844,1e-06,0.0020320999901741743
production_problem_1,RC-MSA,5,3.376365815745279e-05,1e-06,0.0020320999901741743
production_problem_1,RC-MSA,6,3.2836513090514736e-06,1e-06,0.0020320999901741743
production_problem_1,RC-MSA,7,7.118642327884888e-07,1e-06,0.0020320999901741743
production_problem_2,Conventional MSA,0,0.5933184947751049,1e-06,0.046111300121992826
production_problem_2,Conventional MSA,1,0.06245704850548423,1e-06,0.046111300121992826
production_problem_2,Conventional MSA,2,0.007122774292424297,1e-06,0.046111300121992826
production_problem_2,Conventional MSA,3,0.003742755845091549,1e-06,0.046111300121992826
production_problem_2,Conventional MSA,4,0.0024371199770026205,1e-06,0.046111300121992826
production_problem_2,Conventional MSA,5,0.0017659258895817375,1e-06,0.046111300121992826
production_problem_2,Conventional MSA,6,0.0013645689417406766,1e-06,0.046111300121992826
production_problem_2,Conventional MSA,7,0.0011007708265903084,1e-06,0.046111300121992826
production_problem_2,Conventional MSA,8,0.0009157447941628293,1e-06,0.046111300121992826
production_problem_2,Conventional MSA,9,0.0007796559933886697,1e-06,0.046111300121992826
production_problem_2,Conventional MSA,10,0.0006758640353978947,1e-06,0.046111300121992826
production_problem_2,Conventional MSA,11,0.0005944061986566378,1e-06,0.046111300121992826
production_problem_2,Conventional MSA,12,0.0005289786816572958,1e-06,0.046111300121992826
production_problem_2,Conventional MSA,13,0.00047541173824486153,1e-06,0.046111300121992826
production_problem_2,Conventional MSA,14,0.00043084476638592407,1e-06,0.046111300121992826
production_problem_2,Conventional MSA,15,0.0003932544751876191,1e-06,0.046111300121992826
production_problem_2,Conventional MSA,16,0.000361172224049924,1e-06,0.046111300121992826
production_problem_2,Conventional MSA,17,0.0003335079418284445,1e-06,0.046111300121992826
production_problem_2,Conventional MSA,18,0.00030943670720633674,1e-06,0.046111300121992826
production_problem_2,Conventional MSA,19,0.00028832354277431236,1e-06,0.046111300121992826
production_problem_2,Conventional MSA,20,0.0002696722667679136,1e-06,0.046111300121992826
production_problem_2,Conventional MSA,21,0.00025308991908876274,1e-06,0.046111300121992826
production_problem_2,Conventional MSA,22,0.00023826152177899184,1e-06,0.046111300121992826
production_problem_2,Conventional MSA,23,0.00022493184962630856,1e-06,0.046111300121992826
production_problem_2,Conventional MSA,24,0.00021289205076808422,1e-06,0.046111300121992826
production_problem_2,Conventional MSA,25,0.00020196968311776527,1e-06,0.046111300121992826
production_problem_2,Conventional MSA,26,0.00019202119573752,1e-06,0.046111300121992826
production_problem_2,Conventional MSA,27,0.00018292618619747107,1e-06,0.046111300121992826
production_problem_2,Conventional MSA,28,0.00017458296549928607,1e-06,0.046111300121992826
production_problem_2,Conventional MSA,29,0.00016690509768884648,1e-06,0.046111300121992826
production_problem_2,Conventional MSA,30,0.00015981867436297805,1e-06,0.046111300121992826
production_problem_2,Conventional MSA,31,0.00015326014915353927,1e-06,0.046111300121992826
production_problem_2,Conventional MSA,32,0.00014717460310402497,1e-06,0.046111300121992826
production_problem_2,Conventional MSA,33,0.000141514344645843,1e-06,0.046111300121992826
production_problem_2,Conventional MSA,34,0.00013623777161608298,1e-06,0.046111300121992826
production_problem_2,Conventional MSA,35,0.0001313084401301694,1e-06,0.046111300121992826
production_problem_2,Conventional MSA,36,0.0001266942979678518,1e-06,0.046111300121992826
production_problem_2,Conventional MSA,37,0.00012236704970830707,1e-06,0.046111300121992826
production_problem_2,Conventional MSA,38,0.00011830162807955728,1e-06,0.046111300121992826
production_problem_2,Conventional MSA,39,0.0001144757514629849,1e-06,0.046111300121992826
production_problem_2,Conventional MSA,40,0.0001108695516939491,1e-06,0.046111300121992826
production_problem_2,Conventional MSA,41,0.00010746525953543808,1e-06,0.046111300121992826
production_problem_2,Conventional MSA,42,0.00010424693771984301,1e-06,0.046111300121992826
production_problem_2,Conventional MSA,43,0.00010120025341618716,1e-06,0.046111300121992826
production_problem_2,Conventional MSA,44,9.831228352967533e-05,1e-06,0.046111300121992826
production_problem_2,Conventional MSA,45,9.557134746874767e-05,1e-06,0.046111300121992826
production_problem_2,Conventional MSA,46,9.296686298471412e-05,1e-06,0.046111300121992826
production_problem_2,Conventional MSA,47,9.04892214757542e-05,1e-06,0.046111300121992826
production_problem_2,Conventional MSA,48,8.812967977227883e-05,1e-06,0.046111300121992826
production_problem_2,Conventional MSA,49,8.588026593258238e-05,1e-06,0.046111300121992826
production_problem_2,Conventional MSA,50,8.37336969871701e-05,1e-06,0.046111300121992826
production_problem_2,Conventional MSA,51,8.168330691090558e-05,1e-06,0.046111300121992826
production_problem_2,Conventional MSA,52,7.972298337774416e-05,1e-06,0.046111300121992826
production_problem_2,Conventional MSA,53,7.784711207968062e-05,1e-06,0.046111300121992826
production_problem_2,Conventional MSA,54,7.605052758176382e-05,1e-06,0.046111300121992826
production_problem_2,Conventional MSA,55,7.432846983922683e-05,1e-06,0.046111300121992826
production_problem_2,Conventional MSA,56,7.26765456358239e-05,1e-06,0.046111300121992826
production_problem_2,Conventional MSA,57,7.109069430679997e-05,1e-06,0.046111300121992826
production_problem_2,Conventional MSA,58,6.956715720644286e-05,1e-06,0.046111300121992826
production_problem_2,Conventional MSA,59,6.810245045331254e-05,1e-06,0.046111300121992826
production_problem_2,Conventional MSA,60,6.669334055134549e-05,1e-06,0.046111300121992826
production_problem_2,Conventional MSA,61,6.533682254284444e-05,1e-06,0.046111300121992826
production_problem_2,Conventional MSA,62,6.403010039120393e-05,1e-06,0.046111300121992826
production_problem_2,Conventional MSA,63,6.277056933531102e-05,1e-06,0.046111300121992826
production_problem_2,Conventional MSA,64,6.155579998905099e-05,1e-06,0.046111300121992826
production_problem_2,Conventional MSA,65,6.0383523989079734e-05,1e-06,0.046111300121992826
production_problem_2,Conventional MSA,66,5.925162101858366e-05,1e-06,0.046111300121992826
production_problem_2,Conventional MSA,67,5.815810705621549e-05,1e-06,0.046111300121992826
production_problem_2,Conventional MSA,68,5.710112371847881e-05,1e-06,0.046111300121992826
production_problem_2,Conventional MSA,69,5.607892857926749e-05,1e-06,0.046111300121992826
production_problem_2,Conventional MSA,70,5.5089886364510963e-05,1e-06,0.046111300121992826
production_problem_2,Conventional MSA,71,5.413246092971692e-05,1e-06,0.046111300121992826
production_problem_2,Conventional MSA,72,5.3205207944049705e-05,1e-06,0.046111300121992826
production_problem_2,Conventional MSA,73,5.230676820637119e-05,1e-06,0.046111300121992826
production_problem_2,Conventional MSA,74,5.14358615336567e-05,1e-06,0.046111300121992826
production_problem_2,Conventional MSA,75,5.059128116333017e-05,1e-06,0.046111300121992826
production_problem_2,Conventional MSA,76,4.9771888622401874e-05,1e-06,0.046111300121992826
production_problem_2,Conventional MSA,77,4.897660901659422e-05,1e-06,0.046111300121992826
production_problem_2,Conventional MSA,78,4.8204426702007246e-05,1e-06,0.046111300121992826
production_problem_2,Conventional MSA,79,4.745438130255951e-05,1e-06,0.046111300121992826
production_problem_2,Conventional MSA,80,4.672556404174276e-05,1e-06,0.046111300121992826
production_problem_2,Conventional MSA,81,4.6017114361723965e-05,1e-06,0.046111300121992826
production_problem_2,Conventional MSA,82,4.532821680091862e-05,1e-06,0.046111300121992826
production_problem_2,Conventional MSA,83,4.4658098110780925e-05,1e-06,0.046111300121992826
production_problem_2,Conventional MSA,84,4.400602458908023e-05,1e-06,0.046111300121992826
production_problem_2,Conventional MSA,85,4.337129961086778e-05,1e-06,0.046111300121992826
production_problem_2,Conventional MSA,86,4.275326134081828e-05,1e-06,0.046111300121992826
production_problem_2,Conventional MSA,87,4.215128061192327e-05,1e-06,0.046111300121992826
production_problem_2,Conventional MSA,88,4.156475895638302e-05,1e-06,0.046111300121992826
production_problem_2,Conventional MSA,89,4.099312677590587e-05,1e-06,0.046111300121992826
production_problem_2,Conventional MSA,90,4.043584163996599e-05,1e-06,0.046111300121992826
production_problem_2,Conventional MSA,91,3.9892386703602954e-05,1e-06,0.046111300121992826
production_problem_2,Conventional MSA,92,3.936226923164803e-05,1e-06,0.046111300121992826
production_problem_2,Conventional MSA,93,3.884501922506199e-05,1e-06,0.046111300121992826
production_problem_2,Conventional MSA,94,3.834018813802347e-05,1e-06,0.046111300121992826
production_problem_2,Conventional MSA,95,3.784734768123775e-05,1e-06,0.046111300121992826
production_problem_2,Conventional MSA,96,3.736608870331662e-05,1e-06,0.046111300121992826
production_problem_2,Conventional MSA,97,3.689602014488647e-05,1e-06,0.046111300121992826
production_problem_2,Conventional MSA,98,3.6436768060594835e-05,1e-06,0.046111300121992826
production_problem_2,Conventional MSA,99,3.598797470287118e-05,1e-06,0.046111300121992826
production_problem_2,Conventional MSA,100,3.5549297663886827e-05,1e-06,0.046111300121992826
production_problem_2,Conventional MSA,101,3.512040907033584e-05,1e-06,0.046111300121992826
production_problem_2,Conventional MSA,102,3.4700994829013896e-05,1e-06,0.046111300121992826
production_problem_2,Conventional MSA,103,3.429075391795254e-05,1e-06,0.046111300121992826
production_problem_2,Conventional MSA,104,3.3889397721043064e-05,1e-06,0.046111300121992826
production_problem_2,Conventional MSA,105,3.349664940140205e-05,1e-06,0.046111300121992826
production_problem_2,Conventional MSA,106,3.311224331377128e-05,1e-06,0.046111300121992826
production_problem_2,Conventional MSA,107,3.2735924450361894e-05,1e-06,0.046111300121992826
production_problem_2,Conventional MSA,108,3.236744791905806e-05,1e-06,0.046111300121992826
production_problem_2,Conventional MSA,109,3.2006578452521896e-05,1e-06,0.046111300121992826
production_problem_2,Conventional MSA,110,3.165308994419791e-05,1e-06,0.046111300121992826
production_problem_2,Conventional MSA,111,3.130676501247202e-05,1e-06,0.046111300121992826
production_problem_2,Conventional MSA,112,3.096739458765776e-05,1e-06,0.046111300121992826
production_problem_2,Conventional MSA,113,3.06347775226208e-05,1e-06,0.046111300121992826
production_problem_2,Conventional MSA,114,3.0308720225192675e-05,1e-06,0.046111300121992826
production_problem_2,Conventional MSA,115,2.9989036310472746e-05,1e-06,0.046111300121992826
production_problem_2,Conventional MSA,116,2.9675546271931105e-05,1e-06,0.046111300121992826
production_problem_2,Conventional MSA,117,2.936807717071448e-05,1e-06,0.046111300121992826
production_problem_2,Conventional MSA,118,2.9066462340813416e-05,1e-06,0.046111300121992826
production_problem_2,Conventional MSA,119,2.8770541110028425e-05,1e-06,0.046111300121992826
production_problem_2,Conventional MSA,120,2.8480158536136464e-05,1e-06,0.046111300121992826
production_problem_2,Conventional MSA,121,2.8195165156416582e-05,1e-06,0.046111300121992826
production_problem_2,Conventional MSA,122,2.7915416749676103e-05,1e-06,0.046111300121992826
production_problem_2,Conventional MSA,123,2.764077411109977e-05,1e-06,0.046111300121992826
production_problem_2,Conventional MSA,124,2.7371102838510866e-05,1e-06,0.046111300121992826
production_problem_2,Conventional MSA,125,2.7106273128514354e-05,1e-06,0.046111300121992826
production_problem_2,Conventional MSA,126,2.684615958453686e-05,1e-06,0.046111300121992826
production_problem_2,Conventional MSA,127,2.6590641032735866e-05,1e-06,0.046111300121992826
production_problem_2,Conventional MSA,128,2.6339600347231393e-05,1e-06,0.046111300121992826
production_problem_2,Conventional MSA,129,2.6092924284904514e-05,1e-06,0.046111300121992826
production_problem_2,Conventional MSA,130,2.5850503327051873e-05,1e-06,0.046111300121992826
production_problem_2,Conventional MSA,131,2.56122315296855e-05,1e-06,0.046111300121992826
production_problem_2,Conventional MSA,132,2.5378006379338674e-05,1e-06,0.046111300121992826
production_problem_2,Conventional MSA,133,2.5147728658052656e-05,1e-06,0.046111300121992826
production_problem_2,Conventional MSA,134,2.4921302312014636e-05,1e-06,0.046111300121992826
production_problem_2,Conventional MSA,135,2.469863432914899e-05,1e-06,0.046111300121992826
production_problem_2,Conventional MSA,136,2.447963461967025e-05,1e-06,0.046111300121992826
production_problem_2,Conventional MSA,137,2.4264215903971056e-05,1e-06,0.046111300121992826
production_problem_2,Conventional MSA,138,2.405229360505892e-05,1e-06,0.046111300121992826
production_problem_2,Conventional MSA,139,2.3843785745905764e-05,1e-06,0.046111300121992826
production_problem_2,Conventional MSA,140,2.3638612850626743e-05,1e-06,0.046111300121992826
production_problem_2,Conventional MSA,141,2.3436697851804122e-05,1e-06,0.046111300121992826
production_problem_2,Conventional MSA,142,2.3237966000405594e-05,1e-06,0.046111300121992826
production_problem_2,Conventional MSA,143,2.304234477949495e-05,1e-06,0.046111300121992826
production_problem_2,Conventional MSA,144,2.2849763823769196e-05,1e-06,0.046111300121992826
production_problem_2,Conventional MSA,145,2.266015484015449e-05,1e-06,0.046111300121992826
production_problem_2,Conventional MSA,146,2.247345153279288e-05,1e-06,0.046111300121992826
production_problem_2,Conventional MSA,147,2.2289589532200275e-05,1e-06,0.046111300121992826
production_problem_2,Conventional MSA,148,2.2108506325547437e-05,1e-06,0.046111300121992826
production_problem_2,Conventional MSA,149,2.1930141191625664e-05,1e-06,0.046111300121992826
production_problem_2,Conventional MSA,150,2.175443513699265e-05,1e-06,0.046111300121992826
production_problem_2,Conventional MSA,151,2.1581330836411162e-05,1e-06,0.046111300121992826
production_problem_2,Conventional MSA,152,2.1410772574263837e-05,1e-06,0.046111300121992826
production_problem_2,Conventional MSA,153,2.124270618945936e-05,1e-06,0.046111300121992826
production_problem_2,Conventional MSA,154,2.1077079021852994e-05,1e-06,0.046111300121992826
production_problem_2,Conventional MSA,155,2.0913839861159522e-05,1e-06,0.046111300121992826
production_problem_2,Conventional MSA,156,2.075293889821501e-05,1e-06,0.046111300121992826
production_problem_2,Conventional MSA,157,2.0594327677283676e-05,1e-06,0.046111300121992826
production_problem_2,Conventional MSA,158,2.043795905141932e-05,1e-06,0.046111300121992826
production_problem_2,Conventional MSA,159,2.0283787139029838e-05,1e-06,0.046111300121992826
production_problem_2,Conventional MSA,160,2.013176728158164e-05,1e-06,0.046111300121992826
production_problem_2,Conventional MSA,161,1.998185600383097e-05,1e-06,0.046111300121992826
production_problem_2,Conventional MSA,162,1.983401097571581e-05,1e-06,0.046111300121992826
production_problem_2,Conventional MSA,163,1.9688190974390075e-05,1e-06,0.046111300121992826
production_problem_2,Conventional MSA,164,1.9544355849706948e-05,1e-06,0.046111300121992826
production_problem_2,Conventional MSA,165,1.9402466488640273e-05,1e-06,0.046111300121992826
production_problem_2,Conventional MSA,166,1.9262484783693813e-05,1e-06,0.046111300121992826
production_problem_2,Conventional MSA,167,1.9124373599759207e-05,1e-06,0.046111300121992826
production_problem_2,Conventional MSA,168,1.898809674485064e-05,1e-06,0.046111300121992826
production_problem_2,Conventional MSA,169,1.8853618939761365e-05,1e-06,0.046111300121992826
production_problem_2,Conventional MSA,170,1.8720905790338683e-05,1e-06,0.046111300121992826
production_problem_2,Conventional MSA,171,1.8589923759782387e-05,1e-06,0.046111300121992826
production_problem_2,Conventional MSA,172,1.846064014246982e-05,1e-06,0.046111300121992826
production_problem_2,Conventional MSA,173,1.8333023038786396e-05,1e-06,0.046111300121992826
production_problem_2,Conventional MSA,174,1.8207041330574177e-05,1e-06,0.046111300121992826
production_problem_2,Conventional MSA,175,1.808266465750269e-05,1e-06,0.046111300121992826
production_problem_2,Conventional MSA,176,1.795986339425929e-05,1e-06,0.046111300121992826
production_problem_2,Conventional MSA,177,1.7838608629424804e-05,1e-06,0.046111300121992826
production_problem_2,Conventional MSA,178,1.7718872143243596e-05,1e-06,0.046111300121992826
production_problem_2,Conventional MSA,179,1.7600626387992068e-05,1e-06,0.046111300121992826
production_problem_2,Conventional MSA,180,1.748384446796305e-05,1e-06,0.046111300121992826
production_problem_2,Conventional MSA,181,1.7368500120578414e-05,1e-06,0.046111300121992826
production_problem_2,Conventional MSA,182,1.725456769805029e-05,1e-06,0.046111300121992826
production_problem_2,Conventional MSA,183,1.7142022150004093e-05,1e-06,0.046111300121992826
production_problem_2,Conventional MSA,184,1.703083900550172e-05,1e-06,0.046111300121992826
production_problem_2,Conventional MSA,185,1.6920994357384962e-05,1e-06,0.046111300121992826
production_problem_2,Conventional MSA,186,1.6812464846036552e-05,1e-06,0.046111300121992826
production_problem_2,Conventional MSA,187,1.6705227643576055e-05,1e-06,0.046111300121992826
production_problem_2,Conventional MSA,188,1.6599260439980794e-05,1e-06,0.046111300121992826
production_problem_2,Conventional MSA,189,1.6494541427040607e-05,1e-06,0.046111300121992826
production_problem_2,Conventional MSA,190,1.63910492862173e-05,1e-06,0.046111300121992826
production_problem_2,Conventional MSA,191,1.628876317357365e-05,1e-06,0.046111300121992826
production_problem_2,Conventional MSA,192,1.6187662707857757e-05,1e-06,0.046111300121992826
production_problem_2,Conventional MSA,193,1.6087727957475993e-05,1e-06,0.046111300121992826
production_problem_2,Conventional MSA,194,1.5988939427842974e-05,1e-06,0.046111300121992826
production_problem_2,Conventional MSA,195,1.5891278050574645e-05,1e-06,0.046111300121992826
production_problem_2,Conventional MSA,196,1.5794725171059213e-05,1e-06,0.046111300121992826
production_problem_2,Conventional MSA,197,1.5699262538086987e-05,1e-06,0.046111300121992826
production_problem_2,Conventional MSA,198,1.5604872292515768e-05,1e-06,0.046111300121992826
production_problem_2,Conventional MSA,199,1.551153695757141e-05,1e-06,0.046111300121992826
production_problem_2,Conventional MSA,200,1.5419239427925934e-05,1e-06,0.046111300121992826
production_problem_2,Conventional MSA,201,1.532796296109576e-05,1e-06,0.046111300121992826
production_problem_2,Conventional MSA,202,1.5237691166903958e-05,1e-06,0.046111300121992826
production_problem_2,Conventional MSA,203,1.5148407998628914e-05,1e-06,0.046111300121992826
production_problem_2,Conventional MSA,204,1.5060097744817958e-05,1e-06,0.046111300121992826
production_problem_2,Conventional MSA,205,1.497274501964578e-05,1e-06,0.046111300121992826
production_problem_2,Conventional MSA,206,1.4886334755481916e-05,1e-06,0.046111300121992826
production_problem_2,Conventional MSA,207,1.4800852194086292e-05,1e-06,0.046111300121992826
production_problem_2,Conventional MSA,208,1.4716282879361926e-05,1e-06,0.046111300121992826
production_problem_2,Conventional MSA,209,1.4632612649217947e-05,1e-06,0.046111300121992826
production_problem_2,Conventional MSA,210,1.4549827628655715e-05,1e-06,0.046111300121992826
production_problem_2,Conventional MSA,211,1.4467914222472154e-05,1e-06,0.046111300121992826
production_problem_2,Conventional MSA,212,1.4386859107942303e-05,1e-06,0.046111300121992826
production_problem_2,Conventional MSA,213,1.4306649228738654e-05,1e-06,0.046111300121992826
production_problem_2,Conventional MSA,214,1.4227271787624722e-05,1e-06,0.046111300121992826
production_problem_2,Conventional MSA,215,1.4148714241249854e-05,1e-06,0.046111300121992826
production_problem_2,Conventional MSA,216,1.4070964292417098e-05,1e-06,0.046111300121992826
production_problem_2,Conventional MSA,217,1.399400988543172e-05,1e-06,0.046111300121992826
production_problem_2,Conventional MSA,218,1.3917839199449922e-05,1e-06,0.046111300121992826
production_problem_2,Conventional MSA,219,1.3842440643460792e-05,1e-06,0.046111300121992826
production_problem_2,Conventional MSA,220,1.3767802850228389e-05,1e-06,0.046111300121992826
production_problem_2,Conventional MSA,221,1.3693914671491435e-05,1e-06,0.046111300121992826
production_problem_2,Conventional MSA,222,1.3620765172058125e-05,1e-06,0.046111300121992826
production_problem_2,Conventional MSA,223,1.3548343625903356e-05,1e-06,0.046111300121992826
production_problem_2,Conventional MSA,224,1.3476639509830683e-05,1e-06,0.046111300121992826
production_problem_2,Conventional MSA,225,1.3405642500070655e-05,1e-06,0.046111300121992826
production_problem_2,Conventional MSA,226,1.3335342466574485e-05,1e-06,0.046111300121992826
production_problem_2,Conventional MSA,227,1.326572946922698e-05,1e-06,0.046111300121992826
production_problem_2,Conventional MSA,228,1.319679375336207e-05,1e-06,0.046111300121992826
production_problem_2,Conventional MSA,229,1.312852574503074e-05,1e-06,0.046111300121992826
production_problem_2,Conventional MSA,230,1.3060916047492754e-05,1e-06,0.046111300121992826
production_problem_2,Conventional MSA,231,1.299395543664186e-05,1e-06,0.046111300121992826
production_problem_2,Conventional MSA,232,1.2927634857645707e-05,1e-06,0.046111300121992826
production_problem_2,Conventional MSA,233,1.2861945420387278e-05,1e-06,0.046111300121992826
production_problem_2,Conventional MSA,234,1.279687839655847e-05,1e-06,0.046111300121992826
production_problem_2,Conventional MSA,235,1.2732425215741045e-05,1e-06,0.046111300121992826
production_problem_2,Conventional MSA,236,1.2668577461424579e-05,1e-06,0.046111300121992826
production_problem_2,Conventional MSA,237,1.260532686812991e-05,1e-06,0.046111300121992826
production_problem_2,Conventional MSA,238,1.254266531826026e-05,1e-06,0.046111300121992826
production_problem_2,Conventional MSA,239,1.2480584838225766e-05,1e-06,0.046111300121992826
production_problem_2,Conventional MSA,240,1.2419077595418747e-05,1e-06,0.046111300121992826
production_problem_2,Conventional MSA,241,1.2358135895731652e-05,1e-06,0.046111300121992826
production_problem_2,Conventional MSA,242,1.2297752179778411e-05,1e-06,0.046111300121992826
production_problem_2,Conventional MSA,243,1.2237919020479998e-05,1e-06,0.046111300121992826
production_problem_2,Conventional MSA,244,1.2178629119840158e-05,1e-06,0.046111300121992826
production_problem_2,Conventional MSA,245,1.2119875306716177e-05,1e-06,0.046111300121992826
production_problem_2,Conventional MSA,246,1.2061650533558884e-05,1e-06,0.046111300121992826
production_problem_2,Conventional MSA,247,1.20039478739566e-05,1e-06,0.046111300121992826
production_problem_2,Conventional MSA,248,1.1946760520314262e-05,1e-06,0.046111300121992826
production_problem_2,Conventional MSA,249,1.1890081780690919e-05,1e-06,0.046111300121992826
production_problem_2,Conventional MSA,250,1.1833905077624007e-05,1e-06,0.046111300121992826
production_problem_2,Conventional MSA,251,1.1778223944136259e-05,1e-06,0.046111300121992826
production_problem_2,Conventional MSA,252,1.1723032022572968e-05,1e-06,0.046111300121992826
production_problem_2,Conventional MSA,253,1.1668323061986079e-05,1e-06,0.046111300121992826
production_problem_2,Conventional MSA,254,1.1614090915978384e-05,1e-06,0.046111300121992826
production_problem_2,Conventional MSA,255,1.156032954012399e-05,1e-06,0.046111300121992826
production_problem_2,Conventional MSA,256,1.150703299069124e-05,1e-06,0.046111300121992826
production_problem_2,Conventional MSA,257,1.145419542169269e-05,1e-06,0.046111300121992826
production_problem_2,Conventional MSA,258,1.1401811083674985e-05,1e-06,0.046111300121992826
production_problem_2,Conventional MSA,259,1.1349874321460359e-05,1e-06,0.046111300121992826
production_problem_2,Conventional MSA,260,1.1298379571769248e-05,1e-06,0.046111300121992826
production_problem_2,Conventional MSA,261,1.1247321362338981e-05,1e-06,0.046111300121992826
production_problem_2,Conventional MSA,262,1.1196694309274053e-05,1e-06,0.046111300121992826
production_problem_2,Conventional MSA,263,1.114649311530564e-05,1e-06,0.046111300121992826
production_problem_2,Conventional MSA,264,1.1096712569036395e-05,1e-06,0.046111300121992826
production_problem_2,Conventional MSA,265,1.104734754178637e-05,1e-06,0.046111300121992826
production_problem_2,Conventional MSA,266,1.099839298704709e-05,1e-06,0.046111300121992826
production_problem_2,Conventional MSA,267,1.094984393859938e-05,1e-06,0.046111300121992826
production_problem_2,Conventional MSA,268,1.090169550867409e-05,1e-06,0.046111300121992826
production_problem_2,Conventional MSA,269,1.085394288673544e-05,1e-06,0.046111300121992826
production_problem_2,Conventional MSA,270,1.0806581337771075e-05,1e-06,0.046111300121992826
production_problem_2,Conventional MSA,271,1.0759606200911639e-05,1e-06,0.046111300121992826
production_problem_2,Conventional MSA,272,1.0713012888015894e-05,1e-06,0.046111300121992826
production_problem_2,Conventional MSA,273,1.0666796882179805e-05,1e-06,0.046111300121992826
production_problem_2,Conventional MSA,274,1.0620953736521826e-05,1e-06,0.046111300121992826
production_problem_2,Conventional MSA,275,1.0575479072686794e-05,1e-06,0.046111300121992826
production_problem_2,Conventional MSA,276,1.0530368579748857e-05,1e-06,0.046111300121992826
production_problem_2,Conventional MSA,277,1.0485618012651661e-05,1e-06,0.046111300121992826
production_problem_2,Conventional MSA,278,1.0441223191254275e-05,1e-06,0.046111300121992826
production_problem_2,Conventional MSA,279,1.0397179998777218e-05,1e-06,0.046111300121992826
production_problem_2,Conventional MSA,280,1.0353484381039458e-05,1e-06,0.046111300121992826
production_problem_2,Conventional MSA,281,1.0310132344858308e-05,1e-06,0.046111300121992826
production_problem_2,Conventional MSA,282,1.0267119957277317e-05,1e-06,0.046111300121992826
production_problem_2,Conventional MSA,283,1.0224443344024003e-05,1e-06,0.046111300121992826
production_problem_2,Conventional MSA,284,1.0182098689010723e-05,1e-06,0.046111300121992826
production_problem_2,Conventional MSA,285,1.0140082232577931e-05,1e-06,0.046111300121992826
production_problem_2,Conventional MSA,286,1.0098390271151019e-05,1e-06,0.046111300121992826
production_problem_2,Conventional MSA,287,1.005701915563891e-05,1e-06,0.046111300121992826
production_problem_2,Conventional MSA,288,1.0015965290776998e-05,1e-06,0.046111300121992826
production_problem_2,Conventional MSA,289,9.975225134169798e-06,1e-06,0.046111300121992826
production_problem_2,Conventional MSA,290,9.934795194952122e-06,1e-06,0.046111300121992826
production_problem_2,Conventional MSA,291,9.89467203317165e-06,1e-06,0.046111300121992826
production_problem_2,Conventional MSA,292,9.854852259085062e-06,1e-06,0.046111300121992826
production_problem_2,Conventional MSA,293,9.815332531769165e-06,1e-06,0.046111300121992826
production_problem_2,Conventional MSA,294,9.7761095585132e-06,1e-06,0.046111300121992826
production_problem_2,Conventional MSA,295,9.73718009394732e-06,1e-06,0.046111300121992826
production_problem_2,Conventional MSA,296,9.69854093925422e-06,1e-06,0.046111300121992826
production_problem_2,Conventional MSA,297,9.660188940969389e-06,1e-06,0.046111300121992826
production_problem_2,Conventional MSA,298,9.622120990847873e-06,1e-06,0.046111300121992826
production_problem_2,Conventional MSA,299,9.58433402454624e-06,1e-06,0.046111300121992826
production_problem_2,Conventional MSA,300,9.546825021121481e-06,1e-06,0.046111300121992826
production_problem_2,Conventional MSA,301,9.509591001926158e-06,1e-06,0.046111300121992826
production_problem_2,Conventional MSA,302,9.472629030403018e-06,1e-06,0.046111300121992826
production_problem_2,Conventional MSA,303,9.435936210800106e-06,1e-06,0.046111300121992826
production_problem_2,Conventional MSA,304,9.399509688027772e-06,1e-06,0.046111300121992826
production_problem_2,Conventional MSA,305,9.363346646358843e-06,1e-06,0.046111300121992826
production_problem_2,Conventional MSA,306,9.327444309521553e-06,1e-06,0.046111300121992826
production_problem_2,Conventional MSA,307,9.291799938879114e-06,1e-06,0.046111300121992826
production_problem_2,Conventional MSA,308,9.256410834180377e-06,1e-06,0.046111300121992826
production_problem_2,Conventional MSA,309,9.221274331567823e-06,1e-06,0.046111300121992826
production_problem_2,Conventional MSA,310,9.186387804165098e-06,1e-06,0.046111300121992826
production_problem_2,Conventional MSA,311,9.151748660495088e-06,1e-06,0.046111300121992826
production_problem_2,Conventional MSA,312,9.117354344454594e-06,1e-06,0.046111300121992826
production_problem_2,Conventional MSA,313,9.083202334398575e-06,1e-06,0.046111300121992826
production_problem_2,Conventional MSA,314,9.049290142958185e-06,1e-06,0.046111300121992826
production_problem_2,Conventional MSA,315,9.015615316011931e-06,1e-06,0.046111300121992826
production_problem_2,Conventional MSA,316,8.982175432146259e-06,1e-06,0.046111300121992826
production_problem_2,Conventional MSA,317,8.948968102836213e-06,1e-06,0.046111300121992826
production_problem_2,Conventional MSA,318,8.915990970940877e-06,1e-06,0.046111300121992826
production_problem_2,Conventional MSA,319,8.883241710846362e-06,1e-06,0.046111300121992826
production_problem_2,Conventional MSA,320,8.85071802756305e-06,1e-06,0.046111300121992826
production_problem_2,Conventional MSA,321,8.81841765651504e-06,1e-06,0.046111300121992826
production_problem_2,Conventional MSA,322,8.786338362648442e-06,1e-06,0.046111300121992826
production_problem_2,Conventional MSA,323,8.754477940692647e-06,1e-06,0.046111300121992826
production_problem_2,Conventional MSA,324,8.722834213839043e-06,1e-06,0.046111300121992826
production_problem_2,Conventional MSA,325,8.691405033657818e-06,1e-06,0.046111300121992826
production_problem_2,Conventional MSA,326,8.660188279900392e-06,1e-06,0.046111300121992826
production_problem_2,Conventional MSA,327,8.629181859497234e-06,1e-06,0.046111300121992826
production_problem_2,Conventional MSA,328,8.598383706414223e-06,1e-06,0.046111300121992826
production_problem_2,Conventional MSA,329,8.567791781363453e-06,1e-06,0.046111300121992826
production_problem_2,Conventional MSA,330,8.537404071198132e-06,1e-06,0.046111300121992826
production_problem_2,Conventional MSA,331,8.507218588452453e-06,1e-06,0.046111300121992826
production_problem_2,Conventional MSA,332,8.477233370858052e-06,1e-06,0.046111300121992826
production_problem_2,Conventional MSA,333,8.44744648152663e-06,1e-06,0.046111300121992826
production_problem_2,Conventional MSA,334,8.417856007850939e-06,1e-06,0.046111300121992826
production_problem_2,Conventional MSA,335,8.388460061248715e-06,1e-06,0.046111300121992826
production_problem_2,Conventional MSA,336,8.359256777191274e-06,1e-06,0.046111300121992826
production_problem_2,Conventional MSA,337,8.330244314534739e-06,1e-06,0.046111300121992826
production_problem_2,Conventional MSA,338,8.301420855133341e-06,1e-06,0.046111300121992826
production_problem_2,Conventional MSA,339,8.27278460344817e-06,1e-06,0.046111300121992826
production_problem_2,Conventional MSA,340,8.24433378659331e-06,1e-06,0.046111300121992826
production_problem_2,Conventional MSA,341,8.216066653189387e-06,1e-06,0.046111300121992826
production_problem_2,Conventional MSA,342,8.187981474183762e-06,1e-06,0.046111300121992826
production_problem_2,Conventional MSA,343,8.16007654142591e-06,1e-06,0.046111300121992826
production_problem_2,Conventional MSA,344,8.132350167806502e-06,1e-06,0.046111300121992826
production_problem_2,Conventional MSA,345,8.104800687035128e-06,1e-06,0.046111300121992826
production_problem_2,Conventional MSA,346,8.077426453178859e-06,1e-06,0.046111300121992826
production_problem_2,Conventional MSA,347,8.05022584041982e-06,1e-06,0.046111300121992826
production_problem_2,Conventional MSA,348,8.023197242428673e-06,1e-06,0.046111300121992826
production_problem_2,Conventional MSA,349,7.996339072786409e-06,1e-06,0.046111300121992826
production_problem_2,Conventional MSA,350,7.969649764034167e-06,1e-06,0.046111300121992826
production_problem_2,Conventional MSA,351,7.943127767588095e-06,1e-06,0.046111300121992826
production_problem_2,Conventional MSA,352,7.916771553627566e-06,1e-06,0.046111300121992826
production_problem_2,Conventional MSA,353,7.890579610348404e-06,1e-06,0.046111300121992826
production_problem_2,Conventional MSA,354,7.864550444371061e-06,1e-06,0.046111300121992826
production_problem_2,Conventional MSA,355,7.838682579935987e-06,1e-06,0.046111300121992826
production_problem_2,Conventional MSA,356,7.812974558842554e-06,1e-06,0.046111300121992826
production_problem_2,Conventional MSA,357,7.787424940342466e-06,1e-06,0.046111300121992826
production_problem_2,Conventional MSA,358,7.762032300415744e-06,1e-06,0.046111300121992826
production_problem_2,Conventional MSA,359,7.736795232057993e-06,1e-06,0.046111300121992826
production_problem_2,Conventional MSA,360,7.71171234480271e-06,1e-06,0.046111300121992826
production_problem_2,Conventional MSA,361,7.686782264285187e-06,1e-06,0.046111300121992826
production_problem_2,Conventional MSA,362,7.662003632143721e-06,1e-06,0.046111300121992826
production_problem_2,Conventional MSA,363,7.637375106278285e-06,1e-06,0.046111300121992826
production_problem_2,Conventional MSA,364,7.612895360029029e-06,1e-06,0.046111300121992826
production_problem_2,Conventional MSA,365,7.5885630815770495e-06,1e-06,0.046111300121992826
production_problem_2,Conventional MSA,366,7.564376975159743e-06,1e-06,0.046111300121992826
production_problem_2,Conventional MSA,367,7.5403357591067425e-06,1e-06,0.046111300121992826
production_problem_2,Conventional MSA,368,7.516438167008481e-06,1e-06,0.046111300121992826
production_problem_2,Conventional MSA,369,7.492682946933034e-06,1e-06,0.046111300121992826
production_problem_2,Conventional MSA,370,7.469068861014715e-06,1e-06,0.046111300121992826
production_problem_2,Conventional MSA,371,7.445594685681555e-06,1e-06,0.046111300121992826
production_problem_2,Conventional MSA,372,7.4222592112432505e-06,1e-06,0.046111300121992826
production_problem_2,Conventional MSA,373,7.399061241739075e-06,1e-06,0.046111300121992826
production_problem_2,Conventional MSA,374,7.375999594486845e-06,1e-06,0.046111300121992826
production_problem_2,Conventional MSA,375,7.353073100543707e-06,1e-06,0.046111300121992826
production_problem_2,Conventional MSA,376,7.330280604074415e-06,1e-06,0.046111300121992826
production_problem_2,Conventional MSA,377,7.307620961748854e-06,1e-06,0.046111300121992826
production_problem_2,Conventional MSA,378,7.285093043607738e-06,1e-06,0.046111300121992826
production_problem_2,Conventional MSA,379,7.262695731663324e-06,1e-06,0.046111300121992826
production_problem_2,Conventional MSA,380,7.2404279211290685e-06,1e-06,0.046111300121992826
production_problem_2,Conventional MSA,381,7.218288519032042e-06,1e-06,0.046111300121992826
production_problem_2,Conventional MSA,382,7.196276444363063e-06,1e-06,0.046111300121992826
production_problem_2,Conventional MSA,383,7.174390628259973e-06,1e-06,0.046111300121992826
production_problem_2,Conventional MSA,384,7.15263001377042e-06,1e-06,0.046111300121992826
production_problem_2,Conventional MSA,385,7.1309935552539265e-06,1e-06,0.046111300121992826
production_problem_2,Conventional MSA,386,7.109480218677608e-06,1e-06,0.046111300121992826
production_problem_2,Conventional MSA,387,7.088088981163821e-06,1e-06,0.046111300121992826
production_problem_2,Conventional MSA,388,7.066818831422367e-06,1e-06,0.046111300121992826
production_problem_2,Conventional MSA,389,7.0456687684610506e-06,1e-06,0.046111300121992826
production_problem_2,Conventional MSA,390,7.024637802638541e-06,1e-06,0.046111300121992826
production_problem_2,Conventional MSA,391,7.003724954820787e-06,1e-06,0.046111300121992826
production_problem_2,Conventional MSA,392,6.982929256822955e-06,1e-06,0.046111300121992826
production_problem_2,Conventional MSA,393,6.962249750030303e-06,1e-06,0.046111300121992826
production_problem_2,Conventional MSA,394,6.941685487115261e-06,1e-06,0.046111300121992826
production_problem_2,Conventional MSA,395,6.921235530029842e-06,1e-06,0.046111300121992826
production_problem_2,Conventional MSA,396,6.900898951300265e-06,1e-06,0.046111300121992826
production_problem_2,Conventional MSA,397,6.880674832879862e-06,1e-06,0.046111300121992826
production_problem_2,Conventional MSA,398,6.860562267112248e-06,1e-06,0.046111300121992826
production_problem_2,Conventional MSA,399,6.840560355217663e-06,1e-06,0.046111300121992826
production_problem_2,Conventional MSA,400,6.820668208481025e-06,1e-06,0.046111300121992826
production_problem_2,Conventional MSA,401,6.800884947157462e-06,1e-06,0.046111300121992826
production_problem_2,Conventional MSA,402,6.781209701089736e-06,1e-06,0.046111300121992826
production_problem_2,Conventional MSA,403,6.761641609036878e-06,1e-06,0.046111300121992826
production_problem_2,Conventional MSA,404,6.742179818635192e-06,1e-06,0.046111300121992826
production_problem_2,Conventional MSA,405,6.722823486889592e-06,1e-06,0.046111300121992826
production_problem_2,Conventional MSA,406,6.70357177908434e-06,1e-06,0.046111300121992826
production_problem_2,Conventional MSA,407,6.684423869281527e-06,1e-06,0.046111300121992826
production_problem_2,Conventional MSA,408,6.6653789403178305e-06,1e-06,0.046111300121992826
production_problem_2,Conventional MSA,409,6.646436183341125e-06,1e-06,0.046111300121992826
production_problem_2,Conventional MSA,410,6.627594797928749e-06,1e-06,0.046111300121992826
production_problem_2,Conventional MSA,411,6.60885399158774e-06,1e-06,0.046111300121992826
production_problem_2,Conventional MSA,412,6.590212980256555e-06,1e-06,0.046111300121992826
production_problem_2,Conventional MSA,413,6.571670987758494e-06,1e-06,0.046111300121992826
production_problem_2,Conventional MSA,414,6.553227245828351e-06,1e-06,0.046111300121992826
production_problem_2,Conventional MSA,415,6.5348809941682955e-06,1e-06,0.046111300121992826
production_problem_2,Conventional MSA,416,6.516631479841507e-06,1e-06,0.046111300121992826
production_problem_2,Conventional MSA,417,6.498477958177512e-06,1e-06,0.046111300121992826
production_problem_2,Conventional MSA,418,6.480419691354705e-06,1e-06,0.046111300121992826
production_problem_2,Conventional MSA,419,6.462455949396024e-06,1e-06,0.046111300121992826
production_problem_2,Conventional MSA,420,6.444586009541137e-06,1e-06,0.046111300121992826
production_problem_2,Conventional MSA,421,6.426809156348467e-06,1e-06,0.046111300121992826
production_problem_2,Conventional MSA,422,6.409124681332546e-06,1e-06,0.046111300121992826
production_problem_2,Conventional MSA,423,6.391531883352664e-06,1e-06,0.046111300121992826
production_problem_2,Conventional MSA,424,6.374030068059787e-06,1e-06,0.046111300121992826
production_problem_2,Conventional MSA,425,6.356618548114277e-06,1e-06,0.046111300121992826
production_problem_2,Conventional MSA,426,6.339296643017564e-06,1e-06,0.046111300121992826
production_problem_2,Conventional MSA,427,6.322063678880133e-06,1e-06,0.046111300121992826
production_problem_2,Conventional MSA,428,6.304918988544994e-06,1e-06,0.046111300121992826
production_problem_2,Conventional MSA,429,6.287861911162644e-06,1e-06,0.046111300121992826
production_problem_2,Conventional MSA,430,6.270891793002166e-06,1e-06,0.046111300121992826
production_problem_2,Conventional MSA,431,6.254007986074694e-06,1e-06,0.046111300121992826
production_problem_2,Conventional MSA,432,6.237209849147293e-06,1e-06,0.046111300121992826
production_problem_2,Conventional MSA,433,6.220496747091735e-06,1e-06,0.046111300121992826
production_problem_2,Conventional MSA,434,6.203868050846809e-06,1e-06,0.046111300121992826
production_problem_2,Conventional MSA,435,6.187323137618489e-06,1e-06,0.046111300121992826
production_problem_2,Conventional MSA,436,6.170861390519233e-06,1e-06,0.046111300121992826
production_problem_2,Conventional MSA,437,6.154482198979383e-06,1e-06,0.046111300121992826
production_problem_2,Conventional MSA,438,6.1381849576253995e-06,1e-06,0.046111300121992826
production_problem_2,Conventional MSA,439,6.121969067782478e-06,1e-06,0.046111300121992826
production_problem_2,Conventional MSA,440,6.10583393567622e-06,1e-06,0.046111300121992826
production_problem_2,Conventional MSA,441,6.08977897377472e-06,1e-06,0.046111300121992826
production_problem_2,Conventional MSA,442,6.073803599958613e-06,1e-06,0.046111300121992826
production_problem_2,Conventional MSA,443,6.057907237550326e-06,1e-06,0.046111300121992826
production_problem_2,Conventional MSA,444,6.042089315614985e-06,1e-06,0.046111300121992826
production_problem_2,Conventional MSA,445,6.026349268511328e-06,1e-06,0.046111300121992826
production_problem_2,Conventional MSA,446,6.010686535991135e-06,1e-06,0.046111300121992826
production_problem_2,Conventional MSA,447,5.995100562778731e-06,1e-06,0.046111300121992826
production_problem_2,Conventional MSA,448,5.979590799423686e-06,1e-06,0.046111300121992826
production_problem_2,Conventional MSA,449,5.964156701245989e-06,1e-06,0.046111300121992826
production_problem_2,Conventional MSA,450,5.948797728555076e-06,1e-06,0.046111300121992826
production_problem_2,Conventional MSA,451,5.933513347134666e-06,1e-06,0.046111300121992826
production_problem_2,Conventional MSA,452,5.918303027335473e-06,1e-06,0.046111300121992826
production_problem_2,Conventional MSA,453,5.903166244808967e-06,1e-06,0.046111300121992826
production_problem_2,Conventional MSA,454,5.888102479699526e-06,1e-06,0.046111300121992826
production_problem_2,Conventional MSA,455,5.873111217536769e-06,1e-06,0.046111300121992826
production_problem_2,Conventional MSA,456,5.858191947846684e-06,1e-06,0.046111300121992826
production_problem_2,Conventional MSA,457,5.843344165706883e-06,1e-06,0.046111300121992826
production_problem_2,Conventional MSA,458,5.828567369999616e-06,1e-06,0.046111300121992826
production_problem_2,Conventional MSA,459,5.813861064917637e-06,1e-06,0.046111300121992826
production_problem_2,Conventional MSA,460,5.799224758841794e-06,1e-06,0.046111300121992826
production_problem_2,Conventional MSA,461,5.784657964641288e-06,1e-06,0.046111300121992826
production_problem_2,Conventional MSA,462,5.770160199879051e-06,1e-06,0.046111300121992826
production_problem_2,Conventional MSA,463,5.7557309862963575e-06,1e-06,0.046111300121992826
production_problem_2,Conventional MSA,464,5.741369850051345e-06,1e-06,0.046111300121992826
production_problem_2,Conventional MSA,465,5.727076321644275e-06,1e-06,0.046111300121992826
production_problem_2,Conventional MSA,466,5.712849935762848e-06,1e-06,0.046111300121992826
production_problem_2,Conventional MSA,467,5.6986902313576e-06,1e-06,0.046111300121992826
production_problem_2,Conventional MSA,468,5.684596751237647e-06,1e-06,0.046111300121992826
production_problem_2,Conventional MSA,469,5.670569043038419e-06,1e-06,0.046111300121992826
production_problem_2,Conventional MSA,470,5.656606657722941e-06,1e-06,0.046111300121992826
production_problem_2,Conventional MSA,471,5.6427091506724024e-06,1e-06,0.046111300121992826
production_problem_2,Conventional MSA,472,5.628876081097329e-06,1e-06,0.046111300121992826
production_problem_2,Conventional MSA,473,5.61510701209672e-06,1e-06,0.046111300121992826
production_problem_2,Conventional MSA,474,5.601401510841337e-06,1e-06,0.046111300121992826
production_problem_2,Conventional MSA,475,5.5877591482357315e-06,1e-06,0.046111300121992826
production_problem_2,Conventional MSA,476,5.574179498843515e-06,1e-06,0.046111300121992826
production_problem_2,Conventional MSA,477,5.5606621411746164e-06,1e-06,0.046111300121992826
production_problem_2,Conventional MSA,478,5.547206657715836e-06,1e-06,0.046111300121992826
production_problem_2,Conventional MSA,479,5.533812634066442e-06,1e-06,0.046111300121992826
production_problem_2,Conventional MSA,480,5.520479659738231e-06,1e-06,0.046111300121992826
production_problem_2,Conventional MSA,481,5.507207328084679e-06,1e-06,0.046111300121992826
production_problem_2,Conventional MSA,482,5.49399523538911e-06,1e-06,0.046111300121992826
production_problem_2,Conventional MSA,483,5.4808429822516225e-06,1e-06,0.046111300121992826
production_problem_2,Conventional MSA,484,5.467750172128717e-06,1e-06,0.046111300121992826
production_problem_2,Conventional MSA,485,5.454716412273085e-06,1e-06,0.046111300121992826
production_problem_2,Conventional MSA,486,5.441741313032342e-06,1e-06,0.046111300121992826
production_problem_2,Conventional MSA,487,5.4288244885054435e-06,1e-06,0.046111300121992826
production_problem_2,Conventional MSA,488,5.4159655558427326e-06,1e-06,0.046111300121992826
production_problem_2,Conventional MSA,489,5.4031641357912095e-06,1e-06,0.046111300121992826
production_problem_2,Conventional MSA,490,5.390419851747603e-06,1e-06,0.046111300121992826
production_problem_2,Conventional MSA,491,5.3777323311830005e-06,1e-06,0.046111300121992826
production_problem_2,Conventional MSA,492,5.3651012042585105e-06,1e-06,0.046111300121992826
production_problem_2,Conventional MSA,493,5.352526104262011e-06,1e-06,0.046111300121992826
production_problem_2,Conventional MSA,494,5.340006667795328e-06,1e-06,0.046111300121992826
production_problem_2,Conventional MSA,495,5.327542534410282e-06,1e-06,0.046111300121992826
production_problem_2,Conventional MSA,496,5.315133346885549e-06,1e-06,0.046111300121992826
production_problem_2,Conventional MSA,497,5.302778750966694e-06,1e-06,0.046111300121992826
production_problem_2,Conventional MSA,498,5.290478395465613e-06,1e-06,0.046111300121992826
production_problem_2,Conventional MSA,499,5.278231931968062e-06,1e-06,0.046111300121992826
production_problem_2,Conventional MSA,500,5.266039015059833e-06,1e-06,0.046111300121992826
production_problem_2,RC-MSA,0,0.5933184947751049,1e-06,0.0027848000172525644
production_problem_2,RC-MSA,1,0.06245704850548423,1e-06,0.0027848000172525644
production_problem_2,RC-MSA,2,0.007122774292424297,1e-06,0.0027848000172525644
production_problem_2,RC-MSA,3,0.0011077771079662626,1e-06,0.0027848000172525644
production_problem_2,RC-MSA,4,0.0003002157245384976,1e-06,0.0027848000172525644
production_problem_2,RC-MSA,5,4.051899661734223e-05,1e-06,0.0027848000172525644
production_problem_2,RC-MSA,6,1.7586076555491432e-05,1e-06,0.0027848000172525644
production_problem_2,RC-MSA,7,4.789178724639917e-06,1e-06,0.0027848000172525644
production_problem_2,RC-MSA,8,2.375556688635565e-06,1e-06,0.0027848000172525644
production_problem_2,RC-MSA,9,1.3114826278191764e-06,1e-06,0.0027848000172525644
production_problem_2,RC-MSA,10,7.82793778183664e-07,1e-06,0.0027848000172525644
