experiment,audit_id,policy,path_id,training_seed,maximum_difference,tolerance,status,detail
5.2.2,raw_replications_to_path_seed_aggregation,Behaviour cloning,test_000_4ae657b9eeec,,9.094947017729282e-13,1e-06,PASS,Three learning seeds are averaged within physical path before comparison with the accepted path-level file.
5.2.2,raw_replications_to_path_seed_aggregation,Behaviour cloning,test_001_dde9993de777,,1.4551915228366852e-11,1e-06,PASS,Three learning seeds are averaged within physical path before comparison with the accepted path-level file.
5.2.2,raw_replications_to_path_seed_aggregation,Behaviour cloning,test_002_f01217ab0e79,,1.4551915228366852e-11,1e-06,PASS,Three learning seeds are averaged within physical path before comparison with the accepted path-level file.
5.2.2,raw_replications_to_path_seed_aggregation,Behaviour cloning,test_003_eb3106001035,,1.4551915228366852e-11,1e-06,PASS,Three learning seeds are averaged within physical path before comparison with the accepted path-level file.
5.2.2,raw_replications_to_path_seed_aggregation,Behaviour cloning,test_004_55a330aff5c4,,1.4551915228366852e-11,1e-06,PASS,Three learning seeds are averaged within physical path before comparison with the accepted path-level file.
5.2.2,raw_replications_to_path_seed_aggregation,Behaviour cloning,test_005_981c73a17708,,1.8189894035458565e-12,1e-06,PASS,Three learning seeds are averaged within physical path before comparison with the accepted path-level file.
5.2.2,raw_replications_to_path_seed_aggregation,Behaviour cloning,test_006_daba4b1e9814,,1.4551915228366852e-11,1e-06,PASS,Three learning seeds are averaged within physical path before comparison with the accepted path-level file.
5.2.2,raw_replications_to_path_seed_aggregation,Behaviour cloning,test_007_925513ee8ec6,,1.4551915228366852e-11,1e-06,PASS,Three learning seeds are averaged within physical path before comparison with the accepted path-level file.
5.2.2,raw_replications_to_path_seed_aggregation,Behaviour cloning,test_008_fabe46a0ea00,,1.4551915228366852e-11,1e-06,PASS,Three learning seeds are averaged within physical path before comparison with the accepted path-level file.
5.2.2,raw_replications_to_path_seed_aggregation,Behaviour cloning,test_009_c8ef87e47101,,1.4551915228366852e-11,1e-06,PASS,Three learning seeds are averaged within physical path before comparison with the accepted path-level file.
5.2.2,raw_replications_to_path_seed_aggregation,Behaviour cloning,test_010_613ab99db82c,,1.4551915228366852e-11,1e-06,PASS,Three learning seeds are averaged within physical path before comparison with the accepted path-level file.
5.2.2,raw_replications_to_path_seed_aggregation,Behaviour cloning,test_011_8a2e74b38d5d,,1.4551915228366852e-11,1e-06,PASS,Three learning seeds are averaged within physical path before comparison with the accepted path-level file.
5.2.2,raw_replications_to_path_seed_aggregation,Behaviour cloning,test_012_b6bdc05b20a7,,1.8189894035458565e-12,1e-06,PASS,Three learning seeds are averaged within physical path before comparison with the accepted path-level file.
5.2.2,raw_replications_to_path_seed_aggregation,Behaviour cloning,test_013_040653995d85,,2.2737367544323206e-13,1e-06,PASS,Three learning seeds are averaged within physical path before comparison with the accepted path-level file.
5.2.2,raw_replications_to_path_seed_aggregation,Behaviour cloning,test_014_f00647451070,,1.4551915228366852e-11,1e-06,PASS,Three learning seeds are averaged within physical path before comparison with the accepted path-level file.
5.2.2,raw_replications_to_path_seed_aggregation,Behaviour cloning,test_015_643a837775f9,,1.4551915228366852e-11,1e-06,PASS,Three learning seeds are averaged within physical path before comparison with the accepted path-level file.
5.2.2,raw_replications_to_path_seed_aggregation,Behaviour cloning,test_016_45a90ccef8bd,,1.4551915228366852e-11,1e-06,PASS,Three learning seeds are averaged within physical path before comparison with the accepted path-level file.
5.2.2,raw_replications_to_path_seed_aggregation,Behaviour cloning,test_017_ebd333a3cdba,,1.4551915228366852e-11,1e-06,PASS,Three learning seeds are averaged within physical path before comparison with the accepted path-level file.
5.2.2,raw_replications_to_path_seed_aggregation,Behaviour cloning,test_018_9466cee538c9,,1.4551915228366852e-11,1e-06,PASS,Three learning seeds are averaged within physical path before comparison with the accepted path-level file.
5.2.2,raw_replications_to_path_seed_aggregation,Behaviour cloning,test_019_9d2b7462a57a,,1.4551915228366852e-11,1e-06,PASS,Three learning seeds are averaged within physical path before comparison with the accepted path-level file.
5.2.2,raw_replications_to_path_seed_aggregation,Behaviour cloning,test_020_701c8d28bc45,,4.547473508864641e-13,1e-06,PASS,Three learning seeds are averaged within physical path before comparison with the accepted path-level file.
5.2.2,raw_replications_to_path_seed_aggregation,Behaviour cloning,test_021_69299bc5d0bf,,1.4551915228366852e-11,1e-06,PASS,Three learning seeds are averaged within physical path before comparison with the accepted path-level file.
5.2.2,raw_replications_to_path_seed_aggregation,Behaviour cloning,test_022_1b3e72c80b5f,,1.4551915228366852e-11,1e-06,PASS,Three learning seeds are averaged within physical path before comparison with the accepted path-level file.
5.2.2,raw_replications_to_path_seed_aggregation,Behaviour cloning,test_023_90a8af416c5a,,1.4551915228366852e-11,1e-06,PASS,Three learning seeds are averaged within physical path before comparison with the accepted path-level file.
5.2.2,raw_replications_to_path_seed_aggregation,Behaviour cloning,test_024_e90f261f99e2,,1.4551915228366852e-11,1e-06,PASS,Three learning seeds are averaged within physical path before comparison with the accepted path-level file.
5.2.2,raw_replications_to_path_seed_aggregation,Behaviour cloning,test_025_0c3eeaae0824,,1.4551915228366852e-11,1e-06,PASS,Three learning seeds are averaged within physical path before comparison with the accepted path-level file.
5.2.2,raw_replications_to_path_seed_aggregation,Behaviour cloning,test_026_770d47ae1768,,1.4551915228366852e-11,1e-06,PASS,Three learning seeds are averaged within physical path before comparison with the accepted path-level file.
5.2.2,raw_replications_to_path_seed_aggregation,Behaviour cloning,test_027_df5d670513fa,,1.4551915228366852e-11,1e-06,PASS,Three learning seeds are averaged within physical path before comparison with the accepted path-level file.
5.2.2,raw_replications_to_path_seed_aggregation,Behaviour cloning,test_028_e9fb02365dd3,,1.4551915228366852e-11,1e-06,PASS,Three learning seeds are averaged within physical path before comparison with the accepted path-level file.
5.2.2,raw_replications_to_path_seed_aggregation,Behaviour cloning,test_029_b44f60718c5a,,1.4551915228366852e-11,1e-06,PASS,Three learning seeds are averaged within physical path before comparison with the accepted path-level file.
5.2.2,raw_replications_to_path_seed_aggregation,Behaviour cloning,test_030_038f4c53d11f,,2.2737367544323206e-13,1e-06,PASS,Three learning seeds are averaged within physical path before comparison with the accepted path-level file.
5.2.2,raw_replications_to_path_seed_aggregation,Behaviour cloning,test_031_0a6ff70351b5,,1.4551915228366852e-11,1e-06,PASS,Three learning seeds are averaged within physical path before comparison with the accepted path-level file.
5.2.2,raw_replications_to_path_seed_aggregation,Behaviour cloning,test_032_efdf826e6bc3,,1.4551915228366852e-11,1e-06,PASS,Three learning seeds are averaged within physical path before comparison with the accepted path-level file.
5.2.2,raw_replications_to_path_seed_aggregation,Behaviour cloning,test_033_de0c441dba67,,1.4551915228366852e-11,1e-06,PASS,Three learning seeds are averaged within physical path before comparison with the accepted path-level file.
5.2.2,raw_replications_to_path_seed_aggregation,Behaviour cloning,test_034_a00d80b83640,,4.547473508864641e-13,1e-06,PASS,Three learning seeds are averaged within physical path before comparison with the accepted path-level file.
5.2.2,raw_replications_to_path_seed_aggregation,Behaviour cloning,test_035_51fd398978b7,,1.4551915228366852e-11,1e-06,PASS,Three learning seeds are averaged within physical path before comparison with the accepted path-level file.
5.2.2,raw_replications_to_path_seed_aggregation,Behaviour cloning,test_036_7eb6ac1ca077,,1.4551915228366852e-11,1e-06,PASS,Three learning seeds are averaged within physical path before comparison with the accepted path-level file.
5.2.2,raw_replications_to_path_seed_aggregation,Behaviour cloning,test_037_f096257ecaa4,,1.4551915228366852e-11,1e-06,PASS,Three learning seeds are averaged within physical path before comparison with the accepted path-level file.
5.2.2,raw_replications_to_path_seed_aggregation,Behaviour cloning,test_038_b05abc6e01b3,,4.547473508864641e-13,1e-06,PASS,Three learning seeds are averaged within physical path before comparison with the accepted path-level file.
5.2.2,raw_replications_to_path_seed_aggregation,Behaviour cloning,test_039_9c0d1ebe6c19,,4.547473508864641e-13,1e-06,PASS,Three learning seeds are averaged within physical path before comparison with the accepted path-level file.
5.2.2,raw_replications_to_path_seed_aggregation,Behaviour cloning,test_040_11a8950c659e,,1.4551915228366852e-11,1e-06,PASS,Three learning seeds are averaged within physical path before comparison with the accepted path-level file.
5.2.2,raw_replications_to_path_seed_aggregation,Behaviour cloning,test_041_e58f21dcc209,,1.4551915228366852e-11,1e-06,PASS,Three learning seeds are averaged within physical path before comparison with the accepted path-level file.
5.2.2,raw_replications_to_path_seed_aggregation,Behaviour cloning,test_042_a77d2ece213a,,4.547473508864641e-13,1e-06,PASS,Three learning seeds are averaged within physical path before comparison with the accepted path-level file.
5.2.2,raw_replications_to_path_seed_aggregation,Behaviour cloning,test_043_f1174106175c,,1.4551915228366852e-11,1e-06,PASS,Three learning seeds are averaged within physical path before comparison with the accepted path-level file.
5.2.2,raw_replications_to_path_seed_aggregation,Behaviour cloning,test_044_ed401c94714a,,1.4551915228366852e-11,1e-06,PASS,Three learning seeds are averaged within physical path before comparison with the accepted path-level file.
5.2.2,raw_replications_to_path_seed_aggregation,Behaviour cloning,test_045_af7d3f616c1d,,1.8189894035458565e-12,1e-06,PASS,Three learning seeds are averaged within physical path before comparison with the accepted path-level file.
5.2.2,raw_replications_to_path_seed_aggregation,Behaviour cloning,test_046_e35b743e6617,,1.4551915228366852e-11,1e-06,PASS,Three learning seeds are averaged within physical path before comparison with the accepted path-level file.
5.2.2,raw_replications_to_path_seed_aggregation,Behaviour cloning,test_047_20c1f89391c1,,1.4551915228366852e-11,1e-06,PASS,Three learning seeds are averaged within physical path before comparison with the accepted path-level file.
5.2.2,raw_replications_to_path_seed_aggregation,Behaviour cloning,test_048_eeaf6a6a0a15,,1.8189894035458565e-12,1e-06,PASS,Three learning seeds are averaged within physical path before comparison with the accepted path-level file.
5.2.2,raw_replications_to_path_seed_aggregation,Behaviour cloning,test_049_343da3774e7e,,2.2737367544323206e-13,1e-06,PASS,Three learning seeds are averaged within physical path before comparison with the accepted path-level file.
5.2.2,raw_replications_to_path_seed_aggregation,Behaviour cloning,test_050_1c7612d8bc63,,1.8189894035458565e-12,1e-06,PASS,Three learning seeds are averaged within physical path before comparison with the accepted path-level file.
5.2.2,raw_replications_to_path_seed_aggregation,Behaviour cloning,test_051_5747c87e6d9a,,1.4551915228366852e-11,1e-06,PASS,Three learning seeds are averaged within physical path before comparison with the accepted path-level file.
5.2.2,raw_replications_to_path_seed_aggregation,Behaviour cloning,test_052_9760565f31de,,1.4551915228366852e-11,1e-06,PASS,Three learning seeds are averaged within physical path before comparison with the accepted path-level file.
5.2.2,raw_replications_to_path_seed_aggregation,Behaviour cloning,test_053_4473e6f72168,,1.4551915228366852e-11,1e-06,PASS,Three learning seeds are averaged within physical path before comparison with the accepted path-level file.
5.2.2,raw_replications_to_path_seed_aggregation,Behaviour cloning,test_054_c66f0b1dacc4,,1.4551915228366852e-11,1e-06,PASS,Three learning seeds are averaged within physical path before comparison with the accepted path-level file.
5.2.2,raw_replications_to_path_seed_aggregation,Behaviour cloning,test_055_f90330578051,,1.4551915228366852e-11,1e-06,PASS,Three learning seeds are averaged within physical path before comparison with the accepted path-level file.
5.2.2,raw_replications_to_path_seed_aggregation,Behaviour cloning,test_056_b2c64046cef9,,7.105427357601002e-15,1e-06,PASS,Three learning seeds are averaged within physical path before comparison with the accepted path-level file.
5.2.2,raw_replications_to_path_seed_aggregation,Behaviour cloning,test_057_bf11b8e004e2,,1.4551915228366852e-11,1e-06,PASS,Three learning seeds are averaged within physical path before comparison with the accepted path-level file.
5.2.2,raw_replications_to_path_seed_aggregation,Behaviour cloning,test_058_fbcfbffca03e,,1.4551915228366852e-11,1e-06,PASS,Three learning seeds are averaged within physical path before comparison with the accepted path-level file.
5.2.2,raw_replications_to_path_seed_aggregation,Behaviour cloning,test_059_d22925a9593f,,1.8189894035458565e-12,1e-06,PASS,Three learning seeds are averaged within physical path before comparison with the accepted path-level file.
5.2.2,raw_replications_to_path_seed_aggregation,Behaviour cloning,test_060_b3feb9e274c2,,1.4551915228366852e-11,1e-06,PASS,Three learning seeds are averaged within physical path before comparison with the accepted path-level file.
5.2.2,raw_replications_to_path_seed_aggregation,Behaviour cloning,test_061_627abde70c26,,1.4551915228366852e-11,1e-06,PASS,Three learning seeds are averaged within physical path before comparison with the accepted path-level file.
5.2.2,raw_replications_to_path_seed_aggregation,Behaviour cloning,test_062_0c9ea14e9507,,1.4551915228366852e-11,1e-06,PASS,Three learning seeds are averaged within physical path before comparison with the accepted path-level file.
5.2.2,raw_replications_to_path_seed_aggregation,Behaviour cloning,test_063_44f0f2a191ef,,1.4551915228366852e-11,1e-06,PASS,Three learning seeds are averaged within physical path before comparison with the accepted path-level file.
5.2.2,raw_replications_to_path_seed_aggregation,Behaviour cloning,test_064_27d69866b791,,1.4551915228366852e-11,1e-06,PASS,Three learning seeds are averaged within physical path before comparison with the accepted path-level file.
5.2.2,raw_replications_to_path_seed_aggregation,Behaviour cloning,test_065_930038cc16e9,,1.4551915228366852e-11,1e-06,PASS,Three learning seeds are averaged within physical path before comparison with the accepted path-level file.
5.2.2,raw_replications_to_path_seed_aggregation,Behaviour cloning,test_066_28fb87ba4913,,1.4551915228366852e-11,1e-06,PASS,Three learning seeds are averaged within physical path before comparison with the accepted path-level file.
5.2.2,raw_replications_to_path_seed_aggregation,Behaviour cloning,test_067_4d46fa716471,,1.4551915228366852e-11,1e-06,PASS,Three learning seeds are averaged within physical path before comparison with the accepted path-level file.
5.2.2,raw_replications_to_path_seed_aggregation,Behaviour cloning,test_068_93da1d4ae1ba,,2.842170943040401e-14,1e-06,PASS,Three learning seeds are averaged within physical path before comparison with the accepted path-level file.
5.2.2,raw_replications_to_path_seed_aggregation,Behaviour cloning,test_069_5b01ea54b2fa,,1.4551915228366852e-11,1e-06,PASS,Three learning seeds are averaged within physical path before comparison with the accepted path-level file.
5.2.2,raw_replications_to_path_seed_aggregation,Behaviour cloning,test_070_0cd9bcac96c3,,1.4551915228366852e-11,1e-06,PASS,Three learning seeds are averaged within physical path before comparison with the accepted path-level file.
5.2.2,raw_replications_to_path_seed_aggregation,Behaviour cloning,test_071_34f77888383f,,4.547473508864641e-13,1e-06,PASS,Three learning seeds are averaged within physical path before comparison with the accepted path-level file.
5.2.2,raw_replications_to_path_seed_aggregation,Behaviour cloning,test_072_8e59fac0e6c8,,1.4551915228366852e-11,1e-06,PASS,Three learning seeds are averaged within physical path before comparison with the accepted path-level file.
5.2.2,raw_replications_to_path_seed_aggregation,Behaviour cloning,test_073_69349232969b,,1.4551915228366852e-11,1e-06,PASS,Three learning seeds are averaged within physical path before comparison with the accepted path-level file.
5.2.2,raw_replications_to_path_seed_aggregation,Behaviour cloning,test_074_212affc962e2,,1.4551915228366852e-11,1e-06,PASS,Three learning seeds are averaged within physical path before comparison with the accepted path-level file.
5.2.2,raw_replications_to_path_seed_aggregation,Behaviour cloning,test_075_8de4e41c7ad9,,1.4551915228366852e-11,1e-06,PASS,Three learning seeds are averaged within physical path before comparison with the accepted path-level file.
5.2.2,raw_replications_to_path_seed_aggregation,Behaviour cloning,test_076_48339f21c8ec,,1.4551915228366852e-11,1e-06,PASS,Three learning seeds are averaged within physical path before comparison with the accepted path-level file.
5.2.2,raw_replications_to_path_seed_aggregation,Behaviour cloning,test_077_b1f2e84dc844,,1.4551915228366852e-11,1e-06,PASS,Three learning seeds are averaged within physical path before comparison with the accepted path-level file.
5.2.2,raw_replications_to_path_seed_aggregation,Behaviour cloning,test_078_367d379a9297,,1.4551915228366852e-11,1e-06,PASS,Three learning seeds are averaged within physical path before comparison with the accepted path-level file.
5.2.2,raw_replications_to_path_seed_aggregation,Behaviour cloning,test_079_bce06ca59758,,4.547473508864641e-13,1e-06,PASS,Three learning seeds are averaged within physical path before comparison with the accepted path-level file.
5.2.2,raw_replications_to_path_seed_aggregation,Behaviour cloning,test_080_e669407a98d7,,1.4551915228366852e-11,1e-06,PASS,Three learning seeds are averaged within physical path before comparison with the accepted path-level file.
5.2.2,raw_replications_to_path_seed_aggregation,Behaviour cloning,test_081_fbbd80304765,,1.4551915228366852e-11,1e-06,PASS,Three learning seeds are averaged within physical path before comparison with the accepted path-level file.
5.2.2,raw_replications_to_path_seed_aggregation,Behaviour cloning,test_082_2cf496ac3a99,,1.4551915228366852e-11,1e-06,PASS,Three learning seeds are averaged within physical path before comparison with the accepted path-level file.
5.2.2,raw_replications_to_path_seed_aggregation,Behaviour cloning,test_083_4cbdde5f376f,,1.4551915228366852e-11,1e-06,PASS,Three learning seeds are averaged within physical path before comparison with the accepted path-level file.
5.2.2,raw_replications_to_path_seed_aggregation,Behaviour cloning,test_084_513eb18f351c,,4.547473508864641e-13,1e-06,PASS,Three learning seeds are averaged within physical path before comparison with the accepted path-level file.
5.2.2,raw_replications_to_path_seed_aggregation,Behaviour cloning,test_085_650c50514b66,,1.4551915228366852e-11,1e-06,PASS,Three learning seeds are averaged within physical path before comparison with the accepted path-level file.
5.2.2,raw_replications_to_path_seed_aggregation,Behaviour cloning,test_086_754dc8e1ab0e,,1.4551915228366852e-11,1e-06,PASS,Three learning seeds are averaged within physical path before comparison with the accepted path-level file.
5.2.2,raw_replications_to_path_seed_aggregation,Behaviour cloning,test_087_cbc79ee243dd,,1.4551915228366852e-11,1e-06,PASS,Three learning seeds are averaged within physical path before comparison with the accepted path-level file.
5.2.2,raw_replications_to_path_seed_aggregation,Constrained SAC,test_000_4ae657b9eeec,,2.9103830456733704e-11,1e-06,PASS,Three learning seeds are averaged within physical path before comparison with the accepted path-level file.
5.2.2,raw_replications_to_path_seed_aggregation,Constrained SAC,test_001_dde9993de777,,7.275957614183426e-12,1e-06,PASS,Three learning seeds are averaged within physical path before comparison with the accepted path-level file.
5.2.2,raw_replications_to_path_seed_aggregation,Constrained SAC,test_002_f01217ab0e79,,1.8189894035458565e-12,1e-06,PASS,Three learning seeds are averaged within physical path before comparison with the accepted path-level file.
5.2.2,raw_replications_to_path_seed_aggregation,Constrained SAC,test_003_eb3106001035,,2.2737367544323206e-13,1e-06,PASS,Three learning seeds are averaged within physical path before comparison with the accepted path-level file.
5.2.2,raw_replications_to_path_seed_aggregation,Constrained SAC,test_004_55a330aff5c4,,5.820766091346741e-11,1e-06,PASS,Three learning seeds are averaged within physical path before comparison with the accepted path-level file.
5.2.2,raw_replications_to_path_seed_aggregation,Constrained SAC,test_005_981c73a17708,,1.8189894035458565e-12,1e-06,PASS,Three learning seeds are averaged within physical path before comparison with the accepted path-level file.
5.2.2,raw_replications_to_path_seed_aggregation,Constrained SAC,test_006_daba4b1e9814,,1.8189894035458565e-12,1e-06,PASS,Three learning seeds are averaged within physical path before comparison with the accepted path-level file.
5.2.2,raw_replications_to_path_seed_aggregation,Constrained SAC,test_007_925513ee8ec6,,4.547473508864641e-13,1e-06,PASS,Three learning seeds are averaged within physical path before comparison with the accepted path-level file.
5.2.2,raw_replications_to_path_seed_aggregation,Constrained SAC,test_008_fabe46a0ea00,,1.8189894035458565e-12,1e-06,PASS,Three learning seeds are averaged within physical path before comparison with the accepted path-level file.
5.2.2,raw_replications_to_path_seed_aggregation,Constrained SAC,test_009_c8ef87e47101,,4.547473508864641e-13,1e-06,PASS,Three learning seeds are averaged within physical path before comparison with the accepted path-level file.
5.2.2,raw_replications_to_path_seed_aggregation,Constrained SAC,test_010_613ab99db82c,,2.9103830456733704e-11,1e-06,PASS,Three learning seeds are averaged within physical path before comparison with the accepted path-level file.
5.2.2,raw_replications_to_path_seed_aggregation,Constrained SAC,test_011_8a2e74b38d5d,,5.820766091346741e-11,1e-06,PASS,Three learning seeds are averaged within physical path before comparison with the accepted path-level file.
5.2.2,raw_replications_to_path_seed_aggregation,Constrained SAC,test_012_b6bdc05b20a7,,2.9103830456733704e-11,1e-06,PASS,Three learning seeds are averaged within physical path before comparison with the accepted path-level file.
5.2.2,raw_replications_to_path_seed_aggregation,Constrained SAC,test_013_040653995d85,,2.9103830456733704e-11,1e-06,PASS,Three learning seeds are averaged within physical path before comparison with the accepted path-level file.
5.2.2,raw_replications_to_path_seed_aggregation,Constrained SAC,test_014_f00647451070,,5.820766091346741e-11,1e-06,PASS,Three learning seeds are averaged within physical path before comparison with the accepted path-level file.
5.2.2,raw_replications_to_path_seed_aggregation,Constrained SAC,test_015_643a837775f9,,7.275957614183426e-12,1e-06,PASS,Three learning seeds are averaged within physical path before comparison with the accepted path-level file.
5.2.2,raw_replications_to_path_seed_aggregation,Constrained SAC,test_016_45a90ccef8bd,,2.9103830456733704e-11,1e-06,PASS,Three learning seeds are averaged within physical path before comparison with the accepted path-level file.
5.2.2,raw_replications_to_path_seed_aggregation,Constrained SAC,test_017_ebd333a3cdba,,7.275957614183426e-12,1e-06,PASS,Three learning seeds are averaged within physical path before comparison with the accepted path-level file.
5.2.2,raw_replications_to_path_seed_aggregation,Constrained SAC,test_018_9466cee538c9,,7.275957614183426e-12,1e-06,PASS,Three learning seeds are averaged within physical path before comparison with the accepted path-level file.
5.2.2,raw_replications_to_path_seed_aggregation,Constrained SAC,test_019_9d2b7462a57a,,2.9103830456733704e-11,1e-06,PASS,Three learning seeds are averaged within physical path before comparison with the accepted path-level file.
5.2.2,raw_replications_to_path_seed_aggregation,Constrained SAC,test_020_701c8d28bc45,,3.361026734705064e-17,1e-06,PASS,Three learning seeds are averaged within physical path before comparison with the accepted path-level file.
5.2.2,raw_replications_to_path_seed_aggregation,Constrained SAC,test_021_69299bc5d0bf,,1.8189894035458565e-12,1e-06,PASS,Three learning seeds are averaged within physical path before comparison with the accepted path-level file.
5.2.2,raw_replications_to_path_seed_aggregation,Constrained SAC,test_022_1b3e72c80b5f,,9.996344030316351e-17,1e-06,PASS,Three learning seeds are averaged within physical path before comparison with the accepted path-level file.
5.2.2,raw_replications_to_path_seed_aggregation,Constrained SAC,test_023_90a8af416c5a,,7.105427357601002e-15,1e-06,PASS,Three learning seeds are averaged within physical path before comparison with the accepted path-level file.
5.2.2,raw_replications_to_path_seed_aggregation,Constrained SAC,test_024_e90f261f99e2,,1.8189894035458565e-12,1e-06,PASS,Three learning seeds are averaged within physical path before comparison with the accepted path-level file.
5.2.2,raw_replications_to_path_seed_aggregation,Constrained SAC,test_025_0c3eeaae0824,,2.9103830456733704e-11,1e-06,PASS,Three learning seeds are averaged within physical path before comparison with the accepted path-level file.
5.2.2,raw_replications_to_path_seed_aggregation,Constrained SAC,test_026_770d47ae1768,,5.820766091346741e-11,1e-06,PASS,Three learning seeds are averaged within physical path before comparison with the accepted path-level file.
5.2.2,raw_replications_to_path_seed_aggregation,Constrained SAC,test_027_df5d670513fa,,1.8189894035458565e-12,1e-06,PASS,Three learning seeds are averaged within physical path before comparison with the accepted path-level file.
5.2.2,raw_replications_to_path_seed_aggregation,Constrained SAC,test_028_e9fb02365dd3,,2.9103830456733704e-11,1e-06,PASS,Three learning seeds are averaged within physical path before comparison with the accepted path-level file.
5.2.2,raw_replications_to_path_seed_aggregation,Constrained SAC,test_029_b44f60718c5a,,2.9103830456733704e-11,1e-06,PASS,Three learning seeds are averaged within physical path before comparison with the accepted path-level file.
5.2.2,raw_replications_to_path_seed_aggregation,Constrained SAC,test_030_038f4c53d11f,,2.9103830456733704e-11,1e-06,PASS,Three learning seeds are averaged within physical path before comparison with the accepted path-level file.
5.2.2,raw_replications_to_path_seed_aggregation,Constrained SAC,test_031_0a6ff70351b5,,7.105427357601002e-15,1e-06,PASS,Three learning seeds are averaged within physical path before comparison with the accepted path-level file.
5.2.2,raw_replications_to_path_seed_aggregation,Constrained SAC,test_032_efdf826e6bc3,,1.8189894035458565e-12,1e-06,PASS,Three learning seeds are averaged within physical path before comparison with the accepted path-level file.
5.2.2,raw_replications_to_path_seed_aggregation,Constrained SAC,test_033_de0c441dba67,,1.8189894035458565e-12,1e-06,PASS,Three learning seeds are averaged within physical path before comparison with the accepted path-level file.
5.2.2,raw_replications_to_path_seed_aggregation,Constrained SAC,test_034_a00d80b83640,,4.440892098500626e-16,1e-06,PASS,Three learning seeds are averaged within physical path before comparison with the accepted path-level file.
5.2.2,raw_replications_to_path_seed_aggregation,Constrained SAC,test_035_51fd398978b7,,2.9103830456733704e-11,1e-06,PASS,Three learning seeds are averaged within physical path before comparison with the accepted path-level file.
5.2.2,raw_replications_to_path_seed_aggregation,Constrained SAC,test_036_7eb6ac1ca077,,5.820766091346741e-11,1e-06,PASS,Three learning seeds are averaged within physical path before comparison with the accepted path-level file.
5.2.2,raw_replications_to_path_seed_aggregation,Constrained SAC,test_037_f096257ecaa4,,5.820766091346741e-11,1e-06,PASS,Three learning seeds are averaged within physical path before comparison with the accepted path-level file.
5.2.2,raw_replications_to_path_seed_aggregation,Constrained SAC,test_038_b05abc6e01b3,,2.2737367544323206e-13,1e-06,PASS,Three learning seeds are averaged within physical path before comparison with the accepted path-level file.
5.2.2,raw_replications_to_path_seed_aggregation,Constrained SAC,test_039_9c0d1ebe6c19,,5.820766091346741e-11,1e-06,PASS,Three learning seeds are averaged within physical path before comparison with the accepted path-level file.
5.2.2,raw_replications_to_path_seed_aggregation,Constrained SAC,test_040_11a8950c659e,,2.9103830456733704e-11,1e-06,PASS,Three learning seeds are averaged within physical path before comparison with the accepted path-level file.
5.2.2,raw_replications_to_path_seed_aggregation,Constrained SAC,test_041_e58f21dcc209,,5.820766091346741e-11,1e-06,PASS,Three learning seeds are averaged within physical path before comparison with the accepted path-level file.
5.2.2,raw_replications_to_path_seed_aggregation,Constrained SAC,test_042_a77d2ece213a,,2.9103830456733704e-11,1e-06,PASS,Three learning seeds are averaged within physical path before comparison with the accepted path-level file.
5.2.2,raw_replications_to_path_seed_aggregation,Constrained SAC,test_043_f1174106175c,,7.275957614183426e-12,1e-06,PASS,Three learning seeds are averaged within physical path before comparison with the accepted path-level file.
5.2.2,raw_replications_to_path_seed_aggregation,Constrained SAC,test_044_ed401c94714a,,2.9103830456733704e-11,1e-06,PASS,Three learning seeds are averaged within physical path before comparison with the accepted path-level file.
5.2.2,raw_replications_to_path_seed_aggregation,Constrained SAC,test_045_af7d3f616c1d,,4.547473508864641e-13,1e-06,PASS,Three learning seeds are averaged within physical path before comparison with the accepted path-level file.
5.2.2,raw_replications_to_path_seed_aggregation,Constrained SAC,test_046_e35b743e6617,,1.8189894035458565e-12,1e-06,PASS,Three learning seeds are averaged within physical path before comparison with the accepted path-level file.
5.2.2,raw_replications_to_path_seed_aggregation,Constrained SAC,test_047_20c1f89391c1,,2.9103830456733704e-11,1e-06,PASS,Three learning seeds are averaged within physical path before comparison with the accepted path-level file.
5.2.2,raw_replications_to_path_seed_aggregation,Constrained SAC,test_048_eeaf6a6a0a15,,2.2737367544323206e-13,1e-06,PASS,Three learning seeds are averaged within physical path before comparison with the accepted path-level file.
5.2.2,raw_replications_to_path_seed_aggregation,Constrained SAC,test_049_343da3774e7e,,4.547473508864641e-13,1e-06,PASS,Three learning seeds are averaged within physical path before comparison with the accepted path-level file.
5.2.2,raw_replications_to_path_seed_aggregation,Constrained SAC,test_050_1c7612d8bc63,,2.9103830456733704e-11,1e-06,PASS,Three learning seeds are averaged within physical path before comparison with the accepted path-level file.
5.2.2,raw_replications_to_path_seed_aggregation,Constrained SAC,test_051_5747c87e6d9a,,2.9103830456733704e-11,1e-06,PASS,Three learning seeds are averaged within physical path before comparison with the accepted path-level file.
5.2.2,raw_replications_to_path_seed_aggregation,Constrained SAC,test_052_9760565f31de,,2.9103830456733704e-11,1e-06,PASS,Three learning seeds are averaged within physical path before comparison with the accepted path-level file.
5.2.2,raw_replications_to_path_seed_aggregation,Constrained SAC,test_053_4473e6f72168,,1.8189894035458565e-12,1e-06,PASS,Three learning seeds are averaged within physical path before comparison with the accepted path-level file.
5.2.2,raw_replications_to_path_seed_aggregation,Constrained SAC,test_054_c66f0b1dacc4,,7.105427357601002e-15,1e-06,PASS,Three learning seeds are averaged within physical path before comparison with the accepted path-level file.
5.2.2,raw_replications_to_path_seed_aggregation,Constrained SAC,test_055_f90330578051,,4.547473508864641e-13,1e-06,PASS,Three learning seeds are averaged within physical path before comparison with the accepted path-level file.
5.2.2,raw_replications_to_path_seed_aggregation,Constrained SAC,test_056_b2c64046cef9,,1.8189894035458565e-12,1e-06,PASS,Three learning seeds are averaged within physical path before comparison with the accepted path-level file.
5.2.2,raw_replications_to_path_seed_aggregation,Constrained SAC,test_057_bf11b8e004e2,,2.9103830456733704e-11,1e-06,PASS,Three learning seeds are averaged within physical path before comparison with the accepted path-level file.
5.2.2,raw_replications_to_path_seed_aggregation,Constrained SAC,test_058_fbcfbffca03e,,5.820766091346741e-11,1e-06,PASS,Three learning seeds are averaged within physical path before comparison with the accepted path-level file.
5.2.2,raw_replications_to_path_seed_aggregation,Constrained SAC,test_059_d22925a9593f,,5.820766091346741e-11,1e-06,PASS,Three learning seeds are averaged within physical path before comparison with the accepted path-level file.
5.2.2,raw_replications_to_path_seed_aggregation,Constrained SAC,test_060_b3feb9e274c2,,2.9103830456733704e-11,1e-06,PASS,Three learning seeds are averaged within physical path before comparison with the accepted path-level file.
5.2.2,raw_replications_to_path_seed_aggregation,Constrained SAC,test_061_627abde70c26,,5.820766091346741e-11,1e-06,PASS,Three learning seeds are averaged within physical path before comparison with the accepted path-level file.
5.2.2,raw_replications_to_path_seed_aggregation,Constrained SAC,test_062_0c9ea14e9507,,5.820766091346741e-11,1e-06,PASS,Three learning seeds are averaged within physical path before comparison with the accepted path-level file.
5.2.2,raw_replications_to_path_seed_aggregation,Constrained SAC,test_063_44f0f2a191ef,,2.9103830456733704e-11,1e-06,PASS,Three learning seeds are averaged within physical path before comparison with the accepted path-level file.
5.2.2,raw_replications_to_path_seed_aggregation,Constrained SAC,test_064_27d69866b791,,5.820766091346741e-11,1e-06,PASS,Three learning seeds are averaged within physical path before comparison with the accepted path-level file.
5.2.2,raw_replications_to_path_seed_aggregation,Constrained SAC,test_065_930038cc16e9,,5.820766091346741e-11,1e-06,PASS,Three learning seeds are averaged within physical path before comparison with the accepted path-level file.
5.2.2,raw_replications_to_path_seed_aggregation,Constrained SAC,test_066_28fb87ba4913,,5.820766091346741e-11,1e-06,PASS,Three learning seeds are averaged within physical path before comparison with the accepted path-level file.
5.2.2,raw_replications_to_path_seed_aggregation,Constrained SAC,test_067_4d46fa716471,,2.9103830456733704e-11,1e-06,PASS,Three learning seeds are averaged within physical path before comparison with the accepted path-level file.
5.2.2,raw_replications_to_path_seed_aggregation,Constrained SAC,test_068_93da1d4ae1ba,,1.8189894035458565e-12,1e-06,PASS,Three learning seeds are averaged within physical path before comparison with the accepted path-level file.
5.2.2,raw_replications_to_path_seed_aggregation,Constrained SAC,test_069_5b01ea54b2fa,,1.8189894035458565e-12,1e-06,PASS,Three learning seeds are averaged within physical path before comparison with the accepted path-level file.
5.2.2,raw_replications_to_path_seed_aggregation,Constrained SAC,test_070_0cd9bcac96c3,,2.9103830456733704e-11,1e-06,PASS,Three learning seeds are averaged within physical path before comparison with the accepted path-level file.
5.2.2,raw_replications_to_path_seed_aggregation,Constrained SAC,test_071_34f77888383f,,2.9103830456733704e-11,1e-06,PASS,Three learning seeds are averaged within physical path before comparison with the accepted path-level file.
5.2.2,raw_replications_to_path_seed_aggregation,Constrained SAC,test_072_8e59fac0e6c8,,2.9103830456733704e-11,1e-06,PASS,Three learning seeds are averaged within physical path before comparison with the accepted path-level file.
5.2.2,raw_replications_to_path_seed_aggregation,Constrained SAC,test_073_69349232969b,,2.9103830456733704e-11,1e-06,PASS,Three learning seeds are averaged within physical path before comparison with the accepted path-level file.
5.2.2,raw_replications_to_path_seed_aggregation,Constrained SAC,test_074_212affc962e2,,1.8189894035458565e-12,1e-06,PASS,Three learning seeds are averaged within physical path before comparison with the accepted path-level file.
5.2.2,raw_replications_to_path_seed_aggregation,Constrained SAC,test_075_8de4e41c7ad9,,2.9103830456733704e-11,1e-06,PASS,Three learning seeds are averaged within physical path before comparison with the accepted path-level file.
5.2.2,raw_replications_to_path_seed_aggregation,Constrained SAC,test_076_48339f21c8ec,,2.9103830456733704e-11,1e-06,PASS,Three learning seeds are averaged within physical path before comparison with the accepted path-level file.
5.2.2,raw_replications_to_path_seed_aggregation,Constrained SAC,test_077_b1f2e84dc844,,6.678685382510707e-17,1e-06,PASS,Three learning seeds are averaged within physical path before comparison with the accepted path-level file.
5.2.2,raw_replications_to_path_seed_aggregation,Constrained SAC,test_078_367d379a9297,,5.820766091346741e-11,1e-06,PASS,Three learning seeds are averaged within physical path before comparison with the accepted path-level file.
5.2.2,raw_replications_to_path_seed_aggregation,Constrained SAC,test_079_bce06ca59758,,1.8189894035458565e-12,1e-06,PASS,Three learning seeds are averaged within physical path before comparison with the accepted path-level file.
5.2.2,raw_replications_to_path_seed_aggregation,Constrained SAC,test_080_e669407a98d7,,7.275957614183426e-12,1e-06,PASS,Three learning seeds are averaged within physical path before comparison with the accepted path-level file.
5.2.2,raw_replications_to_path_seed_aggregation,Constrained SAC,test_081_fbbd80304765,,4.440892098500626e-16,1e-06,PASS,Three learning seeds are averaged within physical path before comparison with the accepted path-level file.
5.2.2,raw_replications_to_path_seed_aggregation,Constrained SAC,test_082_2cf496ac3a99,,5.820766091346741e-11,1e-06,PASS,Three learning seeds are averaged within physical path before comparison with the accepted path-level file.
5.2.2,raw_replications_to_path_seed_aggregation,Constrained SAC,test_083_4cbdde5f376f,,2.9103830456733704e-11,1e-06,PASS,Three learning seeds are averaged within physical path before comparison with the accepted path-level file.
5.2.2,raw_replications_to_path_seed_aggregation,Constrained SAC,test_084_513eb18f351c,,5.820766091346741e-11,1e-06,PASS,Three learning seeds are averaged within physical path before comparison with the accepted path-level file.
5.2.2,raw_replications_to_path_seed_aggregation,Constrained SAC,test_085_650c50514b66,,4.547473508864641e-13,1e-06,PASS,Three learning seeds are averaged within physical path before comparison with the accepted path-level file.
5.2.2,raw_replications_to_path_seed_aggregation,Constrained SAC,test_086_754dc8e1ab0e,,9.094947017729282e-13,1e-06,PASS,Three learning seeds are averaged within physical path before comparison with the accepted path-level file.
5.2.2,raw_replications_to_path_seed_aggregation,Constrained SAC,test_087_cbc79ee243dd,,6.657001339060997e-17,1e-06,PASS,Three learning seeds are averaged within physical path before comparison with the accepted path-level file.
5.2.2,raw_replications_to_path_seed_aggregation,Model-guided constrained SAC,test_000_4ae657b9eeec,,1.4551915228366852e-11,1e-06,PASS,Three learning seeds are averaged within physical path before comparison with the accepted path-level file.
5.2.2,raw_replications_to_path_seed_aggregation,Model-guided constrained SAC,test_001_dde9993de777,,1.4551915228366852e-11,1e-06,PASS,Three learning seeds are averaged within physical path before comparison with the accepted path-level file.
5.2.2,raw_replications_to_path_seed_aggregation,Model-guided constrained SAC,test_002_f01217ab0e79,,1.4551915228366852e-11,1e-06,PASS,Three learning seeds are averaged within physical path before comparison with the accepted path-level file.
5.2.2,raw_replications_to_path_seed_aggregation,Model-guided constrained SAC,test_003_eb3106001035,,1.4551915228366852e-11,1e-06,PASS,Three learning seeds are averaged within physical path before comparison with the accepted path-level file.
5.2.2,raw_replications_to_path_seed_aggregation,Model-guided constrained SAC,test_004_55a330aff5c4,,1.1368683772161603e-13,1e-06,PASS,Three learning seeds are averaged within physical path before comparison with the accepted path-level file.
5.2.2,raw_replications_to_path_seed_aggregation,Model-guided constrained SAC,test_005_981c73a17708,,4.547473508864641e-13,1e-06,PASS,Three learning seeds are averaged within physical path before comparison with the accepted path-level file.
5.2.2,raw_replications_to_path_seed_aggregation,Model-guided constrained SAC,test_006_daba4b1e9814,,1.4551915228366852e-11,1e-06,PASS,Three learning seeds are averaged within physical path before comparison with the accepted path-level file.
5.2.2,raw_replications_to_path_seed_aggregation,Model-guided constrained SAC,test_007_925513ee8ec6,,1.4551915228366852e-11,1e-06,PASS,Three learning seeds are averaged within physical path before comparison with the accepted path-level file.
5.2.2,raw_replications_to_path_seed_aggregation,Model-guided constrained SAC,test_008_fabe46a0ea00,,1.4551915228366852e-11,1e-06,PASS,Three learning seeds are averaged within physical path before comparison with the accepted path-level file.
5.2.2,raw_replications_to_path_seed_aggregation,Model-guided constrained SAC,test_009_c8ef87e47101,,1.4551915228366852e-11,1e-06,PASS,Three learning seeds are averaged within physical path before comparison with the accepted path-level file.
5.2.2,raw_replications_to_path_seed_aggregation,Model-guided constrained SAC,test_010_613ab99db82c,,1.4551915228366852e-11,1e-06,PASS,Three learning seeds are averaged within physical path before comparison with the accepted path-level file.
5.2.2,raw_replications_to_path_seed_aggregation,Model-guided constrained SAC,test_011_8a2e74b38d5d,,1.4551915228366852e-11,1e-06,PASS,Three learning seeds are averaged within physical path before comparison with the accepted path-level file.
5.2.2,raw_replications_to_path_seed_aggregation,Model-guided constrained SAC,test_012_b6bdc05b20a7,,4.547473508864641e-13,1e-06,PASS,Three learning seeds are averaged within physical path before comparison with the accepted path-level file.
5.2.2,raw_replications_to_path_seed_aggregation,Model-guided constrained SAC,test_013_040653995d85,,2.2737367544323206e-13,1e-06,PASS,Three learning seeds are averaged within physical path before comparison with the accepted path-level file.
5.2.2,raw_replications_to_path_seed_aggregation,Model-guided constrained SAC,test_014_f00647451070,,1.4551915228366852e-11,1e-06,PASS,Three learning seeds are averaged within physical path before comparison with the accepted path-level file.
5.2.2,raw_replications_to_path_seed_aggregation,Model-guided constrained SAC,test_015_643a837775f9,,1.4551915228366852e-11,1e-06,PASS,Three learning seeds are averaged within physical path before comparison with the accepted path-level file.
5.2.2,raw_replications_to_path_seed_aggregation,Model-guided constrained SAC,test_016_45a90ccef8bd,,1.4551915228366852e-11,1e-06,PASS,Three learning seeds are averaged within physical path before comparison with the accepted path-level file.
5.2.2,raw_replications_to_path_seed_aggregation,Model-guided constrained SAC,test_017_ebd333a3cdba,,1.4551915228366852e-11,1e-06,PASS,Three learning seeds are averaged within physical path before comparison with the accepted path-level file.
5.2.2,raw_replications_to_path_seed_aggregation,Model-guided constrained SAC,test_018_9466cee538c9,,2.842170943040401e-14,1e-06,PASS,Three learning seeds are averaged within physical path before comparison with the accepted path-level file.
5.2.2,raw_replications_to_path_seed_aggregation,Model-guided constrained SAC,test_019_9d2b7462a57a,,1.4551915228366852e-11,1e-06,PASS,Three learning seeds are averaged within physical path before comparison with the accepted path-level file.
5.2.2,raw_replications_to_path_seed_aggregation,Model-guided constrained SAC,test_020_701c8d28bc45,,1.4551915228366852e-11,1e-06,PASS,Three learning seeds are averaged within physical path before comparison with the accepted path-level file.
5.2.2,raw_replications_to_path_seed_aggregation,Model-guided constrained SAC,test_021_69299bc5d0bf,,1.4551915228366852e-11,1e-06,PASS,Three learning seeds are averaged within physical path before comparison with the accepted path-level file.
5.2.2,raw_replications_to_path_seed_aggregation,Model-guided constrained SAC,test_022_1b3e72c80b5f,,1.4551915228366852e-11,1e-06,PASS,Three learning seeds are averaged within physical path before comparison with the accepted path-level file.
5.2.2,raw_replications_to_path_seed_aggregation,Model-guided constrained SAC,test_023_90a8af416c5a,,1.4551915228366852e-11,1e-06,PASS,Three learning seeds are averaged within physical path before comparison with the accepted path-level file.
5.2.2,raw_replications_to_path_seed_aggregation,Model-guided constrained SAC,test_024_e90f261f99e2,,1.8189894035458565e-12,1e-06,PASS,Three learning seeds are averaged within physical path before comparison with the accepted path-level file.
5.2.2,raw_replications_to_path_seed_aggregation,Model-guided constrained SAC,test_025_0c3eeaae0824,,1.8189894035458565e-12,1e-06,PASS,Three learning seeds are averaged within physical path before comparison with the accepted path-level file.
5.2.2,raw_replications_to_path_seed_aggregation,Model-guided constrained SAC,test_026_770d47ae1768,,1.8189894035458565e-12,1e-06,PASS,Three learning seeds are averaged within physical path before comparison with the accepted path-level file.
5.2.2,raw_replications_to_path_seed_aggregation,Model-guided constrained SAC,test_027_df5d670513fa,,1.4551915228366852e-11,1e-06,PASS,Three learning seeds are averaged within physical path before comparison with the accepted path-level file.
5.2.2,raw_replications_to_path_seed_aggregation,Model-guided constrained SAC,test_028_e9fb02365dd3,,1.4551915228366852e-11,1e-06,PASS,Three learning seeds are averaged within physical path before comparison with the accepted path-level file.
5.2.2,raw_replications_to_path_seed_aggregation,Model-guided constrained SAC,test_029_b44f60718c5a,,1.4551915228366852e-11,1e-06,PASS,Three learning seeds are averaged within physical path before comparison with the accepted path-level file.
5.2.2,raw_replications_to_path_seed_aggregation,Model-guided constrained SAC,test_030_038f4c53d11f,,1.4551915228366852e-11,1e-06,PASS,Three learning seeds are averaged within physical path before comparison with the accepted path-level file.
5.2.2,raw_replications_to_path_seed_aggregation,Model-guided constrained SAC,test_031_0a6ff70351b5,,4.547473508864641e-13,1e-06,PASS,Three learning seeds are averaged within physical path before comparison with the accepted path-level file.
5.2.2,raw_replications_to_path_seed_aggregation,Model-guided constrained SAC,test_032_efdf826e6bc3,,4.547473508864641e-13,1e-06,PASS,Three learning seeds are averaged within physical path before comparison with the accepted path-level file.
5.2.2,raw_replications_to_path_seed_aggregation,Model-guided constrained SAC,test_033_de0c441dba67,,4.547473508864641e-13,1e-06,PASS,Three learning seeds are averaged within physical path before comparison with the accepted path-level file.
5.2.2,raw_replications_to_path_seed_aggregation,Model-guided constrained SAC,test_034_a00d80b83640,,1.4551915228366852e-11,1e-06,PASS,Three learning seeds are averaged within physical path before comparison with the accepted path-level file.
5.2.2,raw_replications_to_path_seed_aggregation,Model-guided constrained SAC,test_035_51fd398978b7,,1.4551915228366852e-11,1e-06,PASS,Three learning seeds are averaged within physical path before comparison with the accepted path-level file.
5.2.2,raw_replications_to_path_seed_aggregation,Model-guided constrained SAC,test_036_7eb6ac1ca077,,1.4551915228366852e-11,1e-06,PASS,Three learning seeds are averaged within physical path before comparison with the accepted path-level file.
5.2.2,raw_replications_to_path_seed_aggregation,Model-guided constrained SAC,test_037_f096257ecaa4,,1.4551915228366852e-11,1e-06,PASS,Three learning seeds are averaged within physical path before comparison with the accepted path-level file.
5.2.2,raw_replications_to_path_seed_aggregation,Model-guided constrained SAC,test_038_b05abc6e01b3,,1.4551915228366852e-11,1e-06,PASS,Three learning seeds are averaged within physical path before comparison with the accepted path-level file.
5.2.2,raw_replications_to_path_seed_aggregation,Model-guided constrained SAC,test_039_9c0d1ebe6c19,,1.4551915228366852e-11,1e-06,PASS,Three learning seeds are averaged within physical path before comparison with the accepted path-level file.
5.2.2,raw_replications_to_path_seed_aggregation,Model-guided constrained SAC,test_040_11a8950c659e,,1.4551915228366852e-11,1e-06,PASS,Three learning seeds are averaged within physical path before comparison with the accepted path-level file.
5.2.2,raw_replications_to_path_seed_aggregation,Model-guided constrained SAC,test_041_e58f21dcc209,,6.765421556309548e-17,1e-06,PASS,Three learning seeds are averaged within physical path before comparison with the accepted path-level file.
5.2.2,raw_replications_to_path_seed_aggregation,Model-guided constrained SAC,test_042_a77d2ece213a,,1.4551915228366852e-11,1e-06,PASS,Three learning seeds are averaged within physical path before comparison with the accepted path-level file.
5.2.2,raw_replications_to_path_seed_aggregation,Model-guided constrained SAC,test_043_f1174106175c,,4.547473508864641e-13,1e-06,PASS,Three learning seeds are averaged within physical path before comparison with the accepted path-level file.
5.2.2,raw_replications_to_path_seed_aggregation,Model-guided constrained SAC,test_044_ed401c94714a,,1.4551915228366852e-11,1e-06,PASS,Three learning seeds are averaged within physical path before comparison with the accepted path-level file.
5.2.2,raw_replications_to_path_seed_aggregation,Model-guided constrained SAC,test_045_af7d3f616c1d,,1.8189894035458565e-12,1e-06,PASS,Three learning seeds are averaged within physical path before comparison with the accepted path-level file.
5.2.2,raw_replications_to_path_seed_aggregation,Model-guided constrained SAC,test_046_e35b743e6617,,1.4551915228366852e-11,1e-06,PASS,Three learning seeds are averaged within physical path before comparison with the accepted path-level file.
5.2.2,raw_replications_to_path_seed_aggregation,Model-guided constrained SAC,test_047_20c1f89391c1,,2.2737367544323206e-13,1e-06,PASS,Three learning seeds are averaged within physical path before comparison with the accepted path-level file.
5.2.2,raw_replications_to_path_seed_aggregation,Model-guided constrained SAC,test_048_eeaf6a6a0a15,,1.4551915228366852e-11,1e-06,PASS,Three learning seeds are averaged within physical path before comparison with the accepted path-level file.
5.2.2,raw_replications_to_path_seed_aggregation,Model-guided constrained SAC,test_049_343da3774e7e,,1.4551915228366852e-11,1e-06,PASS,Three learning seeds are averaged within physical path before comparison with the accepted path-level file.
5.2.2,raw_replications_to_path_seed_aggregation,Model-guided constrained SAC,test_050_1c7612d8bc63,,1.4551915228366852e-11,1e-06,PASS,Three learning seeds are averaged within physical path before comparison with the accepted path-level file.
5.2.2,raw_replications_to_path_seed_aggregation,Model-guided constrained SAC,test_051_5747c87e6d9a,,9.094947017729282e-13,1e-06,PASS,Three learning seeds are averaged within physical path before comparison with the accepted path-level file.
5.2.2,raw_replications_to_path_seed_aggregation,Model-guided constrained SAC,test_052_9760565f31de,,1.4551915228366852e-11,1e-06,PASS,Three learning seeds are averaged within physical path before comparison with the accepted path-level file.
5.2.2,raw_replications_to_path_seed_aggregation,Model-guided constrained SAC,test_053_4473e6f72168,,9.094947017729282e-13,1e-06,PASS,Three learning seeds are averaged within physical path before comparison with the accepted path-level file.
5.2.2,raw_replications_to_path_seed_aggregation,Model-guided constrained SAC,test_054_c66f0b1dacc4,,4.547473508864641e-13,1e-06,PASS,Three learning seeds are averaged within physical path before comparison with the accepted path-level file.
5.2.2,raw_replications_to_path_seed_aggregation,Model-guided constrained SAC,test_055_f90330578051,,2.2737367544323206e-13,1e-06,PASS,Three learning seeds are averaged within physical path before comparison with the accepted path-level file.
5.2.2,raw_replications_to_path_seed_aggregation,Model-guided constrained SAC,test_056_b2c64046cef9,,1.4551915228366852e-11,1e-06,PASS,Three learning seeds are averaged within physical path before comparison with the accepted path-level file.
5.2.2,raw_replications_to_path_seed_aggregation,Model-guided constrained SAC,test_057_bf11b8e004e2,,1.4551915228366852e-11,1e-06,PASS,Three learning seeds are averaged within physical path before comparison with the accepted path-level file.
5.2.2,raw_replications_to_path_seed_aggregation,Model-guided constrained SAC,test_058_fbcfbffca03e,,1.4551915228366852e-11,1e-06,PASS,Three learning seeds are averaged within physical path before comparison with the accepted path-level file.
5.2.2,raw_replications_to_path_seed_aggregation,Model-guided constrained SAC,test_059_d22925a9593f,,1.4551915228366852e-11,1e-06,PASS,Three learning seeds are averaged within physical path before comparison with the accepted path-level file.
5.2.2,raw_replications_to_path_seed_aggregation,Model-guided constrained SAC,test_060_b3feb9e274c2,,1.4551915228366852e-11,1e-06,PASS,Three learning seeds are averaged within physical path before comparison with the accepted path-level file.
5.2.2,raw_replications_to_path_seed_aggregation,Model-guided constrained SAC,test_061_627abde70c26,,1.4551915228366852e-11,1e-06,PASS,Three learning seeds are averaged within physical path before comparison with the accepted path-level file.
5.2.2,raw_replications_to_path_seed_aggregation,Model-guided constrained SAC,test_062_0c9ea14e9507,,1.8189894035458565e-12,1e-06,PASS,Three learning seeds are averaged within physical path before comparison with the accepted path-level file.
5.2.2,raw_replications_to_path_seed_aggregation,Model-guided constrained SAC,test_063_44f0f2a191ef,,6.667843360785852e-17,1e-06,PASS,Three learning seeds are averaged within physical path before comparison with the accepted path-level file.
5.2.2,raw_replications_to_path_seed_aggregation,Model-guided constrained SAC,test_064_27d69866b791,,1.8189894035458565e-12,1e-06,PASS,Three learning seeds are averaged within physical path before comparison with the accepted path-level file.
5.2.2,raw_replications_to_path_seed_aggregation,Model-guided constrained SAC,test_065_930038cc16e9,,1.4551915228366852e-11,1e-06,PASS,Three learning seeds are averaged within physical path before comparison with the accepted path-level file.
5.2.2,raw_replications_to_path_seed_aggregation,Model-guided constrained SAC,test_066_28fb87ba4913,,1.4551915228366852e-11,1e-06,PASS,Three learning seeds are averaged within physical path before comparison with the accepted path-level file.
5.2.2,raw_replications_to_path_seed_aggregation,Model-guided constrained SAC,test_067_4d46fa716471,,1.4551915228366852e-11,1e-06,PASS,Three learning seeds are averaged within physical path before comparison with the accepted path-level file.
5.2.2,raw_replications_to_path_seed_aggregation,Model-guided constrained SAC,test_068_93da1d4ae1ba,,1.4551915228366852e-11,1e-06,PASS,Three learning seeds are averaged within physical path before comparison with the accepted path-level file.
5.2.2,raw_replications_to_path_seed_aggregation,Model-guided constrained SAC,test_069_5b01ea54b2fa,,1.4551915228366852e-11,1e-06,PASS,Three learning seeds are averaged within physical path before comparison with the accepted path-level file.
5.2.2,raw_replications_to_path_seed_aggregation,Model-guided constrained SAC,test_070_0cd9bcac96c3,,1.4551915228366852e-11,1e-06,PASS,Three learning seeds are averaged within physical path before comparison with the accepted path-level file.
5.2.2,raw_replications_to_path_seed_aggregation,Model-guided constrained SAC,test_071_34f77888383f,,1.4551915228366852e-11,1e-06,PASS,Three learning seeds are averaged within physical path before comparison with the accepted path-level file.
5.2.2,raw_replications_to_path_seed_aggregation,Model-guided constrained SAC,test_072_8e59fac0e6c8,,1.4551915228366852e-11,1e-06,PASS,Three learning seeds are averaged within physical path before comparison with the accepted path-level file.
5.2.2,raw_replications_to_path_seed_aggregation,Model-guided constrained SAC,test_073_69349232969b,,4.547473508864641e-13,1e-06,PASS,Three learning seeds are averaged within physical path before comparison with the accepted path-level file.
5.2.2,raw_replications_to_path_seed_aggregation,Model-guided constrained SAC,test_074_212affc962e2,,1.4551915228366852e-11,1e-06,PASS,Three learning seeds are averaged within physical path before comparison with the accepted path-level file.
5.2.2,raw_replications_to_path_seed_aggregation,Model-guided constrained SAC,test_075_8de4e41c7ad9,,1.4551915228366852e-11,1e-06,PASS,Three learning seeds are averaged within physical path before comparison with the accepted path-level file.
5.2.2,raw_replications_to_path_seed_aggregation,Model-guided constrained SAC,test_076_48339f21c8ec,,1.4551915228366852e-11,1e-06,PASS,Three learning seeds are averaged within physical path before comparison with the accepted path-level file.
5.2.2,raw_replications_to_path_seed_aggregation,Model-guided constrained SAC,test_077_b1f2e84dc844,,1.4551915228366852e-11,1e-06,PASS,Three learning seeds are averaged within physical path before comparison with the accepted path-level file.
5.2.2,raw_replications_to_path_seed_aggregation,Model-guided constrained SAC,test_078_367d379a9297,,1.4551915228366852e-11,1e-06,PASS,Three learning seeds are averaged within physical path before comparison with the accepted path-level file.
5.2.2,raw_replications_to_path_seed_aggregation,Model-guided constrained SAC,test_079_bce06ca59758,,1.4551915228366852e-11,1e-06,PASS,Three learning seeds are averaged within physical path before comparison with the accepted path-level file.
5.2.2,raw_replications_to_path_seed_aggregation,Model-guided constrained SAC,test_080_e669407a98d7,,1.4551915228366852e-11,1e-06,PASS,Three learning seeds are averaged within physical path before comparison with the accepted path-level file.
5.2.2,raw_replications_to_path_seed_aggregation,Model-guided constrained SAC,test_081_fbbd80304765,,1.4551915228366852e-11,1e-06,PASS,Three learning seeds are averaged within physical path before comparison with the accepted path-level file.
5.2.2,raw_replications_to_path_seed_aggregation,Model-guided constrained SAC,test_082_2cf496ac3a99,,2.2737367544323206e-13,1e-06,PASS,Three learning seeds are averaged within physical path before comparison with the accepted path-level file.
5.2.2,raw_replications_to_path_seed_aggregation,Model-guided constrained SAC,test_083_4cbdde5f376f,,3.2959746043559335e-17,1e-06,PASS,Three learning seeds are averaged within physical path before comparison with the accepted path-level file.
5.2.2,raw_replications_to_path_seed_aggregation,Model-guided constrained SAC,test_084_513eb18f351c,,1.4551915228366852e-11,1e-06,PASS,Three learning seeds are averaged within physical path before comparison with the accepted path-level file.
5.2.2,raw_replications_to_path_seed_aggregation,Model-guided constrained SAC,test_085_650c50514b66,,4.547473508864641e-13,1e-06,PASS,Three learning seeds are averaged within physical path before comparison with the accepted path-level file.
5.2.2,raw_replications_to_path_seed_aggregation,Model-guided constrained SAC,test_086_754dc8e1ab0e,,1.4551915228366852e-11,1e-06,PASS,Three learning seeds are averaged within physical path before comparison with the accepted path-level file.
5.2.2,raw_replications_to_path_seed_aggregation,Model-guided constrained SAC,test_087_cbc79ee243dd,,1.4551915228366852e-11,1e-06,PASS,Three learning seeds are averaged within physical path before comparison with the accepted path-level file.
5.2.2,raw_replications_to_path_seed_aggregation,PPO,test_000_4ae657b9eeec,,5.684341886080802e-14,1e-06,PASS,Three learning seeds are averaged within physical path before comparison with the accepted path-level file.
5.2.2,raw_replications_to_path_seed_aggregation,PPO,test_001_dde9993de777,,3.637978807091713e-12,1e-06,PASS,Three learning seeds are averaged within physical path before comparison with the accepted path-level file.
5.2.2,raw_replications_to_path_seed_aggregation,PPO,test_002_f01217ab0e79,,1.8189894035458565e-12,1e-06,PASS,Three learning seeds are averaged within physical path before comparison with the accepted path-level file.
5.2.2,raw_replications_to_path_seed_aggregation,PPO,test_003_eb3106001035,,2.2737367544323206e-13,1e-06,PASS,Three learning seeds are averaged within physical path before comparison with the accepted path-level file.
5.2.2,raw_replications_to_path_seed_aggregation,PPO,test_004_55a330aff5c4,,1.8189894035458565e-12,1e-06,PASS,Three learning seeds are averaged within physical path before comparison with the accepted path-level file.
5.2.2,raw_replications_to_path_seed_aggregation,PPO,test_005_981c73a17708,,9.094947017729282e-13,1e-06,PASS,Three learning seeds are averaged within physical path before comparison with the accepted path-level file.
5.2.2,raw_replications_to_path_seed_aggregation,PPO,test_006_daba4b1e9814,,1.8189894035458565e-12,1e-06,PASS,Three learning seeds are averaged within physical path before comparison with the accepted path-level file.
5.2.2,raw_replications_to_path_seed_aggregation,PPO,test_007_925513ee8ec6,,5.820766091346741e-11,1e-06,PASS,Three learning seeds are averaged within physical path before comparison with the accepted path-level file.
5.2.2,raw_replications_to_path_seed_aggregation,PPO,test_008_fabe46a0ea00,,2.2737367544323206e-13,1e-06,PASS,Three learning seeds are averaged within physical path before comparison with the accepted path-level file.
5.2.2,raw_replications_to_path_seed_aggregation,PPO,test_009_c8ef87e47101,,2.9103830456733704e-11,1e-06,PASS,Three learning seeds are averaged within physical path before comparison with the accepted path-level file.
5.2.2,raw_replications_to_path_seed_aggregation,PPO,test_010_613ab99db82c,,6.722053469410127e-17,1e-06,PASS,Three learning seeds are averaged within physical path before comparison with the accepted path-level file.
5.2.2,raw_replications_to_path_seed_aggregation,PPO,test_011_8a2e74b38d5d,,2.9103830456733704e-11,1e-06,PASS,Three learning seeds are averaged within physical path before comparison with the accepted path-level file.
5.2.2,raw_replications_to_path_seed_aggregation,PPO,test_012_b6bdc05b20a7,,4.547473508864641e-13,1e-06,PASS,Three learning seeds are averaged within physical path before comparison with the accepted path-level file.
5.2.2,raw_replications_to_path_seed_aggregation,PPO,test_013_040653995d85,,3.637978807091713e-12,1e-06,PASS,Three learning seeds are averaged within physical path before comparison with the accepted path-level file.
5.2.2,raw_replications_to_path_seed_aggregation,PPO,test_014_f00647451070,,1.8189894035458565e-12,1e-06,PASS,Three learning seeds are averaged within physical path before comparison with the accepted path-level file.
5.2.2,raw_replications_to_path_seed_aggregation,PPO,test_015_643a837775f9,,1.8189894035458565e-12,1e-06,PASS,Three learning seeds are averaged within physical path before comparison with the accepted path-level file.
5.2.2,raw_replications_to_path_seed_aggregation,PPO,test_016_45a90ccef8bd,,2.9103830456733704e-11,1e-06,PASS,Three learning seeds are averaged within physical path before comparison with the accepted path-level file.
5.2.2,raw_replications_to_path_seed_aggregation,PPO,test_017_ebd333a3cdba,,1.8189894035458565e-12,1e-06,PASS,Three learning seeds are averaged within physical path before comparison with the accepted path-level file.
5.2.2,raw_replications_to_path_seed_aggregation,PPO,test_018_9466cee538c9,,3.637978807091713e-12,1e-06,PASS,Three learning seeds are averaged within physical path before comparison with the accepted path-level file.
5.2.2,raw_replications_to_path_seed_aggregation,PPO,test_019_9d2b7462a57a,,2.2737367544323206e-13,1e-06,PASS,Three learning seeds are averaged within physical path before comparison with the accepted path-level file.
5.2.2,raw_replications_to_path_seed_aggregation,PPO,test_020_701c8d28bc45,,2.9103830456733704e-11,1e-06,PASS,Three learning seeds are averaged within physical path before comparison with the accepted path-level file.
5.2.2,raw_replications_to_path_seed_aggregation,PPO,test_021_69299bc5d0bf,,9.094947017729282e-13,1e-06,PASS,Three learning seeds are averaged within physical path before comparison with the accepted path-level file.
5.2.2,raw_replications_to_path_seed_aggregation,PPO,test_022_1b3e72c80b5f,,1.8189894035458565e-12,1e-06,PASS,Three learning seeds are averaged within physical path before comparison with the accepted path-level file.
5.2.2,raw_replications_to_path_seed_aggregation,PPO,test_023_90a8af416c5a,,2.9103830456733704e-11,1e-06,PASS,Three learning seeds are averaged within physical path before comparison with the accepted path-level file.
5.2.2,raw_replications_to_path_seed_aggregation,PPO,test_024_e90f261f99e2,,2.9103830456733704e-11,1e-06,PASS,Three learning seeds are averaged within physical path before comparison with the accepted path-level file.
5.2.2,raw_replications_to_path_seed_aggregation,PPO,test_025_0c3eeaae0824,,1.8189894035458565e-12,1e-06,PASS,Three learning seeds are averaged within physical path before comparison with the accepted path-level file.
5.2.2,raw_replications_to_path_seed_aggregation,PPO,test_026_770d47ae1768,,7.105427357601002e-15,1e-06,PASS,Three learning seeds are averaged within physical path before comparison with the accepted path-level file.
5.2.2,raw_replications_to_path_seed_aggregation,PPO,test_027_df5d670513fa,,9.094947017729282e-13,1e-06,PASS,Three learning seeds are averaged within physical path before comparison with the accepted path-level file.
5.2.2,raw_replications_to_path_seed_aggregation,PPO,test_028_e9fb02365dd3,,2.9103830456733704e-11,1e-06,PASS,Three learning seeds are averaged within physical path before comparison with the accepted path-level file.
5.2.2,raw_replications_to_path_seed_aggregation,PPO,test_029_b44f60718c5a,,3.637978807091713e-12,1e-06,PASS,Three learning seeds are averaged within physical path before comparison with the accepted path-level file.
5.2.2,raw_replications_to_path_seed_aggregation,PPO,test_030_038f4c53d11f,,6.678685382510707e-17,1e-06,PASS,Three learning seeds are averaged within physical path before comparison with the accepted path-level file.
5.2.2,raw_replications_to_path_seed_aggregation,PPO,test_031_0a6ff70351b5,,3.637978807091713e-12,1e-06,PASS,Three learning seeds are averaged within physical path before comparison with the accepted path-level file.
5.2.2,raw_replications_to_path_seed_aggregation,PPO,test_032_efdf826e6bc3,,3.637978807091713e-12,1e-06,PASS,Three learning seeds are averaged within physical path before comparison with the accepted path-level file.
5.2.2,raw_replications_to_path_seed_aggregation,PPO,test_033_de0c441dba67,,1.8189894035458565e-12,1e-06,PASS,Three learning seeds are averaged within physical path before comparison with the accepted path-level file.
5.2.2,raw_replications_to_path_seed_aggregation,PPO,test_034_a00d80b83640,,2.2737367544323206e-13,1e-06,PASS,Three learning seeds are averaged within physical path before comparison with the accepted path-level file.
5.2.2,raw_replications_to_path_seed_aggregation,PPO,test_035_51fd398978b7,,4.547473508864641e-13,1e-06,PASS,Three learning seeds are averaged within physical path before comparison with the accepted path-level file.
5.2.2,raw_replications_to_path_seed_aggregation,PPO,test_036_7eb6ac1ca077,,1.8189894035458565e-12,1e-06,PASS,Three learning seeds are averaged within physical path before comparison with the accepted path-level file.
5.2.2,raw_replications_to_path_seed_aggregation,PPO,test_037_f096257ecaa4,,5.820766091346741e-11,1e-06,PASS,Three learning seeds are averaged within physical path before comparison with the accepted path-level file.
5.2.2,raw_replications_to_path_seed_aggregation,PPO,test_038_b05abc6e01b3,,6.678685382510707e-17,1e-06,PASS,Three learning seeds are averaged within physical path before comparison with the accepted path-level file.
5.2.2,raw_replications_to_path_seed_aggregation,PPO,test_039_9c0d1ebe6c19,,3.637978807091713e-12,1e-06,PASS,Three learning seeds are averaged within physical path before comparison with the accepted path-level file.
5.2.2,raw_replications_to_path_seed_aggregation,PPO,test_040_11a8950c659e,,2.2737367544323206e-13,1e-06,PASS,Three learning seeds are averaged within physical path before comparison with the accepted path-level file.
5.2.2,raw_replications_to_path_seed_aggregation,PPO,test_041_e58f21dcc209,,4.547473508864641e-13,1e-06,PASS,Three learning seeds are averaged within physical path before comparison with the accepted path-level file.
5.2.2,raw_replications_to_path_seed_aggregation,PPO,test_042_a77d2ece213a,,9.094947017729282e-13,1e-06,PASS,Three learning seeds are averaged within physical path before comparison with the accepted path-level file.
5.2.2,raw_replications_to_path_seed_aggregation,PPO,test_043_f1174106175c,,3.637978807091713e-12,1e-06,PASS,Three learning seeds are averaged within physical path before comparison with the accepted path-level file.
5.2.2,raw_replications_to_path_seed_aggregation,PPO,test_044_ed401c94714a,,3.637978807091713e-12,1e-06,PASS,Three learning seeds are averaged within physical path before comparison with the accepted path-level file.
5.2.2,raw_replications_to_path_seed_aggregation,PPO,test_045_af7d3f616c1d,,2.9103830456733704e-11,1e-06,PASS,Three learning seeds are averaged within physical path before comparison with the accepted path-level file.
5.2.2,raw_replications_to_path_seed_aggregation,PPO,test_046_e35b743e6617,,1.8189894035458565e-12,1e-06,PASS,Three learning seeds are averaged within physical path before comparison with the accepted path-level file.
5.2.2,raw_replications_to_path_seed_aggregation,PPO,test_047_20c1f89391c1,,2.9103830456733704e-11,1e-06,PASS,Three learning seeds are averaged within physical path before comparison with the accepted path-level file.
5.2.2,raw_replications_to_path_seed_aggregation,PPO,test_048_eeaf6a6a0a15,,2.2737367544323206e-13,1e-06,PASS,Three learning seeds are averaged within physical path before comparison with the accepted path-level file.
5.2.2,raw_replications_to_path_seed_aggregation,PPO,test_049_343da3774e7e,,3.637978807091713e-12,1e-06,PASS,Three learning seeds are averaged within physical path before comparison with the accepted path-level file.
5.2.2,raw_replications_to_path_seed_aggregation,PPO,test_050_1c7612d8bc63,,2.2737367544323206e-13,1e-06,PASS,Three learning seeds are averaged within physical path before comparison with the accepted path-level file.
5.2.2,raw_replications_to_path_seed_aggregation,PPO,test_051_5747c87e6d9a,,1.1368683772161603e-13,1e-06,PASS,Three learning seeds are averaged within physical path before comparison with the accepted path-level file.
5.2.2,raw_replications_to_path_seed_aggregation,PPO,test_052_9760565f31de,,3.637978807091713e-12,1e-06,PASS,Three learning seeds are averaged within physical path before comparison with the accepted path-level file.
5.2.2,raw_replications_to_path_seed_aggregation,PPO,test_053_4473e6f72168,,3.361026734705064e-17,1e-06,PASS,Three learning seeds are averaged within physical path before comparison with the accepted path-level file.
5.2.2,raw_replications_to_path_seed_aggregation,PPO,test_054_c66f0b1dacc4,,9.094947017729282e-13,1e-06,PASS,Three learning seeds are averaged within physical path before comparison with the accepted path-level file.
5.2.2,raw_replications_to_path_seed_aggregation,PPO,test_055_f90330578051,,2.2737367544323206e-13,1e-06,PASS,Three learning seeds are averaged within physical path before comparison with the accepted path-level file.
5.2.2,raw_replications_to_path_seed_aggregation,PPO,test_056_b2c64046cef9,,3.637978807091713e-12,1e-06,PASS,Three learning seeds are averaged within physical path before comparison with the accepted path-level file.
5.2.2,raw_replications_to_path_seed_aggregation,PPO,test_057_bf11b8e004e2,,2.2737367544323206e-13,1e-06,PASS,Three learning seeds are averaged within physical path before comparison with the accepted path-level file.
5.2.2,raw_replications_to_path_seed_aggregation,PPO,test_058_fbcfbffca03e,,3.637978807091713e-12,1e-06,PASS,Three learning seeds are averaged within physical path before comparison with the accepted path-level file.
5.2.2,raw_replications_to_path_seed_aggregation,PPO,test_059_d22925a9593f,,1.8189894035458565e-12,1e-06,PASS,Three learning seeds are averaged within physical path before comparison with the accepted path-level file.
5.2.2,raw_replications_to_path_seed_aggregation,PPO,test_060_b3feb9e274c2,,4.547473508864641e-13,1e-06,PASS,Three learning seeds are averaged within physical path before comparison with the accepted path-level file.
5.2.2,raw_replications_to_path_seed_aggregation,PPO,test_061_627abde70c26,,3.3393426912553537e-17,1e-06,PASS,Three learning seeds are averaged within physical path before comparison with the accepted path-level file.
5.2.2,raw_replications_to_path_seed_aggregation,PPO,test_062_0c9ea14e9507,,6.657001339060997e-17,1e-06,PASS,Three learning seeds are averaged within physical path before comparison with the accepted path-level file.
5.2.2,raw_replications_to_path_seed_aggregation,PPO,test_063_44f0f2a191ef,,3.637978807091713e-12,1e-06,PASS,Three learning seeds are averaged within physical path before comparison with the accepted path-level file.
5.2.2,raw_replications_to_path_seed_aggregation,PPO,test_064_27d69866b791,,3.637978807091713e-12,1e-06,PASS,Three learning seeds are averaged within physical path before comparison with the accepted path-level file.
5.2.2,raw_replications_to_path_seed_aggregation,PPO,test_065_930038cc16e9,,6.678685382510707e-17,1e-06,PASS,Three learning seeds are averaged within physical path before comparison with the accepted path-level file.
5.2.2,raw_replications_to_path_seed_aggregation,PPO,test_066_28fb87ba4913,,2.9103830456733704e-11,1e-06,PASS,Three learning seeds are averaged within physical path before comparison with the accepted path-level file.
5.2.2,raw_replications_to_path_seed_aggregation,PPO,test_067_4d46fa716471,,9.094947017729282e-13,1e-06,PASS,Three learning seeds are averaged within physical path before comparison with the accepted path-level file.
5.2.2,raw_replications_to_path_seed_aggregation,PPO,test_068_93da1d4ae1ba,,2.9103830456733704e-11,1e-06,PASS,Three learning seeds are averaged within physical path before comparison with the accepted path-level file.
5.2.2,raw_replications_to_path_seed_aggregation,PPO,test_069_5b01ea54b2fa,,7.105427357601002e-15,1e-06,PASS,Three learning seeds are averaged within physical path before comparison with the accepted path-level file.
5.2.2,raw_replications_to_path_seed_aggregation,PPO,test_070_0cd9bcac96c3,,2.9103830456733704e-11,1e-06,PASS,Three learning seeds are averaged within physical path before comparison with the accepted path-level file.
5.2.2,raw_replications_to_path_seed_aggregation,PPO,test_071_34f77888383f,,1.8189894035458565e-12,1e-06,PASS,Three learning seeds are averaged within physical path before comparison with the accepted path-level file.
5.2.2,raw_replications_to_path_seed_aggregation,PPO,test_072_8e59fac0e6c8,,2.2737367544323206e-13,1e-06,PASS,Three learning seeds are averaged within physical path before comparison with the accepted path-level file.
5.2.2,raw_replications_to_path_seed_aggregation,PPO,test_073_69349232969b,,1.8189894035458565e-12,1e-06,PASS,Three learning seeds are averaged within physical path before comparison with the accepted path-level file.
5.2.2,raw_replications_to_path_seed_aggregation,PPO,test_074_212affc962e2,,3.637978807091713e-12,1e-06,PASS,Three learning seeds are averaged within physical path before comparison with the accepted path-level file.
5.2.2,raw_replications_to_path_seed_aggregation,PPO,test_075_8de4e41c7ad9,,9.094947017729282e-13,1e-06,PASS,Three learning seeds are averaged within physical path before comparison with the accepted path-level file.
5.2.2,raw_replications_to_path_seed_aggregation,PPO,test_076_48339f21c8ec,,2.2737367544323206e-13,1e-06,PASS,Three learning seeds are averaged within physical path before comparison with the accepted path-level file.
5.2.2,raw_replications_to_path_seed_aggregation,PPO,test_077_b1f2e84dc844,,9.094947017729282e-13,1e-06,PASS,Three learning seeds are averaged within physical path before comparison with the accepted path-level file.
5.2.2,raw_replications_to_path_seed_aggregation,PPO,test_078_367d379a9297,,3.637978807091713e-12,1e-06,PASS,Three learning seeds are averaged within physical path before comparison with the accepted path-level file.
5.2.2,raw_replications_to_path_seed_aggregation,PPO,test_079_bce06ca59758,,1.8189894035458565e-12,1e-06,PASS,Three learning seeds are averaged within physical path before comparison with the accepted path-level file.
5.2.2,raw_replications_to_path_seed_aggregation,PPO,test_080_e669407a98d7,,2.2737367544323206e-13,1e-06,PASS,Three learning seeds are averaged within physical path before comparison with the accepted path-level file.
5.2.2,raw_replications_to_path_seed_aggregation,PPO,test_081_fbbd80304765,,6.678685382510707e-17,1e-06,PASS,Three learning seeds are averaged within physical path before comparison with the accepted path-level file.
5.2.2,raw_replications_to_path_seed_aggregation,PPO,test_082_2cf496ac3a99,,1.8189894035458565e-12,1e-06,PASS,Three learning seeds are averaged within physical path before comparison with the accepted path-level file.
5.2.2,raw_replications_to_path_seed_aggregation,PPO,test_083_4cbdde5f376f,,6.678685382510707e-17,1e-06,PASS,Three learning seeds are averaged within physical path before comparison with the accepted path-level file.
5.2.2,raw_replications_to_path_seed_aggregation,PPO,test_084_513eb18f351c,,6.765421556309548e-17,1e-06,PASS,Three learning seeds are averaged within physical path before comparison with the accepted path-level file.
5.2.2,raw_replications_to_path_seed_aggregation,PPO,test_085_650c50514b66,,2.9103830456733704e-11,1e-06,PASS,Three learning seeds are averaged within physical path before comparison with the accepted path-level file.
5.2.2,raw_replications_to_path_seed_aggregation,PPO,test_086_754dc8e1ab0e,,2.2737367544323206e-13,1e-06,PASS,Three learning seeds are averaged within physical path before comparison with the accepted path-level file.
5.2.2,raw_replications_to_path_seed_aggregation,PPO,test_087_cbc79ee243dd,,3.637978807091713e-12,1e-06,PASS,Three learning seeds are averaged within physical path before comparison with the accepted path-level file.
5.2.2,raw_replications_to_path_seed_aggregation,Passive,test_000_4ae657b9eeec,,0.0,1e-06,PASS,Three learning seeds are averaged within physical path before comparison with the accepted path-level file.
5.2.2,raw_replications_to_path_seed_aggregation,Passive,test_001_dde9993de777,,0.0,1e-06,PASS,Three learning seeds are averaged within physical path before comparison with the accepted path-level file.
5.2.2,raw_replications_to_path_seed_aggregation,Passive,test_002_f01217ab0e79,,0.0,1e-06,PASS,Three learning seeds are averaged within physical path before comparison with the accepted path-level file.
5.2.2,raw_replications_to_path_seed_aggregation,Passive,test_003_eb3106001035,,0.0,1e-06,PASS,Three learning seeds are averaged within physical path before comparison with the accepted path-level file.
5.2.2,raw_replications_to_path_seed_aggregation,Passive,test_004_55a330aff5c4,,0.0,1e-06,PASS,Three learning seeds are averaged within physical path before comparison with the accepted path-level file.
5.2.2,raw_replications_to_path_seed_aggregation,Passive,test_005_981c73a17708,,0.0,1e-06,PASS,Three learning seeds are averaged within physical path before comparison with the accepted path-level file.
5.2.2,raw_replications_to_path_seed_aggregation,Passive,test_006_daba4b1e9814,,0.0,1e-06,PASS,Three learning seeds are averaged within physical path before comparison with the accepted path-level file.
5.2.2,raw_replications_to_path_seed_aggregation,Passive,test_007_925513ee8ec6,,0.0,1e-06,PASS,Three learning seeds are averaged within physical path before comparison with the accepted path-level file.
5.2.2,raw_replications_to_path_seed_aggregation,Passive,test_008_fabe46a0ea00,,0.0,1e-06,PASS,Three learning seeds are averaged within physical path before comparison with the accepted path-level file.
5.2.2,raw_replications_to_path_seed_aggregation,Passive,test_009_c8ef87e47101,,0.0,1e-06,PASS,Three learning seeds are averaged within physical path before comparison with the accepted path-level file.
5.2.2,raw_replications_to_path_seed_aggregation,Passive,test_010_613ab99db82c,,0.0,1e-06,PASS,Three learning seeds are averaged within physical path before comparison with the accepted path-level file.
5.2.2,raw_replications_to_path_seed_aggregation,Passive,test_011_8a2e74b38d5d,,0.0,1e-06,PASS,Three learning seeds are averaged within physical path before comparison with the accepted path-level file.
5.2.2,raw_replications_to_path_seed_aggregation,Passive,test_012_b6bdc05b20a7,,0.0,1e-06,PASS,Three learning seeds are averaged within physical path before comparison with the accepted path-level file.
5.2.2,raw_replications_to_path_seed_aggregation,Passive,test_013_040653995d85,,0.0,1e-06,PASS,Three learning seeds are averaged within physical path before comparison with the accepted path-level file.
5.2.2,raw_replications_to_path_seed_aggregation,Passive,test_014_f00647451070,,2.9103830456733704e-11,1e-06,PASS,Three learning seeds are averaged within physical path before comparison with the accepted path-level file.
5.2.2,raw_replications_to_path_seed_aggregation,Passive,test_015_643a837775f9,,0.0,1e-06,PASS,Three learning seeds are averaged within physical path before comparison with the accepted path-level file.
5.2.2,raw_replications_to_path_seed_aggregation,Passive,test_016_45a90ccef8bd,,0.0,1e-06,PASS,Three learning seeds are averaged within physical path before comparison with the accepted path-level file.
5.2.2,raw_replications_to_path_seed_aggregation,Passive,test_017_ebd333a3cdba,,0.0,1e-06,PASS,Three learning seeds are averaged within physical path before comparison with the accepted path-level file.
5.2.2,raw_replications_to_path_seed_aggregation,Passive,test_018_9466cee538c9,,0.0,1e-06,PASS,Three learning seeds are averaged within physical path before comparison with the accepted path-level file.
5.2.2,raw_replications_to_path_seed_aggregation,Passive,test_019_9d2b7462a57a,,0.0,1e-06,PASS,Three learning seeds are averaged within physical path before comparison with the accepted path-level file.
5.2.2,raw_replications_to_path_seed_aggregation,Passive,test_020_701c8d28bc45,,0.0,1e-06,PASS,Three learning seeds are averaged within physical path before comparison with the accepted path-level file.
5.2.2,raw_replications_to_path_seed_aggregation,Passive,test_021_69299bc5d0bf,,0.0,1e-06,PASS,Three learning seeds are averaged within physical path before comparison with the accepted path-level file.
5.2.2,raw_replications_to_path_seed_aggregation,Passive,test_022_1b3e72c80b5f,,0.0,1e-06,PASS,Three learning seeds are averaged within physical path before comparison with the accepted path-level file.
5.2.2,raw_replications_to_path_seed_aggregation,Passive,test_023_90a8af416c5a,,2.9103830456733704e-11,1e-06,PASS,Three learning seeds are averaged within physical path before comparison with the accepted path-level file.
5.2.2,raw_replications_to_path_seed_aggregation,Passive,test_024_e90f261f99e2,,0.0,1e-06,PASS,Three learning seeds are averaged within physical path before comparison with the accepted path-level file.
5.2.2,raw_replications_to_path_seed_aggregation,Passive,test_025_0c3eeaae0824,,0.0,1e-06,PASS,Three learning seeds are averaged within physical path before comparison with the accepted path-level file.
5.2.2,raw_replications_to_path_seed_aggregation,Passive,test_026_770d47ae1768,,0.0,1e-06,PASS,Three learning seeds are averaged within physical path before comparison with the accepted path-level file.
5.2.2,raw_replications_to_path_seed_aggregation,Passive,test_027_df5d670513fa,,3.3881317890172014e-21,1e-06,PASS,Three learning seeds are averaged within physical path before comparison with the accepted path-level file.
5.2.2,raw_replications_to_path_seed_aggregation,Passive,test_028_e9fb02365dd3,,0.0,1e-06,PASS,Three learning seeds are averaged within physical path before comparison with the accepted path-level file.
5.2.2,raw_replications_to_path_seed_aggregation,Passive,test_029_b44f60718c5a,,0.0,1e-06,PASS,Three learning seeds are averaged within physical path before comparison with the accepted path-level file.
5.2.2,raw_replications_to_path_seed_aggregation,Passive,test_030_038f4c53d11f,,0.0,1e-06,PASS,Three learning seeds are averaged within physical path before comparison with the accepted path-level file.
5.2.2,raw_replications_to_path_seed_aggregation,Passive,test_031_0a6ff70351b5,,0.0,1e-06,PASS,Three learning seeds are averaged within physical path before comparison with the accepted path-level file.
5.2.2,raw_replications_to_path_seed_aggregation,Passive,test_032_efdf826e6bc3,,0.0,1e-06,PASS,Three learning seeds are averaged within physical path before comparison with the accepted path-level file.
5.2.2,raw_replications_to_path_seed_aggregation,Passive,test_033_de0c441dba67,,0.0,1e-06,PASS,Three learning seeds are averaged within physical path before comparison with the accepted path-level file.
5.2.2,raw_replications_to_path_seed_aggregation,Passive,test_034_a00d80b83640,,0.0,1e-06,PASS,Three learning seeds are averaged within physical path before comparison with the accepted path-level file.
5.2.2,raw_replications_to_path_seed_aggregation,Passive,test_035_51fd398978b7,,3.3881317890172014e-21,1e-06,PASS,Three learning seeds are averaged within physical path before comparison with the accepted path-level file.
5.2.2,raw_replications_to_path_seed_aggregation,Passive,test_036_7eb6ac1ca077,,0.0,1e-06,PASS,Three learning seeds are averaged within physical path before comparison with the accepted path-level file.
5.2.2,raw_replications_to_path_seed_aggregation,Passive,test_037_f096257ecaa4,,3.3881317890172014e-21,1e-06,PASS,Three learning seeds are averaged within physical path before comparison with the accepted path-level file.
5.2.2,raw_replications_to_path_seed_aggregation,Passive,test_038_b05abc6e01b3,,0.0,1e-06,PASS,Three learning seeds are averaged within physical path before comparison with the accepted path-level file.
5.2.2,raw_replications_to_path_seed_aggregation,Passive,test_039_9c0d1ebe6c19,,0.0,1e-06,PASS,Three learning seeds are averaged within physical path before comparison with the accepted path-level file.
5.2.2,raw_replications_to_path_seed_aggregation,Passive,test_040_11a8950c659e,,0.0,1e-06,PASS,Three learning seeds are averaged within physical path before comparison with the accepted path-level file.
5.2.2,raw_replications_to_path_seed_aggregation,Passive,test_041_e58f21dcc209,,0.0,1e-06,PASS,Three learning seeds are averaged within physical path before comparison with the accepted path-level file.
5.2.2,raw_replications_to_path_seed_aggregation,Passive,test_042_a77d2ece213a,,0.0,1e-06,PASS,Three learning seeds are averaged within physical path before comparison with the accepted path-level file.
5.2.2,raw_replications_to_path_seed_aggregation,Passive,test_043_f1174106175c,,0.0,1e-06,PASS,Three learning seeds are averaged within physical path before comparison with the accepted path-level file.
5.2.2,raw_replications_to_path_seed_aggregation,Passive,test_044_ed401c94714a,,0.0,1e-06,PASS,Three learning seeds are averaged within physical path before comparison with the accepted path-level file.
5.2.2,raw_replications_to_path_seed_aggregation,Passive,test_045_af7d3f616c1d,,0.0,1e-06,PASS,Three learning seeds are averaged within physical path before comparison with the accepted path-level file.
5.2.2,raw_replications_to_path_seed_aggregation,Passive,test_046_e35b743e6617,,0.0,1e-06,PASS,Three learning seeds are averaged within physical path before comparison with the accepted path-level file.
5.2.2,raw_replications_to_path_seed_aggregation,Passive,test_047_20c1f89391c1,,0.0,1e-06,PASS,Three learning seeds are averaged within physical path before comparison with the accepted path-level file.
5.2.2,raw_replications_to_path_seed_aggregation,Passive,test_048_eeaf6a6a0a15,,0.0,1e-06,PASS,Three learning seeds are averaged within physical path before comparison with the accepted path-level file.
5.2.2,raw_replications_to_path_seed_aggregation,Passive,test_049_343da3774e7e,,0.0,1e-06,PASS,Three learning seeds are averaged within physical path before comparison with the accepted path-level file.
5.2.2,raw_replications_to_path_seed_aggregation,Passive,test_050_1c7612d8bc63,,0.0,1e-06,PASS,Three learning seeds are averaged within physical path before comparison with the accepted path-level file.
5.2.2,raw_replications_to_path_seed_aggregation,Passive,test_051_5747c87e6d9a,,0.0,1e-06,PASS,Three learning seeds are averaged within physical path before comparison with the accepted path-level file.
5.2.2,raw_replications_to_path_seed_aggregation,Passive,test_052_9760565f31de,,0.0,1e-06,PASS,Three learning seeds are averaged within physical path before comparison with the accepted path-level file.
5.2.2,raw_replications_to_path_seed_aggregation,Passive,test_053_4473e6f72168,,0.0,1e-06,PASS,Three learning seeds are averaged within physical path before comparison with the accepted path-level file.
5.2.2,raw_replications_to_path_seed_aggregation,Passive,test_054_c66f0b1dacc4,,0.0,1e-06,PASS,Three learning seeds are averaged within physical path before comparison with the accepted path-level file.
5.2.2,raw_replications_to_path_seed_aggregation,Passive,test_055_f90330578051,,0.0,1e-06,PASS,Three learning seeds are averaged within physical path before comparison with the accepted path-level file.
5.2.2,raw_replications_to_path_seed_aggregation,Passive,test_056_b2c64046cef9,,0.0,1e-06,PASS,Three learning seeds are averaged within physical path before comparison with the accepted path-level file.
5.2.2,raw_replications_to_path_seed_aggregation,Passive,test_057_bf11b8e004e2,,2.9103830456733704e-11,1e-06,PASS,Three learning seeds are averaged within physical path before comparison with the accepted path-level file.
5.2.2,raw_replications_to_path_seed_aggregation,Passive,test_058_fbcfbffca03e,,0.0,1e-06,PASS,Three learning seeds are averaged within physical path before comparison with the accepted path-level file.
5.2.2,raw_replications_to_path_seed_aggregation,Passive,test_059_d22925a9593f,,0.0,1e-06,PASS,Three learning seeds are averaged within physical path before comparison with the accepted path-level file.
5.2.2,raw_replications_to_path_seed_aggregation,Passive,test_060_b3feb9e274c2,,4.547473508864641e-13,1e-06,PASS,Three learning seeds are averaged within physical path before comparison with the accepted path-level file.
5.2.2,raw_replications_to_path_seed_aggregation,Passive,test_061_627abde70c26,,0.0,1e-06,PASS,Three learning seeds are averaged within physical path before comparison with the accepted path-level file.
5.2.2,raw_replications_to_path_seed_aggregation,Passive,test_062_0c9ea14e9507,,0.0,1e-06,PASS,Three learning seeds are averaged within physical path before comparison with the accepted path-level file.
5.2.2,raw_replications_to_path_seed_aggregation,Passive,test_063_44f0f2a191ef,,0.0,1e-06,PASS,Three learning seeds are averaged within physical path before comparison with the accepted path-level file.
5.2.2,raw_replications_to_path_seed_aggregation,Passive,test_064_27d69866b791,,0.0,1e-06,PASS,Three learning seeds are averaged within physical path before comparison with the accepted path-level file.
5.2.2,raw_replications_to_path_seed_aggregation,Passive,test_065_930038cc16e9,,0.0,1e-06,PASS,Three learning seeds are averaged within physical path before comparison with the accepted path-level file.
5.2.2,raw_replications_to_path_seed_aggregation,Passive,test_066_28fb87ba4913,,0.0,1e-06,PASS,Three learning seeds are averaged within physical path before comparison with the accepted path-level file.
5.2.2,raw_replications_to_path_seed_aggregation,Passive,test_067_4d46fa716471,,2.9103830456733704e-11,1e-06,PASS,Three learning seeds are averaged within physical path before comparison with the accepted path-level file.
5.2.2,raw_replications_to_path_seed_aggregation,Passive,test_068_93da1d4ae1ba,,0.0,1e-06,PASS,Three learning seeds are averaged within physical path before comparison with the accepted path-level file.
5.2.2,raw_replications_to_path_seed_aggregation,Passive,test_069_5b01ea54b2fa,,2.9103830456733704e-11,1e-06,PASS,Three learning seeds are averaged within physical path before comparison with the accepted path-level file.
5.2.2,raw_replications_to_path_seed_aggregation,Passive,test_070_0cd9bcac96c3,,0.0,1e-06,PASS,Three learning seeds are averaged within physical path before comparison with the accepted path-level file.
5.2.2,raw_replications_to_path_seed_aggregation,Passive,test_071_34f77888383f,,4.547473508864641e-13,1e-06,PASS,Three learning seeds are averaged within physical path before comparison with the accepted path-level file.
5.2.2,raw_replications_to_path_seed_aggregation,Passive,test_072_8e59fac0e6c8,,0.0,1e-06,PASS,Three learning seeds are averaged within physical path before comparison with the accepted path-level file.
5.2.2,raw_replications_to_path_seed_aggregation,Passive,test_073_69349232969b,,0.0,1e-06,PASS,Three learning seeds are averaged within physical path before comparison with the accepted path-level file.
5.2.2,raw_replications_to_path_seed_aggregation,Passive,test_074_212affc962e2,,0.0,1e-06,PASS,Three learning seeds are averaged within physical path before comparison with the accepted path-level file.
5.2.2,raw_replications_to_path_seed_aggregation,Passive,test_075_8de4e41c7ad9,,0.0,1e-06,PASS,Three learning seeds are averaged within physical path before comparison with the accepted path-level file.
5.2.2,raw_replications_to_path_seed_aggregation,Passive,test_076_48339f21c8ec,,0.0,1e-06,PASS,Three learning seeds are averaged within physical path before comparison with the accepted path-level file.
5.2.2,raw_replications_to_path_seed_aggregation,Passive,test_077_b1f2e84dc844,,0.0,1e-06,PASS,Three learning seeds are averaged within physical path before comparison with the accepted path-level file.
5.2.2,raw_replications_to_path_seed_aggregation,Passive,test_078_367d379a9297,,0.0,1e-06,PASS,Three learning seeds are averaged within physical path before comparison with the accepted path-level file.
5.2.2,raw_replications_to_path_seed_aggregation,Passive,test_079_bce06ca59758,,0.0,1e-06,PASS,Three learning seeds are averaged within physical path before comparison with the accepted path-level file.
5.2.2,raw_replications_to_path_seed_aggregation,Passive,test_080_e669407a98d7,,0.0,1e-06,PASS,Three learning seeds are averaged within physical path before comparison with the accepted path-level file.
5.2.2,raw_replications_to_path_seed_aggregation,Passive,test_081_fbbd80304765,,0.0,1e-06,PASS,Three learning seeds are averaged within physical path before comparison with the accepted path-level file.
5.2.2,raw_replications_to_path_seed_aggregation,Passive,test_082_2cf496ac3a99,,0.0,1e-06,PASS,Three learning seeds are averaged within physical path before comparison with the accepted path-level file.
5.2.2,raw_replications_to_path_seed_aggregation,Passive,test_083_4cbdde5f376f,,0.0,1e-06,PASS,Three learning seeds are averaged within physical path before comparison with the accepted path-level file.
5.2.2,raw_replications_to_path_seed_aggregation,Passive,test_084_513eb18f351c,,0.0,1e-06,PASS,Three learning seeds are averaged within physical path before comparison with the accepted path-level file.
5.2.2,raw_replications_to_path_seed_aggregation,Passive,test_085_650c50514b66,,0.0,1e-06,PASS,Three learning seeds are averaged within physical path before comparison with the accepted path-level file.
5.2.2,raw_replications_to_path_seed_aggregation,Passive,test_086_754dc8e1ab0e,,0.0,1e-06,PASS,Three learning seeds are averaged within physical path before comparison with the accepted path-level file.
5.2.2,raw_replications_to_path_seed_aggregation,Passive,test_087_cbc79ee243dd,,0.0,1e-06,PASS,Three learning seeds are averaged within physical path before comparison with the accepted path-level file.
5.2.2,raw_replications_to_path_seed_aggregation,Projected stochastic MPC,test_000_4ae657b9eeec,,0.0,1e-06,PASS,Three learning seeds are averaged within physical path before comparison with the accepted path-level file.
5.2.2,raw_replications_to_path_seed_aggregation,Projected stochastic MPC,test_001_dde9993de777,,5.684341886080802e-14,1e-06,PASS,Three learning seeds are averaged within physical path before comparison with the accepted path-level file.
5.2.2,raw_replications_to_path_seed_aggregation,Projected stochastic MPC,test_002_f01217ab0e79,,0.0,1e-06,PASS,Three learning seeds are averaged within physical path before comparison with the accepted path-level file.
5.2.2,raw_replications_to_path_seed_aggregation,Projected stochastic MPC,test_003_eb3106001035,,0.0,1e-06,PASS,Three learning seeds are averaged within physical path before comparison with the accepted path-level file.
5.2.2,raw_replications_to_path_seed_aggregation,Projected stochastic MPC,test_004_55a330aff5c4,,0.0,1e-06,PASS,Three learning seeds are averaged within physical path before comparison with the accepted path-level file.
5.2.2,raw_replications_to_path_seed_aggregation,Projected stochastic MPC,test_005_981c73a17708,,0.0,1e-06,PASS,Three learning seeds are averaged within physical path before comparison with the accepted path-level file.
5.2.2,raw_replications_to_path_seed_aggregation,Projected stochastic MPC,test_006_daba4b1e9814,,0.0,1e-06,PASS,Three learning seeds are averaged within physical path before comparison with the accepted path-level file.
5.2.2,raw_replications_to_path_seed_aggregation,Projected stochastic MPC,test_007_925513ee8ec6,,0.0,1e-06,PASS,Three learning seeds are averaged within physical path before comparison with the accepted path-level file.
5.2.2,raw_replications_to_path_seed_aggregation,Projected stochastic MPC,test_008_fabe46a0ea00,,0.0,1e-06,PASS,Three learning seeds are averaged within physical path before comparison with the accepted path-level file.
5.2.2,raw_replications_to_path_seed_aggregation,Projected stochastic MPC,test_009_c8ef87e47101,,0.0,1e-06,PASS,Three learning seeds are averaged within physical path before comparison with the accepted path-level file.
5.2.2,raw_replications_to_path_seed_aggregation,Projected stochastic MPC,test_010_613ab99db82c,,0.0,1e-06,PASS,Three learning seeds are averaged within physical path before comparison with the accepted path-level file.
5.2.2,raw_replications_to_path_seed_aggregation,Projected stochastic MPC,test_011_8a2e74b38d5d,,0.0,1e-06,PASS,Three learning seeds are averaged within physical path before comparison with the accepted path-level file.
5.2.2,raw_replications_to_path_seed_aggregation,Projected stochastic MPC,test_012_b6bdc05b20a7,,0.0,1e-06,PASS,Three learning seeds are averaged within physical path before comparison with the accepted path-level file.
5.2.2,raw_replications_to_path_seed_aggregation,Projected stochastic MPC,test_013_040653995d85,,0.0,1e-06,PASS,Three learning seeds are averaged within physical path before comparison with the accepted path-level file.
5.2.2,raw_replications_to_path_seed_aggregation,Projected stochastic MPC,test_014_f00647451070,,0.0,1e-06,PASS,Three learning seeds are averaged within physical path before comparison with the accepted path-level file.
5.2.2,raw_replications_to_path_seed_aggregation,Projected stochastic MPC,test_015_643a837775f9,,0.0,1e-06,PASS,Three learning seeds are averaged within physical path before comparison with the accepted path-level file.
5.2.2,raw_replications_to_path_seed_aggregation,Projected stochastic MPC,test_016_45a90ccef8bd,,5.684341886080802e-14,1e-06,PASS,Three learning seeds are averaged within physical path before comparison with the accepted path-level file.
5.2.2,raw_replications_to_path_seed_aggregation,Projected stochastic MPC,test_017_ebd333a3cdba,,0.0,1e-06,PASS,Three learning seeds are averaged within physical path before comparison with the accepted path-level file.
5.2.2,raw_replications_to_path_seed_aggregation,Projected stochastic MPC,test_018_9466cee538c9,,0.0,1e-06,PASS,Three learning seeds are averaged within physical path before comparison with the accepted path-level file.
5.2.2,raw_replications_to_path_seed_aggregation,Projected stochastic MPC,test_019_9d2b7462a57a,,0.0,1e-06,PASS,Three learning seeds are averaged within physical path before comparison with the accepted path-level file.
5.2.2,raw_replications_to_path_seed_aggregation,Projected stochastic MPC,test_020_701c8d28bc45,,0.0,1e-06,PASS,Three learning seeds are averaged within physical path before comparison with the accepted path-level file.
5.2.2,raw_replications_to_path_seed_aggregation,Projected stochastic MPC,test_021_69299bc5d0bf,,0.0,1e-06,PASS,Three learning seeds are averaged within physical path before comparison with the accepted path-level file.
5.2.2,raw_replications_to_path_seed_aggregation,Projected stochastic MPC,test_022_1b3e72c80b5f,,0.0,1e-06,PASS,Three learning seeds are averaged within physical path before comparison with the accepted path-level file.
5.2.2,raw_replications_to_path_seed_aggregation,Projected stochastic MPC,test_023_90a8af416c5a,,0.0,1e-06,PASS,Three learning seeds are averaged within physical path before comparison with the accepted path-level file.
5.2.2,raw_replications_to_path_seed_aggregation,Projected stochastic MPC,test_024_e90f261f99e2,,0.0,1e-06,PASS,Three learning seeds are averaged within physical path before comparison with the accepted path-level file.
5.2.2,raw_replications_to_path_seed_aggregation,Projected stochastic MPC,test_025_0c3eeaae0824,,0.0,1e-06,PASS,Three learning seeds are averaged within physical path before comparison with the accepted path-level file.
5.2.2,raw_replications_to_path_seed_aggregation,Projected stochastic MPC,test_026_770d47ae1768,,0.0,1e-06,PASS,Three learning seeds are averaged within physical path before comparison with the accepted path-level file.
5.2.2,raw_replications_to_path_seed_aggregation,Projected stochastic MPC,test_027_df5d670513fa,,0.0,1e-06,PASS,Three learning seeds are averaged within physical path before comparison with the accepted path-level file.
5.2.2,raw_replications_to_path_seed_aggregation,Projected stochastic MPC,test_028_e9fb02365dd3,,0.0,1e-06,PASS,Three learning seeds are averaged within physical path before comparison with the accepted path-level file.
5.2.2,raw_replications_to_path_seed_aggregation,Projected stochastic MPC,test_029_b44f60718c5a,,4.547473508864641e-13,1e-06,PASS,Three learning seeds are averaged within physical path before comparison with the accepted path-level file.
5.2.2,raw_replications_to_path_seed_aggregation,Projected stochastic MPC,test_030_038f4c53d11f,,0.0,1e-06,PASS,Three learning seeds are averaged within physical path before comparison with the accepted path-level file.
5.2.2,raw_replications_to_path_seed_aggregation,Projected stochastic MPC,test_031_0a6ff70351b5,,0.0,1e-06,PASS,Three learning seeds are averaged within physical path before comparison with the accepted path-level file.
5.2.2,raw_replications_to_path_seed_aggregation,Projected stochastic MPC,test_032_efdf826e6bc3,,0.0,1e-06,PASS,Three learning seeds are averaged within physical path before comparison with the accepted path-level file.
5.2.2,raw_replications_to_path_seed_aggregation,Projected stochastic MPC,test_033_de0c441dba67,,2.842170943040401e-14,1e-06,PASS,Three learning seeds are averaged within physical path before comparison with the accepted path-level file.
5.2.2,raw_replications_to_path_seed_aggregation,Projected stochastic MPC,test_034_a00d80b83640,,2.842170943040401e-14,1e-06,PASS,Three learning seeds are averaged within physical path before comparison with the accepted path-level file.
5.2.2,raw_replications_to_path_seed_aggregation,Projected stochastic MPC,test_035_51fd398978b7,,0.0,1e-06,PASS,Three learning seeds are averaged within physical path before comparison with the accepted path-level file.
5.2.2,raw_replications_to_path_seed_aggregation,Projected stochastic MPC,test_036_7eb6ac1ca077,,0.0,1e-06,PASS,Three learning seeds are averaged within physical path before comparison with the accepted path-level file.
5.2.2,raw_replications_to_path_seed_aggregation,Projected stochastic MPC,test_037_f096257ecaa4,,0.0,1e-06,PASS,Three learning seeds are averaged within physical path before comparison with the accepted path-level file.
5.2.2,raw_replications_to_path_seed_aggregation,Projected stochastic MPC,test_038_b05abc6e01b3,,0.0,1e-06,PASS,Three learning seeds are averaged within physical path before comparison with the accepted path-level file.
5.2.2,raw_replications_to_path_seed_aggregation,Projected stochastic MPC,test_039_9c0d1ebe6c19,,0.0,1e-06,PASS,Three learning seeds are averaged within physical path before comparison with the accepted path-level file.
5.2.2,raw_replications_to_path_seed_aggregation,Projected stochastic MPC,test_040_11a8950c659e,,0.0,1e-06,PASS,Three learning seeds are averaged within physical path before comparison with the accepted path-level file.
5.2.2,raw_replications_to_path_seed_aggregation,Projected stochastic MPC,test_041_e58f21dcc209,,0.0,1e-06,PASS,Three learning seeds are averaged within physical path before comparison with the accepted path-level file.
5.2.2,raw_replications_to_path_seed_aggregation,Projected stochastic MPC,test_042_a77d2ece213a,,0.0,1e-06,PASS,Three learning seeds are averaged within physical path before comparison with the accepted path-level file.
5.2.2,raw_replications_to_path_seed_aggregation,Projected stochastic MPC,test_043_f1174106175c,,0.0,1e-06,PASS,Three learning seeds are averaged within physical path before comparison with the accepted path-level file.
5.2.2,raw_replications_to_path_seed_aggregation,Projected stochastic MPC,test_044_ed401c94714a,,0.0,1e-06,PASS,Three learning seeds are averaged within physical path before comparison with the accepted path-level file.
5.2.2,raw_replications_to_path_seed_aggregation,Projected stochastic MPC,test_045_af7d3f616c1d,,0.0,1e-06,PASS,Three learning seeds are averaged within physical path before comparison with the accepted path-level file.
5.2.2,raw_replications_to_path_seed_aggregation,Projected stochastic MPC,test_046_e35b743e6617,,2.842170943040401e-14,1e-06,PASS,Three learning seeds are averaged within physical path before comparison with the accepted path-level file.
5.2.2,raw_replications_to_path_seed_aggregation,Projected stochastic MPC,test_047_20c1f89391c1,,0.0,1e-06,PASS,Three learning seeds are averaged within physical path before comparison with the accepted path-level file.
5.2.2,raw_replications_to_path_seed_aggregation,Projected stochastic MPC,test_048_eeaf6a6a0a15,,0.0,1e-06,PASS,Three learning seeds are averaged within physical path before comparison with the accepted path-level file.
5.2.2,raw_replications_to_path_seed_aggregation,Projected stochastic MPC,test_049_343da3774e7e,,0.0,1e-06,PASS,Three learning seeds are averaged within physical path before comparison with the accepted path-level file.
5.2.2,raw_replications_to_path_seed_aggregation,Projected stochastic MPC,test_050_1c7612d8bc63,,4.547473508864641e-13,1e-06,PASS,Three learning seeds are averaged within physical path before comparison with the accepted path-level file.
5.2.2,raw_replications_to_path_seed_aggregation,Projected stochastic MPC,test_051_5747c87e6d9a,,5.293955920339377e-23,1e-06,PASS,Three learning seeds are averaged within physical path before comparison with the accepted path-level file.
5.2.2,raw_replications_to_path_seed_aggregation,Projected stochastic MPC,test_052_9760565f31de,,0.0,1e-06,PASS,Three learning seeds are averaged within physical path before comparison with the accepted path-level file.
5.2.2,raw_replications_to_path_seed_aggregation,Projected stochastic MPC,test_053_4473e6f72168,,1.0587911840678754e-22,1e-06,PASS,Three learning seeds are averaged within physical path before comparison with the accepted path-level file.
5.2.2,raw_replications_to_path_seed_aggregation,Projected stochastic MPC,test_054_c66f0b1dacc4,,0.0,1e-06,PASS,Three learning seeds are averaged within physical path before comparison with the accepted path-level file.
5.2.2,raw_replications_to_path_seed_aggregation,Projected stochastic MPC,test_055_f90330578051,,0.0,1e-06,PASS,Three learning seeds are averaged within physical path before comparison with the accepted path-level file.
5.2.2,raw_replications_to_path_seed_aggregation,Projected stochastic MPC,test_056_b2c64046cef9,,0.0,1e-06,PASS,Three learning seeds are averaged within physical path before comparison with the accepted path-level file.
5.2.2,raw_replications_to_path_seed_aggregation,Projected stochastic MPC,test_057_bf11b8e004e2,,0.0,1e-06,PASS,Three learning seeds are averaged within physical path before comparison with the accepted path-level file.
5.2.2,raw_replications_to_path_seed_aggregation,Projected stochastic MPC,test_058_fbcfbffca03e,,0.0,1e-06,PASS,Three learning seeds are averaged within physical path before comparison with the accepted path-level file.
5.2.2,raw_replications_to_path_seed_aggregation,Projected stochastic MPC,test_059_d22925a9593f,,0.0,1e-06,PASS,Three learning seeds are averaged within physical path before comparison with the accepted path-level file.
5.2.2,raw_replications_to_path_seed_aggregation,Projected stochastic MPC,test_060_b3feb9e274c2,,0.0,1e-06,PASS,Three learning seeds are averaged within physical path before comparison with the accepted path-level file.
5.2.2,raw_replications_to_path_seed_aggregation,Projected stochastic MPC,test_061_627abde70c26,,0.0,1e-06,PASS,Three learning seeds are averaged within physical path before comparison with the accepted path-level file.
5.2.2,raw_replications_to_path_seed_aggregation,Projected stochastic MPC,test_062_0c9ea14e9507,,0.0,1e-06,PASS,Three learning seeds are averaged within physical path before comparison with the accepted path-level file.
5.2.2,raw_replications_to_path_seed_aggregation,Projected stochastic MPC,test_063_44f0f2a191ef,,0.0,1e-06,PASS,Three learning seeds are averaged within physical path before comparison with the accepted path-level file.
5.2.2,raw_replications_to_path_seed_aggregation,Projected stochastic MPC,test_064_27d69866b791,,0.0,1e-06,PASS,Three learning seeds are averaged within physical path before comparison with the accepted path-level file.
5.2.2,raw_replications_to_path_seed_aggregation,Projected stochastic MPC,test_065_930038cc16e9,,4.547473508864641e-13,1e-06,PASS,Three learning seeds are averaged within physical path before comparison with the accepted path-level file.
5.2.2,raw_replications_to_path_seed_aggregation,Projected stochastic MPC,test_066_28fb87ba4913,,0.0,1e-06,PASS,Three learning seeds are averaged within physical path before comparison with the accepted path-level file.
5.2.2,raw_replications_to_path_seed_aggregation,Projected stochastic MPC,test_067_4d46fa716471,,4.547473508864641e-13,1e-06,PASS,Three learning seeds are averaged within physical path before comparison with the accepted path-level file.
5.2.2,raw_replications_to_path_seed_aggregation,Projected stochastic MPC,test_068_93da1d4ae1ba,,5.684341886080802e-14,1e-06,PASS,Three learning seeds are averaged within physical path before comparison with the accepted path-level file.
5.2.2,raw_replications_to_path_seed_aggregation,Projected stochastic MPC,test_069_5b01ea54b2fa,,0.0,1e-06,PASS,Three learning seeds are averaged within physical path before comparison with the accepted path-level file.
5.2.2,raw_replications_to_path_seed_aggregation,Projected stochastic MPC,test_070_0cd9bcac96c3,,0.0,1e-06,PASS,Three learning seeds are averaged within physical path before comparison with the accepted path-level file.
5.2.2,raw_replications_to_path_seed_aggregation,Projected stochastic MPC,test_071_34f77888383f,,0.0,1e-06,PASS,Three learning seeds are averaged within physical path before comparison with the accepted path-level file.
5.2.2,raw_replications_to_path_seed_aggregation,Projected stochastic MPC,test_072_8e59fac0e6c8,,0.0,1e-06,PASS,Three learning seeds are averaged within physical path before comparison with the accepted path-level file.
5.2.2,raw_replications_to_path_seed_aggregation,Projected stochastic MPC,test_073_69349232969b,,0.0,1e-06,PASS,Three learning seeds are averaged within physical path before comparison with the accepted path-level file.
5.2.2,raw_replications_to_path_seed_aggregation,Projected stochastic MPC,test_074_212affc962e2,,0.0,1e-06,PASS,Three learning seeds are averaged within physical path before comparison with the accepted path-level file.
5.2.2,raw_replications_to_path_seed_aggregation,Projected stochastic MPC,test_075_8de4e41c7ad9,,0.0,1e-06,PASS,Three learning seeds are averaged within physical path before comparison with the accepted path-level file.
5.2.2,raw_replications_to_path_seed_aggregation,Projected stochastic MPC,test_076_48339f21c8ec,,0.0,1e-06,PASS,Three learning seeds are averaged within physical path before comparison with the accepted path-level file.
5.2.2,raw_replications_to_path_seed_aggregation,Projected stochastic MPC,test_077_b1f2e84dc844,,0.0,1e-06,PASS,Three learning seeds are averaged within physical path before comparison with the accepted path-level file.
5.2.2,raw_replications_to_path_seed_aggregation,Projected stochastic MPC,test_078_367d379a9297,,0.0,1e-06,PASS,Three learning seeds are averaged within physical path before comparison with the accepted path-level file.
5.2.2,raw_replications_to_path_seed_aggregation,Projected stochastic MPC,test_079_bce06ca59758,,0.0,1e-06,PASS,Three learning seeds are averaged within physical path before comparison with the accepted path-level file.
5.2.2,raw_replications_to_path_seed_aggregation,Projected stochastic MPC,test_080_e669407a98d7,,0.0,1e-06,PASS,Three learning seeds are averaged within physical path before comparison with the accepted path-level file.
5.2.2,raw_replications_to_path_seed_aggregation,Projected stochastic MPC,test_081_fbbd80304765,,0.0,1e-06,PASS,Three learning seeds are averaged within physical path before comparison with the accepted path-level file.
5.2.2,raw_replications_to_path_seed_aggregation,Projected stochastic MPC,test_082_2cf496ac3a99,,0.0,1e-06,PASS,Three learning seeds are averaged within physical path before comparison with the accepted path-level file.
5.2.2,raw_replications_to_path_seed_aggregation,Projected stochastic MPC,test_083_4cbdde5f376f,,0.0,1e-06,PASS,Three learning seeds are averaged within physical path before comparison with the accepted path-level file.
5.2.2,raw_replications_to_path_seed_aggregation,Projected stochastic MPC,test_084_513eb18f351c,,4.547473508864641e-13,1e-06,PASS,Three learning seeds are averaged within physical path before comparison with the accepted path-level file.
5.2.2,raw_replications_to_path_seed_aggregation,Projected stochastic MPC,test_085_650c50514b66,,0.0,1e-06,PASS,Three learning seeds are averaged within physical path before comparison with the accepted path-level file.
5.2.2,raw_replications_to_path_seed_aggregation,Projected stochastic MPC,test_086_754dc8e1ab0e,,0.0,1e-06,PASS,Three learning seeds are averaged within physical path before comparison with the accepted path-level file.
5.2.2,raw_replications_to_path_seed_aggregation,Projected stochastic MPC,test_087_cbc79ee243dd,,0.0,1e-06,PASS,Three learning seeds are averaged within physical path before comparison with the accepted path-level file.
5.2.2,raw_replications_to_path_seed_aggregation,Reactive,test_000_4ae657b9eeec,,0.0,1e-06,PASS,Three learning seeds are averaged within physical path before comparison with the accepted path-level file.
5.2.2,raw_replications_to_path_seed_aggregation,Reactive,test_001_dde9993de777,,0.0,1e-06,PASS,Three learning seeds are averaged within physical path before comparison with the accepted path-level file.
5.2.2,raw_replications_to_path_seed_aggregation,Reactive,test_002_f01217ab0e79,,0.0,1e-06,PASS,Three learning seeds are averaged within physical path before comparison with the accepted path-level file.
5.2.2,raw_replications_to_path_seed_aggregation,Reactive,test_003_eb3106001035,,0.0,1e-06,PASS,Three learning seeds are averaged within physical path before comparison with the accepted path-level file.
5.2.2,raw_replications_to_path_seed_aggregation,Reactive,test_004_55a330aff5c4,,0.0,1e-06,PASS,Three learning seeds are averaged within physical path before comparison with the accepted path-level file.
5.2.2,raw_replications_to_path_seed_aggregation,Reactive,test_005_981c73a17708,,0.0,1e-06,PASS,Three learning seeds are averaged within physical path before comparison with the accepted path-level file.
5.2.2,raw_replications_to_path_seed_aggregation,Reactive,test_006_daba4b1e9814,,0.0,1e-06,PASS,Three learning seeds are averaged within physical path before comparison with the accepted path-level file.
5.2.2,raw_replications_to_path_seed_aggregation,Reactive,test_007_925513ee8ec6,,0.0,1e-06,PASS,Three learning seeds are averaged within physical path before comparison with the accepted path-level file.
5.2.2,raw_replications_to_path_seed_aggregation,Reactive,test_008_fabe46a0ea00,,0.0,1e-06,PASS,Three learning seeds are averaged within physical path before comparison with the accepted path-level file.
5.2.2,raw_replications_to_path_seed_aggregation,Reactive,test_009_c8ef87e47101,,0.0,1e-06,PASS,Three learning seeds are averaged within physical path before comparison with the accepted path-level file.
5.2.2,raw_replications_to_path_seed_aggregation,Reactive,test_010_613ab99db82c,,0.0,1e-06,PASS,Three learning seeds are averaged within physical path before comparison with the accepted path-level file.
5.2.2,raw_replications_to_path_seed_aggregation,Reactive,test_011_8a2e74b38d5d,,0.0,1e-06,PASS,Three learning seeds are averaged within physical path before comparison with the accepted path-level file.
5.2.2,raw_replications_to_path_seed_aggregation,Reactive,test_012_b6bdc05b20a7,,0.0,1e-06,PASS,Three learning seeds are averaged within physical path before comparison with the accepted path-level file.
5.2.2,raw_replications_to_path_seed_aggregation,Reactive,test_013_040653995d85,,0.0,1e-06,PASS,Three learning seeds are averaged within physical path before comparison with the accepted path-level file.
5.2.2,raw_replications_to_path_seed_aggregation,Reactive,test_014_f00647451070,,0.0,1e-06,PASS,Three learning seeds are averaged within physical path before comparison with the accepted path-level file.
5.2.2,raw_replications_to_path_seed_aggregation,Reactive,test_015_643a837775f9,,0.0,1e-06,PASS,Three learning seeds are averaged within physical path before comparison with the accepted path-level file.
5.2.2,raw_replications_to_path_seed_aggregation,Reactive,test_016_45a90ccef8bd,,0.0,1e-06,PASS,Three learning seeds are averaged within physical path before comparison with the accepted path-level file.
5.2.2,raw_replications_to_path_seed_aggregation,Reactive,test_017_ebd333a3cdba,,0.0,1e-06,PASS,Three learning seeds are averaged within physical path before comparison with the accepted path-level file.
5.2.2,raw_replications_to_path_seed_aggregation,Reactive,test_018_9466cee538c9,,4.547473508864641e-13,1e-06,PASS,Three learning seeds are averaged within physical path before comparison with the accepted path-level file.
5.2.2,raw_replications_to_path_seed_aggregation,Reactive,test_019_9d2b7462a57a,,0.0,1e-06,PASS,Three learning seeds are averaged within physical path before comparison with the accepted path-level file.
5.2.2,raw_replications_to_path_seed_aggregation,Reactive,test_020_701c8d28bc45,,0.0,1e-06,PASS,Three learning seeds are averaged within physical path before comparison with the accepted path-level file.
5.2.2,raw_replications_to_path_seed_aggregation,Reactive,test_021_69299bc5d0bf,,0.0,1e-06,PASS,Three learning seeds are averaged within physical path before comparison with the accepted path-level file.
5.2.2,raw_replications_to_path_seed_aggregation,Reactive,test_022_1b3e72c80b5f,,0.0,1e-06,PASS,Three learning seeds are averaged within physical path before comparison with the accepted path-level file.
5.2.2,raw_replications_to_path_seed_aggregation,Reactive,test_023_90a8af416c5a,,0.0,1e-06,PASS,Three learning seeds are averaged within physical path before comparison with the accepted path-level file.
5.2.2,raw_replications_to_path_seed_aggregation,Reactive,test_024_e90f261f99e2,,0.0,1e-06,PASS,Three learning seeds are averaged within physical path before comparison with the accepted path-level file.
5.2.2,raw_replications_to_path_seed_aggregation,Reactive,test_025_0c3eeaae0824,,0.0,1e-06,PASS,Three learning seeds are averaged within physical path before comparison with the accepted path-level file.
5.2.2,raw_replications_to_path_seed_aggregation,Reactive,test_026_770d47ae1768,,0.0,1e-06,PASS,Three learning seeds are averaged within physical path before comparison with the accepted path-level file.
5.2.2,raw_replications_to_path_seed_aggregation,Reactive,test_027_df5d670513fa,,0.0,1e-06,PASS,Three learning seeds are averaged within physical path before comparison with the accepted path-level file.
5.2.2,raw_replications_to_path_seed_aggregation,Reactive,test_028_e9fb02365dd3,,0.0,1e-06,PASS,Three learning seeds are averaged within physical path before comparison with the accepted path-level file.
5.2.2,raw_replications_to_path_seed_aggregation,Reactive,test_029_b44f60718c5a,,0.0,1e-06,PASS,Three learning seeds are averaged within physical path before comparison with the accepted path-level file.
5.2.2,raw_replications_to_path_seed_aggregation,Reactive,test_030_038f4c53d11f,,0.0,1e-06,PASS,Three learning seeds are averaged within physical path before comparison with the accepted path-level file.
5.2.2,raw_replications_to_path_seed_aggregation,Reactive,test_031_0a6ff70351b5,,0.0,1e-06,PASS,Three learning seeds are averaged within physical path before comparison with the accepted path-level file.
5.2.2,raw_replications_to_path_seed_aggregation,Reactive,test_032_efdf826e6bc3,,0.0,1e-06,PASS,Three learning seeds are averaged within physical path before comparison with the accepted path-level file.
5.2.2,raw_replications_to_path_seed_aggregation,Reactive,test_033_de0c441dba67,,0.0,1e-06,PASS,Three learning seeds are averaged within physical path before comparison with the accepted path-level file.
5.2.2,raw_replications_to_path_seed_aggregation,Reactive,test_034_a00d80b83640,,0.0,1e-06,PASS,Three learning seeds are averaged within physical path before comparison with the accepted path-level file.
5.2.2,raw_replications_to_path_seed_aggregation,Reactive,test_035_51fd398978b7,,0.0,1e-06,PASS,Three learning seeds are averaged within physical path before comparison with the accepted path-level file.
5.2.2,raw_replications_to_path_seed_aggregation,Reactive,test_036_7eb6ac1ca077,,0.0,1e-06,PASS,Three learning seeds are averaged within physical path before comparison with the accepted path-level file.
5.2.2,raw_replications_to_path_seed_aggregation,Reactive,test_037_f096257ecaa4,,0.0,1e-06,PASS,Three learning seeds are averaged within physical path before comparison with the accepted path-level file.
5.2.2,raw_replications_to_path_seed_aggregation,Reactive,test_038_b05abc6e01b3,,0.0,1e-06,PASS,Three learning seeds are averaged within physical path before comparison with the accepted path-level file.
5.2.2,raw_replications_to_path_seed_aggregation,Reactive,test_039_9c0d1ebe6c19,,4.547473508864641e-13,1e-06,PASS,Three learning seeds are averaged within physical path before comparison with the accepted path-level file.
5.2.2,raw_replications_to_path_seed_aggregation,Reactive,test_040_11a8950c659e,,0.0,1e-06,PASS,Three learning seeds are averaged within physical path before comparison with the accepted path-level file.
5.2.2,raw_replications_to_path_seed_aggregation,Reactive,test_041_e58f21dcc209,,0.0,1e-06,PASS,Three learning seeds are averaged within physical path before comparison with the accepted path-level file.
5.2.2,raw_replications_to_path_seed_aggregation,Reactive,test_042_a77d2ece213a,,0.0,1e-06,PASS,Three learning seeds are averaged within physical path before comparison with the accepted path-level file.
5.2.2,raw_replications_to_path_seed_aggregation,Reactive,test_043_f1174106175c,,0.0,1e-06,PASS,Three learning seeds are averaged within physical path before comparison with the accepted path-level file.
5.2.2,raw_replications_to_path_seed_aggregation,Reactive,test_044_ed401c94714a,,0.0,1e-06,PASS,Three learning seeds are averaged within physical path before comparison with the accepted path-level file.
5.2.2,raw_replications_to_path_seed_aggregation,Reactive,test_045_af7d3f616c1d,,0.0,1e-06,PASS,Three learning seeds are averaged within physical path before comparison with the accepted path-level file.
5.2.2,raw_replications_to_path_seed_aggregation,Reactive,test_046_e35b743e6617,,4.547473508864641e-13,1e-06,PASS,Three learning seeds are averaged within physical path before comparison with the accepted path-level file.
5.2.2,raw_replications_to_path_seed_aggregation,Reactive,test_047_20c1f89391c1,,0.0,1e-06,PASS,Three learning seeds are averaged within physical path before comparison with the accepted path-level file.
5.2.2,raw_replications_to_path_seed_aggregation,Reactive,test_048_eeaf6a6a0a15,,0.0,1e-06,PASS,Three learning seeds are averaged within physical path before comparison with the accepted path-level file.
5.2.2,raw_replications_to_path_seed_aggregation,Reactive,test_049_343da3774e7e,,0.0,1e-06,PASS,Three learning seeds are averaged within physical path before comparison with the accepted path-level file.
5.2.2,raw_replications_to_path_seed_aggregation,Reactive,test_050_1c7612d8bc63,,0.0,1e-06,PASS,Three learning seeds are averaged within physical path before comparison with the accepted path-level file.
5.2.2,raw_replications_to_path_seed_aggregation,Reactive,test_051_5747c87e6d9a,,0.0,1e-06,PASS,Three learning seeds are averaged within physical path before comparison with the accepted path-level file.
5.2.2,raw_replications_to_path_seed_aggregation,Reactive,test_052_9760565f31de,,0.0,1e-06,PASS,Three learning seeds are averaged within physical path before comparison with the accepted path-level file.
5.2.2,raw_replications_to_path_seed_aggregation,Reactive,test_053_4473e6f72168,,0.0,1e-06,PASS,Three learning seeds are averaged within physical path before comparison with the accepted path-level file.
5.2.2,raw_replications_to_path_seed_aggregation,Reactive,test_054_c66f0b1dacc4,,0.0,1e-06,PASS,Three learning seeds are averaged within physical path before comparison with the accepted path-level file.
5.2.2,raw_replications_to_path_seed_aggregation,Reactive,test_055_f90330578051,,0.0,1e-06,PASS,Three learning seeds are averaged within physical path before comparison with the accepted path-level file.
5.2.2,raw_replications_to_path_seed_aggregation,Reactive,test_056_b2c64046cef9,,0.0,1e-06,PASS,Three learning seeds are averaged within physical path before comparison with the accepted path-level file.
5.2.2,raw_replications_to_path_seed_aggregation,Reactive,test_057_bf11b8e004e2,,0.0,1e-06,PASS,Three learning seeds are averaged within physical path before comparison with the accepted path-level file.
5.2.2,raw_replications_to_path_seed_aggregation,Reactive,test_058_fbcfbffca03e,,0.0,1e-06,PASS,Three learning seeds are averaged within physical path before comparison with the accepted path-level file.
5.2.2,raw_replications_to_path_seed_aggregation,Reactive,test_059_d22925a9593f,,0.0,1e-06,PASS,Three learning seeds are averaged within physical path before comparison with the accepted path-level file.
5.2.2,raw_replications_to_path_seed_aggregation,Reactive,test_060_b3feb9e274c2,,0.0,1e-06,PASS,Three learning seeds are averaged within physical path before comparison with the accepted path-level file.
5.2.2,raw_replications_to_path_seed_aggregation,Reactive,test_061_627abde70c26,,0.0,1e-06,PASS,Three learning seeds are averaged within physical path before comparison with the accepted path-level file.
5.2.2,raw_replications_to_path_seed_aggregation,Reactive,test_062_0c9ea14e9507,,0.0,1e-06,PASS,Three learning seeds are averaged within physical path before comparison with the accepted path-level file.
5.2.2,raw_replications_to_path_seed_aggregation,Reactive,test_063_44f0f2a191ef,,0.0,1e-06,PASS,Three learning seeds are averaged within physical path before comparison with the accepted path-level file.
5.2.2,raw_replications_to_path_seed_aggregation,Reactive,test_064_27d69866b791,,0.0,1e-06,PASS,Three learning seeds are averaged within physical path before comparison with the accepted path-level file.
5.2.2,raw_replications_to_path_seed_aggregation,Reactive,test_065_930038cc16e9,,0.0,1e-06,PASS,Three learning seeds are averaged within physical path before comparison with the accepted path-level file.
5.2.2,raw_replications_to_path_seed_aggregation,Reactive,test_066_28fb87ba4913,,0.0,1e-06,PASS,Three learning seeds are averaged within physical path before comparison with the accepted path-level file.
5.2.2,raw_replications_to_path_seed_aggregation,Reactive,test_067_4d46fa716471,,0.0,1e-06,PASS,Three learning seeds are averaged within physical path before comparison with the accepted path-level file.
5.2.2,raw_replications_to_path_seed_aggregation,Reactive,test_068_93da1d4ae1ba,,0.0,1e-06,PASS,Three learning seeds are averaged within physical path before comparison with the accepted path-level file.
5.2.2,raw_replications_to_path_seed_aggregation,Reactive,test_069_5b01ea54b2fa,,0.0,1e-06,PASS,Three learning seeds are averaged within physical path before comparison with the accepted path-level file.
5.2.2,raw_replications_to_path_seed_aggregation,Reactive,test_070_0cd9bcac96c3,,0.0,1e-06,PASS,Three learning seeds are averaged within physical path before comparison with the accepted path-level file.
5.2.2,raw_replications_to_path_seed_aggregation,Reactive,test_071_34f77888383f,,0.0,1e-06,PASS,Three learning seeds are averaged within physical path before comparison with the accepted path-level file.
5.2.2,raw_replications_to_path_seed_aggregation,Reactive,test_072_8e59fac0e6c8,,0.0,1e-06,PASS,Three learning seeds are averaged within physical path before comparison with the accepted path-level file.
5.2.2,raw_replications_to_path_seed_aggregation,Reactive,test_073_69349232969b,,0.0,1e-06,PASS,Three learning seeds are averaged within physical path before comparison with the accepted path-level file.
5.2.2,raw_replications_to_path_seed_aggregation,Reactive,test_074_212affc962e2,,0.0,1e-06,PASS,Three learning seeds are averaged within physical path before comparison with the accepted path-level file.
5.2.2,raw_replications_to_path_seed_aggregation,Reactive,test_075_8de4e41c7ad9,,4.547473508864641e-13,1e-06,PASS,Three learning seeds are averaged within physical path before comparison with the accepted path-level file.
5.2.2,raw_replications_to_path_seed_aggregation,Reactive,test_076_48339f21c8ec,,0.0,1e-06,PASS,Three learning seeds are averaged within physical path before comparison with the accepted path-level file.
5.2.2,raw_replications_to_path_seed_aggregation,Reactive,test_077_b1f2e84dc844,,0.0,1e-06,PASS,Three learning seeds are averaged within physical path before comparison with the accepted path-level file.
5.2.2,raw_replications_to_path_seed_aggregation,Reactive,test_078_367d379a9297,,0.0,1e-06,PASS,Three learning seeds are averaged within physical path before comparison with the accepted path-level file.
5.2.2,raw_replications_to_path_seed_aggregation,Reactive,test_079_bce06ca59758,,0.0,1e-06,PASS,Three learning seeds are averaged within physical path before comparison with the accepted path-level file.
5.2.2,raw_replications_to_path_seed_aggregation,Reactive,test_080_e669407a98d7,,0.0,1e-06,PASS,Three learning seeds are averaged within physical path before comparison with the accepted path-level file.
5.2.2,raw_replications_to_path_seed_aggregation,Reactive,test_081_fbbd80304765,,0.0,1e-06,PASS,Three learning seeds are averaged within physical path before comparison with the accepted path-level file.
5.2.2,raw_replications_to_path_seed_aggregation,Reactive,test_082_2cf496ac3a99,,0.0,1e-06,PASS,Three learning seeds are averaged within physical path before comparison with the accepted path-level file.
5.2.2,raw_replications_to_path_seed_aggregation,Reactive,test_083_4cbdde5f376f,,0.0,1e-06,PASS,Three learning seeds are averaged within physical path before comparison with the accepted path-level file.
5.2.2,raw_replications_to_path_seed_aggregation,Reactive,test_084_513eb18f351c,,0.0,1e-06,PASS,Three learning seeds are averaged within physical path before comparison with the accepted path-level file.
5.2.2,raw_replications_to_path_seed_aggregation,Reactive,test_085_650c50514b66,,0.0,1e-06,PASS,Three learning seeds are averaged within physical path before comparison with the accepted path-level file.
5.2.2,raw_replications_to_path_seed_aggregation,Reactive,test_086_754dc8e1ab0e,,0.0,1e-06,PASS,Three learning seeds are averaged within physical path before comparison with the accepted path-level file.
5.2.2,raw_replications_to_path_seed_aggregation,Reactive,test_087_cbc79ee243dd,,4.547473508864641e-13,1e-06,PASS,Three learning seeds are averaged within physical path before comparison with the accepted path-level file.
5.2.2,raw_replications_to_path_seed_aggregation,Vanilla SAC,test_000_4ae657b9eeec,,1.8189894035458565e-12,1e-06,PASS,Three learning seeds are averaged within physical path before comparison with the accepted path-level file.
5.2.2,raw_replications_to_path_seed_aggregation,Vanilla SAC,test_001_dde9993de777,,7.275957614183426e-12,1e-06,PASS,Three learning seeds are averaged within physical path before comparison with the accepted path-level file.
5.2.2,raw_replications_to_path_seed_aggregation,Vanilla SAC,test_002_f01217ab0e79,,2.9103830456733704e-11,1e-06,PASS,Three learning seeds are averaged within physical path before comparison with the accepted path-level file.
5.2.2,raw_replications_to_path_seed_aggregation,Vanilla SAC,test_003_eb3106001035,,4.547473508864641e-13,1e-06,PASS,Three learning seeds are averaged within physical path before comparison with the accepted path-level file.
5.2.2,raw_replications_to_path_seed_aggregation,Vanilla SAC,test_004_55a330aff5c4,,1.8189894035458565e-12,1e-06,PASS,Three learning seeds are averaged within physical path before comparison with the accepted path-level file.
5.2.2,raw_replications_to_path_seed_aggregation,Vanilla SAC,test_005_981c73a17708,,2.9103830456733704e-11,1e-06,PASS,Three learning seeds are averaged within physical path before comparison with the accepted path-level file.
5.2.2,raw_replications_to_path_seed_aggregation,Vanilla SAC,test_006_daba4b1e9814,,2.9103830456733704e-11,1e-06,PASS,Three learning seeds are averaged within physical path before comparison with the accepted path-level file.
5.2.2,raw_replications_to_path_seed_aggregation,Vanilla SAC,test_007_925513ee8ec6,,1.8189894035458565e-12,1e-06,PASS,Three learning seeds are averaged within physical path before comparison with the accepted path-level file.
5.2.2,raw_replications_to_path_seed_aggregation,Vanilla SAC,test_008_fabe46a0ea00,,2.9103830456733704e-11,1e-06,PASS,Three learning seeds are averaged within physical path before comparison with the accepted path-level file.
5.2.2,raw_replications_to_path_seed_aggregation,Vanilla SAC,test_009_c8ef87e47101,,2.9103830456733704e-11,1e-06,PASS,Three learning seeds are averaged within physical path before comparison with the accepted path-level file.
5.2.2,raw_replications_to_path_seed_aggregation,Vanilla SAC,test_010_613ab99db82c,,3.3393426912553537e-17,1e-06,PASS,Three learning seeds are averaged within physical path before comparison with the accepted path-level file.
5.2.2,raw_replications_to_path_seed_aggregation,Vanilla SAC,test_011_8a2e74b38d5d,,2.9103830456733704e-11,1e-06,PASS,Three learning seeds are averaged within physical path before comparison with the accepted path-level file.
5.2.2,raw_replications_to_path_seed_aggregation,Vanilla SAC,test_012_b6bdc05b20a7,,1.8189894035458565e-12,1e-06,PASS,Three learning seeds are averaged within physical path before comparison with the accepted path-level file.
5.2.2,raw_replications_to_path_seed_aggregation,Vanilla SAC,test_013_040653995d85,,1.8189894035458565e-12,1e-06,PASS,Three learning seeds are averaged within physical path before comparison with the accepted path-level file.
5.2.2,raw_replications_to_path_seed_aggregation,Vanilla SAC,test_014_f00647451070,,4.440892098500626e-16,1e-06,PASS,Three learning seeds are averaged within physical path before comparison with the accepted path-level file.
5.2.2,raw_replications_to_path_seed_aggregation,Vanilla SAC,test_015_643a837775f9,,1.8189894035458565e-12,1e-06,PASS,Three learning seeds are averaged within physical path before comparison with the accepted path-level file.
5.2.2,raw_replications_to_path_seed_aggregation,Vanilla SAC,test_016_45a90ccef8bd,,2.9103830456733704e-11,1e-06,PASS,Three learning seeds are averaged within physical path before comparison with the accepted path-level file.
5.2.2,raw_replications_to_path_seed_aggregation,Vanilla SAC,test_017_ebd333a3cdba,,2.9103830456733704e-11,1e-06,PASS,Three learning seeds are averaged within physical path before comparison with the accepted path-level file.
5.2.2,raw_replications_to_path_seed_aggregation,Vanilla SAC,test_018_9466cee538c9,,1.8189894035458565e-12,1e-06,PASS,Three learning seeds are averaged within physical path before comparison with the accepted path-level file.
5.2.2,raw_replications_to_path_seed_aggregation,Vanilla SAC,test_019_9d2b7462a57a,,7.275957614183426e-12,1e-06,PASS,Three learning seeds are averaged within physical path before comparison with the accepted path-level file.
5.2.2,raw_replications_to_path_seed_aggregation,Vanilla SAC,test_020_701c8d28bc45,,4.547473508864641e-13,1e-06,PASS,Three learning seeds are averaged within physical path before comparison with the accepted path-level file.
5.2.2,raw_replications_to_path_seed_aggregation,Vanilla SAC,test_021_69299bc5d0bf,,7.275957614183426e-12,1e-06,PASS,Three learning seeds are averaged within physical path before comparison with the accepted path-level file.
5.2.2,raw_replications_to_path_seed_aggregation,Vanilla SAC,test_022_1b3e72c80b5f,,2.9103830456733704e-11,1e-06,PASS,Three learning seeds are averaged within physical path before comparison with the accepted path-level file.
5.2.2,raw_replications_to_path_seed_aggregation,Vanilla SAC,test_023_90a8af416c5a,,5.820766091346741e-11,1e-06,PASS,Three learning seeds are averaged within physical path before comparison with the accepted path-level file.
5.2.2,raw_replications_to_path_seed_aggregation,Vanilla SAC,test_024_e90f261f99e2,,2.9103830456733704e-11,1e-06,PASS,Three learning seeds are averaged within physical path before comparison with the accepted path-level file.
5.2.2,raw_replications_to_path_seed_aggregation,Vanilla SAC,test_025_0c3eeaae0824,,2.9103830456733704e-11,1e-06,PASS,Three learning seeds are averaged within physical path before comparison with the accepted path-level file.
5.2.2,raw_replications_to_path_seed_aggregation,Vanilla SAC,test_026_770d47ae1768,,5.820766091346741e-11,1e-06,PASS,Three learning seeds are averaged within physical path before comparison with the accepted path-level file.
5.2.2,raw_replications_to_path_seed_aggregation,Vanilla SAC,test_027_df5d670513fa,,4.547473508864641e-13,1e-06,PASS,Three learning seeds are averaged within physical path before comparison with the accepted path-level file.
5.2.2,raw_replications_to_path_seed_aggregation,Vanilla SAC,test_028_e9fb02365dd3,,2.9103830456733704e-11,1e-06,PASS,Three learning seeds are averaged within physical path before comparison with the accepted path-level file.
5.2.2,raw_replications_to_path_seed_aggregation,Vanilla SAC,test_029_b44f60718c5a,,2.9103830456733704e-11,1e-06,PASS,Three learning seeds are averaged within physical path before comparison with the accepted path-level file.
5.2.2,raw_replications_to_path_seed_aggregation,Vanilla SAC,test_030_038f4c53d11f,,1.8189894035458565e-12,1e-06,PASS,Three learning seeds are averaged within physical path before comparison with the accepted path-level file.
5.2.2,raw_replications_to_path_seed_aggregation,Vanilla SAC,test_031_0a6ff70351b5,,1.8189894035458565e-12,1e-06,PASS,Three learning seeds are averaged within physical path before comparison with the accepted path-level file.
5.2.2,raw_replications_to_path_seed_aggregation,Vanilla SAC,test_032_efdf826e6bc3,,1.8189894035458565e-12,1e-06,PASS,Three learning seeds are averaged within physical path before comparison with the accepted path-level file.
5.2.2,raw_replications_to_path_seed_aggregation,Vanilla SAC,test_033_de0c441dba67,,7.105427357601002e-15,1e-06,PASS,Three learning seeds are averaged within physical path before comparison with the accepted path-level file.
5.2.2,raw_replications_to_path_seed_aggregation,Vanilla SAC,test_034_a00d80b83640,,1.8189894035458565e-12,1e-06,PASS,Three learning seeds are averaged within physical path before comparison with the accepted path-level file.
5.2.2,raw_replications_to_path_seed_aggregation,Vanilla SAC,test_035_51fd398978b7,,1.8189894035458565e-12,1e-06,PASS,Three learning seeds are averaged within physical path before comparison with the accepted path-level file.
5.2.2,raw_replications_to_path_seed_aggregation,Vanilla SAC,test_036_7eb6ac1ca077,,2.9103830456733704e-11,1e-06,PASS,Three learning seeds are averaged within physical path before comparison with the accepted path-level file.
5.2.2,raw_replications_to_path_seed_aggregation,Vanilla SAC,test_037_f096257ecaa4,,2.2737367544323206e-13,1e-06,PASS,Three learning seeds are averaged within physical path before comparison with the accepted path-level file.
5.2.2,raw_replications_to_path_seed_aggregation,Vanilla SAC,test_038_b05abc6e01b3,,1.8189894035458565e-12,1e-06,PASS,Three learning seeds are averaged within physical path before comparison with the accepted path-level file.
5.2.2,raw_replications_to_path_seed_aggregation,Vanilla SAC,test_039_9c0d1ebe6c19,,7.275957614183426e-12,1e-06,PASS,Three learning seeds are averaged within physical path before comparison with the accepted path-level file.
5.2.2,raw_replications_to_path_seed_aggregation,Vanilla SAC,test_040_11a8950c659e,,1.8189894035458565e-12,1e-06,PASS,Three learning seeds are averaged within physical path before comparison with the accepted path-level file.
5.2.2,raw_replications_to_path_seed_aggregation,Vanilla SAC,test_041_e58f21dcc209,,1.8189894035458565e-12,1e-06,PASS,Three learning seeds are averaged within physical path before comparison with the accepted path-level file.
5.2.2,raw_replications_to_path_seed_aggregation,Vanilla SAC,test_042_a77d2ece213a,,2.2737367544323206e-13,1e-06,PASS,Three learning seeds are averaged within physical path before comparison with the accepted path-level file.
5.2.2,raw_replications_to_path_seed_aggregation,Vanilla SAC,test_043_f1174106175c,,1.8189894035458565e-12,1e-06,PASS,Three learning seeds are averaged within physical path before comparison with the accepted path-level file.
5.2.2,raw_replications_to_path_seed_aggregation,Vanilla SAC,test_044_ed401c94714a,,2.9103830456733704e-11,1e-06,PASS,Three learning seeds are averaged within physical path before comparison with the accepted path-level file.
5.2.2,raw_replications_to_path_seed_aggregation,Vanilla SAC,test_045_af7d3f616c1d,,1.8189894035458565e-12,1e-06,PASS,Three learning seeds are averaged within physical path before comparison with the accepted path-level file.
5.2.2,raw_replications_to_path_seed_aggregation,Vanilla SAC,test_046_e35b743e6617,,2.9103830456733704e-11,1e-06,PASS,Three learning seeds are averaged within physical path before comparison with the accepted path-level file.
5.2.2,raw_replications_to_path_seed_aggregation,Vanilla SAC,test_047_20c1f89391c1,,1.8189894035458565e-12,1e-06,PASS,Three learning seeds are averaged within physical path before comparison with the accepted path-level file.
5.2.2,raw_replications_to_path_seed_aggregation,Vanilla SAC,test_048_eeaf6a6a0a15,,5.820766091346741e-11,1e-06,PASS,Three learning seeds are averaged within physical path before comparison with the accepted path-level file.
5.2.2,raw_replications_to_path_seed_aggregation,Vanilla SAC,test_049_343da3774e7e,,9.974659986866641e-17,1e-06,PASS,Three learning seeds are averaged within physical path before comparison with the accepted path-level file.
5.2.2,raw_replications_to_path_seed_aggregation,Vanilla SAC,test_050_1c7612d8bc63,,5.820766091346741e-11,1e-06,PASS,Three learning seeds are averaged within physical path before comparison with the accepted path-level file.
5.2.2,raw_replications_to_path_seed_aggregation,Vanilla SAC,test_051_5747c87e6d9a,,3.3393426912553537e-17,1e-06,PASS,Three learning seeds are averaged within physical path before comparison with the accepted path-level file.
5.2.2,raw_replications_to_path_seed_aggregation,Vanilla SAC,test_052_9760565f31de,,9.094947017729282e-13,1e-06,PASS,Three learning seeds are averaged within physical path before comparison with the accepted path-level file.
5.2.2,raw_replications_to_path_seed_aggregation,Vanilla SAC,test_053_4473e6f72168,,1.8189894035458565e-12,1e-06,PASS,Three learning seeds are averaged within physical path before comparison with the accepted path-level file.
5.2.2,raw_replications_to_path_seed_aggregation,Vanilla SAC,test_054_c66f0b1dacc4,,2.9103830456733704e-11,1e-06,PASS,Three learning seeds are averaged within physical path before comparison with the accepted path-level file.
5.2.2,raw_replications_to_path_seed_aggregation,Vanilla SAC,test_055_f90330578051,,1.8189894035458565e-12,1e-06,PASS,Three learning seeds are averaged within physical path before comparison with the accepted path-level file.
5.2.2,raw_replications_to_path_seed_aggregation,Vanilla SAC,test_056_b2c64046cef9,,1.8189894035458565e-12,1e-06,PASS,Three learning seeds are averaged within physical path before comparison with the accepted path-level file.
5.2.2,raw_replications_to_path_seed_aggregation,Vanilla SAC,test_057_bf11b8e004e2,,1.8189894035458565e-12,1e-06,PASS,Three learning seeds are averaged within physical path before comparison with the accepted path-level file.
5.2.2,raw_replications_to_path_seed_aggregation,Vanilla SAC,test_058_fbcfbffca03e,,1.8189894035458565e-12,1e-06,PASS,Three learning seeds are averaged within physical path before comparison with the accepted path-level file.
5.2.2,raw_replications_to_path_seed_aggregation,Vanilla SAC,test_059_d22925a9593f,,1.8189894035458565e-12,1e-06,PASS,Three learning seeds are averaged within physical path before comparison with the accepted path-level file.
5.2.2,raw_replications_to_path_seed_aggregation,Vanilla SAC,test_060_b3feb9e274c2,,2.9103830456733704e-11,1e-06,PASS,Three learning seeds are averaged within physical path before comparison with the accepted path-level file.
5.2.2,raw_replications_to_path_seed_aggregation,Vanilla SAC,test_061_627abde70c26,,6.657001339060997e-17,1e-06,PASS,Three learning seeds are averaged within physical path before comparison with the accepted path-level file.
5.2.2,raw_replications_to_path_seed_aggregation,Vanilla SAC,test_062_0c9ea14e9507,,1.8189894035458565e-12,1e-06,PASS,Three learning seeds are averaged within physical path before comparison with the accepted path-level file.
5.2.2,raw_replications_to_path_seed_aggregation,Vanilla SAC,test_063_44f0f2a191ef,,2.9103830456733704e-11,1e-06,PASS,Three learning seeds are averaged within physical path before comparison with the accepted path-level file.
5.2.2,raw_replications_to_path_seed_aggregation,Vanilla SAC,test_064_27d69866b791,,2.9103830456733704e-11,1e-06,PASS,Three learning seeds are averaged within physical path before comparison with the accepted path-level file.
5.2.2,raw_replications_to_path_seed_aggregation,Vanilla SAC,test_065_930038cc16e9,,3.3393426912553537e-17,1e-06,PASS,Three learning seeds are averaged within physical path before comparison with the accepted path-level file.
5.2.2,raw_replications_to_path_seed_aggregation,Vanilla SAC,test_066_28fb87ba4913,,2.9103830456733704e-11,1e-06,PASS,Three learning seeds are averaged within physical path before comparison with the accepted path-level file.
5.2.2,raw_replications_to_path_seed_aggregation,Vanilla SAC,test_067_4d46fa716471,,2.9103830456733704e-11,1e-06,PASS,Three learning seeds are averaged within physical path before comparison with the accepted path-level file.
5.2.2,raw_replications_to_path_seed_aggregation,Vanilla SAC,test_068_93da1d4ae1ba,,6.678685382510707e-17,1e-06,PASS,Three learning seeds are averaged within physical path before comparison with the accepted path-level file.
5.2.2,raw_replications_to_path_seed_aggregation,Vanilla SAC,test_069_5b01ea54b2fa,,2.9103830456733704e-11,1e-06,PASS,Three learning seeds are averaged within physical path before comparison with the accepted path-level file.
5.2.2,raw_replications_to_path_seed_aggregation,Vanilla SAC,test_070_0cd9bcac96c3,,2.9103830456733704e-11,1e-06,PASS,Three learning seeds are averaged within physical path before comparison with the accepted path-level file.
5.2.2,raw_replications_to_path_seed_aggregation,Vanilla SAC,test_071_34f77888383f,,7.275957614183426e-12,1e-06,PASS,Three learning seeds are averaged within physical path before comparison with the accepted path-level file.
5.2.2,raw_replications_to_path_seed_aggregation,Vanilla SAC,test_072_8e59fac0e6c8,,1.8189894035458565e-12,1e-06,PASS,Three learning seeds are averaged within physical path before comparison with the accepted path-level file.
5.2.2,raw_replications_to_path_seed_aggregation,Vanilla SAC,test_073_69349232969b,,2.9103830456733704e-11,1e-06,PASS,Three learning seeds are averaged within physical path before comparison with the accepted path-level file.
5.2.2,raw_replications_to_path_seed_aggregation,Vanilla SAC,test_074_212affc962e2,,2.9103830456733704e-11,1e-06,PASS,Three learning seeds are averaged within physical path before comparison with the accepted path-level file.
5.2.2,raw_replications_to_path_seed_aggregation,Vanilla SAC,test_075_8de4e41c7ad9,,2.9103830456733704e-11,1e-06,PASS,Three learning seeds are averaged within physical path before comparison with the accepted path-level file.
5.2.2,raw_replications_to_path_seed_aggregation,Vanilla SAC,test_076_48339f21c8ec,,2.2737367544323206e-13,1e-06,PASS,Three learning seeds are averaged within physical path before comparison with the accepted path-level file.
5.2.2,raw_replications_to_path_seed_aggregation,Vanilla SAC,test_077_b1f2e84dc844,,7.275957614183426e-12,1e-06,PASS,Three learning seeds are averaged within physical path before comparison with the accepted path-level file.
5.2.2,raw_replications_to_path_seed_aggregation,Vanilla SAC,test_078_367d379a9297,,2.9103830456733704e-11,1e-06,PASS,Three learning seeds are averaged within physical path before comparison with the accepted path-level file.
5.2.2,raw_replications_to_path_seed_aggregation,Vanilla SAC,test_079_bce06ca59758,,6.678685382510707e-17,1e-06,PASS,Three learning seeds are averaged within physical path before comparison with the accepted path-level file.
5.2.2,raw_replications_to_path_seed_aggregation,Vanilla SAC,test_080_e669407a98d7,,2.9103830456733704e-11,1e-06,PASS,Three learning seeds are averaged within physical path before comparison with the accepted path-level file.
5.2.2,raw_replications_to_path_seed_aggregation,Vanilla SAC,test_081_fbbd80304765,,7.105427357601002e-15,1e-06,PASS,Three learning seeds are averaged within physical path before comparison with the accepted path-level file.
5.2.2,raw_replications_to_path_seed_aggregation,Vanilla SAC,test_082_2cf496ac3a99,,1.8189894035458565e-12,1e-06,PASS,Three learning seeds are averaged within physical path before comparison with the accepted path-level file.
5.2.2,raw_replications_to_path_seed_aggregation,Vanilla SAC,test_083_4cbdde5f376f,,2.9103830456733704e-11,1e-06,PASS,Three learning seeds are averaged within physical path before comparison with the accepted path-level file.
5.2.2,raw_replications_to_path_seed_aggregation,Vanilla SAC,test_084_513eb18f351c,,2.9103830456733704e-11,1e-06,PASS,Three learning seeds are averaged within physical path before comparison with the accepted path-level file.
5.2.2,raw_replications_to_path_seed_aggregation,Vanilla SAC,test_085_650c50514b66,,2.9103830456733704e-11,1e-06,PASS,Three learning seeds are averaged within physical path before comparison with the accepted path-level file.
5.2.2,raw_replications_to_path_seed_aggregation,Vanilla SAC,test_086_754dc8e1ab0e,,1.8189894035458565e-12,1e-06,PASS,Three learning seeds are averaged within physical path before comparison with the accepted path-level file.
5.2.2,raw_replications_to_path_seed_aggregation,Vanilla SAC,test_087_cbc79ee243dd,,1.8189894035458565e-12,1e-06,PASS,Three learning seeds are averaged within physical path before comparison with the accepted path-level file.
5.2.3,full_action_path_replay,Model-guided constrained SAC,test_000_4ae657b9eeec,301721597.0,1.4551915228366852e-11,1e-06,PASS,Frozen full-action mechanism replay against accepted 5.2.2 trajectory.
5.2.3,full_action_path_replay,Model-guided constrained SAC,test_000_4ae657b9eeec,554911178.0,1.4551915228366852e-11,1e-06,PASS,Frozen full-action mechanism replay against accepted 5.2.2 trajectory.
5.2.3,full_action_path_replay,Model-guided constrained SAC,test_000_4ae657b9eeec,1600960620.0,1.4551915228366852e-11,1e-06,PASS,Frozen full-action mechanism replay against accepted 5.2.2 trajectory.
5.2.3,full_action_path_replay,Model-guided constrained SAC,test_001_dde9993de777,301721597.0,2.9103830456733704e-11,1e-06,PASS,Frozen full-action mechanism replay against accepted 5.2.2 trajectory.
5.2.3,full_action_path_replay,Model-guided constrained SAC,test_001_dde9993de777,554911178.0,2.9103830456733704e-11,1e-06,PASS,Frozen full-action mechanism replay against accepted 5.2.2 trajectory.
5.2.3,full_action_path_replay,Model-guided constrained SAC,test_001_dde9993de777,1600960620.0,2.273736754432321e-13,1e-06,PASS,Frozen full-action mechanism replay against accepted 5.2.2 trajectory.
5.2.3,full_action_path_replay,Model-guided constrained SAC,test_002_f01217ab0e79,301721597.0,1.4551915228366852e-11,1e-06,PASS,Frozen full-action mechanism replay against accepted 5.2.2 trajectory.
5.2.3,full_action_path_replay,Model-guided constrained SAC,test_002_f01217ab0e79,554911178.0,1.4551915228366852e-11,1e-06,PASS,Frozen full-action mechanism replay against accepted 5.2.2 trajectory.
5.2.3,full_action_path_replay,Model-guided constrained SAC,test_002_f01217ab0e79,1600960620.0,1.4551915228366852e-11,1e-06,PASS,Frozen full-action mechanism replay against accepted 5.2.2 trajectory.
5.2.3,full_action_path_replay,Model-guided constrained SAC,test_003_eb3106001035,301721597.0,1.4551915228366852e-11,1e-06,PASS,Frozen full-action mechanism replay against accepted 5.2.2 trajectory.
5.2.3,full_action_path_replay,Model-guided constrained SAC,test_003_eb3106001035,554911178.0,1.8189894035458565e-12,1e-06,PASS,Frozen full-action mechanism replay against accepted 5.2.2 trajectory.
5.2.3,full_action_path_replay,Model-guided constrained SAC,test_003_eb3106001035,1600960620.0,2.9103830456733704e-11,1e-06,PASS,Frozen full-action mechanism replay against accepted 5.2.2 trajectory.
5.2.3,full_action_path_replay,Model-guided constrained SAC,test_004_55a330aff5c4,301721597.0,1.5178830414797062e-17,1e-06,PASS,Frozen full-action mechanism replay against accepted 5.2.2 trajectory.
5.2.3,full_action_path_replay,Model-guided constrained SAC,test_004_55a330aff5c4,554911178.0,1.4551915228366852e-11,1e-06,PASS,Frozen full-action mechanism replay against accepted 5.2.2 trajectory.
5.2.3,full_action_path_replay,Model-guided constrained SAC,test_004_55a330aff5c4,1600960620.0,1.4551915228366852e-11,1e-06,PASS,Frozen full-action mechanism replay against accepted 5.2.2 trajectory.
5.2.3,full_action_path_replay,Model-guided constrained SAC,test_005_981c73a17708,301721597.0,1.4551915228366852e-11,1e-06,PASS,Frozen full-action mechanism replay against accepted 5.2.2 trajectory.
5.2.3,full_action_path_replay,Model-guided constrained SAC,test_005_981c73a17708,554911178.0,1.4551915228366852e-11,1e-06,PASS,Frozen full-action mechanism replay against accepted 5.2.2 trajectory.
5.2.3,full_action_path_replay,Model-guided constrained SAC,test_005_981c73a17708,1600960620.0,1.4551915228366852e-11,1e-06,PASS,Frozen full-action mechanism replay against accepted 5.2.2 trajectory.
5.2.3,full_action_path_replay,Model-guided constrained SAC,test_006_daba4b1e9814,301721597.0,1.4551915228366852e-11,1e-06,PASS,Frozen full-action mechanism replay against accepted 5.2.2 trajectory.
5.2.3,full_action_path_replay,Model-guided constrained SAC,test_006_daba4b1e9814,554911178.0,1.4551915228366852e-11,1e-06,PASS,Frozen full-action mechanism replay against accepted 5.2.2 trajectory.
5.2.3,full_action_path_replay,Model-guided constrained SAC,test_006_daba4b1e9814,1600960620.0,1.4551915228366852e-11,1e-06,PASS,Frozen full-action mechanism replay against accepted 5.2.2 trajectory.
5.2.3,full_action_path_replay,Model-guided constrained SAC,test_007_925513ee8ec6,301721597.0,1.4551915228366852e-11,1e-06,PASS,Frozen full-action mechanism replay against accepted 5.2.2 trajectory.
5.2.3,full_action_path_replay,Model-guided constrained SAC,test_007_925513ee8ec6,554911178.0,9.094947017729282e-13,1e-06,PASS,Frozen full-action mechanism replay against accepted 5.2.2 trajectory.
5.2.3,full_action_path_replay,Model-guided constrained SAC,test_007_925513ee8ec6,1600960620.0,2.9103830456733704e-11,1e-06,PASS,Frozen full-action mechanism replay against accepted 5.2.2 trajectory.
5.2.3,full_action_path_replay,Model-guided constrained SAC,test_008_fabe46a0ea00,301721597.0,9.094947017729282e-13,1e-06,PASS,Frozen full-action mechanism replay against accepted 5.2.2 trajectory.
5.2.3,full_action_path_replay,Model-guided constrained SAC,test_008_fabe46a0ea00,554911178.0,9.094947017729282e-13,1e-06,PASS,Frozen full-action mechanism replay against accepted 5.2.2 trajectory.
5.2.3,full_action_path_replay,Model-guided constrained SAC,test_008_fabe46a0ea00,1600960620.0,1.4551915228366852e-11,1e-06,PASS,Frozen full-action mechanism replay against accepted 5.2.2 trajectory.
5.2.3,full_action_path_replay,Model-guided constrained SAC,test_009_c8ef87e47101,301721597.0,1.8189894035458565e-12,1e-06,PASS,Frozen full-action mechanism replay against accepted 5.2.2 trajectory.
5.2.3,full_action_path_replay,Model-guided constrained SAC,test_009_c8ef87e47101,554911178.0,4.547473508864641e-13,1e-06,PASS,Frozen full-action mechanism replay against accepted 5.2.2 trajectory.
5.2.3,full_action_path_replay,Model-guided constrained SAC,test_009_c8ef87e47101,1600960620.0,1.4551915228366852e-11,1e-06,PASS,Frozen full-action mechanism replay against accepted 5.2.2 trajectory.
5.2.3,full_action_path_replay,Model-guided constrained SAC,test_010_613ab99db82c,301721597.0,1.4551915228366852e-11,1e-06,PASS,Frozen full-action mechanism replay against accepted 5.2.2 trajectory.
5.2.3,full_action_path_replay,Model-guided constrained SAC,test_010_613ab99db82c,554911178.0,1.4551915228366852e-11,1e-06,PASS,Frozen full-action mechanism replay against accepted 5.2.2 trajectory.
5.2.3,full_action_path_replay,Model-guided constrained SAC,test_010_613ab99db82c,1600960620.0,9.094947017729282e-13,1e-06,PASS,Frozen full-action mechanism replay against accepted 5.2.2 trajectory.
5.2.3,full_action_path_replay,Model-guided constrained SAC,test_011_8a2e74b38d5d,301721597.0,1.4551915228366852e-11,1e-06,PASS,Frozen full-action mechanism replay against accepted 5.2.2 trajectory.
5.2.3,full_action_path_replay,Model-guided constrained SAC,test_011_8a2e74b38d5d,554911178.0,1.4551915228366852e-11,1e-06,PASS,Frozen full-action mechanism replay against accepted 5.2.2 trajectory.
5.2.3,full_action_path_replay,Model-guided constrained SAC,test_011_8a2e74b38d5d,1600960620.0,4.365574568510056e-11,1e-06,PASS,Frozen full-action mechanism replay against accepted 5.2.2 trajectory.
5.2.3,full_action_path_replay,Model-guided constrained SAC,test_012_b6bdc05b20a7,301721597.0,2.9103830456733704e-11,1e-06,PASS,Frozen full-action mechanism replay against accepted 5.2.2 trajectory.
5.2.3,full_action_path_replay,Model-guided constrained SAC,test_012_b6bdc05b20a7,554911178.0,9.094947017729282e-13,1e-06,PASS,Frozen full-action mechanism replay against accepted 5.2.2 trajectory.
5.2.3,full_action_path_replay,Model-guided constrained SAC,test_012_b6bdc05b20a7,1600960620.0,1.4551915228366852e-11,1e-06,PASS,Frozen full-action mechanism replay against accepted 5.2.2 trajectory.
5.2.3,full_action_path_replay,Model-guided constrained SAC,test_013_040653995d85,301721597.0,4.547473508864641e-13,1e-06,PASS,Frozen full-action mechanism replay against accepted 5.2.2 trajectory.
5.2.3,full_action_path_replay,Model-guided constrained SAC,test_013_040653995d85,554911178.0,4.547473508864641e-13,1e-06,PASS,Frozen full-action mechanism replay against accepted 5.2.2 trajectory.
5.2.3,full_action_path_replay,Model-guided constrained SAC,test_013_040653995d85,1600960620.0,1.4551915228366852e-11,1e-06,PASS,Frozen full-action mechanism replay against accepted 5.2.2 trajectory.
5.2.3,full_action_path_replay,Model-guided constrained SAC,test_014_f00647451070,301721597.0,1.4551915228366852e-11,1e-06,PASS,Frozen full-action mechanism replay against accepted 5.2.2 trajectory.
5.2.3,full_action_path_replay,Model-guided constrained SAC,test_014_f00647451070,554911178.0,1.4551915228366852e-11,1e-06,PASS,Frozen full-action mechanism replay against accepted 5.2.2 trajectory.
5.2.3,full_action_path_replay,Model-guided constrained SAC,test_014_f00647451070,1600960620.0,1.4551915228366852e-11,1e-06,PASS,Frozen full-action mechanism replay against accepted 5.2.2 trajectory.
5.2.3,full_action_path_replay,Model-guided constrained SAC,test_015_643a837775f9,301721597.0,1.4551915228366852e-11,1e-06,PASS,Frozen full-action mechanism replay against accepted 5.2.2 trajectory.
5.2.3,full_action_path_replay,Model-guided constrained SAC,test_015_643a837775f9,554911178.0,1.4551915228366852e-11,1e-06,PASS,Frozen full-action mechanism replay against accepted 5.2.2 trajectory.
5.2.3,full_action_path_replay,Model-guided constrained SAC,test_015_643a837775f9,1600960620.0,1.4551915228366852e-11,1e-06,PASS,Frozen full-action mechanism replay against accepted 5.2.2 trajectory.
5.2.3,full_action_path_replay,Model-guided constrained SAC,test_016_45a90ccef8bd,301721597.0,1.4551915228366852e-11,1e-06,PASS,Frozen full-action mechanism replay against accepted 5.2.2 trajectory.
5.2.3,full_action_path_replay,Model-guided constrained SAC,test_016_45a90ccef8bd,554911178.0,1.8189894035458565e-12,1e-06,PASS,Frozen full-action mechanism replay against accepted 5.2.2 trajectory.
5.2.3,full_action_path_replay,Model-guided constrained SAC,test_016_45a90ccef8bd,1600960620.0,4.365574568510056e-11,1e-06,PASS,Frozen full-action mechanism replay against accepted 5.2.2 trajectory.
5.2.3,full_action_path_replay,Model-guided constrained SAC,test_017_ebd333a3cdba,301721597.0,1.4551915228366852e-11,1e-06,PASS,Frozen full-action mechanism replay against accepted 5.2.2 trajectory.
5.2.3,full_action_path_replay,Model-guided constrained SAC,test_017_ebd333a3cdba,554911178.0,1.4551915228366852e-11,1e-06,PASS,Frozen full-action mechanism replay against accepted 5.2.2 trajectory.
5.2.3,full_action_path_replay,Model-guided constrained SAC,test_017_ebd333a3cdba,1600960620.0,2.9103830456733704e-11,1e-06,PASS,Frozen full-action mechanism replay against accepted 5.2.2 trajectory.
5.2.3,full_action_path_replay,Model-guided constrained SAC,test_018_9466cee538c9,301721597.0,1.4551915228366852e-11,1e-06,PASS,Frozen full-action mechanism replay against accepted 5.2.2 trajectory.
5.2.3,full_action_path_replay,Model-guided constrained SAC,test_018_9466cee538c9,554911178.0,1.4551915228366852e-11,1e-06,PASS,Frozen full-action mechanism replay against accepted 5.2.2 trajectory.
5.2.3,full_action_path_replay,Model-guided constrained SAC,test_018_9466cee538c9,1600960620.0,1.4551915228366852e-11,1e-06,PASS,Frozen full-action mechanism replay against accepted 5.2.2 trajectory.
5.2.3,full_action_path_replay,Model-guided constrained SAC,test_019_9d2b7462a57a,301721597.0,1.4551915228366852e-11,1e-06,PASS,Frozen full-action mechanism replay against accepted 5.2.2 trajectory.
5.2.3,full_action_path_replay,Model-guided constrained SAC,test_019_9d2b7462a57a,554911178.0,2.9103830456733704e-11,1e-06,PASS,Frozen full-action mechanism replay against accepted 5.2.2 trajectory.
5.2.3,full_action_path_replay,Model-guided constrained SAC,test_019_9d2b7462a57a,1600960620.0,1.4551915228366852e-11,1e-06,PASS,Frozen full-action mechanism replay against accepted 5.2.2 trajectory.
5.2.3,full_action_path_replay,Model-guided constrained SAC,test_020_701c8d28bc45,301721597.0,4.547473508864641e-13,1e-06,PASS,Frozen full-action mechanism replay against accepted 5.2.2 trajectory.
5.2.3,full_action_path_replay,Model-guided constrained SAC,test_020_701c8d28bc45,554911178.0,1.4551915228366852e-11,1e-06,PASS,Frozen full-action mechanism replay against accepted 5.2.2 trajectory.
5.2.3,full_action_path_replay,Model-guided constrained SAC,test_020_701c8d28bc45,1600960620.0,1.4551915228366852e-11,1e-06,PASS,Frozen full-action mechanism replay against accepted 5.2.2 trajectory.
5.2.3,full_action_path_replay,Model-guided constrained SAC,test_021_69299bc5d0bf,301721597.0,1.4551915228366852e-11,1e-06,PASS,Frozen full-action mechanism replay against accepted 5.2.2 trajectory.
5.2.3,full_action_path_replay,Model-guided constrained SAC,test_021_69299bc5d0bf,554911178.0,1.4551915228366852e-11,1e-06,PASS,Frozen full-action mechanism replay against accepted 5.2.2 trajectory.
5.2.3,full_action_path_replay,Model-guided constrained SAC,test_021_69299bc5d0bf,1600960620.0,4.547473508864641e-13,1e-06,PASS,Frozen full-action mechanism replay against accepted 5.2.2 trajectory.
5.2.3,full_action_path_replay,Model-guided constrained SAC,test_022_1b3e72c80b5f,301721597.0,2.273736754432321e-13,1e-06,PASS,Frozen full-action mechanism replay against accepted 5.2.2 trajectory.
5.2.3,full_action_path_replay,Model-guided constrained SAC,test_022_1b3e72c80b5f,554911178.0,1.4551915228366852e-11,1e-06,PASS,Frozen full-action mechanism replay against accepted 5.2.2 trajectory.
5.2.3,full_action_path_replay,Model-guided constrained SAC,test_022_1b3e72c80b5f,1600960620.0,1.4551915228366852e-11,1e-06,PASS,Frozen full-action mechanism replay against accepted 5.2.2 trajectory.
5.2.3,full_action_path_replay,Model-guided constrained SAC,test_023_90a8af416c5a,301721597.0,1.8189894035458565e-12,1e-06,PASS,Frozen full-action mechanism replay against accepted 5.2.2 trajectory.
5.2.3,full_action_path_replay,Model-guided constrained SAC,test_023_90a8af416c5a,554911178.0,2.273736754432321e-13,1e-06,PASS,Frozen full-action mechanism replay against accepted 5.2.2 trajectory.
5.2.3,full_action_path_replay,Model-guided constrained SAC,test_023_90a8af416c5a,1600960620.0,2.9103830456733704e-11,1e-06,PASS,Frozen full-action mechanism replay against accepted 5.2.2 trajectory.
5.2.3,full_action_path_replay,Model-guided constrained SAC,test_024_e90f261f99e2,301721597.0,1.4551915228366852e-11,1e-06,PASS,Frozen full-action mechanism replay against accepted 5.2.2 trajectory.
5.2.3,full_action_path_replay,Model-guided constrained SAC,test_024_e90f261f99e2,554911178.0,2.9103830456733704e-11,1e-06,PASS,Frozen full-action mechanism replay against accepted 5.2.2 trajectory.
5.2.3,full_action_path_replay,Model-guided constrained SAC,test_024_e90f261f99e2,1600960620.0,1.4551915228366852e-11,1e-06,PASS,Frozen full-action mechanism replay against accepted 5.2.2 trajectory.
5.2.3,full_action_path_replay,Model-guided constrained SAC,test_025_0c3eeaae0824,301721597.0,1.4551915228366852e-11,1e-06,PASS,Frozen full-action mechanism replay against accepted 5.2.2 trajectory.
5.2.3,full_action_path_replay,Model-guided constrained SAC,test_025_0c3eeaae0824,554911178.0,1.4551915228366852e-11,1e-06,PASS,Frozen full-action mechanism replay against accepted 5.2.2 trajectory.
5.2.3,full_action_path_replay,Model-guided constrained SAC,test_025_0c3eeaae0824,1600960620.0,1.4551915228366852e-11,1e-06,PASS,Frozen full-action mechanism replay against accepted 5.2.2 trajectory.
5.2.3,full_action_path_replay,Model-guided constrained SAC,test_026_770d47ae1768,301721597.0,1.4551915228366852e-11,1e-06,PASS,Frozen full-action mechanism replay against accepted 5.2.2 trajectory.
5.2.3,full_action_path_replay,Model-guided constrained SAC,test_026_770d47ae1768,554911178.0,1.4551915228366852e-11,1e-06,PASS,Frozen full-action mechanism replay against accepted 5.2.2 trajectory.
5.2.3,full_action_path_replay,Model-guided constrained SAC,test_026_770d47ae1768,1600960620.0,4.365574568510056e-11,1e-06,PASS,Frozen full-action mechanism replay against accepted 5.2.2 trajectory.
5.2.3,full_action_path_replay,Model-guided constrained SAC,test_027_df5d670513fa,301721597.0,1.4551915228366852e-11,1e-06,PASS,Frozen full-action mechanism replay against accepted 5.2.2 trajectory.
5.2.3,full_action_path_replay,Model-guided constrained SAC,test_027_df5d670513fa,554911178.0,1.4551915228366852e-11,1e-06,PASS,Frozen full-action mechanism replay against accepted 5.2.2 trajectory.
5.2.3,full_action_path_replay,Model-guided constrained SAC,test_027_df5d670513fa,1600960620.0,2.9103830456733704e-11,1e-06,PASS,Frozen full-action mechanism replay against accepted 5.2.2 trajectory.
5.2.3,full_action_path_replay,Model-guided constrained SAC,test_028_e9fb02365dd3,301721597.0,1.4551915228366852e-11,1e-06,PASS,Frozen full-action mechanism replay against accepted 5.2.2 trajectory.
5.2.3,full_action_path_replay,Model-guided constrained SAC,test_028_e9fb02365dd3,554911178.0,2.9103830456733704e-11,1e-06,PASS,Frozen full-action mechanism replay against accepted 5.2.2 trajectory.
5.2.3,full_action_path_replay,Model-guided constrained SAC,test_028_e9fb02365dd3,1600960620.0,1.4551915228366852e-11,1e-06,PASS,Frozen full-action mechanism replay against accepted 5.2.2 trajectory.
5.2.3,full_action_path_replay,Model-guided constrained SAC,test_029_b44f60718c5a,301721597.0,2.9103830456733704e-11,1e-06,PASS,Frozen full-action mechanism replay against accepted 5.2.2 trajectory.
5.2.3,full_action_path_replay,Model-guided constrained SAC,test_029_b44f60718c5a,554911178.0,2.9103830456733704e-11,1e-06,PASS,Frozen full-action mechanism replay against accepted 5.2.2 trajectory.
5.2.3,full_action_path_replay,Model-guided constrained SAC,test_029_b44f60718c5a,1600960620.0,2.9103830456733704e-11,1e-06,PASS,Frozen full-action mechanism replay against accepted 5.2.2 trajectory.
5.2.3,full_action_path_replay,Model-guided constrained SAC,test_030_038f4c53d11f,301721597.0,1.4551915228366852e-11,1e-06,PASS,Frozen full-action mechanism replay against accepted 5.2.2 trajectory.
5.2.3,full_action_path_replay,Model-guided constrained SAC,test_030_038f4c53d11f,554911178.0,2.9103830456733704e-11,1e-06,PASS,Frozen full-action mechanism replay against accepted 5.2.2 trajectory.
5.2.3,full_action_path_replay,Model-guided constrained SAC,test_030_038f4c53d11f,1600960620.0,1.4551915228366852e-11,1e-06,PASS,Frozen full-action mechanism replay against accepted 5.2.2 trajectory.
5.2.3,full_action_path_replay,Model-guided constrained SAC,test_031_0a6ff70351b5,301721597.0,2.9103830456733704e-11,1e-06,PASS,Frozen full-action mechanism replay against accepted 5.2.2 trajectory.
5.2.3,full_action_path_replay,Model-guided constrained SAC,test_031_0a6ff70351b5,554911178.0,1.4551915228366852e-11,1e-06,PASS,Frozen full-action mechanism replay against accepted 5.2.2 trajectory.
5.2.3,full_action_path_replay,Model-guided constrained SAC,test_031_0a6ff70351b5,1600960620.0,1.4551915228366852e-11,1e-06,PASS,Frozen full-action mechanism replay against accepted 5.2.2 trajectory.
5.2.3,full_action_path_replay,Model-guided constrained SAC,test_032_efdf826e6bc3,301721597.0,1.4551915228366852e-11,1e-06,PASS,Frozen full-action mechanism replay against accepted 5.2.2 trajectory.
5.2.3,full_action_path_replay,Model-guided constrained SAC,test_032_efdf826e6bc3,554911178.0,1.4551915228366852e-11,1e-06,PASS,Frozen full-action mechanism replay against accepted 5.2.2 trajectory.
5.2.3,full_action_path_replay,Model-guided constrained SAC,test_032_efdf826e6bc3,1600960620.0,4.547473508864641e-13,1e-06,PASS,Frozen full-action mechanism replay against accepted 5.2.2 trajectory.
5.2.3,full_action_path_replay,Model-guided constrained SAC,test_033_de0c441dba67,301721597.0,1.4551915228366852e-11,1e-06,PASS,Frozen full-action mechanism replay against accepted 5.2.2 trajectory.
5.2.3,full_action_path_replay,Model-guided constrained SAC,test_033_de0c441dba67,554911178.0,1.4551915228366852e-11,1e-06,PASS,Frozen full-action mechanism replay against accepted 5.2.2 trajectory.
5.2.3,full_action_path_replay,Model-guided constrained SAC,test_033_de0c441dba67,1600960620.0,2.9103830456733704e-11,1e-06,PASS,Frozen full-action mechanism replay against accepted 5.2.2 trajectory.
5.2.3,full_action_path_replay,Model-guided constrained SAC,test_034_a00d80b83640,301721597.0,4.547473508864641e-13,1e-06,PASS,Frozen full-action mechanism replay against accepted 5.2.2 trajectory.
5.2.3,full_action_path_replay,Model-guided constrained SAC,test_034_a00d80b83640,554911178.0,1.4551915228366852e-11,1e-06,PASS,Frozen full-action mechanism replay against accepted 5.2.2 trajectory.
5.2.3,full_action_path_replay,Model-guided constrained SAC,test_034_a00d80b83640,1600960620.0,1.4551915228366852e-11,1e-06,PASS,Frozen full-action mechanism replay against accepted 5.2.2 trajectory.
5.2.3,full_action_path_replay,Model-guided constrained SAC,test_035_51fd398978b7,301721597.0,2.9103830456733704e-11,1e-06,PASS,Frozen full-action mechanism replay against accepted 5.2.2 trajectory.
5.2.3,full_action_path_replay,Model-guided constrained SAC,test_035_51fd398978b7,554911178.0,1.4551915228366852e-11,1e-06,PASS,Frozen full-action mechanism replay against accepted 5.2.2 trajectory.
5.2.3,full_action_path_replay,Model-guided constrained SAC,test_035_51fd398978b7,1600960620.0,1.4551915228366852e-11,1e-06,PASS,Frozen full-action mechanism replay against accepted 5.2.2 trajectory.
5.2.3,full_action_path_replay,Model-guided constrained SAC,test_036_7eb6ac1ca077,301721597.0,1.4551915228366852e-11,1e-06,PASS,Frozen full-action mechanism replay against accepted 5.2.2 trajectory.
5.2.3,full_action_path_replay,Model-guided constrained SAC,test_036_7eb6ac1ca077,554911178.0,1.4551915228366852e-11,1e-06,PASS,Frozen full-action mechanism replay against accepted 5.2.2 trajectory.
5.2.3,full_action_path_replay,Model-guided constrained SAC,test_036_7eb6ac1ca077,1600960620.0,1.4551915228366852e-11,1e-06,PASS,Frozen full-action mechanism replay against accepted 5.2.2 trajectory.
5.2.3,full_action_path_replay,Model-guided constrained SAC,test_037_f096257ecaa4,301721597.0,1.4551915228366852e-11,1e-06,PASS,Frozen full-action mechanism replay against accepted 5.2.2 trajectory.
5.2.3,full_action_path_replay,Model-guided constrained SAC,test_037_f096257ecaa4,554911178.0,1.4551915228366852e-11,1e-06,PASS,Frozen full-action mechanism replay against accepted 5.2.2 trajectory.
5.2.3,full_action_path_replay,Model-guided constrained SAC,test_037_f096257ecaa4,1600960620.0,2.9103830456733704e-11,1e-06,PASS,Frozen full-action mechanism replay against accepted 5.2.2 trajectory.
5.2.3,full_action_path_replay,Model-guided constrained SAC,test_038_b05abc6e01b3,301721597.0,1.8189894035458565e-12,1e-06,PASS,Frozen full-action mechanism replay against accepted 5.2.2 trajectory.
5.2.3,full_action_path_replay,Model-guided constrained SAC,test_038_b05abc6e01b3,554911178.0,1.4551915228366852e-11,1e-06,PASS,Frozen full-action mechanism replay against accepted 5.2.2 trajectory.
5.2.3,full_action_path_replay,Model-guided constrained SAC,test_038_b05abc6e01b3,1600960620.0,1.4551915228366852e-11,1e-06,PASS,Frozen full-action mechanism replay against accepted 5.2.2 trajectory.
5.2.3,full_action_path_replay,Model-guided constrained SAC,test_039_9c0d1ebe6c19,301721597.0,1.4551915228366852e-11,1e-06,PASS,Frozen full-action mechanism replay against accepted 5.2.2 trajectory.
5.2.3,full_action_path_replay,Model-guided constrained SAC,test_039_9c0d1ebe6c19,554911178.0,4.547473508864641e-13,1e-06,PASS,Frozen full-action mechanism replay against accepted 5.2.2 trajectory.
5.2.3,full_action_path_replay,Model-guided constrained SAC,test_039_9c0d1ebe6c19,1600960620.0,1.4551915228366852e-11,1e-06,PASS,Frozen full-action mechanism replay against accepted 5.2.2 trajectory.
5.2.3,full_action_path_replay,Model-guided constrained SAC,test_040_11a8950c659e,301721597.0,9.094947017729282e-13,1e-06,PASS,Frozen full-action mechanism replay against accepted 5.2.2 trajectory.
5.2.3,full_action_path_replay,Model-guided constrained SAC,test_040_11a8950c659e,554911178.0,1.4551915228366852e-11,1e-06,PASS,Frozen full-action mechanism replay against accepted 5.2.2 trajectory.
5.2.3,full_action_path_replay,Model-guided constrained SAC,test_040_11a8950c659e,1600960620.0,1.4551915228366852e-11,1e-06,PASS,Frozen full-action mechanism replay against accepted 5.2.2 trajectory.
5.2.3,full_action_path_replay,Model-guided constrained SAC,test_041_e58f21dcc209,301721597.0,1.4551915228366852e-11,1e-06,PASS,Frozen full-action mechanism replay against accepted 5.2.2 trajectory.
5.2.3,full_action_path_replay,Model-guided constrained SAC,test_041_e58f21dcc209,554911178.0,1.4551915228366852e-11,1e-06,PASS,Frozen full-action mechanism replay against accepted 5.2.2 trajectory.
5.2.3,full_action_path_replay,Model-guided constrained SAC,test_041_e58f21dcc209,1600960620.0,1.8189894035458565e-12,1e-06,PASS,Frozen full-action mechanism replay against accepted 5.2.2 trajectory.
5.2.3,full_action_path_replay,Model-guided constrained SAC,test_042_a77d2ece213a,301721597.0,1.4551915228366852e-11,1e-06,PASS,Frozen full-action mechanism replay against accepted 5.2.2 trajectory.
5.2.3,full_action_path_replay,Model-guided constrained SAC,test_042_a77d2ece213a,554911178.0,2.9103830456733704e-11,1e-06,PASS,Frozen full-action mechanism replay against accepted 5.2.2 trajectory.
5.2.3,full_action_path_replay,Model-guided constrained SAC,test_042_a77d2ece213a,1600960620.0,1.4551915228366852e-11,1e-06,PASS,Frozen full-action mechanism replay against accepted 5.2.2 trajectory.
5.2.3,full_action_path_replay,Model-guided constrained SAC,test_043_f1174106175c,301721597.0,1.4551915228366852e-11,1e-06,PASS,Frozen full-action mechanism replay against accepted 5.2.2 trajectory.
5.2.3,full_action_path_replay,Model-guided constrained SAC,test_043_f1174106175c,554911178.0,2.9103830456733704e-11,1e-06,PASS,Frozen full-action mechanism replay against accepted 5.2.2 trajectory.
5.2.3,full_action_path_replay,Model-guided constrained SAC,test_043_f1174106175c,1600960620.0,1.4551915228366852e-11,1e-06,PASS,Frozen full-action mechanism replay against accepted 5.2.2 trajectory.
5.2.3,full_action_path_replay,Model-guided constrained SAC,test_044_ed401c94714a,301721597.0,9.094947017729282e-13,1e-06,PASS,Frozen full-action mechanism replay against accepted 5.2.2 trajectory.
5.2.3,full_action_path_replay,Model-guided constrained SAC,test_044_ed401c94714a,554911178.0,1.4551915228366852e-11,1e-06,PASS,Frozen full-action mechanism replay against accepted 5.2.2 trajectory.
5.2.3,full_action_path_replay,Model-guided constrained SAC,test_044_ed401c94714a,1600960620.0,9.094947017729282e-13,1e-06,PASS,Frozen full-action mechanism replay against accepted 5.2.2 trajectory.
5.2.3,full_action_path_replay,Model-guided constrained SAC,test_045_af7d3f616c1d,301721597.0,1.4551915228366852e-11,1e-06,PASS,Frozen full-action mechanism replay against accepted 5.2.2 trajectory.
5.2.3,full_action_path_replay,Model-guided constrained SAC,test_045_af7d3f616c1d,554911178.0,4.547473508864641e-13,1e-06,PASS,Frozen full-action mechanism replay against accepted 5.2.2 trajectory.
5.2.3,full_action_path_replay,Model-guided constrained SAC,test_045_af7d3f616c1d,1600960620.0,9.094947017729282e-13,1e-06,PASS,Frozen full-action mechanism replay against accepted 5.2.2 trajectory.
5.2.3,full_action_path_replay,Model-guided constrained SAC,test_046_e35b743e6617,301721597.0,2.9103830456733704e-11,1e-06,PASS,Frozen full-action mechanism replay against accepted 5.2.2 trajectory.
5.2.3,full_action_path_replay,Model-guided constrained SAC,test_046_e35b743e6617,554911178.0,1.4551915228366852e-11,1e-06,PASS,Frozen full-action mechanism replay against accepted 5.2.2 trajectory.
5.2.3,full_action_path_replay,Model-guided constrained SAC,test_046_e35b743e6617,1600960620.0,4.365574568510056e-11,1e-06,PASS,Frozen full-action mechanism replay against accepted 5.2.2 trajectory.
5.2.3,full_action_path_replay,Model-guided constrained SAC,test_047_20c1f89391c1,301721597.0,1.4551915228366852e-11,1e-06,PASS,Frozen full-action mechanism replay against accepted 5.2.2 trajectory.
5.2.3,full_action_path_replay,Model-guided constrained SAC,test_047_20c1f89391c1,554911178.0,2.273736754432321e-13,1e-06,PASS,Frozen full-action mechanism replay against accepted 5.2.2 trajectory.
5.2.3,full_action_path_replay,Model-guided constrained SAC,test_047_20c1f89391c1,1600960620.0,2.9103830456733704e-11,1e-06,PASS,Frozen full-action mechanism replay against accepted 5.2.2 trajectory.
5.2.3,full_action_path_replay,Model-guided constrained SAC,test_048_eeaf6a6a0a15,301721597.0,1.4551915228366852e-11,1e-06,PASS,Frozen full-action mechanism replay against accepted 5.2.2 trajectory.
5.2.3,full_action_path_replay,Model-guided constrained SAC,test_048_eeaf6a6a0a15,554911178.0,1.4551915228366852e-11,1e-06,PASS,Frozen full-action mechanism replay against accepted 5.2.2 trajectory.
5.2.3,full_action_path_replay,Model-guided constrained SAC,test_048_eeaf6a6a0a15,1600960620.0,1.4551915228366852e-11,1e-06,PASS,Frozen full-action mechanism replay against accepted 5.2.2 trajectory.
5.2.3,full_action_path_replay,Model-guided constrained SAC,test_049_343da3774e7e,301721597.0,1.4551915228366852e-11,1e-06,PASS,Frozen full-action mechanism replay against accepted 5.2.2 trajectory.
5.2.3,full_action_path_replay,Model-guided constrained SAC,test_049_343da3774e7e,554911178.0,1.4551915228366852e-11,1e-06,PASS,Frozen full-action mechanism replay against accepted 5.2.2 trajectory.
5.2.3,full_action_path_replay,Model-guided constrained SAC,test_049_343da3774e7e,1600960620.0,4.547473508864641e-13,1e-06,PASS,Frozen full-action mechanism replay against accepted 5.2.2 trajectory.
5.2.3,full_action_path_replay,Model-guided constrained SAC,test_050_1c7612d8bc63,301721597.0,1.4551915228366852e-11,1e-06,PASS,Frozen full-action mechanism replay against accepted 5.2.2 trajectory.
5.2.3,full_action_path_replay,Model-guided constrained SAC,test_050_1c7612d8bc63,554911178.0,2.9103830456733704e-11,1e-06,PASS,Frozen full-action mechanism replay against accepted 5.2.2 trajectory.
5.2.3,full_action_path_replay,Model-guided constrained SAC,test_050_1c7612d8bc63,1600960620.0,4.547473508864641e-13,1e-06,PASS,Frozen full-action mechanism replay against accepted 5.2.2 trajectory.
5.2.3,full_action_path_replay,Model-guided constrained SAC,test_051_5747c87e6d9a,301721597.0,1.4551915228366852e-11,1e-06,PASS,Frozen full-action mechanism replay against accepted 5.2.2 trajectory.
5.2.3,full_action_path_replay,Model-guided constrained SAC,test_051_5747c87e6d9a,554911178.0,4.547473508864641e-13,1e-06,PASS,Frozen full-action mechanism replay against accepted 5.2.2 trajectory.
5.2.3,full_action_path_replay,Model-guided constrained SAC,test_051_5747c87e6d9a,1600960620.0,2.9103830456733704e-11,1e-06,PASS,Frozen full-action mechanism replay against accepted 5.2.2 trajectory.
5.2.3,full_action_path_replay,Model-guided constrained SAC,test_052_9760565f31de,301721597.0,1.4551915228366852e-11,1e-06,PASS,Frozen full-action mechanism replay against accepted 5.2.2 trajectory.
5.2.3,full_action_path_replay,Model-guided constrained SAC,test_052_9760565f31de,554911178.0,4.547473508864641e-13,1e-06,PASS,Frozen full-action mechanism replay against accepted 5.2.2 trajectory.
5.2.3,full_action_path_replay,Model-guided constrained SAC,test_052_9760565f31de,1600960620.0,2.9103830456733704e-11,1e-06,PASS,Frozen full-action mechanism replay against accepted 5.2.2 trajectory.
5.2.3,full_action_path_replay,Model-guided constrained SAC,test_053_4473e6f72168,301721597.0,1.4551915228366852e-11,1e-06,PASS,Frozen full-action mechanism replay against accepted 5.2.2 trajectory.
5.2.3,full_action_path_replay,Model-guided constrained SAC,test_053_4473e6f72168,554911178.0,1.4551915228366852e-11,1e-06,PASS,Frozen full-action mechanism replay against accepted 5.2.2 trajectory.
5.2.3,full_action_path_replay,Model-guided constrained SAC,test_053_4473e6f72168,1600960620.0,1.4551915228366852e-11,1e-06,PASS,Frozen full-action mechanism replay against accepted 5.2.2 trajectory.
5.2.3,full_action_path_replay,Model-guided constrained SAC,test_054_c66f0b1dacc4,301721597.0,1.4551915228366852e-11,1e-06,PASS,Frozen full-action mechanism replay against accepted 5.2.2 trajectory.
5.2.3,full_action_path_replay,Model-guided constrained SAC,test_054_c66f0b1dacc4,554911178.0,1.8189894035458565e-12,1e-06,PASS,Frozen full-action mechanism replay against accepted 5.2.2 trajectory.
5.2.3,full_action_path_replay,Model-guided constrained SAC,test_054_c66f0b1dacc4,1600960620.0,2.9103830456733704e-11,1e-06,PASS,Frozen full-action mechanism replay against accepted 5.2.2 trajectory.
5.2.3,full_action_path_replay,Model-guided constrained SAC,test_055_f90330578051,301721597.0,2.9103830456733704e-11,1e-06,PASS,Frozen full-action mechanism replay against accepted 5.2.2 trajectory.
5.2.3,full_action_path_replay,Model-guided constrained SAC,test_055_f90330578051,554911178.0,4.365574568510056e-11,1e-06,PASS,Frozen full-action mechanism replay against accepted 5.2.2 trajectory.
5.2.3,full_action_path_replay,Model-guided constrained SAC,test_055_f90330578051,1600960620.0,1.4551915228366852e-11,1e-06,PASS,Frozen full-action mechanism replay against accepted 5.2.2 trajectory.
5.2.3,full_action_path_replay,Model-guided constrained SAC,test_056_b2c64046cef9,301721597.0,2.8421709430404014e-14,1e-06,PASS,Frozen full-action mechanism replay against accepted 5.2.2 trajectory.
5.2.3,full_action_path_replay,Model-guided constrained SAC,test_056_b2c64046cef9,554911178.0,4.547473508864641e-13,1e-06,PASS,Frozen full-action mechanism replay against accepted 5.2.2 trajectory.
5.2.3,full_action_path_replay,Model-guided constrained SAC,test_056_b2c64046cef9,1600960620.0,2.9103830456733704e-11,1e-06,PASS,Frozen full-action mechanism replay against accepted 5.2.2 trajectory.
5.2.3,full_action_path_replay,Model-guided constrained SAC,test_057_bf11b8e004e2,301721597.0,1.4551915228366852e-11,1e-06,PASS,Frozen full-action mechanism replay against accepted 5.2.2 trajectory.
5.2.3,full_action_path_replay,Model-guided constrained SAC,test_057_bf11b8e004e2,554911178.0,1.4551915228366852e-11,1e-06,PASS,Frozen full-action mechanism replay against accepted 5.2.2 trajectory.
5.2.3,full_action_path_replay,Model-guided constrained SAC,test_057_bf11b8e004e2,1600960620.0,1.4551915228366852e-11,1e-06,PASS,Frozen full-action mechanism replay against accepted 5.2.2 trajectory.
5.2.3,full_action_path_replay,Model-guided constrained SAC,test_058_fbcfbffca03e,301721597.0,1.4551915228366852e-11,1e-06,PASS,Frozen full-action mechanism replay against accepted 5.2.2 trajectory.
5.2.3,full_action_path_replay,Model-guided constrained SAC,test_058_fbcfbffca03e,554911178.0,1.4551915228366852e-11,1e-06,PASS,Frozen full-action mechanism replay against accepted 5.2.2 trajectory.
5.2.3,full_action_path_replay,Model-guided constrained SAC,test_058_fbcfbffca03e,1600960620.0,1.4551915228366852e-11,1e-06,PASS,Frozen full-action mechanism replay against accepted 5.2.2 trajectory.
5.2.3,full_action_path_replay,Model-guided constrained SAC,test_059_d22925a9593f,301721597.0,1.4551915228366852e-11,1e-06,PASS,Frozen full-action mechanism replay against accepted 5.2.2 trajectory.
5.2.3,full_action_path_replay,Model-guided constrained SAC,test_059_d22925a9593f,554911178.0,1.4551915228366852e-11,1e-06,PASS,Frozen full-action mechanism replay against accepted 5.2.2 trajectory.
5.2.3,full_action_path_replay,Model-guided constrained SAC,test_059_d22925a9593f,1600960620.0,1.4551915228366852e-11,1e-06,PASS,Frozen full-action mechanism replay against accepted 5.2.2 trajectory.
5.2.3,full_action_path_replay,Model-guided constrained SAC,test_060_b3feb9e274c2,301721597.0,1.4551915228366852e-11,1e-06,PASS,Frozen full-action mechanism replay against accepted 5.2.2 trajectory.
5.2.3,full_action_path_replay,Model-guided constrained SAC,test_060_b3feb9e274c2,554911178.0,2.9103830456733704e-11,1e-06,PASS,Frozen full-action mechanism replay against accepted 5.2.2 trajectory.
5.2.3,full_action_path_replay,Model-guided constrained SAC,test_060_b3feb9e274c2,1600960620.0,1.4551915228366852e-11,1e-06,PASS,Frozen full-action mechanism replay against accepted 5.2.2 trajectory.
5.2.3,full_action_path_replay,Model-guided constrained SAC,test_061_627abde70c26,301721597.0,1.4551915228366852e-11,1e-06,PASS,Frozen full-action mechanism replay against accepted 5.2.2 trajectory.
5.2.3,full_action_path_replay,Model-guided constrained SAC,test_061_627abde70c26,554911178.0,2.8421709430404014e-14,1e-06,PASS,Frozen full-action mechanism replay against accepted 5.2.2 trajectory.
5.2.3,full_action_path_replay,Model-guided constrained SAC,test_061_627abde70c26,1600960620.0,1.4551915228366852e-11,1e-06,PASS,Frozen full-action mechanism replay against accepted 5.2.2 trajectory.
5.2.3,full_action_path_replay,Model-guided constrained SAC,test_062_0c9ea14e9507,301721597.0,1.4551915228366852e-11,1e-06,PASS,Frozen full-action mechanism replay against accepted 5.2.2 trajectory.
5.2.3,full_action_path_replay,Model-guided constrained SAC,test_062_0c9ea14e9507,554911178.0,5.820766091346741e-11,1e-06,PASS,Frozen full-action mechanism replay against accepted 5.2.2 trajectory.
5.2.3,full_action_path_replay,Model-guided constrained SAC,test_062_0c9ea14e9507,1600960620.0,1.4551915228366852e-11,1e-06,PASS,Frozen full-action mechanism replay against accepted 5.2.2 trajectory.
5.2.3,full_action_path_replay,Model-guided constrained SAC,test_063_44f0f2a191ef,301721597.0,1.4551915228366852e-11,1e-06,PASS,Frozen full-action mechanism replay against accepted 5.2.2 trajectory.
5.2.3,full_action_path_replay,Model-guided constrained SAC,test_063_44f0f2a191ef,554911178.0,1.4551915228366852e-11,1e-06,PASS,Frozen full-action mechanism replay against accepted 5.2.2 trajectory.
5.2.3,full_action_path_replay,Model-guided constrained SAC,test_063_44f0f2a191ef,1600960620.0,1.4551915228366852e-11,1e-06,PASS,Frozen full-action mechanism replay against accepted 5.2.2 trajectory.
5.2.3,full_action_path_replay,Model-guided constrained SAC,test_064_27d69866b791,301721597.0,1.4551915228366852e-11,1e-06,PASS,Frozen full-action mechanism replay against accepted 5.2.2 trajectory.
5.2.3,full_action_path_replay,Model-guided constrained SAC,test_064_27d69866b791,554911178.0,4.547473508864641e-13,1e-06,PASS,Frozen full-action mechanism replay against accepted 5.2.2 trajectory.
5.2.3,full_action_path_replay,Model-guided constrained SAC,test_064_27d69866b791,1600960620.0,9.094947017729282e-13,1e-06,PASS,Frozen full-action mechanism replay against accepted 5.2.2 trajectory.
5.2.3,full_action_path_replay,Model-guided constrained SAC,test_065_930038cc16e9,301721597.0,2.9103830456733704e-11,1e-06,PASS,Frozen full-action mechanism replay against accepted 5.2.2 trajectory.
5.2.3,full_action_path_replay,Model-guided constrained SAC,test_065_930038cc16e9,554911178.0,1.4551915228366852e-11,1e-06,PASS,Frozen full-action mechanism replay against accepted 5.2.2 trajectory.
5.2.3,full_action_path_replay,Model-guided constrained SAC,test_065_930038cc16e9,1600960620.0,1.4551915228366852e-11,1e-06,PASS,Frozen full-action mechanism replay against accepted 5.2.2 trajectory.
5.2.3,full_action_path_replay,Model-guided constrained SAC,test_066_28fb87ba4913,301721597.0,1.4551915228366852e-11,1e-06,PASS,Frozen full-action mechanism replay against accepted 5.2.2 trajectory.
5.2.3,full_action_path_replay,Model-guided constrained SAC,test_066_28fb87ba4913,554911178.0,1.8189894035458565e-12,1e-06,PASS,Frozen full-action mechanism replay against accepted 5.2.2 trajectory.
5.2.3,full_action_path_replay,Model-guided constrained SAC,test_066_28fb87ba4913,1600960620.0,1.4551915228366852e-11,1e-06,PASS,Frozen full-action mechanism replay against accepted 5.2.2 trajectory.
5.2.3,full_action_path_replay,Model-guided constrained SAC,test_067_4d46fa716471,301721597.0,1.4551915228366852e-11,1e-06,PASS,Frozen full-action mechanism replay against accepted 5.2.2 trajectory.
5.2.3,full_action_path_replay,Model-guided constrained SAC,test_067_4d46fa716471,554911178.0,1.4551915228366852e-11,1e-06,PASS,Frozen full-action mechanism replay against accepted 5.2.2 trajectory.
5.2.3,full_action_path_replay,Model-guided constrained SAC,test_067_4d46fa716471,1600960620.0,1.4551915228366852e-11,1e-06,PASS,Frozen full-action mechanism replay against accepted 5.2.2 trajectory.
5.2.3,full_action_path_replay,Model-guided constrained SAC,test_068_93da1d4ae1ba,301721597.0,2.9103830456733704e-11,1e-06,PASS,Frozen full-action mechanism replay against accepted 5.2.2 trajectory.
5.2.3,full_action_path_replay,Model-guided constrained SAC,test_068_93da1d4ae1ba,554911178.0,1.4551915228366852e-11,1e-06,PASS,Frozen full-action mechanism replay against accepted 5.2.2 trajectory.
5.2.3,full_action_path_replay,Model-guided constrained SAC,test_068_93da1d4ae1ba,1600960620.0,1.4551915228366852e-11,1e-06,PASS,Frozen full-action mechanism replay against accepted 5.2.2 trajectory.
5.2.3,full_action_path_replay,Model-guided constrained SAC,test_069_5b01ea54b2fa,301721597.0,9.094947017729282e-13,1e-06,PASS,Frozen full-action mechanism replay against accepted 5.2.2 trajectory.
5.2.3,full_action_path_replay,Model-guided constrained SAC,test_069_5b01ea54b2fa,554911178.0,1.4551915228366852e-11,1e-06,PASS,Frozen full-action mechanism replay against accepted 5.2.2 trajectory.
5.2.3,full_action_path_replay,Model-guided constrained SAC,test_069_5b01ea54b2fa,1600960620.0,1.4551915228366852e-11,1e-06,PASS,Frozen full-action mechanism replay against accepted 5.2.2 trajectory.
5.2.3,full_action_path_replay,Model-guided constrained SAC,test_070_0cd9bcac96c3,301721597.0,1.4551915228366852e-11,1e-06,PASS,Frozen full-action mechanism replay against accepted 5.2.2 trajectory.
5.2.3,full_action_path_replay,Model-guided constrained SAC,test_070_0cd9bcac96c3,554911178.0,1.4551915228366852e-11,1e-06,PASS,Frozen full-action mechanism replay against accepted 5.2.2 trajectory.
5.2.3,full_action_path_replay,Model-guided constrained SAC,test_070_0cd9bcac96c3,1600960620.0,4.365574568510056e-11,1e-06,PASS,Frozen full-action mechanism replay against accepted 5.2.2 trajectory.
5.2.3,full_action_path_replay,Model-guided constrained SAC,test_071_34f77888383f,301721597.0,1.4551915228366852e-11,1e-06,PASS,Frozen full-action mechanism replay against accepted 5.2.2 trajectory.
5.2.3,full_action_path_replay,Model-guided constrained SAC,test_071_34f77888383f,554911178.0,1.4551915228366852e-11,1e-06,PASS,Frozen full-action mechanism replay against accepted 5.2.2 trajectory.
5.2.3,full_action_path_replay,Model-guided constrained SAC,test_071_34f77888383f,1600960620.0,2.9103830456733704e-11,1e-06,PASS,Frozen full-action mechanism replay against accepted 5.2.2 trajectory.
5.2.3,full_action_path_replay,Model-guided constrained SAC,test_072_8e59fac0e6c8,301721597.0,2.9103830456733704e-11,1e-06,PASS,Frozen full-action mechanism replay against accepted 5.2.2 trajectory.
5.2.3,full_action_path_replay,Model-guided constrained SAC,test_072_8e59fac0e6c8,554911178.0,9.094947017729282e-13,1e-06,PASS,Frozen full-action mechanism replay against accepted 5.2.2 trajectory.
5.2.3,full_action_path_replay,Model-guided constrained SAC,test_072_8e59fac0e6c8,1600960620.0,1.4551915228366852e-11,1e-06,PASS,Frozen full-action mechanism replay against accepted 5.2.2 trajectory.
5.2.3,full_action_path_replay,Model-guided constrained SAC,test_073_69349232969b,301721597.0,2.273736754432321e-13,1e-06,PASS,Frozen full-action mechanism replay against accepted 5.2.2 trajectory.
5.2.3,full_action_path_replay,Model-guided constrained SAC,test_073_69349232969b,554911178.0,1.4551915228366852e-11,1e-06,PASS,Frozen full-action mechanism replay against accepted 5.2.2 trajectory.
5.2.3,full_action_path_replay,Model-guided constrained SAC,test_073_69349232969b,1600960620.0,1.4551915228366852e-11,1e-06,PASS,Frozen full-action mechanism replay against accepted 5.2.2 trajectory.
5.2.3,full_action_path_replay,Model-guided constrained SAC,test_074_212affc962e2,301721597.0,2.9103830456733704e-11,1e-06,PASS,Frozen full-action mechanism replay against accepted 5.2.2 trajectory.
5.2.3,full_action_path_replay,Model-guided constrained SAC,test_074_212affc962e2,554911178.0,1.4551915228366852e-11,1e-06,PASS,Frozen full-action mechanism replay against accepted 5.2.2 trajectory.
5.2.3,full_action_path_replay,Model-guided constrained SAC,test_074_212affc962e2,1600960620.0,4.547473508864641e-13,1e-06,PASS,Frozen full-action mechanism replay against accepted 5.2.2 trajectory.
5.2.3,full_action_path_replay,Model-guided constrained SAC,test_075_8de4e41c7ad9,301721597.0,2.273736754432321e-13,1e-06,PASS,Frozen full-action mechanism replay against accepted 5.2.2 trajectory.
5.2.3,full_action_path_replay,Model-guided constrained SAC,test_075_8de4e41c7ad9,554911178.0,4.547473508864641e-13,1e-06,PASS,Frozen full-action mechanism replay against accepted 5.2.2 trajectory.
5.2.3,full_action_path_replay,Model-guided constrained SAC,test_075_8de4e41c7ad9,1600960620.0,1.4551915228366852e-11,1e-06,PASS,Frozen full-action mechanism replay against accepted 5.2.2 trajectory.
5.2.3,full_action_path_replay,Model-guided constrained SAC,test_076_48339f21c8ec,301721597.0,2.9103830456733704e-11,1e-06,PASS,Frozen full-action mechanism replay against accepted 5.2.2 trajectory.
5.2.3,full_action_path_replay,Model-guided constrained SAC,test_076_48339f21c8ec,554911178.0,1.4551915228366852e-11,1e-06,PASS,Frozen full-action mechanism replay against accepted 5.2.2 trajectory.
5.2.3,full_action_path_replay,Model-guided constrained SAC,test_076_48339f21c8ec,1600960620.0,1.4551915228366852e-11,1e-06,PASS,Frozen full-action mechanism replay against accepted 5.2.2 trajectory.
5.2.3,full_action_path_replay,Model-guided constrained SAC,test_077_b1f2e84dc844,301721597.0,1.4551915228366852e-11,1e-06,PASS,Frozen full-action mechanism replay against accepted 5.2.2 trajectory.
5.2.3,full_action_path_replay,Model-guided constrained SAC,test_077_b1f2e84dc844,554911178.0,1.4551915228366852e-11,1e-06,PASS,Frozen full-action mechanism replay against accepted 5.2.2 trajectory.
5.2.3,full_action_path_replay,Model-guided constrained SAC,test_077_b1f2e84dc844,1600960620.0,2.9103830456733704e-11,1e-06,PASS,Frozen full-action mechanism replay against accepted 5.2.2 trajectory.
5.2.3,full_action_path_replay,Model-guided constrained SAC,test_078_367d379a9297,301721597.0,2.9103830456733704e-11,1e-06,PASS,Frozen full-action mechanism replay against accepted 5.2.2 trajectory.
5.2.3,full_action_path_replay,Model-guided constrained SAC,test_078_367d379a9297,554911178.0,1.4551915228366852e-11,1e-06,PASS,Frozen full-action mechanism replay against accepted 5.2.2 trajectory.
5.2.3,full_action_path_replay,Model-guided constrained SAC,test_078_367d379a9297,1600960620.0,1.4551915228366852e-11,1e-06,PASS,Frozen full-action mechanism replay against accepted 5.2.2 trajectory.
5.2.3,full_action_path_replay,Model-guided constrained SAC,test_079_bce06ca59758,301721597.0,1.4551915228366852e-11,1e-06,PASS,Frozen full-action mechanism replay against accepted 5.2.2 trajectory.
5.2.3,full_action_path_replay,Model-guided constrained SAC,test_079_bce06ca59758,554911178.0,1.4551915228366852e-11,1e-06,PASS,Frozen full-action mechanism replay against accepted 5.2.2 trajectory.
5.2.3,full_action_path_replay,Model-guided constrained SAC,test_079_bce06ca59758,1600960620.0,9.094947017729282e-13,1e-06,PASS,Frozen full-action mechanism replay against accepted 5.2.2 trajectory.
5.2.3,full_action_path_replay,Model-guided constrained SAC,test_080_e669407a98d7,301721597.0,1.1368683772161605e-13,1e-06,PASS,Frozen full-action mechanism replay against accepted 5.2.2 trajectory.
5.2.3,full_action_path_replay,Model-guided constrained SAC,test_080_e669407a98d7,554911178.0,2.9103830456733704e-11,1e-06,PASS,Frozen full-action mechanism replay against accepted 5.2.2 trajectory.
5.2.3,full_action_path_replay,Model-guided constrained SAC,test_080_e669407a98d7,1600960620.0,2.9103830456733704e-11,1e-06,PASS,Frozen full-action mechanism replay against accepted 5.2.2 trajectory.
5.2.3,full_action_path_replay,Model-guided constrained SAC,test_081_fbbd80304765,301721597.0,4.547473508864641e-13,1e-06,PASS,Frozen full-action mechanism replay against accepted 5.2.2 trajectory.
5.2.3,full_action_path_replay,Model-guided constrained SAC,test_081_fbbd80304765,554911178.0,1.4551915228366852e-11,1e-06,PASS,Frozen full-action mechanism replay against accepted 5.2.2 trajectory.
5.2.3,full_action_path_replay,Model-guided constrained SAC,test_081_fbbd80304765,1600960620.0,1.4551915228366852e-11,1e-06,PASS,Frozen full-action mechanism replay against accepted 5.2.2 trajectory.
5.2.3,full_action_path_replay,Model-guided constrained SAC,test_082_2cf496ac3a99,301721597.0,2.9103830456733704e-11,1e-06,PASS,Frozen full-action mechanism replay against accepted 5.2.2 trajectory.
5.2.3,full_action_path_replay,Model-guided constrained SAC,test_082_2cf496ac3a99,554911178.0,1.4551915228366852e-11,1e-06,PASS,Frozen full-action mechanism replay against accepted 5.2.2 trajectory.
5.2.3,full_action_path_replay,Model-guided constrained SAC,test_082_2cf496ac3a99,1600960620.0,1.4551915228366852e-11,1e-06,PASS,Frozen full-action mechanism replay against accepted 5.2.2 trajectory.
5.2.3,full_action_path_replay,Model-guided constrained SAC,test_083_4cbdde5f376f,301721597.0,1.4551915228366852e-11,1e-06,PASS,Frozen full-action mechanism replay against accepted 5.2.2 trajectory.
5.2.3,full_action_path_replay,Model-guided constrained SAC,test_083_4cbdde5f376f,554911178.0,1.4551915228366852e-11,1e-06,PASS,Frozen full-action mechanism replay against accepted 5.2.2 trajectory.
5.2.3,full_action_path_replay,Model-guided constrained SAC,test_083_4cbdde5f376f,1600960620.0,1.4551915228366852e-11,1e-06,PASS,Frozen full-action mechanism replay against accepted 5.2.2 trajectory.
5.2.3,full_action_path_replay,Model-guided constrained SAC,test_084_513eb18f351c,301721597.0,1.4551915228366852e-11,1e-06,PASS,Frozen full-action mechanism replay against accepted 5.2.2 trajectory.
5.2.3,full_action_path_replay,Model-guided constrained SAC,test_084_513eb18f351c,554911178.0,2.9103830456733704e-11,1e-06,PASS,Frozen full-action mechanism replay against accepted 5.2.2 trajectory.
5.2.3,full_action_path_replay,Model-guided constrained SAC,test_084_513eb18f351c,1600960620.0,1.8189894035458565e-12,1e-06,PASS,Frozen full-action mechanism replay against accepted 5.2.2 trajectory.
5.2.3,full_action_path_replay,Model-guided constrained SAC,test_085_650c50514b66,301721597.0,1.4551915228366852e-11,1e-06,PASS,Frozen full-action mechanism replay against accepted 5.2.2 trajectory.
5.2.3,full_action_path_replay,Model-guided constrained SAC,test_085_650c50514b66,554911178.0,1.4551915228366852e-11,1e-06,PASS,Frozen full-action mechanism replay against accepted 5.2.2 trajectory.
5.2.3,full_action_path_replay,Model-guided constrained SAC,test_085_650c50514b66,1600960620.0,2.9103830456733704e-11,1e-06,PASS,Frozen full-action mechanism replay against accepted 5.2.2 trajectory.
5.2.3,full_action_path_replay,Model-guided constrained SAC,test_086_754dc8e1ab0e,301721597.0,2.9103830456733704e-11,1e-06,PASS,Frozen full-action mechanism replay against accepted 5.2.2 trajectory.
5.2.3,full_action_path_replay,Model-guided constrained SAC,test_086_754dc8e1ab0e,554911178.0,1.4551915228366852e-11,1e-06,PASS,Frozen full-action mechanism replay against accepted 5.2.2 trajectory.
5.2.3,full_action_path_replay,Model-guided constrained SAC,test_086_754dc8e1ab0e,1600960620.0,1.4551915228366852e-11,1e-06,PASS,Frozen full-action mechanism replay against accepted 5.2.2 trajectory.
5.2.3,full_action_path_replay,Model-guided constrained SAC,test_087_cbc79ee243dd,301721597.0,1.4551915228366852e-11,1e-06,PASS,Frozen full-action mechanism replay against accepted 5.2.2 trajectory.
5.2.3,full_action_path_replay,Model-guided constrained SAC,test_087_cbc79ee243dd,554911178.0,1.4551915228366852e-11,1e-06,PASS,Frozen full-action mechanism replay against accepted 5.2.2 trajectory.
5.2.3,full_action_path_replay,Model-guided constrained SAC,test_087_cbc79ee243dd,1600960620.0,1.4551915228366852e-11,1e-06,PASS,Frozen full-action mechanism replay against accepted 5.2.2 trajectory.
5.2.3,full_action_path_replay,Passive,test_000_4ae657b9eeec,,5.820766091346741e-11,1e-06,PASS,Frozen full-action mechanism replay against accepted 5.2.2 trajectory.
5.2.3,full_action_path_replay,Passive,test_001_dde9993de777,,4.547473508864641e-13,1e-06,PASS,Frozen full-action mechanism replay against accepted 5.2.2 trajectory.
5.2.3,full_action_path_replay,Passive,test_002_f01217ab0e79,,5.820766091346741e-11,1e-06,PASS,Frozen full-action mechanism replay against accepted 5.2.2 trajectory.
5.2.3,full_action_path_replay,Passive,test_003_eb3106001035,,9.094947017729282e-13,1e-06,PASS,Frozen full-action mechanism replay against accepted 5.2.2 trajectory.
5.2.3,full_action_path_replay,Passive,test_004_55a330aff5c4,,6.776263578034403e-21,1e-06,PASS,Frozen full-action mechanism replay against accepted 5.2.2 trajectory.
5.2.3,full_action_path_replay,Passive,test_005_981c73a17708,,2.273736754432321e-13,1e-06,PASS,Frozen full-action mechanism replay against accepted 5.2.2 trajectory.
5.2.3,full_action_path_replay,Passive,test_006_daba4b1e9814,,0.0,1e-06,PASS,Frozen full-action mechanism replay against accepted 5.2.2 trajectory.
5.2.3,full_action_path_replay,Passive,test_007_925513ee8ec6,,1.8189894035458565e-12,1e-06,PASS,Frozen full-action mechanism replay against accepted 5.2.2 trajectory.
5.2.3,full_action_path_replay,Passive,test_008_fabe46a0ea00,,2.9103830456733704e-11,1e-06,PASS,Frozen full-action mechanism replay against accepted 5.2.2 trajectory.
5.2.3,full_action_path_replay,Passive,test_009_c8ef87e47101,,1.8189894035458565e-12,1e-06,PASS,Frozen full-action mechanism replay against accepted 5.2.2 trajectory.
5.2.3,full_action_path_replay,Passive,test_010_613ab99db82c,,5.820766091346741e-11,1e-06,PASS,Frozen full-action mechanism replay against accepted 5.2.2 trajectory.
5.2.3,full_action_path_replay,Passive,test_011_8a2e74b38d5d,,4.547473508864641e-13,1e-06,PASS,Frozen full-action mechanism replay against accepted 5.2.2 trajectory.
5.2.3,full_action_path_replay,Passive,test_012_b6bdc05b20a7,,5.820766091346741e-11,1e-06,PASS,Frozen full-action mechanism replay against accepted 5.2.2 trajectory.
5.2.3,full_action_path_replay,Passive,test_013_040653995d85,,2.9103830456733704e-11,1e-06,PASS,Frozen full-action mechanism replay against accepted 5.2.2 trajectory.
5.2.3,full_action_path_replay,Passive,test_014_f00647451070,,0.0,1e-06,PASS,Frozen full-action mechanism replay against accepted 5.2.2 trajectory.
5.2.3,full_action_path_replay,Passive,test_015_643a837775f9,,1.1368683772161605e-13,1e-06,PASS,Frozen full-action mechanism replay against accepted 5.2.2 trajectory.
5.2.3,full_action_path_replay,Passive,test_016_45a90ccef8bd,,0.0,1e-06,PASS,Frozen full-action mechanism replay against accepted 5.2.2 trajectory.
5.2.3,full_action_path_replay,Passive,test_017_ebd333a3cdba,,0.0,1e-06,PASS,Frozen full-action mechanism replay against accepted 5.2.2 trajectory.
5.2.3,full_action_path_replay,Passive,test_018_9466cee538c9,,2.273736754432321e-13,1e-06,PASS,Frozen full-action mechanism replay against accepted 5.2.2 trajectory.
5.2.3,full_action_path_replay,Passive,test_019_9d2b7462a57a,,0.0,1e-06,PASS,Frozen full-action mechanism replay against accepted 5.2.2 trajectory.
5.2.3,full_action_path_replay,Passive,test_020_701c8d28bc45,,1.8189894035458565e-12,1e-06,PASS,Frozen full-action mechanism replay against accepted 5.2.2 trajectory.
5.2.3,full_action_path_replay,Passive,test_021_69299bc5d0bf,,1.8189894035458565e-12,1e-06,PASS,Frozen full-action mechanism replay against accepted 5.2.2 trajectory.
5.2.3,full_action_path_replay,Passive,test_022_1b3e72c80b5f,,0.0,1e-06,PASS,Frozen full-action mechanism replay against accepted 5.2.2 trajectory.
5.2.3,full_action_path_replay,Passive,test_023_90a8af416c5a,,5.820766091346741e-11,1e-06,PASS,Frozen full-action mechanism replay against accepted 5.2.2 trajectory.
5.2.3,full_action_path_replay,Passive,test_024_e90f261f99e2,,1.8189894035458565e-12,1e-06,PASS,Frozen full-action mechanism replay against accepted 5.2.2 trajectory.
5.2.3,full_action_path_replay,Passive,test_025_0c3eeaae0824,,0.0,1e-06,PASS,Frozen full-action mechanism replay against accepted 5.2.2 trajectory.
5.2.3,full_action_path_replay,Passive,test_026_770d47ae1768,,5.820766091346741e-11,1e-06,PASS,Frozen full-action mechanism replay against accepted 5.2.2 trajectory.
5.2.3,full_action_path_replay,Passive,test_027_df5d670513fa,,0.0,1e-06,PASS,Frozen full-action mechanism replay against accepted 5.2.2 trajectory.
5.2.3,full_action_path_replay,Passive,test_028_e9fb02365dd3,,0.0,1e-06,PASS,Frozen full-action mechanism replay against accepted 5.2.2 trajectory.
5.2.3,full_action_path_replay,Passive,test_029_b44f60718c5a,,4.547473508864641e-13,1e-06,PASS,Frozen full-action mechanism replay against accepted 5.2.2 trajectory.
5.2.3,full_action_path_replay,Passive,test_030_038f4c53d11f,,1.8189894035458565e-12,1e-06,PASS,Frozen full-action mechanism replay against accepted 5.2.2 trajectory.
5.2.3,full_action_path_replay,Passive,test_031_0a6ff70351b5,,1.8189894035458565e-12,1e-06,PASS,Frozen full-action mechanism replay against accepted 5.2.2 trajectory.
5.2.3,full_action_path_replay,Passive,test_032_efdf826e6bc3,,1.8189894035458565e-12,1e-06,PASS,Frozen full-action mechanism replay against accepted 5.2.2 trajectory.
5.2.3,full_action_path_replay,Passive,test_033_de0c441dba67,,5.820766091346741e-11,1e-06,PASS,Frozen full-action mechanism replay against accepted 5.2.2 trajectory.
5.2.3,full_action_path_replay,Passive,test_034_a00d80b83640,,0.0,1e-06,PASS,Frozen full-action mechanism replay against accepted 5.2.2 trajectory.
5.2.3,full_action_path_replay,Passive,test_035_51fd398978b7,,2.9103830456733704e-11,1e-06,PASS,Frozen full-action mechanism replay against accepted 5.2.2 trajectory.
5.2.3,full_action_path_replay,Passive,test_036_7eb6ac1ca077,,2.9103830456733704e-11,1e-06,PASS,Frozen full-action mechanism replay against accepted 5.2.2 trajectory.
5.2.3,full_action_path_replay,Passive,test_037_f096257ecaa4,,1.1368683772161605e-13,1e-06,PASS,Frozen full-action mechanism replay against accepted 5.2.2 trajectory.
5.2.3,full_action_path_replay,Passive,test_038_b05abc6e01b3,,1.8189894035458565e-12,1e-06,PASS,Frozen full-action mechanism replay against accepted 5.2.2 trajectory.
5.2.3,full_action_path_replay,Passive,test_039_9c0d1ebe6c19,,1.8189894035458565e-12,1e-06,PASS,Frozen full-action mechanism replay against accepted 5.2.2 trajectory.
5.2.3,full_action_path_replay,Passive,test_040_11a8950c659e,,4.547473508864641e-13,1e-06,PASS,Frozen full-action mechanism replay against accepted 5.2.2 trajectory.
5.2.3,full_action_path_replay,Passive,test_041_e58f21dcc209,,2.273736754432321e-13,1e-06,PASS,Frozen full-action mechanism replay against accepted 5.2.2 trajectory.
5.2.3,full_action_path_replay,Passive,test_042_a77d2ece213a,,2.9103830456733704e-11,1e-06,PASS,Frozen full-action mechanism replay against accepted 5.2.2 trajectory.
5.2.3,full_action_path_replay,Passive,test_043_f1174106175c,,1.3552527156068804e-20,1e-06,PASS,Frozen full-action mechanism replay against accepted 5.2.2 trajectory.
5.2.3,full_action_path_replay,Passive,test_044_ed401c94714a,,6.776263578034403e-21,1e-06,PASS,Frozen full-action mechanism replay against accepted 5.2.2 trajectory.
5.2.3,full_action_path_replay,Passive,test_045_af7d3f616c1d,,1.8189894035458565e-12,1e-06,PASS,Frozen full-action mechanism replay against accepted 5.2.2 trajectory.
5.2.3,full_action_path_replay,Passive,test_046_e35b743e6617,,2.273736754432321e-13,1e-06,PASS,Frozen full-action mechanism replay against accepted 5.2.2 trajectory.
5.2.3,full_action_path_replay,Passive,test_047_20c1f89391c1,,1.8189894035458565e-12,1e-06,PASS,Frozen full-action mechanism replay against accepted 5.2.2 trajectory.
5.2.3,full_action_path_replay,Passive,test_048_eeaf6a6a0a15,,0.0,1e-06,PASS,Frozen full-action mechanism replay against accepted 5.2.2 trajectory.
5.2.3,full_action_path_replay,Passive,test_049_343da3774e7e,,1.8189894035458565e-12,1e-06,PASS,Frozen full-action mechanism replay against accepted 5.2.2 trajectory.
5.2.3,full_action_path_replay,Passive,test_050_1c7612d8bc63,,2.9103830456733704e-11,1e-06,PASS,Frozen full-action mechanism replay against accepted 5.2.2 trajectory.
5.2.3,full_action_path_replay,Passive,test_051_5747c87e6d9a,,1.8189894035458565e-12,1e-06,PASS,Frozen full-action mechanism replay against accepted 5.2.2 trajectory.
5.2.3,full_action_path_replay,Passive,test_052_9760565f31de,,2.273736754432321e-13,1e-06,PASS,Frozen full-action mechanism replay against accepted 5.2.2 trajectory.
5.2.3,full_action_path_replay,Passive,test_053_4473e6f72168,,1.8189894035458565e-12,1e-06,PASS,Frozen full-action mechanism replay against accepted 5.2.2 trajectory.
5.2.3,full_action_path_replay,Passive,test_054_c66f0b1dacc4,,6.776263578034403e-21,1e-06,PASS,Frozen full-action mechanism replay against accepted 5.2.2 trajectory.
5.2.3,full_action_path_replay,Passive,test_055_f90330578051,,0.0,1e-06,PASS,Frozen full-action mechanism replay against accepted 5.2.2 trajectory.
5.2.3,full_action_path_replay,Passive,test_056_b2c64046cef9,,5.820766091346741e-11,1e-06,PASS,Frozen full-action mechanism replay against accepted 5.2.2 trajectory.
5.2.3,full_action_path_replay,Passive,test_057_bf11b8e004e2,,5.820766091346741e-11,1e-06,PASS,Frozen full-action mechanism replay against accepted 5.2.2 trajectory.
5.2.3,full_action_path_replay,Passive,test_058_fbcfbffca03e,,0.0,1e-06,PASS,Frozen full-action mechanism replay against accepted 5.2.2 trajectory.
5.2.3,full_action_path_replay,Passive,test_059_d22925a9593f,,2.273736754432321e-13,1e-06,PASS,Frozen full-action mechanism replay against accepted 5.2.2 trajectory.
5.2.3,full_action_path_replay,Passive,test_060_b3feb9e274c2,,1.8189894035458565e-12,1e-06,PASS,Frozen full-action mechanism replay against accepted 5.2.2 trajectory.
5.2.3,full_action_path_replay,Passive,test_061_627abde70c26,,0.0,1e-06,PASS,Frozen full-action mechanism replay against accepted 5.2.2 trajectory.
5.2.3,full_action_path_replay,Passive,test_062_0c9ea14e9507,,1.8189894035458565e-12,1e-06,PASS,Frozen full-action mechanism replay against accepted 5.2.2 trajectory.
5.2.3,full_action_path_replay,Passive,test_063_44f0f2a191ef,,5.820766091346741e-11,1e-06,PASS,Frozen full-action mechanism replay against accepted 5.2.2 trajectory.
5.2.3,full_action_path_replay,Passive,test_064_27d69866b791,,2.9103830456733704e-11,1e-06,PASS,Frozen full-action mechanism replay against accepted 5.2.2 trajectory.
5.2.3,full_action_path_replay,Passive,test_065_930038cc16e9,,2.9103830456733704e-11,1e-06,PASS,Frozen full-action mechanism replay against accepted 5.2.2 trajectory.
5.2.3,full_action_path_replay,Passive,test_066_28fb87ba4913,,5.820766091346741e-11,1e-06,PASS,Frozen full-action mechanism replay against accepted 5.2.2 trajectory.
5.2.3,full_action_path_replay,Passive,test_067_4d46fa716471,,5.820766091346741e-11,1e-06,PASS,Frozen full-action mechanism replay against accepted 5.2.2 trajectory.
5.2.3,full_action_path_replay,Passive,test_068_93da1d4ae1ba,,2.273736754432321e-13,1e-06,PASS,Frozen full-action mechanism replay against accepted 5.2.2 trajectory.
5.2.3,full_action_path_replay,Passive,test_069_5b01ea54b2fa,,6.776263578034403e-21,1e-06,PASS,Frozen full-action mechanism replay against accepted 5.2.2 trajectory.
5.2.3,full_action_path_replay,Passive,test_070_0cd9bcac96c3,,0.0,1e-06,PASS,Frozen full-action mechanism replay against accepted 5.2.2 trajectory.
5.2.3,full_action_path_replay,Passive,test_071_34f77888383f,,2.9103830456733704e-11,1e-06,PASS,Frozen full-action mechanism replay against accepted 5.2.2 trajectory.
5.2.3,full_action_path_replay,Passive,test_072_8e59fac0e6c8,,1.8189894035458565e-12,1e-06,PASS,Frozen full-action mechanism replay against accepted 5.2.2 trajectory.
5.2.3,full_action_path_replay,Passive,test_073_69349232969b,,1.8189894035458565e-12,1e-06,PASS,Frozen full-action mechanism replay against accepted 5.2.2 trajectory.
5.2.3,full_action_path_replay,Passive,test_074_212affc962e2,,0.0,1e-06,PASS,Frozen full-action mechanism replay against accepted 5.2.2 trajectory.
5.2.3,full_action_path_replay,Passive,test_075_8de4e41c7ad9,,1.8189894035458565e-12,1e-06,PASS,Frozen full-action mechanism replay against accepted 5.2.2 trajectory.
5.2.3,full_action_path_replay,Passive,test_076_48339f21c8ec,,0.0,1e-06,PASS,Frozen full-action mechanism replay against accepted 5.2.2 trajectory.
5.2.3,full_action_path_replay,Passive,test_077_b1f2e84dc844,,5.820766091346741e-11,1e-06,PASS,Frozen full-action mechanism replay against accepted 5.2.2 trajectory.
5.2.3,full_action_path_replay,Passive,test_078_367d379a9297,,1.8189894035458565e-12,1e-06,PASS,Frozen full-action mechanism replay against accepted 5.2.2 trajectory.
5.2.3,full_action_path_replay,Passive,test_079_bce06ca59758,,5.684341886080803e-14,1e-06,PASS,Frozen full-action mechanism replay against accepted 5.2.2 trajectory.
5.2.3,full_action_path_replay,Passive,test_080_e669407a98d7,,1.8189894035458565e-12,1e-06,PASS,Frozen full-action mechanism replay against accepted 5.2.2 trajectory.
5.2.3,full_action_path_replay,Passive,test_081_fbbd80304765,,2.9103830456733704e-11,1e-06,PASS,Frozen full-action mechanism replay against accepted 5.2.2 trajectory.
5.2.3,full_action_path_replay,Passive,test_082_2cf496ac3a99,,5.820766091346741e-11,1e-06,PASS,Frozen full-action mechanism replay against accepted 5.2.2 trajectory.
5.2.3,full_action_path_replay,Passive,test_083_4cbdde5f376f,,1.8189894035458565e-12,1e-06,PASS,Frozen full-action mechanism replay against accepted 5.2.2 trajectory.
5.2.3,full_action_path_replay,Passive,test_084_513eb18f351c,,1.8189894035458565e-12,1e-06,PASS,Frozen full-action mechanism replay against accepted 5.2.2 trajectory.
5.2.3,full_action_path_replay,Passive,test_085_650c50514b66,,9.094947017729282e-13,1e-06,PASS,Frozen full-action mechanism replay against accepted 5.2.2 trajectory.
5.2.3,full_action_path_replay,Passive,test_086_754dc8e1ab0e,,4.547473508864641e-13,1e-06,PASS,Frozen full-action mechanism replay against accepted 5.2.2 trajectory.
5.2.3,full_action_path_replay,Passive,test_087_cbc79ee243dd,,0.0,1e-06,PASS,Frozen full-action mechanism replay against accepted 5.2.2 trajectory.
5.2.3,full_action_path_replay,Reactive,test_000_4ae657b9eeec,,4.547473508864641e-13,1e-06,PASS,Frozen full-action mechanism replay against accepted 5.2.2 trajectory.
5.2.3,full_action_path_replay,Reactive,test_001_dde9993de777,,9.094947017729282e-13,1e-06,PASS,Frozen full-action mechanism replay against accepted 5.2.2 trajectory.
5.2.3,full_action_path_replay,Reactive,test_002_f01217ab0e79,,2.273736754432321e-13,1e-06,PASS,Frozen full-action mechanism replay against accepted 5.2.2 trajectory.
5.2.3,full_action_path_replay,Reactive,test_003_eb3106001035,,4.547473508864641e-13,1e-06,PASS,Frozen full-action mechanism replay against accepted 5.2.2 trajectory.
5.2.3,full_action_path_replay,Reactive,test_004_55a330aff5c4,,2.273736754432321e-13,1e-06,PASS,Frozen full-action mechanism replay against accepted 5.2.2 trajectory.
5.2.3,full_action_path_replay,Reactive,test_005_981c73a17708,,2.8421709430404014e-14,1e-06,PASS,Frozen full-action mechanism replay against accepted 5.2.2 trajectory.
5.2.3,full_action_path_replay,Reactive,test_006_daba4b1e9814,,1.723881454251952e-17,1e-06,PASS,Frozen full-action mechanism replay against accepted 5.2.2 trajectory.
5.2.3,full_action_path_replay,Reactive,test_007_925513ee8ec6,,1.8189894035458565e-12,1e-06,PASS,Frozen full-action mechanism replay against accepted 5.2.2 trajectory.
5.2.3,full_action_path_replay,Reactive,test_008_fabe46a0ea00,,2.273736754432321e-13,1e-06,PASS,Frozen full-action mechanism replay against accepted 5.2.2 trajectory.
5.2.3,full_action_path_replay,Reactive,test_009_c8ef87e47101,,1.4551915228366852e-11,1e-06,PASS,Frozen full-action mechanism replay against accepted 5.2.2 trajectory.
5.2.3,full_action_path_replay,Reactive,test_010_613ab99db82c,,4.0928632011327786e-17,1e-06,PASS,Frozen full-action mechanism replay against accepted 5.2.2 trajectory.
5.2.3,full_action_path_replay,Reactive,test_011_8a2e74b38d5d,,2.8421709430404014e-14,1e-06,PASS,Frozen full-action mechanism replay against accepted 5.2.2 trajectory.
5.2.3,full_action_path_replay,Reactive,test_012_b6bdc05b20a7,,1.4551915228366852e-11,1e-06,PASS,Frozen full-action mechanism replay against accepted 5.2.2 trajectory.
5.2.3,full_action_path_replay,Reactive,test_013_040653995d85,,4.547473508864641e-13,1e-06,PASS,Frozen full-action mechanism replay against accepted 5.2.2 trajectory.
5.2.3,full_action_path_replay,Reactive,test_014_f00647451070,,9.094947017729282e-13,1e-06,PASS,Frozen full-action mechanism replay against accepted 5.2.2 trajectory.
5.2.3,full_action_path_replay,Reactive,test_015_643a837775f9,,1.4551915228366852e-11,1e-06,PASS,Frozen full-action mechanism replay against accepted 5.2.2 trajectory.
5.2.3,full_action_path_replay,Reactive,test_016_45a90ccef8bd,,4.547473508864641e-13,1e-06,PASS,Frozen full-action mechanism replay against accepted 5.2.2 trajectory.
5.2.3,full_action_path_replay,Reactive,test_017_ebd333a3cdba,,1.4551915228366852e-11,1e-06,PASS,Frozen full-action mechanism replay against accepted 5.2.2 trajectory.
5.2.3,full_action_path_replay,Reactive,test_018_9466cee538c9,,2.273736754432321e-13,1e-06,PASS,Frozen full-action mechanism replay against accepted 5.2.2 trajectory.
5.2.3,full_action_path_replay,Reactive,test_019_9d2b7462a57a,,1.4551915228366852e-11,1e-06,PASS,Frozen full-action mechanism replay against accepted 5.2.2 trajectory.
5.2.3,full_action_path_replay,Reactive,test_020_701c8d28bc45,,2.273736754432321e-13,1e-06,PASS,Frozen full-action mechanism replay against accepted 5.2.2 trajectory.
5.2.3,full_action_path_replay,Reactive,test_021_69299bc5d0bf,,1.4551915228366852e-11,1e-06,PASS,Frozen full-action mechanism replay against accepted 5.2.2 trajectory.
5.2.3,full_action_path_replay,Reactive,test_022_1b3e72c80b5f,,4.4235448637408575e-17,1e-06,PASS,Frozen full-action mechanism replay against accepted 5.2.2 trajectory.
5.2.3,full_action_path_replay,Reactive,test_023_90a8af416c5a,,1.4551915228366852e-11,1e-06,PASS,Frozen full-action mechanism replay against accepted 5.2.2 trajectory.
5.2.3,full_action_path_replay,Reactive,test_024_e90f261f99e2,,4.547473508864641e-13,1e-06,PASS,Frozen full-action mechanism replay against accepted 5.2.2 trajectory.
5.2.3,full_action_path_replay,Reactive,test_025_0c3eeaae0824,,1.4551915228366852e-11,1e-06,PASS,Frozen full-action mechanism replay against accepted 5.2.2 trajectory.
5.2.3,full_action_path_replay,Reactive,test_026_770d47ae1768,,1.4551915228366852e-11,1e-06,PASS,Frozen full-action mechanism replay against accepted 5.2.2 trajectory.
5.2.3,full_action_path_replay,Reactive,test_027_df5d670513fa,,1.4551915228366852e-11,1e-06,PASS,Frozen full-action mechanism replay against accepted 5.2.2 trajectory.
5.2.3,full_action_path_replay,Reactive,test_028_e9fb02365dd3,,4.547473508864641e-13,1e-06,PASS,Frozen full-action mechanism replay against accepted 5.2.2 trajectory.
5.2.3,full_action_path_replay,Reactive,test_029_b44f60718c5a,,2.273736754432321e-13,1e-06,PASS,Frozen full-action mechanism replay against accepted 5.2.2 trajectory.
5.2.3,full_action_path_replay,Reactive,test_030_038f4c53d11f,,2.862293735361732e-17,1e-06,PASS,Frozen full-action mechanism replay against accepted 5.2.2 trajectory.
5.2.3,full_action_path_replay,Reactive,test_031_0a6ff70351b5,,2.273736754432321e-13,1e-06,PASS,Frozen full-action mechanism replay against accepted 5.2.2 trajectory.
5.2.3,full_action_path_replay,Reactive,test_032_efdf826e6bc3,,1.4551915228366852e-11,1e-06,PASS,Frozen full-action mechanism replay against accepted 5.2.2 trajectory.
5.2.3,full_action_path_replay,Reactive,test_033_de0c441dba67,,4.547473508864641e-13,1e-06,PASS,Frozen full-action mechanism replay against accepted 5.2.2 trajectory.
5.2.3,full_action_path_replay,Reactive,test_034_a00d80b83640,,2.273736754432321e-13,1e-06,PASS,Frozen full-action mechanism replay against accepted 5.2.2 trajectory.
5.2.3,full_action_path_replay,Reactive,test_035_51fd398978b7,,1.4551915228366852e-11,1e-06,PASS,Frozen full-action mechanism replay against accepted 5.2.2 trajectory.
5.2.3,full_action_path_replay,Reactive,test_036_7eb6ac1ca077,,1.4551915228366852e-11,1e-06,PASS,Frozen full-action mechanism replay against accepted 5.2.2 trajectory.
5.2.3,full_action_path_replay,Reactive,test_037_f096257ecaa4,,3.5128150388530344e-17,1e-06,PASS,Frozen full-action mechanism replay against accepted 5.2.2 trajectory.
5.2.3,full_action_path_replay,Reactive,test_038_b05abc6e01b3,,4.547473508864641e-13,1e-06,PASS,Frozen full-action mechanism replay against accepted 5.2.2 trajectory.
5.2.3,full_action_path_replay,Reactive,test_039_9c0d1ebe6c19,,4.547473508864641e-13,1e-06,PASS,Frozen full-action mechanism replay against accepted 5.2.2 trajectory.
5.2.3,full_action_path_replay,Reactive,test_040_11a8950c659e,,1.4551915228366852e-11,1e-06,PASS,Frozen full-action mechanism replay against accepted 5.2.2 trajectory.
5.2.3,full_action_path_replay,Reactive,test_041_e58f21dcc209,,4.547473508864641e-13,1e-06,PASS,Frozen full-action mechanism replay against accepted 5.2.2 trajectory.
5.2.3,full_action_path_replay,Reactive,test_042_a77d2ece213a,,7.239760006771956e-17,1e-06,PASS,Frozen full-action mechanism replay against accepted 5.2.2 trajectory.
5.2.3,full_action_path_replay,Reactive,test_043_f1174106175c,,1.4551915228366852e-11,1e-06,PASS,Frozen full-action mechanism replay against accepted 5.2.2 trajectory.
5.2.3,full_action_path_replay,Reactive,test_044_ed401c94714a,,1.4551915228366852e-11,1e-06,PASS,Frozen full-action mechanism replay against accepted 5.2.2 trajectory.
5.2.3,full_action_path_replay,Reactive,test_045_af7d3f616c1d,,1.4551915228366852e-11,1e-06,PASS,Frozen full-action mechanism replay against accepted 5.2.2 trajectory.
5.2.3,full_action_path_replay,Reactive,test_046_e35b743e6617,,1.4551915228366852e-11,1e-06,PASS,Frozen full-action mechanism replay against accepted 5.2.2 trajectory.
5.2.3,full_action_path_replay,Reactive,test_047_20c1f89391c1,,1.4551915228366852e-11,1e-06,PASS,Frozen full-action mechanism replay against accepted 5.2.2 trajectory.
5.2.3,full_action_path_replay,Reactive,test_048_eeaf6a6a0a15,,1.4551915228366852e-11,1e-06,PASS,Frozen full-action mechanism replay against accepted 5.2.2 trajectory.
5.2.3,full_action_path_replay,Reactive,test_049_343da3774e7e,,2.273736754432321e-13,1e-06,PASS,Frozen full-action mechanism replay against accepted 5.2.2 trajectory.
5.2.3,full_action_path_replay,Reactive,test_050_1c7612d8bc63,,4.547473508864641e-13,1e-06,PASS,Frozen full-action mechanism replay against accepted 5.2.2 trajectory.
5.2.3,full_action_path_replay,Reactive,test_051_5747c87e6d9a,,2.273736754432321e-13,1e-06,PASS,Frozen full-action mechanism replay against accepted 5.2.2 trajectory.
5.2.3,full_action_path_replay,Reactive,test_052_9760565f31de,,9.259086553026208e-17,1e-06,PASS,Frozen full-action mechanism replay against accepted 5.2.2 trajectory.
5.2.3,full_action_path_replay,Reactive,test_053_4473e6f72168,,1.4551915228366852e-11,1e-06,PASS,Frozen full-action mechanism replay against accepted 5.2.2 trajectory.
5.2.3,full_action_path_replay,Reactive,test_054_c66f0b1dacc4,,1.4551915228366852e-11,1e-06,PASS,Frozen full-action mechanism replay against accepted 5.2.2 trajectory.
5.2.3,full_action_path_replay,Reactive,test_055_f90330578051,,4.547473508864641e-13,1e-06,PASS,Frozen full-action mechanism replay against accepted 5.2.2 trajectory.
5.2.3,full_action_path_replay,Reactive,test_056_b2c64046cef9,,1.4551915228366852e-11,1e-06,PASS,Frozen full-action mechanism replay against accepted 5.2.2 trajectory.
5.2.3,full_action_path_replay,Reactive,test_057_bf11b8e004e2,,3.7404974950749895e-18,1e-06,PASS,Frozen full-action mechanism replay against accepted 5.2.2 trajectory.
5.2.3,full_action_path_replay,Reactive,test_058_fbcfbffca03e,,3.659182332138578e-17,1e-06,PASS,Frozen full-action mechanism replay against accepted 5.2.2 trajectory.
5.2.3,full_action_path_replay,Reactive,test_059_d22925a9593f,,9.784924606681678e-17,1e-06,PASS,Frozen full-action mechanism replay against accepted 5.2.2 trajectory.
5.2.3,full_action_path_replay,Reactive,test_060_b3feb9e274c2,,2.273736754432321e-13,1e-06,PASS,Frozen full-action mechanism replay against accepted 5.2.2 trajectory.
5.2.3,full_action_path_replay,Reactive,test_061_627abde70c26,,1.4551915228366852e-11,1e-06,PASS,Frozen full-action mechanism replay against accepted 5.2.2 trajectory.
5.2.3,full_action_path_replay,Reactive,test_062_0c9ea14e9507,,1.4551915228366852e-11,1e-06,PASS,Frozen full-action mechanism replay against accepted 5.2.2 trajectory.
5.2.3,full_action_path_replay,Reactive,test_063_44f0f2a191ef,,2.273736754432321e-13,1e-06,PASS,Frozen full-action mechanism replay against accepted 5.2.2 trajectory.
5.2.3,full_action_path_replay,Reactive,test_064_27d69866b791,,2.273736754432321e-13,1e-06,PASS,Frozen full-action mechanism replay against accepted 5.2.2 trajectory.
5.2.3,full_action_path_replay,Reactive,test_065_930038cc16e9,,1.4551915228366852e-11,1e-06,PASS,Frozen full-action mechanism replay against accepted 5.2.2 trajectory.
5.2.3,full_action_path_replay,Reactive,test_066_28fb87ba4913,,3.664603343001005e-17,1e-06,PASS,Frozen full-action mechanism replay against accepted 5.2.2 trajectory.
5.2.3,full_action_path_replay,Reactive,test_067_4d46fa716471,,1.4551915228366852e-11,1e-06,PASS,Frozen full-action mechanism replay against accepted 5.2.2 trajectory.
5.2.3,full_action_path_replay,Reactive,test_068_93da1d4ae1ba,,1.4551915228366852e-11,1e-06,PASS,Frozen full-action mechanism replay against accepted 5.2.2 trajectory.
5.2.3,full_action_path_replay,Reactive,test_069_5b01ea54b2fa,,1.4551915228366852e-11,1e-06,PASS,Frozen full-action mechanism replay against accepted 5.2.2 trajectory.
5.2.3,full_action_path_replay,Reactive,test_070_0cd9bcac96c3,,4.547473508864641e-13,1e-06,PASS,Frozen full-action mechanism replay against accepted 5.2.2 trajectory.
5.2.3,full_action_path_replay,Reactive,test_071_34f77888383f,,9.094947017729282e-13,1e-06,PASS,Frozen full-action mechanism replay against accepted 5.2.2 trajectory.
5.2.3,full_action_path_replay,Reactive,test_072_8e59fac0e6c8,,4.547473508864641e-13,1e-06,PASS,Frozen full-action mechanism replay against accepted 5.2.2 trajectory.
5.2.3,full_action_path_replay,Reactive,test_073_69349232969b,,1.4551915228366852e-11,1e-06,PASS,Frozen full-action mechanism replay against accepted 5.2.2 trajectory.
5.2.3,full_action_path_replay,Reactive,test_074_212affc962e2,,2.273736754432321e-13,1e-06,PASS,Frozen full-action mechanism replay against accepted 5.2.2 trajectory.
5.2.3,full_action_path_replay,Reactive,test_075_8de4e41c7ad9,,1.4551915228366852e-11,1e-06,PASS,Frozen full-action mechanism replay against accepted 5.2.2 trajectory.
5.2.3,full_action_path_replay,Reactive,test_076_48339f21c8ec,,9.226560487851644e-17,1e-06,PASS,Frozen full-action mechanism replay against accepted 5.2.2 trajectory.
5.2.3,full_action_path_replay,Reactive,test_077_b1f2e84dc844,,7.855044739657481e-17,1e-06,PASS,Frozen full-action mechanism replay against accepted 5.2.2 trajectory.
5.2.3,full_action_path_replay,Reactive,test_078_367d379a9297,,9.094947017729282e-13,1e-06,PASS,Frozen full-action mechanism replay against accepted 5.2.2 trajectory.
5.2.3,full_action_path_replay,Reactive,test_079_bce06ca59758,,1.4551915228366852e-11,1e-06,PASS,Frozen full-action mechanism replay against accepted 5.2.2 trajectory.
5.2.3,full_action_path_replay,Reactive,test_080_e669407a98d7,,1.4551915228366852e-11,1e-06,PASS,Frozen full-action mechanism replay against accepted 5.2.2 trajectory.
5.2.3,full_action_path_replay,Reactive,test_081_fbbd80304765,,2.273736754432321e-13,1e-06,PASS,Frozen full-action mechanism replay against accepted 5.2.2 trajectory.
5.2.3,full_action_path_replay,Reactive,test_082_2cf496ac3a99,,1.4551915228366852e-11,1e-06,PASS,Frozen full-action mechanism replay against accepted 5.2.2 trajectory.
5.2.3,full_action_path_replay,Reactive,test_083_4cbdde5f376f,,2.1846673775582917e-17,1e-06,PASS,Frozen full-action mechanism replay against accepted 5.2.2 trajectory.
5.2.3,full_action_path_replay,Reactive,test_084_513eb18f351c,,1.4551915228366852e-11,1e-06,PASS,Frozen full-action mechanism replay against accepted 5.2.2 trajectory.
5.2.3,full_action_path_replay,Reactive,test_085_650c50514b66,,3.50197301712818e-17,1e-06,PASS,Frozen full-action mechanism replay against accepted 5.2.2 trajectory.
5.2.3,full_action_path_replay,Reactive,test_086_754dc8e1ab0e,,1.4551915228366852e-11,1e-06,PASS,Frozen full-action mechanism replay against accepted 5.2.2 trajectory.
5.2.3,full_action_path_replay,Reactive,test_087_cbc79ee243dd,,4.547473508864641e-13,1e-06,PASS,Frozen full-action mechanism replay against accepted 5.2.2 trajectory.
5.2.4,lead_aligned_full_rights_historical_anchor,I_L / RD anchor,test_000_4ae657b9eeec,301721597.0,1.4551915228366852e-11,1e-06,PASS,Accepted 5.2.4 historical anchor replay against accepted 5.2.2 MG controller.
5.2.4,lead_aligned_full_rights_historical_anchor,I_L / RD anchor,test_000_4ae657b9eeec,554911178.0,1.4551915228366852e-11,1e-06,PASS,Accepted 5.2.4 historical anchor replay against accepted 5.2.2 MG controller.
5.2.4,lead_aligned_full_rights_historical_anchor,I_L / RD anchor,test_000_4ae657b9eeec,1600960620.0,1.4551915228366852e-11,1e-06,PASS,Accepted 5.2.4 historical anchor replay against accepted 5.2.2 MG controller.
5.2.4,lead_aligned_full_rights_historical_anchor,I_L / RD anchor,test_001_dde9993de777,301721597.0,1.4551915228366852e-11,1e-06,PASS,Accepted 5.2.4 historical anchor replay against accepted 5.2.2 MG controller.
5.2.4,lead_aligned_full_rights_historical_anchor,I_L / RD anchor,test_001_dde9993de777,554911178.0,9.094947017729282e-13,1e-06,PASS,Accepted 5.2.4 historical anchor replay against accepted 5.2.2 MG controller.
5.2.4,lead_aligned_full_rights_historical_anchor,I_L / RD anchor,test_001_dde9993de777,1600960620.0,1.1368683772161605e-13,1e-06,PASS,Accepted 5.2.4 historical anchor replay against accepted 5.2.2 MG controller.
5.2.4,lead_aligned_full_rights_historical_anchor,I_L / RD anchor,test_002_f01217ab0e79,301721597.0,1.4551915228366852e-11,1e-06,PASS,Accepted 5.2.4 historical anchor replay against accepted 5.2.2 MG controller.
5.2.4,lead_aligned_full_rights_historical_anchor,I_L / RD anchor,test_002_f01217ab0e79,554911178.0,1.1368683772161605e-13,1e-06,PASS,Accepted 5.2.4 historical anchor replay against accepted 5.2.2 MG controller.
5.2.4,lead_aligned_full_rights_historical_anchor,I_L / RD anchor,test_002_f01217ab0e79,1600960620.0,1.4551915228366852e-11,1e-06,PASS,Accepted 5.2.4 historical anchor replay against accepted 5.2.2 MG controller.
5.2.4,lead_aligned_full_rights_historical_anchor,I_L / RD anchor,test_003_eb3106001035,301721597.0,4.547473508864641e-13,1e-06,PASS,Accepted 5.2.4 historical anchor replay against accepted 5.2.2 MG controller.
5.2.4,lead_aligned_full_rights_historical_anchor,I_L / RD anchor,test_003_eb3106001035,554911178.0,1.1368683772161605e-13,1e-06,PASS,Accepted 5.2.4 historical anchor replay against accepted 5.2.2 MG controller.
5.2.4,lead_aligned_full_rights_historical_anchor,I_L / RD anchor,test_003_eb3106001035,1600960620.0,1.4551915228366852e-11,1e-06,PASS,Accepted 5.2.4 historical anchor replay against accepted 5.2.2 MG controller.
5.2.4,lead_aligned_full_rights_historical_anchor,I_L / RD anchor,test_004_55a330aff5c4,301721597.0,0.0,1e-06,PASS,Accepted 5.2.4 historical anchor replay against accepted 5.2.2 MG controller.
5.2.4,lead_aligned_full_rights_historical_anchor,I_L / RD anchor,test_004_55a330aff5c4,554911178.0,1.4551915228366852e-11,1e-06,PASS,Accepted 5.2.4 historical anchor replay against accepted 5.2.2 MG controller.
5.2.4,lead_aligned_full_rights_historical_anchor,I_L / RD anchor,test_004_55a330aff5c4,1600960620.0,1.4551915228366852e-11,1e-06,PASS,Accepted 5.2.4 historical anchor replay against accepted 5.2.2 MG controller.
5.2.4,lead_aligned_full_rights_historical_anchor,I_L / RD anchor,test_005_981c73a17708,301721597.0,1.4551915228366852e-11,1e-06,PASS,Accepted 5.2.4 historical anchor replay against accepted 5.2.2 MG controller.
5.2.4,lead_aligned_full_rights_historical_anchor,I_L / RD anchor,test_005_981c73a17708,554911178.0,4.547473508864641e-13,1e-06,PASS,Accepted 5.2.4 historical anchor replay against accepted 5.2.2 MG controller.
5.2.4,lead_aligned_full_rights_historical_anchor,I_L / RD anchor,test_005_981c73a17708,1600960620.0,0.0,1e-06,PASS,Accepted 5.2.4 historical anchor replay against accepted 5.2.2 MG controller.
5.2.4,lead_aligned_full_rights_historical_anchor,I_L / RD anchor,test_006_daba4b1e9814,301721597.0,1.4551915228366852e-11,1e-06,PASS,Accepted 5.2.4 historical anchor replay against accepted 5.2.2 MG controller.
5.2.4,lead_aligned_full_rights_historical_anchor,I_L / RD anchor,test_006_daba4b1e9814,554911178.0,1.4551915228366852e-11,1e-06,PASS,Accepted 5.2.4 historical anchor replay against accepted 5.2.2 MG controller.
5.2.4,lead_aligned_full_rights_historical_anchor,I_L / RD anchor,test_006_daba4b1e9814,1600960620.0,1.4551915228366852e-11,1e-06,PASS,Accepted 5.2.4 historical anchor replay against accepted 5.2.2 MG controller.
5.2.4,lead_aligned_full_rights_historical_anchor,I_L / RD anchor,test_007_925513ee8ec6,301721597.0,0.0,1e-06,PASS,Accepted 5.2.4 historical anchor replay against accepted 5.2.2 MG controller.
5.2.4,lead_aligned_full_rights_historical_anchor,I_L / RD anchor,test_007_925513ee8ec6,554911178.0,1.4551915228366852e-11,1e-06,PASS,Accepted 5.2.4 historical anchor replay against accepted 5.2.2 MG controller.
5.2.4,lead_aligned_full_rights_historical_anchor,I_L / RD anchor,test_007_925513ee8ec6,1600960620.0,1.4551915228366852e-11,1e-06,PASS,Accepted 5.2.4 historical anchor replay against accepted 5.2.2 MG controller.
5.2.4,lead_aligned_full_rights_historical_anchor,I_L / RD anchor,test_008_fabe46a0ea00,301721597.0,9.094947017729282e-13,1e-06,PASS,Accepted 5.2.4 historical anchor replay against accepted 5.2.2 MG controller.
5.2.4,lead_aligned_full_rights_historical_anchor,I_L / RD anchor,test_008_fabe46a0ea00,554911178.0,1.4551915228366852e-11,1e-06,PASS,Accepted 5.2.4 historical anchor replay against accepted 5.2.2 MG controller.
5.2.4,lead_aligned_full_rights_historical_anchor,I_L / RD anchor,test_008_fabe46a0ea00,1600960620.0,1.4551915228366852e-11,1e-06,PASS,Accepted 5.2.4 historical anchor replay against accepted 5.2.2 MG controller.
5.2.4,lead_aligned_full_rights_historical_anchor,I_L / RD anchor,test_009_c8ef87e47101,301721597.0,2.273736754432321e-13,1e-06,PASS,Accepted 5.2.4 historical anchor replay against accepted 5.2.2 MG controller.
5.2.4,lead_aligned_full_rights_historical_anchor,I_L / RD anchor,test_009_c8ef87e47101,554911178.0,1.1368683772161605e-13,1e-06,PASS,Accepted 5.2.4 historical anchor replay against accepted 5.2.2 MG controller.
5.2.4,lead_aligned_full_rights_historical_anchor,I_L / RD anchor,test_009_c8ef87e47101,1600960620.0,1.4551915228366852e-11,1e-06,PASS,Accepted 5.2.4 historical anchor replay against accepted 5.2.2 MG controller.
5.2.4,lead_aligned_full_rights_historical_anchor,I_L / RD anchor,test_010_613ab99db82c,301721597.0,2.273736754432321e-13,1e-06,PASS,Accepted 5.2.4 historical anchor replay against accepted 5.2.2 MG controller.
5.2.4,lead_aligned_full_rights_historical_anchor,I_L / RD anchor,test_010_613ab99db82c,554911178.0,1.4551915228366852e-11,1e-06,PASS,Accepted 5.2.4 historical anchor replay against accepted 5.2.2 MG controller.
5.2.4,lead_aligned_full_rights_historical_anchor,I_L / RD anchor,test_010_613ab99db82c,1600960620.0,4.547473508864641e-13,1e-06,PASS,Accepted 5.2.4 historical anchor replay against accepted 5.2.2 MG controller.
5.2.4,lead_aligned_full_rights_historical_anchor,I_L / RD anchor,test_011_8a2e74b38d5d,301721597.0,1.4551915228366852e-11,1e-06,PASS,Accepted 5.2.4 historical anchor replay against accepted 5.2.2 MG controller.
5.2.4,lead_aligned_full_rights_historical_anchor,I_L / RD anchor,test_011_8a2e74b38d5d,554911178.0,0.0,1e-06,PASS,Accepted 5.2.4 historical anchor replay against accepted 5.2.2 MG controller.
5.2.4,lead_aligned_full_rights_historical_anchor,I_L / RD anchor,test_011_8a2e74b38d5d,1600960620.0,1.4551915228366852e-11,1e-06,PASS,Accepted 5.2.4 historical anchor replay against accepted 5.2.2 MG controller.
5.2.4,lead_aligned_full_rights_historical_anchor,I_L / RD anchor,test_012_b6bdc05b20a7,301721597.0,1.4551915228366852e-11,1e-06,PASS,Accepted 5.2.4 historical anchor replay against accepted 5.2.2 MG controller.
5.2.4,lead_aligned_full_rights_historical_anchor,I_L / RD anchor,test_012_b6bdc05b20a7,554911178.0,4.547473508864641e-13,1e-06,PASS,Accepted 5.2.4 historical anchor replay against accepted 5.2.2 MG controller.
5.2.4,lead_aligned_full_rights_historical_anchor,I_L / RD anchor,test_012_b6bdc05b20a7,1600960620.0,4.547473508864641e-13,1e-06,PASS,Accepted 5.2.4 historical anchor replay against accepted 5.2.2 MG controller.
5.2.4,lead_aligned_full_rights_historical_anchor,I_L / RD anchor,test_013_040653995d85,301721597.0,0.0,1e-06,PASS,Accepted 5.2.4 historical anchor replay against accepted 5.2.2 MG controller.
5.2.4,lead_aligned_full_rights_historical_anchor,I_L / RD anchor,test_013_040653995d85,554911178.0,4.547473508864641e-13,1e-06,PASS,Accepted 5.2.4 historical anchor replay against accepted 5.2.2 MG controller.
5.2.4,lead_aligned_full_rights_historical_anchor,I_L / RD anchor,test_013_040653995d85,1600960620.0,4.547473508864641e-13,1e-06,PASS,Accepted 5.2.4 historical anchor replay against accepted 5.2.2 MG controller.
5.2.4,lead_aligned_full_rights_historical_anchor,I_L / RD anchor,test_014_f00647451070,301721597.0,4.547473508864641e-13,1e-06,PASS,Accepted 5.2.4 historical anchor replay against accepted 5.2.2 MG controller.
5.2.4,lead_aligned_full_rights_historical_anchor,I_L / RD anchor,test_014_f00647451070,554911178.0,9.094947017729282e-13,1e-06,PASS,Accepted 5.2.4 historical anchor replay against accepted 5.2.2 MG controller.
5.2.4,lead_aligned_full_rights_historical_anchor,I_L / RD anchor,test_014_f00647451070,1600960620.0,1.4551915228366852e-11,1e-06,PASS,Accepted 5.2.4 historical anchor replay against accepted 5.2.2 MG controller.
5.2.4,lead_aligned_full_rights_historical_anchor,I_L / RD anchor,test_015_643a837775f9,301721597.0,0.0,1e-06,PASS,Accepted 5.2.4 historical anchor replay against accepted 5.2.2 MG controller.
5.2.4,lead_aligned_full_rights_historical_anchor,I_L / RD anchor,test_015_643a837775f9,554911178.0,1.1368683772161605e-13,1e-06,PASS,Accepted 5.2.4 historical anchor replay against accepted 5.2.2 MG controller.
5.2.4,lead_aligned_full_rights_historical_anchor,I_L / RD anchor,test_015_643a837775f9,1600960620.0,1.4551915228366852e-11,1e-06,PASS,Accepted 5.2.4 historical anchor replay against accepted 5.2.2 MG controller.
5.2.4,lead_aligned_full_rights_historical_anchor,I_L / RD anchor,test_016_45a90ccef8bd,301721597.0,1.4551915228366852e-11,1e-06,PASS,Accepted 5.2.4 historical anchor replay against accepted 5.2.2 MG controller.
5.2.4,lead_aligned_full_rights_historical_anchor,I_L / RD anchor,test_016_45a90ccef8bd,554911178.0,2.273736754432321e-13,1e-06,PASS,Accepted 5.2.4 historical anchor replay against accepted 5.2.2 MG controller.
5.2.4,lead_aligned_full_rights_historical_anchor,I_L / RD anchor,test_016_45a90ccef8bd,1600960620.0,4.547473508864641e-13,1e-06,PASS,Accepted 5.2.4 historical anchor replay against accepted 5.2.2 MG controller.
5.2.4,lead_aligned_full_rights_historical_anchor,I_L / RD anchor,test_017_ebd333a3cdba,301721597.0,4.547473508864641e-13,1e-06,PASS,Accepted 5.2.4 historical anchor replay against accepted 5.2.2 MG controller.
5.2.4,lead_aligned_full_rights_historical_anchor,I_L / RD anchor,test_017_ebd333a3cdba,554911178.0,4.547473508864641e-13,1e-06,PASS,Accepted 5.2.4 historical anchor replay against accepted 5.2.2 MG controller.
5.2.4,lead_aligned_full_rights_historical_anchor,I_L / RD anchor,test_017_ebd333a3cdba,1600960620.0,1.4551915228366852e-11,1e-06,PASS,Accepted 5.2.4 historical anchor replay against accepted 5.2.2 MG controller.
5.2.4,lead_aligned_full_rights_historical_anchor,I_L / RD anchor,test_018_9466cee538c9,301721597.0,1.4551915228366852e-11,1e-06,PASS,Accepted 5.2.4 historical anchor replay against accepted 5.2.2 MG controller.
5.2.4,lead_aligned_full_rights_historical_anchor,I_L / RD anchor,test_018_9466cee538c9,554911178.0,1.4551915228366852e-11,1e-06,PASS,Accepted 5.2.4 historical anchor replay against accepted 5.2.2 MG controller.
5.2.4,lead_aligned_full_rights_historical_anchor,I_L / RD anchor,test_018_9466cee538c9,1600960620.0,1.4551915228366852e-11,1e-06,PASS,Accepted 5.2.4 historical anchor replay against accepted 5.2.2 MG controller.
5.2.4,lead_aligned_full_rights_historical_anchor,I_L / RD anchor,test_019_9d2b7462a57a,301721597.0,1.8189894035458565e-12,1e-06,PASS,Accepted 5.2.4 historical anchor replay against accepted 5.2.2 MG controller.
5.2.4,lead_aligned_full_rights_historical_anchor,I_L / RD anchor,test_019_9d2b7462a57a,554911178.0,1.4551915228366852e-11,1e-06,PASS,Accepted 5.2.4 historical anchor replay against accepted 5.2.2 MG controller.
5.2.4,lead_aligned_full_rights_historical_anchor,I_L / RD anchor,test_019_9d2b7462a57a,1600960620.0,1.4551915228366852e-11,1e-06,PASS,Accepted 5.2.4 historical anchor replay against accepted 5.2.2 MG controller.
5.2.4,lead_aligned_full_rights_historical_anchor,I_L / RD anchor,test_020_701c8d28bc45,301721597.0,4.547473508864641e-13,1e-06,PASS,Accepted 5.2.4 historical anchor replay against accepted 5.2.2 MG controller.
5.2.4,lead_aligned_full_rights_historical_anchor,I_L / RD anchor,test_020_701c8d28bc45,554911178.0,1.4551915228366852e-11,1e-06,PASS,Accepted 5.2.4 historical anchor replay against accepted 5.2.2 MG controller.
5.2.4,lead_aligned_full_rights_historical_anchor,I_L / RD anchor,test_020_701c8d28bc45,1600960620.0,1.8189894035458565e-12,1e-06,PASS,Accepted 5.2.4 historical anchor replay against accepted 5.2.2 MG controller.
5.2.4,lead_aligned_full_rights_historical_anchor,I_L / RD anchor,test_021_69299bc5d0bf,301721597.0,0.0,1e-06,PASS,Accepted 5.2.4 historical anchor replay against accepted 5.2.2 MG controller.
5.2.4,lead_aligned_full_rights_historical_anchor,I_L / RD anchor,test_021_69299bc5d0bf,554911178.0,4.547473508864641e-13,1e-06,PASS,Accepted 5.2.4 historical anchor replay against accepted 5.2.2 MG controller.
5.2.4,lead_aligned_full_rights_historical_anchor,I_L / RD anchor,test_021_69299bc5d0bf,1600960620.0,0.0,1e-06,PASS,Accepted 5.2.4 historical anchor replay against accepted 5.2.2 MG controller.
5.2.4,lead_aligned_full_rights_historical_anchor,I_L / RD anchor,test_022_1b3e72c80b5f,301721597.0,2.273736754432321e-13,1e-06,PASS,Accepted 5.2.4 historical anchor replay against accepted 5.2.2 MG controller.
5.2.4,lead_aligned_full_rights_historical_anchor,I_L / RD anchor,test_022_1b3e72c80b5f,554911178.0,1.4551915228366852e-11,1e-06,PASS,Accepted 5.2.4 historical anchor replay against accepted 5.2.2 MG controller.
5.2.4,lead_aligned_full_rights_historical_anchor,I_L / RD anchor,test_022_1b3e72c80b5f,1600960620.0,1.4551915228366852e-11,1e-06,PASS,Accepted 5.2.4 historical anchor replay against accepted 5.2.2 MG controller.
5.2.4,lead_aligned_full_rights_historical_anchor,I_L / RD anchor,test_023_90a8af416c5a,301721597.0,0.0,1e-06,PASS,Accepted 5.2.4 historical anchor replay against accepted 5.2.2 MG controller.
5.2.4,lead_aligned_full_rights_historical_anchor,I_L / RD anchor,test_023_90a8af416c5a,554911178.0,1.1368683772161605e-13,1e-06,PASS,Accepted 5.2.4 historical anchor replay against accepted 5.2.2 MG controller.
5.2.4,lead_aligned_full_rights_historical_anchor,I_L / RD anchor,test_023_90a8af416c5a,1600960620.0,1.1368683772161605e-13,1e-06,PASS,Accepted 5.2.4 historical anchor replay against accepted 5.2.2 MG controller.
5.2.4,lead_aligned_full_rights_historical_anchor,I_L / RD anchor,test_024_e90f261f99e2,301721597.0,1.1368683772161605e-13,1e-06,PASS,Accepted 5.2.4 historical anchor replay against accepted 5.2.2 MG controller.
5.2.4,lead_aligned_full_rights_historical_anchor,I_L / RD anchor,test_024_e90f261f99e2,554911178.0,1.4551915228366852e-11,1e-06,PASS,Accepted 5.2.4 historical anchor replay against accepted 5.2.2 MG controller.
5.2.4,lead_aligned_full_rights_historical_anchor,I_L / RD anchor,test_024_e90f261f99e2,1600960620.0,1.4551915228366852e-11,1e-06,PASS,Accepted 5.2.4 historical anchor replay against accepted 5.2.2 MG controller.
5.2.4,lead_aligned_full_rights_historical_anchor,I_L / RD anchor,test_025_0c3eeaae0824,301721597.0,1.4551915228366852e-11,1e-06,PASS,Accepted 5.2.4 historical anchor replay against accepted 5.2.2 MG controller.
5.2.4,lead_aligned_full_rights_historical_anchor,I_L / RD anchor,test_025_0c3eeaae0824,554911178.0,1.4551915228366852e-11,1e-06,PASS,Accepted 5.2.4 historical anchor replay against accepted 5.2.2 MG controller.
5.2.4,lead_aligned_full_rights_historical_anchor,I_L / RD anchor,test_025_0c3eeaae0824,1600960620.0,1.4551915228366852e-11,1e-06,PASS,Accepted 5.2.4 historical anchor replay against accepted 5.2.2 MG controller.
5.2.4,lead_aligned_full_rights_historical_anchor,I_L / RD anchor,test_026_770d47ae1768,301721597.0,1.4551915228366852e-11,1e-06,PASS,Accepted 5.2.4 historical anchor replay against accepted 5.2.2 MG controller.
5.2.4,lead_aligned_full_rights_historical_anchor,I_L / RD anchor,test_026_770d47ae1768,554911178.0,1.4551915228366852e-11,1e-06,PASS,Accepted 5.2.4 historical anchor replay against accepted 5.2.2 MG controller.
5.2.4,lead_aligned_full_rights_historical_anchor,I_L / RD anchor,test_026_770d47ae1768,1600960620.0,1.4551915228366852e-11,1e-06,PASS,Accepted 5.2.4 historical anchor replay against accepted 5.2.2 MG controller.
5.2.4,lead_aligned_full_rights_historical_anchor,I_L / RD anchor,test_027_df5d670513fa,301721597.0,1.4551915228366852e-11,1e-06,PASS,Accepted 5.2.4 historical anchor replay against accepted 5.2.2 MG controller.
5.2.4,lead_aligned_full_rights_historical_anchor,I_L / RD anchor,test_027_df5d670513fa,554911178.0,1.4551915228366852e-11,1e-06,PASS,Accepted 5.2.4 historical anchor replay against accepted 5.2.2 MG controller.
5.2.4,lead_aligned_full_rights_historical_anchor,I_L / RD anchor,test_027_df5d670513fa,1600960620.0,1.4551915228366852e-11,1e-06,PASS,Accepted 5.2.4 historical anchor replay against accepted 5.2.2 MG controller.
5.2.4,lead_aligned_full_rights_historical_anchor,I_L / RD anchor,test_028_e9fb02365dd3,301721597.0,2.273736754432321e-13,1e-06,PASS,Accepted 5.2.4 historical anchor replay against accepted 5.2.2 MG controller.
5.2.4,lead_aligned_full_rights_historical_anchor,I_L / RD anchor,test_028_e9fb02365dd3,554911178.0,1.4551915228366852e-11,1e-06,PASS,Accepted 5.2.4 historical anchor replay against accepted 5.2.2 MG controller.
5.2.4,lead_aligned_full_rights_historical_anchor,I_L / RD anchor,test_028_e9fb02365dd3,1600960620.0,1.4551915228366852e-11,1e-06,PASS,Accepted 5.2.4 historical anchor replay against accepted 5.2.2 MG controller.
5.2.4,lead_aligned_full_rights_historical_anchor,I_L / RD anchor,test_029_b44f60718c5a,301721597.0,1.4551915228366852e-11,1e-06,PASS,Accepted 5.2.4 historical anchor replay against accepted 5.2.2 MG controller.
5.2.4,lead_aligned_full_rights_historical_anchor,I_L / RD anchor,test_029_b44f60718c5a,554911178.0,1.4551915228366852e-11,1e-06,PASS,Accepted 5.2.4 historical anchor replay against accepted 5.2.2 MG controller.
5.2.4,lead_aligned_full_rights_historical_anchor,I_L / RD anchor,test_029_b44f60718c5a,1600960620.0,1.4551915228366852e-11,1e-06,PASS,Accepted 5.2.4 historical anchor replay against accepted 5.2.2 MG controller.
5.2.4,lead_aligned_full_rights_historical_anchor,I_L / RD anchor,test_030_038f4c53d11f,301721597.0,1.4551915228366852e-11,1e-06,PASS,Accepted 5.2.4 historical anchor replay against accepted 5.2.2 MG controller.
5.2.4,lead_aligned_full_rights_historical_anchor,I_L / RD anchor,test_030_038f4c53d11f,554911178.0,1.4551915228366852e-11,1e-06,PASS,Accepted 5.2.4 historical anchor replay against accepted 5.2.2 MG controller.
5.2.4,lead_aligned_full_rights_historical_anchor,I_L / RD anchor,test_030_038f4c53d11f,1600960620.0,1.4551915228366852e-11,1e-06,PASS,Accepted 5.2.4 historical anchor replay against accepted 5.2.2 MG controller.
5.2.4,lead_aligned_full_rights_historical_anchor,I_L / RD anchor,test_031_0a6ff70351b5,301721597.0,1.4551915228366852e-11,1e-06,PASS,Accepted 5.2.4 historical anchor replay against accepted 5.2.2 MG controller.
5.2.4,lead_aligned_full_rights_historical_anchor,I_L / RD anchor,test_031_0a6ff70351b5,554911178.0,1.4551915228366852e-11,1e-06,PASS,Accepted 5.2.4 historical anchor replay against accepted 5.2.2 MG controller.
5.2.4,lead_aligned_full_rights_historical_anchor,I_L / RD anchor,test_031_0a6ff70351b5,1600960620.0,1.4551915228366852e-11,1e-06,PASS,Accepted 5.2.4 historical anchor replay against accepted 5.2.2 MG controller.
5.2.4,lead_aligned_full_rights_historical_anchor,I_L / RD anchor,test_032_efdf826e6bc3,301721597.0,1.4551915228366852e-11,1e-06,PASS,Accepted 5.2.4 historical anchor replay against accepted 5.2.2 MG controller.
5.2.4,lead_aligned_full_rights_historical_anchor,I_L / RD anchor,test_032_efdf826e6bc3,554911178.0,1.1368683772161605e-13,1e-06,PASS,Accepted 5.2.4 historical anchor replay against accepted 5.2.2 MG controller.
5.2.4,lead_aligned_full_rights_historical_anchor,I_L / RD anchor,test_032_efdf826e6bc3,1600960620.0,4.547473508864641e-13,1e-06,PASS,Accepted 5.2.4 historical anchor replay against accepted 5.2.2 MG controller.
5.2.4,lead_aligned_full_rights_historical_anchor,I_L / RD anchor,test_033_de0c441dba67,301721597.0,2.273736754432321e-13,1e-06,PASS,Accepted 5.2.4 historical anchor replay against accepted 5.2.2 MG controller.
5.2.4,lead_aligned_full_rights_historical_anchor,I_L / RD anchor,test_033_de0c441dba67,554911178.0,1.4551915228366852e-11,1e-06,PASS,Accepted 5.2.4 historical anchor replay against accepted 5.2.2 MG controller.
5.2.4,lead_aligned_full_rights_historical_anchor,I_L / RD anchor,test_033_de0c441dba67,1600960620.0,2.273736754432321e-13,1e-06,PASS,Accepted 5.2.4 historical anchor replay against accepted 5.2.2 MG controller.
5.2.4,lead_aligned_full_rights_historical_anchor,I_L / RD anchor,test_034_a00d80b83640,301721597.0,1.4551915228366852e-11,1e-06,PASS,Accepted 5.2.4 historical anchor replay against accepted 5.2.2 MG controller.
5.2.4,lead_aligned_full_rights_historical_anchor,I_L / RD anchor,test_034_a00d80b83640,554911178.0,1.4551915228366852e-11,1e-06,PASS,Accepted 5.2.4 historical anchor replay against accepted 5.2.2 MG controller.
5.2.4,lead_aligned_full_rights_historical_anchor,I_L / RD anchor,test_034_a00d80b83640,1600960620.0,1.4551915228366852e-11,1e-06,PASS,Accepted 5.2.4 historical anchor replay against accepted 5.2.2 MG controller.
5.2.4,lead_aligned_full_rights_historical_anchor,I_L / RD anchor,test_035_51fd398978b7,301721597.0,1.4551915228366852e-11,1e-06,PASS,Accepted 5.2.4 historical anchor replay against accepted 5.2.2 MG controller.
5.2.4,lead_aligned_full_rights_historical_anchor,I_L / RD anchor,test_035_51fd398978b7,554911178.0,1.1368683772161605e-13,1e-06,PASS,Accepted 5.2.4 historical anchor replay against accepted 5.2.2 MG controller.
5.2.4,lead_aligned_full_rights_historical_anchor,I_L / RD anchor,test_035_51fd398978b7,1600960620.0,4.547473508864641e-13,1e-06,PASS,Accepted 5.2.4 historical anchor replay against accepted 5.2.2 MG controller.
5.2.4,lead_aligned_full_rights_historical_anchor,I_L / RD anchor,test_036_7eb6ac1ca077,301721597.0,1.4551915228366852e-11,1e-06,PASS,Accepted 5.2.4 historical anchor replay against accepted 5.2.2 MG controller.
5.2.4,lead_aligned_full_rights_historical_anchor,I_L / RD anchor,test_036_7eb6ac1ca077,554911178.0,1.4551915228366852e-11,1e-06,PASS,Accepted 5.2.4 historical anchor replay against accepted 5.2.2 MG controller.
5.2.4,lead_aligned_full_rights_historical_anchor,I_L / RD anchor,test_036_7eb6ac1ca077,1600960620.0,1.4551915228366852e-11,1e-06,PASS,Accepted 5.2.4 historical anchor replay against accepted 5.2.2 MG controller.
5.2.4,lead_aligned_full_rights_historical_anchor,I_L / RD anchor,test_037_f096257ecaa4,301721597.0,1.4551915228366852e-11,1e-06,PASS,Accepted 5.2.4 historical anchor replay against accepted 5.2.2 MG controller.
5.2.4,lead_aligned_full_rights_historical_anchor,I_L / RD anchor,test_037_f096257ecaa4,554911178.0,1.4551915228366852e-11,1e-06,PASS,Accepted 5.2.4 historical anchor replay against accepted 5.2.2 MG controller.
5.2.4,lead_aligned_full_rights_historical_anchor,I_L / RD anchor,test_037_f096257ecaa4,1600960620.0,1.4551915228366852e-11,1e-06,PASS,Accepted 5.2.4 historical anchor replay against accepted 5.2.2 MG controller.
5.2.4,lead_aligned_full_rights_historical_anchor,I_L / RD anchor,test_038_b05abc6e01b3,301721597.0,1.8189894035458565e-12,1e-06,PASS,Accepted 5.2.4 historical anchor replay against accepted 5.2.2 MG controller.
5.2.4,lead_aligned_full_rights_historical_anchor,I_L / RD anchor,test_038_b05abc6e01b3,554911178.0,1.4551915228366852e-11,1e-06,PASS,Accepted 5.2.4 historical anchor replay against accepted 5.2.2 MG controller.
5.2.4,lead_aligned_full_rights_historical_anchor,I_L / RD anchor,test_038_b05abc6e01b3,1600960620.0,1.4551915228366852e-11,1e-06,PASS,Accepted 5.2.4 historical anchor replay against accepted 5.2.2 MG controller.
5.2.4,lead_aligned_full_rights_historical_anchor,I_L / RD anchor,test_039_9c0d1ebe6c19,301721597.0,1.4551915228366852e-11,1e-06,PASS,Accepted 5.2.4 historical anchor replay against accepted 5.2.2 MG controller.
5.2.4,lead_aligned_full_rights_historical_anchor,I_L / RD anchor,test_039_9c0d1ebe6c19,554911178.0,4.547473508864641e-13,1e-06,PASS,Accepted 5.2.4 historical anchor replay against accepted 5.2.2 MG controller.
5.2.4,lead_aligned_full_rights_historical_anchor,I_L / RD anchor,test_039_9c0d1ebe6c19,1600960620.0,1.4551915228366852e-11,1e-06,PASS,Accepted 5.2.4 historical anchor replay against accepted 5.2.2 MG controller.
5.2.4,lead_aligned_full_rights_historical_anchor,I_L / RD anchor,test_040_11a8950c659e,301721597.0,9.094947017729282e-13,1e-06,PASS,Accepted 5.2.4 historical anchor replay against accepted 5.2.2 MG controller.
5.2.4,lead_aligned_full_rights_historical_anchor,I_L / RD anchor,test_040_11a8950c659e,554911178.0,1.4551915228366852e-11,1e-06,PASS,Accepted 5.2.4 historical anchor replay against accepted 5.2.2 MG controller.
5.2.4,lead_aligned_full_rights_historical_anchor,I_L / RD anchor,test_040_11a8950c659e,1600960620.0,1.4551915228366852e-11,1e-06,PASS,Accepted 5.2.4 historical anchor replay against accepted 5.2.2 MG controller.
5.2.4,lead_aligned_full_rights_historical_anchor,I_L / RD anchor,test_041_e58f21dcc209,301721597.0,1.4551915228366852e-11,1e-06,PASS,Accepted 5.2.4 historical anchor replay against accepted 5.2.2 MG controller.
5.2.4,lead_aligned_full_rights_historical_anchor,I_L / RD anchor,test_041_e58f21dcc209,554911178.0,1.4551915228366852e-11,1e-06,PASS,Accepted 5.2.4 historical anchor replay against accepted 5.2.2 MG controller.
5.2.4,lead_aligned_full_rights_historical_anchor,I_L / RD anchor,test_041_e58f21dcc209,1600960620.0,1.4551915228366852e-11,1e-06,PASS,Accepted 5.2.4 historical anchor replay against accepted 5.2.2 MG controller.
5.2.4,lead_aligned_full_rights_historical_anchor,I_L / RD anchor,test_042_a77d2ece213a,301721597.0,1.4551915228366852e-11,1e-06,PASS,Accepted 5.2.4 historical anchor replay against accepted 5.2.2 MG controller.
5.2.4,lead_aligned_full_rights_historical_anchor,I_L / RD anchor,test_042_a77d2ece213a,554911178.0,1.4551915228366852e-11,1e-06,PASS,Accepted 5.2.4 historical anchor replay against accepted 5.2.2 MG controller.
5.2.4,lead_aligned_full_rights_historical_anchor,I_L / RD anchor,test_042_a77d2ece213a,1600960620.0,1.4551915228366852e-11,1e-06,PASS,Accepted 5.2.4 historical anchor replay against accepted 5.2.2 MG controller.
5.2.4,lead_aligned_full_rights_historical_anchor,I_L / RD anchor,test_043_f1174106175c,301721597.0,1.4551915228366852e-11,1e-06,PASS,Accepted 5.2.4 historical anchor replay against accepted 5.2.2 MG controller.
5.2.4,lead_aligned_full_rights_historical_anchor,I_L / RD anchor,test_043_f1174106175c,554911178.0,1.4551915228366852e-11,1e-06,PASS,Accepted 5.2.4 historical anchor replay against accepted 5.2.2 MG controller.
5.2.4,lead_aligned_full_rights_historical_anchor,I_L / RD anchor,test_043_f1174106175c,1600960620.0,1.4551915228366852e-11,1e-06,PASS,Accepted 5.2.4 historical anchor replay against accepted 5.2.2 MG controller.
5.2.4,lead_aligned_full_rights_historical_anchor,I_L / RD anchor,test_044_ed401c94714a,301721597.0,4.547473508864641e-13,1e-06,PASS,Accepted 5.2.4 historical anchor replay against accepted 5.2.2 MG controller.
5.2.4,lead_aligned_full_rights_historical_anchor,I_L / RD anchor,test_044_ed401c94714a,554911178.0,1.4551915228366852e-11,1e-06,PASS,Accepted 5.2.4 historical anchor replay against accepted 5.2.2 MG controller.
5.2.4,lead_aligned_full_rights_historical_anchor,I_L / RD anchor,test_044_ed401c94714a,1600960620.0,0.0,1e-06,PASS,Accepted 5.2.4 historical anchor replay against accepted 5.2.2 MG controller.
5.2.4,lead_aligned_full_rights_historical_anchor,I_L / RD anchor,test_045_af7d3f616c1d,301721597.0,4.547473508864641e-13,1e-06,PASS,Accepted 5.2.4 historical anchor replay against accepted 5.2.2 MG controller.
5.2.4,lead_aligned_full_rights_historical_anchor,I_L / RD anchor,test_045_af7d3f616c1d,554911178.0,0.0,1e-06,PASS,Accepted 5.2.4 historical anchor replay against accepted 5.2.2 MG controller.
5.2.4,lead_aligned_full_rights_historical_anchor,I_L / RD anchor,test_045_af7d3f616c1d,1600960620.0,0.0,1e-06,PASS,Accepted 5.2.4 historical anchor replay against accepted 5.2.2 MG controller.
5.2.4,lead_aligned_full_rights_historical_anchor,I_L / RD anchor,test_046_e35b743e6617,301721597.0,1.4551915228366852e-11,1e-06,PASS,Accepted 5.2.4 historical anchor replay against accepted 5.2.2 MG controller.
5.2.4,lead_aligned_full_rights_historical_anchor,I_L / RD anchor,test_046_e35b743e6617,554911178.0,1.4551915228366852e-11,1e-06,PASS,Accepted 5.2.4 historical anchor replay against accepted 5.2.2 MG controller.
5.2.4,lead_aligned_full_rights_historical_anchor,I_L / RD anchor,test_046_e35b743e6617,1600960620.0,1.4551915228366852e-11,1e-06,PASS,Accepted 5.2.4 historical anchor replay against accepted 5.2.2 MG controller.
5.2.4,lead_aligned_full_rights_historical_anchor,I_L / RD anchor,test_047_20c1f89391c1,301721597.0,1.4551915228366852e-11,1e-06,PASS,Accepted 5.2.4 historical anchor replay against accepted 5.2.2 MG controller.
5.2.4,lead_aligned_full_rights_historical_anchor,I_L / RD anchor,test_047_20c1f89391c1,554911178.0,1.1368683772161605e-13,1e-06,PASS,Accepted 5.2.4 historical anchor replay against accepted 5.2.2 MG controller.
5.2.4,lead_aligned_full_rights_historical_anchor,I_L / RD anchor,test_047_20c1f89391c1,1600960620.0,1.4551915228366852e-11,1e-06,PASS,Accepted 5.2.4 historical anchor replay against accepted 5.2.2 MG controller.
5.2.4,lead_aligned_full_rights_historical_anchor,I_L / RD anchor,test_048_eeaf6a6a0a15,301721597.0,4.547473508864641e-13,1e-06,PASS,Accepted 5.2.4 historical anchor replay against accepted 5.2.2 MG controller.
5.2.4,lead_aligned_full_rights_historical_anchor,I_L / RD anchor,test_048_eeaf6a6a0a15,554911178.0,1.4551915228366852e-11,1e-06,PASS,Accepted 5.2.4 historical anchor replay against accepted 5.2.2 MG controller.
5.2.4,lead_aligned_full_rights_historical_anchor,I_L / RD anchor,test_048_eeaf6a6a0a15,1600960620.0,1.4551915228366852e-11,1e-06,PASS,Accepted 5.2.4 historical anchor replay against accepted 5.2.2 MG controller.
5.2.4,lead_aligned_full_rights_historical_anchor,I_L / RD anchor,test_049_343da3774e7e,301721597.0,0.0,1e-06,PASS,Accepted 5.2.4 historical anchor replay against accepted 5.2.2 MG controller.
5.2.4,lead_aligned_full_rights_historical_anchor,I_L / RD anchor,test_049_343da3774e7e,554911178.0,1.1368683772161605e-13,1e-06,PASS,Accepted 5.2.4 historical anchor replay against accepted 5.2.2 MG controller.
5.2.4,lead_aligned_full_rights_historical_anchor,I_L / RD anchor,test_049_343da3774e7e,1600960620.0,4.547473508864641e-13,1e-06,PASS,Accepted 5.2.4 historical anchor replay against accepted 5.2.2 MG controller.
5.2.4,lead_aligned_full_rights_historical_anchor,I_L / RD anchor,test_050_1c7612d8bc63,301721597.0,1.4551915228366852e-11,1e-06,PASS,Accepted 5.2.4 historical anchor replay against accepted 5.2.2 MG controller.
5.2.4,lead_aligned_full_rights_historical_anchor,I_L / RD anchor,test_050_1c7612d8bc63,554911178.0,1.4551915228366852e-11,1e-06,PASS,Accepted 5.2.4 historical anchor replay against accepted 5.2.2 MG controller.
5.2.4,lead_aligned_full_rights_historical_anchor,I_L / RD anchor,test_050_1c7612d8bc63,1600960620.0,1.1368683772161605e-13,1e-06,PASS,Accepted 5.2.4 historical anchor replay against accepted 5.2.2 MG controller.
5.2.4,lead_aligned_full_rights_historical_anchor,I_L / RD anchor,test_051_5747c87e6d9a,301721597.0,1.4551915228366852e-11,1e-06,PASS,Accepted 5.2.4 historical anchor replay against accepted 5.2.2 MG controller.
5.2.4,lead_aligned_full_rights_historical_anchor,I_L / RD anchor,test_051_5747c87e6d9a,554911178.0,4.547473508864641e-13,1e-06,PASS,Accepted 5.2.4 historical anchor replay against accepted 5.2.2 MG controller.
5.2.4,lead_aligned_full_rights_historical_anchor,I_L / RD anchor,test_051_5747c87e6d9a,1600960620.0,1.4551915228366852e-11,1e-06,PASS,Accepted 5.2.4 historical anchor replay against accepted 5.2.2 MG controller.
5.2.4,lead_aligned_full_rights_historical_anchor,I_L / RD anchor,test_052_9760565f31de,301721597.0,1.1368683772161605e-13,1e-06,PASS,Accepted 5.2.4 historical anchor replay against accepted 5.2.2 MG controller.
5.2.4,lead_aligned_full_rights_historical_anchor,I_L / RD anchor,test_052_9760565f31de,554911178.0,1.1368683772161605e-13,1e-06,PASS,Accepted 5.2.4 historical anchor replay against accepted 5.2.2 MG controller.
5.2.4,lead_aligned_full_rights_historical_anchor,I_L / RD anchor,test_052_9760565f31de,1600960620.0,1.4551915228366852e-11,1e-06,PASS,Accepted 5.2.4 historical anchor replay against accepted 5.2.2 MG controller.
5.2.4,lead_aligned_full_rights_historical_anchor,I_L / RD anchor,test_053_4473e6f72168,301721597.0,1.4551915228366852e-11,1e-06,PASS,Accepted 5.2.4 historical anchor replay against accepted 5.2.2 MG controller.
5.2.4,lead_aligned_full_rights_historical_anchor,I_L / RD anchor,test_053_4473e6f72168,554911178.0,1.4551915228366852e-11,1e-06,PASS,Accepted 5.2.4 historical anchor replay against accepted 5.2.2 MG controller.
5.2.4,lead_aligned_full_rights_historical_anchor,I_L / RD anchor,test_053_4473e6f72168,1600960620.0,9.094947017729282e-13,1e-06,PASS,Accepted 5.2.4 historical anchor replay against accepted 5.2.2 MG controller.
5.2.4,lead_aligned_full_rights_historical_anchor,I_L / RD anchor,test_054_c66f0b1dacc4,301721597.0,1.4551915228366852e-11,1e-06,PASS,Accepted 5.2.4 historical anchor replay against accepted 5.2.2 MG controller.
5.2.4,lead_aligned_full_rights_historical_anchor,I_L / RD anchor,test_054_c66f0b1dacc4,554911178.0,1.1368683772161605e-13,1e-06,PASS,Accepted 5.2.4 historical anchor replay against accepted 5.2.2 MG controller.
5.2.4,lead_aligned_full_rights_historical_anchor,I_L / RD anchor,test_054_c66f0b1dacc4,1600960620.0,1.4551915228366852e-11,1e-06,PASS,Accepted 5.2.4 historical anchor replay against accepted 5.2.2 MG controller.
5.2.4,lead_aligned_full_rights_historical_anchor,I_L / RD anchor,test_055_f90330578051,301721597.0,1.4551915228366852e-11,1e-06,PASS,Accepted 5.2.4 historical anchor replay against accepted 5.2.2 MG controller.
5.2.4,lead_aligned_full_rights_historical_anchor,I_L / RD anchor,test_055_f90330578051,554911178.0,1.4551915228366852e-11,1e-06,PASS,Accepted 5.2.4 historical anchor replay against accepted 5.2.2 MG controller.
5.2.4,lead_aligned_full_rights_historical_anchor,I_L / RD anchor,test_055_f90330578051,1600960620.0,1.4551915228366852e-11,1e-06,PASS,Accepted 5.2.4 historical anchor replay against accepted 5.2.2 MG controller.
5.2.4,lead_aligned_full_rights_historical_anchor,I_L / RD anchor,test_056_b2c64046cef9,301721597.0,0.0,1e-06,PASS,Accepted 5.2.4 historical anchor replay against accepted 5.2.2 MG controller.
5.2.4,lead_aligned_full_rights_historical_anchor,I_L / RD anchor,test_056_b2c64046cef9,554911178.0,4.547473508864641e-13,1e-06,PASS,Accepted 5.2.4 historical anchor replay against accepted 5.2.2 MG controller.
5.2.4,lead_aligned_full_rights_historical_anchor,I_L / RD anchor,test_056_b2c64046cef9,1600960620.0,1.4551915228366852e-11,1e-06,PASS,Accepted 5.2.4 historical anchor replay against accepted 5.2.2 MG controller.
5.2.4,lead_aligned_full_rights_historical_anchor,I_L / RD anchor,test_057_bf11b8e004e2,301721597.0,1.1368683772161605e-13,1e-06,PASS,Accepted 5.2.4 historical anchor replay against accepted 5.2.2 MG controller.
5.2.4,lead_aligned_full_rights_historical_anchor,I_L / RD anchor,test_057_bf11b8e004e2,554911178.0,1.4551915228366852e-11,1e-06,PASS,Accepted 5.2.4 historical anchor replay against accepted 5.2.2 MG controller.
5.2.4,lead_aligned_full_rights_historical_anchor,I_L / RD anchor,test_057_bf11b8e004e2,1600960620.0,1.4551915228366852e-11,1e-06,PASS,Accepted 5.2.4 historical anchor replay against accepted 5.2.2 MG controller.
5.2.4,lead_aligned_full_rights_historical_anchor,I_L / RD anchor,test_058_fbcfbffca03e,301721597.0,4.547473508864641e-13,1e-06,PASS,Accepted 5.2.4 historical anchor replay against accepted 5.2.2 MG controller.
5.2.4,lead_aligned_full_rights_historical_anchor,I_L / RD anchor,test_058_fbcfbffca03e,554911178.0,1.8189894035458565e-12,1e-06,PASS,Accepted 5.2.4 historical anchor replay against accepted 5.2.2 MG controller.
5.2.4,lead_aligned_full_rights_historical_anchor,I_L / RD anchor,test_058_fbcfbffca03e,1600960620.0,0.0,1e-06,PASS,Accepted 5.2.4 historical anchor replay against accepted 5.2.2 MG controller.
5.2.4,lead_aligned_full_rights_historical_anchor,I_L / RD anchor,test_059_d22925a9593f,301721597.0,1.4551915228366852e-11,1e-06,PASS,Accepted 5.2.4 historical anchor replay against accepted 5.2.2 MG controller.
5.2.4,lead_aligned_full_rights_historical_anchor,I_L / RD anchor,test_059_d22925a9593f,554911178.0,1.4551915228366852e-11,1e-06,PASS,Accepted 5.2.4 historical anchor replay against accepted 5.2.2 MG controller.
5.2.4,lead_aligned_full_rights_historical_anchor,I_L / RD anchor,test_059_d22925a9593f,1600960620.0,1.4551915228366852e-11,1e-06,PASS,Accepted 5.2.4 historical anchor replay against accepted 5.2.2 MG controller.
5.2.4,lead_aligned_full_rights_historical_anchor,I_L / RD anchor,test_060_b3feb9e274c2,301721597.0,1.4551915228366852e-11,1e-06,PASS,Accepted 5.2.4 historical anchor replay against accepted 5.2.2 MG controller.
5.2.4,lead_aligned_full_rights_historical_anchor,I_L / RD anchor,test_060_b3feb9e274c2,554911178.0,4.547473508864641e-13,1e-06,PASS,Accepted 5.2.4 historical anchor replay against accepted 5.2.2 MG controller.
5.2.4,lead_aligned_full_rights_historical_anchor,I_L / RD anchor,test_060_b3feb9e274c2,1600960620.0,4.547473508864641e-13,1e-06,PASS,Accepted 5.2.4 historical anchor replay against accepted 5.2.2 MG controller.
5.2.4,lead_aligned_full_rights_historical_anchor,I_L / RD anchor,test_061_627abde70c26,301721597.0,1.4551915228366852e-11,1e-06,PASS,Accepted 5.2.4 historical anchor replay against accepted 5.2.2 MG controller.
5.2.4,lead_aligned_full_rights_historical_anchor,I_L / RD anchor,test_061_627abde70c26,554911178.0,4.547473508864641e-13,1e-06,PASS,Accepted 5.2.4 historical anchor replay against accepted 5.2.2 MG controller.
5.2.4,lead_aligned_full_rights_historical_anchor,I_L / RD anchor,test_061_627abde70c26,1600960620.0,1.4551915228366852e-11,1e-06,PASS,Accepted 5.2.4 historical anchor replay against accepted 5.2.2 MG controller.
5.2.4,lead_aligned_full_rights_historical_anchor,I_L / RD anchor,test_062_0c9ea14e9507,301721597.0,1.1368683772161605e-13,1e-06,PASS,Accepted 5.2.4 historical anchor replay against accepted 5.2.2 MG controller.
5.2.4,lead_aligned_full_rights_historical_anchor,I_L / RD anchor,test_062_0c9ea14e9507,554911178.0,1.1368683772161605e-13,1e-06,PASS,Accepted 5.2.4 historical anchor replay against accepted 5.2.2 MG controller.
5.2.4,lead_aligned_full_rights_historical_anchor,I_L / RD anchor,test_062_0c9ea14e9507,1600960620.0,1.4551915228366852e-11,1e-06,PASS,Accepted 5.2.4 historical anchor replay against accepted 5.2.2 MG controller.
5.2.4,lead_aligned_full_rights_historical_anchor,I_L / RD anchor,test_063_44f0f2a191ef,301721597.0,4.547473508864641e-13,1e-06,PASS,Accepted 5.2.4 historical anchor replay against accepted 5.2.2 MG controller.
5.2.4,lead_aligned_full_rights_historical_anchor,I_L / RD anchor,test_063_44f0f2a191ef,554911178.0,1.4551915228366852e-11,1e-06,PASS,Accepted 5.2.4 historical anchor replay against accepted 5.2.2 MG controller.
5.2.4,lead_aligned_full_rights_historical_anchor,I_L / RD anchor,test_063_44f0f2a191ef,1600960620.0,0.0,1e-06,PASS,Accepted 5.2.4 historical anchor replay against accepted 5.2.2 MG controller.
5.2.4,lead_aligned_full_rights_historical_anchor,I_L / RD anchor,test_064_27d69866b791,301721597.0,4.547473508864641e-13,1e-06,PASS,Accepted 5.2.4 historical anchor replay against accepted 5.2.2 MG controller.
5.2.4,lead_aligned_full_rights_historical_anchor,I_L / RD anchor,test_064_27d69866b791,554911178.0,1.1368683772161605e-13,1e-06,PASS,Accepted 5.2.4 historical anchor replay against accepted 5.2.2 MG controller.
5.2.4,lead_aligned_full_rights_historical_anchor,I_L / RD anchor,test_064_27d69866b791,1600960620.0,9.094947017729282e-13,1e-06,PASS,Accepted 5.2.4 historical anchor replay against accepted 5.2.2 MG controller.
5.2.4,lead_aligned_full_rights_historical_anchor,I_L / RD anchor,test_065_930038cc16e9,301721597.0,1.4551915228366852e-11,1e-06,PASS,Accepted 5.2.4 historical anchor replay against accepted 5.2.2 MG controller.
5.2.4,lead_aligned_full_rights_historical_anchor,I_L / RD anchor,test_065_930038cc16e9,554911178.0,1.4551915228366852e-11,1e-06,PASS,Accepted 5.2.4 historical anchor replay against accepted 5.2.2 MG controller.
5.2.4,lead_aligned_full_rights_historical_anchor,I_L / RD anchor,test_065_930038cc16e9,1600960620.0,1.4551915228366852e-11,1e-06,PASS,Accepted 5.2.4 historical anchor replay against accepted 5.2.2 MG controller.
5.2.4,lead_aligned_full_rights_historical_anchor,I_L / RD anchor,test_066_28fb87ba4913,301721597.0,1.4551915228366852e-11,1e-06,PASS,Accepted 5.2.4 historical anchor replay against accepted 5.2.2 MG controller.
5.2.4,lead_aligned_full_rights_historical_anchor,I_L / RD anchor,test_066_28fb87ba4913,554911178.0,1.1368683772161605e-13,1e-06,PASS,Accepted 5.2.4 historical anchor replay against accepted 5.2.2 MG controller.
5.2.4,lead_aligned_full_rights_historical_anchor,I_L / RD anchor,test_066_28fb87ba4913,1600960620.0,1.4551915228366852e-11,1e-06,PASS,Accepted 5.2.4 historical anchor replay against accepted 5.2.2 MG controller.
5.2.4,lead_aligned_full_rights_historical_anchor,I_L / RD anchor,test_067_4d46fa716471,301721597.0,1.4551915228366852e-11,1e-06,PASS,Accepted 5.2.4 historical anchor replay against accepted 5.2.2 MG controller.
5.2.4,lead_aligned_full_rights_historical_anchor,I_L / RD anchor,test_067_4d46fa716471,554911178.0,1.4551915228366852e-11,1e-06,PASS,Accepted 5.2.4 historical anchor replay against accepted 5.2.2 MG controller.
5.2.4,lead_aligned_full_rights_historical_anchor,I_L / RD anchor,test_067_4d46fa716471,1600960620.0,1.4551915228366852e-11,1e-06,PASS,Accepted 5.2.4 historical anchor replay against accepted 5.2.2 MG controller.
5.2.4,lead_aligned_full_rights_historical_anchor,I_L / RD anchor,test_068_93da1d4ae1ba,301721597.0,1.1368683772161605e-13,1e-06,PASS,Accepted 5.2.4 historical anchor replay against accepted 5.2.2 MG controller.
5.2.4,lead_aligned_full_rights_historical_anchor,I_L / RD anchor,test_068_93da1d4ae1ba,554911178.0,1.4551915228366852e-11,1e-06,PASS,Accepted 5.2.4 historical anchor replay against accepted 5.2.2 MG controller.
5.2.4,lead_aligned_full_rights_historical_anchor,I_L / RD anchor,test_068_93da1d4ae1ba,1600960620.0,1.4551915228366852e-11,1e-06,PASS,Accepted 5.2.4 historical anchor replay against accepted 5.2.2 MG controller.
5.2.4,lead_aligned_full_rights_historical_anchor,I_L / RD anchor,test_069_5b01ea54b2fa,301721597.0,1.0587911840678754e-22,1e-06,PASS,Accepted 5.2.4 historical anchor replay against accepted 5.2.2 MG controller.
5.2.4,lead_aligned_full_rights_historical_anchor,I_L / RD anchor,test_069_5b01ea54b2fa,554911178.0,1.4551915228366852e-11,1e-06,PASS,Accepted 5.2.4 historical anchor replay against accepted 5.2.2 MG controller.
5.2.4,lead_aligned_full_rights_historical_anchor,I_L / RD anchor,test_069_5b01ea54b2fa,1600960620.0,1.4551915228366852e-11,1e-06,PASS,Accepted 5.2.4 historical anchor replay against accepted 5.2.2 MG controller.
5.2.4,lead_aligned_full_rights_historical_anchor,I_L / RD anchor,test_070_0cd9bcac96c3,301721597.0,1.4551915228366852e-11,1e-06,PASS,Accepted 5.2.4 historical anchor replay against accepted 5.2.2 MG controller.
5.2.4,lead_aligned_full_rights_historical_anchor,I_L / RD anchor,test_070_0cd9bcac96c3,554911178.0,1.4551915228366852e-11,1e-06,PASS,Accepted 5.2.4 historical anchor replay against accepted 5.2.2 MG controller.
5.2.4,lead_aligned_full_rights_historical_anchor,I_L / RD anchor,test_070_0cd9bcac96c3,1600960620.0,1.4551915228366852e-11,1e-06,PASS,Accepted 5.2.4 historical anchor replay against accepted 5.2.2 MG controller.
5.2.4,lead_aligned_full_rights_historical_anchor,I_L / RD anchor,test_071_34f77888383f,301721597.0,1.4551915228366852e-11,1e-06,PASS,Accepted 5.2.4 historical anchor replay against accepted 5.2.2 MG controller.
5.2.4,lead_aligned_full_rights_historical_anchor,I_L / RD anchor,test_071_34f77888383f,554911178.0,1.4551915228366852e-11,1e-06,PASS,Accepted 5.2.4 historical anchor replay against accepted 5.2.2 MG controller.
5.2.4,lead_aligned_full_rights_historical_anchor,I_L / RD anchor,test_071_34f77888383f,1600960620.0,0.0,1e-06,PASS,Accepted 5.2.4 historical anchor replay against accepted 5.2.2 MG controller.
5.2.4,lead_aligned_full_rights_historical_anchor,I_L / RD anchor,test_072_8e59fac0e6c8,301721597.0,1.4551915228366852e-11,1e-06,PASS,Accepted 5.2.4 historical anchor replay against accepted 5.2.2 MG controller.
5.2.4,lead_aligned_full_rights_historical_anchor,I_L / RD anchor,test_072_8e59fac0e6c8,554911178.0,4.547473508864641e-13,1e-06,PASS,Accepted 5.2.4 historical anchor replay against accepted 5.2.2 MG controller.
5.2.4,lead_aligned_full_rights_historical_anchor,I_L / RD anchor,test_072_8e59fac0e6c8,1600960620.0,1.4551915228366852e-11,1e-06,PASS,Accepted 5.2.4 historical anchor replay against accepted 5.2.2 MG controller.
5.2.4,lead_aligned_full_rights_historical_anchor,I_L / RD anchor,test_073_69349232969b,301721597.0,0.0,1e-06,PASS,Accepted 5.2.4 historical anchor replay against accepted 5.2.2 MG controller.
5.2.4,lead_aligned_full_rights_historical_anchor,I_L / RD anchor,test_073_69349232969b,554911178.0,1.4551915228366852e-11,1e-06,PASS,Accepted 5.2.4 historical anchor replay against accepted 5.2.2 MG controller.
5.2.4,lead_aligned_full_rights_historical_anchor,I_L / RD anchor,test_073_69349232969b,1600960620.0,1.4551915228366852e-11,1e-06,PASS,Accepted 5.2.4 historical anchor replay against accepted 5.2.2 MG controller.
5.2.4,lead_aligned_full_rights_historical_anchor,I_L / RD anchor,test_074_212affc962e2,301721597.0,0.0,1e-06,PASS,Accepted 5.2.4 historical anchor replay against accepted 5.2.2 MG controller.
5.2.4,lead_aligned_full_rights_historical_anchor,I_L / RD anchor,test_074_212affc962e2,554911178.0,1.4551915228366852e-11,1e-06,PASS,Accepted 5.2.4 historical anchor replay against accepted 5.2.2 MG controller.
5.2.4,lead_aligned_full_rights_historical_anchor,I_L / RD anchor,test_074_212affc962e2,1600960620.0,4.547473508864641e-13,1e-06,PASS,Accepted 5.2.4 historical anchor replay against accepted 5.2.2 MG controller.
5.2.4,lead_aligned_full_rights_historical_anchor,I_L / RD anchor,test_075_8de4e41c7ad9,301721597.0,1.1368683772161605e-13,1e-06,PASS,Accepted 5.2.4 historical anchor replay against accepted 5.2.2 MG controller.
5.2.4,lead_aligned_full_rights_historical_anchor,I_L / RD anchor,test_075_8de4e41c7ad9,554911178.0,4.547473508864641e-13,1e-06,PASS,Accepted 5.2.4 historical anchor replay against accepted 5.2.2 MG controller.
5.2.4,lead_aligned_full_rights_historical_anchor,I_L / RD anchor,test_075_8de4e41c7ad9,1600960620.0,2.273736754432321e-13,1e-06,PASS,Accepted 5.2.4 historical anchor replay against accepted 5.2.2 MG controller.
5.2.4,lead_aligned_full_rights_historical_anchor,I_L / RD anchor,test_076_48339f21c8ec,301721597.0,1.4551915228366852e-11,1e-06,PASS,Accepted 5.2.4 historical anchor replay against accepted 5.2.2 MG controller.
5.2.4,lead_aligned_full_rights_historical_anchor,I_L / RD anchor,test_076_48339f21c8ec,554911178.0,1.4551915228366852e-11,1e-06,PASS,Accepted 5.2.4 historical anchor replay against accepted 5.2.2 MG controller.
5.2.4,lead_aligned_full_rights_historical_anchor,I_L / RD anchor,test_076_48339f21c8ec,1600960620.0,1.4551915228366852e-11,1e-06,PASS,Accepted 5.2.4 historical anchor replay against accepted 5.2.2 MG controller.
5.2.4,lead_aligned_full_rights_historical_anchor,I_L / RD anchor,test_077_b1f2e84dc844,301721597.0,4.547473508864641e-13,1e-06,PASS,Accepted 5.2.4 historical anchor replay against accepted 5.2.2 MG controller.
5.2.4,lead_aligned_full_rights_historical_anchor,I_L / RD anchor,test_077_b1f2e84dc844,554911178.0,1.4551915228366852e-11,1e-06,PASS,Accepted 5.2.4 historical anchor replay against accepted 5.2.2 MG controller.
5.2.4,lead_aligned_full_rights_historical_anchor,I_L / RD anchor,test_077_b1f2e84dc844,1600960620.0,1.4551915228366852e-11,1e-06,PASS,Accepted 5.2.4 historical anchor replay against accepted 5.2.2 MG controller.
5.2.4,lead_aligned_full_rights_historical_anchor,I_L / RD anchor,test_078_367d379a9297,301721597.0,1.4551915228366852e-11,1e-06,PASS,Accepted 5.2.4 historical anchor replay against accepted 5.2.2 MG controller.
5.2.4,lead_aligned_full_rights_historical_anchor,I_L / RD anchor,test_078_367d379a9297,554911178.0,1.4551915228366852e-11,1e-06,PASS,Accepted 5.2.4 historical anchor replay against accepted 5.2.2 MG controller.
5.2.4,lead_aligned_full_rights_historical_anchor,I_L / RD anchor,test_078_367d379a9297,1600960620.0,4.547473508864641e-13,1e-06,PASS,Accepted 5.2.4 historical anchor replay against accepted 5.2.2 MG controller.
5.2.4,lead_aligned_full_rights_historical_anchor,I_L / RD anchor,test_079_bce06ca59758,301721597.0,1.4551915228366852e-11,1e-06,PASS,Accepted 5.2.4 historical anchor replay against accepted 5.2.2 MG controller.
5.2.4,lead_aligned_full_rights_historical_anchor,I_L / RD anchor,test_079_bce06ca59758,554911178.0,1.1368683772161605e-13,1e-06,PASS,Accepted 5.2.4 historical anchor replay against accepted 5.2.2 MG controller.
5.2.4,lead_aligned_full_rights_historical_anchor,I_L / RD anchor,test_079_bce06ca59758,1600960620.0,0.0,1e-06,PASS,Accepted 5.2.4 historical anchor replay against accepted 5.2.2 MG controller.
5.2.4,lead_aligned_full_rights_historical_anchor,I_L / RD anchor,test_080_e669407a98d7,301721597.0,1.1368683772161605e-13,1e-06,PASS,Accepted 5.2.4 historical anchor replay against accepted 5.2.2 MG controller.
5.2.4,lead_aligned_full_rights_historical_anchor,I_L / RD anchor,test_080_e669407a98d7,554911178.0,1.1368683772161605e-13,1e-06,PASS,Accepted 5.2.4 historical anchor replay against accepted 5.2.2 MG controller.
5.2.4,lead_aligned_full_rights_historical_anchor,I_L / RD anchor,test_080_e669407a98d7,1600960620.0,1.4551915228366852e-11,1e-06,PASS,Accepted 5.2.4 historical anchor replay against accepted 5.2.2 MG controller.
5.2.4,lead_aligned_full_rights_historical_anchor,I_L / RD anchor,test_081_fbbd80304765,301721597.0,4.547473508864641e-13,1e-06,PASS,Accepted 5.2.4 historical anchor replay against accepted 5.2.2 MG controller.
5.2.4,lead_aligned_full_rights_historical_anchor,I_L / RD anchor,test_081_fbbd80304765,554911178.0,4.547473508864641e-13,1e-06,PASS,Accepted 5.2.4 historical anchor replay against accepted 5.2.2 MG controller.
5.2.4,lead_aligned_full_rights_historical_anchor,I_L / RD anchor,test_081_fbbd80304765,1600960620.0,0.0,1e-06,PASS,Accepted 5.2.4 historical anchor replay against accepted 5.2.2 MG controller.
5.2.4,lead_aligned_full_rights_historical_anchor,I_L / RD anchor,test_082_2cf496ac3a99,301721597.0,1.4551915228366852e-11,1e-06,PASS,Accepted 5.2.4 historical anchor replay against accepted 5.2.2 MG controller.
5.2.4,lead_aligned_full_rights_historical_anchor,I_L / RD anchor,test_082_2cf496ac3a99,554911178.0,1.8189894035458565e-12,1e-06,PASS,Accepted 5.2.4 historical anchor replay against accepted 5.2.2 MG controller.
5.2.4,lead_aligned_full_rights_historical_anchor,I_L / RD anchor,test_082_2cf496ac3a99,1600960620.0,1.4551915228366852e-11,1e-06,PASS,Accepted 5.2.4 historical anchor replay against accepted 5.2.2 MG controller.
5.2.4,lead_aligned_full_rights_historical_anchor,I_L / RD anchor,test_083_4cbdde5f376f,301721597.0,1.4551915228366852e-11,1e-06,PASS,Accepted 5.2.4 historical anchor replay against accepted 5.2.2 MG controller.
5.2.4,lead_aligned_full_rights_historical_anchor,I_L / RD anchor,test_083_4cbdde5f376f,554911178.0,4.547473508864641e-13,1e-06,PASS,Accepted 5.2.4 historical anchor replay against accepted 5.2.2 MG controller.
5.2.4,lead_aligned_full_rights_historical_anchor,I_L / RD anchor,test_083_4cbdde5f376f,1600960620.0,1.4551915228366852e-11,1e-06,PASS,Accepted 5.2.4 historical anchor replay against accepted 5.2.2 MG controller.
5.2.4,lead_aligned_full_rights_historical_anchor,I_L / RD anchor,test_084_513eb18f351c,301721597.0,1.4551915228366852e-11,1e-06,PASS,Accepted 5.2.4 historical anchor replay against accepted 5.2.2 MG controller.
5.2.4,lead_aligned_full_rights_historical_anchor,I_L / RD anchor,test_084_513eb18f351c,554911178.0,1.4551915228366852e-11,1e-06,PASS,Accepted 5.2.4 historical anchor replay against accepted 5.2.2 MG controller.
5.2.4,lead_aligned_full_rights_historical_anchor,I_L / RD anchor,test_084_513eb18f351c,1600960620.0,1.4551915228366852e-11,1e-06,PASS,Accepted 5.2.4 historical anchor replay against accepted 5.2.2 MG controller.
5.2.4,lead_aligned_full_rights_historical_anchor,I_L / RD anchor,test_085_650c50514b66,301721597.0,1.4551915228366852e-11,1e-06,PASS,Accepted 5.2.4 historical anchor replay against accepted 5.2.2 MG controller.
5.2.4,lead_aligned_full_rights_historical_anchor,I_L / RD anchor,test_085_650c50514b66,554911178.0,1.4551915228366852e-11,1e-06,PASS,Accepted 5.2.4 historical anchor replay against accepted 5.2.2 MG controller.
5.2.4,lead_aligned_full_rights_historical_anchor,I_L / RD anchor,test_085_650c50514b66,1600960620.0,1.4551915228366852e-11,1e-06,PASS,Accepted 5.2.4 historical anchor replay against accepted 5.2.2 MG controller.
5.2.4,lead_aligned_full_rights_historical_anchor,I_L / RD anchor,test_086_754dc8e1ab0e,301721597.0,1.8189894035458565e-12,1e-06,PASS,Accepted 5.2.4 historical anchor replay against accepted 5.2.2 MG controller.
5.2.4,lead_aligned_full_rights_historical_anchor,I_L / RD anchor,test_086_754dc8e1ab0e,554911178.0,1.4551915228366852e-11,1e-06,PASS,Accepted 5.2.4 historical anchor replay against accepted 5.2.2 MG controller.
5.2.4,lead_aligned_full_rights_historical_anchor,I_L / RD anchor,test_086_754dc8e1ab0e,1600960620.0,1.4551915228366852e-11,1e-06,PASS,Accepted 5.2.4 historical anchor replay against accepted 5.2.2 MG controller.
5.2.4,lead_aligned_full_rights_historical_anchor,I_L / RD anchor,test_087_cbc79ee243dd,301721597.0,2.273736754432321e-13,1e-06,PASS,Accepted 5.2.4 historical anchor replay against accepted 5.2.2 MG controller.
5.2.4,lead_aligned_full_rights_historical_anchor,I_L / RD anchor,test_087_cbc79ee243dd,554911178.0,0.0,1e-06,PASS,Accepted 5.2.4 historical anchor replay against accepted 5.2.2 MG controller.
5.2.4,lead_aligned_full_rights_historical_anchor,I_L / RD anchor,test_087_cbc79ee243dd,1600960620.0,1.4551915228366852e-11,1e-06,PASS,Accepted 5.2.4 historical anchor replay against accepted 5.2.2 MG controller.
